id,airline,origin_user,origin,destination,flight_type,travel_date,rating,review_text
AEA_0001,Air Europa,Desconocido,Palma de Mallorca,Menorca,Domestic,abril de 2026,1,"El 13/04 realizamos una reserva Mallorca–Menorca, confirmada y pagada. Durante la gestión de una incidencia en uno de los vuelos con uno de los pasajeros, nuestra reserva fue cancelada sin nuestro consentimiento, obligándonos posteriormente a realizar una nueva reserva a un precio superior. La atención recibida fue absolutamente nefasta: dos operadores finalizaron la comunicación sin ofrecer solución y la supervisora solo atendió el caso tras una tercera llamada, sin dar explicaciones sobre la cancelación unilateral ni asumir responsabilidades. Mostramos nuestra total inconformidad con la gestión realizada y con un servicio de atención al cliente claramente deficiente e inaceptable."
AEA_0002,Air Europa,Desconocido,Desconocido,Desconocido,Desconocido,abril de 2026,1,"Quiero dejar una reseña muy negativa sobre Air Europa por el vuelo UX1143 (Madrid — Oporto, 11.04.2026, 15:15). La situación fue inaceptable: la tripulación coloca la ropa de abrigo de otras personas en los compartimentos superiores destinados al equipaje de los pasajeros. Como resultado, no hay espacio para las maletas de mano, y la gente se ve obligada a meter sus cosas donde puede o llevarlas en los pies. Además, una de las azafatas, en lugar de ayudar, se puso a discutir conmigo de forma grosera y totalmente inapropiada. Ninguna intención de resolver el problema, solo mala actitud. ¿Por qué la tripulación ocupa espacio que pertenece a los pasajeros? Esto es mala organización y una falta total de respeto. Servicio muy por debajo de lo esperado. Una decepción total."
AEA_0003,Air Europa,"Miami, Florida",Valencia,Miami,International,junio de 2025,1,"Fecha del viaje: 25 de junio de 2025 Ruta: Valencia (España) – Miami (Estados Unidos) Detalles del vuelo: 1. ITINERARIO RESERVADO: 25 de junio 2025 - VLC-MAD - UX4064 - Hora 12h35 (Llegada a Madrid a las 13h30). Retraso de 4.5 horas por el cambio que detallamos a continuación. 25 de junio 2025 - MAD-MIA - UX097 - Hora 14h25 (Llegada a Miami a las 18h45). Retraso de 16 horas por el cambio que detallamos a continuación. 2. PRIMER CAMBIO DE ITINERARIO (MODIFICADO) CAMBIO DE ITINERARIO VLC-MAD-MIA: 25 de junio 2025 - VLC-MAD - UX4064 – Cambio del vuelo del 25 de junio a las 12h35 al vuelo de las 17h08 (Llegada a Madrid a las 18h08). Retraso de 4.5 horas. 26 de junio 2025 - MAD-MIA - UX97 – Cambio del vuelo del 25 de junio a las 14h25 al vuelo del 26 de junio a las 15h25 (Llegada a Miami a las 19h45 un día después). Retraso de 25 horas. 3. SEGUNDO CAMBIO DE ITINERARIO (DEFINITIVO) 25 de junio 2025 - VLC-MAD - UX4064 - Hora 17h08 Retraso de 4.5 horas por el cambio que detallamos a continuación. 25 de junio 2025 - MAD-JFK - UX093 - Hora 19h45 - Cambio del vuelo del 25 de junio a las 14h25 al vuelo de las 19h45 de Madrid al aeropuerto de JFK en New York, en lugar del aeropuerto de Miami. (Llegada al aeropuerto JFK en New York a las 23h00 el 25 de junio 2025). Noche en el aeropuerto de JFK en New York, sin comida ni hotel. Nos dejaron tirados toda la noche, desde las 23h00 del 25 de junio 2025 hasta las 7h00 del día siguiente, 26 de junio 2025. 26 de junio 2025 - JFK-MIA - UX0093 - Hora 7h00 (Llegada al aeropuerto de Miami un día después, el 26 de junio a las 10h00 en lugar de llegar el 25 de junio a las 18h35). Retraso final de 19.5 horas. El retraso total del vuelo fue un retraso de 19.5 horas, lo que provocó importantes perjuicios. Entre ellos, la pérdida de un día laboral; tener que pasar la noche en el aeropuerto JFK sin comida ni alojamiento; la falta de asientos disponibles; y la necesidad de permanecer en un entorno extremadamente incómodo e inseguro debido a que el aeropuerto cierra durante la noche. Esta situación resultó especialmente perjudicial para uno de los pasajeros, diagnosticado con neuropatía desencadenada por tratamiento de quimioterapia por cáncer de páncreas. Nº DE VUELO UX4064 UX97 UX93 DL1528 UX97 FECHA DE VUELO 25-06-2025 25-06-2025 25-06-2025 26-06-2025 26-06-2025 Origen VLC MAD MAD JFK MAD Destino MAD MIA JFK MIA MIA Solicité asistencia y compensación a Air Europa conforme al Reglamento (CE) n.º 261/2004, pero la aerolínea no ha proporcionado una respuesta satisfactoria. De acuerdo con dicho reglamento: Artículo 5 (Compensación en caso de cancelación y grandes retrasos): establece que los pasajeros tienen derecho a compensación cuando llegan a su destino final con un retraso de tres horas o más, salvo que existan circunstancias extraordinarias debidamente acreditadas por la aerolínea. Artículo 7 (Derecho a compensación): fija una compensación de 250 €, 400 € o 600 € en función de la distancia del vuelo. Artículo 8 (Reembolso o transporte alternativo): reconoce el derecho a reembolso o a un transporte alternativo en condiciones comparables. Artículo 9 (Derecho a asistencia): obliga a la aerolínea a proporcionar comida, bebidas, alojamiento en hotel, transporte y comunicación sin coste, en función de la duración del retraso. En mi caso, Air Europa no proporcionó la asistencia exigida por los artículos 7, 8 y 9, ni ha justificado circunstancia extraordinaria alguna conforme al artículo 5. Por tanto, y conforme al artículo 7 del citado reglamento, solicito formalmente la compensación económica correspondiente a este retraso. Hemos presentado cinco (5) reclamaciones ante el departamento de Atención al Cliente a través de la página web de Air Europa, detallando exhaustivamente todo lo ocurrido. Adjuntamos todos los documentos pertinentes: la confirmación de la reserva, las tarjetas de embarque y toda la correspondencia mantenida con la aerolínea. En total, cinco reclamaciones en las que hemos aportado toda la información necesaria para explicar claramente lo sucedido y demostrar que corresponde la compensación mínima de 250 euros por persona para el vuelo VLC–MAD, más 600 euros por persona para el vuelo MAD–MIA. Sin embargo, Air Europa ha negado rotundamente dicha compensación sin ofrecer ningún argumento que lo justifique. Caso de reclamación # 1 referencia RCC-A7MTHRR Fecha registro: 02-07-2025 Estado: Cerrada – Email recibido con denegación de la compensación (sin explicaciones). Caso de reclamación # 2 referencia RCC-AP7EKQZ Fecha registro: 14-10-2025 Estado: Finalizada – Email recibido con denegación de la compensación (sin explicaciones). Caso de reclamación # 3 referencia RCC-A4DCAJM Fecha registro: 02/01/2026 Estado: Finalizada – Email recibido con denegación de la compensación (sin explicaciones). Caso de reclamación # 4 referencia RCC-ACWLCZM Fecha registro: 27/01/2026 Estado: Finalizada – Email recibido con denegación de la compensación (sin explicaciones). Caso de reclamación # 5 referencia RCC-ANJTF9G Fecha registro: 06/02/2026 Estado: Registrada – Pendiente respuesta Es absolutamente inaceptable la falta de seriedad y consideración mostrada por esta empresa. Además, queda en evidencia una falta total de cumplimiento y respeto hacia el Reglamento (CE) n.º 261/2004 y las directrices establecidas por la agencia estatal AESA. UNA FALTA DE RESPETO TOTAL Y ABSOLUTA."
AEA_0004,Air Europa,"Madrid, España",Madrid,La Coruna,Domestic,abril de 2026,1,"Desastroso, dos vuelos y dos retrasos."
AEA_0005,Air Europa,"Nantes, Francia",Carajas,Madrid,International,abril de 2026,1,"Retardo de 12 horas sin mucha información de parte de la aerolínea. Solo después de 6 horas trajeron algo para comer a pesar de que había muchos ancianos y niños esperando . A la llegada a Madrid la persona que nos esperaba con los nuevos vuelos de conexión era muy estresada y mal hablada, mala comunicación todo el tiempo . Al día siguiente en el vuelo de conexión que había perdido, igual retrasó casi de 1 hora sin mucha comunicación de la parte de la tripulación aunque ya estábamos montados en el avión. El vuelo como tal está bien pero el servicio en general es malo"
AEA_0006,Air Europa,Desconocido,Madrid,Barcelona,Domestic,marzo de 2026,1,"Hoy tenía el vuelo de Madrid A Barcelona con AirEuropa, salida a las 12:20. Ponen varios avisos de que vuelo se retrasa a las 12:40 y luego a las 13:06 en la APP Llego a la puerta de embarque, ponía última llamada, la puerta de embarque estaba abierta y estaban entrando las 3 últimas personas. En ese momento me dicen que el vuelo está completo y yo les digo que tengo mi billete. El señor me dice que le han vendido mi billete a otra persona porque he llegado tarde y fue a cerrar rapidamente la puerta de embarque. Yo vi como embarcaban tres personas y a mi no me dejaron. El señor que me atendió me dijo que fuera al mostrador de AirEuropa para que ellos me permitieran el paso y cuando fui me dijeron que solo podían venderme un billete nuevo, volví de nuevo a la puerta de embarque y el señor muy desgradable me dijo que a que volvía allí!? Para entrar en el aeropuerto se necesita un código de barras o seguridad, cómo le puede vender un billete a alguien así tan rápido? No entiendo nada, es algo ilógico esto!!"
AEA_0007,Air Europa,"Puerto Colombia, Colombia",Madrid,Bogota,International,marzo de 2026,1,Todo un lío para abordar el equipaje cobran el peso al doble y además de eso le hacen perder el tiempo a uno con las maletas para que compre más maletas por qué TIENEN QUE SER CUADRADAS Y GRANDES y perdí mi vuelo solo por eso ya había pagado las maletas ahora a esperar 24 horas el próximo vuelo y pague también la multa por cambio de vuelo NO LO RECOMIENDO BARATO PERO NO VALE LA PENA TANTO ESTRES !!!!
AEA_0008,Air Europa,"Madrid, España",Bilbao,Madrid,Domestic,marzo de 2026,1,"Viajé hoy con Air Europa y, al llegar, mi maleta no apareció. He tramitado la reclamación oficial con el código MADUX53012, pero la incertidumbre y la falta de información inmediata no son fáciles de llevar. Mas si cabe, para un trayecto de 50 minutos. Es difícil de entender como es posible extraviar una maleta en un vuelo así, sin escalas, con el origen en un aeropuerto pequeño, etc. Espero que la compañía responda como es debido y localice mi equipaje cuanto antes. De momento, una experiencia de cliente muy decepcionante y frustrante al carecer de información y únicamente poder poner una reclamación. No entiendo como los usuarios podemos permitir que las aerolíneas nos traten así. Si fallo en mi trabajo, me despiden. Así de simple"
AEA_0009,Air Europa,Desconocido,Madrid,Cancun,International,marzo de 2026,1,"Pesima compañía. Te cobran 3 euros por los cascos ( cuando ninguna lo hace). En un vuelo de once horas solo una comida excasa. Los baños oliendo fatal y sin papel. Y después de llamar siete veces a la camarera para por favor que por lo menos nos trajera agua tuvo que levantarse mi marido a por ella porque estaba toda la tripulación de tiempo libre, hablando y riendo en su cabina sin atender a los pasajeros. Un horror"
AEA_0010,Air Europa,Desconocido,Montevideo,Malaga,International,marzo de 2026,1,"Nos cobraron por exceso de equipaje pero esa balanza esta trucada ya que la habiamos pesado en embalaje y nos daba el peso correcto,nos dio 23 y cuando la pesaron ellos 28 kg, ¿como va a haber esa diferencia tan grande cuando la habiamos pesado en el mismo aeropuerto? ademas teniamos la maleta vacia, la apretabas y se hundia ya que no estaba llena, mas encima despues cuando recogimos las maletas 2 de ellas estaban rotas. Una verguenza."
AEA_0011,Air Europa,Desconocido,Madrid,Caracas,International,marzo de 2026,1,El declive de esta aerolínea es impresionante. Suelo viajar 1 o 2 veces por año y en los últimos 2 años he visto el deterioro en su servicio de comidas (mediocre) un vuelo trasantlatico y solo 1 comida y 1 aperitivo. Pagas el servicio de wifi abordo y luego los aviones no disponen e el servicio toca pedir el reembolso. La higiene de los servicios PÉSIMA. La atención de la tripulación es NULA. Contenido de entretenimiento a bordo fatal. Háganse un favor: eviten esta aerolínea
AEA_0012,Air Europa,Desconocido,Vigo,Madrid,Domestic,marzo de 2026,1,"ladrones.. en mi cara.. se me olvidaron los cascos del tlf en el avión.. fui el último en salir.. cuando quise volver después de un minuto a recuperarlos, ya no estaban.. se los llevaron los del personal del avión.. os deseo lo peor.. ladrones"
AEA_0013,Air Europa,Desconocido,Buenos Aires,Rome,International,febrero de 2026,3,"Acostumbrada a viajar a USA con aerolíneas americanas, no me gustó en absoluto Air Europa, poco espacio en clase turista, servicio de comida super básico y mínimo.A la vuelta, el desayuno era un café o té con un muffin. Claramente fue debut y despedida con esta aerolínea."
AEA_0014,Air Europa,Desconocido,Madrid,Caracas,International,marzo de 2026,1,"La oficina principal de Air Europa de España verificó los documentos de ""Service Dog - Perros de Alerta Médica"" y autorizó a la oficina en Caracas-Venezuela, en octubre de 2024, a que dos (2) caninos viajasen en calidad de SVAN en cabina el 26 de noviembre. Ahora, que vamos de regreso a casa saliendo desde Madrid, han denegado a los dos mismos caninos su retorno a Caracas en los próximos días en calidad de SVAN a pesar de haber nosotras escogido esta aerolínea sobre otras varias opciones disponibles precisamente porque ya habían viajado en cabina tras haber hecho los trámites con antelación. Air Europa, MUY INCONGRUENTE E INSENSATAMENTE, ha denegado su retorno a Venezuela en la categoría que ya habían tenido de SVAN, a pesar de contar Air Europa con los registros de la papeleta amarilla de los pasajes de SVAN que envié por correo y comprobantes de la autorización recibida por casa matriz de la aerolínea a ambos cuando vinimos a Madrid en su momento. Los DERECHOS de tránsito y acceso de dos perros estos dos PERROS DE SERVICIO, cuyos boletos están asociados bajo los localizadores asignados, ya de vuelta a su país de origen desde el que volamos con Air Europa así como sus personas asignadas y permisadas de tenencia y uso actual para ALERTA MÉDICA, están siendo violentados por la aerolínea y como tal, seguiremos realizando quejas y reviews negativos ante el proceder insensato, incoherente y que pone en riesgo a quienes necesitan del apoyo de los mismos. Aunado a ello, esta inusitada denegación a mantener la calidad de SVAN en la vía de retorno, ha supuesto cerca de mil euros (1.000 euros) de gastos adicionales entre la compra de dos boletos para viaje en bodega, transportines y demás accesorios relacionados. ¡EXIGIMOS REPOSICIÓN DE CALIFICACIÓN DE SVAN A AMBOS PERROS PARA EL VIAJE MADRID-CARACAS DE ESTE VIERNES, 20 DE MARZO DE 2026!"
AEA_0015,Air Europa,Desconocido,Madrid,Palma de Mallorca,Domestic,marzo de 2026,1,Es una vergüenza que cada viernes el vuelo Madrid-Mallorca a las 19:00h se retrase. Un día se entiende pero cuando es semanalmente el mismo vuelo es claramente una mala gestión de la compañía.
AEA_0016,Air Europa,Desconocido,Bilbao,Madrid,Domestic,diciembre de 2025,1,"Air Europa extravío mi equipaje, volaba a escocia vía Madrid. El equipaje llegó al final de mi viaje [ una semana] . Tuve que incurrir en gastos básicos [ pero muy basicos] y AIR Europa solo me reembolsa la mitad de los gastos y ademas después de tres meses y tener que reclamarlos varias veces. Una vergüenza la verdas. Ademas la una atención pésima. No es la primera vez. Si se puede evitar mejor viajar con otra compañía."
AEA_0017,Air Europa,"Junín, Argentina",Buenos Aires,Paris,International,marzo de 2026,5,"Antes de viajar leí varias reseñas negativas, lo cual me preocupó bastante pero debo decir que el vuelo fue excelente y el personal súper amable. Excelente vuelo!!"
AEA_0018,Air Europa,"Palma de Mallorca, España",Lima,Madrid,International,marzo de 2026,1,"El abordaje y el counter es de la peor experiencia que he tenido hasta ahora, he sentido que el trato recibido es como si me hicieran un favor … cero cortesías y nada de protocolos he sido atendido por un señor grueso de gafas moreno en el counter y también estaba en el abordaje y otra señora de coleta larga morena también con gafas soy viajero frecuente sería ideal les enseñen algo de protocolos y cortesías estas cosas te hacen replantear seguir volando con esta compañía. Gracias"
AEA_0019,Air Europa,Desconocido,Cordoba,London,International,febrero de 2026,1,"Pésimo todo La atención al cliente muy mala. Las personas que atienden el teléfono en el Call center no saben ayudarte en nada, y ni hablar de las personas que estaban en el aeropuerto trabajando para esta compañía Tenía un vuelo a las 13:00 y fui a las nueve de la mañana y me dijeron a las 23:00 de la noche que el vuelo estaba cancelado, durante todo ese día, nadie supo decirme nada, y los empleados nos atendieron de muy mala manera Al día siguiente llamó para ver cómo está la situación del vuelo y me dicen que está todo okey y cuando llego al aeropuerto lo volvieron a cancelar Fui al día siguiente de nuevo a las 23:00 porque a las 03:30 supuestamente tenía el vuelo y terminó saliendo a las 04:30 Pésimo servicio, pésima compañía, nos dieron un voucher para comer un snack a las 19:00 Terrible, espero no viajar más con esta empresa"
AEA_0020,Air Europa,"Córdoba, Argentina",Cordoba,Tel Aviv,International,febrero de 2026,1,El día 18 de febrero cancelaron porque se les rompio el avion. Pero previo a informar eso nos tuvieron 10 horas en el aeropuerto con idas y vueltas. Nos cambiaron el vuelo para el día 19 de febrero sabiendo que ese dia habia paro y obviamente no iban a salir. Ahora estamos intentando saber que va a pasar. NO nos aseguran nada y nos quieren reubicar el dia 28 de febrero. Nos arruinaron las vacaciones. Llamamos 10 veces al telefono de atencion telefonica. Son todos analfabetos sin capacidad de solucion alguna. Solo te responden que no tienen informacion. SI Quieres una empresa seria y que te de respuesta definitivamente no es AIR EUROPA la empresa. NO VUELVO A VIAJAR Y NI RECOMIENDO HACERLO. OJALA SE FUNDAN y PIERDAN TODOS SUS TRABAJOS.
AEA_0021,Air Europa,Desconocido,Palma de Mallorca,Alicante,Domestic,febrero de 2026,1,"Compro un vuelo de ida y vuelta con la tarifa básica con seguro de anulación por si las moscas, por motivo de un familiar pendiente de una operación quirúrgica y tuve que cancelar el vuelo por qué al final se canceló la operación,ya había pedido días de permiso laboral, el seguro una gran basura,llamas para aún explicandoles el motivo y al final no se devolvía importe porque no lo cubría,entonces que me están vendiendo? igual que la compañía aérea no te devuelven el dinero, o mejor dicho un robo en toda la cara,llamas por teléfono y te atienden personal que hablan como si estuvieran máscando chicle y de forma muy borde eso sí ,esto no va a queda asi, eso es robar,"
AEA_0022,Air Europa,Desconocido,Madrid,Caracas,International,enero de 2026,1,"Cancelaron mi vuelo a Caracas desde Madrid, dejando mi reserva de regreso.Tengo otros vuelos reservados para este viaje. Aerolínea no profesional."
AEA_0023,Air Europa,Desconocido,Porto,Panama City,International,enero de 2026,1,"Un avíon 787 con la pésima configuración de asientos americanos, donde no caben tus piernas. Un vuelo de casi 11 horas y una sola comida constituida por 1/4 de pecho de pollo, una cucharada de puré de patatas y 4 trozitos de vainitas. Durante el vuelo, más nada, ni agua . La tripulación posiblemente desmotívada, no se veía por ningún lado. Solo aparecen cuando deben circular con sus carritos vendiendo agua y cigarrillos. Air Europa es una porquería de aerolínea Low Cost intercontinental. Jamás volveré a viajar en esta basura de aerolínea !"
AEA_0024,Air Europa,"Buenos Aires, Argentina",Madrid,Buenos Aires,International,enero de 2026,1,"Si bien el servicio se prestó en horario, la calidad y atención del mismo fueron deficientes. Los asistentes de vuelo tratan muy mal y son muy prepotentes. La limpieza de los baños y del avion en general deja mucho que desear. Tanto en el vuelo de ida (UX42) como en la vuelta fueron similares. Ni hablar del servicio de abordo (comidas). Realmente malos. No vuelvo a volar por esa aerolínea."
AEA_0025,Air Europa,Desconocido,Madrid,Barcelona,Domestic,enero de 2026,1,"Retraso en el vuelo, para un viaje de 1h, se dan cuenta que el avion tiene una averia antes de despegar, porque no lo miran antes? vergonzoso"
AEA_0026,Air Europa,Desconocido,Las Palmas de Gran Canaria,Salvador,International,noviembre de 2025,1,"Mi viaje con Air Europa estuvo marcado por una cadena de fallos graves: imposibilidad de realizar el check-in online por errores del sistema, emisión incorrecta de tarjetas de embarque en el aeropuerto, retraso del vuelo que puso en riesgo una conexión intercontinental garantizada y ausencia total de reubicación efectiva. Ante la falta de soluciones por parte de la compañía, me vi obligada a adquirir por mi cuenta un vuelo alternativo para no perder el viaje. Posteriormente, mis vuelos de regreso fueron cancelados automáticamente sin notificación, generando una situación de gran inseguridad e incertidumbre a pocos días del retorno. La respuesta posterior del servicio de atención al cliente se limitó a mensajes genéricos, sin asumir responsabilidades ni ofrecer compensación conforme al Reglamento (CE) 261/2004. Una experiencia que evidencia una clara falta de control operativo, asistencia al pasajero y gestión de incidencias. No volvería a volar con esta compañía."
AEA_0027,Air Europa,Desconocido,Vigo,Havana,International,enero de 2026,1,"Pésima experiencia con esta compañía. Lástima no haber leído antes los comentarios, sobre todo por la incomodidad de los asientos. Es imperdonable que en un vuelo de 9 horas vayas con las rodillas pegando en el respaldo del asiento delantero. No puedes desplegar la bandeja porque chica con tu cuerpo, y eso sin estar abatido el asiento delantero. Vergonzoso. Comida insuficiente, retrasos en todos los vuelos. En fin, es la última vez que me viajo en esta compañía."
AEA_0028,Air Europa,Desconocido,Bogota,Madrid,International,enero de 2026,2,"Tuve tres vuelos con Air Europa para viajar y ver a mi familia en las fiestas. En los tres vuelos el vuelo salió retrasado una hora. Es horrible porque los que tienen vuelos de conexión, con toda seguridad pierden sus vuelos. No especificaron porque los tres vuelos salieron con una hora de retraso. Ninguna explicación ni disculpa, me hace pensar que lo hacen para que las personas no cpmpren vuelos con horarios mas tarde de lo habitual. Sinceramente si ponen una hora de salida, se debe respetar la hora de salida. Otra cosa que no me gustó es que en este vuelo UX194 sirvieron la comida a las 3 horas de viaje. El vuelo salió a las 10pm de Bogotá era medianoche y era para dormir. Ellos a la 1 de la mañana estaban sirvieron la comida. No logré dormir con la gente pasando por los pasillos, con todo ese movimiento en el avión. Hay que respetar la zona horaria del país de donde sales en este caso de Colombia y no servir la comida en base al horario de España que eran las 6:30 am, y el vuelo llegaba el 3 de enero a la 1 de la tarde. Si no comia la comida, muy probablemente me iba a quedar sin comer durante el viaje. Otra cuestión que no me gustó es que venden los auriculares a 3 euros cuando antes las aerolíneas los regalaban. Me parece el colmo sacarle dinero a todo. Le dí el chance a esta aerolínea para viajar por encima de Iberia y Turkish pero estas dos cosas principales deben cambiarse: el horario de servir la comida y no retrasar el vuelo cuando ya hay una hora marcada para salir."
AEA_0029,Air Europa,Desconocido,Venice,Sao Paulo,International,febrero de 2025,1,"Será posible que pagando lo que cobran no te den ni comida? asco de rata de compañia, te dan servicios low cost y te cobran como aerolineas normales, espero quebreis."
AEA_0030,Air Europa,"Medellín, Colombia",Medellin,Madrid,International,octubre de 2025,1,"El servicio es pésimo, las azafatas son groseras y agredieron a una señora q8e estaba a nuestro lado, fué una experiencia muy aterradora."
AEA_0031,Air Europa,Desconocido,Madrid,Buenos Aires,International,enero de 2026,1,"La empresa en su totalidad es un desastre: empezando por el lounge, siguiendo por los servicios que terciarizan y finalmente la condicion del avion y ni hablar del 'menu'"
AEA_0032,Air Europa,Desconocido,Istanbul,Las Palmas de Gran Canaria,Europe,diciembre de 2025,1,"Maleta rota por @AirEuropa y como compensación me dan una maleta cutre, no me sirve para nada y me tengo que comprar una maleta nueva. He reclamado varias veces y siguen sin ofrecer una solución equivalente ni compensación. Pésima gestión y cero responsabilidad."
AEA_0033,Air Europa,Desconocido,Palma de Mallorca,Alicante,Domestic,enero de 2026,2,"En realidad Air Europa no me disgusta, pero estoy realmente harta de que el vuelo de las 18.55 hs Mallorca - Alicante (ux 4026) este siempre atrasado. Lo utilizo con bastante frecuencia y es una constante. Si no pueden cumplir los horarios, no se pueden modificar a algo más realista? A todo esto pierdo la colección con el autobús q me lleva a mi ciudad. Por favor a ver si podemos hacer algo!!!!"
AEA_0034,Air Europa,Desconocido,Alicante,Madrid,Domestic,diciembre de 2025,3,"Volé a Madrid para coger el vuelo a Cuba al día siguiente. Mi equipaje facturado no llegó a Madrid desde Alicante, me fui para cuba con la seguridad que me dieron de enviarla a mi destino y jamas la mandaron. Ahí iban todas las cosas que yo le llevaba a mi mamá. En cuba no hay nada. Y quise llevarle cosas para alegrarla un poquito. Muchas cosas personales también estaban ahí. Recogí la maleta en Alicante a mí regreso, llena de las cosas que compré, del dinero que invertí, del amo con que la preparé en fin, ahora le voy a reclamar una compensación porque es su obligación y responsabilidad"
AEA_0035,Air Europa,Desconocido,Madrid,Buenos Aires,International,noviembre de 2025,1,"¡¡¡NO LOS RECOMIENDO!!! Compramos los boletos aéreos 3 meses antes de viajar y cuando fuimos a tomar el vuelo de regreso Madrid/Argentina habían sobrevendido nuestros lugares! No se hicieron cargo del manoseo, ninguneo y la falta absoluta de respeto. No escucharon nuestro argumento de por qué necesitábamos tomar sí o sí ese vuelo que habíamos adquirido de buena fe 3 meses atrás. NO pudimos asistir al cumpleaños de nuestra hija! Teníamos vuelo para el 21/11/2025 planeado para llegar a Argentina el día 22/11. Nos tuvieron 48 horas en un hotel económico en medio de una zona industrial próximo al aeropuerto, lleno de gente en nuestra misma situación. YA TIENEN TODO ARMADO. No nos pospusieron el vuelo por unas horas sino por 48 HORAS porque las próximas salidas también estaban sobrevendidas. Al día de hoy se niegan a resarcirnos económicamente por TODO EL DAÑO QUE NOS OCASIONARON. Nos faltaron al respeto, se burlaron de nosotros, MINTIERON. Nos prohibieron subir al avión como si fuésemos delincuentes sin ningún tipo de explicación, más que: NO HAY LUGAR PARA USTEDES. Son impresentables! Nadie de la aerolínea presente en el momento del embarque, solo personal aeroportuario que te trata como si fueras una basura. Horas de trámites en la madrugada para nada. Para trasladarte a ese hotel en una zona intransitable. MALEDUCADOS, IRRESPETUOSOS, IRRESPONSABLES. Nuestra PEOR experiencia de vuelo."
AEA_0036,Air Europa,"Miami, Florida",Valencia,Miami,International,junio de 2025,1,"“Persistente ausencia de respuestas fundamentadas tras más de quince intercambios de correo electrónico. El servicio de atención al cliente ha resultado insatisfactorio, evidenciando una falta de análisis detallado y consideración hacia nuestra reclamación, presentada a finales de junio de 2025.” Adjuntamos el detalle de todos los cambios ya que no los tuvieron en cuenta: 1. ITINERARIO RESERVADO: 25 de Junio 2025 - VLC-MAD - UX4064 - Hora 12h35 25 de Junio 2025 - MAD-MIA - UX097 - Hora 14h25 2. PRIMER CAMBIO DE ITINERARIO (MODIFICADO (2 VECES) CAMBIO DE ITINERARIO VLC-MAD-MIA 25 de Junio 2025 - VLC-MAD - UX4064 - Hora 17h08 26 de Junio 2025 - MAD-MIA - UX97 - Hora 15h25 (un día después) 3. SEGUNDO CAMBIO DE ITINERARIO 25 de junio 2025 - VLC-MAD - UX4064 - Hora 17h08 25 de junio 2025 - MAD-JFK - UX093 - Hora 19h45 26 de junio 2025 - JFK-MIA - UX0093 - Hora 7h00 Llegada a Miami un día después. Escala, vuelo de conexión en el aeropuerto JFK de 8 horas desde las 23h00 del 25 de junio hasta las 7h00 del día 26 de junio 2025. FALTA TOTAL DE ASISTENCIA DEL PERSONAL DE AIR EUROPA EN EL AEROPUERTO DE JFK. Una hora de espera para que alguien viniese a informarnos de que no había hotel para nosotros. El piloto del avión, al aterrizar, menciona nuestros nombres, informándonos de que alguien de Air Europa nos estaba esperando en la zona de equipajes. 8 HORAS EN EL AEROPUERTO DE JFK, desde las 23h00 hasta las 7h00 SIN ASIENTOS PARA PODER SENTARSE NI NADA PARA COMER, TODO CERRADO, TRAS ESPERAR 5 HORAS EN EL AEROPUERTO DE VALENCIA LA MISMA MAÑANA."" Nuestro caso se cerró sin nuestra autorización y sin respetar lo establecido en el Reglamento (CE) Nº 261/2004. No se presentó ningún argumento por su parte ni se hizo referencia alguna a dicho reglamento que justifique la decisión de no otorgar compensación. La normativa europea que regula la compensación por vuelos retrasados o cancelados es el Reglamento (CE) Nº 261/2004. Según esta ley, los pasajeros tienen derecho a compensación salvo en casos de “circunstancias extraordinarias” que eximen a la aerolínea. Esta información ha sido confirmada por la Agencia Estatal de Seguridad Aérea (AESA). Aquí les explico con más detalle cómo funciona esta normativa y qué condiciones deben cumplirse para que la compensación sea válida: ¿Qué cubre el Reglamento (CE) Nº 261/2004? Este reglamento aplica a: - Vuelos que parten de un aeropuerto en la UE, independientemente de la aerolínea. - Vuelos que llegan a la UE desde fuera, si son operados por una aerolínea europea. Los derechos incluyen: - Compensación económica (hasta 600 €) por cancelaciones o retrasos de más de 3 horas. No hemos recibido la compensación establecida por la normativa. - Asistencia (comida, alojamiento, transporte). Asistencia nula en el aeropuerto de New York, en JFK, desde que llegamos a las 23h00 hasta las 7h00 del día siguiente, hora a la que nos reservaron un vuelo de New York a Miami, nuestro destino final, donde llegamos un día después. - Reembolso o transporte alternativo si el vuelo se cancela. Si, según ustedes, la compensación no aplica, la respuesta adecuada de la aerolínea debe ser clara y debe incluir lo siguiente: - Citar el Reglamento 261/2004 como base legal. Air Europa nunca aportó explicación alguna. Air Europa nunca contestó. - Explicar con detalle qué circunstancia concreta impidió la compensación. - Proporcionar pruebas. - Indicar todo aquello que soporte su equivocada decisión. Al no recibir esta información, tenemos el derecho a exigirla. Así pues, solicitamos lo siguiente: - Una revisión formal de la decisión. - La normativa europea donde refleje que la compensación no procede. Sus respuestas carecen de fundamento y no reflejan el nivel de atención que se espera de un Servicio de Atención al Cliente. Este tipo de respuestas resultan poco profesionales. He trabajo en dirección de empresas hoteleras y he sido directora de hotel durante 15 años, contando con más de 25 años de experiencia en la industria hotelera en diferentes paises. Por ello, me resulta inaceptable y vergonzoso recibir respuestas de este tipo. Las empresas serias comprenden que, cuando su servicio falla, deben contar con un presupuesto destinado a compensaciones, como parte de su compromiso con la satisfacción del cliente. Respuesta # 3 recibida el 20 de noviembre de 2025: Le informamos que, de acuerdo con este caso hemos recibido anteriormente otro escrito, el cual ya fue contestado, por lo que debemos reiterar los comentarios que realizamos en dicho escrito. Atentamente, Dpto. Relaciones con los Clientes Respuesta # 2 recibida el 5 de agosto de 2025: Lamentamos nuevamente todos los hechos ocurridos, no obstante, después de la revisión pormenorizada del expediente, sentimos comunicarle que debemos reiterar lo expuesto en nuestro anterior informe. Asimismo, rogamos nos facilite las facturas correspondientes a los gastos que le haya podido ocasionar dicha situación, para poder verificar y continuar con la gestión de su caso. En nombre de Air Europa, gracias por sus comentarios y esperamos poder darle nuevamente la bienvenida a bordo. Atentamente, Dpto. Relaciones con los Clientes Respuesta # 1 recibida el 29 de junio de 2025: Permítame presentarme, soy XXXXdel Dpto. Relaciones con los Clientes, por la presente me dirijo a usted en relación a nuestros vuelos: · UX4064 VLC-MAD 25/06/2025 · UX97 MAD-MIA 25/06/2025 Lamentamos sinceramente que su vuelo no pudiera salir a la hora prevista y todos los inconvenientes creados por dicho retraso, que fue debido a una deficiencia inesperada incompatible con la seguridad en vuelo en una escala anterior. Podemos asegurarle que Air Europa se esfuerza al máximo en agilizar y minimizar los efectos creados por los retrasos, haciendo todo lo que está en nuestras manos por efectuar la salida lo más rápido posible, manteniendo informados a los pasajeros en todo momento a través de los mecanismos habituales del aeropuerto y siendo atendidos por nuestro personal. Sin embargo, en ocasiones hay factores que escapan a nuestra maniobrabilidad y obligan a la compañía a alterar su operativa, en contra de nuestros deseos e intereses. Le informamos que en estos casos la compañía ofrece asistencia a los pasajeros durante la espera hasta la salida del vuelo en función del tiempo de espera dependiendo de los km de vuelo y del país de salida del vuelo afectado, de acuerdo a la normativa aplicable en cada caso. Sentimos que perdiera un transporte posterior. En caso de que se trate de un vuelo conexionado en el mismo billete, el personal de la Compañía hace lo posible para transportarle a su destino final, ofreciéndole asistencia hasta la salida del vuelo de acople ofrecido, independientemente de las causas que motivaron esta pérdida de conexión. En nombre de Air Europa, gracias por sus comentarios y esperamos poder darle nuevamente la bienvenida a bordo. Atentamente, Dpto. Relaciones con los Clientes"
AEA_0037,Air Europa,Desconocido,Buenos Aires,Madrid,International,noviembre de 2025,1,"La peor aerolínea para viajar a Europa. Espacios reducidos en las butacas, baja calidad en la atención del personal del avión. Reclamamos el estado en que recibimos dos valijas al regreso, y demoraron más de un mes en responder que no nos iban a dar curso al reclamo, por no haberlo realizado en el momento de recibir las valijas. Una muy mala experiencia que no le recomiendo a nadie."
AEA_0038,Air Europa,Desconocido,Madrid,Santo Domingo,International,diciembre de 2025,1,"Experiencia nefasta, no volveré a repetir con esta compañía. Hemos perdido una maleta, hicimos la reclamación pertinente en el aeropurto de llegada y no hemos obtenido respuesta. Hemos contactado por teléfono y simplemente nos facilitan ninguna informacion ningún número, y colgando la llamada en multiples ocasiones. La verdad, a veces vale la pena pagar un poco mas y viajar con otras compañias de mas prestigio."
AEA_0039,Air Europa,Desconocido,Madrid,Zurich,Europe,octubre de 2025,1,"Tuve una experiencia pésima con Air Europa. Durante mi viaje, la aerolínea me devolvió la maleta rota, y a pesar de seguir todos los pasos del proceso de reclamación, no recibí ningún tipo de reembolso ni solución por parte de la compañía. La atención al cliente fue lenta y poco útil, y en ningún momento mostraron intención real de hacerse responsables del daño causado."
AEA_0040,Air Europa,"Torroella de Montgrí, España",Barcaldine,Miami,International,noviembre de 2025,1,En madrid nos hicieron caminar media hora cargados con las mochilas no nos dió tiempo a comer y en el vuelo de 9 h nos dieron una pequeña comida con lo que nos costó el vuelo no dieron auriculares eran de pago a la vuelta habia turnulencias y suspendieron el desayuno .pasadas las turbulencias no lo retomaron y nos quedamos sin un cafe despues de 9 h en el avion habia un azafato que tenia muy mal semblante te daba el agua con muy poca gracia he viajado a EEUU otras veves com otras compañias y nada que ver Al regreso en Madrid nos tuvieron en una escalera pasaneo frio mas de media hora si puedo NUNCA MAS!
AEA_0041,Air Europa,Desconocido,Rome,Cordoba,International,noviembre de 2025,5,Muy bueno. Pagar por los auriculares me parecio mucho. Pero visto que después de la pandemia los precios han aumentado y air europa te da oportunidad de viajar a América latina manteniendo los precios anteriores al 2020. Por ésta razón doy una buena opinión a Aireuropa y aconsejaría a mis conocidos de tomar un avión con esta compañía.
AEA_0042,Air Europa,"Madrid, España",Tel Aviv,Madrid,International,marzo de 2025,1,"Llevo desde el mes de junio intentando recibir las facturas correspondientes a dos vuelos realizados en marzo y junio. Las facturas se emitieron con errores y, a día de hoy, 25 de noviembre, aún no he recibido una versión correcta. Cada vez que contacto con el servicio de atención al cliente, tanto por teléfono como por chat, únicamente se me indica que las facturas “están en proceso” y que vuelva a contactar pasadas dos semanas si no las he recibido. Llevo meses en esta situación sin que se me ofrezca ninguna solución real. He presentado ya dos reclamaciones formales y, en ambas ocasiones, la respuesta ha sido simplemente redirigirme a los canales habituales de solicitud de facturas, como si no hubiera dejado claro que ya he solicitado dichos documentos en numerosas ocasiones. Es totalmente lamentable este trato al cliente, más aún teniendo en cuenta que recibir la factura es un derecho básico del consumidor. Hago este trayecto cada dos meses y por suerte Iberia ha reabierto esta ruta y puedo evitarme estos problemas con Air Europa cada vez que necesito una factura. Si por cualquier motivo necesitas una factura de tu vuelo, recomiendo no elegir Air Europa y optar por otras con un mejor servicio de generacion de facturas automatica desde la web (Iberia las emite en cuestion de minutos) y atencion al cliente"
AEA_0043,Air Europa,Desconocido,Buenos Aires,Madrid,International,octubre de 2025,1,"Pésimo servicio. Tuvimos una demora de tres horas por un problema a bordo y ni siquiera nos ofrecieron algo de tomar. Si alguien tenia hambre o sed, debua comprar. Ni conexión para avisar a nuestras familias del inconveniente tuvimos (de hecho, mi hija estaba asustada siguiendo el vuelo, sin entender por qué había aterrizado en Brasil). Cuando al fin nos dieron el desayuno, al llegar a mi asiento ya no había elementos para revolver el café, no pude tomarlo. La comida, muy mala. Todo lo cobran, hasta los auriculares que las demás líneas regalan. Y hasta ofrecen, mediante un pago extra de 25 euros, poder embarcar antes para tener lugar en los contenedores para el equipaje de cabina. Siempre creí que era un derecho llevar un bolso de mano a bordo. En fin, no volveré a viajar con ellos."
AEA_0044,Air Europa,España,Barcelona,Santiago de los Caballeros,International,noviembre de 2025,1,"Solitamente viajo con Iberia a Santo Domingo pero he visto que Air Europa viaja a Santiago que es más cómodo para mí y he volado con ellos. Pues prefiero llegar a Santo Domingo y hacer 2 horas de coche para llegar a Santiago que volver a ser cliente Air Europa. Vuelo Barcelona Madrid con más de 500 pasajeros, llegados a Madrid desembarque con bus habiendo lluvia. Luego ha sido mi primera vez en la vida que un vuelo intercontinental de más de 500 pasajeros se haga embargue también con bus (y la misma lluvia) con demora de salida de más de 2 horas. Cuando después uno cree que puede relajarse y disfrutar del vuelo empieza lo peor: comida mala y esasa a elegir pasta o pollo, la pasta cruda, el pollo en teoría con puré que era solo una pechuga entera con tomate y nada de puré. Antes de llegar nada. Durante el viaje baños constantemente sucios. Lo siento por ellos ser duro pero es la realidad y o creo que le toca ponerse las pilas"
AEA_0045,Air Europa,España,Bogota,Madrid,International,noviembre de 2025,2,"Tenía asistencia por lo que fui una de las primeras en abordar, el baño no tenía jabón y olía mal eso era lo que habia para un vuelo de 9 horas, la comida de baja calidad y escasa y no fue el billete más económico lo cogimos por comodidad horaria que tampoco salió bien"
AEA_0046,Air Europa,"Provincia de Pontevedra, España",Vigo,Madrid,Domestic,noviembre de 2025,1,"Soy TCP de otra compañia aerea y hoy con cantidad de asientos libres, el comandante decidio que entrasen 3 TCP de Air Europa y a mi me dejo rn tierra."
AEA_0047,Air Europa,Desconocido,Madrid,Palma de Mallorca,Domestic,noviembre de 2025,1,"Se está convirtiendo en Ryanair. De 4 viajes realizados, inclusive este, 4 retrasos. Es decir un 100% de retrasos! Este especialmente mal. Hemos pasado la puerta de embarque en hora adecuada. Una vez dentro nos han hecho esperar una hora en el finger. A continuación nos han sacado fuera de la puerta de embarque porque ha llegado el avión lleno de pasajeros. Seguimos esperando. Se supone que llegaríamos en 20 minutos a nuestro destino y seguimos a fuera del embarque. Taché a Ryanair para siempre por esto mismo. Ahora toca tachar Air Europa. Next!!"
AEA_0048,Air Europa,Caribe,Madrid,Miami,International,noviembre de 2025,1,"Que esperas? Es la respuesta recurrente de casi todos los personajes del vuelo de hoy 13 noviembre 2025, hora 3:25pm de Madrid a miami. Las peores personas y servicio que e visto en mi vida , cuando les reclame su mal trato, su falta de educación, y despotismo salvaje me decían --- que esperas ?? Que todos te digamos buen dia ? El colmo de la ineficiencia , es que ellos no te den los buenos dias y encima te digan que no lo tienen que hacer, No sólo no hicieron su trabajo , encima tratan mal a los clientes, se burlan de las solicitudes, adultos con discapacidad en espera de la asistencia por horas y ellos con desprecio y malas ganas dando malas contestas y gritando, mi hija y madre tuvieron que ir a la oficina para hacer la queja oficial, donde estan los supervisores y directivos?? Yo no voy a parar con esta queja , lo que ese grupo de salvajes le hicieron a mi hija y madre va llegar lejos. Nunca viajen con Air Europa la PEOR DE las areolineas"
AEA_0049,Air Europa,"Salamanca, España",Madrid,Tenerife,Domestic,noviembre de 2025,1,"Lamentable, viaje de trabajo, retraso en la ida que me hizo perder un segundo vuelo. Y retraso en la vuelta de una hora. En ambos mala organización para subir al avión, paseos interminables en autobús por la pista..."
AEA_0050,Air Europa,Desconocido,Madrid,Carajas,International,noviembre de 2025,1,"ahora dan 1 servicio de comida de la cual la porción es ridícula, para un vuelo de más 8 horas, son unos miserables, un desastre a la hora de abordar, no organizan por grupos y se congestiona todo, patetico"
AEA_0051,Air Europa,"Lisboa, Portugal",Quito,Madrid,International,noviembre de 2025,1,"Los asientos son incómodos y con muy poco espacio para estirar las piernas. Te piden tres euros para darte unos auriculares birriosos, si no los pagas olvídate de poder ver una película. Comida escasa para un vuelo de once horas (un vaso de agua, una magdalena y cuatro trozos de pollo). Y como broche final estuvimos más de una hora para poder recoger la maleta. En fin, un precio muy caro para un servicio malísimo. Si puedes permitírtelo viaja con cualquier otra compañía."
AEA_0052,Air Europa,Desconocido,Malaga,La Coruna,Domestic,octubre de 2025,1,"Pero que con Ryanair (y creo que es mucho decir), a la ida Málaga- Madrid la compañía nos cambió la puerta de embarque 4 veces, salimos con casi 2 horas de retraso y no perdí mi vuelo de conexión de milagro. Y a la vuelta Madrid-Málaga casi una hora subidos en el avión y sin despegar. Primera y última vez que viajo con Air Europa, una absoluta vergüenza."
AEA_0053,Air Europa,Desconocido,Panama City,Madrid,International,octubre de 2025,1,"En 10 horas de vuelo solo te dan un plato de comida y un vaso de agua, vergonzoso. Además, hay pantallas para poder ver películas pero ni siquiera te dan auriculares, te cobran 3€ por cada uno. El espacio que tienes para estirar las piernas es inexistente, y como el de alante eche el asiento hacia atrás te dan las rodillas en el asiento."
AEA_0054,Air Europa,Desconocido,Buenos Aires,Amsterdam,International,octubre de 2025,1,"Pésima aerolinea, nuca más vuelvo a comprar boleto con air europa, cobra como aerolinea normal, pero luego ofrece servicio de low cost. Te cobran el desayuno, la comida es minuscula e insipida. Hasta te cobran los auriculares en un vuelo de 12 horas, donde cuesta hasta que te den agua. PESIMA aerolinea, no vuelen por ahi."
AEA_0055,Air Europa,"Bilbao, España",Madrid,Munich,Europe,agosto de 2025,2,"Hora de salida programada 15h y hora final de salida 18.50h. Origen Madrid y destino Munich. Íbamos dos adultos y dos niños de 7 y 9 años. Hemos estado 3.50h encerrados en el avión sin despegar, sin comida y para beber sólo dos vasos de agua; hemos estado en el avión sin el aire puesto durante las 3.50h; hemos llegado tarde al hotel que teníamos reservado, había cerrado la recepción y nos hemos encontrado a la 1 de la madrugada con dos niños en la calle sin sitio para dormir y perdiendo el dinero pagado; hemos tenido que pagar 220 euros adicionales por el único hotel que hemos encontrado abierto. La única respuesta de Air Europa "" lo sentimos, no volverá a repetirse""."
AEA_0056,Air Europa,"Santa Teresita, Argentina",Buenos Aires,Zurich,International,abril de 2025,1,"pesimo servicio a bordo te tratan muy mal todo es espantodo , en dos vuelos identicos me perdieron la maleta ,la comida es incomible mejor que no den nada"
AEA_0057,Air Europa,Desconocido,Madrid,Venice,Europe,septiembre de 2025,1,"Pésima aerolínea, me perdieron la maleta en un viaje directo, corto, sin escalas y no iba lleno...Te cobran por todo, pagué mi tarifa del equipaje, el cual no llegó, te hacen ir a la oficina de lost & found( donde no les importa mucho, meten según tu reporte y te mencionan que se harán responsables, por todos los gastos de primera necesidad, ocasionados al haberte dejado sin equipaje). Me di cuenta que pasa mucho este problema, con esta aerolínea ya que había más personas del mismo vuelo, que tampoco habían llegado, sus maletas. Dos semanas después me regresan mi maleta, con faltantes y cosas rotas. Hasta ahora no me han reembolsado, ninguna factura de mis gastos, solo me dan largas o no me contestan. Primera y única vez que viaje con ellos, son muy incompetentes."
AEA_0058,Air Europa,Desconocido,Barcelona,Cancun,International,agosto de 2025,1,"Horrible. Nos robaron más de 900€ en cosas por maleta y nos rompieron las maletas y no hacen nada. Cada vez que llamamos para pedir respuesta nos dan largas y ninguna solución ni explicación. La respuesta que nos dieron; 100€ por el hurto y la maleta rota. Al reclamar, ya que no cubre ni el coste de la maleta, nos dijeron que no cambiaran su valoración, que lo que nos ofrecían era lo suficiente. Nunca más volaremos con ellos y les advierto que tampoco lo hagan ustedes."
AEA_0059,Air Europa,"Vitoria-Gasteiz, España",Madrid,Tenerife,Domestic,octubre de 2025,1,"De todas las aerolíneas con las que he viajado y considero que no son pocas, Air Europa es la peor con bastante diferencia a la segunda que es Ryanair. Espacio pauperrimo. Vas totalmente encogido y acabas con unos dolores tremendos y ya para colmo al llevar la mochila debajo es totalmente imposible maniobrar, sacar el móvil del bolsillo o incluso leer un folleto es una tarea complicada ya que el espacio roza la ilegalidad. Y hablo de un viaje de 2:50 de Madrid a Tenerife Norte, pues imagínate en la anterior ocasión que veníamos desde abu dabhi a Madrid 7 horas y pico con esta compañía. Un suplicio. Este viaje de Abu Dabhi era de Etihad pero era operado por Air Europa cuando me enteré me llevé un disgusto tremendo, porque las comparaciones son odiosas. Fijate el nivel de esta compañía que todos los auriculares, mantas y comida eran de Etihad porque esta aerolínea no tiene ni una triste manta. Pena que rescataran de la quiebra a esta pésima aerolínea española. Nada recomendable, busquen otra alternativa."
AEA_0060,Air Europa,Desconocido,Buenos Aires,Madrid,International,octubre de 2025,1,"Realmente la experiencia de viajar por Air Europa fue pésima. Primera y última vez que viajo por esta aerolínea. Los asientos son súper incómodos y chicos. Te cobran los auriculares. La comida es escasa y encima te cobran el desayuno (solo está incluido la cena/almuerzo). En el viaje de vuelta nos dieron solo un vaso de agua en 12 horas de vuelo. Cuando le pedí por favor más la azafata usó la excusa que había turbulencia (cuando no la había) para no brindar más bebidas. El personal realmente no es amable en absoluto. En fin, una decepción absoluta."
AEA_0061,Air Europa,Desconocido,Madrid,New York City,International,octubre de 2025,4,Personal muy atento y amable. Gran paquete de películas y series para poder ver. Si no llevas auriculares te los venden por 3 euros. La comida es aceptable a elegir entre pasta y pollo. Te sirven agua y café. Asientos cómodos. Lo único que el baño huele mal.
AEA_0062,Air Europa,Desconocido,Madrid,Palma de Mallorca,Domestic,octubre de 2025,1,"He comprado Sky priority, y he pagado unos sitios! Al recibir la tarjeta de embarque he recibido otros sitio! En el avion una empleada sin ninguna educación me grito que me tengo que cambiar si o si de sitio porque se han equivocado ha dar las tarjetas a una familia y la niña quedo sola en una fila! Y también ida y vuelta con retraso!!!! No recomiendo!"
AEA_0063,Air Europa,Desconocido,Tenerife,Havana,International,septiembre de 2025,1,"El trato del personal en el aeropuerto de Tenerife, fue fatal, no me dejaron embarcar por un documento que solo pedía el país de destino y no tenía nada que ver con el primer vuelo que tenía que coger, que era solo hasta Madrid, sin pensárselo me denegó el embarque diciendo que cogiera el siguiente como si hablara de algo muy fácil, y no de comprar otro vuelo con el precio más que triplicado y sin saber si podía perder el siguiente vuelo, el cual había comprado con ellos también todo junto. Como mi viaje no terminaba solo ahi tuve que pagar ese vuelo sin opciones ninguna. A partir de ese primer vuelo todo fue más o menos igual, el trato del personal no mejoró mucho, sin contar con la calidad del servicio en el avión, la comida( la única que había porque ni opciones quedaban cuando llegó a mi) no la puedo clasificar de otra forma que asquerosa y hasta mal oliente. A la vuelta más de lo mismo, desde el cristal para abordar se veía como lanzaban las maletas dentro a base de patadas. Por supuesto que he hecho una reclamación de ese vuelo que me hicieron volver a pagar y espero que se dignen en corregirlo. Llevaba tiempo sin viajar con esta compañía y me ha dejado más que decepcionada."
AEA_0064,Air Europa,Desconocido,Madrid,Quito,International,septiembre de 2025,1,Fatal. Decepción me cobraron el asiento de mi hija. Las películas eran solo en inglés. No pudimos ver ni una peli. Los baños huelen fatal. Al regreso para hacer el cheking nos cobraron los asientos nuevamente. No recomiendo la verdad. Muy decepcionada.
AEA_0065,Air Europa,Desconocido,Barcelona,Bogota,International,septiembre de 2025,1,"Asientos incómodos, desayuno cargadito de bastante azúcar insano, venden los auriculares, las pantallas son antiguas la carga usb no funcionaba. La cena solo era pasta con salsa de tomate por encima. No te dejan en la terminal y el desembarque es lento, por el precio que he pagado no vale la pena, Qatar, Turkish, Lufthansa ofrecen una mayor calidad de servicio."
AEA_0066,Air Europa,Desconocido,Tenerife,Madrid,Domestic,octubre de 2025,1,"No se a quien habeis contratado para hacer los asientos, pero menudo dolor de espalda. La cabeza se queda mas delante de la espalda, y te dejas el cuello. Horrible"
AEA_0067,Air Europa,Desconocido,Madrid,Al Hoceima,International,julio de 2025,1,"UNOS ESTAFADORES, nos estuvieron mintiendo todo el tiempo poniendo excusas de por que no salia el avion, nos dieron 5€ para pasar toda la noche en el aeropuerto cuando lo mas barato era una botella de agua por 4,50€, ni una explicación, ni una compensacion, perdimos hotel, taxi y actividades, encima maleducados y prepotentes con la gente. No se lo recomendaria ni a mi peor enemigo"
AEA_0068,Air Europa,"Roma, Italia",Buenos Aires,Rome,International,septiembre de 2025,1,"la verdad que el viaje fue una odisea, tiempo atras viajar en esta empresa hera mucho mas comodo que ahora, y ojo la clase economica no es que te sale €600, superta tranquilamente los €1000 euros si no es mas, dependiendo siempre de la destinacion final.. 1)Los asientos son muy incomodos y rigidos ya no es como antes. 2)Ahora los auriculares cuestan €3 euros y son los mismos que dan en todos los vuelos, el viaje cuesta €1000 euros regalalos a esos. 3) el vuelo de regreso a Roma no disponia de WI.FI como puede ser? problemas en los sistemas ? quizas... 4) La comida dios la comida!!!!! salimos a las 12:15 mas o menos un poco mas tarde . srivieron el almuerzo, no estoy seguro si fue a las 15 o antes, bueno despues de eso no hubo mas nada, no hubo CENA señores no hubo, sirvieron casi a la madrugada una especie de desayuno, y listo termino, un horror todo un horror, y es mas el viaje de ida para buenos aires fue cancelado para algunas personas por overbooking incluido yo, nos hicieron viajar al otro dia, viaje con iberia , la comoidad la misma con aireuropa ( pesima) pero perooo... con todas las comidas, con todas las bebidas ... como puede ser? fue todo horrible. tanto esto importa poco y nada. 5) las horas de embarques nunca se respetaron, siempre demorados, saliendo siempre mas tarde de la hora prevista."
AEA_0069,Air Europa,Desconocido,Madrid,Panama City,International,septiembre de 2025,1,"Las azafatas te tratan súper mal , puse la queja y a la gerencia no les importa. Pésima atención y servicio al cliente en todas las áreas"
AEA_0070,Air Europa,Desconocido,Malaga,Buenos Aires,International,septiembre de 2025,3,"Totalmente desconforme con el servicio que brinda la empresa, dejo AFUERA de esto a la tripulación, ellos son sumamente amables y atentos tratando de ayudar. En el viaje no solo es escasa la comida, no sirvieron el desayuno, te cobran los auriculares, mi maleta no llego con el vuelo, hice el reclamo y llego al dia siguiente ROTA!! CUANDO AVISO Y ADJUNTO FOTOS ME INFORMAR QUE DEBO LLAMAR DE ARGENTINA A ESPAÑA??!!! Siendo esta la única manera de reclamar!!!"
AEA_0071,Air Europa,"Barcelona, España",Palma de Mallorca,Barcelona,Domestic,septiembre de 2025,5,"Llegamos al aeropuerto con 2.5 horas para el viaje y queríamos saber si podíamos adelantar el vuelo, el personal que había en la puerta de embarque nos ayudo y pudimos llegar mucho antes a casa, muchísimas gracias chicas y gracias a Maria"
AEA_0072,Air Europa,Desconocido,Madrid,Montevideo,International,septiembre de 2025,1,"Pésimo servicio todo, pagué un ticket que incluía valija de 10kg en bodega y bolso de mano en cabina, pues no me dejaron llevar la valija en bodega y me quitaron algunas cosas que deberían haber ido en bodega, no me dieron ninguna solución ni me la quisieron aceptar, los asientos muy incómodos, la comida miserable, el desayuno miserable, te cobran hasta por los audifonos (compré uno y las azafatas venían conversando de su vida privada, me aceptaron los auros y se iban distraídas sin darme los audifonos ni el cambio. Cuando llegamos a Madrid tuvimos UNA HORA POR RELOJ esperando para bajar del avión por la falta de comunicación de la aerolínea, la verdad MUY MALA EXPERIENCIA NO LA RECOMIENDO PARA NADA."
AEA_0073,Air Europa,Desconocido,Cordoba,Madrid,International,septiembre de 2025,1,"Mi vuelo con Air Europa dejó mucho que desear. La atención del personal fue distante y poco resolutiva, no se notó disposición para ayudar al pasajero. La comida fue escasa y de mala calidad, realmente decepcionante para un viaje de tantas horas. Los asientos resultaron muy incómodos, con poco espacio para estirar las piernas, lo que hizo el trayecto aún más pesado. Además, los baños estaban en condiciones poco higiénicas, sin la limpieza mínima esperada en un vuelo internacional. Es una pena que una compañía aérea con tanta trayectoria no cuide detalles tan básicos como el servicio a bordo, la comodidad y la limpieza. La experiencia general fue muy negativa."
AEA_0074,Air Europa,Desconocido,Bogota,Frankfurt,International,agosto de 2025,1,"La verdad está aerolínea me decepcionó mucho, fuera sabido el trato de su personal de cabina, no fuera comprado mis 2 vuelos del año, con ellos, la limpieza de los baños fue desagradable, deberían de ver qué personas contratan, porque no todos tienen tacto para ser amables y humanos, decepcionantes, espero no tener que viajaría de nuevo con ustedes."
AEA_0075,Air Europa,Desconocido,Asuncion,Barcelona,International,septiembre de 2025,1,"Pesima aerolinea. Incomodo,muy poco lugar para las piernas. Te cobran auriculares(3€) y wifi. Escaso servicio en un vuelo de 11 hs. Solo almuerzo y el resto del vuelo solo agua. A la llegada un cafe con un bollo dulce. Parece una low cost cuando no lo es"
AEA_0076,Air Europa,Desconocido,Madrid,Buenos Aires,International,septiembre de 2025,1,"Es una verguenza la aerolinea los asientos son super incomodos, imposible para viajes tan largos. en las 14 hs de viaje solo te dan un almuerzo, lo otro lo cobran y antes de aterrizar una magdalena. En mi caso habia combinacion Paris- Madrid y Madrid - Buenos aires. el cual se atraso, tuvimos que correr a migraciones para no perder el tro , nadie te dice nada y me desgarre el gemelo por correr. Resulta que cuando estas en el avion avisan que esperaban vuelos de liboa. Osea si esa informacion la brindan uno no corre como desesperado. No tienen en cuenta a la gente y las asafatas maltratan,, que decir lamentable todo"
AEA_0077,Air Europa,Desconocido,Valencia,Madrid,Domestic,septiembre de 2025,1,"La peor experiencia de mi vida, me pierden la maleta, no recibo ningún tipo de ayuda y no me ofrecen ningún tiempo de compensación por los daños morales, de tiempo y por haberme tirado 3 días sin absolutamente NADA, ya que no tenía tiempo ni para comprarme ropa por tema de trabajo. Solo me dan ganas de llorar con esta compañía. APRENDE DE LOS ERRORES DE LOS DEMÁS Y NO ELIJAS NUNCA AIR EUROPA PARA VOLAR!"
AEA_0078,Air Europa,"Bogotá, Colombia",Madrid,Bogota,International,septiembre de 2025,1,"Horrible, pagué silla XL y fue lo peor, al estar contigua al baño todo el mundo quiere pasar por allí y te agreden al informar que ese espacio es privado. No la recomiendo, tripulación poco amable y al reportar que había sido agredido por esto esto, me dijeron que ellos no podían estar diciéndole a los pasajeros que no podían pasar por ahí, que me tocaba a mi entonces que bajara una maleta y la pusiera en este espacio si quería que nadie pasara. Sacaron un baño de servicio y el disponible mantuvo sucio y sin provisión de toallas ni papel. La peor aerolínea."
AEA_0079,Air Europa,Desconocido,Amsterdam,Madrid,Europe,septiembre de 2025,1,Cero soporte en el aeropuerto. Cierran mostradores antes de tiempo y encima salen con una 1 hora y cuarto de retraso sin dar explicaciones. Su politica de cambios de vuelo es una estafa.
AEA_0080,Air Europa,Desconocido,Miami,Madrid,International,septiembre de 2025,1,"Pésima experiencia, 120 dolares por la maleta y 100 dolares por exceso de peso. Y otros 100 dolares por la carry on. Un robo, no volar con ellos"
AEA_0081,Air Europa,Desconocido,Buenos Aires,Madrid,International,julio de 2025,1,El servicio a bordo por parte de las azafatas fue pésimo. Nos trataron mal y sin ganas. Hablando con más pasajeros todos pensaban lo mismo. Y ya bastante largo y caro es el viaje para que solo te den una comida. Bueno y una magdalena al final del viaje... No recomiendo esta compañía de viajes a nadie.
AEA_0082,Air Europa,Desconocido,Ibiza,Madrid,Domestic,septiembre de 2025,1,"La peor aerolínea y el peor servicio al cliente que he experimentado en mi vida Si pudiera dar cero estrellas, lo haría. Viajar con AirEuropa ha sido una pesadilla desde el inicio hasta el final. • Vuelos retrasados y sin explicación: La aerolínea jamás se dignó a informar adecuadamente por qué el vuelo llevaba horas de retraso. • Atención al cliente inexistente: Su supuesto “asistente” para ayuda es un insulto. Solo da respuestas automáticas, no soluciona absolutamente nada. • Cero empatía y cero soluciones: En vez de ayudar al pasajero, parece que hacen todo lo posible por complicarle más la vida. En resumen: AirEuropa no respeta a sus clientes, no cumple con lo mínimo que una aerolínea debería ofrecer, y su asistente de atención es simplemente una burla. Nunca más volveré a comprar un boleto con ellos y recomiendo a cualquiera que valore su dinero y su tranquilidad que evite esta aerolínea a toda costa."
AEA_0083,Air Europa,"Mestre, Italia",Quito,Madrid,International,agosto de 2025,1,"Pésima compañía de vuelos , no la recomiendo , personal totalmente borde , poco empático, solo por llevar un sombrero que he comprado en el aeropuerto mismo me han querido liar para que pague más , aún cuando he pagado un buen dinero por mi pasaje , hasta el agua hay que pagarla , por favor poner en todo lado que Air Europa es una compañía Low Cost para que podamos todos saberlo y así no caer en sus engaños , definitivamente no vuelvo más a comprar con ésta aereolinea"
AEA_0084,Air Europa,Desconocido,Madrid,Havana,International,agosto de 2025,1,"El lunes 28 de diciembre entré en la web de su mercantil para reservar billetes de ida y vuela de Madrid a La Habana. En un primer momento cuando llegaba al pago al introducir la tarjeta de débito Ibercaja le daba problemas con el pago, por lo que hubo de poner otra tarjeta de débito que tenía que le volvió a dar error con el pago e igualmente en la página se deja claro que no se habían cargado los billetes. Vuelvo a cargar nuevamente la página para intentar una tercera vez dado que no tenía ninguna confirmación de billetes ni pago aceptado y vuelvo a coger los vuelos, esta vez la diferencia que el viaje de vuelta coge un día menos. Para este pago pensando que sus tarjetas tenían algún límite y no aceptan el importe de la compra (851€) decide hacer el pago con la tarjeta de su pareja y no hubo problemas. Esta vez se confirmó todo y le llegaron los billetes al correo. Posteriormente advierte que le hicieron el cargo en la cuenta de Cajamar del importe de 851€ del billete que había dado error cuando lo intentó comprar. Nunca le enviaron el email confirmado dicha compra, como sí ocurrió en la segunda. Habiendo contactado con atención telefónica me han dicho que no le pueden devolver el importe porque ellos entienden que como la vuelta son dos días diferentes es problema suyo. Les intenta explicar y le dicen que no se puede hacer nada. Formaliza reclamación en la web y responden que tengo que gestionarlo a través de oficinas presencialmente o por teléfono. Exijo una devolución ya que tengo dos pasajes a mi nombre para ir y volver y solo usaré uno evidentemente."
AEA_0085,Air Europa,Desconocido,Monterrey,Zurich,International,septiembre de 2025,1,"Siempre había tenido una buena experiencia viajando con su aerolínea, sin embargo, mi último vuelo me dejó muy decepcionado y lamentablemente ya no volveré a elegirlos. El problema ocurrió con mi equipaje de mano durante mi conexión en Madrid en el vuelo de Monterrey a Zúrich. (Vuelo UX1675, el 2. Sep) En mi maleta llevaba una vajilla heredada de mi abuela, con un valor sentimental enorme, que llevaba cuidadosamente protegida con plástico burbuja y periódico debido a su fragilidad. Al llegar al mostrador, expliqué la situación y pedí conservar mi maleta conmigo, pero el personal fue grosero, me ignoró y me obligó a documentarla sin mostrar ninguna empatía. Incluso el coordinador de maletas me respondió de manera poco profesional y el sobrecargo también se mostró indiferente, haciéndonos bajar nuevamente las escaleras con la maleta. Lo más frustrante es que al abordar pude constatar que había amplio espacio en los compartimentos superiores del avión, justo encima y enfrente de mi asiento, por lo que la decisión de obligarme a documentar mi equipaje no tenía fundamento. Como era de esperarse, al llegar a destino la vajilla terminó dañada. Entiendo que puedan existir políticas con respecto al equipaje de mano, pero si van a obligar a los pasajeros a documentarlo deberían: 1. Avisarlo claramente antes del vuelo. 2. Mostrar empatía hacia los clientes, especialmente en casos como este. 3. Considerar que, si esta política se vuelve una práctica constante, debería cobrarse por el derecho a llevar equipaje en cabina. No se trata de dinero, sino de un recuerdo irremplazable. Una aerolínea que no respeta a sus pasajeros ni cuida lo más básico, no merece su confianza."
AEA_0086,Air Europa,Desconocido,Madrid,Panama City,International,septiembre de 2025,1,Es pésima la atención. 1. Salimos más de 1 hora tarde y no nos daban explicaciones. 2Los cobraron los auriculares en un vuelo internacional después de haber pago b un buen dinero. Como si fuera una aerolínea low-cost. 3. Los baños sucios. Pésimo!
AEA_0087,Air Europa,Desconocido,Bogota,Madrid,International,agosto de 2025,1,"Vuelo Bogotá a Madrid 30 de agosto de 2025. Pésimo servicio. Después de pagar 1000€ por un sólo trayecto, que ojo, es lo que cuesta. Nada más subir al avión te piden 3€ por unos auriculares y 3€ por una botella de agua. Vergonzoso. Pero es que si no compras los auriculares, no puedes usas la pantalla del asiento, porque o sabes inglés o hasta las pelis españolas las subtitulan en inglés. Y la opción de emparejar tus auriculares personales, bloqueada. Vergonzoso que en un vuelo transatlántico cobren por el agua. No he visto eso en ninguna compañía. Y qué hablar del menú, más ridículo y limitado, imposible. Los auxiliares de vuelo, menos dos que eran agradables, el resto prepotentes. En fin, esperaba algo más de esta compañía. 45 minutos para salir del avión. No estamos hablando de un vuelo de bajo coste. Pero el servicio sí que es muy bajo."
AEA_0088,Air Europa,Desconocido,Madrid,Cancun,International,agosto de 2025,1,"Mala experiencia en relación al servicio de la aerolínea Air Europa. Al montar al avión, me encuentro la bandeja de comida super sucia ( ver foto adjunta), azafat@s de mal humor y bordes, ya que incluso habiendo suficiente espacio en los compartimentos superiores nos obligaron en un primer momento a guardar las mochilas debajo del asiento delantero. Para un vuelo de más de nueve horas lo único de comida que ofrecen es un menú super pequeño de pasta o pollo, junto con una porción de pastel y un bollo de pan. Cobran por los auriculares. Siguiendo con la misma linea de Iberia, pagas como si fuese una aerolínea de nivel cuando lo que de verdad te ofrecen es el nivel de una low cost."
AEA_0089,Air Europa,"Buenos Aires, Argentina",Barcelona,Buenos Aires,International,agosto de 2025,1,"Pésima experiencia en vuelo. Poca tripulación y recibimos mal trato Espacios de asiento muy ajustados. Servicio en vuelo pésimo,comida escasa cuadradito de tortaseca y dura,no te quieren atender y si los llamas para preguntar algo se escapan. Pedí un vaso de agua y me dijeron que debía ir a buscarlo al final del avión, la persona que estaba al lado mio dormía,yo tenía que tomar un remedio y nunca me lo trajeron. Estábamos en un viaje largo y nunca pasó ninguna azafata. No sir vieron el desayuno con la excusa de turbulencias, estas eran escasas y comenzaron prácticamente cuando comenzábamos el descenso. El desayuno no se sirve una hora antes ,no les da el tiempo. Ni una galletas nos dieron, son un desastre,no la elijan. En el vuelo Barcelona-Madrid el comisario de abordo lle gritaba a la gente.,no tenía paciencia. El problema es la Aerolínea,sino esa gente no estaría trabajando ahí. No la elijan para un viaje largo,l. Mi sabe pagué solo ida 1300000 dólares una fortuna, solo ida. Buenos AIRES-ARGENTINA."
AEA_0090,Air Europa,Desconocido,Miami,Madrid,International,agosto de 2025,1,"Primera vez que volaba con esta aerolínea. En el aeropuerto de Miami, aún teniendo el check in hecho y mi tarjeta de embarque en el móvil, me hicieron hacer una cola con todos los que iban a facturar maleta. Yo no tenía que facturar. En 1 viaje de 7 horas, una cena de un plato y un café por la mañana. Después de cenar te ofrecían comida de venta. Los auriculares te los venden a 3 euros. Increíble, después de pagar 400-500 euros por un viaje de ida. El desayuno y cafe o infusión y listo, ni una mísera galleta. Yo he volado con American, Iberia, Tap , en vuelos similares y ninguna ofrece una calidad tan baja. No volveré a volar con ellos y no la recomiendo para nada."
AEA_0091,Air Europa,Desconocido,Bogota,Madrid,International,agosto de 2025,1,Experiencia nefasta. Incompetencia por todos lados. Retraso y vuelo cancelado sin ninguna explicación. Una aerolínea pésima.
AEA_0092,Air Europa,Desconocido,Olympic Dam,Havana,International,agosto de 2025,3,"Una experiencia normal, pensé que fuese mejor y contra eso me Rodriguez.pen una maleta y no me resuelven y ni dicen nada solo se rompió y ya te dicen entren a la página y por gusto al final sin respuestas ni resultado"
AEA_0093,Air Europa,Desconocido,Salvador,Madrid,International,agosto de 2025,1,"Mi familia y yo viajamos a Madrid el 26 de agosto de 2025 en un Boeing 787-8. Nuestra experiencia fue terrible. Los baños estaban viejos y sucios, y no había papel higiénico. El personal fue muy grosero, poco servicial y arrogante. Nunca volveré a volar con esta aerolínea."
AEA_0094,Air Europa,Desconocido,Madrid,Punta Cana,International,agosto de 2025,1,"Creo que es una de las peores compañías aéreas para viajar con diferencia. Lamentablemente es una de las 3 que cubren el destino que frecuento. He presentado varias reclamaciones, una por comprar el asiento y en la entrada al vuelo me lo cambiaron y la ultima porque me reventaron la maleta. Nunca contestan o tiene sistematizada la respuesta. N-E-F-A-S-T-A A-E-R-O-L-I-N-E-A."
AEA_0095,Air Europa,Desconocido,Medellin,Madrid,International,agosto de 2025,1,"La peor experiencia que he tenido viajando en avión fue con Air Europa en la ruta Medellín – Madrid. El vuelo fue sumamente incómodo, con asientos reducidos e imposibles para descansar. La comida fue pésima, de muy mala calidad, sin sabor y servida de manera descuidada. La atención a bordo fue desastrosa: el personal parecía molesto cada vez que alguien pedía algo, ni siquiera ofrecían agua durante el vuelo, y cuando se solicitaba, la respuesta era con mala actitud. Se notaba cero interés en atender al pasajero. En general, fue un viaje agotador y desagradable, que dejó una pésima impresión. Definitivamente, no recomiendo volar con Air Europa bajo ninguna circunstancia; hay muchas otras aerolíneas que ofrecen un servicio mucho más humano, cómodo y profesional."
AEA_0096,Air Europa,Desconocido,Venice,Madrid,Europe,julio de 2025,1,"Facturé una maleta que me extraviaron y me llegó a mi casa 2 días después. Cuando la recibí una rota por varias partes, el agarrador (que ahora hace que no pueda llevar la maleta recta) y el punto de apoyo, roto por 3 partes ( ahora no se apoya porque solo tiene ruedas por un lado). Les comento el caso y su respuesta es que no se responsabilizan de los daños en el transporte y que las maletas, con los usos, se estropean. Yo solo sé que cuando la facture no estaba rota y ahora he perdido una maleta por su incompetencia. Adjunto fotos de los daños y de la respuesta de la compañía."
AEA_0097,Air Europa,Desconocido,Tenerife,Madrid,Domestic,agosto de 2025,1,"Facturamos las maletas de cabina por recomendación de la empresa y por hacerles un favor puesto que el vuelo ibar lleno. Al recogerlas vimos que una de ellas venía golpeada y sin una de las ruedas de transporte que venía arrancadas de cuajo. Intentamos hacer una reclamación in situ para que vieran y comprobarán el desperfecto en la maleta, y nos dijeron que eso debíamos hacerlo por internet, eso ya nos mosqueo porque no tomaron nota ni fotos del desperfecto, nos empezamos a oler que iban a pasar de nosotros. Reclamamos por su página web como nos indicaron, la contestación fue que ellos no cubren los desperfectos por el uso de las maletas. Vaya desvergüenza y falta de responsabilidad, la maleta era nueva y efectivamente se rompió del uso, pero del mal uso de esa compañía. No tienen ni responsabilidad ni vergüenza, ahora me arrepiento de dejar mi vida en manos tan irresponsables."
AEA_0098,Air Europa,Desconocido,Barcelona,Havana,International,julio de 2025,2,"Viajé recientemente con Air Europa y, aunque la experiencia en general fue correcta, creo que hay varios aspectos que podrían mejorar. El precio del billete me pareció elevado, especialmente considerando que lo compré con muchos meses de antelación (aunque entiendo que al ser temporada de verano los precios suban). Lo que sí me resultó un poco absurdo es que los auriculares no se incluyan y haya que comprarlos por tres euros, algo que en la mayoría de aerolíneas suele estar incluido. En cuanto a la comida, la de la ida estuvo bien y no tengo quejas, pero la de la vuelta fue todo lo contrario: poco sabor y realmente difícil de comer. Pollo hervido con espinacas y arroz. Si querías algo más de comer tenías que pagarlo extra. (Primera vez que me pasa en vuelos de larga estancia). Otro detalle es que en la pantalla no aparecía el trayecto del vuelo, lo cual siempre resulta útil para el pasajero. Además, los asientos son algo pequeños y eso hace el viaje menos cómodo en trayectos largos. Creo que con pequeños cambios en estos aspectos la experiencia del pasajero podría mejorar muchísimo"
AEA_0099,Air Europa,Desconocido,Cordoba,Madrid,International,agosto de 2025,1,"La peor compañía que volé en mí vida. Realmente terrible lo mala en todos los sentidos. Lo asientos un porquería, la comida terriblemente horrible...y mí mujer se descompuso por la comida. Nos cansamos de llamar al pésimo servicio de azafatas desde el botón del asiento y hasta me levanté para que me den una simple bolsa para que vomitar, obviamente se hacían las tontas nunca nos trajeron las bolsas así que tuvimos que usar las dos fundas de las seudo almohadas que estaban en los asientos. Fue terrible, un asco, miedo, bronca mientras la tripulación ni nos miraba. Horrible todo, avión, servicio, comida etc. Cuando al fin llegamos al aeropuerto fuimos a la asistencia médica del aeropuerto que nos atendieron excelente. La dejaron más de 6 horas con suero y medicamentos por la intoxicación con la comida del avión. Aclaro... Era lo único que mujer había comido es las últimas 20 hs era la comida del avión (comimos cosas diferentes) ya que cuando quisimos comprar algo más para comer (un sándwich, por qué lo que nos habían dado de sena fue una porqueria) nos dijeron que no había más comida para la venta."
AEA_0100,Air Europa,Desconocido,Las Palmas de Gran Canaria,Madrid,Domestic,agosto de 2025,1,"Tenéis un grave problema de puntualidad yo entiendo que juguéis con las horas ya que el trayecto es más corto que lo que dice el billete, pero la hora de llegada no es cuando pisa tierra el avión es cuando salimos del mismo y es constante hacer el desembarco en autobús cuando eres último vuelo del día con vosotros, en este caso estábamos en la terminal y aún así fue autobús, un vuelo con hora de llegada 21:45 sales de la terminal con equipaje de mano a las 22:45."
AEA_0101,Air Europa,Desconocido,Porto,Madrid,Europe,agosto de 2025,1,"2h de retraso en un vuelo de 50 minutos. arrastraban el retraso desde primera hora y no supieron adaptarse. como si no fuera suficiente, nos tuvieron 1h sentados en el avión sin aire acondicionado antes de despegar"
AEA_0102,Air Europa,"Moncada, España",Valencia,Bucaramanga,International,agosto de 2025,1,"Un asco de aerolínea con cero empatía por los adultos mayores y un servicio al cliente pésimo, las del counter exactamente puesto 50 - 51 del aeropuerto de Valencia unas mal educadas que no entiendo como personas con esa calidad humana tan deplorable, pueden estar cara al cliente, última vez que viajo con esta aerolínea! No la recomendaré y al que pueda le echo para atrás su decisión de volar con air europa.. ya que los verdaderos culpables son ellos por no escoger personal idóneo en el área de servicio al cliente. Si quieres transformar un momento feliz a desilusión tristeza y rabia viaja con ellos.."
AEA_0103,Air Europa,Desconocido,Punta Cana,Madrid,International,agosto de 2025,1,"Un vuelo Grosero, nunca imagine que con un vuelo de AIREUROPA TRANSATANTICO puede pasar estas cosas Tripulación de cabina muy mal educada le pedidas y con eso digo todo aparte que el avión es uno de los.nuevos boing787 INCÓMODISIMO"
AEA_0104,Air Europa,Desconocido,Abu Dhabi,Madrid,International,agosto de 2025,2,"Compramos un billete de Etihad para cubrir este trayecto, pero la compañía ha alquilado un avión y tripulación a Air Europa para cubrir este trayecto. Así que volamos a precio Etihad, con servicios de Air Europa (Espacio mínimo para las piernas, atención pésima de la tripulación, calor, retraso de 45 min). Muy mala experiencia en este vuelo. No lo recomendamos."
AEA_0105,Air Europa,Desconocido,Santander,Palma de Mallorca,Domestic,agosto de 2025,5,"hola, soy de santander y es la primera vez que vuelo desde santander y no lo voy a volver a hacer, porque es vergonzoso que me han facturado una maleta de cabina que lleve debajo de mi asiento, y llegaba a 7kg . tenia que ir a alicante con escala en palma de mallorca y llego tarde alli, y la chica no me queria hacer check in que encima no me dejaba el sistema el dia anterio, como de costumbre. Vamos que vueling un desastre . Llego a palma tarde .. y no me deja la chica de vueling hacer check in que todavia podia y me da 3 tf que son centralitas con maquina todo .. para poder solucionar todo y que me intenten reubicar.. que no fue asi.... y como no habia nadie que me pudiese ayudar ... por alli, encontré un mostrador abierto que eran los unicos, air lines. y me atendieron un chico hispano, llamado Jose y una chica de gafas estupenda tambien, llamada Susana y pude comprarme otro billete directo a Alicante y me hicieron todo , no tuve que facturar y encima fueron estupendos no, lo siguiente. Hace falta gente tan educada, servicial, con una sonrisa y trabajadora en éste pais. Les estoy super agradecida despues de estar tirada todo el dia en Palma... sin que nadie haya para ayudar... Esta gente no está pagado lo que hace dia a dia por los que volamos... es digno de mencionar y saber que son maravillosos en un pais, de verguenza."
AEA_0106,Air Europa,Desconocido,Caracas,Madrid,International,junio de 2025,2,"LAMENTABLE experiencia, marcada principalmente por la PÉSIMA gestión de la atención al cliente. Compramos dos billetes para 2 familiares, y tras 3 llamadas telefónicas a trabajadores distintos, nos insistieron que en el billete existía una tarifa en el momento de la compra que permitía dos maletas facturadas (Como también ponía en la página web) Aunque en el billete solo especificara una maleta por persona. La sorpresa ocurre cuando estos familiares llegan al aeropuerto y les dicen que esa tarifa ya no está vigente. Además de hacerles pasar un buen susto y un rato de mucho estrés, les obligaron a pagar los 120€ que costaba facturar la segunda maleta que nos aseguraron sí entraba en el billete. A la hora de reclamar nos tienen dando tumbos y todos se lavan las manos. Una ESTAFA y mentira durante la venta"
AEA_0107,Air Europa,Desconocido,Miami,Madrid,International,agosto de 2025,1,Me parece que esta compañía está mal aprendiendo de las muy low cost. Te cobran los auriculares (en vuelos transoceánicos) y ya lo último es que no te dan de desayunar. Te dan una sola comida y mala y un café. El avión a pesar de ser nuevo era muy incómodo. Los asientos eran muy duros y dolía mucho la espalda. Que pena que una compañía de prestigio acabe peor que una low cost. No repetiremos
AEA_0108,Air Europa,Desconocido,Paris,Palma de Mallorca,Europe,julio de 2025,1,"Muy mala compañía,los empleados también.puse embalaje en mis maletas y dijeron que lo quitara me robaran todo el contenido de la maleta.Mal servicio,pésimo"
AEA_0109,Air Europa,Desconocido,Madrid,Frankfurt,Europe,agosto de 2025,1,El teléfono de atención al cliente se cortó en incontables ocasiones. No pude hacer el check in online por motivos que a día de hoy desconozco.
AEA_0110,Air Europa,"Granada, España",Malaga,Rio de Janeiro,International,agosto de 2025,1,"Sacamos los vuelos a Río de Janeiro el 18 de julio. Llegamos al Malaga Madrid y nos dicen que hay overbooking para el Madrid Río.y no nos dan ninguna solución. Nos dicen que solo nos garantizan el vuelo de mi mujer, pero el mío probablemente no. No saben. No pueden hacer nada. “A ver lo que pasa una vez en Madrid pero puede que yo no pueda volar”. DESASTRE."
AEA_0111,Air Europa,Desconocido,Barcelona,Punta Cana,International,julio de 2025,1,"Mi reciente experiencia volando con Air Europa ha resultado profundamente decepcionante, tanto por la falta de confort como por la deficiente gestión y atención al cliente. 1. Espacio entre filas claramente insuficiente: la distancia entre asientos es tan reducida que, si el pasajero de delante reclina ligeramente el respaldo, uno queda prácticamente inmovilizado. Resulta incómodo incluso para personas de complexión media; para alguien con un mayor volumen corporal, sencillamente inasumible. 2. Proceso de facturación poco transparente y orientado a la recaudación: pese a haber abonado el billete, la compañía induce al pasajero a pagar por la elección de asientos con mensajes alarmistas sobre la posibilidad de quedar separado de sus acompañantes. En mi caso, viajaba con dos menores de edad y, aun así, nos asignaron asientos dispersos. Sólo tras reclamar de forma insistente se corrigió esta irregularidad, que contraviene la normativa vigente en materia de protección de menores. 3. Atención en el servicio de movilidad reducida: deficiente y descortés: solicité silla de ruedas para mi hijo pequeño, que no puede caminar largas distancias. El trayecto en Barajas puede superar los 45 minutos a pie, pero el servicio ofrecido fue lento, mal coordinado y prestado con una actitud marcadamente antipática (salvo en el aeropuerto de Punta Cana, donde sí recibimos un trato profesional y respetuoso). La experiencia fue tan negativa que optamos por no hacer uso del servicio hasta el final del recorrido. 4. Condiciones a bordo muy por debajo de lo esperado en vuelos de larga distancia: - La comida: de calidad deficiente, sabor artificial y precios desproporcionados. - Los auriculares: no incluidos, se cobran por separado. - La temperatura: inadecuadamente regulada durante el vuelo. - La limpieza: el estado general de la cabina dejaba mucho que desear. En conclusión: la experiencia con Air Europa ha estado marcada por la incomodidad, la opacidad en la gestión y una atención al pasajero impropia de una aerolínea que opera rutas transoceánicas. No volveré a elegir esta compañía."
AEA_0112,Air Europa,Desconocido,Bogota,Valencia,International,julio de 2025,1,"PRIMERA Y ULTIMA VEZ!! Que mal no haber leido todas las reseñas antes. Pero lo que si tengo ABSOLUTAMENTE claro es que no volveré a viajar en esta aerolinea. Los aviones viejos, con apenas espacio para las piernas, el servicio de a bordo horrible, la comida terrible, me hizo daño y la azafata practicamente me la tiró al entregarmela. Mi viaje era de Barranquilla (Colonbia) a Valencia (España) haciendo 2 transbordos, me destruyeron la maleta y ahora nadie responde. Verguenza debería darles el hecho de cobrar como una gran compañia y dar un servico de low cost.:( No recomiendo para nada esta aerolinea!! Fecha de la experiencia: 27 de julio de 2025"
AEA_0113,Air Europa,Desconocido,Tel Aviv,Buenos Aires,International,julio de 2025,1,"Air Europa presenta uno de los peores servicios de atención al cliente. No hay respuesta por teléfono, redes ni correos válidos. Es como hablar con una pared. Tuvimos incidentes gravísimos con el equipo de asistencia a personas con movilidad reducida (Air Handling), tanto ahora como hace 3 años: gritos, humillaciones (""¿por qué pide silla de ruedas si puede caminar?""), desinformación constante, y total falta de profesionalismo. Se negó el derecho a un acompañante para una persona con discapacidad, incluso con certificado oficial. La comida especial no fue respetada (ni kosher ni vegetariana), y se dejó a un pasajero sin comer durante un vuelo de 12h. Los asientos son minúsculos, el trato frío y poco humano. Enviamos correos con pruebas, incluso a organismos de derechos humanos. Nunca recibimos una respuesta formal. -Conclusión: Eviten Iberia y Air Europa si viajan con personas mayores, con discapacidad, o si esperan un mínimo de humanidad. ❌ Falta total de profesionalismo ❌ Desprecio por los derechos del pasajero ❌ Servicio de low-cost a precio de business Si pudiera dar 0 estrellas, lo haría. Air Europa offers one of the worst customer service experiences I've seen. No response via phone, social media or email. It’s like talking to a wall. Our family faced severe mistreatment from the disability assistance team (Air Handling): shouting at an elderly passenger, rude questions (""why ask for a wheelchair if he can walk?""), refusal to allow an escort, even with proper medical documents. Onboard: special meals ignored (no kosher or vegetarian), tiny seats, minimal food, and indifferent crew, no empathy or basic human respect. We filed complaints (including to human rights bodies) — no full response ever received. Air Europa = expensive tickets, low-cost experience. Avoid at all costs."
AEA_0114,Air Europa,Desconocido,Lima,Madrid,International,julio de 2025,1,"Una vergüenza de compañía. Además de ser el avión increíblemente incómodo, no tenían suficiente comida para todo el avión (en un vuelo de unas 12 horas). Cuando puse una reclamación en su sitio web, esencialmente dijeron que lo sentían, pero que no harían nada. Así que se quedan con el dinero pagado por una comida que no dan. Vergonzoso. Nunca más tomo un vuelo de esta horrenda compañía"
AEA_0115,Air Europa,Desconocido,Madrid,Lanzarote,Domestic,julio de 2025,1,"OJO: Air Europa NO CONTEMPLA QUE UN DISCAPACITADO PUEDA VIAJAR SI NO PAGA EXTRA POR LA PLAZA.. NO TIENEN RECONOCEN LA LIMITACIÓN DE UN DISCAPACITADO Vuelo Madrid-Lanzarote 07-07-2025 UX9073 Vuelo Lanzarote-Madrid 13-07-2025 UX9076 Viajamos dos persona. Una tiene una discapacidad reconocida y permanente del 75% (hemiparesia derecha secuela de ictus - parálisis del lado derecho del cuerpo). Para poder viajar necesita por la discapacidad de una silla en pasillo, de lo contrario no puede viajar. Pues bien, para poder asegurar que podrá tener una plaza en pasillo hemos tenido que pagar extra. Al reclamar a la empresa, solo responde de manera cordial pero sin dejar opción de que el pago extra por la plaza permite asegurar la misma. En ningún momento toman en cuenta que viaja un discapacitado. NO CONTEMPLAN QUE UN DISCAPACITADO PUEDA VIAJAR SI NO PAGA EXTRA POR LA PLAZA. O paga o puede ocurrir que no tenga plaza en pasillo y no pueda viajar. El departamento de atención al clienta responde siempre la misma monserga. Es una pena y es DENIGRANTE La valoración como empresa: PÉSIMO Valoración del personal del avión: BIEN LO que sus trabajadores hacen con las manos (bien), la empresa lo destruye con los codos (pésimo) Carlos H Salazar"
AEA_0116,Air Europa,Desconocido,Madrid,Asuncion,International,julio de 2025,1,"El peor servicio que recibi en un vuelo de .11 hora de vuelo ida y 10 hora de vuelta una tortura sus asiento viejos duros y sin espacio para la pierna es inhumano, permitir que una compañía ofrezca y cobre carisimo un servicio asi,la comida muy mala una cantidad MINIMALISTA de muy mala calidad el desayuno peor . Café o agua con una magdalena. Nada más y los azafatas tratando mal con mala cara . Una experiencia HORRIBLE.para colmo pague 3 desayuno y 3 cena (10 euros cada 1 por la aplicación y me sirvieron solo 1 cena cuando le reclame por los otro me dijeron que ellos solo tenían 1 y que reclame por imail. Verdaderamente una pesadilla. Nunca mas con esta compañía"
AEA_0117,Air Europa,Desconocido,Madrid,San Pedro Sula,International,julio de 2025,1,Horrible experiencia más de dos horas de atraso sin explicación alguna; falta de atención del personal pésima calidad Sinceramente la peor experiencia ; perdí clientes y dinero por su atraso Terrible expirience: more than 2 hours waiting with out Any explanation ; bad attention ; the worst Quality I lost a clients and money because of them
AEA_0118,Air Europa,Desconocido,Madrid,Ibiza,Domestic,julio de 2025,1,It is a terrible air line . Employees don’t help you . They are no professional. They don’t care about costumers . It is incredible how bad is the attention in Madrid . They don’t help costumers . I don’t recommend. Está es una terrible aero linea . El trato al cliente es horrible los empleados de la aerolinea no son profecionales ni ayudan al turista. En general son incompetentes y nada amables. Es un desastre de Aerolinea. Qué lastima
AEA_0119,Air Europa,Desconocido,Madrid,Amsterdam,Europe,julio de 2025,2,"En verdad yo flipo con esta aerolínea. Te hacen creer que tus millas valen , cuando te cobran igual si haces UNA RESERVA sin o con millas . Hice la prueba con un ordenador como un cliente normal sin millas y otro ordenador como un cliente con millas . El de millas me dice que no alcanza para mi vuelo de regreso y que tengo que comprar millas , y el resultado me sale igual que comprar un boleto sin millas …con la diferencia que si compro con millas , ya las gasto por las puras porque ni siquiera me hacen descuento….. ESTO ES UNA ESTAFA LO DE LAS MILLAS."
AEA_0120,Air Europa,"Valencia, España",Madrid,Havana,International,julio de 2025,2,"Asientos estrechos, filas pegadas, no se puede mover las piernas ni reclinar el asiento, te echas encima de la persona q va atrás. Son 9 horas de vuelo y no he visto cosas más incómoda. Solamente dan 1 comida (mini comida) en todo el trayecto. Si quieres escuchar lo q ofrece de entretenimiento hay que pagar los auriculares, 3€ por unos auriculares que regalan en cualquier parte"
AEA_0121,Air Europa,Desconocido,Miami,Madrid,International,mayo de 2025,1,"horrible, te cobran por un asiento que vas hecho un sanduche peor cuando sirven la comida y el pasajero de adelnte no lo quiere poner derecho tienes practicamente la comida en la cara, cuando pedi ayuda el asistente me indico que el cliente podia o no poner el respaldar a su manera, nunca mas por esta aereolinea, pague 11 dolares por un wifi que nunca sirvio y un asiento 31 dolares por un asiento que venia hecha tortilla sin poder comer en un viaje de 9 hora ,nunca mas, lo barato sale caro"
AEA_0122,Air Europa,Desconocido,Madrid,Sao Paulo,International,julio de 2025,1,La experiencia del aeropuerto nefasta . Paso a agresiva la señora y ejercía ta ta presión que luego me acusaba de agresiva a mi. Tenía un bolso con dos kilos demás y una maleta con 0.5 kg pasada y me exigían despachar la maleta . El voucher para pagar era de 180 euros . Un infierno .. sistemáticamente decía que la maleta tenía 8 kilos y tenía un poco más de 7 . Además sistemáticamente avisaba a las mujeres . Si eras hombre y tu maleta pesaba más la señorita no decía nada y les dejaba pasar . Nunca más .
AEA_0123,Air Europa,Desconocido,Madrid,Guatemala City,International,julio de 2025,1,"Para empezar, me dieron en el vuelo tanto de ida como de vuelta, un asiento en medio, sin opción a poder cambiarme ni pagando. La que me atendió en el mostrador de Madrid, más antipática no podía ser, el vuelo salió 2 horas después de la hora prevista. Cobrando 3€ por los auriculares, y la comida que dan ya ni para que contar, además de poco mala, eso sí, si se quiere comprar hay más. Aparte de pagar 1700€ por un vuelo de ida y vuelta, me parece que merecía por lo menos poder cambiarme de asiento, y fue imposible,todo el vuelo súper incómoda y las azafatas no eran muy amables que digamos. No volvería a comprar un pasaje con esta compañía, es muy mala."
AEA_0124,Air Europa,Desconocido,Palma de Mallorca,Valencia,Domestic,julio de 2025,1,Nunca salen puntuales ni del aeropuerto de Valencia ni del aeropuerto de Mallorca. Todas las semanas se repite la historia señores!
AEA_0125,Air Europa,"La Roda, España",Madrid,Milan,Europe,julio de 2025,1,"Una vergüenza, una hora encerrados en el avión en pista, a 40 grados, y sin aire acondicionado. Nos desembarcan y a esperar…"
AEA_0126,Air Europa,Desconocido,Bogota,Barcelona,International,julio de 2025,1,DESASTROZO CONEXIONES CON DEMORA MALETA ABIERTA VULNETADA Y ROTA. AVIONES SIN ASEO . NI MIRES DEBAJO DE LA SILLA. ES ASQUEROSO. NUNCA MAS AIR EUROPA.
AEA_0127,Air Europa,"Barcelona, España",Lima,Barcelona,International,marzo de 2025,1,"RECLAMO: RCC-AM21VGT Nuestra experiencia con Air Europa ha sido una auténtica pesadilla. En marzo de 2025, mi esposa embarazada, nuestro hijo de 2 años y medio y yo fuimos víctimas de una gestión caótica, inhumana y absolutamente irresponsable por parte de esta aerolínea. Todo comenzó con una espera de más de seis horas en la puerta de embarque del aeropuerto de Lima, sin que nadie ofreciera información clara ni precisa. Para “distraer” a los pasajeros, nos dieron un vale de comida y nos enviaron a hacer colas interminables en un pequeño restaurante, completamente desbordado. Mientras la mayoría seguía comiendo, anunciaban a los pasajeros que el vuelo había sido cancelado mientras volvían a la puerta de embarque, sin más explicaciones ni alternativas, generando un caos absoluto y dejando a todos completamente abandonados. Como consecuencia directa del estrés extremo y las condiciones inhumanas vividas, mi esposa, embarazada de 5 meses y medio, sufrió una amenaza de aborto producto de una fuerte crisis de ansiedad. Tuvimos que acudir de urgencia a un hospital público cercano al aeropuerto, sin que Air Europa ofreciera ningún tipo de asistencia médica, humana ni logística. La única ""solución"" fue obligarnos a hacer una larguísima cola, sin ninguna prioridad pese al embarazo y la presencia de un menor, para ofrecernos un hospedaje opcional. Durante dos días y medio más, vivimos en completa incertidumbre, llamando sin descanso al call center, mañana, tarde y noche, ya que nadie en el aeropuerto daba la cara ni ofrecía soluciones. Finalmente, a las 4:00 de la madrugada del tercer día, nos comunicaron que podríamos volar ese mismo día a las 20:00 h con KLM. De inmediato intenté hacer el check-in para asegurar los asientos de mi familia. Sin embargo, al llegar al mostrador de KLM nos informaron que Air Europa había sobrevendido el vuelo, y que no era seguro que pudiéramos embarcar. Todo esto con cinco maletas grandes, una mujer embarazada recién hospitalizada y un niño de dos años y medio completamente agotado. Solo 30 minutos antes del cierre de la puerta de embarque de KLM supimos que finalmente podríamos embarcar, gracias a mi insistencia y, sobre todo, a la empatía y profesionalidad del personal de KLM, que intentó ayudarnos al ver nuestra situación desesperada. Aun así, tuvimos que correr hasta el avión cargados y bajo un agotamiento físico y emocional extremo. Tras tres meses de correos electrónicos, llamadas y reclamaciones, Air Europa solo ha ofrecido la compensación mínima legal de 600 € por pasajero, ignorando por completo los graves daños físicos, psicológicos y económicos causados. Hemos exigido legalmente una indemnización adicional, como contempla el Reglamento (CE) nº 261/2004y el Convenio de Montreal) y la denuncia ya ha sido presentada ante la Agencia Estatal de Seguridad Aérea (AESA). A día de hoy, seguimos esperando que Air Europa se digne a tratarnos con humanidad, respeto y responsabilidad. No pedimos privilegios: pedimos una indemnización justa por la pesadilla vivida y por haber sido tratados como simples números, sin empatía ni consideración alguna. Esta experiencia no solo fue una vulneración de nuestros derechos como pasajeros, sino también un atentado contra nuestra dignidad como familia. No volveremos jamás a volar con Air Europa y desaconsejamos firmemente hacerlo a cualquier persona que valore su bienestar, su tiempo y su seguridad."
AEA_0128,Air Europa,Desconocido,Paris,Madrid,Europe,junio de 2025,1,"Air Europa abandona a su suerte un vuelo Paris Madrid con 60 niños que volvíamos de Disney, el único vuelo que se canceló fue este es decir que por climatología suena escusa, se fue posponiendo hasta que a la 1.00 aprox se canceló, nos prometieron Hotel que finalmente nos sacaron engañados de la zona de embarque para luego dejarnos tirados en la terminal con niños y sin tiempo de reacción para buscar sitio donde dormir, nos prometieron un vuelo al día siguiente que tampoco se cumplió eso si ya nos dieren hotel y volamos 3 días después a nuestra destino."
AEA_0129,Air Europa,Desconocido,Malaga,Madrid,Domestic,junio de 2025,1,"Estimados señores: Me dirijo a ustedes para presentar una reclamación formal por el trato recibido el día 28 junio 25] en el aeropuerto de Málaga, donde nos dejaron abandonados sin ningún tipo de explicación ni asistencia, a un grupo de pasajeros entre los cuales se encontraban personas mayores de más de 80 años y niños pequeños. La falta de información, empatía y responsabilidad por parte del personal y la empresa fue absolutamente inaceptable. Tras varias horas de espera y confusión, lo único que hemos recibido es un bono del cual ni siquiera se especifica el importe. Esta falta de transparencia es inadmisible. Para colmo, al intentar obtener información y presentar una reclamación por vía telefónica, tras 36 minutos de espera, se nos indicó que debíamos llamar a otro número, o que el servicio únicamente está disponible de lunes a viernes. Hoy es sábado, lo cual agrava aún más nuestra frustración e impotencia ante esta situación. Exijo una respuesta inmediata y una compensación adecuada por los perjuicios causados, así como una explicación clara y documentada de lo sucedido. Nos hemos sentido desamparados y maltratados, algo que resulta inaceptable en cualquier circunstancia, pero especialmente grave cuando hay personas vulnerables implicadas. Quedo a la espera de una pronta respuesta por escrito, y en caso de no obtener una solución satisfactoria, procederé a elevar esta reclamación a las autoridades competentes de consumo y protección al pasajero. Atentamente,carolina"
AEA_0130,Air Europa,Desconocido,Valencia,Madrid,Domestic,junio de 2025,1,Un desastre! Como todo el transporte de España. Tenía un vuelo de Valencia -Madrid -Havana y el avión de Valencia a Madrid llegó con 3 horas de retraso y el de Madrid nunca nos esperó. Nos dijeron que las maletas se encargaban ellos y al final las maletas están perdidas . No recomendable esta aereolinea no dan información de nada y tampoco pagan por los retrasos. UN DESASTRE
AEA_0131,Air Europa,Desconocido,Palma de Mallorca,Madrid,Domestic,junio de 2025,1,"Viajo por trabajo todas las semanas, un desastre! Siempre con retraso desde 1 a 3 horas. En los aviones nuevos no sé puede reclinar los asientos, e peor que una aerolínea Low cost. Ya no viajaré más con esta empresa. Y los vuelos internacionales, de lo peor del mercado."
AEA_0132,Air Europa,Desconocido,Santa Cruz,Madrid,International,mayo de 2025,1,"QUE EMPRESA MAS MALA, DEFICIENTE, LES IMPORTA MUY POCO SUS CLIENTES, SUS PASAJEROS, hace años que viajo y siempre lo mismo que empresa de porquería!! ojala se fundan! y venga otra emopres que si de buen servicio y se preocupe de sus pasajeros, y no les cobre por todo y CARISIMO! aprobechadores"
AEA_0133,Air Europa,"Provincia de Córdoba, Argentina",Cordoba,Barcelona,International,junio de 2025,1,"Me perdieron mi valija, no tengo ropa ni calzado. Me hicieron perder días de vacaciones. Me informaron que mi valija la tenia su transportista y la sigo esperando a mi valija. Nadie te informa dónde está ahora mi valija. Pésima empresa."
AEA_0134,Air Europa,"Mar del Plata, Argentina",Madrid,Buenos Aires,International,junio de 2025,2,"Los aviones últimamente (larga distancias) tratan de achicar gastos y con eso lugar conodidad y calidad. Debo destacar el pésimo trato de casi todas las azafatas excepto uno de pelo ondulado y corto. Pero las demás parece que las obligan a trabajar. Una falta de amabilidad pocas veces vista. La comida no estuvo mal. Por favor cambien las películas (algunas son de la década del 50) por Dios. Luego eso si, para venderte algo son super entusiasmados. En serio que creen que el éxito de una línea aérea es tratar mal a los pasajeros. Dios quiera que haya más competencia, con eso se termina lo esclavitud."
AEA_0135,Air Europa,"Bucaramanga, Colombia",Bogota,Madrid,International,noviembre de 2024,5,"Viajé de Bogotá a Madrid en transito hacia India, el vuelo aunque se retrasó una hora en salir fué muy tranquilo, con una excelente atención y servicio a bordo"
AEA_0136,Air Europa,Desconocido,London,Buenos Aires,International,marzo de 2025,1,"Realmente unos estafadodes. Pague dinero por elegir un asiento con extra leg room y lo sonrevendieron. No solo no me dieron el servicio ni el asiento por el que pague y tuve que viajar más de 14 horas incomoda y sin respuestas, sino que la respuesta a mi reclamo llego mas de 3 meses después. Primer y última vez que elijo una empresa tan poco seria y con tan mal servicio al cliente."
AEA_0137,Air Europa,Desconocido,Havana,Barcelona,International,julio de 2024,1,"No fue solo el inconveniente de 3 días de retraso más la pérdida de la malerta sino que al realizar la reclamación nos dicen que no procede, no quieren aceptar que fue un mal trabajo de ellos y por su culpa tuve 3 días de retraso en mi trabajo"
AEA_0138,Air Europa,"Buenos Aires, Argentina",Palma de Mallorca,Buenos Aires,International,junio de 2025,1,"PESIMA,HORRIBLE COMPANIA QUE REALMENTE NO BRINDA UN SERVICIO ACORDE, VUELO DEMORADO CASI 2 HORAS A LA SALIDA DE MALLORCA CON DESTINO A MADRID,CONEXION BUENOS AIRES. ASIENTOS CASI SIN ESPACIO PARA LAS PIERNAS,BAÑOS SIN AGUA,COBRAN AURICULARES EUROS 3,RIDICULO,LA COMIDA MALA NROS DE VUELOS UX 6078 MALLORCA-VUELO 041 BUENOS AIRES FECHA DE VIAJE 12 JUNIO 2025 NO VUELVO A ELEGIR ESTA COMPAÑIA, TAMPOCO ES BARATA"
AEA_0139,Air Europa,Desconocido,Desconocido,Desconocido,Desconocido,Desconocida,1,"Se trata de una compañía miserable. Hemos tardado hora y media en facturar. En la cola había chicas con bebés y salvo la atención particular de la gente, que me ha parecido ejemplar, no pueden facturar como preferente. Yo había pagado una maleta de 23 kilos que se añadía a una de cabina de 10 kilos y una mochila. Finalmente, como se trataba de un enlace tras un vuelo internacional (aunque he tenido que volver a facturar), viaje únicamente con una maleta que pesaba 24 kilos. Me han dicho que debía pagar 60 euros por exceso de peso. El personaje que tenían en facturación no entró en razones y dice que no, que hay que pagar. Mi recomendación es evitar siempre que se pueda esta compañía. Viajo todas las semanas en avión y salvo que no tenga más remedio como en esta ocasión la evito siempre. Además ni de lejos es la más barata de las low cost."
AEA_0140,Air Europa,Desconocido,Madrid,Buenos Aires,International,junio de 2025,1,"Escogí la tarifa flexible sólo vuelo de ida por más de 800€. En primer lugar, a la hora de realizar el embarque, nos dejaron en la pasarela de acceso al avión con unos 40 grados en pleno junio. Tras esperar aproximadamente 15 minutos, accedemos al avión y lo que suele ser un proceso ordenado y sencillo se convirtió en un caos absoluto. Nos dicen que no hay espacio para los equipajes de mano y nuestro vuelo partía a las 23,55h, salimos a eso de las 00,30h; terrible. A la hora de ir a utilizar los servicios multimedia le pregunto amablemente a la azafata si podría facilitarme unos auriculares y me dice que tienen un precio de 3€. Llevo viajando alrededor del mundo bastante tiempo y es la primera aerolínea que me quiere cobrar por utilizar unos auriculares; vergonzoso. El espacio para las piernas en un vuelo de tanta duración me parece escaso e inapropiado. Podría seguir enumerando cosas, pero no quiero perder más mi tiempo. Nada recomendable esta aerolínea, no repetiré seguro."
AEA_0141,Air Europa,"Buenos Aires, Argentina",Buenos Aires,Barcelona,International,mayo de 2025,3,"Viajamos a Barcelonacon escala y transbordo en Madrid. El trato de las aeromozas es pésimo. Tratan y contestan de muy mala manera. Viajé en pasillo y cada vez que pasaban me golpeaban. Si pedís algo te contestan mal. Un desastre! Al regreso, en el transbordo en Madrid, nos hicieron correr cruzando todo el aeropuerto, que es inmenso y luego nos tuvieron esperando una hora para embarcar. O sea, salimos con una hora de retraso. Además de eso, el embaruqe fue caotico, revisaron el tamaño de casi todos los carry on, siempre de mala manera, por supuesto. Fue sin manga y no clasificaron las ubicaciones para el accceso al avión, por lo que subía gente por adelante y por detrás, cruzándose en los pasillos estrechos. No controloaban lo que la gente ponía en el porta equipaje, por lo tanto se llenaban con camperas o cosas que no van allí y los últimos en acomodarse ya no tenían espacio para los carry on."
AEA_0142,Air Europa,Desconocido,Madrid,Havana,International,mayo de 2025,1,"Nunca más con ellos son mentirosos 3 días sin información. No podía salir de Cuba ! Nos dejaron con 3 aguas pequeñas por el día! El resto a pagar! Debía dormir con una persona que no la conocía en una habitación! Nos llamaron a las 3:30 de la noche que el bus viene a las 6:30 también mentira llegué casi a las 8. el avión debía salir después de 3 días a las 12:00 tampoco una hora retraso! Pero ya lo van a pagar tengo mucho paciencia!!! Enzima respuestas automática ni si quieres lo lean, soy mujer y me saludan como fuera un hombre !!! Y le quieren decir que lean mis correos o la reclamación!!!"
AEA_0143,Air Europa,Desconocido,La Coruna,Madrid,Domestic,junio de 2025,1,"Cogimos el vuelo con tiempo porque mi hija tenía un examen. Aun no se si vamos a llegar pero el estado de nerviosismo augura un final muy penoso. El vuelo debería tenia previsto el embarue a las 16:25, ahora son las 18:10 y aún no se anuncia el embarque. Es indignarse. Las consecuencias de un retraso pueden ser tremendas y en este caso, poner en juego el futuro de una niña."
AEA_0144,Air Europa,Desconocido,Punta Cana,Madrid,International,junio de 2025,1,"Una vergüenza. No te dan auriculares, los tienes que pagar tú. Y encima te dan asientos separados teniendo que pagar más para poder sentarte con la persona que vas, eso es una vergüenza."
AEA_0145,Air Europa,Desconocido,Madrid,Panama City,International,abril de 2025,1,"De lejos la peor aerolínea con la que he viajado en mi vida, los dos vuelos (Madrid- Ciudad de Panamá, Ciudad de Panamá - Madrid) salieron con retraso, pero eso no es lo peor. Las azafatas son unas impertinentes que te tratan como a basura, unas auténticas maleducadas. En 9h de vuelo (casi 11 contando los retrasos) te sirven UNA comida, que está ASQUEROSA. Luego si quieres pedir del menú porque después de 10h estás muerto de hambre, tienes que pagar 15€ por un bocadillo. Pagué 35$ por el wifi porque tenía que trabajar durante el vuelo y no funcionó en ningún momento. No viajéis con esta aerolínea, es una experiencia horrible, con un servicio PÉSIMO."
AEA_0146,Air Europa,Desconocido,Caracas,Madrid,International,mayo de 2025,2,"Es sumamente desagradable el trato de las aeromozas, te dendne los audifinos y debes luchar por le cambio si pagas en efectivo, debi pedirle a la aeromoza 4 veces 2 euros que me quedaban vueltos. Asientos sumamente incomodos, pegados y es un vuelo caluroso"
AEA_0147,Air Europa,Desconocido,Munich,Madrid,Europe,junio de 2025,1,"Normalmente no suelo emitir comentarios negativos sobre compañías, pero considero que, en esta ocasión, es necesario advertir a otros usuarios. Realicé una reserva de vuelo por un importe total de 170 € (100 € correspondientes al billete y 70 € adicionales por un seguro de cancelación y reembolso por cualquier motivo). Sin embargo, al solicitar la devolución del importe conforme a las condiciones del seguro contratado, la compañía denegó mi solicitud alegando que la compra original del vuelo se realizó sin seguro y que, por tanto, no pueden proceder al reembolso, a pesar de que aboné los 70 € correspondientes al seguro tan solo cinco minutos después de la compra. Ante mi insistencia, la única alternativa que me ofrecieron fue cambiar el vuelo a otro destino, previo pago de 60 € adicionales. Considero que esta actuación es, como mínimo, irregular y posiblemente contraria a la legalidad vigente. Por ello, deseo dejar constancia pública de mi experiencia y advertir sobre el deficiente servicio recibido por parte de esta compañía."
AEA_0148,Air Europa,"Valdemorillo, España",Istanbul,Madrid,Europe,junio de 2025,2,"3€ por unos cascos sin los cuales no puedes escuchar su ""fascinante"" servicio de entretenimiento. Nada de comer o beber, no agua. Precios que son un atraco en su servicio de catering. Y podría seguir..."
AEA_0149,Air Europa,Desconocido,Madrid,Venice,Europe,mayo de 2025,3,"Es una opinion informativa sobre mi experiencia. Vuelo reservado en Junio 2025 Madrid-Venecia ida y vuelta con tarifa flex. necesito cancelar y solicitar reembolso por motivos de salud. Las lineas de atencion cliente deberian formar mas a los operadores cada uno me daba unas cantidades de penalizacion, hable durante largos tiempos de espera con tres diferentes. tras el proceso de solicitar el reembolso y el operador terminarlo deberian de enviarte un email de manera inmediata de que la gestion se ha echo y no dejarlo a la confianza del operador. La penalizacion ha sido de 30 e. por pasajero y por trayecto 120 e. esto no se refleja asi cuando se reserva el billete ni en las condiciones de la tarifa. Lo positivo el dia siguiente me envian un justificante con la cantidad de devolucion menos los costes de penalizacion por lo que sugiero a la gente contrate un seguro de anulacion que cubra esta circunstancia y el coste de la penalizacion"
AEA_0150,Air Europa,Desconocido,Bilbao,Madrid,Domestic,mayo de 2025,1,"Es una compañía que rara vez sale a su hora, no recupera por el camino. Empiezan diciéndote que se retrasan 40 minutos cuando están llegando a los 40 minutos te lo retrasa un cuarto de hora más o lo que consideren. La tarjeta oro es un engaño, no puedes entrar en las salas VIP a no ser que tengas una conexión. Solo puedes hacer el check-in 24 horas antes Tienes que estar pendiente continuamente para que te sumen los puntos y aún así te los deniegan la mayoría de las veces El horario de Madrid Bilbao los domingos es a las 15h el último En comparación con otras compañías es un desastre"
AEA_0151,Air Europa,Desconocido,Madrid,Santo Domingo,International,mayo de 2025,1,"Está es la historia: El 23 de septiembre reserve 3 vuelos i/v a Republica Dominicana para salir el 7 de diciembre y regreso el 21 de diciembre. Pague 4330,23 euros por Paypal. Por un error informatico el pago se efectuó pero las reservas no se realizaron. Desde entonces estoy pendiente de que ayer euros me devuelva el dinero. Pero no lo han devuelto. He enviado muchos correos y llamadas telefónicas. Y sigo sin recuperar el dinero. ¿Que hace air europa que no me devuelve el dinero? Tengo que ir a poner una denuncia a un juzgado? El área de reclamaciones con clientes no contesta a mis correos. Se refiere al caso PLU5578 Air Europa sigue sin devolver el dinero, 4.330,23 euros, de un cobro sin emitir el billete."
AEA_0152,Air Europa,Desconocido,Madrid,Palma de Mallorca,Domestic,mayo de 2025,1,"Una porqueria, de Madrid a Mallorca una hora de atraso. De Mallorca a Madrid 2 horas de atraso, mientras bajaban los pasajeros le cargaban combustible al avión, ho sea llegó y cero revisar la mecánica del avión, tampoco hicieron la limpieza del mismo, ya que los baños eran un asco, lo limpiaron en el aire. Casi perdemos el vuelo de Madrid a Bs As. Imagínate la angustia hasta que llegamos corriendo hasta la bendita puerta 24. Nunca más por esta aerolineas"
AEA_0153,Air Europa,Desconocido,Santa Cruz,Barcelona,International,mayo de 2025,1,"La peor experiencia, me cancelaron el vuelo, y me entere cuando y estaba en la sala de embarque, perdí conexiones, lo perdí todo, y lo peor esque al hacer el reclamo te piden un simple disculpa y ya esta, y yo caí pierdo hasta el trabajo no vuelvo a volar con esta aerolínea."
AEA_0154,Air Europa,Desconocido,Paris,Madrid,Europe,mayo de 2025,1,"Tuvimos una experiencia pésima. Cancelaron nuestro vuelo Orly–Madrid a solo dos días del viaje sin alternativas factibles. Después de una larga llamada nos informaron que la única opción real era un vuelo mucho más tarde, lo que nos hizo perder una noche de hotel y dos billetes de tren. No ofrecieron ni reembolso ni vale. Para colmo, tuvimos que comprar nuevos billetes y pagar más de 10 € en llamadas. Inaceptable. No volveremos a volar con esta compañía."
AEA_0155,Air Europa,Desconocido,Tel Aviv,Madrid,International,mayo de 2025,1,"Recibí una muy mala experiencia en air Europa. De principio me cobraban de todo, me cobraron hasta los audífonos del avión y querían cobrarme por agua. Después de aterrizar recibí mi maleta rota del cierre con la ropa salida mande una reclamación a la aerolínea y me contestaron que por no haber reclamado ahí no le iban a recompensar con nada fíe una Falta de respeto porque yo no tenia tiempo para reclamar porque tenía otro vuelo"
AEA_0156,Air Europa,Desconocido,Madrid,Abu Dhabi,International,mayo de 2025,1,"Siempre viajo en Business a Maldivas, y es un desastre que Ethijad, que era una compañia con una buena relacion calidad precio, haya hecho un acuerdo con Air Europa, que es un autentico desastre...Ademas tiene un sistema de pujas que llena la clase Bussiness con los que han pagado una barbaridad....con lo cual se ha convertido en una feria."
AEA_0157,Air Europa,"Gijón, España",Madrid,Guayaquil,International,mayo de 2025,1,"Tras la cancelación de mi vuelo no me han dado la opción de devolución del importe pagado por los billetes, por lo que llevo casi 2 meses reclamando y todavía sin frutos, a pesar de que las leyes euopeas así lo determinan. Tienen un sistema donde las reclamaciones no son valoradas y consumen el tiempo y la paciencia de sus clientes. Habiendo más compañías NUNCA recomendaría esta."
AEA_0158,Air Europa,Desconocido,Havana,Madrid,International,mayo de 2025,1,"Vuelo cancelado tras 2 horas dentro del avión. Nos bajaron sin explicación y luego dijeron que harían un “último intento”. A los cubanos residentes nos mandaron a casa por nuestros medios. Solo tras insistir, nos llevaron a un hotel… ¡a las 3 a.m.!Estuvimos 3 días varados porque la pieza que traían no era la correcta. El vuelo reprogramado fue con el mismo avión. Dijeron que saldríamos a las 12:00, pero eran las 12:45 y seguíamos esperando..Total desorganización y sin considerar que muchos teníamos conexiones. Una gestión caótica y un trato inaceptable. No volveré a volar con Air Europa."
AEA_0159,Air Europa,Reino Unido,Madrid,London,Europe,mayo de 2025,1,"Tuve un episodio bastante desagradable al momento de la facturación de mi equipaje. Realise la facturación de mi equipaje entre el mostrador 221-215 terminal 1 a las 5.30 am del seis martes 20 de mayo del 2025.Había 4 personas del personal de air Europa en la entrada de la facturación. Todo ellos estaban hablando como si estuvieran en un bar, no estaban controlando el ingreso de los pasajeros al mostrador de facturación. Decidi acceder al mostrador para facturar mi maleta pero una personal femenino ( estaba peinada con una coleta y lucía una cara redonda) me levantó la voz preguntando donde yo estaba viajando y de muy mala manera me gritó diciendo que debería pasar por ellos antes de dirigirme al mostrador. La verdad que una falta de respeto y muy profesionalismo de parte de la empresa. Una vergüenza. Ojalá que pudieran darles un training al personal de como trata a un cliente."
AEA_0160,Air Europa,"Córdoba, Argentina",Cordoba,Madrid,International,marzo de 2025,1,"No fue mi primera vez con AirEuropa, aunque no haya tenido nunca experiencias demasiado alentadoras (excepto la puntualidad). Su servicio es propio de low cost aunque cuesta como las mejores. La única razón que justificó, hasta esta vez, reiterarlo radica en que resido en la ciudad de Córdoba (Argentina) y AirEuropa es la única opción disponible de vuelo directo, sin escalas, a Madrid. Previo a mi fecha vuelo tramité online y pagué provisión de desayuno a aplicar en el vuelo UX122. Nunca lo proveyeron, reclamé (durante el vuelo) y exhibí constancia de pago. Sólo me dijeron que la sobrecargo se acercaría para explicar quién sabe qué, pero tampoco eso pasó. Apenas unas horas después de arribar a Madrid (09/03/2025), reclamé vía online incluyendo (como es obvio) la devolución de mi dinero. Hoy 19/05/2025, más de dos meses después de los hechos, MI RECLAMO CONTINÚA TRAMITÁNDOSE y hasta el reembolso continúa pendiente. Entonces, no merecen ninguna credibilidad. NO CUENTA SI SE TRATA DE UN DESAYUNO O DE UN BOLETO EN BUSINESS. DA IGUAL, AIREUROPA ME ESTAFÓ"
AEA_0161,Air Europa,Desconocido,Alicante,Madrid,Domestic,mayo de 2025,1,Dos horas de retraso. No ofrecieron NADA en el vuelo. Al aterrizar nos tuvieron a todos los pasajeros 30 minutos en el interior si poder salir. Vuelo memorable 😡
AEA_0162,Air Europa,"Tenerife, España",Tenerife,Madrid,Domestic,marzo de 2025,1,"Antes mi familia volaba con frecuencia con Air Europa. Todo parecía ir bien… hasta que nos tocó vivir una experiencia que no le deseo a nadie. Desde entonces advierto a todos mis conocidos: tengan mucho cuidado con esta aerolínea. 📅 El 28 de marzo celebrábamos el cumpleaños de mi padre y, al mismo tiempo, hacíamos el check-in online para el vuelo UX9049 (Tenerife Norte - Madrid, con salida el 29 de marzo a las 14:30). Y de repente, a las 2 de la madrugada, cuando la gente está durmiendo para poder levantarse temprano y viajar tranquila, recibimos un mensaje notificando la cancelación del vuelo. Sin explicación. Sin opción real. Llamo a la aerolínea, confundida y preocupada. ¿La respuesta? Un trato grosero por parte del agente, que me dice que no tiene información del vuelo y que no puede ayudarme en nada. Increíble. Más tarde esa misma noche, llega otro mensaje: nos reubican automáticamente en un vuelo alternativo... ¡pero salía más de 3 horas después del original! 📉 Y ese nuevo vuelo no nos servía, porque después teníamos conexión con otro país, y con ese horario no llegábamos. Llamo otra vez, explico todo y solicito el reembolso del billete. Lo que siguió fue una odisea: más llamadas, largas esperas, conversaciones en el aeropuerto… y cero soluciones. 🧾 Finalmente, presento una reclamación oficial a través de su web. ¿Y qué recibo como respuesta? Que no me corresponde ni compensación ni reembolso porque, según ellos, “ya se ofreció un vuelo alternativo” — aunque era totalmente inviable por el retraso y yo lo rechacé desde el primer momento. Pero no me rindo. Tengo todos los registros de llamadas, billetes y pruebas. Voy a seguir adelante con una denuncia formal y acciones legales, además de contactar con organismos de protección del consumidor y derechos del pasajero. 👉 Si estás pensando en volar con Air Europa — piénsalo dos o tres veces. Hoy me pasó a mí, mañana puede pasarte a ti. Nosotros, por nuestra parte, no volveremos a volar con ellos. Nunca más."
AEA_0163,Air Europa,Desconocido,Madrid,New York City,International,mayo de 2025,1,"La peor experiencia que he tenido en un vuelo. Hoy mismo he tenido un vuelo a nueva york, donde nos llevaron en un bus hacia el avion, al mismo instante de bajarnos avise a las azafatas de que minpasaporte se habia quedado dentro del bus. Segun ellas, fueron a buscarlo, pero tenian mala actitud, y nos dejaron fuera del avion, sin volar, sin pasaporte, sin informacion, sin ninguna solucion. Espero que al menos me reembolseis un tercio del precio del vuelo por persona. Me parece de muy mala aerolinea que cuando alguien pierda algo, en vez de intentar solucionarlo simplemente echeis a la gente del avion para quitaros el lío. Gracias por nada"
AEA_0164,Air Europa,"Buenos Aires, Argentina",Buenos Aires,Madrid,International,abril de 2025,5,"Es una aerolínea moderna y cumple con su función. Segura, llegamos en horario, no tuvimos dificultades con el equipaje y fuimos bien atendidos."
AEA_0165,Air Europa,"Buenos Aires, Argentina",Buenos Aires,Madrid,International,abril de 2025,2,"los horarios bien. todo tal cual lo q debia ser. ahora bien, si hubiese sabido del servicio a bordo, pagaba mas caro el pasaje por otra aerolinea. el vuelo salio al mediodia. eso es un desastre porque los horarios de cena y sueño quedan todos alterados. la gente dando vueltas por el avion. los baños horrible. la cena en el horario de la merienda. super pobre. la atencion con lo justo. poca amabilidad. sin maltrato pero deficiente. la oferta de peliculas una verguenza. poco y viejo. y lo peor es que ya deben estar tan acostumbrados a la queja que termine de hacer la encuesta que me enviaron de satisfaccion y me dieron un 5% de descuento en el proximo vuelo.. seria ideal que mejoren el servicio."
AEA_0166,Air Europa,Desconocido,Caracas,Madrid,International,mayo de 2025,1,"La peor experiencia en un vuelo...fue una pesadilla NO HABIA AGUA EN EL AVIÓN, No ofrecieron ni café, los asientos no funcionan...la atención pésima UN ASCO DE VUELO Y DE AEROLÍNEA, LOs baños sucios, el avion sucio.....HORRIBLE TODO"
AEA_0167,Air Europa,"Madrid, España",Madrid,Tenerife,Domestic,marzo de 2025,1,"Pésima atención en la T2 en Atención al cliente, pienso que para estar de cara a la atención al cliente hay que tener un perfil que estos empleados no cumplen. Son prepotentes y nadie te soluciona ningún problema además de negarte a hablar con un responsable. No vuelvo a volar con esta compañía."
AEA_0168,Air Europa,Desconocido,Madrid,Tenerife,Domestic,mayo de 2025,1,"Línea aérea que siempre, siempre tiene una excusa para llegar de media una hora tarde. Aviones viejos, poco personal en tierra, si viajas en business te dan “panchitos” y paquetes de cheetos. No tienen acuerdo con AENA en Madrid, las tarjetas oro no acceden a sala. Los puntos no valen para nada, tienen un uso de 1/4 parte de cualquier otra compañía. Es una low cost pero más cara que Iberia."
AEA_0169,Air Europa,Desconocido,Guayaquil,Madrid,International,abril de 2025,1,Muy mala experiencia. El trato del personal pésimo. Primero. Llega la hora de la comida y dice directamente solo hay macarrones Y punto lo que hay. Y segundo pides un vaso de zumo y te contestan que el zumo es solo para los niños . En fin que no lo recomiendo. Espero no volver a viajar en esa aerolínea.
AEA_0170,Air Europa,Desconocido,Madrid,Amsterdam,Europe,abril de 2025,2,"Volar con ellos es una experiencia experiencia inolvidable, especialmente si viajas por trabajo, como fue nuestro caso. Es como volver a los años 90, pero con los precios de 2025. Todo empieza en el embarque del propio aeropuerto, hay tres filas, nadie explica nada. Supuestamente el grupo 3 pasa antes, pero los del cuatro se cuelan y el personal de tierra no revisa las tarjetas de embarque. El resultado es que los que sí que hacemos la cola del grupo 4 (a pesar de haber hecho la cola y estar de los primeros) terminamos facturando la maleta, pero por la incompetencia de este par de señoritas que claramente se ven sobrepasadas por una actividad para la que no parecen formadas. Cuando se lo decimos al pasar nuestra entrada de embarque ponen cara de sorprendidas, como si hubieran visto un OVNI, una de ellas se defiende regular en español (idioma local) y la otra nos ignora porque esa siempre es la mejor opción estrategia ante tanta incompetencia confesa. Cuando subimos al avión la experiencia no mejora, los asientos de poli piel del año la polka se comienzan a descomponer y descoser. El avión (un Boeing 737) tiene más años que Matusalen, cero enchufes para cargar dispositivos y mucho menos WIFI o algún sistema de entretenimiento a bordo. Pero bueno, para matar un poco el tiempo se me ocurre pedir un café con leche.. ¿qué puede salir mal? Es un simple café con leche; pues sujétame el cubata. Me ponen un café que parecía de polvos, pero lo mejor es que me lo sirven solo, le pregunto a la azafata y resulta que la leche viene en polvo que me facilita con un sobre de aspecto terrible. Seguramente la leche en polvo estará fabricada en cualquier parte del globo y traída hasta Madrid, esto debe de ser que sale más barato que tener un cartón de leche a bordo. En resumen, volé con AirEuropa a Amsterdam en el vuelo UX1091 porque lo cogí tarde por trabajo con menos de una semana de planificación, y ahora entiendo porque la gente dice que no es una buena opción si vas a trabajar. La aptitud y profesionalidad del personal de tierra es lamentable, tuvimos que facturar por su falta de control en el embarque, el avión súper viejo y la atención a bordo bastante mediocre. En definitiva, si tienes tiempo para reservar paga más y vuela con KLM o Iberia. Evitaremos la próxima vez en vuelos internacionales con ellos. No los recomiendo para nada. Actualizo: el vuelo de vuelta era si cabe más viejo aún. No había apenas espacio en los maleteros para subir maleta. Más de medio avión fue obligado a facturar a pie de avión. Y a todo esto unamos que casi nos asfixiamos esperando a despegar. Para acabar, nos tiramos esperando casi 45 minutos las maletas facturadas. En resumen, peor incluso que la ida."
AEA_0171,Air Europa,Desconocido,Madrid,Paris,Europe,abril de 2025,1,"Me parece lamentable el trato recibido de la mujer que se encargaba de hacer el embarque, fui a preguntarle por el vuelo y como malas formas me contestó que mirara la pantalla que no me iba a ayudar, le dije que si podía ser un poco más amable ya que no son las formas adecuados y me dijo que no, que no le daba la gana de ser amable. Persona poca cualificada para trabajar de cara al público, si yo fuese el jefe no me gustaría que se tratara así a las personas."
AEA_0172,Air Europa,Desconocido,Bogota,Malaga,International,marzo de 2025,1,"Primero: no te regalan los auriculares si no que te cobran 3 euros por unos cascos malísimos. No te regalan ni antifaz para la luz ni cepillos de dientes ni zapatillas ..9 horas de vuelo y te dan lo mínimo.La comida que te sirven es sólo una y súper escasa, el desayuno un café y una magdalena...y lo mejor de todo...llega 4 horas con retraso al destino, saben que nos corresponde 600 euros por persona y nos dan largas así que...iremos a juicio"
AEA_0173,Air Europa,"Comunidad Valenciana, España",New York City,Madrid,International,abril de 2025,2,"Segunda vez que vuelo con esta compañía. La primera vez 5 horas de retraso y esta segunda vez 1 hora. A parte de esto, los calificaría de cutres, cutres y más que cutres. En un vuelo de este estilo, te cobran los auriculares. 6 horas y media viendo las musarañas.. Renfe te regala los auriculares para un viaje de 2 horas y está empresa te los cobra en un vuelo de 6 horas. Impresentable.. Cuanto dinero ahorran, 1€ por juego? No creo que me vean más veces viajando con esta compañía.."
AEA_0174,Air Europa,Desconocido,Madrid,Lima,International,abril de 2025,3,Primero. Un vuelo de casi 12 horas con entretenimiento donde te cobraban por los auriculares 3€.Los inalámbricos personales no funcionan con su sistema. Acaso es una Low Cost? Y desayuno una magdalena 🧁 y un café. Y una sola comida si quieres más aparte. Lo único el agua que podrías servirte. Mejor cobrar 3€ más x el billete e incluir los auriculares que queda muy rácano cobrar aparte. Air Europa ya no es lo que era.
AEA_0175,Air Europa,"Barcelona, España",Madrid,Panama City,International,abril de 2025,2,"Retraso en los vuelos, la comida pésima y escasa ,nos pusieron unos macarrones hervidos con queso y ninguna salsa...horrible,recomiendo que se lleven bocadillos, los asientos muy justos ..."
AEA_0176,Air Europa,Desconocido,Bilbao,Madrid,Domestic,marzo de 2025,1,"El vuelo despegó con una hora de retraso. Por este motivo perdí la siguiente conexión que tenía ya pagada con los autobuses ALSA. Un desastre. Lo curioso es que de todos los vuelos que se mostraban en el panel de próximas salidas, habia dos que mostraban retraso en el panel informativo. Los dos vuelos retrasados eran de Air Europa. Casualidad? No creo q vuelva a tentar a la suerte, espero evitar esta compañía."
AEA_0177,Air Europa,Desconocido,Barcelona,Madrid,Domestic,marzo de 2025,2,"Aterriza en Madrid llueve. Se debe bajar la escalerilla mojada con la maleta de mano, caminar bajo la lluvia hasta un bus donde llueve igual que afuera. Piso del bus lleno de agua......solo algunos pasajeros , evitaron esa experiencia esos que solicitan""asistencia""... Baja en ascensor del avión y no se mojan....Conclusión...el próximo vuelo será en otra empresa o solicitaré "" asistencia"" aunque no soy discapacitado"
AEA_0178,Air Europa,Desconocido,Madrid,New York City,International,abril de 2025,1,"Tanto id como vuelta el vuelo se retrasa mínimo 1h y 30min, los asientos super incómodos y sin nada de espacio para las piernas"
AEA_0179,Air Europa,"Ciudad de Panamá, Panamá",Amsterdam,Panama City,International,abril de 2025,1,"Primera vez volando con la agencia y fue una terrible experiencia. Pésimo tiempo de espera para abordar, vuelos de conexión mal planeados y el trato del cabin crew fue terrible, groseros y altaneros."
AEA_0180,Air Europa,Desconocido,Madrid,Havana,International,enero de 2025,1,"La verdad que estamos muy enfadados con la compañía , ya que queríamos viajar en bisnes con nuestra mascota y no se puede , para viajar con mascotas solo se puede en clase económica, no lo entiendo"
AEA_0181,Air Europa,Desconocido,Cancun,Madrid,International,abril de 2025,1,"El servicio de atención para la documentación es pésimo, solo buscan sacar dinero por cualquier cosa, cuando preguntas por una maleta para registrar en cabina te cuesta 240 y cuando estás en el mostrador resulta que es gratis. La limpieza del avión es un asco hasta te cae agua por el aire acondicionado y los maleteros más sucios no pueden estar."
AEA_0182,Air Europa,"Madrid, España",Palma de Mallorca,Madrid,Domestic,marzo de 2025,1,"Viajo en avión por trabajo como mínimo 4 veces al mes y llevo siempre la misma maleta de mano inferior a 10kgs. En esta ocasión me pidieron que la midiera en el medidor que tienen en la puerta de embarque. De ancho Sobresalía ligeramente ya que había metido un abrigo que abultaba más de la cuenta y me dispuse a sacar esa prenda de la maleta para aligerar el volumen como he hecho en infinidad de veces más y nunca me han PROHIBIDO hacerlo pero en esta ocasión una señorita con acento brasileño sumamente desagradable y con muy malos modales me ha dicho que no sacara nada ya que de todos modos la iban a bajar a la bodega. He insistido en abrir MI maleta para sacar la prenda que hacía que estuviera más abultada y sin mirarme a la cara me ha dicho que rotundamente no sin darme opción a volver a comprobar que si cabía en el medidor. Con la compra de mi billete tengo DERECHO a llevar un bolso de mano y una maleta de Máximo 10kgs cosa que cumplía ya que como indico, viajo con muchísima frecuencia y conozco los protocolos. Le he pedido de manera muy educada si me podía decir su nombre cosa que se ha negado a hacer. Yo trabajo en el sector hotelero entre otras cosas porque me gustan las personas y disfruto de mi trabajo. Honestamente creo que a esta señorita no le gusta el suyo y que en lugar de estar atendiendo a personas debería dedicarse a otra cosa que no implique un mínimo de educación y amabilidad ya que ella carece de esto por completo. Me he sentido sumamente ofendida no por el hecho de que me hicieran medir la maleta, cosa que entiendo por sus normas, sino por no darme la oportunidad de abrir mi maleta para poder cumplir con esas normas , y especialmente por el trato tan despectivo y desagradable que me ha “brindado” esta señorita. Sinceramente y gracias a ella y su mal servicio, me lo pensaré muy mucho antes de volver a volar con Air Europa. Lastima que personas así estén de cara al público. Muchas gracias"
AEA_0183,Air Europa,Desconocido,Madrid,Havana,International,abril de 2025,1,"Aerolínea rescatada por el gobierno español. Una vergüenza de atención, no por los empleados, por la porquería de comida. 8 horas de vuelo y el catering, sólo una comida de vergüenza."
AEA_0184,Air Europa,Desconocido,Madrid,Buenos Aires,International,marzo de 2025,1,La peor aerolínea por lejos para viajar de España a Buenos Aires. El precio es igual o aún más caro que otras aerolíneas y el servicio es pésimo. Te cobran por absolutamente todo. Menú vegetariano? Hay que pagar. Auriculares? Hay que pagar. El desayuno es un misero muffin con una infusión. Lección aprendida. Nunca más viajó con esta aerolínea aunque tenga que pagar el doble para ir en otra.
AEA_0185,Air Europa,Desconocido,Madrid,La Coruna,Domestic,agosto de 2024,1,"LADRONES Y ESTAFADORES, por un error en fechas y avisando con 5 meses de antelación para retrasar mis vuelos quieren cobrarme a mayores de lo ya pagado 78 euros por pasajero, alegando 60 euros de penalización y 18 por gastos de gestión, cuando actualmente un vuelo Madrid La Coruña con esta misma compañía esta en 130 euros (los tres billetes de avión) es vergonzoso. No facilitan soluciones. Mucho ojo con esta aerolínea, ya que cobran por unos servicios no prestamos."
AEA_0186,Air Europa,Desconocido,Madrid,Bogota,International,marzo de 2025,1,"Son el Ryanair versión transcontinental. Cobran por la comida, por los auriculares y cuando haces el checkin 24 horas antes no hay asientos gratuitos para elegir. Si pones aleatorio (la única opción gratuita) te ponen en el asiento del medio. Me parece un servicio bastante rastero para una reserva de 800 euros. Además, los dos vuelos que he cogido retrasados casi dos horas. Hazme caso, merece la pena pagar un poco más para no volar con ellos"
AEA_0187,Air Europa,Desconocido,Buenos Aires,Madrid,International,abril de 2025,1,"El principal recuerdo de mis vuelos intercontinentales de Air Europa son los asquerosos baños. Mucha pantalla individual para ver cine en cada asiento, pero no tienen un sistema de cisterna (inodoro, water) óptimo de limpieza, porque se obstruyen muy fácilmente, y se quedan restos de heces y mal olor. Pagamos más de 100 euros por los asientos en salidas emergencia, porque como siempre la mayoría de los asientos están pensados para personas con menos de 180cm de altura. Justo los baños al lado de estos asientos en la salida de emergencia, están los asquerosos baños que con la gran cantidad de pasajeros que los visitan, inundan la zona con malos olores."
AEA_0188,Air Europa,Desconocido,Ibiza,Bilbao,Domestic,abril de 2025,5,Ayer cogí un vuelo ibiza/ bilbao con mi mascota rey. La chica que me vendió el billete de ibiza que es de Torrelavega fue encantadora resolvió mi problema en un momento y fue muy amable al igual que los dos chicos que estaban en el mostrador. Intente coger dos vuelos con Iberia y pagado y nos dejaron en tierra a parte del maltrato que nos dieron por teléfono. Yo lloraba desesperada preocupada por mi mascota un labrador y ellos les daba igual. Gracias a airEuropa por ser más humanos. Nuestras mascotas no son un paquete son nuestros órganos que muchas compañía no entienden.
AEA_0189,Air Europa,Desconocido,Madrid,Miami,International,marzo de 2025,1,"Nunca vuelen en clase business con la aerolínea española Air Europa, especialmente en vuelos transatlánticos! ¡Nunca, nunca, nunca! No se dejen engañar por videos de YouTube de algunos blogueros que, gracias a una promoción, entraron por primera y única vez en su vida en la clase business, sin haber volado allí antes ni volverán a hacerlo. La avaricia, la mediocridad y la mezquindad absoluta de la directiva, los gerentes y el personal de esta aerolínea son indescriptibles. ¡Y no les recomiendo probarlo en la práctica! El servicio a bordo es terrible, y esto por 1.400 euros el billete solo de ida. Durante el vuelo, se genera una sensación constante de desatención, falta de amabilidad y, con frecuencia, una ignorancia deliberada de las solicitudes más básicas de los pasajeros por parte de la tripulación. Para la tripulación del vuelo Madrid-Miami del 28.03.2025, los pasajeros de clase business éramos una carga molesta que solo complicaba aún más su ya difícil vida. Era evidente que les estorbábamos con nuestra presencia: su indiferencia, su apatía y su total desconexión lo demostraban en cada momento del vuelo. Interrumpíamos a los tripulantes cuando comían, hablaban entre ellos, bloqueaban el pasillo, abrían y cerraban sus maletas, y realizaban cualquier otra actividad que no fuera atender a los pasajeros. La tripulación estaba compuesta por un hombre y una mujer, ambos mayores de 50 años, nada amables, nada educados, casi sin conocimientos de inglés, con caras de haber perdido a todos sus familiares esa mañana y haber sido obligados a trabajar sin cobrar su salario durante al menos seis meses. Atendieron el botón de llamada solo dos veces en nueve horas de vuelo. La comida: miserable. Calidad de fast food barato, porciones diminutas y todo servido con una lentitud increíblemente desesperante. Y esto por un precio de billete elevadísimo. Era evidente que todo estaba diseñado para ahorrar dinero a costa del pasajero. Mi vecino de asiento esperó una hora por un café. Yo pedí té tres veces y luego desistí, porque cada solicitud generaba una reacción de irritación por parte de la tripulación: parecía que pedir algo era obligarles a trabajar en contra de su voluntad. La próxima vez que vendan billetes, especifiquen con claridad cuántas veces se puede llamar al tripulante de cabina sin que se irrite, cuántas veces se puede pedir té, y cómo hacer para que lo sirvan en una taza normal y no en una de espresso diminuta. El business class del vuelo Madrid-Miami del 28.03.2025 estaba completamente lleno. Esto significa que, solo por esta cabina, la aerolínea recaudó aproximadamente 40.000 euros, pero la azafata, ante cualquier solicitud, respondía con molestia: ”¿No ve que solo somos dos? No nos da tiempo.” Y esto en un inglés pésimo en un vuelo a EE.UU. Es inaceptable que, por un precio tan alto: • El WiFi no funcione (a menos que se paguen 30 euros adicionales). • La comida sea escasa y de mala calidad. • Los tripulantes trabajen como si llevaran meses sin cobrar y jamás hubieran recibido formación en servicio al cliente. Prepárense para volar en el peor low cost, pero pagando precio de business class. ¡Pero repito: no lo hagan! La avaricia extrema y la total ausencia de servicio al cliente en esta aerolínea son simplemente ofensivas, sobre todo considerando el precio astronómico que cobran. Lo único que salvó la situación fue que, después de insistir, conseguí dos panes con queso, que la azafata me entregó con la actitud de quien reparte las últimas provisiones en plena Guerra Civil Española. El té siempre lo servían en media taza, derramado en el platillo y sin una servilleta. La azafata encargada del business class en este vuelo no debería trabajar en aviación. Como mucho, podría ser revisora de billetes en un tren de cercanías de Madrid. Ni siquiera la enviaría a un tren de larga distancia. Y en business class, simplemente no tiene nada que hacer: ni ella ni su compañero tienen la menor idea de lo que significa brindar un servicio de calidad. Una experiencia tristísima por un precio altísimo. Qué pena que esta aerolínea se haya degradado hasta parecer un viejo tranvía destartalado, con conductores groseros y nada más. La tripulación pasó todo el vuelo charlando, tomando té, comiendo y paseándose por la cabina, sin preocuparse por los pasajeros. ¡No vuelen con Air Europa! Es dinero, tiempo y nervios desperdiciados, lamentablemente. (Adjunto foto del servicio de té.) Señores propietarios y directivos de Air Europa: ¡Comprar asientos reclinables e instalarlos al principio del avión no significa que han creado una clase business! Ni ustedes ni su personal tienen idea de lo que eso significa."
AEA_0190,Air Europa,Desconocido,Madrid,Buenos Aires,International,marzo de 2025,1,En primer lugar 30 hora antes del embarque no ponían la puerta y tampoco informaban de si estaba atrasado o no. Además todos los vuelos con destinos a países de sud américa estuvieron en colas de 1 hora o más para embarcar. Ineficientes totales.
AEA_0191,Air Europa,Desconocido,Madrid,Porto,Europe,marzo de 2025,1,"Pésimo servicio. Aunque la maleta quepa perfectamente en el cajón para comprobar medidas, se inventan de la nada cualquier motivo para cobrarte el exceso de equipaje. Maleta, por cierto con la que hemos viajado en numerosas ocasiones sin problema alguno. Trato con indiferencia y prepotencia. Cero recomendado viajar con esta compañía."
AEA_0192,Air Europa,Desconocido,Madrid,Porto,Europe,marzo de 2025,1,"Son unos caraduras !!! Nos hacen facturar el equipaje de mano para luego cobrarnos una maleta que cabía perfectamente en El Cajon de medida. La mujer nos dice que tiene que cobrarlo porque era demasiado grande , ( porque tiene un metro visual ella ) , se lo metemos en su cara y aún así dice que es grande la muy SINVERGÜENZA"
AEA_0193,Air Europa,"Madrid, España",Palma de Mallorca,Madrid,Domestic,marzo de 2025,1,"El facturar una maleta de 21,3k, te cobran 60€, un robo, más caro que el billete, no me extraña que el lumbreras del presidente tuvieras negocios turbios con gente de mal vivir, así recupera lo que pueda deber. De Vergüenza"
AEA_0194,Air Europa,Desconocido,Amsterdam,Madrid,Europe,marzo de 2025,1,"Pues un desastre…el embarque un poco tarde porque resulta que tenían que repostar, lo de preverlo antes y tal para ajustar horarios,para qué no?…ok venga…el vuelo tranquilo,la verdad, pero media hora o más, antes de tocar tierra, han dicho que en unos minutos ya aterrizábamos y unas narices, al final el vuelo de 2 horas y 15min q dijeron, se ha convertido en 2 horas 45 minutos y ahora ya por fin después de 45minutos esperando sale la maleta. Menuda eternidad. Nunca más Air Europa."
AEA_0195,Air Europa,"San Jose, Costa Rica",Lisbon,San Jose,International,marzo de 2025,1,"Pésimo servicio. En el regreso de Lisboa hacia Costa. Desde Lisboa la salida es tardía para hacer escala en Madrid, ya en Madrid el vuelo sale bien y luego de 1 hora de vuelo nos informan que regresamos a Madrid ya que la aeronave tiene un desperfecto. De vuelta a Madrid cambio de avión que implica retraso de casi 4 horas respecto a la salida original. Esto genera que pierda mi conexión en Panamá hacías Costa Rica, llegamos a Panamá a la media noche y el nuevo vuelo que consiguen es hasta las 7 am, y lo mejor del caso es que no ofrecen comida en esa espera . La cena la sirvieron en la primer hora de vuelo, o sea que las 9 horas restantes de vuelo más las 7 horas de espera (16 horas) no ofrecen nada (máxime considerando que uno perdió la conexión por atrasos de sus vuelos) al final la gente reclamo ya do que ofrecieron $12 para desayunar en el aeropuerto.por cierto en varios lugares nos presentamos con el voucher de comida y nos decían que si era de Copa lo aceptaban pero de Air Europa no.El servicio de Air Europa en Panamá muy malo.Despues de todo esto resulta que las valijas no llegan a Costa Rica y un personero de Copa me atiende y me dice que va a tramitar el reclamo con Air Europa pero que tome en cuenta que ellos solo trabajan en la tarde y que a veces no contestan. NUNCA más con Air Europa"
AEA_0196,Air Europa,Desconocido,Cordoba,Madrid,International,marzo de 2025,1,"Nos bajamos del avión olvidando unas pertenencias. Demoraron 9 hs en ir a revisar si en el avión. Lo bueno es que las encontraron. El error es nuestro al olvidarnos algo, pero la inoperancia de todo el personal para resolver un simple problema es preocupante."
AEA_0197,Air Europa,Desconocido,Las Palmas de Gran Canaria,Miami,International,marzo de 2025,1,"Ahórrate tu dinero y no viajes con semejantes ineptos, desde mi salida de Miami he tenido Problemas con el personal. Primero me querían cobrar la maleta de mano porque según ellos las medidas sobrepasan ( adivinen que? La maleta cupo perfectamente) después me obligaron a pesar mi mochila ( en la cual lo que llevaba era mi Mac y producto de aseo para el viaje) junto con mi maleta de mano, según la estúpida porque no tiene otro nombre de la que despacha en Miami esa es la nueva normativa. Cuando llegó a Madrid nos tienes una hora sentados en el avión porque adivinen !?!!! Han vendido más asientos y tienes q sacar Maletas. Vuelo de vuelta a Miami tres horas en el avión, el avión se apagó más de tres veces y no nos dejaban ni bajar, aquí estamos esperando solución del piloto que responda cuando tiene que dar una explicación. Suerte si eres valiente para volar con esta gentuza."
AEA_0198,Air Europa,Desconocido,Madrid,Palma de Mallorca,Domestic,enero de 2025,1,Viaje con Air europa el 6 de marzo de Madrid a mallorca y cuando llegamos más maletas le habían roto las ruedas pase a reclamar en el mismo aeropuerto de palma y me dijeron que está compañía por esos imperfectos no te habonaban nada así que me han roto la maleta y se me he quedado sin ella ahora ando tirando de ella a rastras una simvergonceria
AEA_0199,Air Europa,Desconocido,Paris,Buenos Aires,International,febrero de 2025,1,"Nos obligaron a mandar nuestras valijas carry on en bodega, (seguro porque venden mucho equipaje adicional y no les importa) las de atención en el embarque son unas irrespetuosas sin educación que ni siquiera te miran cuando les hablás, si tenés cosas importantes e las carry on andas con miedo a que te las pierdan, pero eso no es lo peor ya que al recogerlas les habían roto 2 rueditas y si querés reclamar te piden tantas cosas (hasta la factura de tu valija y presupuesto por alguien que arregle valijas de cuanto te saldría el arreglo) que te terminás cansando de reclamar. Maleducados e ineficaces. No vuelen en esta aerolínea de cuarta, paguen un poco más y vuelen bien."
AEA_0200,Air Europa,Desconocido,Paris,Madrid,Europe,marzo de 2025,1,"JAMÁS voy a volver a volar con air Europa. Los dos últimos vuelos me han costado 500€ tirados a la basura - o mejor debería decir robados por air Europa. 1) me han cancelado un vuelo, la alternativa propuesta no me conviene en absoluto, y no me devuelven el dinero. Conclusión: se quedan con mi dinero a cambio de nada. 2) me equivoqué en los detalles de un vuelo, llamé al momento para intentar cambiarlo, es LA ÚNICA aerolínea que no soluciona este problema en menos de 24h. El servicio de atención al cliente completamente inútil y con las manos atadas para absolutamente todo. Estoy HARTA de ellos."
AEA_0201,Air Europa,"Madrid, España",Milan,Madrid,Europe,diciembre de 2024,1,"estafan con el cobro por exceso de equipaje, cuando no hay ningún exceso! ni en peso, ni en medidas! Y mala actitud del personal y muy arrogante! No pueden competir con Iberia! El personal de tierra de MXP Una pandilla de ladrones"
AEA_0202,Air Europa,Desconocido,Lima,Madrid,International,febrero de 2025,1,La tripulación deberían dedicarse a otra cosa...su servicio al cliente es nulo...e inexistente una actitud despota impresionante
AEA_0203,Air Europa,"La Plata, Argentina",Buenos Aires,London,International,febrero de 2025,2,"Si bien el avión es técnicamente bueno y cumplen horarios , el servicio de abordo es pésimo , la calidad y cantidad de comida es mala, no te dan desayuno en un viaje de más de 12 horas pero te venden todo y no es una empresa los cost."
AEA_0204,Air Europa,Desconocido,Tenerife,Bilbao,Domestic,enero de 2025,1,"Se puede recomendar al peor de tus enemigos. Atención repugnante. Maltratado y vejado. atención nula. No hay catering, vuelo procedente de República Dominicana, solo hay papel higiénico y en mal estado."
AEA_0205,Air Europa,Desconocido,Madrid,Cancun,International,febrero de 2025,1,"Cuando he intentado reservar el vuelo con AirEuropa a través de vuestra web, el pago se ha realizado pero el proceso ha dado error. He llamado a atención de usuario para solicitar ayuda y me dicen que efectivamente se ha producido un error en el proceso pero que lo corrigen. Me dicen que lo ha corregido pero tenía un seguro de viaje asociado que parece ser tenía que gestionar por fuera si quería solucionarlo, algo que no me interesaba ya que si tengo que gestionarlo por fuera, para que voy contratarlo con vosotros. Me ofrecen la posibilidad de cancelar la reserva y reembolsar el billete integramente para poder volver a solicitarla a travé de vuestra web. Sin embargo al cancelarla y gestionar por vuestra parte el reembolso, este no llega a mi cuenta del banco, con lo que me veo muy afectado ya que no dispongo de mas de 4.000€ para poder realizar la compra de nuevo. Me dicen que hable con mi banco, pero no entiendo como, tras comprar a través de vuestra web tengo que gestionar con vosotros por teléfono y también con mi banco. Finalmente me quedo con gestiones varias que hacer, sin dinero y sin billetes. No se cuando recibiré el dinero en cuenta (a pesar de haber hecho una transferencia inmediata ellos no han sido capaces de hacerme lo mismo). Sinceramente una experiencia de usuario muy muy mala."
AEA_0206,Air Europa,Desconocido,Buenos Aires,London,International,febrero de 2025,1,"Pésimo desde el trato en mostrador de los empleados tanto en bs as como en Madrid; hasta las escasas comodidades de los aviones y del servicio que brindan. Todo pedorro, 1ra y última vez. Sumado a la escasa opciones que tenes para hacer reclamos si estás en el exterior. PAGUEN UN POCO MÁS Y VAYAN POR IBERIA"
AEA_0207,Air Europa,Desconocido,Cordoba,Lisbon,International,enero de 2025,5,"Traje mi Perrita con AirEuropa en Bodega. De el personal que hace check in; el aeropuerto; la tripulación; y hasta el capitán, trató a mi mascota con cuidado y cariño. Azafatas simpáticas y muy predispuestas a ayudarnos."
AEA_0208,Air Europa,Desconocido,Buenos Aires,Madrid,International,febrero de 2025,1,"La peor compañía, recomendamos no dejarse ilusionar que cuesta algo menos en comparación con otras porqie luego te cobran hasta para respirar la comida es horrible los asientos están pegados se te acalambran las piernas y si necesitas algo el servicio. Cliente es inexistente"
AEA_0209,Air Europa,Desconocido,Paris,Madrid,Europe,febrero de 2025,1,"Compre boletos en bussines para mayor comodidad en cuanto a tiempos. Ando con mi bebe de 9 meses por lo que salir más rápido y la supuesta entrega de equipaje es inmediata. Mi maleta no llego, me indican que llegaría en el vuelo siguiente y que vaya a buscarla. Nuevamente no llego. No son capaces de cubrir los gastos. Lo he pasado pésimo sin mis cosas y las de mi bebé. No tengo absolutamente nada. La página es horrible el sistema. Lejos la peor aerolínea."
AEA_0210,Air Europa,"Darmstadt, Alemania",Frankfurt,Buenos Aires,International,diciembre de 2024,1,"El vuelo hizo escala en Madrid, donde por problemas técnicos esperamos 2hs adentro del avión hasta saber cual fué el problema, luego nos tuvimos que bajar del avión y esperar otras 8hs hasta el próximo vuelo. En todo ese tiempo solo nos dieron 10 euros como voucher y muchas personas no pudieron comprar nada para beber o comer porque solo había un negocio abierto. Personal de auxiliar de vuelo nos dio un código QR diciendonos que como el vuelo se demoró más de 6hs y la distancia es superior a 3.500 la aerolina nos compensara con 600 euros que corresponde por ley, pero al reclamar se niegan constatemente a hacer esa devolución de dinero y responden de manera muy poco profesional. No responden E-mails hasta que llamas 3 veces teléfono exigiendo una respuesta y cuando responden lo de hacen de manera mala y sin fundamento, claramente las personas no están capacitadas para un puesto de trabajo así. No recomiendo esta aereolina ni a mis enemigos."
AEA_0211,Air Europa,Desconocido,Cancun,Madrid,International,enero de 2025,1,"El viaje de vuelta fueron 9 horas de tortura, el espacio entre asientos minúsculos y las piernas pegadas al asiento de delante. El vuelo iba completo. No volveré nunca a volar con Air Europa. Llegado el momento de oscurecen las ventanillas y te impiden ver el espacio exterior, fue un vuelo nocturno, y hay que dormir a la fuerza, aunque en esas condiciones de incomodidad es imposible. No sé como hablan de seguridad y de en caso de emergencia coger el chaleco de debajo del asiento, si con tan poco espacio no te puedes agachar, sin molestar al pasajero de al lado tirándote encima."
AEA_0212,Air Europa,Desconocido,Sao Paulo,Madrid,International,febrero de 2025,1,"Las auxiliares de vuelo trabajaban como si estuvieran obligadas a estar allí, extremadamente groseras. En un vuelo de 10 horas, la aerolínea sólo sirvió una comida. Además, la manta proporcionada era diminuta y de mala calidad."
AEA_0213,Air Europa,Desconocido,Madrid,La Coruna,Domestic,febrero de 2025,1,"Despues de varias veces vividas estas injusticias, hoy me decido a escribir por si vale para q hagan cambios para mejorar la compañia. Viajo a menudo en avion y muchas veces en esta compañia. Pero de un año para aqui, algo cambió en su gente. Los embarques todos sin orden, hay filas y despues siempre la gente q se cola la ponen a un lado, y cuando llega su turno son los primeros( asi se saltan la cola) ,injusto para los q vamos dd nos toca. Y es la segunda vez q llevando solo el equipaje de cabina me lo llevan en bodega, sin razon. Si las normas son, son para todos. Me enfada mucho q me retiren mi maleta sin razon. La primera vez tardo mas de media hora en cogerla, por la consecuente casi me pierdo el vuelo, en ese caso era de (A Coruña a Madrid).Y despues pasan en la misma zona otras q si pueden ir y alguno mochila y maleta de cabina. Hoy me decia un señor q la midiera q no daba las medidas( despues de ver q si daban y sin podee poner jn motivo dice q es q no hay sitio) Me parece perfecto siempre no lo haya para todos los siguientes. Lo q no puede ser es q si pasaran maletas mas grandes y mas gruesas despues. En este caso 12 de las cuales 3 , eran de mayor tamaño. Por favor miren las camaras y controlen a los trabajadores , porque era una conpañia media y ahora siempre en cada vuelo hay incidencia h se nota q algo va mal en su organizacion. Muchas gracias."
AEA_0214,Air Europa,"Almuñécar, España",Madrid,Lima,International,enero de 2025,1,"Es la primera vez que vuelo con Air Europa el trayecto Madrid - Lima y sinceramente va a ser la última vez. Pagar cerca de 1000€ y que te cobren 3€ por unos auriculares me parece de un raterio extremo, luego en el vuelo de 12 horas te dan una ""comida"" principal que es minúscula. Pero lo más vergonzoso es el desayuno, después de 9 horas de vuelo, para desayunar un té o un café jajajajaja ni Ryanair se atreve a tanto. Si me dices que me cuesta el billete 400-500€ lo puedo entender pero es que han sido 980€ del ala, sois la compañía más RATA del planeta y mira que he viajado con compañías aéreas por medio mundo. Iberia, Air France o KLM os dan mil millones de vueltas en servicio a bordo en vuelos transoceánicos. Sois la RATANAIR de los vuelos transoceánicos, muchas felicidades al seño Hidalgo, ya sabemos que en servicio a bordo no se gasta la pasta del rescate que hemos pagado todos. Mi queja es solo al servicio a bordo estilo rata, el avión muy bien, y los/las azafatas/os muy bien. Lo dicho la primera y la última vez que vuelo con Air Europa y si alguien me pregunta que tal se vuela con Air Europa ya sabéis mi respuesta. Un saludo."
AEA_0215,Air Europa,Desconocido,Madrid,Managua,International,diciembre de 2024,2,"Me cobraron por las maletas de cabina 160€ por cada una ala ida y a la vuelta,cuando yo ya las había pagado en la agencia.Es el segundo viaje que hago de este tipo la primera vez fue con Iberia y la próxima lo volverá a ser."
AEA_0216,Air Europa,Desconocido,Mexico City,Madrid,International,enero de 2025,1,"Son unos estafadores, despues de un retraso de mas de 6 horas en el vuelo deberian pagar 600€ por viajero, se desentiende y no pagan nada si ni si quiere revisar la numerosas reclamaciones que he interpuesto. Son 3 pasajeros a 600€ cada uno 1.800€ que me han robado"
AEA_0217,Air Europa,Desconocido,Madrid,Venice,Europe,enero de 2025,1,"Contraté vuelo más alojamiento en la plataforma de Air Europa HOLIDAYS y menudo error!! Reservamos una habitación en concreto que se ofertaba en la página web y al llegar al alojamiento nos dieron otra que no correspondía con la que nosotros seleccionados. Evidentemente el hotel poco podía hacer, porque a ellos les había entrado la reserva de esa habitación. Un engaño total!!!!!!!! Ofrecen una cosa y luego ellos hacen lo que quieren!!!!!!!!! La habitación que en principio nosotros queríamos tenía un coste extra de 80€ la noche, por dos noches... 160€, que debíamos abonar al finalizar la estancia en dicho hotel. Para tres días que fuimos, pasamos gran parte de nuestras vacaciones en llamadas infinitas por tlf para solventarlo. Después de perder muchísimo tiempo... Nos ofrecen una solución en base a nuestra tarifa de abonarnos 75€. Por 160€... Una empresa tan reconocida... Y con todas las molestias causadas.... Me parece vergonzoso! Siguen en departamento de reclamaciones después de 2 semanas sin darme solución. Publicidad completamente engañosa y encima llegando a otro país, preparando todo desde aquí para que no haya imprevistos..... Vamos. Primera y última vez que funciono con ellos y os lo aviso a todos para que no os ocurra la misma experiencia desagradable..."
AEA_0218,Air Europa,"Ciudad de Guatemala, Guatemala",Panama City,Madrid,International,septiembre de 2024,2,"Air Europa es básicamente ""tenemos Iberia en casa"", lo cual es gracioso porque Iberia no es que sea la gran cosa. Decidí viajar mediante Air Europa para ahorrar un poco de dinero, craso error, a veces las azafatas son amigables y otras veces muy pesadas, lo mismo con la gente que tienen en el mostrador. La comida que sirven lo deja a uno con hambre para que le puedan vender a uno alimentos sobre-preciados. Les recomiendo que si quieren ahorrarse el mal humor de las azafatas e ir bien alimentados, viajen por Iberia o algo mejor."
AEA_0219,Air Europa,"Barcelona, España",Barcelona,Punta Cana,International,enero de 2025,1,Esta compañía es lo más lamentable que he viajado en 30 años. Un retraso de un vuelo suyo de BCN a MAD nos hace perder a la mitad del pasaje el vuelo operado por ellos a Punta Cana llegando al mismo tiempo que se iba el otro y no se pudieron esperar. Nos dejan un día tirados con 150 euros de compensación que aún no pagaron para alojamiento cena desayuno y comida en pleno Fitur. Aún encima el otro vuelo es Santo Domingo y no a Punta Cana (otras 3 horas de autobús por la cara) LAMENTABLE
AEA_0220,Air Europa,Desconocido,Vigo,Malaga,Domestic,enero de 2025,1,"Le doy uno porque no hay 0, tenia vuelo de vigo a malaga con escala en Madrid, aireuropa salio con una hora y 15 min de restraso desde vigo, al llegar a madrid evidentemente el vuelo con aireuropa para malaga ya habia cerrado,no me dejaron embarcar y me han puesto en un vuelo que salia a las 19h05. Yo no me retrase por gusto mio sino por culpa de ellos.porque tengo que asimilar una responsabilidad que no es mia?tengo compromisos y tenia que llegar a Malaga a la hora prevista a la cual tenia que haber llegado que eran las 16h05"
AEA_0221,Air Europa,Desconocido,Madrid,Buenos Aires,International,diciembre de 2024,2,"1) MI VALIJA LLEGO DESTRUIDA A DESTINO. 2) MAS DE 3 MAIL ENVIADOS DE RECLAMACION Y AUN DESPUÉS DE 2 SEMANAS NO HAY RESPUESTAS. 3)Jugaban con la calefacción del avión ya que no había mantas ni almohadas para poder descansar, en un momento era asfixiante y a las 5 de la mañana estaba helado. El vuelo salía 23:55, nos dieron de comer 2 am. Desayuno? No existe, un simple café barato asqueroso y de mala calidad. Ni agua!! Si quieres debes pagarla. Los auriculares los cobran??? Jamás antes visto. Tenés una pantalla que no puedes usar si no pagas sus auriculares. En fin, si quieres algo bueno tienes que pagar muuucho dinero extra. Jamás antes visto en algún otra aerolínea. Pésimo, no la volveré a usar JAMÁS."
AEA_0222,Air Europa,Desconocido,Tel Aviv,Madrid,International,diciembre de 2024,1,"DE TERROR!!, enumero: 1) No es una low cost hasta donde yo se, pero se maneja como tal, te cobran hasta para ir a mear, a saber: 1) ya no podes ni elegir un asiento en la compra o en el check in online, misteriosamente SIEMPRE te toca en el medio de 3 y atras de todo, obviamente cuando queres cambiarlo ES CON COSTO. 2) En un vuelo de 5 horas, literal, NI AGUA te ofrecen estas ratas de alcantarilla, cuando deberian servirte aunque sea un snack de cortesia anque alguna bebida, pero NO, ello pasan el carrito VENDIENDO si queres comer o tomar algo. 3) La tripulacion, aunque hay excepciones claro, en general trabajan con menos ganas y con mala onda que te da pena pedirles algo. 4) Pasan vendiendo una especie de duty free shop CARISIMO, pero siempre hay algun idiota que compra... Pero bueno, los aviones van llenos, asi que no esperen ningun tipo de mejora, hasta que haya mas competencia. A Favor: los aviones relativamente modernos, y es la unica linea aerea que suspendio muy poco esta ruta aerea."
AEA_0223,Air Europa,Desconocido,Barcelona,Madrid,Domestic,enero de 2025,1,"El asiento estaba sucio, lleno de una cosa blanca y mocos pegados. Le dije a la azafata y me dijo que eso ellos no lo limpian. Además, un calor en el avión...la temperatura muy alta, todos los pasajeros se quejaban. Vuelo aquí porque es barato. El servicio malísimo!. Evitare está compañia a vuelos futuros."
AEA_0224,Air Europa,Desconocido,Alicante,Santo Domingo,International,diciembre de 2024,2,"De qué sirve que tu tripulación de cabina hable español,si no te atienden ? He volado 4 veces entre diciembre y enero y siempre he llegado al destino con sed.No agua te dan.Poco menos que hay que mendigarla."
AEA_0225,Air Europa,"Madrid, España",Madrid,Santiago de Compostela,Domestic,noviembre de 2024,1,"Vuela con AIREUROPA y será tu peor pesadilla. Retrasos constantes, mala gestión, mal servicio, mala atención. Incidencias, desinformación, inseguridad. Olvidate de compensación, no cumplen con las politicas de los Derechos del Pasajero. Espero disfrutes de tu viaje...con otra compañia!!!"
AEA_0226,Air Europa,Desconocido,Barcelona,Palma de Mallorca,Domestic,enero de 2025,3,"Todo bien, aunque la toma de contacto con tierra al aterrizaje era todo menos suave. El vuelo de ida a Palma fue más respetuoso con la espalda."
AEA_0227,Air Europa,Desconocido,Madrid,Rome,Europe,diciembre de 2024,1,"Asientos totalmente incómodos, rígidos, poco espacio en los asientos, parecía una tortura durar 8 horas de viaje en ese asiento."
AEA_0228,Air Europa,Desconocido,Miami,Valencia,International,diciembre de 2024,1,"Viajar con Air Europa fue una experiencia profundamente decepcionante. Compré los pasajes con meses de antelación y, al viajar con mi bebé de ocho meses, contacté al servicio al cliente para elegir asientos cómodos y solicitar una cuna. La agente que me atendió aseguró que los asientos 26J y 26K eran espaciosos y que había gestionado la cuna. Confié plenamente en su palabra. El 17 de diciembre, un día antes del vuelo, llamé para confirmar y descubrí que los asientos asignados no permitían cuna, que esta no había sido pagada (algo que nunca me mencionaron, de lo contrario, la habría pagado), y que los asientos recomendados eran regulares, sin espacio adicional. El día del vuelo, el reposacabezas del asiento de mi esposo (26J) se cayó y, tras una espera de 20 minutos, apenas lograron arreglarlo. Además, durante el vuelo, pedimos café y nunca lo recibimos. Al llegar a Madrid, el vuelo de conexión sufrió tres cambios de puerta y tres retrasos, saliendo finalmente dos horas tarde. Esto solo se actualizó en las pantallas después de que un pasajero pidiera un formulario de reclamaciones, mostrando un claro desprecio por nuestro tiempo. En el vuelo de regreso, olvidaron colocar la etiqueta amarilla al carrito de bebé. Como resultado, el carrito fue enviado directamente a Miami, obligándonos a caminar por lo menos 30 minutos con el bebé en brazos, hasta llegar al control de pasaportes. Un cúmulo de errores inaceptables por los cuales exijo se me contacte y me hagan un reembolso de mis billetes."
AEA_0229,Air Europa,Desconocido,New York City,Madrid,International,diciembre de 2024,1,"Falta de profesionalidad, mala praxis y una ausencia total de empatía son los adjetivos que describen perfectamente a esta compañía y a muchos de sus trabajadores de AirEuropa del aeropuerto de JFK. Destaco especialmente a Ileana Williams y a Bibi, que a parte de manejar el cotarro y decidir quién vuela y quién no, establecen su propio criterio de ""señoridad"". Vergüenza me daría ser la imagen de una compañía y pasármela hablando por el móvil, tratando mal a los pasajeros y sobretodo haciendo oídos sordos después de dejar a más de 20 personas tiradas en el aeropuerto en NAVIDAD, a miles de kilómetros de casa, como que no va conmigo la cosa con tal de lavarme las manos. Se os tendría que caer el pelo. Maltrato a las maletas y a los viajeros TRES DÍAS CONSECUTIVOS, con los gastos que eso entraña al no tener tu viaje planeado para 11 dias. De vergüenza... Señor Hidalgo... revise un poco mejor lo que tiene trabajando para usted... y sobretodo... aprenda a tratar un poco mejor y atender el teléfono a aquellos que conoce bien."
AEA_0230,Air Europa,Desconocido,La Coruna,Madrid,Domestic,diciembre de 2024,5,"Me equivoqué cogiendo la hora del vuelo,y sin ningún problema ni sobrecoste me lo cambiaron para el primer vuelo que salía para Madrid. Cuando vuelva a viajar en avión,si puedo será con AirEuropa!!?"
AEA_0231,Air Europa,Desconocido,New York City,Madrid,International,diciembre de 2024,1,"Sois una panda de desgraciados. No solo dejáis a la gente fuera por overbooking EN NAVIDAD, haciendo favoritismos y preferencias por quién viaja, sino que encima sois unos SINVERGÜENZAS, no tenéis humanidad ni respeto por nadie, os da igual que la gente se quede tirada en el aeropuerto TRES DÍAS SEGUIDOS intentando volar, sin compensación económica, sin reubicarnos en otro vuelo. ILEANA WILLIAMS: se me caería la cara de vergüenza de ser tú y tener tan poca empatía con la gente, ver a niñas llorar porque viven solas en EEUU y no pueden volar a ver a sus familias solo porque a ti te apetece que viajen otras personas. Sabemos perfectamente que bloqueáis asientos y los entregáis según conveniencia. Vas de suave pero eres tremenda, no he conocido a peor bicho en mi vida. Y encima nos reventáis las maletas el primer día, y el tercero os laváis las manos, no hay mostrador al que reclamar porque operáis 4 días contados y un ratito, llamando y sin coger el teléfono y tenéis la cara dura de decir que para reclamar está el aeropuerto, donde cerrabais hasta el martes 24. Años viajando y jamás me había encontrado con gente tan inhumana y con tan poco corazón. No habrá persona que nos conozca que os vuelva a dar un duro en la vida, os lo aseguro."
AEA_0232,Air Europa,"Madrid, España",Madrid,Tenerife,Domestic,diciembre de 2024,4,"En la facturacion de maletas de Air Europa del aeropuerto de Madrid, en un viaje del Imserso, nos atendieron muy bien con simpatia, explicandonos las dudas que teniamos y realizando un cambio de asiento sin problemas. No fue asi, al regreso en el aeropuerto de Tenerife Norte donde la atencion fue muy seca. El vuelo en un 737, fue como todos los vuelos de estos aviones, trato normal, y simpatico por parte del personal de cabina, estrechos los asientos y un poco aburrido."
AEA_0233,Air Europa,Desconocido,Madrid,Asuncion,International,diciembre de 2024,1,"Horrible experiencia,en especial con una de las azafatas,una maleducada y prepotente,una experiencia horrible no lo recomiendo"
AEA_0234,Air Europa,"San Jose, Costa Rica",Panama City,Madrid,International,octubre de 2024,1,"Lo peor, retrasaron el vuelo de salida mas de una hora. Por hacer el cambio de boletos de Copa a Air Europa. Luego en cabina los sobre cargos malhumorados, y sin ganas de ayudar a nadie. Te cobran por los audifonos aunque vayas en un vuelo de 12 hora. No me ayudaron a poner mi equipaje en el compartimento de arriba porque la señora dijo que le dolia la espalda. Yo tenia mi mano con 2 dedos quebrados y ella solo dijo: tiene que hacerlo usted. La comida pesima. Cambiar un vuelo es imposible con ellos. Solo se puede hacer en linea y con un sistema de cobros que rechaza todas las tarjetas, asi que te mandan a la oficina mas cercana que puede estar a kilometros lejos de ti en una ciudad diferente. Nunca mas, ni aunque me gane un vuelo usaria Air Europa. La peor experiencia que he tenia hasta el momento"
AEA_0235,Air Europa,Desconocido,Buenos Aires,Madrid,International,noviembre de 2024,2,"Horrible experiencia. Un plato de comida y hasta la mañana siguiente. Nada. Solo un café. Sin desayuno y se queríamos comer algo se pide y se paga con tarjeta. Llame infinidad de veces x un vaso de agua, jamás me contestaron. Un desastre total comparando con otros vuelos hechos en turista de otras compañías conocidas. Horrible. Nunca más."
AEA_0236,Air Europa,Desconocido,Madrid,Cancun,International,diciembre de 2024,1,PÉSIMO EN TODOS LOS ASPECTOS. 1 sola comida basura. Precios altos .espacio mínimo. Sucio. Retraso exagerado en la salida más de 1 hora. NUNCA MÁS VOLARÉ CON AIR EUROPA
AEA_0237,Air Europa,Desconocido,Panama City,Madrid,International,diciembre de 2024,1,"Asquerosa la experiencia las azafatas mal educadas, pedantes y menopausicas. No me ha gustado para nada el trato de estas personas."
AEA_0238,Air Europa,Desconocido,Madrid,Buenos Aires,International,diciembre de 2024,1,"Pésimo. Cada vez menos espacio entre los asientos. Solo nos dieron la cena y un vaso de agua de garrafa en 13 horas de vuelo. Si pedías agua te hacian sentar a gritos bajo la excusa de que habia turbulencias, sin embargo pasaban el carro para vender cosas. He viajado con más de 25 compañias aéreas, me he sentido estafada y humillada. Las azafatas pedantes, arrogantes y autoritarias. Te cobran los auriculares. La decadencia de una aerolinea que hace 20 años era buena. NUNCA MAS"
AEA_0239,Air Europa,Desconocido,Venice,Montevideo,International,diciembre de 2024,3,Felicitaciones al operador Samuel que me ha ayudado a resolver un problema con las valijas porque la aplicación funciona muy mal. No les doy el máximo porque creo que con 2400€ de pasaje las valijas deberían ser inclusas. Gracias
AEA_0240,Air Europa,Desconocido,Madrid,Santa Cruz,International,diciembre de 2024,1,"Lamento tener que escribir esta opinión de una experiencia muy desagradable para mí persona de un vuelo UX025 (Madrid /Santa Cruz Bolivia)ya q me quedé en tierra por la sencilla razón :la nave q tenía q despegar de Madrid día 11/12/2024 no despegó porque estaba roto y contrataron otra nave de menos capacidad,despegando el día 12/12 /2024 quedando en tierra más de 10 personas ,todas las que son madres se imaginarán del dolor que uno tiene de no poder estar en fechas especiales con su hijo como fue el mío viajaba por qué mi hijo se graduaba de bachiller y no pude compartir ese día con el porque Air europa sobrevenido los pasajes por la sencilla razón de q la ley los ampara y se quedan tranquilo con sus míseros 600 euros de supuesta indemnización que no cubre el dolor de una madre Además tengo que mencionar que ese día tenían 2 trabajadores en la puerta de embarque muy poco empáticos o nulo ya q mencionaron q aún mencionemos que vamos por nuestros muertos no tendríamos preferencia con lo cual me parece muy fuerte q tengan ese tipo de trabajadores en una aerolínea q hasta ese día estaba en mi preferencia,además cuando se suspendió el vuelo q en realidad debía salir a horas 23:50 nadie subió a informar nada incluso tengan en cuenta que habían niños pequeños que tuvieron q dormir en el suelo tengan en cuenta de q aunque sean niños latinos se merecen toda la consideración del mundo al igual que el resto de pasajeros por la sencilla razón que don seres humanos como cualquier otro"
AEA_0241,Air Europa,España,Vigo,Madrid,Domestic,diciembre de 2024,1,"Olvidamos una mochila encima del avión en el vuelo de ida de Valencia Madrid , estuvimos 4 días esperando una simple llamada para ver si habían localizado o no el bolso ENCIMA de su avión. Después al salir de Vigo hacia Valencia con escala en Madrid, el avión sale con 28 minutos de retraso, que no nos dio tiempo de comprar un simple bocadillo en Madrid. El persona de aeropuerto mos hace medir la maleta porque abultaba mucho después de haber cogido TRES vuelos de esta compañía sin nadie decir nada. Muy desagradable u poco profesionales"
AEA_0242,Air Europa,Desconocido,Punta Cana,Madrid,International,noviembre de 2024,1,"La peor compañía con la que volado con diferencia. Me dicen que no me cobran extra por llevar una bicicleta, compro maleta en bodega para llevarla y una vez en el aeropuerto me dicen que tengo q pagar 200 euros mas. Al llegar a Madrid monto la bicicleta y una rueda aparece rajada. La rueda cuesta 2500 euros. Mismo día pongo reclamación y me dicen hoy, una semana después, que no se hacen responsables ya que no reclame antes de salir del aeropuerto. Deben de querer que montemos las bicicletas ahi claro. Una vergüenza de compañía que se escuda en operadores que no te transfieren a ningún supervisor. No me verán nunca mas en uno de sus vuelos."
AEA_0243,Air Europa,"Madrid, España",Madrid,Havana,International,noviembre de 2024,2,"El comentario es por el desmadre de asignación aleatoria de asientos al viajar en un grupo de 20 a 30 personas. Mala información para poder gestionar el checking a pesar de ir en grupo y como consecuencia no disponer de ningun localizador. SENSACION DE POBER LAS COSAS COMPLICADAS PARA PROVOCAR PAGO DE RESERVA DE ASIENTO. MALA GESTIÓN, un desmadre para reconocer al pasaje dentro del avión. LA VUELTA TAMBIEN LA HICIMOS SEPARADOS. Al pedir información a la compañías interesadas, me indican que aunque sea un grupo, pagando me pueden asignar asientos, de lo contrario se asignan aleatoriamente en la terminal. La asignación aleatoria hace que la gente esté desperdigada por el avión. Yo pague, en la terminal un recargo para intentar acercarme 20 filas a mi pareja y me quede a 9 filas. De distancia . Al final una perdida de tiempo para todos y recargos injustificados. PD. El avión y la atención en vuelo muy correctos"
AEA_0244,Air Europa,Desconocido,Vigo,Lima,International,noviembre de 2024,1,"1. Pagamos asientos Extras XL (240 euros) y no nos los dieron. Tardaron más de un mes en devolvernos el dinero después de reclamar por escrito y teléfono 2. Rompieron una maleta y como no fué posible reclamar en el aeropuerto de Lima por no haber personal de la compañía que nos atendiese, lo hicimos a los 3 días en la pag. Web con el QR correspondiente, según nos indicó personal del aeropuerto. 3. El día de regreso a Vigo la maleta llegó más rota todavía, pusimos reclamacion online. 4. Nos contestaron diciendo que nuestra reclamaciónestaba fuera de plazo y de forma. Cuando llamé por teléfono me dicen que las reclamaciones tenían que haberse hecho directamente en la oficina de Aireuropa en los aeropuertos y no me dan solución al decirles q no había personal y dan por terminada las actuaciónes y la conversación telefónica."
AEA_0245,Air Europa,"Zúrich, Suiza",Madrid,Montevideo,International,noviembre de 2024,4,"Voló de Madrid a Montevideo. Muy allá avión más viejo y comodidad así. Un avión nuevo. La comida era increíblemente buena y lo mejor que tenía en clase ejecutiva en un tiempo. El personal era amable y servicial. Pensé en ella como una aerolínea económica, pero en realidad se compara muy favorablemente con muchas aerolíneas de bandera. Volveré a usar. Además, 2 vuelos largos en negocios y 2 cortos recorridos en negocios fueron suficientes para obtener el estatus de oro del equipo Sky. ¡Eso fue un bono feliz!"
AEA_0246,Air Europa,Desconocido,Miami,Madrid,International,octubre de 2024,1,Viajar en estas aerolíneas es como ir en una lata de sardinas de sobrecarga. El servicio de atención al cliente en la terminal de Barajas es terrible. La comida en el viaje es asquerosa. Cobran 100 dólares por el equipaje y 3 dólares por los auriculares... cuando cobran solo por mirar por la ventana. Fue una completa pesadilla viajar con ellos... y mucho más
AEA_0247,Air Europa,Desconocido,London,Bogota,International,noviembre de 2024,4,"Leyendo las reseñas no estaba deseando hacerlo, pero me sorprendió gratamente. Ambos vuelos abordaron rápidamente y a tiempo. Los asientos eran más grandes que otros vuelos a Colombia. La comida era mínima, pollo o pasta habitual pero ambos estaban deliciosos. La bebida al final de las diez horas de vuelo necesita venir con un simple aperitivo, aparte de que obtiene lo que paga"
AEA_0248,Air Europa,Desconocido,Buenos Aires,Madrid,International,diciembre de 2024,3,Es una lástima que un avión tan bueno tenga la peor tripulación de cabina y el peor servicio de la historia. El dreamliner super moderno con asientos confortables pero la tripulación un desastre. Además no ofrecian aperitivos gratuitos ni desayuno como las demás aerolineas de vuelo regular con las que he viajado. El servicio es de vuelo charter. Por ese precio elijiré otra aerolina la próxima vez.
AEA_0249,Air Europa,Desconocido,Buenos Aires,Barcelona,International,octubre de 2024,1,"Una de las más costosas del mercado, aunque los aviones son muy cómodos y silenciosos, te cobran por todo, por los audífonos, por el Internet (muy caro y muy limitado), te venden perfumes, licores y hasta cigarrillos, y te cobran el desayuno en aire que debería estar incluido. Baños ultra sucios. Y ni se les ocurra comprar boleto abierto, es una gran estafa porque pagarás lo mismo precio o quizás más si decides cambiar tu vuelo. Ampliamente no recomendado Air Europa. No duden en no comprar con ellos."
AEA_0250,Air Europa,"Las Palmas de Gran Canaria, España",Madrid,Paris,Europe,noviembre de 2024,2,"Nos tuvieron 2 horas dentro del avión por una avería (un cable pelado según ellos) que iban a solucionar en 15 minutos y eso hizo que llegáramos tarde a nuestro destino y nos trastocara todo el planing de ese día y del día posterior, ya que por llegar tarde, casi no nos dio tiempo de realizar una compra para nuestro apartamento y descansar el tiempo suficiente para ir al día siguiente a Disneyland Paris. La niña de 6 años llegó tan cansada al parque de atracciones que estuvo casi todo el tiempo en el carro durmiendo. Un dineral para que la niña no disfrutara como teníamos previsto. De dormir 9-10 horas a dormir 7 horas. Cualquiera que tenga un niño de 6 años sabe que no pueden dormir tan poco."
AEA_0251,Air Europa,"Medicine Hat, Canadá",Madrid,Calgary,International,noviembre de 2024,1,"La persona del mostrador no hablaba bien inglés. Entiendo esa parte. Pero al menos no debería haberme dado la información equivocada sobre mi equipaje. No conseguí mi equipaje a tiempo, se retrasó debido a un error de esta aerolínea. y cuando conseguí mi equipaje mi equipaje se dañó. El servicio en vuelo tampoco es bueno. Hablaban en inglés, pero nadie lo entendería, era como leer un guión de palabras antiguas extranjeras. He oído que esta es la tercera aerolínea más grande de España. Y cuando veo esta aerolínea, veo cómo será el ambiente de trabajo en España. ."
AEA_0252,Air Europa,"Nueva York, Estado de Nueva York",Paris,Madrid,Europe,noviembre de 2024,1,No me permitió cancelar mi vuelo dentro de las 24 horas a pesar de que el boleto fue comprado en los Estados Unidos. (Origen/destino debe ser EE.UU.). No me dejó corregir mi error honesto.
AEA_0253,Air Europa,Desconocido,Las Palmas de Gran Canaria,Madrid,Domestic,julio de 2024,1,"Tras tener un retraso de más de tres horas, solicito, la indemnización que corresponde por retraso superior a tres horas, una gestora de nombre Alejandra 8sin apellido mencionado e n la contestación) me dice que no hay motivos, entonces solicito a la compañía un certificado de retraso, y la misma Alejandra (...), tras varias semanas, me certifica que dicho vuelo tuvo más de tres horas, posteriormente tras numerosas llamadas consigo que me indiquen por qué no se me indemniza ,me dicen que fue cerrada la reclamación por Alejandra porque no había motivos para indemnizar.¿?¿?. Si no es una tomadura de pelo, lo parece."
AEA_0254,Air Europa,"Gran Canaria, España",Bogota,Madrid,International,octubre de 2024,1,"Pague 148€ pir un asiento XL y cuando me tocó el asiento no era XL,súper incómodo y se lo dije al sobrecargo,porque además al lado había una señora bastante gruesa y ocupaba mi asiento también, me cambiaron a un asiento normal y cuando hice la reclamación en tierra me dicen que no les consta el cambio de asiento. Además yo no soy racista pero están llevando a inmigrantes desde Canarias a Madrid y la verdad es que el olor corporal que tienen es muy desagradable, a sudor muy fuerte."
AEA_0255,Air Europa,Desconocido,Barcelona,Palma de Mallorca,Domestic,noviembre de 2024,1,"Pésimo, deshonesto e irresponsable. Perdimos un vuelo por un fallo suyo y se desentendieron del tema por completo. No me expondré a pasar por lo mismo de nuevo"
AEA_0256,Air Europa,"Navarra, España",Tenerife,Madrid,Domestic,noviembre de 2024,1,"NEFASTO, Creo que el lema es""Llegar siempre tarde a todos los destinos"" A la ida llegada retrasada (A comer en restaurante en lugar del hotel) al regreso 1 hora y 20 minutos retrasado, perdida de transporte compra billetes nuevos. + Alojamiento en Madrid Sin contar los nervios, incertidumbre y desasosiego que supone. Lo dicho, si puedes EVITAR viajar con ellos te lo recomiendo. Y al Gobierno que no le de más ayudas. No son profesionales."
AEA_0257,Air Europa,Desconocido,Lisbon,Miami,International,noviembre de 2024,1,"Por mucho, la peor aerolínea que he experimentado operando en Europa. Llevo meses pidiendo un recibo y nada. Mi equipaje se dañó, y simplemente ignoran mis mensajes, varias quejas estaban abiertas, pero todavía nada. En el vuelo solo hay una comida en 9 h de vuelo. El sistema de entretenimiento no funcionaba en uno de los vuelos e incluso pedir ayuda a algunas azafatas no captaba la atención, siempre decían que alguien vendría a ayudarte. ¡Primera y última vez!"
AEA_0258,Air Europa,Desconocido,Buenos Aires,London,International,noviembre de 2024,2,"El avión era demasiado estrecho. El sistema de abordar el avión estaba mal organizado. La crew era relativamente macanuda. En un vuelo de 12 horas, es totalmente INMORAL que te cobren por auriculares y un snack. Deberían sí o sí dar más comodidades BÁSICAS A LA GENTE. Pésima experiencia, no volvería a elegir la aerolínea."
AEA_0259,Air Europa,"Nueva York, Estado de Nueva York",New York City,Madrid,International,noviembre de 2024,1,Lo peor de lo peor ~ pls quedarse en casa en su lugar. Lo charlan con Iberojet. Los asientos nunca son del mismo *tamaño* la azafata actúa como si te estuvieran haciendo un favor. Sin hielo. Baños sucios en el despegue. ¡OMG!
AEA_0260,Air Europa,Desconocido,Buenos Aires,Madrid,International,octubre de 2024,1,"El viaje de ida el avion estaba muy sucio , ademas mi butaca no funcionaba el reclinado y a pesar de protestar a la tripulacion nadie hizo nada. Aclaro que habia gente durmiendo a lo largo de tres asientos y ninguno de la tripulacion le dijo que mehicieran lugar para cambiar de asiento"
AEA_0261,Air Europa,Desconocido,London,Medellin,International,octubre de 2024,1,"Viajar con Air Europa fue, sin duda, una de las experiencias más desalentadoras de mi vida, y como viajero frecuente por trabajo, he experimentado una variedad de aerolíneas en todo el mundo. Esta aerolínea se queda impactantemente corta en múltiples áreas, dejándome profundamente insatisfecha y frustrada. A continuación se enumeran las principales razones por las que aconsejo encarecidamente no elegir Air Europa para sus necesidades de viaje: Condición de la aeronave Los aviones parecen tener décadas de antigüedad y mal mantenidos. Durante mi vuelo, me encontré con tierra visible y migas alrededor de mi asiento y en el bolsillo del asiento. La falta de limpieza plantea serias preocupaciones sobre los estándares de la aerolínea y su compromiso con la comodidad y la seguridad de los pasajeros. Indemnización insuficiente por retrasos significativos Un retraso de 24 horas interrumpió mis planes de viaje, pero Air Europa no proporcionó una compensación adecuada. Tomó más de un mes revisar mi reclamo, solo para negarlo a pesar de que el retraso era su responsabilidad. Muchos otros pasajeros vieron arruinadas sus vacaciones enteras como resultado. Este nivel de desprecio por los clientes es inaceptable. Substandard In - Servicio de vuelo El servicio en vuelo en un vuelo de larga distancia que duró más de nueve horas fue terrible. No se ofrecieron refrescos básicos como té, café o jugo. Para un billete que cuesta 900 libras esterlinas , esta falta de servicio es totalmente irrazonable y no se alinea con los estándares de la industria para los vuelos de larga distancia. Teniendo en cuenta lo anterior, la experiencia con Air Europa no solo fue decepcionante, sino que también se sintió como un completo desperdicio de dinero. El hecho de que la aerolínea no cumpla con las expectativas básicas, combinado con su falta de rendición de cuentas, es impactante para un servicio con un precio tan alto. To Air Europa: Si alguna vez revisa comentarios como este, espero que reflexione sobre la importancia de brindar una experiencia de viaje confiable, respetuosa y profesional. Los pasajeros merecen mucho mejor de lo que ofreces actualmente."
AEA_0262,Air Europa,Desconocido,Sao Paulo,Barcelona,International,octubre de 2024,3,"Son unos en responsables con las maletas, mis maletas son nuevas y yo soy muy cuidadoso con mis cosas. Yo he cho varios vuelos de larga distancia con su compañía y los he recomendado a familia y amigos porque pensé que eran responsables en todo, pero me equivoque, para la próxima cuando aga un vuelo de largas distancias lo pasaré en sí voy con ustedes o no. Les daré una mala reseña en lo que respecto al maltrato de las maletas."
AEA_0263,Air Europa,Desconocido,La Coruna,Madrid,Domestic,noviembre de 2024,1,No puedo hablar sobre el vuelo porque nunca se produjo. Lo cancelaron 5 minutos antes de la hora de salida. Y sin informar a nadie nos dicen que esperemos email de reubicacion....una hora después me llega email donde me ofrecen volar....2 DIAS DESPUÉS
AEA_0264,Air Europa,Desconocido,Medellin,Madrid,International,octubre de 2024,1,"NO VIAJEN CON ESTA AEROLINEA. Aparte de que pague los vuelos excesivamente caros en clase económica, solo ofrecen 1 comida horrible. El trato de los asistentes de vuelo hacia los clientes es pésimo. Te venden los audífonos, por poco y te cobran la cobija y la almohada. Los puestos son super estrechos y a duras penas te puedes reclinar hacia atrás. El desayuno lo tienes que pagar. Imagínate volar 10 horas en esas condiciones. Nunca jamás volaría con air europa. Que experiencia tan deprimente."
AEA_0265,Air Europa,Desconocido,Madrid,Miami,International,octubre de 2024,1,"Horrible experiencia. faltaba oxígeno, hacía mucho calor. 3 personas se desmayaron. La gente gritaba que era demasiado hoy en el avión. La comida tenía que saber... pollo muy simple. Después de todo hay que comprarlo. Primera y última vez. Aerolínea que ni siquiera debería estar operando"
AEA_0266,Air Europa,Desconocido,Miami,Madrid,International,octubre de 2024,1,"Servicio a bordo tan nefasto que era bochornoso. Las azafatas de esta compañía eran las peores con diferencia a lo que se refiere a servicios a los pasajeros. He volado durante 50 años y creía que Iberia era mala, pero Air Europa lo superan. Nada más entrar en el 787 y llegando a nuestros asientos, intenté ( y digo intenté porque tengo lesiones cervicales) colocar la maleta de mano en el compartimento superior. Lo coloque primero de una manera y después lo iba a volver a colocar para hacer más hueco para otras maletas. No paso ni dos segundos y se acercó una de las azafatas de muy malas maneras riñiendome de que la maleta no se colocaba así. Pero claro, solo se limito a echar la bronca. Ni siquiera tuvo la amabilidad de ayudarme con la colocación del bulto. El agua también parece que es un lujo a bordo ya que mis hijos pidieron agua con las comidas( porciones pequeñas y calidad muy mala) y mi mujer pensó que era para ella el agua y la azafata le dijo con actitud otra vez de riña, "" señora ese agua no es para usted, sino para tus hijos. UNA VERDADERA VERGÜENZA. El hecho de que te llamen la atención por un simple vaso de agua es ridículo.Al señor JUAN JOSE HIDALGO debería darle vergüenza ser fundador de AIR EUROPA, pero claro como no hay competencia en el sector aeronáutico con solo Iberia y Air Europa, a estos señores le importan un comino a igual que los trabajadores que dan servicios terribles a los clientes que se han gastado su dinero en compañías como estas. Si estáis pensando en volar con Air Europa, estáis avisados. No cometer el mismo error que nosotros."
AEA_0267,Air Europa,Desconocido,Frankfurt,Madrid,Europe,noviembre de 2024,1,"Viaje de Fankfut - Madrid, en clase Business con mi hijo, para empezar el servicio prioritario nada, lo dicen por megafonia y cuando llegas a la puerta estan entrando todos menos los prioritarios, en el avion son asientos normales en la parte delantera pero en el del centro no lo ocupan, pero nada que ver a las fotografias de otros aviones, la comida buena pero ni para un diente, mi hijo se piedio un bocadillo y se lo cobraron, no hay wifi ni nada. Si el avion es pequeño no pongais esa tarifa, es una estafa."
AEA_0268,Air Europa,Desconocido,Madrid,Miami,International,noviembre de 2024,3,"Tuvimos un largo vuelo de Madrid a Miami. Los asientos son pequeños, el espacio es reducido. Desafortunadamente tenía el único asiento en el avión que no podía regresar. Viajé con mi marido y mi madre. Teníamos 3 asientos frente a la salida de emergencia sin ventana. Mi madre se sentía muy atrapada. Debido a que el vuelo estaba lleno, no pudimos cambiar de asiento. La comida no está mal. Nuestra azafata Khalid era muy comprensivo y servicial. Hizo que mi madre se sintiera cómoda, nos dio bebidas de cortesía y fue muy amable en general. Su servicio fue honestamente el mejor. Sin el amable servicio de Khalid el vuelo habría sido impresionante, sin embargo, nos hizo sentir cómodos."
AEA_0269,Air Europa,"Medellín, Colombia",Madrid,Medellin,International,noviembre de 2024,1,"Pésima atención en mostrador ,mujer me obligó a pagar €140 por equipaje de mano de 10k,mintiendo sobre el peso y no me quería dar el recibo.dejaron mi equipaje en Madrid lo entregaron 2 días después con faltantes. Baños sucios en el avión y cobro 3 €por un audífono para poder ver la mala cartelera de música y películas.un horror de aerolinea.espacio mínimo en asientos,un vuelo estresante he incómodo"
AEA_0270,Air Europa,"Buenos Aires, Argentina",Madrid,Buenos Aires,International,octubre de 2024,1,"Mal servicio - demoras en la salida, una sola comida en 14 horas y un café solo un rato antes de llegar. Todo lo demás pago: cobran audífonos, desayuno! , todo. Mala atención las chicas atienden como si no les pagaran el sueldo."
AEA_0271,Air Europa,"Santiago de Compostela, España",Madrid,New York City,International,septiembre de 2024,1,"Desastre vuelo. Air Europa nos comunica en el último momento que por falta de disponibilidad de avión el vuelo será operado por Iberojet. Asientos minusculos, wiffi q no funciona,comida muy mala y a mi pareja no le dan comida sin gluten que habíamos solicitado a air europa previamente, desastre servicio auxiliares de vuelo con los pasajeros desesperados con la bandeja de comida sin recoger mas de una hora en esos espacios minúsculos y sin poder movernos, etc Al regreso a Madrid y ya en el aeropuerto Air Europa nos comunica de nuevo q por la no disponibilidad de avión volvemos con Iberojet No volveremos a viajar nunca con Air Europa cada vuelo fue una tortura y ya a los 60 no estamos para ese trato"
AEA_0272,Air Europa,Desconocido,Madrid,Montevideo,International,noviembre de 2024,1,"12 horas de vuelo con 40 minutos de atraso para despegar, UNA ÚNICA comida, en la mañana del ""cafe y té de cortesía"", había que pagar desayuno y COMPRAR los auriculares para poder acceder al entretenimiento. La cena vegetariana muchísimo que desear, medio plato eran zanahorias, y el resto un poco de arroz seco, pan duro y frío, postre 3 cubitos de ananá de los cuales 2 eran del centro (duros e incomibles). Las azafatas muy simpáticas y serviciales, se que no es su culpa. Avión limpio y moderno. Me decepcionó muchísimo, compré porque me convenía la fecha, pero no pienso repetir, hay opciones mucho mejores por mismo precios."
AEA_0273,Air Europa,Desconocido,Milan,Cancun,International,noviembre de 2024,1,"Te venden loa audifonos, asientos muy pequeños, son bastante codos con todo, despues de viajar en Thai airways se nota la diferencia del nivel...."
AEA_0274,Air Europa,Desconocido,Madrid,La Coruna,Domestic,octubre de 2024,1,"Realmente pésima atención con las azafatas de esta aerolínea, concretamente con una azafata (no recuerdo su nombre pero tenía pelo negro y largo ) que estaba en el vuelo Madrid - A Coruña , yo estaba entrando a poner mi maleta que pesaba muchísimo en la zona de arriba de los asientos donde se guardan las maletas y la verdad que no era capaz de hacerlo yo sola (llevaba viajando ya 24h y sin dormir yo estaba muy cansada ) y ella veía al lado mía como me estaba costando poner la maleta y debido a mi enfado 😡 le dije de forma sarcástica : “muchas gracias por la ayuda” (literalmente estaba a mi lado viéndome sufrir con el peso de la maleta) y ella me dijo como???!! Pero que te crees que yo estoy aquí para ponerte a tí la maleta ? Y le digo ah entonces para que estás aquí sino para ayudar a los pasajeros ?? Y ella delante de todos los pasajeros quiso hacerme quedar mal como si la mala fuera yo por decirle lo que pienso. Y suelta delante de todos : ni una gracia tiene ese comentario ! Ni una gracia! (Pero gritando haciéndome quedar que la que dijo algo malo fui yo cuando solo estaba reclamando ayuda ) Y la verdad después estuvo TODO el tiempo que duró el vuelo estuvo atacándome a malas miradas, todo! De hecho la mujer que iba a mi lado me dijo mira ignórala porque no vas a ganar nada poniéndote mal . Ignorar es lo más inteligente pero si pago por un servicio quiero que al menos me traten como a una persona . Tuvo suerte que no le puse una reclamación. Este vuelo fue el día 9/11/2024 en el vuelo de las 14:15pm Madrid A Coruña, una mujer de pelo largo negro y con coleta . por si alguien lo lee y quiere identificar a la maleducada de la azafata . De verdad si la gente se pusiera a trabajar en vez de sentirse ofendido por escuchar verdades la vida de todos sería mucho mejor."
AEA_0275,Air Europa,Desconocido,Barcelona,Lima,International,octubre de 2024,1,"La peor línea aérea de Europa .El billete me costó 1,345€.Solo me dejaron llevar una maleta de cabina y mochila...Te dan una sola ridícula comida aunque hagas un vuelo de 12horas.Una vergüenza!!!..."
AEA_0276,Air Europa,Desconocido,Barcelona,Lima,International,octubre de 2024,1,La verdad no sé qué pasó con esta aerolínea la comida pésima el vuelo me costó caro solo hubo una comida para un vuelo largo después ni agua nos dieron todo era para pagar aparte los audífonos q nos dan gratis tenías q pagarlo los asientos incómodos servicio no fue bueno vamos q no volveré a viajar con ustedes y eso q siempre Hiba con ustedes pero después de este viaje el servicio y atención no me gustó nada es una pena
AEA_0277,Air Europa,Desconocido,Madrid,New York City,International,noviembre de 2024,1,"El servicio realmente no fue el peor, pero es el avión que eligen el avión más pequeño para viajar la distancia más larga ... 8 horas de vuelo en el asiento más pequeño de la historia ... luego, cuando imprimes las tarjetas de embarque nunca juntan a las personas ... cada vez que separan a las personas que viajan juntas ... He pasado algún tiempo viajando y honestamente por mi experiencia fue la peor hasta ahora... así que ahora si vuelo no les daré dinero consideraré otras opciones antes de volar con aireuropa..."
AEA_0278,Air Europa,"Saint-Etienne, Francia",Madrid,Santa Cruz,International,mayo de 2024,1,"En Madrid, Air Europa me negó llevar a mi perro conmigo debido a la jaula, incluso si eran las buenas dimensiones. Los servicios personales me proponen pagar el precio del maletero y devolverme el precio de la cabina. Respeté su proceso y estamos en octubre y los justos me respondieron que me dijeran, perdón por no poder hacer nada..."
AEA_0279,Air Europa,Desconocido,Buenos Aires,Barcelona,International,septiembre de 2024,2,"El precio del pasaje (bajo costo) es directamente proporcional al vuelo, destrato, incomodidad absoluta, falta de organización para abordar y finalmente, todo lo que se solicite abordo debe pagarse aparte. No dudes en gastar un poco más y ser bien atendido."
AEA_0280,Air Europa,Desconocido,New York City,Malaga,International,noviembre de 2024,1,"En primer lugar, selecciono el código QR en inglés y recibo un formulario en español. Tengo un tránsito de 8 horas en Barajas y mi oferta para ascender a Negocios fue aceptada. Me parece inhumano que con una espera de 8 horas, no pueda entrar en el Business Lounge hasta 4 horas antes de la salida. Solicité rechazar esta oferta, pero me dijeron que no es posible una vez aceptada. Después de caminar por los pasillos durante 3 horas, tengo que esperar otros 90 minutos. Voy a dejar una muy mala crítica y probablemente no volveré a utilizar su aerolínea. Por cierto, en ambos vuelos hacia y desde JFK, nos subieron a un avión Iberojet. La higiene y el servicio era terrible."
AEA_0281,Air Europa,Desconocido,Frankfurt,Madrid,Europe,noviembre de 2024,1,"Hasta el momento es la peor compañía con la que he volado, sus vuelos todos retrasados y ya he tomado 3 con esta compañía, no es coincidencia es pesima gestión. La comida terrible y poca, si la comparamos con otras aerolíneas en el mismo rango de precio. Aviones sucios, mala atención del personal que está amargado supongo por trabajar en tan mala empresa y con aviones sucios. En resumen, no vale la pena volar con ellos."
AEA_0282,Air Europa,Desconocido,Palma de Mallorca,Valencia,Domestic,octubre de 2024,1,"AFECTADOS POR LA DANA VALENCIA 2024. Teníamos el vuelo a las 18 de la tarde , nos tuvieron 8h esperando en el aeropuerto de Palma (iberia canceló su vuelo a las horay media del estado de alarma de valencia)ellos seguían insistiendo que podían volar que el aeropuerto estaba operativo y valencia inundado en alerta máxima 5 por la AEMET, porque no querían cancelar el vuelo y pagarnos el hotel y estancia , a las 5 de la mañana llegábamos al hotel y nos dicen que a las 10am teníamos que dejar la habitación. AFECTADOS por la Dana que no sabíamos como íbamos a llegar a nuestras casas ni que nos íbamos a encontrar con nuestras perdidas , el trato de recepción fue decepcionante ,3 chavales jóvenes que nos hablaban fatal ( una exactamente le contestó a una pasajera , ""y yo mañana tengo clase señora"" ) trato pésimo sabiendo nuestra situación cual era y que sabían que no podían volar . La empresa que daba la cara no dejaba de decirnos además de hablarnos mal y con muy poca empatía , que ellos eran una subcontrata y que no eran Air Europa , un chico joven incluso de encaró con un hombre más mayor poniéndose muy ofensivo verbalmente. Decepcionante y muy poco humano ."
AEA_0283,Air Europa,Desconocido,Guayaquil,Brussels,International,octubre de 2024,1,"Tres palabras para describirlo: sucio (muy sucio) , incómodo, y con pocos servicios. ¡Terrible! Terrible y terrible"
AEA_0284,Air Europa,"Traunstein, Austria",Buenos Aires,Munich,International,octubre de 2024,1,"Terrible comida en el avión, especialmente para los niños! ¿Los auriculares para el entretenimiento en vuelo no son gratis? Este es un servicio horrible. Ningún personal respondió al botón de llamada en el avión. Eran tacaños con las bebidas, sirviendo solo un cuarto de vaso, y cuando pedimos Fanta extra para los niños, dijeron que se cobraría. Había una selección muy pequeña de contenido de vídeo e idiomas en el entretenimiento en vuelo. En comparación con otras aerolíneas, su servicio es terrible. Nuestra familia perdió más de $ 1 , 500 porque su personal no conocía las regulaciones de la Unión Europea. Nos negaron el embarque porque no creían que nuestros permisos de residencia como refugiados ucranianos en Alemania fueran prorrogados automáticamente por la UE. Debido a esto, nos vimos obligados a ir al consulado alemán en Buenos Aires con cuatro niños y mucho equipaje, quedarnos en Buenos Aires por varios días más, pagar el alojamiento y luego pagar alrededor de $ 1 000 más por la re-reserva de boletos! Además, al comprar entradas en el sitio web, afirmó que un pasaporte biométrico ucraniano sería suficiente para la escala en Madrid y Alemania. En ningún lugar se mencionó que la fecha de vencimiento del pasaporte tenía que ser superior a tres meses en el momento del vuelo. No puedo conocer los detalles legales de cada país, y recurrí a su empresa para obtener servicios. Pero no me informó, lo que me causó una pérdida financiera significativa."
AEA_0285,Air Europa,Desconocido,Vigo,Palma de Mallorca,Domestic,noviembre de 2024,1,"Una porquería de aerolínea… no se les ocurre comprar tarifa flexible es un total engaño… compré una tarifa flexible y ahora resulta que para cambiar el vuelo tengo que pagar el doble de lo que me costó… y de paso es el mismo vuelo, la misma hora, el mismo avión y la misma clase pero tengo que pagar más… entonces para que compré flexible? Y lo peor es que lo compré así por recomendación de un ejecutivo de la misma aerolínea, me recomendó que como tenía descuento de residente era conveniente comprar en flexible pero para qué? Es un robo! Porque son las mismas condiciones. Me ofrecen un vuelo con las mismas condiciones pero tengo que pagar."
AEA_0286,Air Europa,"Comunidad de Madrid, España",Asuncion,Madrid,International,octubre de 2024,1,"Peor no puede ser. Te tratan igual sea la hora que sea. Volamos con ellos para ir a Paraguay de noche y al principio sirvieron una cena horrible y apagaron después todas las luces, bien porque era buena hora para dormir. A la mañana un café de cortesía más horrible aún y si quieres comer algo lo pagas. El precio del billete 1100€ creo que da para algo más. Durante toda la noche ni agua. A la vuelta el vuelo salía a las 10 de la mañana y se repitió lo mismo, cena horrible, por cierto era el mismo menú, se ve que no hay otro y café imbebible, de nuevo luces apagadas lo que fue bastante claustrofóbico. Casi 12 horas de vuelo con el avión a oscuras siendo de día no es normal. El trato de la tripulación fatal, solo lo imprescindible, y vender cosas todo el tiempo. A las 6 horas de vuelo el aseo estaba repugnante. Entiendo que hay pasajeros guarros pero los que no lo somos no tenemos porque aguantar eso. La seguridad inexistente. Desoyendo normas algunos pasajeros sacaron sus mochilas del portaequipajes y las pusieron en sus rodillas, lo que es peligroso para ellos y los demás, nadie les dijo que eso estaba prohibido aunque supuestamente pasaron revisando. Mal trabajo y mala atencion. Se ve que ser camarero de avión no tiene glamour ."
AEA_0287,Air Europa,Desconocido,Zurich,Madrid,Europe,noviembre de 2024,1,"La peor aerolínea que existe, negaron el embarque sin tener ningún motivo y luego vendieron el espacio a otro pasajero en poco tiempo. No viaje con Aireuorpa, Iberia tiene la mejor oferta y vuela todas las mismas líneas."
AEA_0288,Air Europa,Desconocido,Madrid,Brussels,Europe,noviembre de 2024,1,Asiento clase ejecutiva 1 A. ¡Pura desgracia! Menos espacio que un asiento económico promedio. Robo!!!! ¡Pura desgracia! Sin relación calidad-precio
AEA_0289,Air Europa,Desconocido,Alicante,Madrid,Domestic,octubre de 2024,2,"El avión se retrasó 20 minutos. Eso pasa, todo está bien... Pero entonces esperábamos embarcar en el avión por 30 minutos esperando nada. Mala gestión del tiempo y desperdicio de recursos, cuando casi todos habían salido del avión por la puerta principal, la escalera de la puerta trasera llegó de repente. Súper tarde. Luego el autobús de enlace tomó otros 10 minutos antes de salir, y cuando estábamos bajando esperamos otros 5 minutos para poder salir. La duración total desde que salí de Alicante y ahora hasta que llegué a las puertas de Madrid es de una hora veinte minutos."
AEA_0290,Air Europa,Desconocido,Lisbon,Madrid,Europe,octubre de 2024,2,"Volé con Aireuropa desde Madrid a Lisboa y un par de días después desde Lisboa a Madrid y ambos vuelos se retrasaron, ambos estaban sucios y olían pésimo. Es el primer avión tan sucio al que me subo, no lo recomiendo."
AEA_0291,Air Europa,Desconocido,Madrid,Miami,International,noviembre de 2023,1,"Llegamos al aeropuerto, tenían el sistema caído, dos horas de cola con un niño de 4 años, no tenían sistema prioritario ni de familias, habían sobre vendido el vuelo, nos querían meter en un siguiente vuelo, aunque perdiéramos la reserva de hotel, tras discutir, mi hijo llorando, nos dejaron pasar, nuestros asientos por los que habíamos pagado, perdidos ya que el vuelo estaba sobre vendido, afortunadamente un chico se movió y al menos pudimos viajar juntos. Cero referencias por la metida de pata. Habíamos pagado comida, por el cambio de asientos no nos correspondía. Al llegar a Miami, nuestra maleta Delcy de 900 euros totalmente destruida, tras una hora de estar con un agente y tener que enviar todo tipo de información y hacer seguimiento por WhatsApp, nunca nos fue abonada la maleta… NO RECOMIENDO VIAJAR CON ESTA AEROLÍNEA."
AEA_0292,Air Europa,"Torrejón de Ardoz, España",Madrid,Rome,Europe,septiembre de 2024,1,"Nos rompieron una rueda de la maleta, y tras reclamar por diferentes medios y pasos, la empresa Air Europa desestima hacerse cargo de la rotura. Sólo queríamos que nos la arreglaran. Un trato nefasto. Cueste lo que nos cueste, no volveremos a volar con esta compañía."
AEA_0293,Air Europa,Desconocido,Lisbon,Malaga,Europe,septiembre de 2024,1,"El servicio al cliente es más que terrible. El proceso de registro en el aeropuerto de Lisboa fue atroz. Tres empleados con más de cien personas en fila. Estuvimos en el aeropuerto 3 horas antes y todavía casi perdimos nuestro vuelo. Día muy estresante. DESPUÉS del vuelo, el servicio de atención al cliente con respecto a obtener una copia simple de mi factura ha SIDO UNA PESADILLA FRÍA. He estado en espera por más de una hora DOS veces antes de ser desconectado. He escrito correos electrónicos y luego me han dicho que les llegue a través de Facebook o Twitter. Completamente consiguiendo el runaround. Mi cabeza está lista para explotar. NO UTILICE ESTA EMPRESA SI PUEDE EVITARLO."
AEA_0294,Air Europa,"Nueva York, Estado de Nueva York",New York City,Madrid,International,octubre de 2024,2,"Reservamos con Air Europa desde JFK a Lisbon pasando por Madrid. Al llegar a JFK y se enteró de que nuestra puerta es un autobús ops (tomando un autobús a la aeronave en medio de la pista). Para nuestra sorpresa cuando llegamos allí, no era Air Europa en absoluto, sino operado por Iberojet (una aerolínea fletada). Abordamos el avión a través de una rampa portátil. El servicio es igual que una aerolínea fletada donde uno toma por vacarion al Caribe. Servicio de comida limitado y no había servicio de agua cada dos horas (como las aerolíneas regulares) de hecho no se ofrecía servicio de agua en absoluto. Nuestro vuelo de conexión de Madrid a Lisboa fue operado por Air Europa y fue como un vuelo ""normal"" de corta distancia de una aerolínea regular."
AEA_0295,Air Europa,"Ciudad de México, México",Cancun,Madrid,International,octubre de 2024,1,"Resulta que que Europa decidió sobre vender el vuelo , nosotros viajamos por placer mi marido compro por booking y yo directamente en la web de Air Europa , a mi no me dieron plaza por la sobre venta , el si pudo volar , las de staff se lavan las manos , pues ellas no trabajan directamente con la aerolínea , tienes que ir a la oficina correspondiente de ese mismo aeropuerto lo cual tuve que hacer , llegando habían 40 personas haciendo fila 27 de mi vuelo y los demás de otros destinos , todos por sobre venta y otros tantos por maletas pedidas o no llegadas . Incluyendo adultos mayores en sillas de ruedas , gente con asistencia por operaciones y familias con bebé en mano , tuve que hacer fila 7 horas después me dieron un vuelo para el día siguiente , cabe mencionar que compré mi vuelo con seguro de viaje , así mismo desde la página web de air Europa y no pudieron darme respuesta de inmediato , la maleta no sabían dónde estaba … la gente de la oficina muy amable y estresada por toda la gente que al final ellos deben atender porque su empresa realizó este tipo de situaciones que no está en sus manos , recibi hotel y comida cómo pacta la ley y estoy en trámite de mi indemnización, al día siguiente volé , obvio tú investigas por donde sales por que aerolínea y haces todo tu proceso ellos solo te dan un vuelo y tú te haces bolas , yo salí por parís para llegar a Cancún ( una locura ) desvelada y Cansada , llegando a mi destino air Europa no mando mi maleta . Al parecer llega en 3 días más a mi destino final . El servicio de la oficina de Madrid no estuvo mal , ellos muy serviciales pero sin duda no recomiendo volar por esta aerolínea , todos los vuelos lo sobre venden y se lavan las manos con solo decirte ve a la oficina “ ahí te ayudan y nadie sabe nada … si puedes volar por otra aerolínea te lo recomiendo ."
AEA_0296,Air Europa,"Madrid, España",Madrid,Miami,International,octubre de 2024,1,"Air Europa sigue siendo la línea del peor servicio del mundo. Es la última vez que mis nietos viajan por esta línea. Se han negado a despachar a dos niños pasando por Priority, un niño de 1 año y otro de 5 meses."
AEA_0297,Air Europa,Desconocido,Brussels,Havana,International,octubre de 2024,1,"PESIMO SERVICIO Y FALTA DE TRASPARENCIA. Salimos de Bruselas con 3 horas de retraso lo que provoco que perdieramos nuestra conexion hacia La Habana. Quedamos varados en Barajas desde el 26/10/2024 a las 4.30 hrs hasta igual horario del dia siguiente. Durante este tiempo hemos sido testigos de la inoperancia y falta de calidad del servicio que raya con la indolencia. 1. La informacion ofrecida por la empresa es totalmente imprecisa (nos mintieron al decirnos que las conexiones estaban esperando a pesar del retraso, nos mintieron al darnos un voucher de comida supuestamente valido durante toda nuestra instancia en el aeropuerto, pero que en realidad nunca activaron y no estaba aceptado por ningun establecimiento en las areas de espera donde estuvimos por mas de 12 horas sin ingerir alimentos). 2. No se nos presto asistencia. no se nos tramito alojamiento en hotel, ni suficiente comida y bebida (ya explique en el punto anterior), tampoco las dos llamadas telefónicas o acceso a correos electrónicos y en caso de haber conseguido alojamiento por nosotros mismos tampoco habia como darnos el dinero para cubrir el transporte entre el Aeropuerto y el lugar de alojamiento. 3. No se nos informo adecuadamente sobre nuestro derecho al reembolso y compensacion. Mas que eso la aerolinea circulo un documento donde solo se comprometia a reembolsar hasta 150 euros por pasajero para cubriri una noche de alojamiento, comida y transporte desde el aeropuerto y de regreso a el el momento de tomar el nuevo vuelo de regrrso. Este dinero debe ser gastado por el pasajero y posteriormente reembolsado cuando se cumpla la reclamacion. Ademas de ser insufiente el monto, queda a riesgo del pasajero (tenga o no medios para incurrir en ese desembolso al momento del fallo de la aerolinea). Todo el tiempo la aerolinea pasa la responsabilidad al pasajero cuando este no es el causante de la perdida del vuelo. HE QUEDADO PROFUNDAMENTE VULNERADA POR EL TRATO RECIBIDO, SIN OPCIONES DE RECLAMACION REAL, SIN PODER ALIMENTARME DURANTE MAS DE 24 HORAS, ABANDONADA Y HUMILLADA COMO SER HUMANO NO VUELES NUNCA CON AIR EUROPA, ES LO PEOR"
AEA_0298,Air Europa,Desconocido,Bogota,Madrid,International,octubre de 2024,1,"La peor aerolínea, a mi hija con su bebé de dos años les hicieron perder su vuelo por negligencia de la mujer de la ventanilla que le puso trabas en los billetes de regreso que porque no eran de air Europa sino de otra aerolínea. aparte le ofrecieron dizque la opción de volar al otro día pero que tenía que pagar una multa de $2500000 COP, para poder viajar."
AEA_0299,Air Europa,"Marcos Juarez, Argentina",Brussels,Madrid,Europe,agosto de 2024,2,"Habiendo tantas compañías aéreas yo elegí la PEOR, fuera de Horario, cara, mala atención tanto en el mostrador como abordo del Avión."
AEA_0300,Air Europa,"Irvine, California",Madrid,Lisbon,Europe,octubre de 2024,1,"Esta fue la experiencia más loca con aerolíneas que he tenido, cuando estábamos en el autobús de transferencia para ir al avión para un vuelo de Madrid a Lisboa, sostienen el autobús. El agente de la puerta vino al autobús y nos dijo que alguien en este autobús ha robado su teléfono celular. Llamó a la policía del aeropuerto de Madrid y vinieron y dijeron lo mismo. La policía dijo que tienen que mirar las imágenes de la cámara del aeropuerto. Después de una hora de sostener el autobús y el avión, nos dijeron que estaban seguros de que nadie de nuestro autobús tomó su teléfono. No se dieron disculpas del agente de la aerolínea o la policía. Todos estaban muy molestos en el autobús. Nunca más volaré con esta horrible aerolínea."
AEA_0301,Air Europa,Desconocido,Buenos Aires,Madrid,International,octubre de 2024,3,"El espacio de los asientos fue mínimo, la atención del personal regular. Solicite una comida especial y no la tenían agendada, casi al fin del vuelo me pidieron disculpas y la dieron. La limpieza del lugar regular y las comidas y bebidas servidas regulares. la opción de películas regular."
AEA_0302,Air Europa,"Buenos Aires, Argentina",Barcelona,Madrid,Domestic,octubre de 2024,1,"Mal trato en el Aeropuerto de Barcelona por parte de las personas que hacian el check in y las que despacharon el vuelo, parecian salidas de una pelicula de Tim Burton. Llevaba una bolsita con dos libros y un par de zapatillas y me quisieron cobrar 160 euros!! lo meti en la mochila y listo, pero por favor que alguien me explique cual sería el problema? en todas las aerolíneas puedo llevar algo mas. Parecían de la policia midiendo las valijas de mano, y demorando el vuelo para facturar a muchisimas personas porque según su criterio la valija no cumplia con los estandares. Al margen del precio que me cobraron por el pasaje! Trato low cost no así los valores."
AEA_0303,Air Europa,Desconocido,Paris,Medellin,International,mayo de 2024,5,"Tenía miedo antes de tomar Air Europa, pero me sorprendió su excelente calidad, llegaron a tiempo, los empleados eran tan agradables!"
AEA_0304,Air Europa,Desconocido,Madrid,Buenos Aires,International,octubre de 2024,2,1 taza de agua proporcionada para un vuelo de 12 horas. Muy poca comida proporcionada. Asientos incómodos y poco espacio para las piernas. Cobran por auriculares
AEA_0305,Air Europa,Desconocido,Tel Aviv,New York City,International,octubre de 2024,1,Cambiaron nuestra hora de vuelo 3 veces. Llegamos al aeropuerto con suficiente tiempo basado en el último cambio y se negaron a dejarnos en el vuelo y no reembolsaron nuestro billete o mi cargo de equipaje. El agente también fue extremadamente grosero desde antes de que comenzara la interacción.
AEA_0306,Air Europa,"Londres, Reino Unido",London,Havana,International,octubre de 2024,1,"La peor aerolínea. Evítalo. Nunca volaré con ellos. En nuestro camino de regreso de La Habana a Madrid ni siquiera nos dieron servicio de comida y hospitalidad debido a las turbulencias y después de donde había establo todos tenían que hacer cola al final del avión para conseguir comida y esperando en una cola apretada en lugar de ser atendidos en el asiento, el personal era un completo desastre. Y cuando salí de Londres a Madrid, el hombre mayor español con gafas cayó como en una carrera con el carro y mi pierna estaba un poco fuera, me golpeó muy mal en la rodilla con eso y cuando le dije que en lugar de disculparse, era tan poco profesional y me estaba despidiendo por tener la pierna un poco fuera mientras dormía. El personal horrible y la comida era desagradable."
AEA_0307,Air Europa,Desconocido,London,Miami,International,octubre de 2024,1,"Esta terrible aerolínea lo ha vuelto a hacer. No solo que arruinaron nuestras vacaciones, sino Ahora han perdido el equipaje de mi esposa. Si alguien le da a esta empresa una calificación de 5 estrellas, no lo crea. Probablemente se trate de un funcionario que intenta canjear sus calificaciones. Ahórrese la molestia de no viajar con esta Aerolínea. Personal horrible, grosero, racista y arrogante. ¿No hay una opción para darles una estrella 0?"
AEA_0308,Air Europa,"Cádiz, España",Madrid,Havana,International,octubre de 2024,1,"Lamentable. Esta aerolínea es, sin duda, la peor que existe de todas y estoy acostumbrada a viajar. Absolutamente inflexibles en su política, hablar con ellos es como hablar con robots, no contestan a lo que les estás explicando, no escuchan, no dan soluciones, cambian los vuelos y pasan de ti, no responden por ningún gasto y ni siquiera te dejan presentar reclamaciones (algo totalmente fuera de la legalidad). Mañana mismo acudiré a denunciarles en consumo. Hace años volaba con ellos y muy bien pero ahora mismo es la compañía más penosa que existe. Ni se os ocurra pagar los precios que piden para obtener el servicio que dan. Para eso cogemos todos un ryanair y al menos pagamos lo que recibimos."
AEA_0309,Air Europa,"Hollywood, Florida",Miami,Madrid,International,octubre de 2024,5,"El servicio es bueno, la comida era 8/10 de Miami y. Volviendo también 8 / 10 , conseguir el pollo. Hacen varias rondas de agua y café en el vuelo de 8 horas. Recomendación pagar extra y sentarse en una fila de salida. El vuelo estaba muy lleno. Las sillas se reclinan. No tengo ninguna queja, obtendrá el mejor servicio en lo que pagó. La política de cancelación es de 24 horas a partir de cuando compraste el billete en España y no 24 horas del día que termina a medianoche como las aerolíneas de EE.UU. Intenté cancelar pero me dijeron que mi hora de cancelación era a las 9 pm y yo a las 11 pm. Para cancelar, tienes que llamarlos a la aplicación y ambos responden en la aplicación por chat o teléfono."
AEA_0310,Air Europa,Desconocido,Madrid,Miami,International,octubre de 2024,2,"Simplemente no sirve esta aerolínea.los asientos son estrechos e incómodos,el table no tiene mucha variedad de películas o series .el avión estaba lleno de polvo.la comida muy pero muy mala.en mi vuelo la tripulación llegó tarde y por lo tanto el vuelo salió tarde.es penoso.en mi caso no volveré a coger un vuelo en esta aerolínea."
AEA_0311,Air Europa,Desconocido,Madrid,Miami,International,octubre de 2024,1,"Es una de las peores aerolíneas para volar a Europa. La gente del mostrador de Madrid es tan poco profesional. A pesar de que seleccionamos y pagamos la tarifa por elegir su asiento, no les importa. Me pusieron a mí y a mi abuela discapacitada en un asiento diferente, lo que me causó estrés no solo a mí, sino a mi familia. Literalmente no te ayudarían en absoluto, incluso cuando pagamos 350 $ extra para elegir asientos que estaban juntos. También te cobran por todo en el vuelo (4 € por auriculares, snacks, bebidas) EVITA viajar con esta aerolínea si quieres tener una buena experiencia. Describiría a Air Europa como el espíritu de los viajes internacionales. Lo único bueno de esta aerolínea es que la tripulación de vuelo es tan profesional y atenta, pero créeme que nunca volvería a volar con ellos."
AEA_0312,Air Europa,Desconocido,London,Miami,International,octubre de 2024,1,"La peor experiencia de viaje de la historia. El servicio fue terrible. Nos hicieron tomar un vuelo sabiendo que no haríamos nuestro vuelo de conexión, pero no nos lo dijeron. Además, nos volvieron a reservar en otro vuelo al día siguiente mientras estábamos en el aire. Sabían que no haríamos nuestro vuelo de conexión, lo que a su vez nos hizo perder nuestras vacaciones en crucero saliendo de Miami. Además, cuando estábamos en Madrid, nos hicieron correr por el aeropuerto durante una hora sin que nadie nos ayudara. Cuando finalmente los encontramos dijeron que sería imposible llegar a Miami sin mostrar empatía por lo que han causado. Oh año, para encontrar la oficina correcta, tuvimos que pasar por una puerta de NO ENTRADA en un aeropuerto, lo cual es inaudito. Hacen muy difícil encontrarlos. Nunca volveré a volar con esta aerolínea, y si quieres ahorrar dinero, piénsalo dos veces antes de que la experiencia que recibirás supere el ahorro."
AEA_0313,Air Europa,"Miami, Florida",Miami,Madrid,International,octubre de 2024,1,Horrible todo. La terminal en Miami la peor imaginable. Los asientos del avión sillas de tortura. La comida basura en cartón. La actitud de las azafatas es la de gente que no cobra el sueldo hace 6 meses. Última vez con esta compañía.
AEA_0314,Air Europa,Desconocido,London,Miami,International,octubre de 2024,1,"Esta es probablemente la peor aerolínea que he experimentado. Air Europa son absolutamente horribles y una desgracia para todas las aerolíneas. El personal necesita capacitación severa sobre cómo tratar con las personas. El personal es muy grosero y poco comprensivo. Absolutamente arruinaron nuestras vacaciones. Mi esposa y mi amiga me dieron una escapada sorpresa por mi cumpleaños 40. Nuestro vuelo del Aeropuerto de Gatwick a Madrid se retrasó. Nada más llegar a Madrid preguntamos al personal si nos pueden ayudar a encontrar la puerta del vuelo de conexión, presumiendo que estábamos bien. Nadie hablaba inglés, algunos se niegan a ayudarnos. Fueron tan groseros con nosotros. Creo que fuimos excluidos por el color de nuestra piel. Y sentía que a nadie le importabamos. Pasamos una hora buscando la puerta. Nadie se molestó en ayudar. Después de dar vueltas en círculos, para cuando encontramos la puerta. El personal dijo que la puerta está cerrada y no nos pueden dejar subir. Hicimos todo lo posible para conseguir otro vuelo, pero fueron muy groseros e inútiles. Lo que empeoró las cosas es que no pusieron a mi esposa en el avión. Mientras esperábamos su equipaje en Madrid nos dijeron que su equipaje todavía está en Gatwick y no llegó en el avión. Ahora hemos perdido nuestras vacaciones y equipaje. No tenemos más remedio que tomar el próximo vuelo de regreso a casa. Yo nunca recomendaría a nadie para utilizar esta línea aérea o tener ningún trato con ellos. El personal está mal entrenado. Por favor, siga este consejo. NO UTILICE ESTA AEROLÍNEA"
AEA_0315,Air Europa,Desconocido,London,Miami,International,octubre de 2024,1,"Tardé un año en planearlo y ahora no solo se ha arruinado mi sorpresa, la tristeza es tan real. Air Europa El peor servicio de atención al cliente que he experimentado en todos mis años de vuelo. Me perdí unas vacaciones de mi vida debido a la falta de cortesía común de toda la interacción del personal ayer. No podría haber escrito cómo nos trataron hoy. De ser llamado mentiroso, a ser colgado en numerosas ocasiones. Estoy atrapado en España sin poder llegar a mi destino de Miami para el crucero de cumpleaños de mis maridos a tiempo / seguro y nadie tiene ninguna empatía por los clientes. Es realmente una lástima cuando te hacen sentir que tu raza juega un papel en cómo la gente puede tratarte, y nunca jamás siento que la raza sea un factor en ninguna esfera de la vida; a pesar de que pagaste por tu vuelo igual que los demás y pensar que nadie podría ver el dolor y la angustia en nuestros ojos e incluso simplemente decir que siento mucho que estés en esta posición, veremos cómo podemos ayudarte. Incluso si no puedes ayudar, hay una manera de hacer que la gente se sienta mejor con una mala situación, pero agregar a lo que ya es una situación difícil es realmente impactante. Cuando dicen que las primeras impresiones cuentan, realmente lo hacen. Hemos pasado de estar tan emocionados a estar totalmente devastados no es una exageración. He vivido lo que la mayoría llamaría una pesadilla hoy y no le desearía esto a mi peor enemigo. Air Europa le rogamos que se reúna en algún momento para volver a capacitar al personal que tiene en su escritorio en el salón 2 y frente a su área de salidas en el aeropuerto de Madrid. Dejaste mi caso en Londres Gatwick, así que si hiciéramos el crucero, estaría sin 8 días de ropa y la forma en que te tomó más de 45 minutos hacérnoslo saber después de estar en el aeropuerto con tu llamado help desk durante 4 horas simplemente no es lo suficientemente buena. Su personal realmente no está ofreciendo servicio de 1 estrella en absoluto. En el gran esquema, aprecio no afectarlos mucho con este mensaje, pero espero que respeten a todos sus pasajeros lo suficiente como para reconocer que todos deben ser tratados con dignidad y respeto y ser escuchados y escuchados también. Para agregar daño, se ha negado a darnos compensación alguna a pesar de que compartimos cómo su falta de guía / apoyo nos hace perder nuestro crucero, nuestra estancia en el hotel en Miami antes y después del crucero, nuestro estacionamiento pagado en Londres. Nuestro tiempo de trabajo como contratistas no pagado. Hay tantas partes móviles que realmente no quieres entender o admitir tu parte en el rompecabezas. Realmente no podemos volver a volar contigo y como uno que no solo toma lo que otros publican como Evangelio, esperar que seas tan bueno como Aer Lingus / British Airways como tu parte del mismo grupo fue un gran defecto de mi parte. Realmente espero que alguien evite todo lo que hemos enfrentado en las últimas 24 horas tomando el mío y otros aconsejan y no reservando con Air Europa. Usted puede ser el próximo en pagar un alto costo por creer que le servirán bien. Podría seguir pero me detendré aquí."
AEA_0316,Air Europa,Desconocido,Madrid,San Pedro Sula,International,julio de 2024,1,"Mi mamá me visitó en Alemania para mi boda y su regreso a Honduras estaba planeado para el 1 : 35 am de Madrid. El vuelo se retrasó 4 horas. Aunque entiendo que ocurren retrasos, el servicio de AirEuropa ha sido una pesadilla. Según su REGLAMENTO tenemos derecho a una indemnización de 600 , 00 EUR por retrasos de más de cuatro horas. Presenté mi reclamación el 29 de julio y ahora es octubre. 18 y la aerolínea aún no ha honrado mis derechos. He llamado varias veces y siempre dicen que el “agente asignado a mi caso” me responderá en no más de 10 días hábiles. Eso nunca pasa así que tengo que volver a llamar y la historia se repite ya que no pueden transferirme a ese departamento y no hay supervisor que pueda ayudarme. NO SE LE DA NINGUNA RESOLUCIÓN Están violando mis derechos como consumidor, y en este punto, estoy convencido de que solo están esperando a que me canse y deje de llamar. Lo cual no va a suceder. Servicio terrible. ¡Al menos cumple tus regulaciones y hazlo mejor, AirEuropa!"
AEA_0317,Air Europa,Desconocido,Madrid,Rome,Europe,octubre de 2024,1,"MATAN ANIMALES. Negligencias constantes frente a la actuación y sensibilidad con nuestros animales, miembros de nuestra familia. Irresponsabilidad, mala praxis, poc profesionalidad, empatía y protocolos adecuados para el viaje de nuestras mascotas. Nos animales de ahogan en las bodegas, no les dan atención durante el vuelo, aislados, no saben si les ocurre algo, no saben actuar ni tienen protocolos en caso de urgencias. Poco permisibles, pierden a tu perro y encima no te dejan acceder para buscarlo. A parte, la ilegalidad que comenten con las restricciones de su línea, que son ilegales. DENUNCIAR CUALQUIER MINIMO DETALLE. LA FAMILIA NO SE TOCA. BASTA YA!!"
AEA_0318,Air Europa,Portugal,Lisbon,Madrid,Europe,septiembre de 2024,1,"Tuve una experiencia muy frustrante con Air Europa. Compré un boleto para un 6: 40 AM vuelo, pero no recibí el billete hasta las 6 : 49 AM. El check-in en línea - no estaba disponible, y para cuando llegué al aeropuerto, el check-in en mostrador había cerrado a las 6 : 55 AM. Fue imposible hacer el vuelo con solo 5 minutos para registrarse. Como resultado, tuve que comprar otro billete para un vuelo posterior. Presenté una reclamación a Air Europa, pero la respuesta ha sido extremadamente lenta, y después de más de 40 días, todavía no he recibido ninguna resolución. Todo este proceso ha sido decepcionante y ha causado estrés innecesario y costos adicionales."
AEA_0319,Air Europa,Desconocido,Madrid,Cancun,International,octubre de 2024,1,"Malísimo servicio. No lo recomiendo. La aplicación no nos dejó hacer el check in, fuimos al mostrador del aeropuerto 8 horas antes del vuelo, pedimos sentarnos juntos y no nos lo permitieron aduciendo que estaba todo lleno, cuando al mismo tiempo en la aplicación aparecían muchos asientos libres. Dijimos que queríamos pagar la opción de business, pero dijeron que no era posible. El servicio a bordo nos indicó que nos buscarían dos asientos libres juntos, y finalmente la única opción que nos dieron fue la de pagar un upgrade a business, cuando previamente en el mostrador no nos habían dejado. Cuando le dije a la azafata que me parecía un pitorreo, me levantó la voz y me dijo que la estaba ofendiendo, cuando solamente le dije que no era normal lo mucho que nos habían mareado. Definitivamente, si podéis buscar otra alternativa a Aireuropa, hacedlo para vuestra tranquilidad."
AEA_0320,Air Europa,"Prats, Andorra",Barcelona,Lima,International,octubre de 2024,3,"Una sola comida a bordo en un vuelo de 12h, el resto pagando y ninguna limpieza de los baños durante el vuelo, muy sucios…."
AEA_0321,Air Europa,Desconocido,Munich,Panama City,International,octubre de 2024,1,"Compré WiFi para mi vuelo durante el check-in en línea, pero desafortunadamente, no pude conectarme. Costó alrededor de 10 €, lo que no es demasiado caro. Le pedí ayuda a la azafata, y mientras ella trataba de ayudar, todavía no podía conectarme. Para mi sorpresa, regresó cinco minutos después con un vale que contenía un código, que yo solía conectar, y se disculpó por las molestias que no esperaba. La tripulación de cabina era muy amable y servicial. La comida era mediocre en el mejor de los casos (una comida en 10 horas de vuelo), mientras que el entretenimiento en vuelos de largo recorrido era sorprendentemente bueno. Sin embargo, tenga en cuenta que si no tiene 3. Auriculares de audio de 5 mm tendrás que comprarlos (3 € si mal no recuerdo, nada descabellado pero la mayoría de las empresas suelen dárselos gratis) . Esta fue mi primera vez volando con esta aerolínea, y la experiencia general estuvo bien, nada espectacular pero decente. El problema principal y la razón por la que dejo una mala crítica no está relacionada con el vuelo en sí, sino con su atención al cliente y la compañía en sí. Quería reprogramar mi vuelo debido a problemas de salud, pero me di cuenta de que todos los números son inexistentes o nadie contesta el teléfono. La única forma de contactar con ellos es ir al aeropuerto (incluso allí, no tienen una oficina normal, pero tendrías que esperar a ver cuándo tienen un vuelo y esperar a que vengan y si tienes suerte cogerlos y pedir algo que pagaste) donde no son de ninguna ayuda y por lo general solo te derivará a llamar a atención al cliente, que ni siquiera existe (pruébalo tú mismo si no confías en mí, he intentado llamar a oficinas en 15 países diferentes y ninguno de ellos funcionó). Más o menos, cuando les compras un boleto, eso es todo, no hay razón para comprar opciones adicionales o seguro porque si algo sucede, no podrás contactarlos de ninguna manera y usar esa opción o reclamar nada. Excepto por la tripulación de vuelo (que mezcló todas las bebidas entre los pasajeros durante el vuelo), que no fue perfecto, pero fueron muy amables, no puedo decir nada bueno sobre esta compañía. Los evitaría honestamente. Para un simple vuelo corto, están bien supongo (todavía elegiría otras aerolíneas a menos que la diferencia de precio sea tan significativa) pero si estás planeando un viaje caro y largo, mejor paga extra y vuela con una compañía confiable. Editar: Finalmente pude contactar con el servicio de atención al cliente y les pedí que reprogramaran mi vuelo de regreso. Me pidieron que pagara 900 $ más 160 $ para reprogramar ese vuelo, incluso pensé que el boleto para regresar de Panamá a Múnich en esa fecha, en una dirección costaba 700 $ en su sitio web sin reprogramar nada. Interesante, por decirlo al menos. Mejor aléjate de esta compañía. Paga un poco extra y vuela con uno confiable bien conocido. Para ser honesto, todos son bastante malos. No estoy seguro de cómo y por qué a algunas de estas empresas se les permite incluso operar (supongo que los gobiernos las cubren sobre los gastos de los contribuyentes) , pero honestamente, cualquier cosa será mejor que esta. Tratar a sus clientes (o simplemente a los seres humanos en general) de esta manera simplemente no es agradable."
AEA_0322,Air Europa,Desconocido,Madrid,Havana,International,octubre de 2024,1,"Una vergüenza. Subcontratan compañías, el viaje más cutre de mi vida, no nos dieron ni agua. Nos vendieron unos cascos que luego ni funcionaban"
AEA_0323,Air Europa,Desconocido,Madrid,Punta Cana,International,octubre de 2024,1,"Mala experiencia. Buen avión, pero muy mal servicio de las chicas. Permanecen en la habitación principal con sus teléfonos y hablando entre ellos. Si alguien tiene un ataque al corazón en el avión, o estás enfermo y vomitas, no les importa ayudarte. Presionar el botón de pánico no hace nada, y también cuando fui a pedir ayuda dijeron que alguien vendría, pero por supuesto nadie apareció. Nunca vuelvas a volar con esta compañía."
AEA_0324,Air Europa,Desconocido,Venice,Bogota,International,octubre de 2024,1,"Air Europa es una pésima aerolínea que no le recomiendo a nadie. Demoraron un vuelo internacional 3 horas para esperar unos pasajeros de un vuelo diferente y por ello perdí mi conexión nacional sin que me respondieran por nada. No dieron las indemnizaciones que por ley requieren, solo un poco de agua y una única comida que incluía el vuelo, además los audífonos te los cobran. Llegamos tarde en la noche a Bogotá y muchas personas estaban sufriendo por la demora del vuelo, no solo por sus conexiones sino porque tenían niños menores de 1 año sufriendo en esas condiciones como tener que dormir en el piso del aeropuerto (como en mi caso). Por favor no tomen vuelos con air Europa, va a ser la peor experiencia de sus vidas de seguro."
AEA_0325,Air Europa,"Madrid, España",Palma de Mallorca,Madrid,Domestic,julio de 2024,1,"Cuando llegué a Madrid, mi maleta estaba rota. Una maleta Pelicase que se supone irrompible. Reclamo y muy amablemente me fotografían la maleta y me dicen que recibiré noticias de ellos. Así fue, recibí un correo en el que me pedían una serie de documentos y me invitaban a comprar mi maleta nueva para, presentándoles la factura reembolsarme el coste. Me gasté 500€ en una maleta idéntica a la que me rompieron, pero tras enviarles la factura me dicen que me ofrecen 200€ o 300 en bonos de nosequé. No vuelvo a trabajar con Air Europa en mi vida."
AEA_0326,Air Europa,"Zagreb, Croacia",Madrid,Miami,International,octubre de 2024,1,"Podría decirse que es la peor compañía con la que he volado. En un vuelo de 8. 5 horas, dan solo 1 comida y es malo, y ni siquiera son capaces de dar café gratis. El personal es muy malo, dan información principalmente en español, y cuando hablan inglés es incomprensible. Prefiero pagar dos veces por el billete que volar con ellos de nuevo."
AEA_0327,Air Europa,Desconocido,Madrid,Lisbon,Europe,octubre de 2024,1,"Desde que han cancelado nuestro vuelo en la pandemia, que no me han devuelto el dinero de la reserva de asientos y maletas de bodega. Hice enumeras reclamaciones formales y nunca contestaron. Por teléfono, siempre mintieron diciendo que iban a proceder al reembolso a lo largo de los próximos meses. Han pasado más de 3 años sin que cumplieron con su palabra."
AEA_0328,Air Europa,Desconocido,Lisbon,Madrid,Europe,octubre de 2024,1,"Los empleados tienen poca experiencia o lo que sería peor, no parecen tener ganas de trabajar Cambiaron de puerta y en la zona no hay plasma para ver el cambió realizado a último momento por lo que la gente salió a correr gracias a un buen turista que nos alertó. Cómo si fuera poco parece que no saldrá a tiempo y tenemos otro vuelo que conectar. Es la versión aérea del tren fantasma"
AEA_0329,Air Europa,Desconocido,Madrid,Lima,International,octubre de 2024,1,"La peor experiencia de viaje de mi vida. Nunca en un vuelo tan largo lo había vivido asi. 11 horas de vuelo y si querías auriculares a pagar, si quereis un agua a pagar, si querías desayunar a pagar, horrible."
AEA_0330,Air Europa,"Buenos Aires, Argentina",Rome,Buenos Aires,International,septiembre de 2024,1,"Desastre horrible el servicio, te cobran hasta el vaso de agua que pedis para tomar una medicacion!.... no vuelo nunca mas por esta empresa...malisimo, no te dan ni auriculares ...falta que te cobre el papel higienico del baño. Y el baño del vuelo entre Roma y Madrid estaba sucio....no lo limpiaron antes de que salga el vuelo."
AEA_0331,Air Europa,Desconocido,Zurich,Madrid,Europe,septiembre de 2024,1,"HORRIBLEEE, mi equipaje llegó con retraso, estuve esperando en la banda de equipajes por mucho tiempo para que al final no llegara mi maleta. Fui a reclamar al no ver mi equipaje aparecer cuando ya había cerrado la banda y todos se habían ido. La mujer que atendió en la parte para reclamar equipajes perdidos una sinvergüenza, un rato con el teléfono para luego descortésmente decirme: “Ya estoy libre”, con un tono y un servicio deplorable. Me dijeron que vaya a esperar OTROS 20 minutos porque según ella, la maleta todavía faltaba que sea traída. Fui a reclamar y el personal español toda una porquería Perdí mi tiempo, tuve que ir a recoger la maleta porque la encontraron días después. Y ni hablar de que vi a otra gente teniendo problemas con esta aerolínea, deplorable!!!!!! No vuelen con esta aerolínea. PÉSIMA!!! Adjunto una foto para que vean que incluso su página para reclamar por las maletas es PÉSIMA, me botaba error."
AEA_0332,Air Europa,Desconocido,Palma de Mallorca,Barcelona,Domestic,octubre de 2024,1,"Tristemente no puedo dar cero estrellas. Tomo unos 100 vuelos al año, incluidos muchos vuelos en África con operadores locales más pequeños. La peor aerolínea. Bolsa de golf perdida camino al fin de semana de golf. Tardó 24 horas en encontrar y más tiempo en entregar. Hacer casi imposible reclamar por pérdidas. Personal incompetente. ¡Hice la facturación en el vuelo de vuelta y me dijeron que pagara 40 euros a Barcelona, pero si quiero comprobarlo todo hasta Dubai, el costo será de 450! Pregunté por qué están cobrando por Barcelona a dubai cuando el vuelo es con emiratos y dije que era política de la compañía aunque coincidieron en que el vuelo no tenía nada que ver con Air Europa. Nadie puede explicar la razón de esa política. Esto se asemeja a una estafa en mi opinión, cobrando tarifas exorbitantes por un servicio que no está proporcionando. Llamaron y no tienen forma de registrar una queja y obviamente ningún interés en el servicio al cliente o satisfacción. Con un poco de suerte se irán a la quiebra."
AEA_0333,Air Europa,Desconocido,Venice,Miami,International,mayo de 2024,1,Absolutamente asqueroso el personal estaba literalmente molesto de que tenían que darle la bienvenida Para los hablantes no españoles fueron groseros poniendo los ojos en blanco Incluso Ryanair es mejor.
AEA_0334,Air Europa,Desconocido,Barcelona,Madrid,Domestic,octubre de 2024,1,"Una aerolínea pésima, la información y organización deja mucho que desear pero sobretodo el personal de cabina, soberbio y prepotente a la hora de responder a preguntas o peticiones, no la recomendaría a nadie."
AEA_0335,Air Europa,"Madrid, España",London,Madrid,Europe,septiembre de 2024,1,"Vuelos de ida y de vuelta a Londres siempre con retraso, más de una hora después de la salida, por poco perdemos el siguiente vuelo con otra aerolínea. Por otro lado me obligaron de muy mala manera en Gatwick ( una señora que hablaba español ) a facturar mi maleta de mano alegando que no había espacio en la cabina. Después nos dimos cuenta que había espacio de sobra y los pasajeros ponían en el compartimento de arriba las bolsas de mano y no de maletas . ¿eso si está permitido pero mi maleta de mano no, verdad ? Vergonzoso el trato y la organización."
AEA_0336,Air Europa,Desconocido,London,Buenos Aires,International,septiembre de 2024,1,"¿POR DÓNDE EMPIEZO. Primero me sorprendió cuando tuve que pagar por tapones para los oídos. Mi vuelo de 13 horas incluyó una comida caliente y no hay bocadillos. Tienes que ir a la parte de atrás del avión para conseguir bebidas, ya que solo te servirán dos veces uno para la cena y uno para una bebida esto fue en un vuelo de 13 horas. El personal desde el check-in hasta el personal en el avión son absolutamente groseros y no se preocupan por los clientes, no estoy seguro de si fue porque soy británico, pero me sentí como otros pasajeros que hablaban español fueron tratados mejor. Había una mezcla con nuestras comidas y nos sirvieron comidas especiales cuando les informamos que esto era un error que dijeron que tomar o no comer sin siquiera tratar de encontrar soluciones alternativas 2 de nosotros nunca comimos debido a las alergias de la comida siempre y cuando el personal nunca se preocupó menos. Una llamada de la azafata de aire Elias era amable y razonable. Yo diría que es lo único positivo que tengo que decir sobre el personal. El avión estaba bien en todos los vuelos el espacio estaba bien entretenimiento podría ser un poco mejor, pero era razonable. El clavo en el ataúd fue que nos quitaron mi equipaje de mano en el avión y declararon que estaba lleno. Cuando mencioné que mi equipaje contiene artículos frágiles y necesito una pegatina frágil me ofrecieron dos opciones. Súbete al avión o compra un billete para otro vuelo, sí, esas eran las soluciones, ya que no tenían pegatinas frágiles. Escribo esta reseña en el y espero que mis delicados regalos estén bien. Al abordar el avión puedo decir honestamente que había espacio para más equipaje de mano, debido a que el vuelo se retrasaba no creo que quisieran pasar tiempo organizándose. Ciertamente la lección aprendida y NUNCA más volveré a usar sus servicios Prefiero pagar más."
AEA_0337,Air Europa,Desconocido,London,Buenos Aires,International,septiembre de 2024,2,"EVITAR A TODA COSTA, SON BARATOS POR UNA RAZÓN. EL PERSONAL ES GROSERO, NI SIQUIERA OFRECIÓ AGUA PARA UN VUELO DE 12 HORAS. LUEGO TUVE QUE PAGAR LOS AURICULARES"
AEA_0338,Air Europa,Desconocido,Palma de Mallorca,Valencia,Domestic,julio de 2024,1,"He viajado con Air Europa dos veces, y ambas veces tuve problemas. La segunda vez iba a pagar una tarifa de diferencia, y un hombre grosero en el escritorio, que no escuchó lo que dijimos, me cobró por un billete de avión completamente nuevo, y 2 equipajes que ya había pagado. Literalmente pagué por el mismo asiento dos veces, y pagué casi 300 euros en el aeropuerto por un billete que ya había pagado antes, por unos 60 - 70 euros. Me dijeron que reclamara a Air Europa, cosa que hice: tardé más de un mes en obtener una respuesta, y directamente dijeron que no a un reembolso o a un reembolso parcial. Desde entonces les he enviado correos electrónicos varias veces para investigar lo que sucedió, ya que se suponía que no debía pagar un boleto adicional, sino una tarifa de diferencia, y en realidad se les dijo que lo reclamaran del aeropuerto, a lo que nunca respondieron. Esto fue hace más de un mes. Horrible servicio tanto en el aeropuerto como en línea después del viaje."
AEA_0339,Air Europa,Desconocido,Madrid,Santo Domingo,International,septiembre de 2024,2,"Esta aerolínea es pésima. Vuelos caros, no suministran auriculares, y las maletas no las incluyen. Facturamos una maleta para un vuelo transoceanico, y resulta que solo se factura para el vuelo de ida. Lógicamente para el de vuelta te cobran el doble. Una sola comida y la comodidad del avión las bien justa. Eviten esta aerolínea."
AEA_0340,Air Europa,"Dubái, Emiratos Árabes Unidos",Havana,Madrid,International,julio de 2024,1,"52 horas atascado entre el aeropuerto de La Habana y un hotel caótico debido a un mal funcionamiento del avión. Perdió vuelos de conexión y vacaciones. No les importaría menos. No compensará, cubrirá los vuelos perdidos, nada. Ni siquiera responden a las consultas y quejas de los clientes. Algunas personas en el vuelo perdieron sus maletas o se dañaron. El peor servicio al cliente."
AEA_0341,Air Europa,"Madrid, España",Vigo,Madrid,Domestic,septiembre de 2024,1,"Una vergüenza de compañía aérea, creo que la única vez que llego a tiempo fue en la cita con Delsy y Abalos. Salimos con hora y 20 de retraso, llueve mucho e intensamente. Ningún vuelo más en este aeropuerto hsta mañana. Pues resulta que no hay finger útil de los 6 que hay, familias con niños pequeños y sres mayores en el bus, del bus al avión hemos entrado en el avión empapados, niños llorando. Lo mejor es el ambiente que precioso cuando metes a 200 pax mojada toda la ropa y equipaje de mano en un avión. Una maravilla.luego el piloto dice que la culpa de todo no es de Aur Europa y ya está. Un clásico español de la culpa será de otro. Nadie la tiene, ni los tecnicos del aeropuerto, ni el personal de Air Europa. Miserables"
AEA_0342,Air Europa,Desconocido,Madrid,Parana,International,septiembre de 2024,2,"¡No volvería a volar con Air Europa! Muy muy pequeña cantidad de espacio para las piernas y espacio, así que fue un vuelo incómodo. ¡Solo tienes 1 comida gratis para un vuelo de 11 horas! ¡Ni siquiera otros bocadillos incluidos! Las bebidas solo llegaron dos veces. A la salida cancelaron la segunda vez viniendo con bebidas debido a ""turbulencias"", pero un poco más tarde pudimos oler café (ya que estábamos sentados cerca de la parte trasera) y bandejas de café se estaban llevando a la parte delantera de la cabina. Tienes que pagar por los auriculares también, lo que era ridículo, ya que nuestros propios auriculares no cabían, así que obviamente tuvimos que comprar como lo fue un vuelo de 11 horas! El personal no desprendía un ambiente amable o accesible. Nunca más."
AEA_0343,Air Europa,Desconocido,Madrid,Montreal,International,septiembre de 2024,1,"Pesimo servicio nos perdieron todas las maletas y estuvimos el viaje entero sin ellas y encima el vuelo de vuelta se retraso 12 horas porque segun ello el piloto estaba malo, ademas de que una vez subidos en el avion de vuelta , estuvimos 3 horas sin salir a la pista debido a que no habia subido aun toda la gente al avion"
AEA_0344,Air Europa,Desconocido,Madrid,Athens,Europe,septiembre de 2024,1,"Al embarcar en mallorca, fuimos saltados de cola y nos ignoraron por el personal, después de que dejaron a todos los demás en el vuelo, dijeron que no tenían más espacio en el vuelo para nuestra maleta de mano. Declaramos que teníamos una conexión inmediata después y necesitábamos que nuestras maletas fueran traídas a ese vuelo, dijeron que no podían ayudarnos. finalmente acordaron transferir nuestras maletas para nosotros. revisaron las maletas y abordamos. al llegar a madrid fui a las azafatas del nuevo vuelo para explicar que teníamos maletas que ser transferidas para asegurarnos de que no se perderían. afirmaron que todo estaba bien. al llegar a Atenas, nos sentamos en la reclamación de equipaje. sin maletas. fuimos a rastrear la receta y dijeron que lo tendrán para nosotros al día siguiente en Atenas o tendríamos que recogerlo en santorini ya que solo estábamos pasando 24 horas en Atenas. qué servicio. no ofrecen compensación por maletas perdidas y dijeron que solo teníamos 50 euros para volver a comprar y presentar para lo esencial. No sé en qué economía están viviendo para pensar que un atuendo y cepillo de dientes y lo esencial para vivir cuestan 50 euros."
AEA_0345,Air Europa,"Madrid, España",Madrid,Paris,Europe,septiembre de 2024,1,"Soy cliente plata. Tengo mas de 60 mil millas, Traté hoy de comprar un pasaje doble de Madrid a Paris, me cobraron 137.60 euros en cada ocasión En ninguna de ellas emitieron los pasajes. Tuve que llamar en dos ocasiones, llamadas que duraron 70 minutos y no solucionaron el problema mas allá de prometer devolver el dinero."
AEA_0346,Air Europa,Desconocido,Madrid,New York City,International,septiembre de 2024,1,"¡La peor experiencia! Asientos pequeños, comida pobre y mala, extra como chocolate, papas fritas solo previo pago. Muy mal entretenimiento y también tienes que pagar por tus tapones para los oídos. * una vez que tuve que subir al vuelo tuvimos que ir pero autobús al plan, y nos hemos quedado 1 hora dentro del autobús como cerdos, eso ha sido increíble e inaceptable."
AEA_0347,Air Europa,Desconocido,Lisbon,Amsterdam,Europe,septiembre de 2024,1,"NUNCA MÁS! Retraso de 2 h para la ida - motivo: avión no estacionado en la puerta derecha Vuelo de conexión perdido debido al retraso del vuelo anterior. Afortunadamente reprogramado el próximo vuelo a destino final para el 1 : 40 '. (La escala original fue de 1 h) PERDIERON TODO EL EQUIPAJE entre los 3 vuelos. La compensación es esbozada y diseñada para ser casi imposible de obtener. Dicen que la compensación es inmediata, pero tengo que esperar 30 DÍAS PARA OBTENER UNA RESPUESTA. ¡NO VUELES CON ESTA COMPAÑÍA!"
AEA_0348,Air Europa,España,Zurich,Madrid,Europe,septiembre de 2024,1,"Cuando estaba esperando el embarque, pasó una azafata revisando y pesando el equipaje y todo bien. Más tarde, otra trabajadora malhumorada decidió facturarnos las maletas de manera innecesaria, ya que nuestra maleta de mano fue debajo del asiento. A la hora de entrar al avión no había nadie y pasamos con la maleta facturada. Nos pidieron el resguardo y nos dijeron que estaba bien. Más tarde, vinieron a llevarse nuestras maletas a bodega para meter una mochila de montaña que doblaba el volumen de nuestras maletas, con lo cual no debería ir en cabina. Trabajo mal hecho, clientes mal atendidos. Nunca repetiré 18/09/2024"
AEA_0349,Air Europa,Desconocido,Madrid,Buenos Aires,International,septiembre de 2024,1,"El peor vuelo de mi vida , el embarque el peor 5 vuelos juntos a la misma hora todos, obvio a Sudamérica, me toco el.asiento 34k , ventanilla que no existía, no se rebatia el asiento y al lado del baño , humillación total como si el pasaje me lo hubieran regalado , nunca más Air Europa , una verguenza."
AEA_0350,Air Europa,Desconocido,Miami,Porto,International,agosto de 2024,1,"Mi viaje con las aerolíneas Air Europa fue el peor que he tenido en mi vida. Vuelo # UX 098 . Todos comenzaron que me asignaron un asiento 34 A que no es reclinable por alguna específica (a pesar de que pagué el precio completo por el regular). Cuando le pedí al asistente que verificara si había algún asiento normal libre, dijo: No, más tarde comprobé y vi 3 - 4 asientos libres. Así que me mintió. Tuve que pasar 8 horas sin poder reclinarme hacia atrás o inclinarme hacia adelante. Al final del vuelo mi espalda estaba tan mal y rígida, que no podía caminar. Esto arruinó mis vacaciones. El servicio en el vuelo era muy malo. Mantuvieron los inodoros cerrados durante mucho tiempo, explicándolo por turbulencias. Al mismo tiempo, para la clase ejecutiva había baños disponibles. No podía esperar más y usé uno de clase ejecutiva. Cuando salí el asistente empezó a gritarme como si hubiera cometido un crimen. Podría decir más cosas así, pero creo que es suficiente. Era mi primera vez que volaba con AirEurope. Y, definitivamente, el ÚLTIMO. Nunca iré con esta aerolínea."
AEA_0351,Air Europa,Desconocido,Salvador,Madrid,International,septiembre de 2024,1,Perdieron mi equipaje. Han pasado 2 meses y no me lo han devuelto. Personal completamente apático. Nunca vuele con esta compañía de basura a menos que quiera que le roben o pierdan su equipaje.
AEA_0352,Air Europa,Desconocido,La Coruna,Madrid,Domestic,septiembre de 2024,1,"Muy mala experiencia. Vuelo de la Coruña a Madrid, con cinco horas de retraso.0 empatía,ninguna solución. Perdimos vuelo de conexión y ni siquieran te ayudan a conseguir un nuevo vuelo."
AEA_0353,Air Europa,Desconocido,Madrid,Cancun,International,septiembre de 2024,2,"Normalmente hago 4 / 5 vuelos /año. Éstas creo que fueron las peores en las que he estado. Los asistentes eran muy poco profesionales, la comida era pollo o pasta, preguntamos con qué, se suponía que la pasta era con queso... la sorpresa fue con algo verde que no pudimos averiguar. El pollo estaba con arroz y verduras, sorpresa: puré de papa y zanahorias con salsa dulce. Pero lo peor para mí es la forma en que nos hablan, las costuras son alimentar cerdos en lugar de personas. También salí de la llanura con un resfriado debido al aire helado, aunque estaba con mi chaqueta y la manta. Solo una comida incluida, todo lo demás que necesita comprar (excepto café o té). Era la primera vez que me pasaba en un vuelo de 9 h. Auriculares, usted necesita comprar también (también una hora de 1 calle para mí) Podría hablar del espacio para las piernas (mido 1 , 90 m) pero es casi igual en todas las empresas. Pero los asistentes desagradables para mí no funcionan. Haré todo lo posible para no volver a volar con aireuropa y decirles a todos lo mismo. Espero no necesitarlos en el futuro Ah. . dio un 2 estrellas debido a la bonita llanura que tienen."
AEA_0354,Air Europa,Desconocido,Cancun,Madrid,International,agosto de 2024,1,"Viajamos desde México a Madrid! Nada más abordo notamos calor excesivo y cuando reclame que pongan el aire más frío dijeron que no se podía. Era un avión en el que el aire era para toda la cabina y no se podía ajustar la apertura para cada pasajero, con lo cual podía hacer frío en alguna parte del avión más que otra. Estuve a punto de desmayar del calor , cuando me vieron entonces si lo ajustaron. Para un viaje tan largo es mejor buscar otra compañía"
AEA_0355,Air Europa,"Heidelberg, Alemania",Frankfurt,Lima,International,julio de 2024,1,"Air Europa Queja sobre la situación del espacio y del catering en sus aviones Nuestro vuelo UX 175 de Madrid a Lima - Perú 26 de Julio de 2024 Estimados señores de esta línea aérea, con la que volamos por 1ra vez, Al subir al avión nos dimos con la sorpresa de que nuestros asientos estaban Muy cerca de los baños y con un espacio muy ESTRECHO junto a una de las puertas de salidas de emergencia. Asientos 34 “h, j, k”, y sin libertad de piernas. Uno choca constantemente con las rodillas con el asiento anterior (!). Además el lugar no tiene ventanas! Esto no puede ser, habemos personas con Agorafobia, Claustrofobia, etc. Pero también personas normales, a quienes nos incomoda un lugar sin ventanas ni Luz natural. A esto se suma la falta de libertad de piernas que es entumeciente. El asiento de al lado 34 k, está en peores condiciones, este NO SE PUEDE RECLINAR(!) ni un milímetro! El pasajero sentado al lado nuestro (34k) un señor de 76 años no podía moverse ni estirar las piernas durante todo el vuelo. Terminó el vuelo completamente entumecido! Fue casi un caso médico (!) Uds. recibirán probablemente noticias de él. Para poder ingerir la única comida servida en sus aviones muchos no podían extender la mesita replegable.. (Ésta choca contra el vientre del pasajero. El avión estaba completamente repleto, el no recibió ayuda alguna, probablemente habría un lugar libre en la 1ra. Clase? No lo sabemos. Aparte de esto, inusualmente (yo vuelo hacen ya más de 35 años) los alimentos teníamos que pagarlo y con recargo, de nuestro propio bolsillo. Tuvimos solo 1 (UN) solo refrigerio de una presa de pollo, con algo verde, mezcla de arroz y verduras, difícil de interpretarlo. Horas más tarde, pasó el grupo de Asafatas repartiendo Café y Té. No he probado café más insípido que el vuestro, y no es ninguna exageración. Deberían uds. reflexionar y mejorar vuestro servicio, pues Nosotros los pasajeros comentaremos este fiasco en las redes. Lo hacemos siempre, para loar y/ó para presentar quejas que ayuden a vosotros a mejorar; pero sobre todo advertir a otros viajeros que se suben a los aviones pagando sumas difíciles para algunos, pero con hermosas esperanzas de vacaciones y/ó visitas, los que al encontrar situaciones como en vuestras naves, se sienten DESILUSIONADOS y probablemente no volverán a volar en su línea, lo que forzosamente también pensamos nosotros, ademas que lo comentarán en reuniones de familias, colegas, amigos, … Todos se merecen una 2da. Oportunidad. Nuestro viaje de retorno se llevará a cabo pronto. Esperamos ver ahí una mejoría. Personalmente escribo para el TripAdvisor y el Holiday Check, aparte de otras plataformas y periódicos pequeños, que llegan a un buen público de habla hispana, alemana y francesa. Uds. deciden lo que he de plasmar en el futuro. Esperando su respuesta nos despedimos cordialmente, A. Huerta"
AEA_0356,Air Europa,Desconocido,Porto,Madrid,Europe,septiembre de 2024,1,"Air Europe Porto tiene el peor servicio al cliente. Cuando reservé todo parecía que podíamos viajar con nuestro equipaje. Si no lo has añadido por error o no estaba claro, la compañía debería seguir siendo tú y asegurarte de que conoces tus condiciones de viaje (como me han comunicado en Todos mis viajes en pase con diferentes compañías). Cuando estábamos haciendo cola nos mantuvieron durante siglos solo porque solo tenían dos personas en el escritorio y una vez que llegamos allí nos dijeron que necesitábamos pagar extra por nuestros equipajes. El vuelo salía pronto y yo estaba tratando de ordenar cómo pagar las maletas (que no era consciente) y la reacción de los gerentes fue extremadamente grosera, arrancando los boletos de nuestros equipajes y tirarlos al suelo sin pensar lo que teníamos dentro. Hizo llorar a mi hermana y estuvo en shock todo el vuelo. Le pregunté su nombre y alguien me dijo que podría ser March de Paz o María de Paz. Necesito repetir que mi hermana se vio muy afectada por su reacción y más de una persona necesitó ayudarla en el camino a Madrid (que era nuestra primera parada antes de Alicante). Uno de los asistentes de vuelo de España vio a mi hermana y le dio agua de inmediato, además le pidió que se pusiera en contacto en caso de que necesitara algo. Nunca tuve una experiencia como esa plus terminé pagando 130 Euros extra por mis maletas. Extremadamente decepcionado."
AEA_0357,Air Europa,Desconocido,Guayaquil,Madrid,International,agosto de 2024,1,"En el aeropuerto de Guayaquil, Una estrella xq no deja dejarlo en cero, la encargada del departamento nos hizo el check in (delegada, pelo negro y grosera) fue una persona demasiado déspota y arrogante, teníamos una sola maleta con sobrepeso de 2 kilos ( llevábamos 6 maletas de 23kg ) en ese momento rápido abrimos la maleta para quitarle algo rápido y nos trato de la peor forma diciendo q debíamos irnos y luego volver, la más mínima simpatía dado q llevaba en manos a mi hija de 6 años con autismo, nos hicimos a un lado y enseguida vino otra chica muy amable y nos dijo, no se vayan q enseguida les atiendo pero háganse a un lado xq me van a llamar la atención, hasta su equipo creo esta intimidado x tan desagradable persona! En fin, es un servicio q estamos pagando también y q un viaje a Europa no es nada barato, me parece demasiado feo q se trate así a las personas, entiendo el ritmo de trabajo y q es atención al cliente todo el día, pero si alguien llega de forma educada y amable, el otro se espera lo mismo... Ojalá hayan más quejas sobre esta persona y haya un llamado de atención a ver si en lugar de despreciable se queda en seria y ya.. En fin, todo lo demás bien."
AEA_0358,Air Europa,"Vaduz, Liechtenstein",Madrid,Zurich,Europe,septiembre de 2024,2,"El horario funcionó bien. De todos modos el personal tiene un dialecto tan fuerte español que apenas podía entender lo que decían. Además tuve que devolver mi equipaje de mano, a pesar de que pagué por los 10 kg de equipaje extra. Su razón fue que ‘no hay suficiente espacio. Más tarde descubrí que quedaba mucho espacio y como tuve que esperar el equipaje al llegar a Zúrich perdí mi tren."
AEA_0359,Air Europa,"Curitiba, PR",Sao Paulo,Madrid,International,agosto de 2024,1,"Asientos muy angostos, demasiado incómodo para un viaje tan largo....las azafatas? Maleducadas y ni aparecen por los pasillos. Ensanchen los asientos! Ofrecen 1 comida sola en un viaje de 10 hs., una vergüenza!"
AEA_0360,Air Europa,Desconocido,Lima,Madrid,International,septiembre de 2024,2,"El personal no es empatico, paciente ni servicial. No ayudan a subir las maletas de las personas mayores ni a cerrar los compartimentos superiores, viaje con una persona mayor que venia sola a visitar a sus hijos y el azafato no era nada amable con ella pese a que ella había solicitado asistencia. Cobran por todo y solo dan una comida y una bebida para un viaje tan largo."
AEA_0361,Air Europa,Desconocido,Barcelona,Mexico City,International,septiembre de 2024,1,"Horrible y la peor experiencia de la historia! Me hicieron derramar lágrimas... Perdí mi bolsa por ella, de hecho no puedo recomendar a mi enemigo."
AEA_0362,Air Europa,Desconocido,Athens,Buenos Aires,International,julio de 2024,1,"Es la peor experiencia que he tenido en mi vida. Ambos vuelos para ir y regresar fueron terribles y la palabra no es suficiente para describir lo que pasamos. Solo ironía e ignorancia recibimos de los anfitriones aéreos y la anfitriona. Derramaron agua hirviendo sobre nosotros, aplastaron el carrito de comida en nuestra pierna. Nunca nos trajeron agua durante el vuelo aunque lo pedimos muchas veces, ni hielo por el accidente, por supuesto. Siento que esta compañía trate a las personas que pagan y viajan con ellos de la peor manera posible. El retraso fue largo en la única ruta y no teníamos información alguna. Huelga decir que nos informaron que el avión que íbamos a pilotar estaba roto e intentaron repararlo. Frente a nuestros ojos había pasajeros siendo expulsados del avión sin razón porque el nuevo avión que trajeron era demasiado pequeño para todos. Cuando vi cómo fue el primer vuelo pensé que sería mejor tirar mi dinero comprando un billete con una compañía diferente para regresar porque cuando volé fue una pesadilla. Sin embargo, no lo hice y como resultado pasamos por otro peor vuelo de nuestras vidas."
AEA_0363,Air Europa,"Londres, Reino Unido",London,Vigo,Europe,septiembre de 2024,2,"El sistema de reservas está bien para la aerolínea y los precios son razonables. La aplicación es lenta y te obliga a repetir información al agregar tus reservas. Parte de la tripulación de tierra es grosera y discriminatoria con los pasajeros no españoles. Mi anciana madre y yo nos vimos obligados a añadir nuestro equipaje de mano a la bodega que ya habíamos pagado para llevar a bordo. La señora sabía que podía entender algo de español, pero intencionalmente hablaba más rápido para confundirme. Fue una experiencia humillante. El vuelo era bastante accidentado y los asientos tenían un poco más de espacio que nunca. La tripulación a bordo estaba bien. El audio de los anuncios fue difícil de escuchar. Los precios de los alimentos y bebidas son medios, pero no tan malos en términos de calidad. El agua se daba de forma inconsistente de forma gratuita en algunos vuelos. Hay potencial para la aerolínea, pero el pobre personal de tierra necesita capacitación en servicio al cliente. No puedo recomendar esta aerolínea y leer otros comentarios no es sorprendente."
AEA_0364,Air Europa,Desconocido,Amsterdam,Madrid,Europe,agosto de 2024,1,"¡La peor aerolínea! Una tripulación arrogante y antipática de la que ni siquiera se puede hablar nada a distancia aparte del español, una comida de mierda para un vuelo de 9 horas, asientos incómodos, asquerosos baños que no se mantienen limpios, goteras en el techo tapadas con papel tisú marrón y retraso tras retraso tras retraso. No vale un solo centavo, incluso Ryan Air y Easy jet son mejores experiencias y eso es decir algo!"
AEA_0365,Air Europa,Desconocido,Madrid,London,Europe,agosto de 2024,1,"Absolutamente asquerosa aerolínea. Me vi obligado a facturar mi equipaje de mano (una pequeña bolsa lateral) sin explicación. Cuando lo recogí al final del viaje me di cuenta de que las cosas habían sido robadas de mi maleta (entiendo que esto puede no ser culpa de las aerolíneas, sin embargo, ya que expresé que no quería facturar la maleta debido a que tenía artículos vulnerables y no tenía cerradura me decepcionó mucho). Además de esto, mi maleta que había sido registrada se salió del carrusel con una rueda perdida y golpeó en la parte delantera. Mi principal problema con la aerolínea fue cómo se manejó después. En el aeropuerto informé de esto y al tratar de ponerme en contacto con la aerolínea para proceder a obtener una compensación por la maleta me dijeron que llevara mi maleta de 3 ruedas a algún lugar y obtener un certificado de valor. Estoy bastante molesto con tener que llevar mi maleta rota para obtener un certificado con el fin de ser compensado. Después de llamar a numerosos lugares y darme cuenta de que el certificado no es un procedimiento común que realizan los lugares de equipaje, volví a llamar a la empresa y le expliqué esto, que dijeron “puedes conseguirlo fácil y desde cualquier lugar”, después de esto todo lo que la señora de servicio al cliente decía pedí hablar con un gerente ya que estaba pensando que tal vez no lo entiende, la señora dijo que no y procedió a colgarme. Así que envié un email explicando la situación con la bolsa y el certificado, esto fue hace 2 semanas y todavía no tengo respuesta. Ahora he vuelto de mi viaje con mis cosas robadas y una maleta rota que compré hace 2 meses."
AEA_0366,Air Europa,Desconocido,Madrid,Panama City,International,agosto de 2024,3,"Básicamente, no comentaría nada de esta aerolínea porque ya estaba pagando mucho por el vuelo y luego todo lo demás en el vuelo era pago adicional. Si quisieras auriculares, etc. Además, nuestro vuelo fue justo después del almuerzo (a las 3 pm) y dos horas después de haber abordado el avión ya nos habían dado la comida gratis del vuelo de 10 horas. Esto es extremadamente extraño y no eficiente porque ya estábamos llenos y luego no había otra comida que nos dieron para todo el vuelo a menos que pagara por bocadillos. Por lo demás, el viaje en avión estaba bien en el sentido de que el piloto conducía muy bien. Pero en cuanto a la mercancía con esta cosa básica de la comida era malo. Sugiero que adviertan que solo hay una comida en el correo antes de abordar (o honestamente, solo dar dos comidas) y que no dan la comida justo después de abordar porque luego tienes hambre hacia las últimas horas del viaje. Además, me enviaron un correo para que yo diera una opinión de mi vuelo y sus servicios pero al darle click no me dejó hacer la encuesta, así que también está eso :/"
AEA_0367,Air Europa,Desconocido,Madrid,Medellin,International,septiembre de 2024,1,"La peor aerolínea que existe!!! Los asientos incómodos. En un vuelo de 11 horas solo te dan una comida y si quieres algo más tienes que pagar, tienes que pagar por los auriculares. El avión estaba sucio. Pero lo PEOR fue que mi maleta no llegó!!!!! Una maleta pequeña de 10 kilos que me obligaron a meter en bodega no llegó a Medellín. Aún estoy esperando que aparezca. La peor experiencia de mi vida viajando en avión."
AEA_0368,Air Europa,"San Jorge, Argentina",Buenos Aires,Madrid,International,agosto de 2024,1,Hicimos un viaje con amigos tomamos varios vuelos para recorrer Europa El servicio es malisimo en un vuelo de 12 horas solo te dan una comida muy mala y luego a las doce horas un té o café solo La atención del personal regular Todo lo que queres es extra Los vuelos siempre salen con atraso y nunca te informan que pasa En un tramo teníamos bussines y el avión salió dos horas tarde y no avisaron nada por mail Por último perdieron una valija Un desastre la empresa
AEA_0369,Air Europa,Desconocido,Alicante,Palma de Mallorca,Domestic,agosto de 2024,3,"Ayer tomamos el vuelo UX4027. Al subir al avión nos recibió un auxiliar de vuelo (el único masculino que había) que después supimos que se llama Oscar. Mi señora y yo, personas muy mayores, le pedimos por favor si podía subirnos nuestro maletín de mano al compartimiento de arriba. Nos contestó que no es tarea de ellos hacer eso, y agregó que cada cual debe ser responsable de su maletín, y que si no, debiéramos haberlo despachado en bodega. Yo me pregunto, entonces, ¿cómo hago para llevar nuestros remedios y los artefactos electrónicos con baterías de litio, si están prohibidos en bodega? Somos clientes platino, hemos privilegiado siempre viajar con Uds. porque la clase Bussines de Air Europa nos parece excelente (y eso que hemos probado varias otras, americanas y europeas). Cuando descendimos le pedí al susodicho Oscar su apellido pero se negó a darlo aludiendo a medidas de seguridad. Ahora bien: si como dijo este señor, les está prohibido ayudar a una pareja de ancianos a subir su maletín, deseo pedir que lo feliciten por su apego a las normas, y a la vez solicito que reprendan a todos los auxiliares de nuestros otros vuelos, incluso femeninos, que amablemente nos ayudaron en cada ocasión, rompiendo las normas de la compañía."
AEA_0370,Air Europa,"Chandler, Arizona",Madrid,Paris,Europe,agosto de 2024,1,"Air Europa es la peor de todas las aerolíneas que hemos volado. Nos registramos temprano para un vuelo confirmado, pero el mostrador de check-in informó que el vuelo está sobrevendido. Somos parte de 2 y nos advirtieron que tenemos que esperar hasta el embarque final para ver si ambos pueden acomodarnos. Lamentablemente solo 1 se abrió y el personal en la puerta es muy grosero, lo que nos da la opción de elegir si una persona quiere volar y 1 persona se quedará atrás para el próximo vuelo (no pueden garantizar cuándo). Obviamente elegimos volar juntos. Sólo se ofreció una indemnización a una persona. El vuelo reacomodado fue 10 horas después y se retrasa 2 horas. La compensación legal se ofreció cuando nos registramos y ahora el Servicio al Cliente se niega a pagar porque dijeron que el vuelo no está sobrevendido. Me alegra tener una prueba escrita de la razón involuntaria de la denegación de embarque. También nuestro equipaje de facturación fue dejado desde el origen y tenemos que volver al aeropuerto de París para recoger nuestro equipaje al día siguiente porque dijeron fin de semana no tienen horario de entrega de equipaje. Su informe en línea para el equipaje retrasado es inútil porque hasta ahora la respuesta en línea dice que todavía están rastreando dónde está nuestro equipaje. En proceso de presentar una queja. Por favor evite esta mala aerolínea tanto como pueda."
AEA_0371,Air Europa,Desconocido,Malaga,Madrid,Domestic,agosto de 2024,1,"Mala persona la persona mujer del mostrador,sin corazón y sin nada ,espero la echen y haré todo lo posible para se lleve a cabo su expulsión de la empresa.el 27 de agosto 2024 a las 17:00h salía mi avión para madrid con destino Brasil ,un viaje inesperado por la muerte de mi abuela,llegue al aeropuerto a las 16:05 y está personaje no me dejo embarcar y la hora maxima para embarque era 16:15,pues a ella no se salió de su gran """""""""",alguien me puede decir cómo puedo proceder para la despidan y os recomiendo no voléis con esta empresa nunca porque los trababajadores son malas personas ."
AEA_0372,Air Europa,Desconocido,Holguin,Madrid,International,agosto de 2024,1,"El peor vuelo de mi vida .El servicio es pésimo,en un vuelo de ocho horas te sirven solo una comida y la higiene es escasa,mi asiento estaba lleno de manchas de café .Por otro lado los de facturación no tienen ningún tipo de consideración ni comunicación con el turista,no son para nada serviciales ni amables .Y para terminar , contando con el poco espacio que hay entre asientos ,la azafata afirma que es totalmente legal tumbar el asiento ,por tanto no he podido estirar ni las piernas en ocho horas de vuelo.En fin,súper decepcionada, no volvería a viajar con esta aerolínea"
AEA_0373,Air Europa,Desconocido,Cancun,Madrid,International,agosto de 2024,1,"Los asientos son muy incómodos, venden hasta los auriculares, el aire acondicionado muy flojo. Es el peor avíon en el que he volado además un vuelo trasatlántico"
AEA_0374,Air Europa,"Rehovot, Israel",New York City,Tel Aviv,International,agosto de 2024,1,"Esta es probablemente la peor compañía con la que he volado. El personal de tierra es lento, incompetente y no quiere ayudar. Es como si te estuvieran haciendo un favor que hasta notaran que estás ahí."
AEA_0375,Air Europa,Desconocido,Milan,Santo Domingo,International,junio de 2024,1,La peor aerolínea que yo he visto en toda mi vida. Pésimo servicio el aire del avión no funcionaba. Se quedan con tus maletas no aprecen 1 mes aparecen sin nada dentro. Y después te compensan 200 €. En mi vida nunca había viajado en una aerolínea con tal mal servicio.
AEA_0376,Air Europa,Desconocido,Tenerife,Fuerteventura,Domestic,agosto de 2024,2,Que falten 24 horas y aun no este el check in. Que falta de todo. Generando ansiedad al viajero. Insufrible. Encima quiero cancelar una reserva que hice por booking y me lo niegan. Dinero a la basura. No más
AEA_0377,Air Europa,Desconocido,Madrid,Montevideo,International,agosto de 2024,2,"La peor aerolínea con la que he viajado. Una sola comida, muy pobre y media taza de café en 12 , 5 horas. No hay agua gratis, no hay wifi. El personal era muy amable. Desaparecieron después de que nos fuimos. No hay anuncios del piloto. Toda la gente caminaba alrededor del avión incluso cuando estábamos a punto de aterrizar y nadie les advirtió. El vuelo no era mucho más barato que las otras opciones, también. Compré en esta aerolínea solo por la hora del vuelo. Me arrepentí después de leer los comentarios en la web, pero no me dejaron cancelar mi vuelo, así que tuve que tomar este vuelo. En mi vuelo de regreso con Turkish Airlines, nos dieron tres comidas con sándwiches y bebidas ilimitados, y un paquete complementario con todos los equipos necesarios durante el vuelo y fue casi el mismo precio. Nunca volvería a volar con esta aerolínea. No se lo recomendaría a nadie si no es la mitad de precio."
AEA_0378,Air Europa,Estado de Bahía,Milan,Salvador,International,agosto de 2024,2,"Quisiera expresar mi profundo descontento con mi primera experiencia con esta aerolínea. Desde el principio, estaba claro que el enfoque principal es extorsionar a los pasajeros tanto dinero como sea posible, mientras que el servicio al cliente deja mucho que desear. Sinceramente, aunque el vuelo fuera gratis, no valdría la pena pasar por esta experiencia. El vuelo que tomé de Milán a Bahía fue escandalosamente caro, con una conexión extremadamente larga y agotadora. Estaba al tanto de esto de antemano, pero no sabía lo que aún estaba por venir. Para empeorar las cosas, la aerolínea cobra una tarifa desorbitada por facturar una bolsa de 23 kg. ¡Esto es realmente abusivo! Además, durante el vuelo, la compañía incluso cobró por el uso de auriculares y proporcionó solo una comida durante todo el viaje, mientras que obviamente cobró por todos los demás artículos ofrecidos a bordo. Quisiera expresar mi descontento con AirEuropa por los servicios prestados. Es un completo desprecio para los clientes que necesitan planear un viaje intercontinental con solo 10 kg de equipaje o verse obligados a gastar casi el precio de otro billete solo para facturar una maleta. Sinceramente,"
AEA_0379,Air Europa,Desconocido,Buenos Aires,London,International,diciembre de 2023,1,"Escribo esto para compartir mi experiencia increíblemente frustrante con Air Europa, con la esperanza de advertir a otros viajeros. A pesar de mis repetidos esfuerzos para resolver un problema grave con el equipaje perdido y dañado, Air Europa ha demostrado una sorprendente falta de respuesta, empatía y respeto por sus clientes. Ya han pasado varios meses desde que mi equipaje se perdió durante un vuelo con Air Europa, y todo el proceso de solicitar una indemnización ha sido nada menos que una pesadilla. Desde el principio, me enfrenté a retrasos significativos y a un total desprecio por la urgencia de mi situación. Después de saltar a través de numerosos aros, incluyendo la presentación de toda la documentación solicitada e incluso un informe policial (que solo se solicitó después de un largo retraso) , la oferta de compensación que recibí fue risiblemente insuficiente — menos de una cuarta parte de la cantidad necesaria para cubrir mis pérdidas. El servicio de atención al cliente de Air Europa ha sido pésimo. La comunicación no solo fue lenta e inútil, sino que la oferta final de 200€ o un vale de 300€ es un insulto teniendo en cuenta los 924€. 35 artículos perdidos. Lo que empeora las cosas son las respuestas automatizadas y repetitivas que recibí, que muestran una clara falta de cuidado o participación humana en la resolución de mi problema. Aconsejo encarecidamente a cualquiera que considere volar con Air Europa que lo piense dos veces. Si valoras tus pertenencias y tu tranquilidad, evita esta aerolínea a toda costa. Su servicio al cliente es uno de los peores que he encontrado, y su manejo de las reclamaciones de compensación es más que decepcionante."
AEA_0380,Air Europa,"Barcelona, España",Barcelona,Palma de Mallorca,Domestic,agosto de 2024,1,"Horrible aerolínea. Nuestro vuelo se retrasó 3 horas y no fueron transparentes sobre la hora de salida, cada media hora estaban dando nueva información. El personal del aeropuerto era inútil, no podían proporcionar ninguna claridad. Horrible servicio, absolutamente no recomiendo."
AEA_0381,Air Europa,Desconocido,Barcelona,Guatemala City,International,julio de 2024,2,"De las peores aerolíneas. Para lo caro que salió el vuelo, tuvimos que comprar los auriculares para poder ver películas y en un vuelo de 10 horas (19 en total) solo nos dieron una comida. Si querías Snacks, tenías que comprarlo. A la vuelta, para lo conexión solo tenías una hora para cambiar de avión, con lo que no te daba tiempo ni comer en el aeropuerto... Un desastre, pésima aerolínea."
AEA_0382,Air Europa,"Locarno, Suiza",Milan,Buenos Aires,International,agosto de 2024,2,"Esta aerolínea no se puede creer, ya se que cobran por todo y parece una low cost aunque los precios de bajo coste nada. El modelo de aereo es nuevo, asientos standard y entretenimiento tambien standard. En el viaje de ida la cena aceptable pero nada de cafe o te despues, solo en el ""desayuno"". En el viaje de vuelta la comida deplorable, ofrecian pollo cuando en realidad era carne y aqui si despues ofrecian cafe o te. De que depende esto? del horario? de las ganas de trabajar que tiene el personal? El personal sirve y luego desaparece, agua solo como oferta durante todo el viaje y si tenes algo de hambre paga. Paga por los auriculares, paga por el desayuno, paga!! Habia pagado un extra considerable por viajar en los asientos de la fila de emergencia y el vuelo despego con 1 asiento libre. Resulta que un señor de una cierta dimension estaba incomodo en su butaca por lo cual ante un requerimiento a la azafata lo cambiaron al asiento libre sin pagar!!!! y ahi el que viajo incomodo fui yo que iba en el medio y habia pagado como 100 euros por tener este aasiento. En fin, reclamar o aguantar? ser solidario o ser un impresentable por reclamar? Es justo? NO. Sumado a esto por ser Suma Silver, del programa de afiliados de la compañia tenia la valija en bodega sin cargo. A la ida ningun problema, a la vuelta me cambiaron el status y tuve que pagar la valija !! Justo hicieron el control de status durante mis vacaciones? Por supuesto que puede suceder pero no es mucha casualidad? Obviamente en el aeropuerto ante mi reclamo empatia cero. Es verdad que las aerolineas españolas (esta e Iberia) son las unicas en Europa que durante viajes cortos no ofrecen gratis ni agua de la canilla (?) pero sinceramente esta va varios pasos por detrás. Es recomendable sabiendo como funciona solo si hay una diferencia de precio que lo justifique sino paga un poco mas y disfruta del viaje. Los vuelos todos en horario y las valijas llegaron sin problemas."
AEA_0383,Air Europa,Alemania,Frankfurt,Madrid,Europe,agosto de 2024,1,"Esta es la peor aerolínea en la que he estado. He reservado este vuelo hace 3 - 4 meses. Tengo que hacer un examen muy importante, así que preparé todo con anticipación, mi alojamiento también. Al registrarnos, nos dieron tarjetas de embarque sin asignar asientos y estamos en espera. (Porque estoy viajando con mi marido). Al abordar, nuestras tarjetas de embarque estaban en espera y nos dijeron que esperáramos hasta que todos estuvieran dentro del avión. Busqué en Google que cuando la aerolínea te tiene en espera, no hay asiento disponible. Hablé con alguien del escritorio que ¿por qué nos eligieron al azar? Reservé esto hace mucho tiempo e incluso llegamos 4 horas antes que el vuelo. Estaba muy enojada, estresada y a punto de llorar porque me he estado preparando para este examen desde el año pasado. Podrían haber sido considerados por personas que llegaron tan temprano para el vuelo. Había muchos pasajeros que llegaron tarde. ¿Por qué tienen que dejar que sus pasajeros esperen tanto tiempo y los dejen sentir ansiedad? Esta es realmente la peor experiencia, he estado volando mucho, sin embargo, esta es la primera vez que experimento esto."
AEA_0384,Air Europa,Desconocido,Amsterdam,Madrid,Europe,marzo de 2024,1,"Elige una aerolínea diferente. No responden y no intentan remediar una bolsa perdida. Dicho esto, la bolsa no apareció en 2 días. Compramos ropa necesaria por un total de $ 89. La reclamación fue aprobada, pero se negaron a darle seguimiento. Primero pidieron un formulario de información de cuenta que no se utiliza en esta área. Cuando nos pusimos en contacto con ellos de nuevo y dijimos que no estaba disponible; nos pidieron nuestro número de cuenta y número de ruta. Tres meses después, afirman que nos habían llamado varias veces. Al parecer, nos llamaron una vez. Hemos llamado dos veces y eso nos ha costado $34. No responderán a correos electrónicos y no hay quejas o áreas de comentarios en su sitio web. Son sólo 89 dólares. Esto no debería ser tan difícil. Recomendaría encarecidamente KLM en el futuro."
AEA_0385,Air Europa,Desconocido,Buenos Aires,Amsterdam,International,septiembre de 2023,1,"La peor aerolínea q viajamos.La comida un desastre, super incómodos.Me perdieron la maleta y estuve 21 días reclamándole.Me arruinaron las vacaciones.La mandaron a Ezeiza y lo peor la abrieron y sustrajeron pertenencias.Despues de meses de reclamos te dan una cifra irrisoria, no por el daño de viajar sin la maleta ni por la gravedad de sustraer objetos personales.Son unos sinverguenzas.Jamas los recomendaria😡"
AEA_0386,Air Europa,Desconocido,Barcelona,Palma de Mallorca,Domestic,agosto de 2024,1,"Nuestro vuelo se retrasó más de cinco horas. No había nadie con quien hablar con respecto a las actualizaciones. Los llamamos tres veces. Cada vez que se desconectaba la llamada. No había avión ni nadie en la puerta de embarque. Seguían aumentando el tiempo de retraso. No sabíamos si habría vuelos esa noche o por la mañana. Había una persona en la puerta de embarque a la hora de embarque original que dijo a todos que el vuelo se retrasó debido a las condiciones climáticas severas. Descubrimos que no había condiciones climáticas severas debido a que otras aerolíneas estaban despegando a nuestro destino a tiempo. Llegamos a las cuatro de la mañana, totalmente exhaustos. El tiempo era perfecto, sin lluvia. Estamos tratando de obtener la compensación de 250 € por persona por vuelo retrasado durante tres horas según la normativa europea. Pero la aerolínea nos niega esa compensación porque afirman que no tienen que pagar compensación por los severos retrasos climáticos; acto de Dios."
AEA_0387,Air Europa,Desconocido,Punta Cana,Madrid,International,julio de 2024,2,"Siempre ocurre alguna incidencia, o te pierden el equipaje, o no te suben la comida solicitada a bordo, o los retrasos no se explican..."
AEA_0388,Air Europa,Desconocido,Cordoba,Rome,International,julio de 2024,1,"Perdida de equipaje luego de 11 dias no dan respuesta, con lo cual arruinaron vacaciones, proyectos etc pero a ellos nada les importa utilizan empresas para la entrega que son peores que ellos. no te podes comunicar, realmente una verguenza de empresa"
AEA_0389,Air Europa,"Madrid, España",Madrid,Porto,Europe,agosto de 2024,1,"Llevamos esperando una maleta perdida por un error de air Europa, localizada en tenerife más de dos días. Y la atención es de 0 empatia"
AEA_0390,Air Europa,"Boston, Massachusetts",New York City,Madrid,International,agosto de 2024,1,"Horrible servicio de atención al cliente de la aerolínea: ahorre estrés. Se me debía un reembolso parcial en mi billete flexible económico después de hacer un cambio (mi confirmación literalmente tenía una sección de ""reembolso"") y cuando llamé me dijeron que ""no es política de la compañía proporcionar reembolsos"". ¡Absurdo! Llamé de nuevo y una Gisela muy agresiva y grosera me gritó que no estaba recibiendo un reembolso. Se burló de mí para presentar un reclamo en línea y dijo que la aerolínea no tenía que responder durante 45 días. Sentí que esto fue inventado en el acto porque no encontré tal política por escrito. Después de ver opiniones recientes sobre vuelos retrasados sin comunicación y boletos cancelados al azar, decidí reservar con otra aerolínea y cancelar mi flexibilidad económica (el boleto claramente dice que puedo cancelar por una tarifa). El único servicio de atención al cliente decente que recibí fue enviando un mensaje a la página de negocios de Air Europa en X: respondieron solo una vez al día, pero logré cancelar el vuelo y procesar mi reembolso. Evitaré viajar en Air Europa — ¡mi cordura y tiempo son demasiado valiosos!"
AEA_0391,Air Europa,"Brighton, Reino Unido",Buenos Aires,Madrid,International,febrero de 2024,1,"Me encanta volar de largo recorrido - viajero frecuente. Mi vuelo de Buenos Aires a Madrid con Air Europa fue la peor experiencia que he tenido en mis 25 años de viaje. La cola de entrega de equipaje tomó 2 horas. Tuvieron que venir a buscar la mitad del avión para saltar la seguridad, ¡ya que la mayoría de nosotros no estábamos a bordo! Una vez en el avión hacía mucho calor, ya que el aire acondicionado no funcionaba y había menos espacio para las piernas que un vuelo corto de RyanAir. Mido 5 pies 1 y mis rodillas tocaban el asiento de delante. El tipo a mi lado podría encajar sus piernas sin extenderse en mi espacio. El pasillo era muy delgado también. Nunca he estado en un avión tan apretado - no podía creer que fuera un vuelo de largo recorrido. A pesar del calor en la cabaña nos dieron 2 tazas pequeñas de agua - el equivalente de media pinta para las 12 horas enteras. (No fui capaz de comprar nada para llevar conmigo, ya que pasé todo mi tiempo haciendo cola en el aeropuerto - no tuve tiempo para comprar agua / aperitivos una vez junto al aire. ) Solo nos dieron el desayuno - yo habría esperado al menos 2 comidas para un vuelo de 12 horas. Cuando dicen que las comidas están incluidas. El calor, al estar tan hacinado sin apenas comida y agua después de haber hecho cola durante horas - ¡Fue realmente horrible! Fuimos capaces de comprar comida y bebida extra si fuiste a la parte trasera del avión y preguntar. Traje un kitkat de un millón de dólares. Además, tiene que comprar los auriculares para ver la pantalla: utilizan el cable de conector de audio de 2 puntas. Rara vez escribo reseñas, nunca he escrito una negativa, pero quiero advertir a la gente!"
AEA_0392,Air Europa,Desconocido,Vigo,Alicante,Domestic,agosto de 2024,1,"Para un viaje de 4 horas salen en 12 ...la oferta en Madrid es ir hasta Tenerife para coger otro hasta Alicante.....poca vergüenza tenéis Al final coger un taxi y un ave Incompetentes, os queda poco cerrar al salir..... Hacéis bueno a Ryanair"
AEA_0393,Air Europa,Desconocido,Vigo,Madrid,Domestic,agosto de 2024,1,"Teníamos un vuelo Vigo-Madrid y por causas desconocidas nos retrasaron el vuelo casi tres horas, y podríamos perder el siguiente vuelo, con un margen de menos de una hora para cruzar de la T2 a la T1 de Barajas y después embarcar, pésimo..."
AEA_0394,Air Europa,"Sesto San Giovanni, Italia",Milan,Medellin,International,diciembre de 2023,1,"Te abren tu maleta de bodega y roban tus cosas el tiempo de respuesta para el reclamo es lento y como si fuera poco te responden con un bono de 200 euros para viajar con ellos cuando obviamente es lo último que haría, y el robo corresponde a 1.5000 Euros"
AEA_0395,Air Europa,Desconocido,Paris,Beirut,International,julio de 2024,1,"Todo el boleto fue una estafa. Al buscar los vuelos, no pude encontrarlos! He reservado con ellos desde CDG Paris a Beirut. Después de eso tenía curiosidad por comprobar detalles en el vuelo, sin embargo no pude encontrar nada como si el viaje de París a Madrid entonces Madrid a Beirut no existe para ellos. Incluso busqué los números de vuelo que mostraban en el archivo pdf, no existen."
AEA_0396,Air Europa,Desconocido,Milan,Madrid,Europe,julio de 2024,1,"Es la segunda vez que viajo con esta compañía y aún no entiendo por qué sigo haciéndolo. ¿Deben ser los precios razonables de los vuelos? Probablemente. Sin embargo, la relación calidad-precio es menor que Ryaner y Easyjet, y esto no es un cumplido. Siempre tengo que volar con esos enormes aviones transatlánticos que tardan al menos 30 minutos en aterrizar y encontrar aparcamiento en el destino final. ¿Por qué? Por ejemplo, después de esperar 1 h 30 en el aeropuerto de Milán, tardó 30 minutos en salir. Además, los pasajeros han esperado 30 minutos sentados mirándose y esperando que el avión encontrara aparcamiento en Madrid. Sin mencionar el hecho de que abrir las puertas del avión le tomó a la anfitriona 15 minutos... Se suponía que debía llegar a las 20 , 40 , adivina qué; me bajé del avión a las 22 , 10 . Escapa de esta compañía."
AEA_0397,Air Europa,Desconocido,New York City,Madrid,International,junio de 2024,2,"Mi experiencia con AirEuropa ha sido negativa de principio a fin. En primer lugar, el sitio web tenía problemas y era difícil de usar; me encontraron repetidamente con códigos de error al intentar reservar y luego modificar mis vuelos. A continuación, reservé un billete Economy Flex, que es totalmente reembolsable. Tuve que cambiar la fecha de mi vuelo, pero no cambié el tipo de billete. Sin embargo, cuando llamé para cambiarlo de nuevo, dijeron que el billete no era reembolsable - - ahora a averiguar, el representante me había rebajado de categoría sin avisarme. Di vueltas y vueltas con su sistema telefónico para finalmente llegar a alguien, que después de varios días, recibí una respuesta y se disculparon (su error). En última instancia, necesitaba cancelar mi vuelo, y cada vez que llamaba, me dejaban en espera y luego me desconectaban. Tuve que volver a llamar en varios días diferentes para finalmente contactar a alguien de nuevo. De nuevo me dejó en espera por otros 30 minutos - por una mera cancelación de viaje. En general, es casi imposible comunicarse con alguien si tiene algún problema."
AEA_0398,Air Europa,Desconocido,Madrid,Sao Paulo,International,julio de 2024,1,"Una línea en el check - en área para 10 + vuelos en madrid, nunca he visto esto en toda mi vida. No es humano, la oficina del aeropuerto debería hacer algo."
AEA_0399,Air Europa,"Ciudad de México, México",Rome,Miami,International,julio de 2024,1,"Air Europa es probablemente una de las peores aerolíneas con las que he tenido el disgusto de volar. Compré boletos de clase ejecutiva y desde el principio algo andaba mal. Cuando llegamos al aeropuerto de Roma y completamos el check-in, el asistente me hizo saber que no había ninguna etiqueta de prioridad para mi equipaje. Cuando llegamos a nuestro destino, 3 de las 6 maletas no llegaron. Si bien recibimos dos de ellos en 5 días, todavía nos falta una bolsa. He enviado capturas de pantalla de la ubicación de la bolsa a su correo electrónico y he llamado en numerosas ocasiones. Su respuesta es siempre la misma, estamos buscando tu bolso, no podemos encontrarlo. Cuando solicité hablar con un gerente, me dijeron que eso no era posible. Para colmo, el departamento de recogida de equipajes se encuentra en España, por lo que debes llamar a larga distancia y en su horario, un pequeño inconveniente cuando estás al otro lado del mundo. He insistido en llamar a su representante local en el aeropuerto de Miami y no tengo respuesta de ellos. Ellos respondieron al principio y ahora simplemente ignoran mis mensajes y llamadas. En general, el servicio en el vuelo de Air Europa fue menos que deseable y definitivamente deficiente en comparación con cualquier otra aerolínea con la que he viajado en vuelos transatlánticos. Le recomendaría que busque en otro lugar antes de reservar con lo que considero un fraude de una aerolínea con un servicio al cliente terrible y un manejo de equipaje deplorable. Nunca en la historia del mundo viajaré con esa alcantarilla de una aerolínea. Viajero descontento de Air Europa,"
AEA_0400,Air Europa,Desconocido,Zurich,Vigo,Europe,junio de 2024,1,"Pésimo servicios de atención al cliente, he tenido un retraso de mas de 5 horas y ni un agua me ofrecieron. He puesto una reclamación y contestaran simplemente 10 días después diciendo que son cosas que suceden sin más explicaciones. É óbvio que puede suceder no fue mi primer viaje no entanto las otras compañías te tienen un trato respetuoso y te dan otras soluciones ante que estar en un aeropuerto esperando más de 5 horas. Pésimo no recomiendo."
AEA_0401,Air Europa,Desconocido,Madrid,Palma de Mallorca,Domestic,julio de 2024,2,"Llegábamos de un largo viaje y nos quedaba hacer el Madrid-Palma para llegar a casa. Mi hija estaba algo mareada. Nos quedaban unas horas de espera y preguntamos si había sitio en el vuelo anterior. ¡Tuvimos mucha suerte y pudimos viajar antes de lo previsto! Mi hija seguía mareada, nos pusieron en asientos separados y pedí ayuda a las azafatas. La primera con mucha empatía intentó ayudar (A. Sánchez), pero no podía moverse del lugar que ocupaba y delegó su trabajo a un compañero suyo también muy amable. Ahora bien, después otra azafata cogió el timón (L. Jiménez) y de manera algo desagradable, poniéndose nerviosa, nos sentó cada uno en su sitio para después de que todo el mundo está sentado poder solucionar el problema . Viendo que la señora L. Jiménez no me volvía a decir nada y todo el mundo ya estaba sentado, pedí ayuda a otra azafata que estaba cerca de mí (mi hija estaba en la otra punta del avión). Esa señora sí que fue muy mal educada conmigo. C. Martín me habló muy mal y me puso en evidencia ante toda la gente. Me mandó ir al lugar donde estaba mi hija y de manera muy despectiva se puso a gritar que yo lloraba para estar con mi hija en un vuelo que sólo duraba 40 minutos. Yo quise hacer entender que lo que ocurría era que mi hija, de 10 años, estaba muy mareada, pero ella encima ni me dejaba hablar y seguía gritando y hablando con desprecio. Al final, de malos modos pidió al señor que estaba sentado junto a mi hija si se podía cambiar a un asiento vacío dos filas más atrás, el señor fue amable e hizo el cambio aunque la señora C. Martín fuera tan desagradable. Antes de despegar, la azafata amable vino a celebrar que por fin yo había podido sentarme con mi hija, pero le comuniqué mi disgusto con su compañera. C. Martín se acercó. Creo que era consciente de su mala actuación. Requirió la atención de su compañera para evitar que habláramos. A. Sánchez se disculpó por su compañera muy avergonzada de todo. De la señora C. Martín todavía espero las disculpas, pobre mujer."
AEA_0402,Air Europa,Desconocido,Panama City,Munich,International,junio de 2024,1,"Viajaba con mi hijo de seis años de Ciudad de Panamá a Munich vía Madrid. Proceso de embarque muy ineficiente en el Aeropuerto de la Ciudad de Panamá y personal grosero en el terreno. Primero tuvimos que conseguir una nueva tarjeta de embarque ya que no podemos comunicarnos con otras aerolíneas para organizarlo en primer lugar. Me hicieron suplicar que me permitieran subir a bordo mientras revisaban mi equipaje de mano de nuevo. Nos sostuvieron a mí y a mi hijo frente a la fila haciendo una escena sobre el equipaje, pero teníamos la misma cantidad de equipaje con nosotros como en el camino de Europa a Panamá. La mujer que nos trataba estaba claramente en un viaje de poder. La comida de los niños en el avión también estaba fría."
AEA_0403,Air Europa,Desconocido,Las Palmas de Gran Canaria,Madrid,Domestic,julio de 2024,1,Nefasta aerolínea. No lo recomiendo en lo absoluto. Se retrasó el vuelo en múltiples ocasiones y tuvimos que esperar más de 6h.
AEA_0404,Air Europa,Desconocido,Madrid,Porto,Europe,julio de 2024,1,"El vuelo se retrasó. Proceso de embarque horriblemente ineficiente. Hicieron que todos hicieran fila para abordar e iniciaran el proceso de embarque antes de que el vuelo anterior terminara de descargarse. Nos hicieron revisar nuestras maletas que estaban dentro del límite de equipaje porque “sobrereservaron el plan”, pero luego cuando terminamos de abordar había muchos asientos vacíos. Las mesas de la bandeja estaban sucias y no limpias. Cuando llegamos al aeropuerto de Oporto, todo el mundo tuvo que esperar más de una hora para nuestras maletas en la recogida de equipaje. Nos retrasó más de dos horas en total."
AEA_0405,Air Europa,Desconocido,Madrid,Porto,Europe,julio de 2024,1,El proceso de abordaje más ineficiente. Tenía a todos en fila a la vez antes de que el vuelo anterior estuviera vacío. Luego hizo la mitad de las maletas de vuelo en la puerta.
AEA_0406,Air Europa,Desconocido,Punta Cana,Barcelona,International,junio de 2024,1,"Aerolinia miserable, nos pierden 13 días una maleta, otra viene destrozada y saqueada y otra saqueada.....y no se hacen cargo de nada"
AEA_0407,Air Europa,Desconocido,Madrid,Cordoba,International,julio de 2024,2,"Aerolínea NEFASTA, el personal muy maltratadores y maleducados. El precio es muy elevado para el pésimo servicio que se brinda. Tuve que cambiar de fecha el vuelo y me cobraron 500 euros extra. No vuelen, hay aerolíneas mejores."
AEA_0408,Air Europa,Desconocido,Madrid,Athens,Europe,julio de 2024,1,"Horrible, las dos veces que volé con ellos hube retrasos de hasta una hora. Luego, al subir al avión no había ni wifi ni nada. Para acceder al wifi había que pagar."
AEA_0409,Air Europa,Desconocido,Buenos Aires,Madrid,International,junio de 2024,1,Filas interminables para hacer el check in. La sola comida en un vuelo de 12 horas. Después si queres todo tenes que comprar. Asiento y demás. No volvería a viajar. En fumiccino la cola para hacer el check in era de 1 cuadra una vergüenza!!!
AEA_0410,Air Europa,Desconocido,Palma de Mallorca,Madrid,Domestic,julio de 2024,1,"Vuelo originalmente a las 19:15, salió con retraso, llegamos muy tarde, cerca de las 22:00 en un vuelo de 50 min, sin explicación y cero disculpas. Nada recomendable."
AEA_0411,Air Europa,"Ramallo, Argentina",Buenos Aires,Madrid,International,marzo de 2024,1,"Desinterés total por los pasajeros, cancelación sin aviso , más de 10 hs en Ezeiza para una respuesta.Muy mala experiencia"
AEA_0412,Air Europa,Desconocido,Madrid,Miami,International,julio de 2024,1,"Pagué más de 900 dólares por un billete de ida. Fue por conveniencia y más caro que otras opciones. Mis múltiples quejas son el servicio y los beneficios en el avión. La primera queja fue que retrasaron el despegue 30 minutos para esperar a los pasajeros fallecidos, lo que me hizo perder mi vuelo de regreso a Orlando. La actitud de las azafatas ciertamente no fue amigable. No dieron la cara durante más de una hora después del despegue. Estaba buscando un servicio de bebidas. Cuando aparecieron lo único gratis fue 1/2 taza de vino caliente en una taza de papel. He tomado más de 14 vuelos internacionales y siempre me ofrecieron al menos una bebida fría, incluyendo cerveza y vino durante todo el viaje. Algunos solo cerveza y vino pero otros como AA cualquier bebida que quieras. Luego vino la cena que pasé así que no puedo comentar. Cualquier otro servicio de bebidas fue solo una vez más para un vuelo de 9 horas."
AEA_0413,Air Europa,Desconocido,London,Madrid,Europe,julio de 2024,1,"Desastre completo - dos horas tarde, asistentes de vuelo incompetentes que no podían controlar a un grupo de adolescentes, media hora esperando para bajar, muy larga espera para el equipaje. Nunca, nunca más"
AEA_0414,Air Europa,Desconocido,Madrid,Quito,International,junio de 2024,1,"Impresionante, he cumplido TODOS los requisitos para llevar a mi perrito de compañía de 8kg, he pagado todas las tasas, vacunas y papeles, costó casi como un niño. Al llegar al mostrador, un empleado me ha negado el ingreso de mi mascota porque no le ha dado la gana. Ahora estoy sentado en el avión y junto a mi asiento vienen dos bebés de 6 meses y de 2 años... Mi perrito va mejor portado que estos bebés, son INSOPORTABLES. No me han dado la opción de llevarlo en bodega, ni nada, simplemente me lo negaron. No vuelvo a volar con ellos NUNCA MÁS. Claro, reembolso de dinero o alguna otra solución? NEGADO"
AEA_0415,Air Europa,"Madrid, España",Las Palmas de Gran Canaria,Madrid,Domestic,julio de 2024,1,"Acababan de llegar al aeropuerto y volvimos con la basura del vuelo anterior: migajas en el asiento, botellas de agua vacías, suciedad en general... Por un lado, no entiendo que los pasajeros no recojan su basura pero q tampoco repase la compañía es una cochinada. Por lo demás, la gente con la música a todo trapo, azafatas pasando de llamar la atención, etc. Un vuelo para nio repetir."
AEA_0416,Air Europa,"Cuzco, Perú",London,Lima,International,junio de 2024,1,"Estoy extremadamente molesto con Air Europa y su total falta de orientación al cliente. Esta aerolínea me hizo perder mi boleto aéreo, lo que resultó en una pérdida de dinero y tiempo. Mi vuelo llegó tarde a Lima, Perú, lo que ocasionó que perdiera mi conexión con Latam Airlines hacia Cusco. Debido a que Air Europa no vuela localmente en Perú, tuve que comprar un boleto con Latam, que requiere que el check-in de maletas se realice con una hora de anticipación. No llegué a tiempo y perdí mi vuelo de conexión. Además, el personal de Air Europa en Lima no fue de ayuda. Me dirigieron al counter y me dijeron que debía enviar mi reclamo por escrito. La aerolínea llegó tarde, y la empresa encargada de la distribución de maletas demoró una hora y media en entregarme la mía, lo que también contribuyó a que perdiera mi conexión. Faltas de la aerolínea: El vuelo no llegó a Lima a la hora programada (04:35 am), sino a las 5:45 am. El personal encargado de extraer las maletas del avión demoró una hora y media. La entrega de mi maleta fue a las 7:03 am, y el personal en el aeropuerto no fue de ayuda, rehusándose a buscar en el sistema si la maleta había sido despachada desde Gatwick, Inglaterra. Como cliente frecuente y viajero internacional que ha visitado más de 90 países, he enfrentado diversas situaciones de vuelos cancelados y otros inconvenientes. Sin embargo, otras aerolíneas siempre han solucionado los problemas. La falta de planificación de Air Europa me afectó financieramente. Estoy reclamando con conocimiento de causa y solicito la devolución del ticket que tuve que comprar debido a esta situación. Esta experiencia ha sido frustrante y decepcionante. Quedo a la espera de una solución por parte de Air Europa. Atentamente, Rene"
AEA_0417,Air Europa,Desconocido,Madrid,Lisbon,Europe,julio de 2024,1,"Quiero escribir sobre Air Europe y su terrible servicio. Invité a mi mamá a celebrar su cumpleaños en Lisboa. Salió de Bogotá y la aerolínea tiene 2 horas de retraso cuando llegó a Madrid para obtener su conexión ya la perdió. Ella esperaba todo el día en Madrid para conseguir un nuevo vuelo. Después de que ella fue a explicar que necesitaba llegar a Lisboa porque recientemente se hizo una cirugía (es una señora de 80 años) y necesitaba llegar a su destino, le consiguieron el último vuelo del día. Cuando llegó a Lisboa y después de esperar 2 horas por su maleta... ¡Sorpresa! ¡No había maleta! Le dieron un papel de que al día siguiente conseguirá la maleta o en 2 - 3 días después. Los llamé muchas veces para pedirles que enviaran equipaje aquí lo antes posible, ya que ella tiene un medicamento importante allí. Incluso no les importaba, y no hacen nada en cuanto a proporcionar un buen servicio. ¡Aerolínea terrible! Mal servicio al cliente!"
AEA_0418,Air Europa,Desconocido,Bogota,Madrid,International,julio de 2024,5,"Un excelente servicio de asistencia al adulto mayor viajando solo. la asistencia fue muy Buena de acuerdo a mi mama. La recogieron oportunamente en el Aeropuerto en Bogota, la llevaron todo el camino hasta el avion y como hacia un vuelo de Conexion de Madrid a Mallorca, Tambien le colaboraron recogiendo las maletas y llegando a la otra terminal para tomar su vuelo a Mallorca. Muchas gracias"
AEA_0419,Air Europa,Desconocido,Santa Cruz de la Palma,Milan,Europe,julio de 2024,1,"En comparación con nuestro vuelo anterior con km, esto fue un desastre absoluto. Constantemente recibía notificaciones de más y más retrasos sin que nadie pudiera decir qué estaba pasando. El registro fue a las 4 de la tarde, que pasamos por la brisa y nos dirigimos a las salidas pensando que estábamos en camino. El retraso inicial fue de aproximadamente una hora (bien, no hay problemas con eso) y luego se puso más tarde y más tarde y más tarde. Todavía no hay información real, así que a las 6 pm decidí preguntar en uno de los salones. Por 50 euros cada uno pudimos utilizar el salón KLM Crown hasta que cerró a las 9. 30 pm. En este punto creíamos que el vuelo era de 10. 30 pm así que ""felices días"". Al salir de la sala nos enteramos a través de una aplicación de verificación de vuelos que nuestro avión acababa de salir de Madrid, así que no se esperaba hasta las 11. 45 pm. Anuncios nos pedían estar en la puerta a medianoche para un abordaje rápido. Un 787 completo no embarcó rápidamente, así que finalmente retrocedimos alrededor de las 12. 30 am (tal vez más tarde). No se ofrecieron refrigerios, ya sea de pago o de cortesía y el personal parecía que realmente no podía ser molestado. Finalmente aterrizó después de las 3 am, taxi largo, luego autobús a terminal. Otra larga espera para el equipaje, y en este momento había renunciado a tratar de hacerse con nuestro traslado en taxi al hotel. Pagó de su bolsillo para taxi y finalmente se estrelló en nuestro hotel fuera de las 4 am. ¿La única explicación que teníamos para el retraso de 8 HORAS? Error técnico que no se pudo solucionar. aunque nuestro avión estaba realmente sentado en la pista de aterrizaje en Madrid cargando y listo para un vuelo de salida 🤷‍♀️ Le dará al Dreamliner otra oportunidad pero con una aerolínea diferente. Evitar a toda costa la europa aérea"
AEA_0420,Air Europa,Desconocido,Madrid,Asuncion,International,julio de 2024,2,"Con 8 horas de retraso desde Barajas, solo una comida en ambos vuelos ida y vuelta, la comida es pequeña y no es sabrosa, si quieres comer más debés pagar!"
AEA_0421,Air Europa,Desconocido,Punta Cana,Madrid,International,julio de 2024,1,"Breve resumen: evite volar con esta aerolínea a TODA COSTA. NUNCA vuele con Air Europa a menos que disfrute torturándose. + leer las mejores prácticas al final de esta revisión. A menos que sea muy generoso y esté dispuesto a dar dinero a los estafadores, esta aerolínea no es para usted. En primer lugar, había pagado por mis asientos al comprar los billetes, pero Air Europa todavía me pidió que pagara por los asientos que ya había seleccionado y pagado, de lo contrario no pude hacer el check-in. Y tuve que modificar detalles para mi reserva, y fue una pesadilla a través de una llamada telefónica - imagine no poder cambiar pequeños detalles en un sitio web / aplicación en 2024 LOL. Esperen que los amontonen en sus aviones. Maximizaron el número de asientos en un vuelo al reducir todos los espacios posibles entre las filas de asientos, y literalmente puedes sentir todo lo que un pasajero sentado detrás de ti pasa por los artículos en el bolsillo de los asientos porque todos los asientos son basura. Su proceso de embarque / desembarque es terrible - la aerolínea más ineficiente que he visto en mis 20 años de experiencia de vuelo. Además de esto, siempre hay una o dos azafatas groseras y arrogantes. No les importa en absoluto. Y operan en - iluminación de vuelo basado en sus necesidades para venderte comida de basura. Otras aerolíneas apagan las luces para vuelos largos para que los pasajeros puedan descansar, sin embargo, Air Europa enciende abruptamente las luces cada vez que quieren venderte cosas. Y oh Dios, tienes SUERTE si tu vuelo sale a tiempo sin problema. Air Europa retrasó mi vuelo 6 horas, y sus comunicaciones fueron horribles. Esta joven con gafas en el mostrador de Air Europa del aeropuerto de Madrid fue súper grosera cuando un amigo mío y yo solo queríamos saber más sobre la situación y el procedimiento para organizar un hotel y un vuelo de reemplazo. Ella estaba tratando de cebarnos diciendo repetidamente '¿quieres cancelar tu vuelo? ' 0 nivel de profesionalidad. Por 6 horas de retraso, me dieron un 'vale de comida' que vale 7 euros para 2 personas. Genial! Mejores prácticas: -¿A su destino solo puede llegar Air Europa en términos realistas? (por ejemplo, Air Europa proporciona las opciones más baratas en comparación con cualquier otra opción, por lo que Air Europa se ve 'favorable' para el vuelo) Si es así, no te vayas. En serio, no te vayas. Si decides ponerte en apuros y agonías viajando con Air Europa, no confíes en NADA más que en Flightradar 24. Especialmente si viajas desde el aeropuerto de Madrid, NO confíes en su sistema de información. Lento, poco fiable, engañoso."
AEA_0422,Air Europa,Desconocido,Palma de Mallorca,Barcelona,Domestic,julio de 2024,1,La aerolínea es súper mala. ¡No vueles! Anuncio del capitán solo en español. El idioma de vuelo internacional es el inglés. Súper arrogantes solo hacen anuncios en español incluso cuando hay problemas. Pasar horas en el avión y no hacer ahora lo que estaba pasando después de que el capitán abortara el despegue. También el avión estaba sucio y cero espacio. ¡Nunca más!
AEA_0423,Air Europa,Desconocido,Madrid,Miami,International,julio de 2024,1,"Evite volar en esta línea aérea. Horrible servicio. Tengo 2 billete con 2 asiento pagado desde hace un mes y después de facturar en el aeropuerto 5 horas antes del embarque , me dicen después de escanear mis billetes que los billetes fueron cancelados . Cómo sucede eso, qué clase de personas trabajan allí, no tienen ningún kwnoledge sobre lo que están haciendo. En lugar de ayudarme porque fue el error de la aerolínea no mío, ella solo me dijo que tomara esos asientos separados o simplemente no volar. eso sucede no solo conmigo todos los demás pasajeros se quejaron , 2 personas con niños y les dieron asientos separados imaginen que que ustedes niños están solos en cambio con ustedes que no es aceptable es ilógico , simplemente no les importa , así que por favor eviten esa aerolínea ."
AEA_0424,Air Europa,Desconocido,Madrid,Caracas,International,julio de 2024,1,"Me cobraron 150€ en el chequeo del aeropuerto de Barajas, por un menor de 14 años, sin acompañante, pero además me dijeron que debía acompañarlo hasta la puerta de embarque y “además”1”quedarme ahí hasta que todos los Pasajeros subieran ya que el Niño subía de último. Pregunto: los 150€ que pague no eran para el servicio de acompañante? Como lo hacen esperar hasta lo último para embarcar?"
AEA_0425,Air Europa,Desconocido,Venice,New York City,International,julio de 2024,1,"Dios mío, son las Spirit Airlines de Europa. Los retrasos, los asientos, en general es horrible. 8 horas de vuelo se podría pensar que incluirían un aperitivo y bebida extra, incluso si solo es agua. Solo una comida y una taza de refresco (ni siquiera una bebida entera)."
AEA_0426,Air Europa,Desconocido,Madrid,Brussels,Europe,mayo de 2024,1,"El 18 de mayo recibí confirmación (reserva X) de ambos vuelos de Air Europa después de varias horas de contacto con el centro de soporte debido a un problema con su sitio web. Debido a este problema con la reserva, tuvieron que confirmar manualmente mis boletos y me aseguraron un reembolso por mi seguro de cancelación, ya que no fue posible agregarlo manualmente. En consecuencia, pagué 263€ a través de PayPal, y después de contactar con el centro de soporte, solo pudieron confirmar mis vuelos, lo que resultó en una cantidad de 243€. Por lo tanto, Air Europa me debía 20€ por el seguro de cancelación. El 22 de mayo volé a Madrid. El 29 de mayo, mi vuelo estaba programado para las 7: 20 AM. A pesar de recibir correos electrónicos que me pedían que me registrara, el sistema no me lo permitió. Al llegar al aeropuerto a las 5 : 00 AM, me informaron que mi boleto fue suspendido y que no estaba registrado para el vuelo. El mostrador del aeropuerto Air Europa me obligó a adquirir un nuevo billete por 322 € (reserva 2 ) para el 7 : 20 AM vuelo y para resolver este problema con soporte y PayPal, ya que alegaron que supuestamente me reembolsaron por toda mi compra el 18 de mayo. Esto nunca sucedió. Hasta la fecha, he pagado dos veces las entradas. En concreto, he incurrido en gastos de 263 € + 322 € debido a los problemas del sistema de Air Europa. Air Europa nunca respondió, su centro de soporte es inaccesible y no contestan correos electrónicos. Paypal me reembolsó mi primera reserva (reserva 1 ) , y quiero que me compensen por mi segunda reserva ya que es casi 100 euros más de lo que se suponía que debía pagar originalmente. Nunca vueles con ellos."
AEA_0427,Air Europa,Desconocido,Valencia,Medellin,International,junio de 2024,1,"Ir con comida ... X q un vuelo de 10 horas te dan una sola comida si se le puede llamar así poca y mala... Y medio vaso de bebida... Luego un café o té más malo q malo Van de q son pioneros en temas q poco puede importar al viajero q necesita espacio, bien trato, y respeto... Q en eso no son ni los 20 primeros. Las maletas las tratan como a la gente y vender hasta los auriculares q en todas las otras compañías los dejan. Pantalla individual pero programación obsoleta Q no la recomiendo para nada x q el precio es igual a otras compañías con muchísima más calidad en todo."
AEA_0428,Air Europa,"Melides, Portugal",Madrid,Caracas,International,julio de 2024,1,Primero tuvimos que hacer cola para acceder al salón Barajas T 1 Cibelles. Lounge es así. La temperatura exterior es de 40 c. Esperando como ganado en un pasillo sin aire acondicionado durante 20 minutos. Tomamos un autobús (sin aire acondicionado). El resto del viaje fue por debajo del promedio del precio.
AEA_0429,Air Europa,Desconocido,Lima,London,International,julio de 2024,2,"Solo se proporcionó una comida para un vuelo de 11 horas seguidas de Lima a Madrid. En base a lo que pagamos y el tiempo que esto fue insuficiente. Además, no se proporcionaron aperitivos. Muy decepcionado con la comida o la falta de ella."
AEA_0430,Air Europa,"Wanganui, Nueva Zelanda",Venice,Bilbao,Europe,julio de 2024,1,Llegamos al aeropuerto de Venecia a las 9 : 15 por diez de 11 : 00 vuelo. La línea de pago tomó 1 : ¡20 minutos para revisar nuestra maleta! . . . el tiempo más largo en mis más de 50 años de vuelo. Debido a la comprobación absurdamente LENTA - en la fila perdimos nuestro vuelo. El próximo vuelo es mañana. Ambos estamos al borde de las lágrimas.
AEA_0431,Air Europa,Desconocido,Miami,Malaga,International,junio de 2024,1,"Nuestro primer vuelo desde Miami / Madrid / Málaga se retrasó más de 3 horas, salimos después de la 1 am vs 9 pm. Eso nos hizo casi perder el vuelo en Madrid. Mi marido y yo tuvimos que correr literalmente, sin paradas de baño o agua con 3 niños pequeños, uno de ellos un niño pequeño. Nuestro equipaje no llegó a Málaga. Todas nuestras recogidas concertadas en el aeropuerto tuvieron que ser cambiados y nos costó 250 $ para ir a nuestro destino. No teníamos ropa durante 2 días hasta que llegaron nuestras maletas. Fue un inconveniente adicional porque necesitábamos medicamentos para mis hijos y necesidades básicas que no puedo comprar. El enorme retraso volvió a suceder en Madrid por supuesto que fue unas horas tarde. Luego de regreso a casa lo mismo. El avión salió 2 horas tarde y casi nos hizo perder nuestro vuelo de conexión de vuelta a los Estados Unidos. Hasta el punto de que la puerta del avión estaba cerrada. Esto me hizo tener problemas de salud, un ataque de pánico y mis hijos no pudieron seguir corriendo durante 50 minutos a través del aeropuerto de Madrid. Mi hijo vomitó y tuvo una migraña todo el viaje a casa. Después nos fuimos también otra vez tarde. Por horas. Nadie nos ayudó. Nadie dijo que lo sentimos. Luego en el avión la comida tomó mucho tiempo. El menú para niños no tenía opciones y mis hijos no comen carne y todo lo que había era lasaña de carne. El menú para comprar estaba agotado para cuando llegaron a nuestros asientos ni siquiera podía comprarles un bocadillo. Sinceramente fue la peor experiencia. Califico su servicio y puntualidad en cero"
AEA_0432,Air Europa,"Beersheba, Israel",Madrid,Tel Aviv,International,julio de 2024,1,"fui pasajero del vuelo ux 1301 de air europa desde madrid a tel aviv/ el avion realizo un aterrizaje de emergencia en el aeropuerto fuimichino de roma 2 horas despues del despegue. el aterrizaje fue normal. ahi comenzo esta zaga de ""me importa un pito"" por parte de la compania. Al principio nos dijeron que llegaria un avion desde madrid para continuar nuestro viaje a tel aviv. despues de eso' desaparecieron los trabajadores de aur europa y nunc amas supimos de ello. Despues de mas de 7 horas en el aeropuerto sin saber nada', recibimos un baucher para cenar. 7 horas sin sanber que pasa con el vuelo ' 7 horas sin recibir la mas minima consideracion por parte de la empresa. a las 23:00 despues de casi 10 horas despues del aterrizaje en roma, nos informaron que pasariamos la noche en roma' le llevo una hora mas organizar taxis y colectivo nos dijeron que a las 08:30 del otros dia, (2/7/24) volariamos directo a tel aviv. Son las 15:30 todavia estanos en el aeropuerto de roma. esta vez con la esperanza de viajar de vuelta a madrid para desde ahi' reprogramar el viaj=e a tel aviv. en todo este tiempo nadie se hizo cargo. unos pobres muchachos deben dar la cara por esta empresa donde el sevicio es lo ultimo de lista. por ahorrar unos dolares, todavia esatamos varados aqui, nadie se hizo responsable. una gran verguenza !!!! asi que si tienen pensado viajar con a algin destino que cubre air europa ... pienselo nueavmente. por que en el momento de tomar responsabilades la empresa falla; y en el momento de brindar a los pasajeros un buen sevicio ..... pues no lo dan."
AEA_0433,Air Europa,"Barcelona, España",Barcelona,Melbourne,International,junio de 2024,2,"El viaje fue desde Barcelona a la Habana con cambio de avión en Madrid. Air Europa se caracteriza por tener aviones con los asientos demasiado estrechos y las filas demasiado juntas, también en los vuelos transatlánticos; no hay espacio para atarse los zapatos. Pepe Hidalgo, propietario de Air Europa, es poco probable que pudiera sentarse en los asientos de clase turista del nuevo Boing 787."
AEA_0434,Air Europa,Desconocido,Malaga,Madrid,Domestic,junio de 2024,1,"Viaje ddesde malaga a tunez con un cambio en madrid con mi marido y mis dos bebés, llevaron las maletas de mano a bodega y en la destinación final que era tunez no llegarán las maletas de mano que llevan cosas de alto precio y alta valor y para mi lo más importante era la ropa y los pañeles de mis hijos.... hicimos la reclamación, mandé correos y nada sigue en búsqueda. Llevo ahora 72h y sin ninguna respuesta. .. lamentablemente lo estoy pasando muy mal y tuve que comprar algunas mudas para los bebés...esperó que me lo pueden localizar y mandar porque no la voy a dejar pasar así"
AEA_0435,Air Europa,Desconocido,Paris,Madrid,Europe,julio de 2024,2,"Vuelo con retraso, cambio de puerta de embarque y lo peor te obligan a llevar las maletas en bodega, porque equipaje de mano no entra en el avión. En el vuelo de ida cabían perfectamente y en el de vuelta no,"
AEA_0436,Air Europa,Desconocido,Alicante,Frankfurt,Europe,junio de 2024,2,Experiencia bastante mala... Al subir al avión vimos que los asientos eran estrechos y parecían que además tuvieran unos cuantos años. Era un vuelo con escala y el equipaje llego con las asas de la maleta rota. Al pasar por mostrador nos dijeron que no se hacían cargo y al poner la reclamación respondieron como si no se hubieran leído nada... Intentaremos evitar en futuros viajes.
AEA_0437,Air Europa,"Chascomus, Argentina",Barcelona,Buenos Aires,International,junio de 2024,1,No cumplen horario! No tienen manga par bajar Retrasos afuera y adentro del avión Nos hicieron esperas 40 minutos dentro del avión hasta que llegaron los micros. Tuvimos que correr de una terminal a otra distancias increíbles para no perder el vuelo de conexión y luego como también estaba retrasado el vuelo a Buenos Aires esperamos más de una hora para subir al avión porque había UN SOLO micro que nos llevaba hasta el avión para todos los pasajeros que éramos cientos! La comida malísima Ni un vaso de agua en las de 11 hs de vuelo.
AEA_0438,Air Europa,"Torres Vedras, Portugal",Lisbon,Madrid,Europe,junio de 2024,1,"Como muchos otros, el check-in en línea no funciona. Probó macOS y Windows, Edge, Chrome, Firefox. La pantalla se atasca con un avión en movimiento."
AEA_0439,Air Europa,Desconocido,Havana,Madrid,International,junio de 2024,2,"Abordó el avión en el aeropuerto internacional de La Habana. Obviamente, un tipo de avión diferente al que había llegado. El espacio para las piernas estaba en un mínimo, NO se proporcionó comida en absoluto en el vuelo a casa, un vuelo de ocho horas y media, y solo media taza de café negro. Sí, había entretenimiento en el asiento a través de una pantalla en el respaldo del asiento frente a ti. No hay posibilidad de comprar comida en el avión. Un verdadero mal servicio desde el camino de Madrid a La Habana. No recomendaría esta aerolínea."
AEA_0440,Air Europa,Desconocido,London,Havana,International,marzo de 2024,1,"Esta es, con mucho, la PEOR AEROLÍNEA CON LA QUE HE VOLADO. Cobrar a la gente por comida, bebidas y auriculares en un vuelo de larga distancia es ridículo. Se le da una comida y una bebida durante todo el vuelo. Los asientos son incómodos, y el personal no es muy agradable. Dejaron mi maleta en Cuba, la dejaron allí durante casi un mes sin hacerle al aeropuerto las preguntas relevantes para las que quería respuestas de por qué mi maleta necesitaba ser registrada. Cuando mi maleta finalmente fue devuelta, el bloqueo combinado se dañó y se negaron a asumir la culpa por ello, incluso después de que compartí fotos de manipulación clara para entrar en mi maleta. No recomendaría a mi peor enemigo usar esta aerolínea."
AEA_0441,Air Europa,Desconocido,Madrid,Guayaquil,International,abril de 2024,5,"La tripulacion de Quito a Guayaquil, para ser más concreto la jefa de las azafatas se porto de 10, viajamos mi hermana y yo por el fallecimiento de una hermana, le conté lo que estábamos pasando y que queríamos ser los primeros en salir ya que estábamos con el tiempo, y se porto de 10, quiero agradecerle x la buena atención que nos dieron mi gracias x tener esa empatia y dejarnos salir los primeros."
AEA_0442,Air Europa,Desconocido,Lisbon,Madrid,Europe,junio de 2024,1,"Te obligarán a revisar tu equipaje de mano incluso si explicas que lo necesitas médicamente. Fuimos uno de los primeros en abordar, y había mucho espacio. Múltiples personas fueron capaces de llevar en sus maletas después de nosotros. Parece irrespetuoso cuando explicas que lo necesitas y no les importa. El servicio es terrible, así que si vas a volar con niños te recomendaría una aerolínea diferente."
AEA_0443,Air Europa,"Caravaca de la Cruz, España",Bilbao,Alicante,Domestic,junio de 2024,1,"Una verdadera vergüenza solo nos mandaron una tarjeta de embarque la otra sin facturar,la Srta de la oficina ocupada en vender vuelos y nos hizo esperar un valioso tiempo para perder el vuelo un. Desastre"
AEA_0444,Air Europa,"Miami Beach, Florida",Miami,Madrid,International,junio de 2024,1,"Por lejos, la peor aerolínea en la que he viajado. El maltrato comienza ya en el proceso de check-in y continua durante el vuelo, Además de los malos modos, la empleada del check in me hizo pesar el carry on (9.5 kilos- ajustado a los requisitos) más mi bolso de mano y me indicó que me habia pasado de los 10 kilos. Su interpretación de mala fe, ya que en los requisitos de la aerolínea los requisitos son 23 kilos para la valija que se despacha y 10 kilos para el carry on. Nada dice del peso del bolso de mano y. además con. ese criterio, porque no pesan a los pasajeros ? Viaja el que pese menos de 55 kilos y se cobra a quien tenga unos kilitos más. ABSURDO. Luego, ya en vuelo cero posibilidad de entretenimiento ya que no proporcionan un miserable auricular. Los asientos IMPOSIBLES, se reclinan pocos milímetros. Para añadir, la espera para entrega del equipaje en Barajas fue eterna. Y al regreso el colmo fue la absoluta desaprensión y falta de empatía para una pasajera con capacidades diferentes en silla de ruedas quien fue requerida a hacer la fila serpenteante del check in, sin darle un check in prioritario como hacen las aerolíneas serias con gente de avanzada edad, menores de edad. Una verguenza absoluta. Y a olvidarse en un vuelo de 10 horas de beber algo sin que TODO sea cobrado aparte. Miserables, e inhumanos."
AEA_0445,Air Europa,Desconocido,New York City,Barcelona,International,junio de 2024,1,"Este es el espíritu de Europa, pero solo en el tamaño de los asientos el precio de todo y tal vez en algunas de las actitudes. Horrible servicio, desconsiderado y carente de conocimientos azafatas/anfitrionas. El pasillo era demasiado pequeño y seguían corriendo hacia las manos y los pies de todos, sin tener en cuenta a nadie en las tablas. Las bebidas derramadas sobre la gente nunca volverán a viajar con ellos. Ojalá permitieran cero estrellas."
AEA_0446,Air Europa,Desconocido,Buenos Aires,Madrid,International,junio de 2024,3,"Lo mas llamativo de esta aerolínea y que nunca me paso con otras es que las azafatas tiene pésima calidad de atención. Mala cara, mala predisposición, malas contestaciones tanto en la ida como en la vuelta. Sumado a eso te cobran hasta por respirar (auriculares por ej). Los asientos son incomodos con muy poco espacio entre si. La comida estuvo bien (cena). En el de vuelta habia un moco enorme pegado en la ventana. Por ultimo porque si te obligan a despachar tu carry segun si les gusta tu cara o no excusandose que no hay lugar cuando llegas al avion y ves que los compartimientos estan llenos de mochilas que no deberian estar ahi ni permitirlo si hay gente con carry on. Si tendria que elegir entre air europa y otra, la proxima elijo otra."
AEA_0447,Air Europa,Desconocido,Madrid,Cancun,International,junio de 2024,1,"El avión muy normalito, pero lo peor es que nos hicieron esperar a todo el pasaje más de una hora, por esperar a 10 pasajeros que venían de Barcelona en otro xuelo con retraso. Me parece impresentable esta actuación de Air Europa."
AEA_0448,Air Europa,Desconocido,Asuncion,Madrid,International,junio de 2024,1,"El vuelo bien , quitando las malas caras de las azafatas y las malas contestaciones de otro… Manta y almohada . Vuelo a las 8 de la mañana y de desayuno sobre las 9:30 pasta o pollo. Era un vuelo de 11h y despues de ese “desayuno” se ofrecía un cafe (quemado por cierto) o té. Hasta que no quedaban 2h aprox. para llegar al destino no volvieron a ofrecer nada solo un cafe o te. Toda la comida te la ofrecian pagando (sandwich jamon y queso 7.50€ y si es con cafe o te 11.50€). Una verguenza de compañia y eso que el vuelo me costo cerca de 500€. En la foto te indican la unica hora de comer."
AEA_0449,Air Europa,Desconocido,Miami,Lisbon,International,junio de 2024,1,Esto fue peor servicio al cliente nunca. Finalmente cancelaron nuestro vuelo y no se comunicaron con veracidad ni nos ofrecieron asistencia para tomar otro vuelo. 0 atención al cliente! Horrible en muchos niveles y nunca nos subimos a bordo. Voló otra compañía aérea en su lugar que nos trató excepcionalmente bien no vuele Europa! Te arrepentirás.
AEA_0450,Air Europa,"Bangkok, Tailandia",Madrid,Panama City,International,junio de 2024,1,NUNCA MÁS para un vuelo de largo recorrido. Solo proporcionan un servicio de comida gratis en un vuelo de 11 horas. Todo lo demás se cobraba a precios de estafa. Los asientos también eran pequeños y la tripulación de cabina era sorprendentemente antipática. El entretenimiento era limitado y seguía funcionando mal. EVITAR es mi consejo.
AEA_0451,Air Europa,Desconocido,Madrid,Havana,International,junio de 2024,1,"Pésimo el servicio,Ida y vuelta nos pusieron un avión de Iberojep .Muy incomodo ,Sin espacio entre asientos.El servicio de comida antiguamente eran dos durante el trayecto ya es uno.Regrese el 18 de junio e igual.Solo se limitó el servicio a cena,En la mañana solo un café.Las azafatas para nada amables,caras de disgusto durante todo el vuelo.Los pasajeros pasando frío en la madrugada y para sorpresa tampoco tenían mantas ni almohadas ."
AEA_0452,Air Europa,"Bávaro, República Dominicana",Punta Cana,Barcelona,International,septiembre de 2023,1,Que pena no poder decir tantas cosas buenas de esta aerolínea me ofrecieron 100€ como recompensas de haberme dejado 6 días sin maleta en un viaje desde república dominicana a Barcelona ni los acepté me parece un insulto tuve que comprar ropa durante toda la instancia y me contestaron después 6 meses ofreciéndome esta miseria no volveré a volar ni aconsejaré a nadie a hacerlo con esta compañía . Un viaje de negocio que se trasformó por su culpa en una pesadilla. Su atención al cliente es lenta y pésima . No aconsejo embarcar maletas esta línea aérea es solo para viaje corto no es confiable para larga distancia .
AEA_0453,Air Europa,Desconocido,Las Palmas de Gran Canaria,Madrid,Domestic,mayo de 2024,1,"Tercer viaje GRAN CANARIA - MADRID con ellos en los últimos 6 meses y tercer retraso de más de dos horas. Los tres días igual, perdiendo los trenes y buses cogidos con margen de más de dos horas... La impuntualidad de esta compañía en este aeropuerto es pésima."
AEA_0454,Air Europa,Desconocido,Miami,Madrid,International,junio de 2024,1,Todo es malo malos malos servicios solo se preocupan por el dinero no hay soluciones l para nada muy grosero y malos servicios al cliente dentro y fuera.
AEA_0455,Air Europa,Desconocido,Miami,Madrid,International,mayo de 2024,1,"No sé por dónde empezar con mi experiencia volando en Air Europe. El avión salió a tiempo (eso es lo único positivo que podría decir al respecto). Pero no hay espacio para las piernas o una pequeña posibilidad de moverse en su asiento, sirven solo una comida (para un vuelo de 9 horas) la comida era extremadamente mala no saborear en absoluto, después de eso nada más a menos que esté dispuesto a pagar por un bocadillo, el personal es muy neutral y hacen lo mínimo para servirle, simplemente no les importa. Esta es una aerolínea que no ofrece ninguna comodidad. Fueron nueve horas de pura tortura. Definitivamente, NO lo recomiendo."
AEA_0456,Air Europa,Desconocido,Madrid,Panama City,International,mayo de 2024,2,"426 / 5 , 000 Una mala compra a Europa Air. Pagué $166. 00 en línea para reservar 2 asientos en un vuelo Madrid Panamá. En el aeropuerto de Madrid habían cancelado mi reserva sin motivo. Me asignaron 2 asientos diferentes y me dijeron que llamara a la compañía para reembolsar mi dinero. Respondieron que la política de la empresa era no devolver dinero a nadie. Punto final. No más vuelos con Europa Air."
AEA_0457,Air Europa,Desconocido,Madrid,Miami,International,junio de 2024,2,Vuelo superpoblado. No se permitió facturar ni una maleta sin pagar $ 120. De alguna manera la agencia de viajes que usé seleccionó el billete económico equivocado y me jodieron. Por supuesto que necesitaba registrar una maleta y pagué los $ 120. No recomiendo esta aerolínea en absoluto. Hay otras opciones.
AEA_0458,Air Europa,"Madrid, España",Bilbao,Tenerife,Domestic,junio de 2024,3,"Puntuales pero el resto lo cobran todo y no pidas que te ayuden a subir la maleta al compartimento, ninguna intención de ayudar"
AEA_0459,Air Europa,"Buenos Aires, Argentina",Barcelona,Buenos Aires,International,mayo de 2024,4,"Decidimos pagar más con una tarifa en clase Business por los temas de movilidad de mí madre que en ese momento estaba con un problema de rodilla. El servicio fue bueno, sin detalles realmente sobresalientes comparados con otras clases preferentes de otras compañías. Muy atento el personal,siempre pendiente de las necesidades de los pasajeros Mí opinión, sin embargo , quiere referirse a 2 cosas en particular: 1- el menú vegetariano Solicité un menú ovo lacto vegetariano que , en la comida principal , repetía sin mucho condimento ni originalidad arroz blanco, garbanzos y maíz de lata. Luego de la cena , me ofrecieron un mini sándwich, supongo de hamburguesa vegetal que estaba absolutamente congelado incluyendo el pan. Incomible. No acorde para nada con el menú ""normal"" de la misma categoría, realmente. Punto a mejorar sin dudas, pese a publicitar que la creación y supervisión de los menúes está a cargo de un muy renombrado chef. 2- la segunda cuestión es el tema de la solicitud de asistencia para pasajeros mayores o con temas de movilidad. Hicimos la solicitud anticipadamente y nos atendieron muy prontamente en nuestro aeropuerto de salida, el Prat ( Barcelona). Al llegar a Barajas ( Madrid) , dejaron a todos los pasajeros con necesidades especiales para desembarcar al final , (siendo que en clase Business hay prioridad en desembarque), de pie al lado de la puerta abierta por al menos 20 minutos. Nadie nos explicó absolutamente nada de qué o a quien debíamos esperar , y teniendo una conexión de 1.50 hora ( provista por la misma aerolínea ) y teniendo que recorrer 2terminales, preguntamos a personal del aeropuerto que nos regañó de muy mal modo y nos indicó que debíamos ir a un lugar que parecía un depósito de personas a la espera de asistencia , en un subsuelo. Allí había UNA sola empleada de AENA visiblemente sobrepasada por la magnitud de personas que necesitaban asistencia, quien no daba abasto con todos los pedidos y vuelos y quién trataba mal a los pasajeros justamente por encontrarse absolutamente desbordada. Esperamos muchísimo tiempo en ese lugar , donde la señorita nos indicó que ""si perdíamos el vuelo porque ellos se demoraban con la asistencia, que no nos preocuparnos que nos ubicaban en otro vuelo"", lo cual sin dudas sería al día siguiente porque Air Europa no tienen 2 vuelos diarios nocturnos a Buenos Aires. Todo esto nos supuso estar en la sala VIP apenas 20 minutos pues ya estábamos próximos al embarque, y generando un stress fenomenal que precisamente quisimos evitar pagando el triple de un asiento en clase economy. Entiendo perfectamente que las desinteligencias de AENA no són responsabilidad de Air Europa. Pero sabiendo que esto sucede ( porque es imposible que desconozcan el caos que es ese sector)deberían prever que las personas que necesitan asistencia desciendan primero y no al final, o vender una conexión con mayor tiempo de escala en Madrid aunque ello vaya en detrimento del pasajero."
AEA_0460,Air Europa,Desconocido,Bogota,Madrid,International,junio de 2024,1,"Esta es probablemente la peor experiencia de servicio al cliente en toda mi vida. La azafata era grosera y poco profesional. Gritaba, hablaba mientras me iba a pegar, solo porque le dije que no me gustaba su actitud y la forma en que servía. Fui muy educado y dije que era una retroalimentación. Ella lo tomó como algo personal y no estaba impulsando los comentarios como se esperaba. Sus universidades eran aún peores. Todos ellos se reían de la parte trasera del avión mientras todos trataban de dormir y mientras servían, todos hablaban y discutían entre ellos?? Como lo que fue eso. La comida era absolutamente ridículamente mala y en general la experiencia es pobre. Muy mala experiencia, Nunca más. Si quieres vuelos económicos, hay TANTOS que valen tu dinero y no tienes que lidiar con azafatas inútiles."
AEA_0461,Air Europa,Desconocido,Barcelona,Palma de Mallorca,Domestic,junio de 2024,3,"Nunca he logrado un vuelo que salga con puntualidad. Con justificación (clima) o sin ella, los retrasos son habituales. El personal amable y cordial. Si el retraso es muy acentuado, de 5 o 6 horas, pueden ofrecerte una compensación económica para comer o cenar....de 5 euros (miserable). Hay más espacio entre las piernas que Vueling, pero los retrasos son constantes."
AEA_0462,Air Europa,"Greater Manchester, Reino Unido",Madrid,Quito,International,enero de 2024,1,"Realmente es tan malo como otros. Tuvimos 1 comida en un 10. 5 horas de vuelo, los asientos son muy incómodos y hay poco espacio para las piernas. El entretenimiento no es brillante, la comida es transitable y perdieron mi equipaje."
AEA_0463,Air Europa,Desconocido,Madrid,Bilbao,Domestic,junio de 2024,1,"La peor aerolínea con la que he volado. Sobrecargo, el sistema de reservas elimina el equipaje que haya pagado al cambiar de fecha, el personal poco servicial y grosero."
AEA_0464,Air Europa,Desconocido,Milan,Madrid,Europe,junio de 2024,5,"Absolutamente horribles NO TOMAR, son muy arrogantes y tontos. Actualmente estoy dentro del avión mientras espero que empecemos a ir, estaba previsto que saliera a las 11 : 05 es actualmente 12 : 00 y simplemente nos hacen saber que todavía va a tomar otros 25-30 minutos. Al principio a los 20 minutos fui a preguntarle a la azafata qué pasaba y porque tengo un vuelo de conexión en Madrid a las 3 : 25 que muy probablemente extrañaré, sin embargo, cuando hablé con él después de que le pregunté, instantáneamente puso su mano en mi espalda y comenzó a empujarme hacia mi asiento y alzar su voz hacia mí diciéndome que me sentara y que no estoy siendo útil a pesar de que también estaba preguntando de camino al baño. Por cierto, la razón por la que llegamos tan tarde es porque pusieron las maletas equivocadas en la bodega de carga y ahora tienen que cambiar todo. Estoy completamente insatisfecho y no volveré a usar esta aerolínea."
AEA_0465,Air Europa,Desconocido,Havana,Madrid,International,mayo de 2024,1,"Air europa a cambiado mucho, un vuelo de larga distancia como es desde La habana a madrid como es posible que no se les de desayuno gratuito a los pasajeros, los que tienen dinero si pueden desayunar pero los cubanos que bienen de visita a españa no se pueden pagar el desayuno ya que no tienen dinero ni tarjeta visa para poder pagarlos, le pagué a mi madre un pasaje de solo ida con maleta incluida en bodega por 554 e, es una persona mayor y como ella venian mas cubanos de visita a España que no tienen dinero ni tampoco visa, es abusivo lo que esta haciendo esta compañia, ya es el colmo que no te den desayuno y la cena que dieron fue nefasta tambien, osea para viajes de larga distancia no es recomendable, esto fue el vuelo de dia 10/06/2024 UX52"
AEA_0466,Air Europa,Desconocido,Madrid,Ibiza,Domestic,junio de 2024,1,"Peor que rayanair…. Vuelo comprado por 60€ con descuento de residente en baleares.. Esperando para embarcar h en el momento que iban a abrir puertas: dicen que tienen que hacer mantenimiento al avión… de tener que salir a las 8:15 a salir a las 9:45… esperas y cuando te vuelvas a comer la cola entera llega una con pero naranja y te dice que tu maleta no cabe.. que hay que facturarla.. la primera vez que me pasa con la misma maleta llevo 90 vuelos… la gente se queja de las compañías de bajo coste pero será la última vez que vuele con esta compañía… Nunca pongo reseñas, pero estos se merecen la peor reseña. No pongo -5 de calificación xk no deja. No se lo recomiendo a nadie.. es mejor ir con Ryanair…"
AEA_0467,Air Europa,Desconocido,Malaga,Santa Cruz,International,junio de 2024,1,"Lamentablemente, tuvimos una mala experiencia con esta aerolínea. Era la primera vez que usábamos esta compañía para transportar a mi madre, que es de la tercera edad. Su vuelo desde Málaga tenía conexión en Madrid y sufrió un retraso. Lo peor fue que se suponía que debían esperarla con una silla de ruedas para llevarla a su próximo vuelo, pero eso no ocurrió. Una señora con problemas de espalda tuvo que correr sola para abordar el avión, que ya había cerrado la puerta."
AEA_0468,Air Europa,Desconocido,Rome,Madrid,Europe,junio de 2024,2,"Retrasos, un vuelo de dos horas tardo 5 y ni un vaso de agua no dan. Burla, luego del aterrizaje tardo 20min en empezar el desembarco y ademas por la puerta trasera. Burla si pagas por prioridad"
AEA_0469,Air Europa,"Salta, Argentina",Porto,Madrid,Europe,abril de 2024,4,"La aerolinea cumplio con lo reservado, fue puntual, sin ningún tipo de inconvenientes, buena relación calidad precio"
AEA_0470,Air Europa,Desconocido,Salvador,Madrid,International,marzo de 2024,1,"En nuestro caso, el 27 de febrero, sacamos 4 pasajes para volar de 28 de agosto de Salvador de Bahía a Brasil. Según el concicionado de Air Europa, cito literalmente ""Los billetes emitidos por Air Europa son nominativos, por lo que no está permitido el cambio de titular del billete"" El 22 de marzo de 2024, por error, se vuelven a sacar otros 4 billetes para el mismo vuelo, destino y los mismos pasajeros con sus mismos DNI, nombres y 2 apellidos. Se trata claramente de unos billetes que se han sacado duplicados por error, pero, por si pudiése haber alguna duda, a los 2 minutos de sacar los segundos pasajes, nos ponemos en contanto con el Centro de Atención Telefónica para transmitirles lo sucedido. Les incicamos que, hemos sacado unos billetes duplicados a través de su página web. Y no entendemos que SI LOS BILLETES SON NOMINATIVOS, ¿CÓMO ES POSIBLE QUE SE NOS HAYA PERMITIDO SACAR OTROS 4 BILLETES CON LOS MISMOS NOMBRES Y APELLIDOS? ¿PUEDEN VOLAR 4 PASAJEROS 2 VECES EN EL MISMO VUELO? Le indicamos claramente que queríamos hacer una cancelación inmediata y solicitar el reembolso del coste de los segundos billetes, el costo asciende a 2186,52 €. Nos indican que para que nos reembolsen, debemos hacer la reclamación a través de un enlace de su página web, cosa que realizamos en el mímo día 22 de marzo, a la hora de sacar los pasajes. Pues bien, aquí comienza nuestro calvario, llevamos más de 2 meses y medio de correos, reclamaciones telefónicas y burofax y AIR EUROPA SE NIEGA A DEVOLVERNOS EL DINERO, A PESAR DE QUE SEGÚN LA COMPAÑÍA LOS BILLETES SON NOMINATIVOS Y NO PUEDE HABER 4 PERSONAS CON BILLETES DUPLICADOS. También se nos ha negado el Derecho de Desistimiento recogido en el artículo 102 de la Ley de Consumidores y Usuarios para las compras On Line. Para colmo, el vuelo sale el 29 de agosto, por lo que desde el 22 de marzo, han tenido y tienen tiempo más que suficiente para vender los billetes que actuálmente tienen un precio sensiblemente superior, por lo tanto, la más que justa devolución del dinero de los segundos billetes, no sólo no causaría perjuicio económico a la Compañía, si no que incluso, podrían vender los billetes por un importe superior al que nosotros pagamos. Esto para que vean ustedes, como trata Air Europa a sus clientes. TRATAN POR TODOS LOS MEDIOS DE AUTOFINANCIARSE, ROBANDO 💸💸💸 DIRECTAMENTE EL DINERO DE LOS REEMBOLSOS E INDEMNIZACIONES POR CANCELACIONES Y RETRASOS DE SUS VUELOS. En definitiva 😡, ¡¡¡SON UNOS SINVERGUENZAS LADRONES QUE SE DEDICAN A SABLEAR A SUS CLIENTES!!! Según he estado investigando, el problema con las reclamaciones de Air Europa es la noma de habitual de la casa, en el último año, según la OCU, tienen un triste record, han desestimado el 92 % de las reclamaciones 😳 a través de su plataforma en el primer día. Así tengamos que remover cielo y tierra, no pensamos parar hasta que se nos devuelva lo que lor Ley justamente nos corresponde. Y, por supuesto jamás recomendaremos a nadie que vuele con Air Europa."
AEA_0471,Air Europa,"Bruselas, Bélgica",Brussels,Lima,International,junio de 2024,1,Se niega a seguir la normativa de la UE 0 confort en el vuelo Terrible comida Personal arrogante Toma un portador serio Nunca más
AEA_0472,Air Europa,Desconocido,Palma de Mallorca,Barcelona,Domestic,junio de 2024,1,"Pagamos mas para tener un servicio y una comodidad y evitar el “LowCost” pero los asientos de los aviones, y la limpieza inexistente de la cabina, lo convierte en un LowCost a precio premium. Que pena"
AEA_0473,Air Europa,Desconocido,Madrid,Las Palmas de Gran Canaria,Domestic,junio de 2024,5,"Tengo que felicitar a la compañia Air europa , ya que ultimamente es la que he eligido para mis viajes (reconozco que antes no era la que mas ultilizaba) y me he encontrado con la grata sorpresa de una calidad de atencion , buena y profesional , cosa que echaba de menos en las anteriores . Una tripulacion super profesional que hacen que los embarques y desembarques se te pasen rápido (que para mi es muy pesado) te atendien fenomenal todo el vuelo y siempre con una sonrisa ; me gustaría destacar del último vuelo que hice hoy, Madrid/Las palmas 7.05 ux9156 a toda la tripulación y en especial a Iñigo , que me ha parecido un tripulante excepcional , ayundando a todos los pasajeros en el embarque y con una sonrisa de principio a fin del vuelo atendiendo las necesidades de todo el que las requiriera A partir de ahora será mi compañia habitual siempre que pueda Felicidades"
AEA_0474,Air Europa,Desconocido,London,Bogota,International,junio de 2024,1,"Solo estaba comprobando el precio de un viaje de Londres a Bogotá, la tarifa de equipaje es más alta que el vuelo en sí. Duplica eso y obtendrás los impuestos. Esto es una estafa. He llevado a AirEuropa a mi lista negra."
AEA_0475,Air Europa,Desconocido,Madrid,Miami,International,mayo de 2024,1,"Esto va a ser largo, lo siento. Los asientos se aprietan tan fuertemente entre sí y también permiten que los asientos se reclinen, LO CUAL ES DEMASIADO AJUSTADO. Cuando la persona que estaba delante de mí tenía su asiento inclinado hacia atrás, no podía bajar mi bandeja y apenas podía ver mi pantalla de video. Te sirven comida caliente en bandejas pequeñas y no regresan para comprarla durante otros 20 minutos. No se necesitan más de 20 minutos para comer la pequeña porción de comida proporcionada. Presioné el botón de llamada para que vinieran a buscar mi bandeja, pero ninguna azafata llegó a mi asiento. Tuve que caminar de vuelta y darles mi bandeja porque estaba muy llena y la persona frente a mí estaba a punto de inclinarse hacia atrás y hacer que mi comida se fuera sobre mí. Deben caminar repetidamente para recoger bandejas. Mientras dejaba que mi hija menor volviera a la fila desde el baño, mi otra hija y yo estábamos en el pasillo. Mi hijo menor se sentó y yo me senté en el medio. Mi otra hija estaba a punto de sentarse, pero una azafata (no se llamaba así pero tenía el pelo rubio/canoso) bajó por el pasillo llevando AGUA CALIENTE HIRVIENDO y no dejó que mi hija se sentara. ELLA APRETÓ A SU LADO EN EL PEQUEÑO PASILLO CASI DERRAMANDO AGUA CALIENTE POR TODA MI HIJA. Ella ni siquiera dijo perdón. tuvimos que quejarnos para que ella siquiera lo reconociera. cuando nos quejamos, todo lo que dijo fue “hacía tanto calor que tuve que ir a disculparme.” esto es un comportamiento inaceptable. si hace “tanto calor” no deberías estar sirviéndolo a un cliente, y mucho menos tratando de apretar más allá de alguien con él en tu mano. todos los demás asistentes esperan hasta que alguien se siente antes de pasar por el pasillo. La pantalla de televisión incluida no viene con auriculares. La aerolínea te hace pagar por ellos. Había un catálogo de alimentos en la parte trasera de mi asiento con comida masticada dentro de él. No ofrecen agua, tuvimos que suplicar por una taza. La asistente actuó para conseguirnos una taza de agua. Conseguimos uno y pidió 2 más y se fue. Deberían estar dando agua gratis para un VUELO DE OCHO HORAS. Se obtiene una bebida incluida con su comida, pero después de eso hay que pagar por una bebida. ¡NO VUELE esta aerolínea!"
AEA_0476,Air Europa,Desconocido,Miami,Madrid,International,mayo de 2024,1,"Nunca más con Air Europa. Mi esposo y yo teníamos asientos 14 A y 14 asignados a nosotros. Sin embargo, cuando llegamos al mostrador, nos enteramos de que habían vendido nuestros asientos. En cambio, sentaron a mi marido en 19 be y a mí en 50 be, separándonos completamente. Para empeorar las cosas, también comprobaron nuestro equipaje sin ninguna explicación o razón. Esta experiencia fue extremadamente frustrante y decepcionante. No volveremos a volar con Air Europa."
AEA_0477,Air Europa,Desconocido,Madrid,Quito,International,mayo de 2024,1,"Siento la necesidad urgente de compartir una experiencia de viaje reciente que me ha dejado impactado y enfurecido. Nunca me he enfrentado a un servicio tan terrible de una aerolínea como lo hice con Air Europa. Mi prueba comenzó con un agónico retraso de cinco horas. Sí, leyó bien, cinco horas de espera sin ninguna comunicación clara o actualizaciones del personal de la aerolínea. Quedamos en la oscuridad, sin idea de por qué nuestro vuelo se retrasó durante un tiempo tan inaceptable. Cuando finalmente abordamos el avión, la pesadilla continuó. La cabaña era un horno horrible. Hacía tanto calor que vi gente luchando por mantenerse consciente. Algunos pasajeros estuvieron a punto de colapsar debido al calor extremo. Esto no solo fue incómodo, sino que también representó un grave riesgo para la salud. Por si fuera poco, la señora de la puerta de embarque fue increíblemente grosera. Su actitud despectiva y hostil no hizo sino aumentar nuestra frustración colectiva. Ya estábamos estresados y agotados por el retraso, y su comportamiento era lo último que necesitábamos. Viajar es lo suficientemente estresante sin tener que lidiar con tal falta de profesionalismo y negligencia. Espero que este post sirva como advertencia a los demás viajeros y como llamada de atención a Air Europa para mejorar sus servicios drásticamente. Emilio."
AEA_0478,Air Europa,España,Bilbao,Madrid,Domestic,junio de 2023,1,Voy a intentar por todos los medios posibles NO VOLVER A VIAJAR MAS CON AIR EUROPA. Tres veces he volado con ellos y las tres mal.La ultima vez vuelo cancelado con conexión a Estambul ósea alquiler de coche y corriendo para Madrid. Presentada la reclamación responden diez meses después que la cancelación fue debida a circunstancias metereologicas ( Todos los vuelos antes y después despegaron) no admiten ninguna compensacion.
AEA_0479,Air Europa,"Copenhague, Dinamarca",Brussels,Madrid,Europe,mayo de 2024,1,Cero - CERO absoluto - atención al cliente o amabilidad. Varias personas recibieron un tratamiento diferente al que se compró. Terrible. Aerolínea de bajo presupuesto muy pobre!
AEA_0480,Air Europa,Desconocido,Lisbon,Madrid,Europe,mayo de 2024,1,"¡No reserve un vuelo con esta compañía! Enviaron correos electrónicos y anunciaron que nuestro vuelo y embarque se retrasaron y luego cerraron las puertas temprano y no nos dejaron subir a nuestro vuelo. Entonces procedieron a no hacer absolutamente nada en términos de reembolso o nuevos vuelos y querían que pagáramos más dinero para subir a uno nuevo con ellos! No solo eso, sino que sus representantes de servicio al cliente fueron groseros, y no sabían nada sobre con quién podíamos hablar y terminamos dando vueltas, ya que cada persona nos dijo que fuéramos a ver a una persona diferente o llamar a una línea que no daba asistencia y básicamente repetía la misma información una y otra vez! Nos marcaron como un no show, lo cual era una mentira ya que estaban a tiempo para un abordaje original y todos actuaron como si no tuvieran idea de que el retraso ocurrió o que alguna vez nos enviaron. Ahora estamos atrapados en Lisboa sin forma de conseguir un nuevo transporte. Si pudiera calificar esta aerolínea en números negativos lo haría, ya que un 0 / 10 es honestamente generoso después del servicio que recibimos."
AEA_0481,Air Europa,Desconocido,Medellin,Valencia,International,mayo de 2024,1,"Nefasto, mal servicio atención,al usuario y prestación del servicio. E incumplimiento total por parte de la empresa oooooooo"
AEA_0482,Air Europa,Desconocido,Madrid,Miami,International,mayo de 2024,1,"La peor línea aérea en la que hemos viajado.. Fue un vuelo de 9 horas.. nos dieron algo de comer y beber una sola vez, las otras dos veces que debían dar un servicio lo cancelaban según ellos por la turbulencia ( la cual no duraba ni un minuto) llamabas a los flight attendant y nunca llegaban. Note que otorgaban especial atención solamente a los españoles. De hecho nosotros pagamos un asiento más caro para poder estirar las piernas y no quisieron validarlo pero al español que estaba junto a nosotros si se lo validaron porque el también se quejó, su respuesta fue que al quitarle a él tendríamos más espacio nosotros y que nos acomodáramos en pocas palabras “ como podamos”. En conclusión, fue la primera y la última vez que pago un vuelo en esa línea aérea."
AEA_0483,Air Europa,Desconocido,Bogota,Barcelona,International,mayo de 2024,1,El servicio de AirEuropa en Bogotá es horrible. El personal es arrogante y ladrón. Me cobraron 150€ por un pequeña maleta de 5 KG. Según ellos no se permitía otro elemento como equipaje de mano. Llevaba una guitarra pequeña de viaje y una bolsa con café. Tuve que pagarlo por que era mi maleta con mi computadora y elementos personales importantes. Esta aerolínea low-cost es una decepción. Te cobran por todo. Por los audífonos por ejemplo. La comida es asquerosa.
AEA_0484,Air Europa,Desconocido,Madrid,Panama City,International,diciembre de 2023,1,Me dieron un asiento donde habían vomitado media hora antes y estaba el cinturón sin limpiar. Les escribí dos veces y ni me respondieron para pedir perdón.
AEA_0485,Air Europa,Desconocido,Rome,Madrid,Europe,mayo de 2024,1,"¡Ten cuidado! El avión ya salió de la puerta 25 minutos antes de la hora programada, eso es cristalino consultando el informe oficial de vuelo. Estaba en la puerta de embarque a las 6 pm ningún avión allí , el informe de vuelo afirma que salió a las 6 : 19:00 pm ver archivo adjunto No intente cobrar un servicio que Air Europa no le proporcionó. Es responsabilidad de Air Europa: 1 - No salir antes de la hora prevista; 2 - No hacer declaraciones falsas en el informe de vuelo. Por lo tanto, solo tiene que emitir el reembolso del vuelo. Saludos"
AEA_0486,Air Europa,Desconocido,Milan,Madrid,Europe,mayo de 2024,1,Solo precios bajos. No esperes más. Lo que más odio son sus servicios. Es la peor de todas las aerolíneas con las que he volado (o Avianca) 😱.
AEA_0487,Air Europa,"Bogotá, Colombia",Bogota,Frankfurt,International,mayo de 2024,1,"¡Sólo la página de mierda que puedes conseguir! ¡Este es otro nivel! No pude viajar porque la página me cobra y no me dio el billete de ninguna manera después. Ya sabes, puede pasar de vez en cuando comprando en internet, pero este no era el problema, esta empresa española no tienen ninguna oficina administrativa u otra forma en la red para solucionar este problema o en lista donde puedes ir a buscar a alguien que te ayude l, me llevó casi 15 días intentando explicarles que en realidad cobran el billete. Nunca intentes comprar directamente desde su página, puedes ser robado. SIEMPRE use una página intermedia si no puede permitirse algo mejor."
AEA_0488,Air Europa,Desconocido,London,Madrid,Europe,septiembre de 2023,1,"Ellos son rápidos para obtener su dinero, pero devolverlo cuando cancelan el vuelo es otra cosa. Te envían un bono que expira en varios años y nunca tienes acceso al dinero porque se niegan activamente a devolverlo. PARA EVITAR"
AEA_0489,Air Europa,"Alicante, España",Madrid,Buenos Aires,International,abril de 2024,2,"El Boeing “dreamliner” 787-9 que usa esta compañía en su clase turista es un “almacén” de personas. Pasillos estrechos y solo buscando espacio para meter incomodisimos, estrechos y duros asientos para un vuelo que va a durar 1/2 día completo: 12 horas. Por cierto, en el vuelo de vuelta, BA-Madrid parte de los baños estaban inutilizados desde la salida ( vuelo UX2 de 3/5/24). No hicieron nada para que estuviesen operativos. Empresa tacaña y rácana donde solo te dan bien de cenar o el almuerzo pero nada más: lo demás lo pagas: desayuno o auriculares cuando has pagado más de 1000 euros. En fin, ya conocía a esta empresa que me nos dejó tirados durante la pandemia incumpliendo toda la legislación de la UE y las órdenes gubernamentales. Además no devolvió los importes altísimos a los que puso aquellos vuelos. Es verdad que he volado a BA con ellos de “forma obligada” pues no pude ir con alguna otra compañía. Mejor tener a Air Europa en el olvido."
AEA_0490,Air Europa,"Jerusalén, Israel",Madrid,Tel Aviv,International,mayo de 2024,1,vuelo el 12 de mayo - ayer. VUELO NO 1301 MAD - TLV Tuvimos asientos en 15 a 15 salida - primera fila en economía pagamos por adelantado un mes antes por los asientos. Nos registramos y no nos dimos cuenta de que el SUPERVISOR NO NOS DIO nuestros asientos y lo vendió de nuevo a otro pasajero. esta aerolínea vende asientos dos veces! Nos dio 2 asientos no juntos en la fila 24 después del monedero del vuelo no resolvió el problema - aunque le mostramos nuestro billete con el emd que prueban el pago de los asientos. ella tuvo que llamar al supervisor que estaba en el check in. Era muy grosero y violento. Él señaló con su dedo cerca de mi cara - mintió y mostró que dijo que iba a tomar nuestros asientos. este supervisor es un mentiroso y no debe trabajar clientes de servicios. no quiso identificarse y o la tripulación del avión no quiso darnos su nombre. Él no va a salirse con la suya Nunca volveremos a volar con Air Europe.
AEA_0491,Air Europa,Desconocido,Madrid,Lima,International,mayo de 2024,1,"TERRIBLE aerolínea de bajo coste con constantes retrasos - pagará un precio caro por elegirlos ... de nuevo, los elegimos debido a los bajos precios al igual que el año pasado, y sufrimos las consecuencias. De nuevo, esperando toda la noche un vuelo retrasado, igual que el año pasado. NO viaje con niños pequeños con sus vuelos de larga distancia - dos veces seguidas hemos intentado lo mismo ahora y su servicio es inexistente. Como Ryan Air de larga distancia, peor aún."
AEA_0492,Air Europa,"Sao Paulo, SP",Sao Paulo,Madrid,International,mayo de 2024,1,"Es terrible. Quiero decir, horrible. Si tiene la opción entre esta aerolínea y otra, elija la otra. No puede ser peor que esto. Nunca he estado en un vuelo intercontinental tan estrecho. Estás embalado como ganado, y para empeorar las cosas, tratado como ganado. Extremadamente incómodo, con azafatas groseras, espacio mínimo para las piernas, comida espantosa, e incluso hay que pagar 2 euros por auriculares para disfrutar del sistema de entretenimiento. El servicio a bordo es prácticamente inexistente; llamas para pedir asistencia, y nunca responden, obligándote a levantarte e ir a la parte trasera del avión a buscar agua. Lo que es peor, cuando quería comprar un bocadillo, también me enviaron a la parte trasera del avión. Sinceramente, la idea de tener que volar con ellos de nuevo en el vuelo de regreso es aterradora."
AEA_0493,Air Europa,Desconocido,Madrid,Bogota,International,mayo de 2024,5,Felicitar al personal de atención en la clase bussines en el vuelo UX193 del día 10 de Mayo. Ser amables no cuesta nada y se agradece mucho en cualquier clase tanto bussines como turista .
AEA_0494,Air Europa,Desconocido,Tenerife,Montevideo,International,mayo de 2024,1,"Mi mamá viaja hoy 10 de mayo a Uruguay, Tenerife - Montevideo. Con escala en Madrid llega a las 21y40. Iba a salir a las 23 y55 de Madrid a Montevideo pero no fue así. Recién a las 6 de la mañana del día 11 a Montevideo. Como 7 hs de escala una sra mayor. No avisaron ni por teléfono ni por correo que el vuelo se canceló el día 9 de mayo. Llegas al aeropuerto y te llevas esa sorpresa y ninguna solución. Desastre total."
AEA_0495,Air Europa,Desconocido,Buenos Aires,Madrid,International,mayo de 2024,1,"Estoy de viaje en Argentina y tenía mi vuelo para volver a España donde vivo. Me cancelaron el vuelo ayer 7de Mayo (viajaba el 9 de Mayo). Por un paro nacional cancelaron el vuelo y me dieron como nueva fecha de regreso el 25 de mayo, si si 16 días después. No se responsabilizaron por nada, 16 dias en un país que no es en el que vives, donde es un gasto de dinero. Pero ellos solos dicen “lo sentimos” y no te dan más respuestas. Yo perdí dos vuelos que tenía para llegar a mi ciudad, los cuales había sacado con la aerolinea vueling. Ambos viajes perdidos por la falta de consideración. Tienen lugares disponibles con fechas más cercanas a la original y no los quieren dar para que las personas puedan volver a su casa. Realimente vergonzoso y nefasto."
AEA_0496,Air Europa,Desconocido,Barcelona,Havana,International,abril de 2024,1,"Compre unos asientos standard especial con anticipacion con coste de 50€cada asiento, en total 2 asientos, posteriormente hubo un cambio de nave y me afjudicaron asientos standard que no tenia un coste adicional, reclamo el pago que realize y no quieres devolverlo, no compren asientos anticipadamente , és una estada..."
AEA_0497,Air Europa,Desconocido,Stockholm,Madrid,Europe,marzo de 2024,1,"¡No viaje con esta aerolínea! Y si lo hace, no facture equipaje. Nuestro equipaje se perdió, y la aerolínea hizo imposible obtener ningún reembolso simplemente por ser incomunicable y difícil, sin duda a propósito."
AEA_0498,Air Europa,Desconocido,Lima,Madrid,International,mayo de 2024,1,No volvería a elegir esta aerolínea para un vuelo de larga distancia. Corta distancia probablemente estaría bien. Solo se obtiene una comida y bebida en un vuelo de 11 horas y tiene que pagar por cualquier extra y también auriculares. En un vuelo nocturno también te despiertan a mitad de camino para servir bebidas que tienes que pagar. La tripulación de cabina tampoco responde a la asistencia de llamada de asiento.
AEA_0499,Air Europa,Desconocido,Valencia,Cordoba,International,abril de 2024,1,Dejar en negligencia a la gente sin agua sin comida tirados en la calle sin hotel y no se hacen cargo de nada se lavan las manos ! Son unos irresponsables que juegan con la gente niños ancianos personas con discapacidad todos abandonados y nadie les da una respuesta una vergüenza no tomen nunca un vuelo acá
AEA_0500,Air Europa,Desconocido,Madrid,Miami,International,abril de 2024,1,"Compré el billete para volar contigo hace un mes. Mi vuelo no fue como esperaba, la razón principal fue causada por su asistencia al vuelo. Gente grosera. Siento que fui tratada injustamente, especialmente por esta jovencita (una de sus asistentes de vuelo que gritaba fuerte a mi esposa. Me enfrenté a ella y la solicitud y explicación. ella trata a la gente como mierda . . . . . . . . Ellos estaban sirviendo café y esta señora acaba de pasar y no me pregunte si quiero una taza de café. Gente fea. Es la primera y última vez. Odiaba ser tratado de esa manera"
AEA_0501,Air Europa,Desconocido,London,Bogota,International,julio de 2023,1,"Viajé con Air Europa de Londres a Bogotá, Colombia durante un mes de vacaciones para incluir las islas Galápagos en julio de 2023. Mi equipaje nunca llegó al aeropuerto de Bogotá y me lo devolvieron 2 meses y medio después cuando volví a casa en Londres. Air Europa me hizo creer que me compensarían totalmente por tener que comprar ropa nueva y artículos de aseo, etc. para mi viaje, pero casi 9 meses después aún no he recibido ninguna compensación reconocible. Me han ofrecido 80 euros que ni siquiera cubren la tarifa que pagué para llevar mi equipaje conmigo en la bodega. Su servicio al cliente ha sido terrible desde el momento en que aterricé en el aeropuerto de Bogotá. He decidido detener mi comunicación con ellos ahora, ya que es demasiado estresante y hay cosas más grandes que están pasando en el mundo. Sin embargo, me gustaría dejar esta reseña diciendo que nunca volveré a elegir esta aerolínea ni se la recomendaré a nadie, especialmente para aquellos que quieran viajar en un vuelo de larga distancia."
AEA_0502,Air Europa,Desconocido,Madrid,Managua,International,enero de 2024,1,"Hola, quería compartir nuestra experiencia con Air Europa sobre un viaje Madrid – Nicaragua con escala en Panamá, con ida el 21/01/24 y regreso el 19/02/24. De pasajeros mi mujer (embarazada de 4 meses), yo, un menor de 7 años y una menor de 1 año. Ya de por sí cuando compré los billetes en la página de la aerolínea ya hubo problemas, pues el nombre de mi hija menor (el cual escribí correctamente), tras pagar me apareció mal grabado, haciendo que tuviera que llamar y pedir que lo corrigieran, a lo que me querían cobrar y les dije que no fue problema mío, que mirasen como lo mandé yo y como me lo devolvieron ellos. Al final me indicaron que lo podían corregir sin coste pero que yo tenía que cancelar la reserva y rehacerla de nuevo, a lo que me negué porque podíamos perder los últimos 4 asientos que indicaba la web que justo habíamos reservado nosotros. Tras quejarme decidieron sacar a mi mujer con la menor de la reserva principal y crear otra con ellas 2. El vuelo Madrid – Panamá (unas 10h) Air Europa solo sirve una comida en todo el vuelo, y de regreso igual. Al llegar a la escala, Panamá, viajábamos a Nicaragua con Copa Airlines, quienes no nos dejaron embarcar debido a que la menor no aparecía registrada en el avión como pasajera. Finalmente tras demostrar que era de la unidad familiar y que había viajado con nosotros en el vuelo previo, la añadieron al billete de mi mujer de forma manual y llegamos a Nicaragua. El día del regreso Nicaragua – Panamá con Copa Airlines, cuando nos presentamos con 4h de antelación, en facturación de Copa Airlines nos indican que el menor y yo no podemos viajar porque no aparecemos en el sistema de pasajeros para embarcar; Mi mujer y la menor sí, a lo que los pasajeros proceden a contactar con Air Europa para pedir ayuda para resolver el problema, pero en resumen sus respuestas son: - No hay solución. - Entendemos su situación y disculpe las molestias. - No podemos ofrecer un vuelo para otro día. - Indico a Air Europa que hay algún tipo de problema informático de comunicación entre las dos aerolíneas (soy informático y sé de lo que hablo) pero, Air Europa en lugar de revisar y ayudar, indican que ellos, Air Europa, no se hace responsable y que son los pasajeros (los clientes) quienes tienen que resolver el problema con Copa Airlines. Aparte de seguir reclamando y perder múltiples horas al teléfono y los vuelos, no llegar el día y hora contratados y no recibir un cambio de vuelo inmediato debido a las circunstancias de las cuales los pasajeros/clientes no son culpables, es inaceptable que los pasajeros, cliente final, tenga que, por petición de Air Europa, contactar con Copa Airlines, haciendo de intermediario. Es una auténtica vergüenza, que los pasajeros en esa situación, (situación= país no origen + menores a cargo + estrés y ansiedad de no saber si el problema quedaría resuelto y cuando sería el momento de volver a su casa) tuvieran que responsabilizarse de resolver el problema de Air Europa. Air Europa indica vía telefónica que no tiene contacto directo con Copa Airlines y que ellos nos pueden resolver el problema pero, tras múltiples llamadas y reclamaciones mías, un responsable de turno envía un mail a Copa Airlines solicitando información del motivo del error. Una operadora me indica que puede demorarse horas, días o incluso semanas, lo cual reclamo que mi situación es prioritaria y no dan más solución, viéndome en la calle con mi mujer embarazada y dos menores, sin dinero y sin dónde dormir. Al final la buena gente de Nicaragua nos ayudó a encontrar un sitio para pasar la noche y algo de comer. Al día siguiente, tras pedir ayuda a más gente de España para llamar a Air Europa y que solucionaran el problema, nos envían nuevos billetes. Nos presentamos de nuevo con 4h de antelación y para nuestra sorpresa, de nuevo mismo problema, pero en este caso ninguno de los viajeros aparecemos en el sistema de vuelo. Tras esto y muchas horas de llamadas a Air Europa, un asistente hizo bien su trabajo haciendo pruebas mientras los azafatos de Copa Airlines verificaban si se solucionaba el problema pero no fue así. A lo que sugiero al asistente de Air Europa que hagan una nueva y única reserva con la unidad familiar pero, me dice que al no comprar los billetes con cancelación, tendría un sobre coste, a lo que me niego porque el problema fue causado por Air Europa y, tras eso nos ofrecieron otro vuelo pero lo más temprano era para dos días después, así que aceptamos, hicimos el check-in y gracias a familiares que nos mandaron dinero, pudimos hospedarnos en un hotel y para las comidas (que luego la aerolínea debería compensar). A todo esto sumarle que las llamadas con Air Europa para resolver el problema a veces nos colgaban, en otras nos mantenían horas de espera… una vergüenza. Sin embargo los azafatos de Copa Airlines se mostraron muy amables y hasta nos enseñaron su monitor para demostrar que ellos no tenían el problema, si no Air Europa. He contactado con Air Europa, y sus respuestas son “sentimos las molestias” y ya. Ni compensación por los gastos extra de hotel, comidas y transporte, la indemnización por cada vuelo denegado (2) de larga distancia porque se cuenta el total del vuelo (por ley), y ni las grabaciones de las llamadas. En resumen, el problema de todo lo sucedido, fue el nombrado al comienzo, la separación de la reserva, que ya causó todos los problemas pero, según ellos, todo estaba bien, pero me gustaría verles con sus familias en esa situación. Nos sentimos estafados, abandonados e incluso mal tratados, pues se lavaron las manos mientras nosotros sufríamos. No viajen con Air Europa, menos con menores a cargo, una malísima experiencia."
AEA_0503,Air Europa,"Zahara de los Atunes, España",Salvador,Madrid,International,marzo de 2024,1,"Por error, hemos sacado 4 billetes duplicados para el mismo destino, misma fecha, 28 de agosto, en el mismo vuelo y para los mismos 4 pasajeros. Nos dimos cuenta al minuto, nos pusimos en contacto con el Centro de Atención al Cliente donde nos indicaron que teníamos que hacer una reclamación por escrito a través de su formulario web para solicitar un reembolso por duplicidad. El caso es evidente, el precio de los billetes es de 2187 €, pues aún así se niegan hacer reembolso alguno. Saliendo el vuelo el 28 de agosto, teniendo 5 meses, tiempo más que suficiente para vender los billetes duplicados, que, para colmo actualmente están a un precio ligeramente superior. ¿QUE LE PASA A ESTA COMPAÑÍA? ¿Prefieren perder dinero y clientes tratádoles como basura? La solicitud de reembolso por duplicidad, se hizo minutos después de sacar los billetes, por Ley tienen que atender a la petición si se hace en las 48 horas posteriores a la compra de los billetes."
AEA_0504,Air Europa,"Madrid, España",Madrid,Bogota,International,abril de 2024,2,"La atención al cliente vía telefónica en Madrid es un “desastre “. Quise comprar Business , hice 5 llamadas y cada persona me daba una cifra diferente, finalmente un chico me dijo$ 1.850.000 le di mi tarjeta con código de seguridad y me cortó la llamada . Volví a llamar y una chica me dijo que no había pasado mi tarjeta y que no se podía intentar otra vez . Oh sorpresa me mandan un correo al día siguiente ( día de mi viaje)que tenía business . Efectivamente me cobraron ! Ya había salido para el aeropuerto con una sola maleta y tenía derecho a 2 de 32 kls😡. TODO MAL !!!!!!"
AEA_0505,Air Europa,Desconocido,Paris,Madrid,Europe,abril de 2024,1,"Esta compañía vende billetes por encima de su ocupación, provocando el overbooking. Legalmente permitido, pero realmente inmoral. Te encuentras al hacer el checking sin asiento y esperando hasta que embarquen todos para ver si hay sitios libres. Generándote estres. No te informan de lo que debes hacer y de malas formas. No recomiendo air europa para volar."
AEA_0506,Air Europa,Desconocido,Caracas,Madrid,International,marzo de 2024,1,"Tengan mucho cuidado con esta aerolinea. Tienen sobreventa, no puedes viajar el dia planificado porque no hay asiento, dañan tu plan, te dicen que te van a dar una compensación cuando llegas a tu destino y resulta que nadie sabe nada (osea, se burlan de los pasajeros) venden los auticulares... Mi experiencia: 1000% irresponsables"
AEA_0507,Air Europa,"Auckland Central, Nueva Zelanda",Buenos Aires,Frankfurt,International,abril de 2024,1,"La verdad que es la peor aerolínea con la que he viajado hasta el momento, todo muy lento siempre, te dan muy poca comida por mas que el viaje dure mil horas, viaje ida y vuelta con esta aerolínea y honestamente fueron las dos veces una decepcion."
AEA_0508,Air Europa,"Lisboa, Portugal",Las Palmas de Gran Canaria,Madrid,Domestic,abril de 2024,1,"Volar con Air Europa significa pagar por un pésimo servicio. Cambian billetes porque ellos quieren, y lo hacen a peor en vez de a mejor. El trato por los azafatos, en especial la azafata"
AEA_0509,Air Europa,Desconocido,New York City,Madrid,International,abril de 2024,1,"He comprado dos billetes de ida y vuelta de JFK a Madrid y de Madrid a JFK. He adjuntado el itinerario. En nuestro vuelo de regreso, también tenemos las tarjetas de embarque que me dieron para la prueba de la TSA. No me sentía bien y fui al baño. No he escuchado ningún anuncio. Cuando llegamos a la puerta dijeron que no podíamos llegar al avión. Tuve que volver para asistir a un evento. He estado solicitando. El avión estaba en la puerta de embarque, lo lindo estaba todavía conectado, pero el personal no escuchó nada y vi a una azafata salir del avión. Le dije a tres señoras que esta azafata acaba de salir, por favor, déjenos entrar. Tengo que pagar por una noche extra en el hotel. Y Dios mío, hay dos nuevos boletos de regreso. Es un gasto enorme. He estado tratando de explicarles, pero el personal no escuchó nada. Nos maltrataron."
AEA_0510,Air Europa,Desconocido,Buenos Aires,Milan,International,marzo de 2024,2,Te cobran hasta para respirar. 3 euros los auriculares. 1 sola comida en 12 horas de vuelo. si debo decir que respetaron el menú de mi hijo que es celiaco
AEA_0511,Air Europa,"Buenos Aires, Argentina",Buenos Aires,Barcelona,International,abril de 2024,4,"Llegué a Barcelona el 16/4 con un vuelo de UX desde EZE con conexión en MAD hasta BCN, para descubrir que mí maleta estaba rota y abollada en varias partes. He trabajado en Buenos Aires más de 30 años en aeropuertos, desempeñando entre ellos la función de tomar reclamo de equipajes así que sé que debía hacerlo antes de retirarme del recinto para que tuviera validez y también sé que las resoluciones de estas reclamaciones suelen tardar bastante . Así que resulté gratamente sorprendida cuando el mismo día me llegó un correo electrónico para completar un formulario y poco después el mismo día me contactaron por Whatsapp para darme a elegir color y tamaño de maleta y enviarlo al domicilio familiar en el que estoy parando. Mí agradecimiento entonces tiene doble propósito: como pasajera damnificada pero también como colega . He sido tratada con respeto y prontitud, del mismo modo que , por ética y desempeño, lo hacía yo cuando trabajaba en el aeropuerto en Buenos Aires. Y eso se agradece muchísimo como pasajera, pero mucho más aún con el conocimiento de causa que brinda haber realizado una tarea afín. Postdata: en cuanto al servicio de a bordo ha sido estupendo en todo el trayecto"
AEA_0512,Air Europa,Desconocido,Madrid,Amsterdam,Europe,abril de 2024,5,"Gran servicio, tienen wifi a bordo y clase ejecutiva era más asequible que económica con km y transavia. Todo era genial, muy recomendable."
AEA_0513,Air Europa,Desconocido,Madrid,Buenos Aires,International,abril de 2024,1,"Pague un billete con cena incluida avise de la alergia a champiñones y cual es la sorpresa que al abrirlo llevaba champiñones. Teniendo otros menus que ofrecerme lo declinaron y en vez de eso se me culpo a mi y encima se nos indico que no es la primera vez que paso con el marketing de esta empresa que lo hace que ya son varias veces, aogo que creo es poner en peligro adrede a los pasajeros. En este caso ellos spn iguao de culpables y no solo eso como ultimo remedio solo me ofrecieron los dos panes de la cena a lo qie lo rechace y me quede sin cena lo reclamo a la empresa y se lavan las manos que no son responsables de lo qie hace el marketing y que hay que avisar. No se enteran de nada avise y aun asi me lo ponen que quieren que haga que vuele a las instalaciones dwl marketing y se los diga. Son unos sinverguenzas te cobran minimo 10 euros por wifi y el desayuno es un cafe de porqueria que ni leche lleva todo en polvo y si quieres un zumito a pagar . Con lo que cobran podrian ser mas humanos y tratar mejor a sus clientes. Ya estan denunciados les recomiendo denunciar no lo dejen ir no regalen nada porque haciendo eso facilitamos que sigan actuando asi si todos reclamaramos eso terminaria necesitamos ser unidad"
AEA_0514,Air Europa,España,Madrid,Bogota,International,abril de 2024,1,"Nefasta aerolinea. Vuelo de 11h solo sirven una comida (que constaba de 1 unico plato) Azafat@s bastante desagradables, tanto tripulación como en puertas de embarque. No te da ni auticulares…. Fatal, no volveré a volar con ellos. BASTANTE DIFERENCIA CON OTRAS AEROLINEAS."
AEA_0515,Air Europa,Desconocido,Madrid,Miami,International,abril de 2024,2,"Ayer 10 de Abril 2024 el vuelo UX 097 que debía salir 15:25 pm tuvo un retraso de 6:15 , los motivos nunca se le dieron a los pasajeros , después que cancelaron el embarque en cuatro oportunidades, subimos al avión donde estuvimos por más de 2:20 minutos , con tremendo calor y sin informar a los pasajeros que pasaba , en ese tiempo hubo pasajeros que se irritaron por tanta demora por el calor y ninguna atención para los pasajeros , hubo palabras entre la tripulación y pasajeros y abandonaron el avión 4 o 6 pasajeros que se negaron a viajar por las condiciones que se habían presentado, al llegar a Miami, escribí para pedir un indemnización por el retraso de más de 6 horas y me fue negado , créanme jamás volveré a viajar en esa Línea , creo que se están burlando de los pasajeros que por motivos que no son nuestros llegamos a Miami en vez de las 18:55 pm lo hicimos a la 1:27 am del otro día ,"
AEA_0516,Air Europa,"Madrid, España",Madrid,Las Palmas de Gran Canaria,Domestic,junio de 2023,1,"Air Europa piede calidad por segundos. El 25/06/2023 relicé un vuelo con la citada compañia. El caos que tuvieron ese dia fue espectacular, cambiando de asiento a la gente a la misma entrada al vuelo dandote el nuevo asiento anotado en un papel a boli, cosa que me ha pasado otras veces, sin embargo en este no cuadraban y tuve que esperar de pie en la entrada del avion a que todo el mundo embarcase hasta que me dieron un asiento sobrante que no coincidia ni con mi asiento original ni con el que me dieron en el papel a mano. Hasta ahi ya es muestra de poca seriedad, pero cual es mi sorpresa cuando al levantarme del asiento llevo un chicle pegado que se encontraba en el cinturon del avion. Este suceso muestra que no se limpio propiamente nada entre vuelos. Al salir se lo comento a las azafatas y la sobre cargo me hace un informe de parte de irregularidad en cabina. Hasta ahi todo entraba dentro de una reclamación digamos normal, la cuestión es que a la hora de ir a reclamar la compañia no me da respuesta hasta pasados meses, y hoy mismo a 09/04/2024, casi un año despues, han tenido a bien contestar al último correo en el que me solicitaban dicho informe de la sobrecargo, el cual se quedo copia en el avión, como si ellos no lo tuvieran (Y aun asi se lo envie de nuevo adjunto). En fin es una verguenza dicho trato al cliente, mucho club de clientes, mucho llenarse la boca con ofertas y propaganda pero son una compañia de calidad low cost sin el low en los precios. Dejo los codigos de referencia por si lo lee alguien de la empresa. WEB0000269059. RCC-ASDPM7Z"
AEA_0517,Air Europa,"Mill Valley, California",New York City,Madrid,International,marzo de 2024,2,"Me atrajeron las tarifas asequibles de clase ejecutiva. Desafortunadamente el concepto de “usted recibe lo que pagó” se aplicó plenamente aquí. El abordaje fue un desastre tan espantoso y desorganizado que para cuando entré en mi asiento, estaba exhausto. Ciertamente no fue una experiencia de clase premium, sino más bien la peor que he tenido en mi vida. Mala comunicación, puertas llenas de gente, lectores de tickets que no funcionan, tickets de socios de código compartido que tienen que ser reeditados, etc. Además, la aerolínea no tiene los derechos de puerta en JFK, lo que significaba un viaje de 10 a 15 minutos en un autobús congelado a las afueras del aeropuerto. Una vez que llegamos allí, tuvimos que escalar una rampa de varios niveles para llegar al avión con todo el equipaje de mano en la mano. Estaba oscuro, ventoso y frío. Realmente una experiencia surrealista para la aviación moderna. Una vez que abordamos, la única opción de bebida de bienvenida fue agua o una horrible limonada que mi hijo optó pero no pudo beber. No puedo opinar sobre la comida, ya que estaba extremadamente cansado y desmayado. Mi hijo me dijo que la cena era decente (para los estándares de 13 años) y servía más de 2 horas después del despegue. Tomaron un buen café justo antes de aterrizar. Tengo que entregarles eso. Eso es lo único bueno que pasó en ese vuelo."
AEA_0518,Air Europa,Desconocido,Bogota,Bilbao,International,abril de 2024,1,"Viajé desde Bogotá y me pareció abusivo de parte de la aerolínea la forma en que revisan los equipajes, Entiendo la necesidad de revisar los equipajes y llevar un control de lo que entra y sale, sin embargo, la forma en que dañaron y maltrataron el equipaje, la ropa que iba adentro y las cosas que llevaba por la falta de tacto y se contenten con dejar una disculpa impresa que también está rota, y enredada con todo lo demás que han dejado fuera de lugar, revuelto y roto (mi camisa y un presente que llevaba). Desafortunamente este fue mi viaje de ida y tengo que volver a viajar de vuelta, porque además del equipaje, la atención de los auxiliares de vuelo dejó mucho que desear, entre otras cosas..."
AEA_0519,Air Europa,"Barcelona, España",Lima,Madrid,International,abril de 2024,1,"La peor aerolínea con la peor tripulación de mi vida.. y viajo mucho Tripulación amargada y mal educada, en vez de facilitarte las cosas parece que estar para complicarte todo. Deben estar muy mal pagados, de lo contrario no se entiende su mala voluntad. Air Europa España, vigilar quien realiza la selección del personal porque están saboteando su empresa. Sumado al desastre, pagué por asientos “XL” para estar más cómoda y resulta que la gente y principalmente la tripulación lo usa como paso , te pisotean y ensucian tus pertenencias, una vergüenza."
AEA_0520,Air Europa,"Londres, Reino Unido",Montevideo,London,International,abril de 2024,2,"La primera impresión al abordar fue buena. Parecía limpio, y el personal ha mantenido incluso los baños limpios durante todo el vuelo de 11 horas de MVD a LGW. El vuelo era a tiempo y llegó antes de lo previsto, que era una ventaja. PERO estaba decepcionado con el servicio. Sirvieron comida dentro de las 2 horas de abordar el avión. No soy ajeno a los vuelos de larga distancia, así que me sorprendió mucho lo que sirvieron por cuánto pagamos. Nuestro almuerzo consiste en lo que parecen 3 cucharadas llenas de arroz y pollo, literalmente 1 barra de zanahoria al vapor; pan pequeño, y una mantequilla y pudín. Eso fue todo. Auriculares que normalmente son gratuitos, con esta aerolínea tienes que pagar por ello. Cualquier otro bocadillo que necesites pagar también. Solo servía bebida que no tienes que pagar por extra fue justo antes de aterrizar. Otros vuelos en los que he estado 6 - 9 horas, sirven comidas completas dos veces más bocadillos! El personal tampoco era bueno. Lección aprendida, investiga sobre la aerolínea antes de reservar. . Trataría de evitar esta aerolínea tanto como fuera posible. Se convirtió en un vuelo muy incómodo de 11 horas."
AEA_0521,Air Europa,"Barcelona, España",Panama City,Madrid,International,marzo de 2024,2,"Viaje incómodo ,sin espacio ,la comida mala y muy justa , y casi siempre con retrasos...no comprendo un Viaje de 9h solo te den una comida cuando llevas una hora de vuelo"
AEA_0522,Air Europa,Desconocido,Lima,Madrid,International,abril de 2024,1,Una compañía aerea de lo peor. La más nefasta discriminatorio y racista. Despegó y voló 20 minutos. Presenta falla y comienza derramar combustible en el aire. Aterriza bajamos del avión y nos dejó botados en el aeropuerto sin respuesta a los 400 pasajeros. Nos separaron en dos grupos. Extranjeros y pasajeros del lugar. Los extranjeros al hotel y los lugareños al interperie a dormír en algún rincón del aeropuerto. Una xkeria de aerolínea. No vuelen nunca más.
AEA_0523,Air Europa,Desconocido,Barcelona,Palma de Mallorca,Domestic,abril de 2024,1,"El momento en que abordamos el vuelo, la tripulación de vuelo (2 azafatas) era tan poco profesional, sin saludar y poner caras a los pasajeros y solo cotilleando con una mirada muy condescendiente. Así es como dan la bienvenida a los pasajeros de Yeh que simplemente dejan el ambiente para un viaje. Entonces una de sus tripulantes femeninas se paró frente a nuestro asiento y no nos permitió poner nuestro equipaje en el contenedor superior diciendo que era solo una maleta, todo lo demás no le importa y literalmente nos gritó. Mientras ella permitía que el otro pasajero en el asiento opuesto pusiera todas sus maletas en alto. WTF. Que grita a los pasajeros. ¿Es esta una forma de tratar a cualquier humano teniendo en cuenta que es un negocio de hospitalidad? Nunca volar con ellos y ni siquiera recomendar a ninguno de mis amigos y familiares. Viajo mucho pero esta experiencia es un desastre"
AEA_0524,Air Europa,Desconocido,Madrid,Palma de Mallorca,Domestic,marzo de 2024,3,"Mi primera experiencia en avión,y como suelo ser bastante conformista y si soy crítica con razón,se me ocurrió buscar comentarios sobre esta compañía, y me quedé un poco plof, al leer algunos y lo hice por tener algo de información ya que íbamos por la agencia de Halcón Viajes, la impresión que tengo del vuelo Madrid- Palma fue buenísima, casi no me enteré del vuelo,la atención de las azafatas muy buena, he de decir que son bastantes estrechos los huecos entre unos asientos y otros , pero la verdad como es la primera vez que montaba en avión, no puedo hacer comparaciones, pero fue la impresión que túve, a la vuelta del viaje Palma -Madrid,sobre el vuelo he de decir que note más el despegar y el aterrizar puede ser, he pensado que por ir más adelante en el avión, aunque iba muy lleno....creo que completo y los asientos son muy justitos y con poco hueco de espacio, la atención de las azafatas muy agradable, pero lo que tengo que mencionar con especial hincapié y que me gusto poco o mejor dicho nada , es que a la hora de embarcar con las tarjetas con nuestros asientos ya asignados, nos dice una de las azafatas que mi pareja tiene otro número de asiento , y le pregunto que como asi ,que venimos los dos juntos en pareja y que no me parece bien que nos separen, y me dice toda fresca que no se puede hacer otra cosa, que se lo habrán cambiado por algún niño para que quedase al lado de los padres, eso no me gustó nada que fuéramos separados, es más pensaba preguntar si podría reclamar, el niño puede ir al lado del papa o de la mamá,y no iria solo, pero nosotros tuvimos que ir separados, me lleve disgusto, porque la verdad , todo lo que podia decir de la compañía hasta ese momento era bueno, y ahí me mato, si tuviese la opción de viajar ahora mismo con otra compañía mas o menos por el mismo precio, ya no los elegiría, porque no me pareció nada bonito , a parte que le pregunté a la azafata en el avión y me dijo va lleno no se puede hacer nada sin casi escuchar lo que le iba a decir, por lo que agradeceria a cualquiera que lea mi comentario y este más puesto que yo, si dentro de las reclamaciones se puede hacer lo de señalar el cambio de asiento de tu pareja y que tuviésemos que ir separados ..."
AEA_0525,Air Europa,Desconocido,Madrid,Havana,International,marzo de 2024,1,"Recién viaje a Cuba ida y vuelta con esta compañía por primera vez, no volveré a hacerlo si puedo evitarlo y os cuento por qué, quise hacer facturación online el día de antes y si web no me dejó y me remitió a los mostradores de facturación de la T1 de Barajas, con la mosca detrás de la oreja me presenté tres horas y media antes de la salida del vuelo donde me comunicaron que había Over -boquin y que no podría volar si todo los pasajeros se presentaban, o sea, vendieron más asientos de los que el avión tiene disponibles y lo primero que te dicen que es legal, la señorita que nos atendió al igual que la supervisora sin ningún tipo de empatía y les daba igual nuestra situación, estás palabras dichas por ellas, en fin, tenedlo en cuenta si queréis volar con esta compañía. Y que decir, un vuelo de 10 horas solo una comida con bebida sin pagar, el resto que desees pedir te lo cobran, incluso una botella de agua, hasta los cascos para poder oír las películas te los cobran. Que será lo próximo, llevar una lata cada pasajero con combustible para el avión ?"
AEA_0526,Air Europa,"Colchester, Reino Unido",London,Panama City,International,febrero de 2024,1,"Sin duda, la peor aerolínea que he tenido la desgracia de utilizar en más de 25 años de viajes de negocios - evite a TODA costa, ni siquiera lo considere! Reservamos 3 boletos a la ciudad de Panamá que es a través de Madrid - y querían £ 240 por una bolsa extra de regreso con un descuento! Al llegar al aeropuerto de Gatwick nos avisaron que nuestro vuelo inicial a Madrid llega 2 horas tarde y por lo tanto no haríamos nuestra conexión de vuelo para la ciudad de Panamá - el próximo es en 24 horas! Inicialmente se pidió ir a Madrid de todos modos, pasar el día/noche, por si acaso mañana pasa lo mismo con el vuelo entrante. Luego conocimos al representante de Air Europa de Gatwick, que era un monstruo absoluto, fácilmente el peor representante de servicio al cliente que he conocido en mi vida, en cualquier país. Dijo que si vamos entonces somos totalmente responsables del costo del alojamiento, etc. y no podíamos tener los asientos que ya habíamos pagado en el nuevo vuelo de la ciudad de Panamá mañana. Dijo entonces que estábamos causando problemas (¡solo por existir básicamente! ) , dijo que tenía 100 s de personas con las que lidiar (nadie más estaba rondando) , y que nos sacaría del vuelo de Madrid. Su política era que como no habíamos comenzado nuestro viaje deberíamos ir a casa hasta mañana - ella no podía entender que nuestros 3 viajes separados habían comenzado unas 5 horas antes cuando salimos de casa! Ella nos 'permitió' viajar a Madrid, pero llamaría con anticipación para explicar que estábamos causando problemas! Llegamos a Madrid, pagamos el alojamiento, etc. todo de nuestro propio bolsillo y finalmente llegamos a la ciudad de Panamá para trabajar unos 46. 5 horas en total después. . . Los aviones eran todos extremadamente incómodos y el servicio aéreo a bordo era horrendo, cero servicio al cliente o sonrisas, una bebida permitida (en larga distancia) y simplemente grosero e ingrato de principio a fin. ¡Nunca más usaremos Air Europa, no importa cuál sea el escenario y/o el costo!"
AEA_0527,Air Europa,Desconocido,Madrid,Cordoba,International,marzo de 2024,2,Pésimo servicio a bordo. Las azafatas no vienen cuando las llamas y cuando vienen lo hacen de mala manera. Te cobran todo. Los asientos son muy incómodos. Sobre todo destaco el mal servicio de las azafatas a bordo.
AEA_0528,Air Europa,Desconocido,Buenos Aires,Bilbao,International,enero de 2024,2,"Fue la primera vez que viajaba en esta aerolínea y también será la ultima vez que viajare con ellos. Si bien los vuelos llegaron a tiempo y fueron puntuales, en lo que respecta al servicio al pasajero, lo encuentro muy malo. Primero, baños sucios en todo momento. Segundo, te cobran 3 euros los auriculares para poder escuchar las pelis, o sea que llévense uno desde casa con conector tipo Jack porque si no, te vas a aburrir en todo el viaje. Tercero, es muy escasa la comida que te sirven, y el desayuno es solo medio vasito de te o café, si quieres comer algo, tienes que pagar con tarjeta. Cuarto, el personal a bordo, casi ni los ves, no hay trato y cuando entras ni te saludan. Si pueden optar por otra aerolínea, no lo duden, elijan otro."
AEA_0529,Air Europa,"Miami, Florida",Madrid,Miami,International,marzo de 2024,1,"El mayor vuelo poco profesional, mediocre, irrespetuoso que nunca tomé. Pagué por el embarque prioritario y hicieron un desastre durante el embarque, los negocios y el embarque prioritario fue el último grupo en abordar. Necesito agua y después de esperar más de 20 minutos, incluso yo presioné a la atención de la tripulación, nadie vino a mí, cuando volví o el avión todas las azafatas estaban jugando con sus teléfonos. Estaba sentado en la fila 20 y uno de los baños delanteros que cerraron solo para su uso personal mintiendo a los pasajeros les dijo que el baño estaba roto. Recomiendo NUNCA VOLAR con AIR EUROPA."
AEA_0530,Air Europa,"Perrine, Florida",Barcelona,Palma de Mallorca,Domestic,marzo de 2024,1,"Viajaba con un pasajero en silla de ruedas. Reservamos asistencia en tierra a través de la autoridad aeroportuaria, pero tardamos mucho más de lo previsto en conectar con nuestros vuelos de Air Europa. Perdimos nuestro vuelo por minutos y el siguiente vuelo tenía al menos seis asientos disponibles, pero el personal de servicio al cliente de Air Europa se negó a dejarnos tomar el siguiente vuelo si no pagamos más de $ 500 por nuevos boletos sin crédito para los vuelos anteriores. No esperes compasión o comprensión, la codicia corporativa domina con Air Europa. Haga un stand para personas discapacitadas, no vuele Air Europa por favor."
AEA_0531,Air Europa,Desconocido,Madrid,Porto,Europe,marzo de 2024,1,En el vuelo de ayer 30/03/24 (MAD-OPO) a las 10:15 me da un síncope antes de iniciar maniobras de aterrizaje. No llego a perder el conocimiento pero sí la fuerza por la bajada de tensión y la capacidad de pedir ayuda por mí misma. No sólo nadie de la tripulación estuvo ahí para atenderme sino que al bajar la última del avión (por evidente necesidad) un azafato pelirrojo (cuyo nombre me alegro de no saber) me invita a ponerme el abrigo fuera porque el avión tendría que estar ya vacío. Le explico mi situación y el motivo de mi lentitud y tanto como su empatía como su consideración siguieron brillando por su ausencia. Gracias a experiencias como esta a una se le van las ganas de volar. Ojalá nunca te veas en una de estas pelirrojo...
AEA_0532,Air Europa,Desconocido,Amsterdam,Buenos Aires,International,marzo de 2024,3,"Vuelo internacional de 13 hs, no hubo servicio de desayuno el cual no fue mencionado al momento de reservar el boleto, y hay que pagar por auriculares. El resto estaba bien."
AEA_0533,Air Europa,Desconocido,Miami,Madrid,International,marzo de 2024,5,"Durante mi vuelo con Air Europa, recibí una atención excepcional en todo momento, especialmente por parte de Julia del Val, una de las azafatas. Su amabilidad y profesionalismo contribuyeron significativamente a mi comodidad durante todo el vuelo. Recomiendo Air Europa a quienes buscan un servicio atento y eficiente. ¡Gracias!"
AEA_0534,Air Europa,Desconocido,Munich,Medellin,International,febrero de 2024,2,"El servicio es prácticamente inexistente. Recibes bebidas y comida una vez en un vuelo de 10 horas. Si quieres agua adicional, tienes que ir a los aviones de regreso y pedir una taza de agua tú mismo. Pedido de almuerzo vegetariano de antemano por correo electrónico y en el check-in, que no se entregó en ambos vuelos. El servicio fue bastante claro al respecto, que esto es mi culpa y no hay nada que puedan hacer al respecto. Cumplidos los requisitos mínimos: -el equipaje fue entregado -llegamos sin choque + Ambos viajes fueron a tiempo."
AEA_0535,Air Europa,Desconocido,Milan,Sao Paulo,International,febrero de 2024,1,"Evitar a toda costa aireurope. No abren el check-in 48 horas y te empujan a comprar asientos más caros. Finalmente, no te permiten seguir hasta el final de tu proceso de check-in si no compras nada."
AEA_0536,Air Europa,España,Madrid,Sao Paulo,International,agosto de 2018,2,"En el vuelo de salida de Europa, todo salió en consecuencia. Pero en mi camino de regreso me decepcionó mucho su servicio. No pude hacer el checkin ya que su sitio web / aplicación no funcionaba. Contactar con ellos por teléfono fue muy difícil. La primera vez que alguien contestó la llamada, colgó porque parecía no estar escuchando lo que dije. Después de muchas pruebas, finalmente otro agente respondió a mi llamada, y mientras hacía su trabajo (o fingía que lo hacía) la llamada fue cortada. Traté de contactarlos a través de Twitter, correo electrónico, pero eran incluso más lentos que su servicio telefónico. Había enviado un correo electrónico el día ANTES de mi vuelo pidiendo ayuda ya que ni su sitio web ni su aplicación funcionaban. ¿Y adivina qué? Solo 5 días DESPUÉS de mi vuelo recibí una respuesta! ¡Es increíble cómo una compañía aérea puede hacernos pasar por este tipo de molestias hasta el día de hoy! ¿Problemas de registro? ¡Por favor! Normalmente consigo asientos juntos al comprar para 2 personas y sé dónde están durante el check-in al menos (por lo que ENTONCES puedo decidir si deseo pagar por un lugar diferente o no). Pero con AE, en el vuelo de regreso, no revelaron mis números de asiento. Si no pagas, solo tienes tu asiento asignado al “azar” y quién sabe dónde te sentarás y cuándo recibirás esta información. 15 € por asiento como mínimo. El avión era horrible. Dos inodoros tenían problemas como la puerta rota o la tapa del inodoro que no se quedaban abiertos. Es mi segunda experiencia con AE y la primera vez ( 2018 ) fue sorprendentemente buena, pero esta vez, ya ni siquiera sirven desayuno (a menos que pagues) en un vuelo de 11 horas."
AEA_0537,Air Europa,Desconocido,London,Cancun,International,marzo de 2024,1,"Esta es con mucho la peor aerolínea en la que he viajado. Si eres una persona de color, te disuadiría fuertemente de esta aerolínea tan racista. Mis primos y yo fuimos tratados muy mal por azafatas. En un incidente mientras servía comida le pregunté si el pasajero frente a mí podía ajustar ligeramente su asiento para permitirme recibir mi comida en la bandeja y comer en posición vertical, y la azafata se negó a decírselo porque aparentemente estaba durmiendo, lo cual no era cierto y acababan de pedirle a alguien más que ajustara su asiento en consideración a otra persona, pero para mí fue un problema, entonces supliqué y dije que demostraba cómo sería incapaz de comer correctamente con su silla tan atrás y aún así se negaron a decírselo. Momentos después le pregunté a otra azafata que la colega intentó evitar que se lo dijera pero cuando la azafata se lo dijo de todas formas se negó que es cuando entonces les dije que estoy EMBARAZADA y no tengo espacio para comer con su silla extendida tan atrás a lo que acordaron informarle que estoy embarazada y preguntarle de nuevo. Ajustó su asiento durante 5 minutos, lo ajustó de nuevo con toda la fuerza y velocidad y mi bebida se sacudió de nuevo. Lo mismo le hicieron a la otra chica con la que viajaba, ya que ambos trataron de torturarnos durante todo el vuelo con un comportamiento perturbador."
AEA_0538,Air Europa,Desconocido,Miami,Madrid,International,marzo de 2024,2,Muy mal servicio e ignorancia de la tripulación de cabina. Estoy sorprendido de que tenga que pagar por los auriculares 3 euros para el vuelo transatlántico. . . Pero la tripulación del taxi extremadamente grosera.
AEA_0539,Air Europa,Desconocido,Madrid,Zurich,Europe,marzo de 2024,1,"Hice la reserva, pagué el boleto, llegué 2 horas antes al aeropuerto y una vez que me presenté para el check-in me dijeron que estaría en ""stand-by"" hasta que todos los demás pasajeros aparezcan... ¡No compré un stand con boleto! Nunca escuché sobre este tipo de política de aerolíneas / trato al cliente. Mal supervisor y agentes ineficaces."
AEA_0540,Air Europa,Desconocido,Madrid,Quito,International,marzo de 2024,1,"La azafata gerente comenzó a cambiar aleatoriamente los asientos de las personas antes de despegar. No me dejó comprar mi propio asiento a través de la página web de reservas de AirEuropa. Ella dijo que no puedo acostarme a través de los 3 asientos. Vi que todos a mi alrededor se sentían cómodos y dormidos, yo estaba sufriendo todo el vuelo porque ella quería hacer que una persona más se sintiera “cómoda”. Incluso si son familiares sentados juntos, ella quiere extender los asientos y preguntarles si quieren cambiar su asiento para estar más cómodos, ella no tiene derecho. Si compré un asiento vacío dentro de 3 asientos vacíos, eso significa que quiero estar SOLO. Pero ella no entendía eso, y ahora no tengo idea de las reglas. ¿Qué pasa si compro un asiento para estar solo y una azafata mueve aleatoriamente a alguien a mi lado? Entonces quiero un reembolso por el pago de mi asiento, ¿verdad? ¿Qué absoluta BS verdad? Le dije que estaba enferma, ella dijo que si estás enferma necesitas volver a madrid. Wow Una de las asistentes no me preguntó qué quería comer, simplemente puso la comida en mi mesa así. Tengo pasta, brownie y pan. ¿Qué pasó con la buena variedad de comida de avión? La comida no fue suficiente para un vuelo de 11 horas. Durante el vuelo presiono Crew Call 5 veces en pantalla, nadie asistió. Más auxiliares de vuelo estaban extendiendo un pequeño bocadillo alrededor del vuelo al final del mismo, también pasaron a través de mí, y no ofrecieron nada. Es como si tuviera que gritar y pedirlo. AirEuropa es el último vuelo que tomo con ellos, uno de los peores vuelos en los que he estado. Estaba extremadamente enfermo, no podía levantar la voz, estaba sufriendo todo el vuelo, sin embargo, no me dieron ningún aviso. La carga USB no funcionaba en vuelo, tuve que usar mi powerbank. Una tripulación de vuelo me golpeó los pies y me despertó dos veces en vuelo sin disculpas. Se trata del vuelo UX 39 de Madrid a Quito el 18 de marzo (despegue a la 1 : 45 am). Este es mi informe contra los miembros de la tripulación de vuelo que operaron ese vuelo. ¿Cómo pueden todos los tripulantes de un vuelo ser tan inatentos e indiferentes? Y ese fue el primer vuelo con AirEuropa, y el último también."
AEA_0541,Air Europa,Desconocido,Las Palmas de Gran Canaria,Madrid,Domestic,marzo de 2024,1,"Siempre con retraso!!!! ,preguntas y nadie sabe darte una respuesta más allá de...no se cuando va a salir. Ni una disculpa ni compensación."
AEA_0542,Air Europa,"Northport, Estado de Nueva York",Frankfurt,Madrid,Europe,marzo de 2024,1,"El vuelo estaba sobrecargado. Compré mi billete aproximadamente un mes antes de volar y al intentar comprobar - en la noche antes del vuelo, no me lo permitieron, ya que el vuelo estaba sobrecargado. Después de todo el estrés en el aeropuerto de no tener asiento durante las 2 horas antes del vuelo, un pasajero no se presentó y me dieron su asiento. No podían preocuparse menos por sus pasajeros solo por la cantidad máxima de dinero."
AEA_0543,Air Europa,"Guelph, Canadá",Tel Aviv,Guatemala City,International,marzo de 2024,1,"Horrible atención al cliente. Ayer reservé un vuelo en Air Europa y tan pronto como hice clic en enviar pago, me llevó inmediatamente a la página de inicio sin mostrar confirmación de si el pedido pasó o no. Sin página de confirmación, sin número de confirmación, sin correo electrónico de confirmación. Y DOS cargos por el mismo vuelo. Llamé a Air Europa y me dieron una larga canción y baile que la transacción fue rechazada y luego que había algo en el sistema que no se estaba mostrando correctamente y que tal vez era un problema con mi límite de saldo (no no hay) . Le dije que me había puesto en contacto con mi banco y que no había restricciones en mi cuenta y que podía procesar como de costumbre. Luego dijo, oh, ya procesó un documento de reembolso (sea lo que sea) y recibí un correo electrónico diciendo que uno de los vuelos fue reembolsado. Le dije que esto es solo un reembolso; había dos cargos. Ella procedió a decir que tengo que esperar unos días para que aparezca el reembolso y ""ya veré. "" Le pedí una explicación de por qué muestra dos transacciones aprobadas y un solo reembolso... y si está emitiendo un reembolso, ¿no es una admisión tácita de que la transacción PASÓ? ¿Por qué no aplicar eso al boleto que había pedido? Luego pasó por un jumbo mafioso que no tenía ningún sentido, y pedí un supervisor. Se negó a aumentar la llamada, diciendo que había hablado con el supervisor y que la respuesta sería la misma. No, no, por favor escalen y trataré de explicarle la situación al supervisor. De nuevo se negó. So. . . Estoy atascado con $ 3600 de mi cuenta y solo un reembolso confirmado para venir a mi manera en unos días. Y sin boleto."
AEA_0544,Air Europa,Desconocido,Miami,Madrid,International,marzo de 2024,1,"El vuelo ha llegado adelantado pero la opinión que quiero dejar aquí es sobre las azafatas, los sobrecargos son autoritarios ,no trata bien a la gente,nada simpáticos,creo que para trabajar con personas,hay q ser más simpáticos, gentiles ..ahh y ya ni dan desayuno,solo café,para un vuelo de tantas horas,creo q ya no vuelvo a viajar con esta aerolínea!!"
AEA_0545,Air Europa,"Miami, Florida",Madrid,Miami,International,marzo de 2024,2,"Hay 0 espacio para las piernas, 0 espacio cuando la persona frente a ti se reclina hacia atrás. La azafata literalmente se sentó en la parte trasera todo el tiempo. Pedimos agua y dijeron que teníamos que volver y pedirla y cuando lo hicimos dijeron que esperara un poco a que vinieran? Los auriculares que compré por $3 tampoco funcionaron y cuando pedí un reemplazo me ignoraron."
AEA_0546,Air Europa,Desconocido,Madrid,Trieste,Europe,junio de 2023,3,"No fue realmente un problema, sino algo extraño. Para identificar su equipaje sin problemas, pegaron y cosieron una banderita de España en ambas maletas. Ambos se fueron. Parecía demasiado poco para quejarse, pero me parece inaceptable de alguna manera."
AEA_0547,Air Europa,Desconocido,Miami,Madrid,International,marzo de 2024,1,"Por mucho la peor aerolínea, y pensé que Spirit era mala Air Europa es peor. No se lo recomendaría a mi peor enemigo. El vuelo fue cancelado después de Horas de espera y espera y luego más HORAS de espera y espera por un bono de hotel. El servicio al cliente es lo peor también."
AEA_0548,Air Europa,Desconocido,Punta Cana,Madrid,International,febrero de 2024,1,"Es vergonzosa e inhumana esta compañía y sus ""asistentas"" de vuelo . Un pasajero discapacitado que no puede por sus propios medios ir al servicio (no viajaba con acompañante ) y tener que hacer sus necesidades en el propio asiento. Eso no es justo ni para ese pasajero ni para los que están compartiendo esos asientos en espacio reducido. No deseo que imaginen el hedor que había en el ambiente, en un viaje de 10 horas, era como si se estuviera en un WC. Y eso para las azafatas y el dep. de relaciones con el cliente: ""Recuerde que esta situación o similares, pueden ocurrir en un entorno de viaje compartido. A pesar de que estas circunstancias pueden resultar incómodas, agradecemos su comprensión y paciencia."" jajajajajjaja De risa , pero no risa!! Me han quitado las ganas de viajar en esta compañía. imperdonable"
AEA_0549,Air Europa,"Madrid, España",Madrid,Miami,International,diciembre de 2023,1,"El 12 de diciembre salimos de Madrid - Barajas con más de dos horas de retraso, resultando en nuestra llegada a Miami con el mismo retraso. El equipo de Air Europa llegó tarde para abordar, lo que nos hizo perder nuestro lugar en la cola de espera y nos obligó a unirnos a la fila de nuevo. Muchos de nosotros perdimos nuestro vuelo de conexión en Miami, a pesar de tener más de 3 horas para la conexión, que he hecho docenas de veces antes. Como era el último vuelo del día, no hubo vuelos disponibles hasta la mañana siguiente. Air Europa asegura prestar apoyo, pero en realidad, no ofrecen ni vales de comida, ni alojamiento en hoteles, ni nada en absoluto. Por teléfono, me informaron que tenía derecho a todos estos beneficios y reembolso por el nuevo boleto que tuve que comprar al día siguiente. Pasé la noche en el aeropuerto, en pleno invierno y sintiendo bastante frío. Nadie proporcionó un bono o servicio de hotel. Cuando presenté la reclamación de gastos y el nuevo billete, tardaron dos meses y medio en responder. Esto fue solo porque seguí llamando continuamente; estoy seguro de que si no hubiera sido persistente, nunca habrían respondido, esperando que se olvidara. Su respuesta, dos meses y medio después, es que lo sienten, lamentan la mala experiencia, pero no pagarán nada. ¡Esto es más que abusivo! Ellos niegan su afirmación de plano porque saben que en algún momento, usted se frustrará con la batalla contra una pared de ladrillo y dejar de perseguirlo. De esta manera, se ahorran cualquier posible pago de compensación. No utilice Air Europa, ya sabe lo que puede esperar. No estoy solo; conozco a muchos otros que han tenido la misma experiencia con esta aerolínea."
AEA_0550,Air Europa,España,Madrid,Miami,International,diciembre de 2023,1,"En fecha 12 dic despegamos de Madrid-Barajas con más de dos horas de retraso, lo que nos llevó a aterrizar en Miami con el mismo tiempo de retraso. El equipo de Air Europa llegó tarde al embarque, lo que hizo que perdiéramos nuestro puesto en la cola de salida para despegar y tuviéramos que volver a ponernos en la cola de nuevo. Muchos de nosotros perdimos nuestra conexión de vuelo en Miami; conexión con la que había más de 3 horas, por lo que había tiempo suficiente (he hecho este trayecto docenas de veces). Como era el último vuelo del día, no se podía coger ningún vuelo hasta la mañana siguiente. Air Europa te dice que te da apoyo, pero la verdad que es ni un voucher para comer, ni un hotel, ni un nada. Por teléfono me dijeron que tenía derecho a todo eso y a que me pagara el billete nuevo que tenía que comprar al día siguiente. Pasé la noche en el aeropuerto, pleno invierno y con bastante frio. Nadie te da un voucher ni un servicio de hotel ni nada. Cuando presenté la reclamación de los gastos y del billete que tuve que comprar, tardaron ni más ni menos que dos meses y medio en dar respuesta!! Y eso porque he estado llamando continuamente, porque estoy segura que de no haber estado llamando todo el tiempo, no hubieran respondido jamás confiando que quedara en el olvido. Su respuesta, dos meses y medio después, es que lo sienten mucho, que lamentan la mala experiencia, pero que no van a pagar nada. No se puede ser más abusador! Te lo deniegan sin más porque saben que en algún momento te frustrarás de pelear contra un muro y dejaras de reclamar. Así se ahorran todas las indemnizaciones posibles. No uséis Air Europa, ya sabéis lo que os espera. No soy la única, conozco a mucha más gente con la misma experiencia en esta misma aerolínea."
AEA_0551,Air Europa,"Aventura, Florida",Madrid,Miami,International,marzo de 2024,1,"9 HORAS DE VUELO. MISERABLE experiencia . El billete más caro que pagué por un solo trayecto. La comida es una porción pequeña, con cubiertos de plástico (los más baratos del mercado). Cualquier empresa te da un bocadillo por la tarde, TE LO VENDEN, y una hora antes de que llegues, vuelven a pasar, vendiendo bocadillos. Si fuera comida saludable, bien, podría considerar este comentario. Hay películas para ver desde tu televisor frente a ti. TE VENDEN AURICULARES POR 3 euros, de esos desechables que encuentras en cualquier aerolínea. Nunca viajes con ellos, tendrás la peor experiencia. Soy un pasajero frecuente. Seleccione las aerolíneas antes de viajar. TAP, es el mejor, en atención, tripulación. Pasan toda la noche ofreciendo agua... muchos detalles que hacen un viaje agradable."
AEA_0552,Air Europa,"La Habana, Cuba",Havana,Madrid,International,abril de 2020,5,"El vuelo fue excelente. La atención de la tripulación inmejorable. Los nuevos aviones son la hostia. La cena un poco escasa. El entretenimiento a bordo muy bueno. Los pagos solo por tarjeta, sería bueno que permitieran los pagos en efectivo."
AEA_0553,Air Europa,"Oxford, Reino Unido",Madrid,Sao Paulo,International,diciembre de 2023,1,"Vuela con Air Europe desde London Gatwick pasando por Madrid hasta Sao Paulo. Volar con Air Europe fue la segunda peor experiencia de vuelo largo y no recomiendo esta compañía. Por el precio que nos cobraron la relación precio - rendimiento fue terrible. 1 . Reservar mi asiento en la parte delantera del avión en las ventanas (vuela de Madrid a São Paulo) Acaban de ponerme en la zona media. Protesto y mostré que tenía mi asiento reservado en la parte delantera, ni siquiera se disculpan, solo dicen que el asiento ya no está disponible y me ponen en otro asiento de las ventanas en la parte trasera. Ni siquiera la costa baja me hizo esto. El personal no es atento y absolutamente no servicial. 2 . Los asientos son tan horribles apretados e incómodos. Créeme, incluso los asientos de los aviones Ryan Air son mucho más cómodos. 3 . Horrible servicio de comida. Te dan la única comida que es. No ofrecen un vaso de agua en 12 horas de vuelo. 3 . Inodoros sucios y rotos, no hay suficientes inodoros para 12 horas volar. 4 . Algunos auxiliares de vuelo no hablan inglés, solo había un auxiliar de vuelo que hablaba portugués (mosca que va a Brasil). 5 . Tienes que pagar por los auriculares para ver la televisión. Volando con Air Europe pagas mucho (como en Emirates u otras buenas compañías) pero obtienes el servicio de low coast Airlines No recomiendo utilizar este servicio."
AEA_0554,Air Europa,Desconocido,Madrid,Bilbao,Domestic,marzo de 2024,1,Un trato pésimo de la azafata que me dijo que me iba a guardar la mochila arriba si había más sitio y primero que lo ponga debajo de mi asiento y al sentarme vi como la demás gente iba avanzando y poniendo las mochilas delante mío y eso creo que es por que la chica vio que yo era latino y sinceramente me sentí discriminado por la mujer que parecía racista
AEA_0555,Air Europa,Desconocido,Santo Domingo,Madrid,International,enero de 2024,2,"Cuando llegue al aeropuerto temprano pedí asignación de mi asiento en una ventanilla y el dependiente no me trató con amabilidad, el me asignó un asiento que no se reclinaba, no habia ventanillas ni nada que se le pareciera y dure casi 9 horas como un guardia y con calambre en mi pierna izquierda que está operada, túve una muy mala experiencia en este vuelo."
AEA_0556,Air Europa,"Kiev, Ucrania",Montevideo,Madrid,International,marzo de 2024,1,"La experiencia más horrible que he tenido!!! No hay empleados competentes, pasé 2 . ¡5 horas en el punto de registro y no querían que les permitiera subir porque su sistema es un desastre y no sabían que no necesito visado para viajar a España! Además no hablan inglés, solo español, también se negaron a proporcionar cualquier documento oficial que están rechazando mi incorporación para un reembolso adicional. Después de que un amable caballero me ayudó a traducir el mensaje a ellos en español, todavía tomó casi 1 hora más para obtener la confirmación de que puedo volar a España sin visado! De lo contrario necesito comprar billete de nuevo con otra compañía Iberia por más de 500 euros para llegar a Madrid! ¡Imagínate, y todo esto porque no son competentes y tienen poca educación! ¡Es una pena Air Europe! ¡Nunca más! Súper estresante y estaba corriendo para un abordaje por tu culpa! ¡Y sus trucos de trampa y personal absolutamente no competente!"
AEA_0557,Air Europa,Desconocido,Tenerife,Vigo,Domestic,diciembre de 2023,1,"Nos destrozaron la maleta al llegar a VIGO reclamamos directamente en el aeropuerto, la señorita allí tomo fotos y abrió directamente la reclamación rellenando el informe. Después de 3 meses y de haberles enviado por correo de nuevo toda la información en mas de 3 ocasiones además de mas fotos de la maleta rota nos dicen que debemos presentar un certificado hecho por la tienda donde compramos la nueva maleta de que la que tiramos no era reparable. Es decir no quieren reembolsarnos lo que costo la nueva maleta que tuvimos que comprar para regresar a casa. Son unos caraduras e impresentables. No recomiendo a nadie que viaje ahí."
AEA_0558,Air Europa,Desconocido,Genoa,Punta Cana,International,febrero de 2024,1,"Mala compañía pierden mi equipaje, por días no dan información y no la envían a donde yo solicité, para evitar"
AEA_0559,Air Europa,Desconocido,Madrid,Vigo,Domestic,febrero de 2024,1,"pésima aerolínea, me cancelaron el vuelo sin ningún tipo de explicación, me cambiaron el vuelo por uno 4 horas más tarde y después ese mismo vuelo lo retrasaron 2 horas más, toda la situación lamentable sin explicaciones y sin preocuparse por la gente, horrible"
AEA_0560,Air Europa,"La Orotava, España",Madrid,Tenerife,Domestic,febrero de 2024,2,"En mi vuelo de regreso a Tenerife, la Isla donde vivo, el 7 de Febrero de 2024, Air Europa volvió a retrasar el vuelo de salida de Madrid hacia Tenerife .. Con hora de salida prevista para las 11,40 de la mañana, el avión no despegó hasta pasadas las 2 de la tarde. No se compensó de ninguna manera a los pasajeros, se explicó como motivo del retraso que el avión venía con demora de un vuelo anterior. Lamentable"
AEA_0561,Air Europa,Desconocido,New York City,London,International,febrero de 2024,1,"La mayor aerolínea de estafas. Incluso con una prueba de COVID después de dar positivo hace 2 años, nunca me reembolsaron el dinero. Solo vales que podría usar solo con su aerolínea. Sólo querían arrastrar esos boletos hasta que expiraran. Y nunca enviaron un correo electrónico para recordarme la fecha de vencimiento. Nunca escribas su nombre en línea, y mucho menos compres o recomiendes."
AEA_0562,Air Europa,"La Orotava, España",Lima,Madrid,International,febrero de 2024,3,"En mi vuelo de regreso a España, el 7 de Febrero de 2024, Air Europa volvió a retrasar el vuelo de salida de Lima hacia Madrid.. Con hora de salida prevista para las 11,25 de la mañana, el avión no despegó hasta pasadas las 2 de la tarde. Al igual que ocurrió en mi vuelo de ida, del 17 de Enero, no se compensó de ninguna manera a los pasajeros, se explicó como motivo del retraso un exceso de peso en el avión, y al llegar a Madrid mucha gente había perdido sus vuelos de conexión"
AEA_0563,Air Europa,"La Orotava, España",Madrid,Lima,International,enero de 2024,3,"El vuelo debía salir a las 23, 45 .. El avión salió de Madrid con dirección a Lima con más de 1 hora y media de retraso .. No se justificó debidamente el motivo ni se compensó de ninguna manera a los pasajeros .. Al llegar a Lima, hubo mucha gente que perdió sus vuelos de conexión"
AEA_0564,Air Europa,"Ripon, California",Amsterdam,Madrid,Europe,febrero de 2024,1,"Se suponía que era KLM o Air France. En su lugar llego a la puerta y es Aer Europa en su lugar. No tenía idea de que podían hacer eso. Dije que no podemos abordar el avión todavía, no hay razón dada. Se supone que el vuelo saldrá en 10 minutos. Ni idea de lo tarde que terminará siendo."
AEA_0565,Air Europa,Desconocido,Havana,Madrid,International,febrero de 2024,1,"Una auténtica vergüenza! Me rompieron la rueda de la maleta porque las tiran sin ningún tipo de cuidado. Un maleta que estaba nueva!!!!! Y me dicen que no se hace cargo la compañía porque las roturas son fruto del desgaste de usar el equipaje. Serán sinvergüenzas! Última vez que viajo con esta compañía, si hay que sumarle a los precios de los billetes maletas nuevas, vaya negocio."
AEA_0566,Air Europa,"Kalkan, Turquía",Madrid,Havana,International,febrero de 2024,4,"La primera vez que volamos AirEuropa. Primera Madrid a La Habana el 5 . 2 . 2024 . Luego La Habana a Madrid el 19 . 2 . 2024 . El servicio, la amabilidad y la atención de los auxiliares de vuelo eran perfectos. Una distancia tan larga se convirtió en un placer. Gracias y nos vemos de nuevo. Cuando se trata de sus vuelos europeos de conexión: No puedo decir lo mismo."
AEA_0567,Air Europa,Desconocido,Madrid,Paris,Europe,febrero de 2024,1,"Muy mala atención de los trabajadores, me hizo perder el tiempo - hablado con más de 10 personas y cada uno tiene respuesta diferente. Muy mal entrenado personal y muy grosero No recomiendo esta aerolínea en absoluto"
AEA_0568,Air Europa,Oregón,Cancun,Madrid,International,febrero de 2024,1,"Soy un viajero de clase ejecutiva. Trabajadores muy groseros, se negaron a honrar los beneficios que debería haber recibido como titular de una tarjeta premium. Tendré que trabajar con el nivel superior de los administradores para resolver este asunto. Son tan groseros que me colocaron el último en abordar y perdieron 2 horas de mi tiempo."
AEA_0569,Air Europa,Desconocido,Cancun,Madrid,International,febrero de 2024,1,"Definitivamente es una gran vergüenza de una aerolínea. Nunca más volaré. Personal grosero, a propósito vendiendo servicios. Te hará llegar tarde."
AEA_0570,Air Europa,"Badajoz, España",Lisbon,Alicante,Europe,abril de 2023,1,"Son unos caraduras, anularon el vuelo , les pedí el reembolso de los dos billetes que compré y a día de hoy un año después siguen sin devolverme el dinero, son unos impresentables, PA-GA-ME"
AEA_0571,Air Europa,Desconocido,Madrid,Buenos Aires,International,febrero de 2024,2,"Tomando un viaje de 13 horas se esperaría más que un plato de pasta para el viaje. Uno esperaría que un miembro del personal le ofreciera agua por lo menos y luego, para terminar, le cobran por el desayuno."
AEA_0572,Air Europa,"Gijón, España",Madrid,Havana,International,noviembre de 2023,1,"Menú pésimo y escaso.Limpieza deficiente.Atencion mediocre.Asientos pésimos,duros,estrechos,como sardinas en lata"
AEA_0573,Air Europa,"Salamanca, España",Rome,Madrid,Europe,febrero de 2024,1,"En el aeropuerto de Roma nos han recogido las maletas para llevarlas a bodega, cuando había espacio más que de sobra (contados a simple vista había más de 10), la gente que ha entrado detrás de nosotros la llevaban con ellos. No nos han dado una causa justificada para ello. hay una mujer muy incompetente trabajando en el aeropuerto de Roma, sin duda no recomiendo para nada volar con ellos desde este aeropuerto."
AEA_0574,Air Europa,Desconocido,Barcelona,Madrid,Domestic,febrero de 2024,1,"Muy mal las personas que atienden para facturar, nos tocó un señor que no sabía nada le preguntábamos algo y no sabía y nos decía que no podíamos facturar 2 maletas y que las teníamos que pagar de nuevo cuando ya las habías pagado. ( En especial el número 26 )"
AEA_0575,Air Europa,Desconocido,Frankfurt,Panama City,International,enero de 2024,1,"Nunca tuve una experiencia de vuelo tan mala como con AirEuropa. Perdieron mi equipaje, me rebajaron de mis asientos pagados de salida de emergencia a asientos normales (soy 2 , 06 m) , no me ayudaron realmente con mis problemas, no me reembolsaron hasta ahora y fueron extremadamente antipáticos en la comunicación. No recomendaría volar con ellos!"
AEA_0576,Air Europa,Desconocido,Las Palmas de Gran Canaria,Madrid,Domestic,febrero de 2024,2,"El vuelo de tiempo está bastante bien, lo que el avión se sacude demasiadas veces y al finalizar al ""coger"" mi maleta se PERDIO no la recomiendo nada"
AEA_0577,Air Europa,Desconocido,Madrid,Panama City,International,febrero de 2024,1,"Un vuelo de 10:30 de duración y solo te dan una comida, para todo lo demás Mastercard. Trato de l@s azafat@s, simplemente no hay trato, y lo poco que hay muy mal"
AEA_0578,Air Europa,Desconocido,Madrid,Asuncion,International,diciembre de 2023,3,"El pasado diciembre he tenido que viajar con medio asiento, ya que el hombre al que iba a mi lado llamo y marco su asiento solo en el checking ,negligentemente le dieron cualquier asiento. Ocupo su asiento y el mio, el hombre era de gran estatura y gran tamaño y la aerolinea no se responsabilizo por dar un asiento adecuado , siendo que este hombre obviamente deberia ir en un asiento XL, ninguno de los enpleados me ayudo a resolver esto y como el vuelo estaba ""lleno "" no me ofrecieron ninguna solución. Viaje 9h en medio asiento, sin conseguir pegar el ojo de la incomodidad y el espacio absurdo que tenia para viajar. Como es la unica Aerolinea que ofrece este trayecto , es una putada tener que siempre viajar con miedo a pasar por este tipo de situaciones."
AEA_0579,Air Europa,"Provincia de Buenos Aires, Argentina",Buenos Aires,Lisbon,International,febrero de 2024,2,"El vuelo te lo cobran como otra aerolíneas , pero el servicio es de una low cost . Te cobran el agua, el auricular. Baños sucios, según la tripulación no es tarea de ellos la limpieza. No tienen simpatía. Viaje varias veces por esta aerolínea PRe y post pandemia, empeoraron. Se retrasan , son desordenados hasta para el embarque que es por zonas. Si por horarios uno puede elegir Air france , klm, no lo duden"
AEA_0580,Air Europa,Desconocido,Cancun,Bilbao,International,diciembre de 2023,1,"Mi vuelo se retrasó varias horas y perdimos el vuelo de conexión. Nos reubicaron en otro, pero llegamos a destino con 7h de retraso. No nos explicaron los motivos del retraso, lo cual infringe el derecho a la información por parte del pasajero. Tampoco proporcionaron alimento, bebida ni transporte durante la espera. Hace ya 1 mes y medio que reclamé la indemnización y pago de gastos de alimentación y transporte, y no han respondido. Cada vez que llamo al Servicio de Atención al Cliente, 30 minutos de espera al teléfono y cuando hablo con ellos me dan largas y dicen que espere unos días más. El Servicio es lamentable y, como ya he esperado más del límite legal que tienen para responder, el lunes acudiré al Juzgado a poner una demanda, además de la correspondiente en AESA para que la aerolínea sea sancionada como corresponde."
AEA_0581,Air Europa,Desconocido,San Pedro Sula,Madrid,International,febrero de 2024,1,"NEFASTO SERVICIO EN VENTANILLA PARA HACER EL CHEQUEO, PERSONAL QUE TIENE QUE IR A PREGUNTAR A OTRO CADA COSA, NO TIENEN NI IDEA DE COMO TRATAR AL CLIENTE, CERO EMPATIA, FATAL COMO TRATAN AL CLIENTE, DEBERIAN DE ENSEÑARLES COMO TRATAR A LAS PERSONAS. TE TRATAN COMO UN TONTO, INCAPACES DE RESOLVER NI LO MAS MINIMO."
AEA_0582,Air Europa,"Miami, Florida",Miami,Barcelona,International,octubre de 2023,1,Vuelo salió de Miami y dar la vuelta después de dos horas debido a la rotura del aire acondicionado. Nos dejó en el avión por otras dos horas sin comida ni agua. Sin ninguna información perdimos una noche de nuestro hotel en España y nuestro tour. Tomamos un vuelo a España dos días después y para compensar nuestra pérdida de tiempo y dinero nos ofrecieron un vale de $ 37 😂 la peor aerolínea jamás.
AEA_0583,Air Europa,Desconocido,Madrid,Santa Cruz,International,febrero de 2023,1,"Absolutamente basura, es un largo camino y no te dan nada en todo el camino hasta Bolivia, deberían servirte al menos café o té pero absolutamente nada."
AEA_0584,Air Europa,Desconocido,Santa Cruz,Madrid,International,enero de 2024,1,"a pesar del precio no precisamente turístico, tratamiento absolutamente ridículo, la nula atención al cliente, la comunicación difícil y el personal que deja al cliente sin ayuda enviandolo de algún otro operador. Maletas asaltadas y contenido tratado como basura. Mala experiencia"
AEA_0585,Air Europa,Desconocido,Salvador,London,International,enero de 2024,2,"Primero lo peor: de mi vuelo de Madrid a Salvador casi no había espacio para las piernas. Durante la mayor parte de mi viaje (Salvador a Madrid) apenas podías moverte. ¡Me sentí claustrofóbico! Como 9 horas sin espacio para las piernas. ¡Debería estar prohibido encerrar a la gente así! En el avión de Madrid a Londres espacio para las piernas estaba bien, sin embargo. Debería haber sido al revés. Estoy absolutamente fumando por lo poco que les importa la comodidad de sus clientes. ¡Y mi boleto tampoco era barato! Luego está su sitio web. Admito que me encanta el diseño. Pero es un súper buggy. Intenté crear una cuenta y seguía diciendo 'nacionalidad no permitida'. Al igual que Air Europe no permite a los europeos crear un perfil... Además de eso, el sitio web es súper lento y a veces aterrizas en otra sección del sitio web que no se ha traducido. Generalmente la traducción en el sitio web es realmente mala, es bastante embarazoso. Y cuando me registré solo tenía la opción entre portugués o español y ninguna opción en inglés! ¿Cómo se supone que voy a hacer el check-in si no hay ninguna opción en inglés de una aerolínea internacional? No es que Air Europe sea sólo una compañía nacional. Hubo muchos otros momentos en los que el sitio web no funcionaba correctamente, no se cargaba o no funcionaba. El siguiente es que no hay un menú vegetariano, vegano o gluten claramente etiquetado: pensión libre. ¿No es norma internacional etiquetar los alérgenos? Además, el menú no estaba en inglés porque tampoco podían molestarse en traducirlo. Todo cuesta extra también. Pagué una cantidad ridícula de dinero para seleccionar mi asiento, que ni siquiera tenía espacio extra para las piernas. Y ninguna demostración de salud y seguridad tampoco. No es que no lo haya visto lo suficiente pero ¿no es eso estándar para cualquier aerolínea hoy en día? Los aviones eran nuevos y limpios. Y el personal era amable."
AEA_0586,Air Europa,Desconocido,Malaga,Palma de Mallorca,Domestic,diciembre de 2023,5,"Aerolínea de 10, vuelos perfectos y las azafatas muy amables. Avion moderno y con buen espacio salida y lllegadas a su hora"
AEA_0587,Air Europa,"Sao Paulo, SP",Sao Paulo,Madrid,International,enero de 2024,3,"Viajo mucho porque trabajo en la industria de los viajes, pero he decidido no volver a volar en vuelos de Air Europa. El 23 de enero volé de Brasil a España. Los asientos eran extremadamente incómodos y pequeños. Si usted está sentado en un asiento de ventana, es una pesadilla salir debido a la configuración 3 - 3 - 3 del avión. Si mides más de 1. 75 cm ( 5 ' 9 "") , nunca pienses en Air Euopa como una opción! Y para empeorar las cosas, el desayuno no fue servido. Lo único bueno de este vuelo fueron las azafatas, que siempre fueron muy amables durante todo el vuelo."
AEA_0588,Air Europa,Desconocido,Madrid,Buenos Aires,International,enero de 2024,1,"AIR EUROPA ES UNA AEROLINEA RATERA: HICE UNA PUJA PARA VIAJAR CLASE BUSINESS QUE FUE ACEPTADA Y EN EL AEROPUERTO Y ME COBRARON 140€ POR FACTURAR UNA MALETA CUANDO EN ESA CLASE SE PODÍA FACTURAR DOS GRATIS; DESPUÉS A LA VUELTA NO HABÍA CLASE BUSINESS DISPONIBLE Y VOLÉ CLASE TURISTA Y OTRA VEZ 120€ POR FACTURAR UNA MALETA: NO HABÍA ASIENTO DE PASILLO DISPONIBLE PERO ¡MILAGRO!, PAGANDO UNOS 20€ APARECIÓ DISPONIBLE; EL VUELO DE CASI 12 HORAS SOLO NOS OFRECIERON UNA HORRIBLE COMIDA Y PARA DESAYUNO HABÍA QUE PAGARLO: DICEN QUE LA CODICIA ROMPE EL SACO Y YO ESPERO SEÑOR HIDALGO QUE SU COMPAÑÍA SE VAYA A LA QUIEBRA YA SOLO ENGAÑA A LOS POBRES PASAJEROS..."
AEA_0589,Air Europa,"Thornhill, Canadá",Lisbon,Madrid,Europe,enero de 2024,4,"Nada destacaba. Nada excepcional, nada extraordinario. El vuelo corto debería haber tenido al menos servicio de bebidas. El personal no parecía entusiasta, pero tal vez como este fue un vuelo temprano, no descansó la noche anterior."
AEA_0590,Air Europa,Desconocido,Asuncion,Malaga,International,enero de 2024,1,"No quiero perder el tiempo de escribir mucho! Pido q encuentren mi maleta perdida en un vuelo Directo de Asunción Madrid destino final Málaga todo la misma compañía. Doy la razón a todos los comentarios, todo se paga hasta por el asiento . Prefiero hacer escalas con otras compañias con mejores servicios !!"
AEA_0591,Air Europa,Desconocido,Madrid,Tegucigalpa,International,octubre de 2023,1,"La aerolínea a cambiado mucho los últimos años, lamentablemente a peor, en un viaje de 10 horas solo ofrecen una comida, si se quiere comer algo mas, se tiene que pagar, bueno en esta aerolínea pagas todo, cobran ahora hasta los audifonos, la tripulación no conocen la amabilidad y lamentablemente tratan mal a los latinos y no se dan cuenta que sus vuelos van llenos de latinoamericanos, deberían de tomar clases de buen trato a las personas..."
AEA_0592,Air Europa,Desconocido,Frankfurt,Havana,International,diciembre de 2023,2,"Este fue el peor vuelo que hemos tenido, y hemos viajado con algunas aerolíneas hasta ahora. Los comisarios eran extremadamente groseros con todo el mundo, no se podía preguntar nada sin obtener una respuesta enojada. Para un vuelo transatlántico, el espacio era realmente pequeño (esto lo entiendo... el avión fue construido así). Y solo una comida durante un 9. 5 h de vuelo. No hay bocadillos, no entre bebidas (nos dieron agua una vez). En el camino de vuelta los televisores no funcionaban. Nunca volverá a viajar con AirEuropa (sobre todo por la grosería de los comisarios)"
AEA_0593,Air Europa,"Bogotá, Colombia",Madrid,Bogota,International,diciembre de 2023,1,"Desafortunamente tuve una muy mala experiencia con esta aerolínea muchas veces por economia nos llevamos las peores sorpresas . Hace unos años habia viajado con esta aerolinea pero no era tan mala , pero ahora porfavor recomiendo siempre evaluen otras posibilidades . -En un viaje de 10 horas solo ofrecen una comida -Si quieres comer algo más debes pagar -Si quieres utilizar audifonos debes pagar -Rompieron mi maleta , apesar de hacer la reclamación y todo el proceso estipulado NO respondieron . -La tripulación entiendo pueden estar cansados pero son muy poco amables , y muchas veces sentí eran mas agresivos con los latinos . Me dejo la peor imagen , recomiendo miren otras aerolineas , yo de ida a europa viaje por otra aerolinea , sin lujos en la misma clase economica pero el trato , el servicio abordo y la diligencia de la aerolinea es mucho mejor que esta . La dañaron, era buena pero ahora NOOO."
AEA_0594,Air Europa,Suiza,Madrid,Zurich,Europe,enero de 2024,1,"Air Europa España muy mala por las siguientes razones: 1. Mal atendimento Al cliente. Hablan de forma grosera sin importar edad. 2. Impuntual, y cambian puestas inclusive cuando se está abordando. 3. Sobrereservan los etiquetes y muchas personas quedan sin el derecho a sus puestos, por los cuales pagaron una cuantía considerable. 4. Cobran todoooo"
AEA_0595,Air Europa,Desconocido,Madrid,Bogota,International,enero de 2024,3,"El espacio para las piernas es demasiado estrecho para un vuelo de más de 10 horas, pasan vendiendo perfumes cremas, licores. Luego venden la comida snacks y demás en el carrito. Debes comprar hasta alos audífonos para escuchar las películas. El trato de uno de los azafatos es pésimo, regaño a los pasajeros hasta el último momento, para que nadie se levanté de la silla a bajar sus maletas cuando el avión ya estaba parqueado y apagado. Nadie se podía levantar hasta que el dijera"
AEA_0596,Air Europa,Desconocido,Madrid,Cancun,International,enero de 2024,5,"He tenido el placer de viajar nuevamente con AirEuropa este 9 de enero, desde Madrid hasta Cancún. No es mi primera vez y la vuelvo a elegir porque siempre me ha gustado la calidad de su servicio. ¡Esta vez más que las otras! Quisiera aquí aprovechar para destacar la profesionalidad y el buen trato de uno de sus empleados, Daniel Mucarsel, ¡el cual se ha asegurado de que mi viaje fuera impecable! La verdad es que viajar largas distancias puede ser incómodo, pero tener la suerte de encontrar personas que se aseguren que nada te haga falta… pues, ¡es de otro planeta! Gracias AirEuropa por elegir bien sus empleados. Y una vez más, gracias Daniel por ser tan buena persona y sobretodo ¡por tratar los pasajeros como personas y no simples pasajeros!"
AEA_0597,Air Europa,Desconocido,Madrid,Miami,International,enero de 2024,1,Los asientos que seleccioné y que pagué extra no fueron honrados. Nos sentaron a mi esposa y a mí en el último asiento. Desde que estaba en el último asiento cuando me llegaron con la comida la única opción era pollo y no como carne. El personal era grosero. Esta fue mi primera vez con Air Europa y será la última. He viajado a Europa muchas veces con otras aerolíneas y nunca tuve esta horrible experiencia.
AEA_0598,Air Europa,Desconocido,Frankfurt,Madrid,Europe,enero de 2024,1,"Pésimo servicio, las personas del Counter llegaron tarde y a pesar de ser la segunda persona en la fila me hicieron pasar mi equipaje de mano para bodega, según el avión iba full y a mi lado en el avión vacio!!! El vuelo iba vacio!! Y muchas otras personas llevaban su equipaje de mano con normalidad!! No volveré a usar aireumalo"
AEA_0599,Air Europa,"Madrid, España",New York City,Madrid,International,enero de 2024,1,"Deberían cerrar esta compañía CUANTO ANTES. PÉSIMO servicio, atención espantosa, CUTRES hasta lo más inimaginable, vuelo de 8 horas con 2 horas de retraso, sirven una cena ridículamente escasa y un desayuno que consiste solo en un café o un té, si quieres algo de comer hay que pagarlo aparte, también tienes que pagar los auriculares. Compañía aérea nacional que bajo la nefasta dirección de Juan José Hidalgo y su hijo Javier Hidalgo han convertido Air Europa en la vergüenza nacional, esto después de haber recibido apoyo financiero del gobierno español, no entiendo porque no se les exige una servicio de calidad y sino que la cierren!"
AEA_0600,Air Europa,Desconocido,Montevideo,Madrid,International,diciembre de 2023,1,"Pagué más de 1000€ por un vuelo de Montevideo a Madrid y durante el vuelo, de 11 horas, solo nos dieron una comida ya que las otras dos que ofertaron era previo pago. En el caso de los auriculares para ver películas igual, había que pagarlos. Es una vergüenza que una aerolínea que se supone sería y con un coste tan elevado en sus billetes de este servicio de compañía de bajo coste."
AEA_0601,Air Europa,Desconocido,Madrid,Cordoba,International,diciembre de 2023,2,"El espacio es ínfimo. Te cobran por todo, desde los auriculares hasta "" el tentempie...."" solo te Dan de cenar y como desayuno un café o te pelado. Con el precio de un vuelo transatlántico ( a lo q le tienes que sumar elección de asiento, maletas ...) es una verdadera vergüenza"
AEA_0602,Air Europa,"Miami, Florida",Madrid,Miami,International,enero de 2024,2,Tenga en cuenta si viaja con niños con Air Europe. El viaje de vuelta de madrid a las líneas en la entrega de maletas es una locura de 40 minutos solo para dejar incluso si te registras en línea. Finalmente cuando llegas a la puerta solo hay escaleras y nadie de la aerolínea te ayuda. Luego te suben a un autobús que te lleva a otra escalera del avión. Compré mi boleto hace unos meses y costaba más de $ 1100 cada uno.
AEA_0603,Air Europa,Desconocido,Bilbao,Palma de Mallorca,Domestic,diciembre de 2023,1,"El pasado día 30/12/23 en el vuelo UX7505 de Bilbao - Palma de las 20:30' se sentaban en las filas delanteras y zona derecha del avión, comprendidas entre la 7 y 10 y probablemente en las letras D y E, una madre insensata e irresponsable con su hija, que no paraban de toser durante todo el vuelo. (Intento no ser del todo preciso en los asientos exactos, pero estaba claro dónde iban sentadas ambas). Iban sin mascarilla y además no tenían ningún reparo en toser sin ponerse la mano o taparse un poco. Ya desde el finger, en conversación telefónica, comentaba entre risas con su receptora que llevaban días con tos, fiebre y otros síntomas, pero que no pasaba nada si viajaban y con sorna mirando alrededor decía ""que ésto también hay que compartirlo"". Creo que no deberían haber dejado viajar o haber obligado a ponerse mascarilla durante todo el trayecto. Es una falta grave de respeto a todo el pasaje y personal de tripulación."
AEA_0604,Air Europa,Desconocido,Miami,Madrid,International,noviembre de 2023,1,"La peor aerolínea en la que he viajado, muy irrespetuosa, inhumana y solo me preocupa cómo hacer dinero de su bolsillo. Viajé con ellos cuando tuve una afección médica primero pedí una actualización PAGADA dijeron perdón por completo luego dije ok ¿qué tal asiento XL voy a pagar por ello dijeron también completo! ¡Dije que vale, que tal 3 asientos crudos dijeron llenos! PERO adivinen que después de despegar fui al baño para encontrar un montón de crudos vacíos de 3 asientos que se les dio a los niños y personas sanas mientras gritaba de dolor en mi pequeño asiento, le dije a uno de los tripulantes de cabina si era posible para intercambiar con uno de los pax que tiene 3 asientos que dijo perdón por no poder a pesar de que le dije que tengo condición médica!"
AEA_0605,Air Europa,Desconocido,London,Lima,International,enero de 2024,1,"TERRIBLE. PÉSIMO, NO SE PUEDE HACER CHECK-IN, SU SERVICIO NO ESTÁ DISPONIBLE, 4 HORAS INTENTANDO PAGAR POR CAMBIO DE ASIENTO, NADIE RESPONDE EN SU LÍNEA, EN FACEBOOK JAMÁS RESPONDEN, EN TWITTER TAMPOCO. SOLO TE DICEN QUE LLAME AL NÚMERO TELEFÓNICO. SEÑORES EN ESTA EPOCA DE INTERNET GLOBALIZADO, NO TIENEN UN WHATSAPP????? MILES DE TURISTAS NO TIENEN ACCESO A LINEA LOCAL POR DIFERENTES MOTIVOS Y NO PUEDEN PENSAR UN MINUTO EN HABILITAR MEJOR LAS REDES SOCIALES, CHATBOT EN SU WEB O WHATSAPP?? NINGUNO DE ESOS MEDIOS ESTÁ DISPONIBLE, ESTA AEROLINEA ESTÁ EN LA ÉPOCA CAVERNARIA."
AEA_0606,Air Europa,Desconocido,Panama City,Madrid,International,diciembre de 2023,1,"Terrible servicio de la aerolínea, han dejado a mi hermanito menor de edad en Panamá, sin volar. Se compró vuelo con servicio de acompañamiento de Panamá a Madrid para un niño de 10 años y aún con los documentos en los que Air Europa se hacia cargo del menor, lo han dejado en Panamá. Venía a pasar fin de año a España conmigo y no tenemos información por parte de la aérolínea. El vuelo que estaba programado con salida a las 21:30 del 30 de diciembre fue cancelado, les brindaron asistencia únicamente a quienes no eran no residentes panameños; reporgoramaron el vuelo y no incluyeron al niño en el avión; no nos notificaron de esta reprogramación y no me dan ninguna solción al respecto. El niño sigue en Panamá, sin poder viajar y Aireuropa no me da respuesta a pesar de las 15 llamadas que hice a su call center para validar el estado de ese vuelo y si había información nueva con reprogramación. Por favor no envíen menores de edad con ellos. Increible como no les importa jugar con las ilusiones de un niño que quería pasar noche vieja aquí. Los atienden de manera irresponsable."
AEA_0607,Air Europa,Desconocido,San Pedro Sula,Madrid,International,diciembre de 2023,1,"Era mi primera vez, volando con Air Europe, mi experiencia fue horrible, cuando se trata de profesionalismo es terrible, el miembro de la tripulación que tratan a la gente como basura, nada comparable a Copa o Uniteded, Lufthansa, completamente diferente, deberían dar a otros la oportunidad de conseguir un trabajo y dispararon estos sacos, si no fuera a través de la gente que vuela con Air Europa. no tendrían un trabajo."
AEA_0608,Air Europa,Desconocido,Lisbon,Sao Paulo,International,diciembre de 2023,2,"Ha cambiado de puerta 3 veces, vuelo 1 h tarde, espacio muy pequeño en el avión, solo un aperitivo en un vuelo de 9 h."
AEA_0609,Air Europa,Desconocido,Madrid,Buenos Aires,International,diciembre de 2023,1,"Mi pareja esta viajando en este preciso momento, bueno, eso creo. Porque pagamos dos veces por una el servicio de WiFi y no tengo forma de saber nada de ella. Debería contar con dicho servicio para estar comunicándose conmigo. Llamé al número de Argentina y me atienen en saber que país, me confirman que esta contratado WiFi pero hasta mañana que supuestamente llega mi pareja no se nada de ella. Pagamos también la selección del asiento pero se lo volvieron a cobrar al hacer checking. No solo reclamaré los dos pagos que se hicieron a cada servicio, no pararé de hablar mal de esta aerolínea."
AEA_0610,Air Europa,Desconocido,San Pedro Sula,Madrid,International,noviembre de 2023,2,"El viaje de San pedro Sula Honduras, a Madrid España, las azafatas súper bordes, te hablan mal, la pasta que dan estaba agria y con aceite por la mitad, dijeron que si sobraba algo de pollo avisarían ni eso hicieron, cuando pasaron dando café solo le preguntaron al de al lado y se fueron y en viaje de ida el avión se retraso. Sinceramente no volvería a viajar con esa aerolínea."
AEA_0611,Air Europa,Desconocido,Havana,Madrid,International,noviembre de 2023,1,"Si bien los vuelos y el personal a bordo son buenos, el servicio de atención al cliente es pésimo. Reservé y pagué un asiento en clase Business, tenía confirmación de mi asiento número 1 F y estaba deseando el vuelo. Lamentablemente en el Check in no comprobé mi tarjeta de embarque. Fui degradado a economía sin previo aviso. Esperé a embarcar con Business Class y me dijeron que esperara al final de la cola. Aparentemente me habían bajado de categoría debido a que había un avión diferente y no había suficientes asientos de clase Business. (aunque todavía había un 1 F ! ) Casi dos meses después, NO he recibido disculpas, NO reembolso y NO compensación. El equipo de atención al cliente de Air Europa no responde ni devuelve llamadas y NO responde a correos electrónicos. Sin esperanza. . ."
AEA_0612,Air Europa,"Madrid, España",Cancun,Madrid,International,noviembre de 2023,3,"Positivos: El viaje en avión fue suave, la comida sabía decente. Entretenimiento en vuelo proporcionado. Negativos: El vuelo partió dos horas más tarde, era tarde por lo que mucha gente tuvo que luchar a sus vuelos de conexión cuando aterrizamos. No había mantas, almohadas, auriculares proporcionados durante el largo vuelo. Solo ofrecieron cena y desayunaron con moderación. No se lo preguntaron a todos, solo se ofrecieron a algunas personas."
AEA_0613,Air Europa,Desconocido,Rome,Madrid,Europe,julio de 2023,1,"Rompen y pierden la maleta y no se hacen responsables. No contestan, te cierran el expediente. Vamos a denunciar. Vergüenza de aerolínea."
AEA_0614,Air Europa,Desconocido,Barcelona,Palma de Mallorca,Domestic,diciembre de 2023,1,"En el aeropuerto de Bcn, la facturación da verdadera pena, los trabajadores se ponen a hablar entre ellos, contándose la vida, todo muuuucha lento, media hora para un drop off, y cuando llega mi turno, me tiran la maleta al suelo (al suelo, no en el rulo!!) sin pedir ni disculpas..nunca he visto algo parecido. Para más inri, avisan del embarque en la terminal cuando aún están desembarcando.. no volveré a viajar con esta aerolínea nefasta, ni la recomiendo."
AEA_0615,Air Europa,Desconocido,London,Havana,International,diciembre de 2023,2,"Volamos de Londres Gatwick a La Habana, a través de un cambio en Madrid para una semana de vacaciones en diciembre de 2023. Perdonen el ensayo, espero que la información ayude. Los puntos buenos: Sí, Vuelos baratos Comida y bebida en ambos vuelos era bueno. El personal de los vuelos fue atento y complaciente. Aviones de largo recorrido modernos Los puntos malos: La aplicación es inútil Es complejo contactar con Air Europea desde el extranjero Embarque, a veces extremadamente complejo y muy, muy largo. No hay ninguna información para los clientes que esperan en el embarque, especialmente cuando las cosas salen mal. Cambios y retrasos en los vuelos El personal parecía no poder dar cabida a otros idiomas distintos del español (no quería sonar grosero aquí, pero en tiempos complejos, había muy poco disponible para traducir a otros idiomas europeos/extranjeros, lo que creó considerables malentendidos y generó ansiedad). ¡Aviones de pasillo cortos ligeramente viejos! Para ampliar lo anterior: Como se ha dicho, app inútil, en Cuba incluso acceder a la página web era complejo, (teníamos WiFi en el hotel) Embarque, habíamos pagado por embarque prioritario, el personal de las puertas parecía no saber que existía. Tuvimos que señalarlo al personal, que parecía totalmente inconsciente del proceso. (Aterrizar en Cuba, pasar por aduanas y franquicias tomó varias horas, sin duda no es un problema de Air Europa, sino uno que debe tenerse en cuenta). Saliendo de Cuba, hubo un problema con una de las salidas del avión. Todos nos quedamos más de dos horas y media, sin información sobre lo que estaba sucediendo. (Bueno después de abordar yime). Todo el personal de Air Europea desapareció y no se pudo encontrar. Volví a la puerta principal para informar a otros empleados del aeropuerto de la situación, nadie sabía nada. En un momento dado, las preguntas se habían desingrado y el público de muchos países se estaba preocupando, agitando y agitando. Podría haberse convertido fácilmente en una situación muy compleja. Había cinco pasajeros que utilizaban sillas de ruedas para la accesibilidad y el apoyo. También se quedaron sin nadie que los ayudara o informara, yo y otros revisamos para asegurarnos de que estaban bien. Esto es extremadamente molesto, ya que las necesidades de estas personas vulnerables fueron ignoradas durante varias horas por el personal de Air Europea. Eventualmente el personal se unió a nosotros, ciertamente parecían ansiosos y fuera de su departamento. Aunque el problema con la puerta debe haber sido conocido durante algún tiempo por el desesperado equipo de Air Europa, no parecían haberse hecho planes de contingencia, nos dijeron una mezcla de ""volar esta noche"" ""no hay vuelos durante varios días"" ""vuelos mañana por la noche"" esta combinación de información hizo que ciertos miembros de la multitud. Cuando se tomó una decisión, debido al problema de la puerta de salida de nuestro avión, solo a ciertas personas se les permitió volar. La barrera lingüística ha provocado muchas discusiones con muchas personas, sobre todo porque el personal de Air Europea no tiene apoyo, especialmente técnico, para traducir. Salimos de Cuba con varias horas de retraso, felices de irnos, pero obviamente preocupados por nuestro vuelo de conexión a Londres desde Madrid. El personal en este vuelo, era excelente. Tras Airval en Madrid, confusión absoluta, el personal de Air Europea dijo una cosa, aduanas y embarque pensaron otra cosa, (así que obviamente ninguna comunicación al personal de Madrid sobre lo que estaba sucediendo). Esto causó algunas interacciones complejas, especialmente en el control fronterizo. Varios miembros del público estaban llorando y extremadamente enojados en este punto. Afortunadamente, un pasajero trilingüe impresionante lo aclaró, y todos se dieron cuenta de que el vuelo de conexión de Madrid a Londres se había reservado para nosotros. (Hay que decir que los pasajeros de ese avión no estaban muy contentos, comprensiblemente, ¡además del personal también!). Así que Consejo, lee las críticas, supongo que para ti sí consigues lo que pagas. Aunque la mayoría de las personas posiblemente revisan cuando están molestos, he tratado de incluir aspectos positivos aquí también. Obtenga una reserva prioritaria, ayuda, pero asegúrese de tener evidencia en múltiples formatos (papel - teléfono) y de darse a conocer al personal al abordar. Prepárese para una falta significativa de comunicación, todos nuestros vuelos se retrasaron, no tuvimos apoyo ni información de Air Europe. El personal parecía tener poca o ninguna capacitación en cuanto a la atención al cliente en varios idiomas. Aquí Air Europea podría hacerlo mucho mejor. Saliendo de Cuba, estaba muy cerca de producirse un motín, por no hablar de las personas vulnerables que dejaron totalmente sin apoyo. En cuanto a nosotros volando con ellos de nuevo, eso es un gran NO tristemente. La calificación 2 es influenciado por el personal en los aviones siendo muy bueno. ¡Esperar que lo anterior ayude!"
AEA_0616,Air Europa,Desconocido,Barcelona,Havana,International,diciembre de 2023,1,"Nefasto , como ha decaido esta compañia , la comida es asquerosa , vomitiva , hice barcelona-madrid -habana , ni manta que antiguamente te daban , pero lo mas grave es la mala elaboracion de la comida siendo un vuelo tan largo , ya ni desayuno la limpieza deja mucho que desear , penoso !!! El peor vuelo de mi vida ""supuestamente una de las mejores aereolineas , haganselo mirar!!!!!"
AEA_0617,Air Europa,"Northampton, Reino Unido",Madrid,Mexico City,International,diciembre de 2023,3,"Primera vez volando con Air Europa y última. Por el precio que pagamos nunca he estado en un vuelo de larga distancia durante 9 horas más y solo recibí 1 comida con una bebida de lo contrario fuera de esto todo tenía que ser pagado por incluir auriculares. Tuve suerte ya que traje la mía. Sin embargo, vi a un anciano de más de 70 años pedirle un par de audífonos a una azafata y fue ignorado durante casi una hora. Este servicio es inaceptable. Lo que era más pobre es que hablaba español como todos los auxiliares de vuelo. Le dieron bebidas antes de recibir sus auriculares. Sentí pena por él. Por favor asegúrese de llenarse de comida antes de salir del aeropuerto o tendrá un viaje incómodo"
AEA_0618,Air Europa,Desconocido,Miami,Madrid,International,diciembre de 2023,1,Vuelo retrasado casi 2 horas. Apenas hay una actualización concisa del personal del aeropuerto de Miami. Estaban esperando a la tripulación (llegaron tarde al vuelo casi 1 hora). Nos dijeron que una vez que llegara la tripulación abordaríamos. Casi otro antes de abordar. Una vez boaded no había suficientes mantas o almohadas (para un vuelo de 8 horas? ). La comida está por debajo de la media. Plato pequeño con trozo pequeño de pan y medio de refresco (sí sirven u una cantidad casi en una taza de papel). Eso es todo para la cena. Luego vienen con café gratis. Cualquier otra cosa que tengas que comprar. Auriculares que cada aerolínea le da complementario - 3 euros. Esta aerolínea es la versión Spirit de Europa. Nunca más volaré con ellos. Es americana o Iberia.
AEA_0619,Air Europa,"Barcelona, España",Barcelona,Santa Cruz,International,noviembre de 2023,1,"Aún estoy en el avión . Es inaceptable que cada uno de los agentes con los que hablas , por tfno y en presencial sean capaces de dar una solución ni ayudarte en nada. Cogí un vuelo de BCN - MAD y me pusieron en la última fila en el medio . Habiendo pagado yo por el siguiente asiento ( solo por sentarme ) 90€ . Le pido a la señorita, en el boarding , por tfno , a la entrada al avión , que quería ir en clase Business ( obviamente pagando ) . Me dicen que está lleno . Luego vienen y en mi vista cogen a una tía que estaba muy buena y llevaba un bolso extravagante y le dicen : “ Quiere ir en business “ . Gratis . Es decir, aquí , ni los trabajadores miran por la empresa; ni la empresa mira por los clientes . ( es obvio que a los trabajadores les importa un pepino a los clientes ) . La empresa hubiera podido ganar 500€ o más si hubiera tenido un trabajador eficiente y que tenga el más mínimo reparo de mirar por la empresa que le da de comer . Es deprimente. A pesar de que he volado muchas veces con ellos, jamás me había dado cuenta de tan nefasta y humillante forma de trabajar de esta gente."
AEA_0620,Air Europa,"Fuenlabrada, España",Madrid,Zurich,Europe,diciembre de 2023,1,"Salida programada a la 7:50; son las 10:36 y estamos dentro de un avión que no es ni de Air Europa, con casi tres horas de retraso: ninguna información del motivo ni de hora estimada."
AEA_0621,Air Europa,"Locust Grove, Virginia",Madrid,Santo Domingo,International,noviembre de 2023,1,"Soy un viajero frecuente y he estado en vuelos por todo el mundo (incluyendo África) y Air Europa es el peor que he experimentado. El 7 de noviembre volé de Madrid a Santo Domingo. De alguna manera, lograron perder una maleta morada de 70 libras durante una escala de 5 horas. Las otras dos bolsas llegaron. El aeropuerto me dijo que no sabían dónde estaba. Pasé los siguientes 15 días llamando diariamente al centro de llamadas. Su sitio web rara vez funcionaba. Representantes desinteresados me dijeron que me avisarían tan pronto supieran algo, pero mi hotel me dijo que siguiera llamando. Incluso fui al aeropuerto una vez para encontrarlo y me rechazaron. El 22 de noviembre, la molesta representante en el centro de llamadas me dijo que le pediría al aeropuerto de Santo Domingo que mirara. Regresé a casa esa noche a Washington DC. El 23 de noviembre recibí un correo electrónico en el que se indicaba que había sido encontrado. Llamé al call center quien me dijo que estaba en Santo Domingo y que no contestarían cuando llegara allí. El 3 de diciembre llamé a la aerolínea que me dijo que lo habían enviado a Madrid el 25 de noviembre para que lo subieran a un avión con destino a DC. Llamé todos los días y no parecían saber dónde estaba mi bolso y me sugirieron que lo pasara a pérdidas y ganancias y buscara compensación. No estaba listo para eso. Luego, el 9 de diciembre, recibí un correo electrónico diciendo que estaba en Nueva York y programado para ir a Richmond VA esa noche. El 11 de diciembre recibí una llamada del Delta Baggage Servoce diciendo que tenían mi maleta y que ahora estaba en Nashville. Delta lo tenía en un vuelo a mí y me dieron mi maleta esa tarde. Ahora tenía identificación de mi puño y letra en la bolsa. Estoy encantada de tener la bolsa, pero sé que es por Delta. Cuidado con esta aerolínea..."
AEA_0622,Air Europa,Desconocido,Madrid,Buenos Aires,International,diciembre de 2023,1,"Una vergüenza la atención telefónica en el call center para la venta de pasajes. Realmente nos sentimos estafados. El 10/12 reservamos 2 pasajes Madrid -Buenos Aires-Madrid para enero y febrero del 2024. La reserva total era por 2624€. Al día siguiente llamamos para confirmar y abonar, y con la excusa de que nos habían tomado mal los datos en la reserva (UNA letra de mi apellido) nos cancelaron la reserva y la hicieron nuevamente, pero esta vez cobrándonos 2744€. No obstante eso, la chica del call center nos tuvo más de DOS horas al teléfono, porque evidentemente no tenía ni idea, y encima de BURLABA DE NOSOTROS, dejando cada vez el micrófono abierto, riéndose con los compañeros e incluso diciendo en un momento: ""Sí, sí, ya se los vendí, están pagando"" mientras se reía, junto a otra compañera al parecer (Marianela, interno 231142 fue quién nos atendió). La verdad es que fue una vergüenza, dos horas luchando para comprar 2 míseros pasajes, nos roban cobrándonos de más e incumplendo la reserva previa, además de tomarnos de imbéciles y burlarse de nosotros durante todo ese tiempo al teléfono. En resumen, nos sacaron 120€ extras, porque sí nada más y encima nos tuvieron perdiendo el tiempo y riéndose en nuestra cara, aprovechando la posición oligopolística de estas empresas aéreas, obligándonos a los usuarios a elegir la menos mala."
AEA_0623,Air Europa,"Madrid, España",Brussels,Madrid,Europe,diciembre de 2023,3,"La atención al cliente desde hace tiempo en esta Compañía es muy deficiente, faltos de empatía , con problemas en embarque con el equipaje de mano que a algunos, mi caso, nos obligaron a facturar, mientras que a otros con mas bultos y mas voluminosos les dejaron embarcar."
AEA_0624,Air Europa,"Washington D.C., Distrito de Columbia",Tel Aviv,Madrid,International,octubre de 2023,1,Super terrible aerolínea. Huyó para salvar mi vida en Israel y tuvo que comprar un nuevo vuelo y no me reembolsaron a pesar de que fingieron tener una póliza generosa. Muchas otras aerolíneas reembolsadas. El servicio de atención al cliente me trató terriblemente y no tenía idea de lo que estaban hablando. Me dijo muchas cosas contradictorias. Así que además de la terrible situación tuve que lidiar con su falta de respeto.
AEA_0625,Air Europa,"Asuncion, Paraguay",Asuncion,Madrid,International,noviembre de 2023,1,Pésima atención. Los auxiliares de vuelo que son hombres no tienen amabilidad ni sentido de humanidad. Trato nefasto. Horrible. Peor compañía de todas.
AEA_0626,Air Europa,Desconocido,Palma de Mallorca,Buenos Aires,International,diciembre de 2023,1,"Fue un vuelo transatlántico de 12 horas en el cual apenas se pueden estirar las piernas ya que los asientos están unos pegados a los otros , sintiéndome como va el ganado ….. por otro lado la limpieza también deja mucho que desear , ya que enseguida me subí al avión puse mi agua en donde están las revistas y cundo metí la mano había un paquete de patatillas todas grasientas , el cual le comentamos educadamente a la azafata si lo podía retirar ya que no era nuestra basura y nos contesto “hay basura en el baño” y cuando le dijimos otra vez que no era nuestra se la quito de mala manera a mi madre protestando como si fuese una niña pequeña haciendo un berrinche , aparte de esa bolsa de patatatillas entre las instrucciones de seguridad había pegado un chicle que ya ni me moleste en comentárselo ya que en todo momento contestan de mala manera ni por favor ni gracias, ni nada , te hacen sentir como si fueses una basura o si le estuvieses debiendo dinero a ellas … para finalizar no considero que costándonos cada pasaje 1400 euros se atienda de esta manera a los pasajeros."
AEA_0627,Air Europa,Desconocido,Madrid,Medellin,International,diciembre de 2023,1,"Experiencia nefasta con esta aerolínea. No vuelvo a viajar con ellos. Viaje de 11h en una avión antiguo, sin espacio entre los asientos. Pagamos 900€ por el billete, y solo nos dieron una comida. Cobraban hasta los auriculares de calidad pésima (3€). Su aplicación digital y su página web solo dan errores, son poco intuitivas, no nos dejaban descargar las tarjetas de embarque, tuvimos que llamar a atención al cliente para que nos las enviaran. Un desastre en todo."
AEA_0628,Air Europa,Desconocido,Madrid,Las Palmas de Gran Canaria,Domestic,diciembre de 2023,2,"Muy mal por el tema de las maletas,la maleta nuestra vino con el candado naranja rota y con un código qué no pusimos nosotros aparte de qué estába el cierre colocada en una dirección qué no era! 😡😡😡 Abrieron y miraron y estaba un poco revuelto las cosas, no fueron ni capaces de informar si había algo de malo dentro o algún problema!"
AEA_0629,Air Europa,Desconocido,Athens,Santo Domingo,International,noviembre de 2023,1,"Rompieron la rueda de mi maleta. El representante del aeropuerto me dio un papel con su correo electrónico para contactarlos. -Sí. Recibí una respuesta de ETS que se pondrán en contacto conmigo. No hay noticias después de eso. Ninguna compensación, ya que están obligados por la regulación de la OACI. Mi queja irá a Cec."
AEA_0630,Air Europa,Desconocido,Madrid,Buenos Aires,International,noviembre de 2023,1,"Vuelo transatlántico de 12 horas de duración con menos espacio entre asientos que Iberia express a Dublín, tomado semana antes, mido 1,70 y daba con rodillas en respaldo de delante. Comida escasa, si quieres comer más adelante hay que pagar😳, pasajeros a punto de congelación, y así podría seguir ... Aparte de que si solicitas con antelación cambio a preferente te quieren cobrar 2.200€ más y luego en el checkin on line te lo subastan entre 500 y 850 . Vamos absolutamente nada que ver con ninguna otra compañía con vuelos de larga duración , y hemos volado con muchas, muchas . Un error/horror que no volveremos a repetir. No voleis con ellos, no merece la pena."
AEA_0631,Air Europa,"Lima, Perú",London,Madrid,Europe,diciembre de 2023,1,"Asqueroso. Al abordar se fue a la parte de atrás a tirar unas cáscaras de naranja, los cubos estaban tan llenos que el asistente se ofreció a contaminar la bolsa de reciclaje (también bastante llena) El inodoro apesta fuertemente, no limpian baños entre vuelos! No me extraña que tengamos pandemias. El abordaje fue caótico. Esta práctica es tan mala que invita a una mayor regulación. ¿Por qué no pueden tener buenas prácticas comerciales? ¿Cómo pueden exponer a los viajeros y a los empleados de vuelo a esto?"
AEA_0632,Air Europa,"Madrid, España",Munich,Madrid,Europe,diciembre de 2023,1,"Sois unos sinverguenzas. Se cancela el vuelo por la nieve a las 9 de la mañana y no hay forma de comunicar con Air Europa. Atrapados en el aeropuerto he conseguido que me contesteis al telefono a las 23:30 de la noche. Y me decis que hay varias opciones: Anular el vuelo, reembolso, salir desde Amsterdam o cambiar el billete para 4 dias después. ES LA ULTIMA VEZ QUE VUELO CON AIR EUROPA. Ni un email dando alternativas, nada de información, comunicación cero. Lo correcto si anulais un vuelo es fletar otro avión para los pasajeros que nos hemos quedado tirados. NADA. Y personal o mostrador de AIR EUROPA en Munich olvidate."
AEA_0633,Air Europa,Desconocido,Madrid,Cordoba,International,noviembre de 2023,1,"Teniendo en cuenta la presencia que tiene esta empresa, no se puede comprender la desastroza gestión de los equipajes despachados, no sólo en cuanto tiempo de espera en cinta (40 minutos mínimo), sino también en el número de extravíos no podría recomendar volar en esta aerolínea. Mi maleta fue despachada en origen, y no fue recibida en destino (COR). Luego de efectuar reclamo me informan que fue localizada en origen (MAD) y que se enviaría en el primer vuelo disponible a destino (dos días luego), algo que nunca ocurrió a persar que se informó ello en la plataforma de seguimiento del reclamo PIR."
AEA_0634,Air Europa,Desconocido,Madrid,Quito,International,octubre de 2023,1,6 semanas antes de la salida reservamos asientos específicos para ida y vuelta - costo£ 268 . al hacer el check-in 24 horas antes de la salida encontramos asientos en Madroid - Quito viaje (costo £ 112 ) se había cambiado a trasera de avión (sin cargo ) . Todos los intentos de obtener mejores asientos fueron ignorados por el personal por teléfono y en el check-in. No hay respuesta a la queja o reembolso. En 11 horas de vuelo la cena no era comestible y el desayuno era de pago. De ninguna manera volveríamos a viajar en Air Europa. Keith Taylor
AEA_0635,Air Europa,Desconocido,Madrid,Bogota,International,diciembre de 2023,1,"Simplemente cancelan el vuelo sin ninguna solución clara y pierden más de 3 días, NO COMPRES WIRH RHEM SI TIENES UN HORARIO APRETADO O SI ESPERAS VOLTEAR EL DÍA QUE COMPRES! ! !"
AEA_0636,Air Europa,Desconocido,Buenos Aires,Madrid,International,noviembre de 2023,1,"Un completo desastre su servicio. Solo te sirven una comida en un vuelo de 11 hs sin siquiera una taza de agua, luego el resto deberías pagar extra como volar con un bajo costo, incluso los auriculares. Creo que Ryanair se siente más premium. Nunca más, ni yo ni mi familia elegiremos esta estafa."
AEA_0637,Air Europa,Desconocido,Cordoba,Madrid,International,octubre de 2023,3,Graciela G : Vuelo ida y vuelta Córdoba- Madrid.En ambas oportunidades pague dinero extra por asientos más confortables por padecer una dolencia en mi pierna derecha.No se cumplió con lo acordado. Considero me deberían de reintegrar los 4 0.000 que me cobraron de plus por lugares con más espacio. El viaje de regreso fue realmente incómodo para mi situación
AEA_0638,Air Europa,Desconocido,London,Madrid,Europe,julio de 2023,5,"10/10, soy menor y viajaba sola por primera vez. Las azafatas fueron encantadoras, se aprendieron todas mi nombre y estuvieron pendientes de mi, y con el vuelo que me había cogido tenía la disponibilidad de escoger algo de comer y una bebida gratis, se ofrecieron a calentarme la comida sin que les hubiera pedido nada, y como había espacio libre en el avión me dejaron tres asientos para que estuviera más cómoda, estuvieron pendientes de que no saliese del avión hasta que llegase el personal autorizado para acompañarme y me trataron muy respetuosamente, y me dieron varios consejos para que no perdiera mis cosas. No tengo ninguna queja sobre las instalaciones del avión, definitivamente siempre que pueda elegiré air europa."
AEA_0639,Air Europa,"Comunidad de Madrid, España",Zurich,Madrid,Europe,septiembre de 2023,1,Después de un vuelo pésimo plantee una queja a finales de septiembre..el mismo día q llegue... Han pasado más de dos meses y no contestan.. y según dicen.. contestan en 28 días... Mi vuelo no era con esta compañía.... Es la segunda vez que voy con ellos y es la peor sin duda
AEA_0640,Air Europa,Desconocido,Munich,Punta Cana,International,septiembre de 2023,1,"Horrible servicio, incluso para una aerolínea de bajo coste Mi equipaje llegó tres días después que yo (solo gracias a que hablaba español, incluso pude hablar con el chico del equipaje local, ya que ningún representante de la aerolínea estaba disponible) El equipaje llegó tarde Y dañado (rueda rota) Air Europa se negó durante mucho tiempo a reembolsarme las necesidades que necesitaba (sabiendo sabiamente, intenté limitar lo que compré porque anticipaba una larga lucha por mi dinero) Ahora, tres meses después del incidente, siguen negándose a pagarme la cantidad que me deben (una vez dijeron que me pagarían una cierta cantidad, pero habría sido un 20 % menos - sin razón) Por la rueda rota solo dijeron generalmente que no son responsables, a pesar de que eso no es cierto Intentan evitar cualquier responsabilidad ignorando los mensajes y jugando a tiempo Además, los vuelos de larga distancia generalmente no son recomendables con Air Europa. El servicio incómodo y a bordo es realmente malo (si incluso está presente además de la comida asquerosa regular)"
AEA_0641,Air Europa,"Londres, Reino Unido",London,Madrid,Europe,noviembre de 2023,1,"Terrible aerolínea. Desde el check-in en su aplicación que parece que fue creada en 1965 hasta el estado del interior y el hecho de que es muy probable que lo ponga en espera. He encontrado una aerolínea que nunca volveré a usar y que es peor que Ryanair, que es extremadamente difícil de superar"
AEA_0642,Air Europa,Desconocido,Miami,Barcelona,International,noviembre de 2023,1,"Horrible aerolínea, nuestras familia hizo un viaje de Miami a. Barcelona ida y vuelta. The ida las azafatas era super rudas y poco amigables. Después del servicio de comida que es totalmente mediocre, se perdieron de clase economica y solo atendieron business. El tiempo era idea para volar y el servicio del desayuno no lo dieron por inclemencias del tiempo. De regreso en el aeropuerto de Madrid vi una situación muy desagradable con otra persona. Un muchacha, ciudadana americana, venia de Barcelona y su vuelo llego 5 minutos antes de llamar el vuelo de Madrid a Miami. Ella venia corriendo con su hijo y se veia su preocupación por una posibilidad de perder el vuelo, cuando llegó a la puerta de embarque 67 preguntó para asegurarse que era su vuelo porque ya estaban pasando business, priority y familias. Una empleada de la aerolínea le dijo que podía pasar con su niño de alrededor de 6 o 7 años, ella lo agradeció porque se sentía mal de tanto correr y strees. Cuando le dio el boleto de embarque a otra empleada, está ultima le dijo que no podia pasar porque su niño era mayor de 2 años. La muchacha y el niño se apartaron esperando su turno de embarque, y nuevamente vino la empleada y la empezó a insultar y decir una cantidad de barbaridades y faltas de respeto: horribles, le dijo gritándole que se quitara de la linea de business que ya se lo habia dicho que si ella no tenía dinero para pagar business que esperara su turno y la muchacha que estaba a mi lado se le vio en la cara lo mal que le estaba pasando porque en realidad ella no estaba en la linea de prioridad, ya ella se había apartado. Realmente me dio muchísima pena esa situación. La muchacha se sentia mal y recibiendo malos tratos de una empleada de la aerolínea. Fue frustrante para todos lo que estábamos a su lado. Estoy subiendo una foto de la empleada mal educada, de fan poca etica y empatía"
AEA_0643,Air Europa,"Herentals, Bélgica",Madrid,Cordoba,International,noviembre de 2023,4,"Esta, segunda, parte del vuelo fue muy buena gracias a una comodidad general buena (no excelente - el reposabrazos era difícil de bajar), y un excelente servicio y personal amable con buena comida y buen vino - aunque no hay mucha elección. El baño y las comodidades eran buenas sin nada más. El televisor con elección de películas estaba bien para la clase, pero por este precio podría haber sido un poco más. Compensó mucho el vuelo anticipado sin previo aviso y el estrés relacionado."
AEA_0644,Air Europa,Desconocido,New York City,Madrid,International,noviembre de 2023,2,"Honestamente, puedo decir que volar con Air Europe fue suave y aterrizó de forma segura cada vez. Mi problema con ellos fue que entraron en mi maleta y se llevaron algunas de mis cosas sin mi consentimiento. Cuando me enfrenté a ellos lo negaron y culparon a inmigración, lo que confirmó que su compañía es conocida por el robo. No importa el juego de la culpa, solo saber que era suficiente para sentirse disgustado, especialmente cuando no se podía hacer mucho. Voy a seguir inundando de quejas sobre esta pobre empresa que no tiene respeto. que reciban todo lo que ponen para sí."
AEA_0645,Air Europa,"Herentals, Bélgica",Brussels,Madrid,Europe,noviembre de 2023,1,"El vuelo en sí estaba bien, como escribiré en la próxima reseña, pero lo que pasó es inaceptable: Fui invitado a un congreso en Córdoba, Argentina. - Los vuelos BRU - MAD - COR son, con diferencia, los más convenientes. -Elija un buen asiento para el vuelo MAD - COR Decidí facturar en línea, algo que rara vez hago - para averiguar que el vuelo se anticipó un día (19 de noviembre en lugar del 20 de noviembre) mientras que no sabía nada sobre eso! Inmediatamente me puse en contacto con el comité organizador en Córdoba, que se puso en contacto con la agencia de viajes: el vuelo se anticipó un día debido a una huelga al día siguiente - pero nadie derrocó, ni siquiera la agencia de viajes que reservó, fue informado de esto! Afortunadamente, todavía me las arreglé para empacar, preparar, ir al aeropuerto - pero todo en muy poco tiempo, necesitando cancelar citas y apurarse como h..."
AEA_0646,Air Europa,Desconocido,London,Salvador,International,noviembre de 2023,1,"La aerolínea me cobró 730 dólares por cambiar mi fecha de regreso, a pesar de haber hecho la reserva original una hora antes. Una hora después de reservar mi vuelo decidí cambiar mi fecha de regreso debido a problemas familiares, ya que usé mis millas para obtener un poco más de 100 dólares de descuento al realizar el pago original. Tuve que contactar con el centro de atención telefónica de Air Europa para cambiar mi vuelo de regreso. No puedes ver tus opciones en una pantalla, la gente del call center solo te impone los precios."
AEA_0647,Air Europa,Desconocido,Bilbao,San Pedro Sula,International,agosto de 2023,1,"No recomiendo esta aerolínea ni pienso volver a viajar en mi vida. Compre un vuelo directo con asientos para mi hijo y yo y nos cancelaron el vuelo al siguiente día nos mandaron en un vuelo con escalas con otra aerolínea con escala de 6 horas y cuando hice la reclamación su respuesta fue usted llego a su destino no importa cómo pero llego, sin importarle que yo pague un vuelo directo y con asientos, ellos me mandaron con otra aerolínea y en otros asientos. Su respuesta mala y muy negativa. No la recomiendo"
AEA_0648,Air Europa,Desconocido,Belgrade,Madrid,Europe,agosto de 2023,1,¡La peor aerolínea! Entradas muy caras. Perdieron mi bolso y nunca lo encontraron. Nunca me pagó ningún reembolso. El personal de Atención al Cliente es MUY grosero y no servicial. NUNCA VOLAR CON ELLOS
AEA_0649,Air Europa,"Madrid, España",Brussels,Madrid,Europe,noviembre de 2023,1,"Mal servicio, llegada tardía y mayor retraso en la pista. Ni siquiera conectado al tetminal. Hasta ahora con una hora de retraso y contando. Sucede con demasiada frecuencia con esta aerolínea. Evitar"
AEA_0650,Air Europa,Desconocido,Madrid,Panama City,International,noviembre de 2023,2,"Todo bastante mal :-) Comida, bebidas, entretenimiento.... Mal, mal, mal Y especialmente: el servicio de las personas a bordo. Malo, malo, malo. Te tratan como que les molestas durante su vuelo. Prefieren estar hablando en la cocina, no te miren, no tienen ganas, servicio de bebidas en 10 horas solamente una vez... No no no. Nunca más, gracias Si es posible no elijes esta linea. Conosco por lo meno 15/20 mejores lineas aéreas. Ya las lineas en las junglas de paises muy muy ""pobres"" - disculpen la manera de escribirlo - son mejor que esta linea arrogante de España en mi opinion 😜 En serio 👍 Michael Ott"
AEA_0651,Air Europa,"Zaragoza, España",Madrid,Santa Cruz,International,octubre de 2023,4,"Vuelo de 11 horas en butaca Premium. Este tipo de avión no tiene bussines. Butacas grandes con soporte para las piernas y amplitud entre filas. El costo, unos 250 euros, me parece asequible para la comodidad que te ofrecen. Vuelo nocturno con cena y desayuno con diversidad y buena atención. Viajábamos en grupo y las personas que viajaron en turista no tienen, para nada, la misma opinión que yo reflejo en estas líneas."
AEA_0652,Air Europa,Desconocido,Madrid,Santa Cruz,International,noviembre de 2023,1,"Tienen un mal servicio. Te pegas casi 11horas de vuelo y te dan una miseria de comida y el desayuno ni que decir. Nos dieron la opción de un té o un café y dales las gracias. Ni una triste galleta. Te cobran una animalada el pasaje, qué estan por la nubes los precios. Para que te den de comer por gramos y un triste vaso de té. Sinceramente vergonzoso."
AEA_0653,Air Europa,Desconocido,Cairo,Madrid,International,agosto de 2023,1,"Esta es la peor aerolínea que puedes elegir para viajar a cualquier lugar. Mi vuelo fue de Roma a Madrid. Nunca recibí mi equipaje en Madrid. Los representantes en la mesa solo fueron educados y serviciales con los viajeros españoles y fueron extremadamente groseros y desdeñosos con los no hispanohablantes. Me aconsejó que me fuera y llamara a su número para recibir compensación hasta que encontraran mi bolso, pero no trabajan durante los fines de semana, así que solo estaba tratando de deshacerse de mí en el aeropuerto, donde esperé hasta las 2 am para que alguien encontrara mi bolso. Les mostré mi manzana AirTag dijo que estaba en el aeropuerto. Las azafatas eran racistas con los pasajeros árabes del vuelo, pero eran muy serviciales con los hablantes de francés e inglés. Me prometieron una compensación de 109 € hace 3 meses que no recibo nada y probablemente he gastado más en cargos por llamadas internacionales tratando de averiguar por qué no. En resumen, una aerolínea racista y mal gestionada con los empleados de servicio al cliente más groseros e incómodos del mundo."
AEA_0654,Air Europa,Desconocido,Zurich,Asuncion,International,noviembre de 2023,1,"Muy decepcionante calidad de la comida en Business Class, no hay diferencia realmente para Economy. Servicio apenas educado, no más. 10 horas de vuelo sin que nadie te ofrezca algo de beber. Topper para dormir totalmente insuficiente (demasiado delgado). Gran problema cuando tuve que volver a reservar el vuelo de vuelta dos días antes: call center internacional se cayó, centro local en ASU se negó a volver a reservar sin penalización, pero aerolínea sólo ofreció Business Standard en el momento de la reserva (! ) , no la tarifa FLEX, y ahora, quería más de $ 500 para simplemente volver a reservar dos días antes en un vuelo medio vacío. Qué estafa. Muy decepcionado, también al escuchar a uno de sus representantes decir: ""Que usted sea miembro SUMA Platinum no nos interesa. "" Vuelo de nuevo a LATAM y LH en el futuro."
AEA_0655,Air Europa,Desconocido,Lanzarote,Bilbao,Domestic,noviembre de 2023,1,"Por las condiciones meteorològicas adversas no pudimos aterrizar en nuestro destino. Ahí todo correcto y entendible. Una vez llegados a Madrid, escasa información y muy contradictoria. No nos pueden reubicar en otro vuelo, tampoco pueden proporcionarnos un autobús para tanta gente, ni tampoco un hotel para pasar la noche. Después de horas de espera, nos consiguen un solo autobús, para familias con niños. Personas mayores, con necesidad de medicación y bebés a la carrera por el aeropuerto sin tener nada claro. Fuimos “afortunados” y montamos en ese autobús llegando sin dormir a nuestro destino 12 horas más tarde. Aún no sabemos qué pasó con el resto de pasajeros. El trato por el personal del avión fue maravilloso, sin embargo, en el aeropuerto nos trataron sin ninguna empatía ni respeto."
AEA_0656,Air Europa,Desconocido,London,Sao Paulo,International,noviembre de 2023,1,"Una experiencia horrible. El personal era tan grosero. La señora sabía claramente que no podía hablar portugués, pero continuó haciéndome preguntas en portugués que no podía entender. El personal se apresuró innecesariamente a bajar los carruajes, golpeándome el hombro y los brazos varias veces. Fue fácil evitar no golpearme, ya que todos los huéspedes en el avión lograron evitar golpearme. Incluso cuando decidí usar el inodoro, hice que un miembro del personal entrara en la parte trasera de mí, ya que tenía tanta prisa innecesaria y no podía molestarse en esperar unos segundos para dejarme entrar al inodoro. La comida era horrible. Entiendo que esta es una aerolínea más barata así que no esperaba el mundo. Sin embargo, cuando pagué 600 libras esperaba un poco mejores servicios. No vueles con esta compañía. No me sorprendería si van a la quiebra en los próximos años después de mi experiencia, así como otros que puedo ver en el viaje asesor! Es sorprendente que la compañía no vea estas reseñas y actúe sobre algunas cuestiones básicas como la forma en que el personal trata a los clientes."
AEA_0657,Air Europa,España,Malaga,Madrid,Domestic,noviembre de 2023,1,"Si tenéis intención de comprar algo con esta compañía NO LO HAGÁIS!! Dos veces he confiado y dos veces que me la han liado... Esta última me han cancelado el vuelo de las 17, no me han mandado el mensaje de dónde me re ubicaban y llamaba pero nadie me contestaba , me acerco al aeropuerto y me dicen q me han puesto en un vuelo que sale a las 21... Son las 23 y aquí sigo ... Y no me ponen la puerta, ni dan ninguna explicación... Ahora cuando llegue a mi destino y ya no tenga ni metro, ni Renfe, me tengo q pillar un taxi q es una pasta, x no hablar de la comida que me he tenido q comprar q no es económica... Conclusión: lo barato sale más caro!! NO COMPREIS AQUÍ!!"
AEA_0658,Air Europa,"Badalona, España",Barcelona,Cancun,International,octubre de 2023,1,"Buenos días. El motivo por el que me pongo en contacto con ustedes es porque quiero un recibo de mi cargo por exceso de dos de mis maletas que me cobraron en Cancún personal de AIR EUROPA. Les explico más concretamente pues me parece surrealista : El Domingo dia 21/10/2023 a las 18 00 horas aprox vamos a hacer el check in en el aeropuerto de Cancún y nos comunican que nuestras maletas tienen sobrepeso, una 27 kilos y otra 31 kilos con lo que tenemos que pagar 3680 pesos mexicanos y en efectivo. ya nos pareció excesivo el importe pero nos dijo este sr. que o pagábamos eso o no nos daba los billetes. Pagamos los 3680 pesos mexicanos y solicitamos un recibo del importe y nos dice que le demos una dirección de correo donde se nos mandara el recibo o factura. exigimos que se nos diera este recibo en papel y este Sr. nos dice que son normas de la empresa y que no nos lo puede dar. Ya estábamos bastante enfadados con el importe pagado y no quisimos insistir para no montar un escándalo. Mi Sra. le facilito su correo electrónico. A día de hoy no hemos recibido dicho correo con el recibo de nuestro cargo por sobrepeso en maletas. Mucho me temo de que no lo vamos a recibir, pues pienso que hemos sido engañados. El personal que nos atendió en Cancún de AIR EUROPA fue de lo más desagradable. Para más inri comentarles que nuestra maleta cuando llegamos el día 12/10/2023 llegó rota y no pudimos solicitar reclamación porque no había personal de AIR EUROPA en el aeropuerto y la persona que había tras un mostrador de AIR EUROPA decía que era una subcontrata y que no tenía ni sabía cómo proceder y que lo gestionáramos en Madrid o Barcelona. Tuvimos que comprar otra maleta en Cancún pues el roto se iba haciendo más grande por momentos. Cuando llegamos a Madrid sobre las 12:00 aproximadamente nos dirigimos al mostrador de AIR EUROPA y la señorita que nos atendió nos derivó a gestión de equipajes. Buscamos dicha oficina pero no la encontramos por ningún sitio. Creo que sería porque era Domingo y estaba todo cerrado con lo que no pudimos hacer nada. Del deterioro de la maleta tengo fotos que les enviaré. Pues ahí tienen nuestro viaje de luna de miel......"
AEA_0659,Air Europa,"Valencia, España",Valencia,New York City,International,octubre de 2023,4,"Vuelo VLC- MAD y MAD-VLC operado por Air Europa express. Vuelos cortos sin problemas. Vuelo MAD. - NY casi todo el personal muy amable. Comida justa y desayuno café o té. Vuelo de regreso igual con todo el personal muy amable, incluso ofreciendo más comida (el vuelo no iba completo) advirtiendo del café o té único para el desayuno. No le pongo excelente porque podrían dar una pasta por lo menos con el café. El avión muy nuevo y limpio."
AEA_0660,Air Europa,Desconocido,Buenos Aires,Tel Aviv,International,octubre de 2023,1,"Increíble. Que mal servicio que tienen. Me cancelaron el vuelo, lo descubro por que llamo para preguntar por otra cosa, no me reintegran el dinero del vuelo, tardan muchisimo en contestar los mensajes, si llamo por teléfono, hasta nos cortan la Comunicación. Me entero atraves de la empresa que me vendió los pasajes lo que ustedes! tienen que hacer para que yo pueda recibir mi dinero del vuelo que ustedes cancelarlo para que pueda comprar otro pasaje y asi regresar a casa. Que servicio Pesimo, ya no volaremos con su empresa."
AEA_0661,Air Europa,Desconocido,Madrid,New York City,International,octubre de 2023,2,"Línea aérea con servicio económico. La salida y regreso fue desde el aeropuerto JFK a Madrid. Las cuestiones son las siguientes: 1 ) La aerolínea no tiene espacio en la puerta de embarque, por lo que tuvimos que tomar un autobús hasta el avión. La salida de JFK tuvo una larga espera para el autobús, cuando los autobuses finalmente llegaron, tuvimos un viaje de 5 minutos al avión. Una vez que llegamos al avión tuvimos que esperar dentro del autobús caliente durante 10 minutos antes de poder bajar. En el vuelo de vuelta de Madrid a JFK el proceso fue el mismo. 2 ) Las azafatas (de Madrid a Nueva York) son perezosas. Encendí mi luz de llamada 3 veces y cada vez que se apagó. Miré en la cocina y vi a la azafata apagarla sin hacer un esfuerzo para ver quién necesitaba su atención. Tuve que hacer 4 llamadas para que me dieran servicio. 3 ) La comida es asquerosa; la peor comida que he tenido en un vuelo. Los vuelos de regreso y salida tenían las mismas comidas, aves, puré de papas y verduras o pasta. El pollo estaba seco y masticable, el puré de papas sabía como salido de una caja y tenía un sabor horrible, no me atreví a probar la verdura. La pasta parecía que debía ser lasaña. El fideo estaba empapado con un sabor horrible y no tengo idea de lo que había dentro. ."
AEA_0662,Air Europa,Desconocido,Brussels,Madrid,Europe,octubre de 2023,1,"Han facturado equipaje de mano de forma aleatoria. Y lo peor, al final había sitio en la csbina. El precio ida y vuelta turista 344 euros."
AEA_0663,Air Europa,Desconocido,Palma de Mallorca,Barcelona,Domestic,septiembre de 2023,1,"Tuvimos que volar de Ibiza a Mallorca para llegar a casa en Barcelona. En Mallorca el avión de AirEuropa tuvo un problema y después de cambiar la puerta de embarque 3 veces cancelaron el vuelo. No había otros vuelos ese día, así que habíamos comprado billetes en otra compañía. Podríamos reclamarlo... ¡Y ahora intentan no devolver el dinero con una excusa extraña! ¡Pediremos ayuda de Airhelp!"
AEA_0664,Air Europa,"Manhasset, Estado de Nueva York",New York City,Madrid,International,octubre de 2023,2,"Reservé mi viaje en clase ejecutiva en línea. Estábamos tomando 3 piezas de equipaje. Ingresé esto como tal sin darme cuenta de que estaban pidiendo ""Maletas extra facturadas. "" Me cobraron 220 dólares. Inmediatamente llamé a la aerolínea (dentro de los 30 minutos de la reserva) para contar de mi error con la esperanza de obtener el reembolso de los $ 220. Dijeron que no reembolsan nada. Pensé que había un período de gracia de 24 horas con cancelaciones gratuitas, pero dijeron que esto no se aplica a ellos. Acabamos de regresar de nuestro viaje. La clase ejecutiva era deficiente. Los asientos eran muy duros. Cuando se reclinaba, se sentía como dormir en una tabla de planchar. Compraron los asientos más baratos e incómodos cuando ordenaron el avión (Boeing 787 - 8 Dreamliner). Además, cuando embarques, una azafata te ayuda inmediatamente a ponerte una funda ligeramente acolchada en el asiento. Supongo que esto es por quejas sobre los asientos en el pasado. De todos modos, la funda del asiento no ayuda. Tan incómodo. Nunca tuve esto en otra clase de negocios que haya volado. Normalmente puedo dormir todo el vuelo. Aunque no en Air Europa."
AEA_0665,Air Europa,Desconocido,Madrid,Bogota,International,septiembre de 2023,2,"Las sillas están muy pegadas y poco reclinados, el servicio para un viaje de 10 horas, es escaso y, aunque el personal es amable, todo lo cobran y solamente con tarjeta, te venden casi hasta el café."
AEA_0666,Air Europa,Desconocido,Tunis,London,International,septiembre de 2023,1,"Te animo a no volar con esta aerolínea. 3 horas de retraso debido a un papel perdido. Llegó a destino - el equipaje estaba abollado y completamente rayado. He reclamado un reembolso, y solo responden en español. El seguro no pagará mi reclamación. El servicio que esta empresa ofrece debe ser prohibido en Europa. Evitar a toda costa - sí costo. Paga un poco más y vuela cómodamente con otra aerolínea"
AEA_0667,Air Europa,Desconocido,Cancun,Madrid,International,octubre de 2023,5,"Pese a los comentarios que giran en torno a esta Compañía, yo la situaría sobresaliente con una excelente relación calidad, precio. Limpios, puntuales, con una flota moderna y un personal muy agradable. Los pilotos, no son recién salidos de la academia. La comida, muy buena y las atenciones con los pasajeros, excelentes. Volaré de nuevo con ellos, sin lugar a dudas."
AEA_0668,Air Europa,"Trieste, Italia",Milan,Santa Cruz,International,octubre de 2023,1,"Terrible servicio, una mala comida durante 11 horas de vuelo. Para el desayuno una taza de té o café sin algo de comer. Para desayunar se debe pagar extra. Necesidad de pagar 3 euros por los auriculares. No se recomienda."
AEA_0669,Air Europa,"Capilla del Monte, Argentina",Malaga,Cordoba,International,octubre de 2023,1,"Les narro los hechos . Viajamos el SR, Jose luis, con el Sr. Marcelo y el Sr. Jorge, teníamos vuelo el día 13 de Octubre,, por demora en el vuelo que llegaba a Málaga, no nos permitieron abordar aduciendo que no nos esperaba la conexión y debíamos quedarnos en Málaga, nos alojaron luego que nos liberaron los trámites a las 1.00 a.m en el Hotel, por ende estuvimos los tres 7 horas dando vueltas, con bastante mal trato del personal de la oficina de Air Europa Málaga. Del Hotel tuvimos que salir a las 12.00 hs el día 14 y tuvimos vuelo a las 17.00 hs el a Madrid, 5 horas nuevamente en el aeropuerto. Cuando llegamos a Madrid nos atendió un agente de Air Europa llamada María del Carmen García Macias, quien nos dio opciones con mucha preocupación y compromiso, fuimos al hotel de Barajas y estuvimos hasta 4 horas antes de la salida del vuelo UX023 el día 15 donde previamente el SR. jorge ya tenía su lugar en Business y a las 22.00 hs antes del vuelo, la agente María del Carmen nos consiguió que Marcelo viajara en Business, quedando solo mi persona, José viajando en turista y llegamos el día de hoy a las 7.00 de la mañana hora Argentina. Los tres perdimos el día de trabajo del día de hoy. Me ofrecen una compensación, pero como vivo en Argentina, no responden mis email y dicen devolverme la compensación en pesos Argentino, los pasajes nos costaron mucho sacrificio y el estrato fue total por la empresa."
AEA_0670,Air Europa,Desconocido,Tenerife,Paris,Europe,octubre de 2023,1,Page por ir en primera clase Y es prácticamente igual que la de turista....me parece un timo... Incómodo no lo siguiente..
AEA_0671,Air Europa,Desconocido,Paris,Buenos Aires,International,octubre de 2023,1,"La verdad decepcionante la aerolínea, la atención pésima, a la hora de hacer la reserva no te ayudan ni siquiera un poco. Decepcionado totalmente."
AEA_0672,Air Europa,Desconocido,Madrid,Bogota,International,octubre de 2023,3,"No es la primera vez que uso esta aeolinia para viajar a Europa, pero el vuelo qué mencioné arriba de Madrid a Bogotá, realmente penoso en la atención, la cual fue despectiva por parte de los auxiliares qué atienden y en la comida, tuvimos que comprar catering, porque lo que nos tocó de comida que incluyen en el viaje, no fue agradable, digo lo que nos tocó, porque se les acabaron los menús y fueron a buscar 11 qué les faltaron, las bandejas de las sillas estaban manchadas de comida, cobraron las sillas de salida de emergencia, etc. Para nada recomuendo Air Europa"
AEA_0673,Air Europa,Desconocido,Madrid,Bogota,International,octubre de 2023,3,"Viajé desde Bogotá a Madrid y de regreso con la misma aerolínea. En ambos trayectos hubo problemas con la logística del embarque y además salieron tarde. En mi caso afortunadamente tenía conexión con ellos mismos, pero las personas que tenían conexión con otras aerolíneas perdieron vuelos."
AEA_0674,Air Europa,"Sao Paulo, SP",Sao Paulo,Madrid,International,septiembre de 2023,1,Terrible compañía. sin comidas después de cenar después de 10 horas de vuelo. avión siempre en medio del aeropuerto en España. Así que toma el autobús y entra por la puerta trasera. terrible asiento / espacio traer sus auriculares. gastar un poco más y tener una experiencia real. Una compañía lowcost.
AEA_0675,Air Europa,Desconocido,Madrid,Miami,International,septiembre de 2023,1,"El vuelo se desvió a Orlando debido a las malas condiciones climáticas, donde nos dejaron varados durante horas en la pista. El piloto terminó perdiendo el control de la situación; los pasajeros comenzaron a pelear y la Policía tuvo que intervenir. Luego nos dijeron que desembarcáramos del avión a las 11 de la noche sin más información... nada, ni reserva de hotel... y peor aún sin disculpas, por no mencionar la compensación financiera. ¡Un desastre y yo volaba en clase ejecutiva!"
AEA_0676,Air Europa,Desconocido,Amsterdam,Madrid,Europe,octubre de 2023,1,Penosa compañía. Coincido en que el personal es desagradable. Nos perdieron una maleta con una atencion con respecto a esto tambien pesima. Veniamos del sideste asiatico de vuelta a casa con China Airlines y ha sido un contraste enorme y penoso de la atencion al cliente. Mucho correo electronico no les hace ser buena compañia. No volveremos a viajar con ellos.
AEA_0677,Air Europa,Desconocido,Madrid,Zurich,Europe,septiembre de 2023,1,"Una palabra PEOR servicio al cliente en el mundo. Viajaba con mi esposa y mi hijo de 9 años. Teníamos una franquicia total de 69 kilos (23 kilos cada persona). Solo tenía 52 kilos en total pero en 2 maletas y no tenía la 3a maleta, la señora se negó a facturar nuestro equipaje ya que estaba superando los 23 kilos en cada maleta y nos pidió que pagáramos. Le dije, estamos viajando y cuando llegamos a Europa con (polaca otra aerolínea horrible) las aerolíneas perdieron todas nuestras maletas. Ella escuchó y dijo que lo siento no es mi problema, tienes que pagar ya que el sistema no me deja registrar el equipaje debido al sobrepeso. Nuestro equipaje era de 17 Kilos bajo en total. Es la primera vez que veo esta regla, tomamos muchos vuelos internacionales y económicos, pero siempre comprobaron el peso total y nunca individual. Soy consciente de que debido a la salud y la seguridad ninguna aerolínea permite más de 30 Kilos por artículo, pero esto fue simplemente impactante. Seguramente, nunca más tomaré esta aerolínea."
AEA_0678,Air Europa,Desconocido,Madrid,Buenos Aires,International,octubre de 2023,1,"Pésimo pésimo. No hay lugar para nada,ni en pasillos. Un horror de compañía. Personal muy antipático. Baños roñosos"
AEA_0679,Air Europa,Desconocido,Madrid,Lisbon,Europe,octubre de 2023,1,"Terrible. Es la mejor palabra. Gente terrible, servicio terrible. Nunca más volveré a volar con AirEuropa."
AEA_0680,Air Europa,"Provincia de Córdoba, Argentina",Cordoba,Madrid,International,septiembre de 2023,3,"Viajé en ubicación de emergencia, con pago de aprox. 90 U$ con lo cual el espacio para piernas es mayor, aunque hay menos para equipaje de cabina y de mano. Convendría comprar priority para solucionar ese tema. Vuelo muy puntual, atención poco amable, catering de cena malo, y desayuno sólo café líquido. Venden los audífonos por 3 €!"
AEA_0681,Air Europa,"Crested Butte, Colorado",Madrid,New York City,International,octubre de 2023,1,Esta aerolínea es terrible. Te dan un centavo y después de reservar y tener una confirmación confirmada cancelan tu vuelo si pueden venderlo por más.
AEA_0682,Air Europa,Desconocido,Madrid,Ibiza,Domestic,octubre de 2023,2,Nos obligaron a dejar la maleta de cabina en bodega y en el aeropuerto de destino tardaron mucho en salir Asientos muy incómodos con muy poco espacio entre las filas Personal de tripulación muy antipatico
AEA_0683,Air Europa,"Madrid, España",Madrid,Paris,Europe,septiembre de 2023,1,"Sí te encuentras un problema con esta compañía, date por perdido. Manejan un servicio de atención al cliente pésimo, que te hace sentir degradado. Cuidado con los asientos traseros de su nuevo avión Boeing 787 dreamliner, pues condensa el agua y provoca que te caiga casi medio vaso de agua helada al final del vuelo. Eso sí, el precio de esos asientos es idéntico a cualquier otro. Y lo peor es que nadie se disculpa al respecto. Recomendación: evitar está compañía. Ni es económica ni gestionan bien a los clientes."
AEA_0684,Air Europa,"Montevideo, Uruguay",Malaga,Montevideo,International,octubre de 2023,2,"Viajé por placer a conocer el sur de España y Portugal con mi esposa, ella posee pasaporte español el cual especifica que su residencia es en Montevideo, Uruguay. Al despachar la maleta en Málaga, la señorita funcionaria de Air Europa que nos atendió inmediatamente le pidió la visa (si! la visa). Cabe destacar que se trata de una ciudadana española haciendo un vuelo interno ya que volábamos a Madrid para volver a Uruguay (es mi esposa hace 26 años, pero aunque no fuera así un ciudadano español puede visitar Uruguay sin visa si es que no se pasa de 180 días). Tuvo que consultar con una compañera la cual tampoco tuvo mucha idea, y optaron por solicitarle un certificado de residencia siendo que el pasaporte especifica a texto EXPRESO que es residente en Uruguay y le asignan un número. Al final pasamos solo porque no estaba segura. Al llegar Montevideo, la valija era un abollón solo pero la señorita de Air Europa de la oficina de reclamaciones de equipajes indicó que estaba solo abollada y no rota por lo que el reclamo no era legítimo. Una forma elegante (?!) de decir no me importa. Si a eso le agregamos que los asientos son duros y estrechos, la distancia con el asiento de adelante es menos que mínima, al menos para gente con una estatura que ronde los 1.87 mts. La comida que sirven si bien no es la mas espantosa que he probado en vuelos, es sumamente escasa considerando que se trata de un vuelo de 12 horas. Y si tenemos en cuenta que venden algún alimento básico como para engañar al estomago como una bocata, alguna ensalada y algún plato pre hecho como lasaña, y al solicitarle adquirir alguno se recibe por respuesta, nos quedamos sin stock, no puedo menos que pensar que no se trata de una aerolínea seria. Del personal de cabina nada que decir, trato correcto y cordial lo cual no aporta porque así debe ser. Al fin y al cabo de un negocio se trata. Si hay algo que he aprendido en este viaje, entre muchas cosas es: 1. No volver a volar en Air Europa y si se trata de que el único vuelo tal día es de Air Europa, entonces espero hasta que haya otro de otra empresa. 2 advertir a amigos e integrantes de mi comunidad de viajes acerca de la experiencia vivida ( no me ha pasado nada así ningunas de las empresas con las que tenido oportunidad de volar, ni parecido). 3 Si el vuelo es largo, y pese a lo que les advierto igual deciden darse contra la pared, recomiendo se lleven un tupper o recipiente similar que oficie de vianda. Lo que les dan de almuerzo ""por cortesía"" sencillamente es insuficientemente absurdo y si deciden que si no les alcanza la comida que les dan se compran algo abordo, les deseo suerte en esa tarea. Para finalizar, si ese abollón en lugar de estar en la maleta estuviese en un coche, quien produjo ese abollón debe hacerse cargo de repararlo a su costo, no es así? Según el criterio de Air Europa y de acuerdo a lo que nos explicó la funcionaria con la que hicimos el reclamo y que nada dejó por escrito, para que Air Europa se hiciera cargo de la reparación el daño tenía que ser tal que debía pasar luz o líquidos, es decir rajada o faltarle un pedazo. Argumento poco serio de esta empresa que no conocía y que ahora si, ahora conozco. PD. Los vuelos fueron UX5050 y UX045"
AEA_0685,Air Europa,Desconocido,Lisbon,Madrid,Europe,octubre de 2023,1,La peor línea aérea jamás perdió mi equipaje como miembro de élite nunca más volaré esta lamentable excusa de compañía
AEA_0686,Air Europa,"Córdoba, Argentina",Madrid,Cordoba,International,septiembre de 2023,2,"El vuelo COR-MAD fue bueno, pero el vuelo MAD-COR fue increíblemente malo. Durante el vuelo un personal a bordo me tiró basura encima (que se le cayó) y ni siquiera se disculpó, solo le importó que sus compañeros no lo vieran (no miró a los pasajeros, solo recoger del pasillo para que no se evidenciara). LLamé 3 veces al personal con la luz correspondiente y la apagaron sin concurrir. Fui a buscarlo y se interpuso para que no hablara con otra persona. Aún así, no se disculpó. También en el embarque en MAD nos trataron muy mal y se negaron a responder consultas básicas. Soy una pesona mayor y me movilizaba con bastón, el personal a bordo no me ayudó a ubicar mi equipaje de mano; tuvo que hacerlo un pasajero para evitar que interfiriera con el abordaje. Muy buenos aviones, muy malo el personal de Air Europa"
AEA_0687,Air Europa,Desconocido,Bogota,Milan,International,octubre de 2023,1,"Para que no les pase .... Quiero contarles la peor experiencia de mi vida, la he tenido con Air Europa, comprando piquetes aéreos para Italia mi tarjeta de crédito autorizo el pago y Air Europa no dijo nada hasta que llame a preguntar y me dicen que ellos no aceptaron la compra. Pero luego me envían comprobante de Devolución del tiquete y la pregunta es: Como es posible que me vayan a ""devolver"" la compra que se supone que no aceptaron?? Y el banco Davivienda me envía el comprobante de los intentos de compra y Air Europa dice que ellos no tienen el dinero y no tengo reservas. Entonces Superintendencia Financiera de Colombia debería respaldarme ahora que me quieren cobrar $10.000.000 por tiquetes que dicen que no tengo."
AEA_0688,Air Europa,Desconocido,Bilbao,Brussels,Europe,enero de 2023,1,"Volé con esta compañía a mediados de enero de 2023. Desde entonces estoy tratando de obtener compensación por mi maleta que ha sido dañada durante el vuelo. A partir de enero de 2023 , simplemente hacen ping - correos electrónicos pong y sin acción final. Al final, me pidieron que proporcionara un recibo de la compra de la maleta nueva. Sin embargo, no tiene ninguna correlación con el hecho de que rompieron mi artículo que tenía valor, así como mi presupuesto y plan de compra no es su negocio. Así que, en primer lugar, me mantuvieron en el aire, y desde mayo, empecé a ignorarme. Esta empresa no está dispuesta a cumplir con los compromisos y responsabilidades. Servicio al cliente profundamente frustrante."
AEA_0689,Air Europa,Desconocido,Buenos Aires,Madrid,International,septiembre de 2023,2,"El espacio entre asientos es inaceptable, mido 1,83 y no me entraban las piernas. En el vuelo de ida un baño estaba inhabilitado otra cosa inaceptable. En Madrid después de 12 horas te bajas en la pista y micro. A la vuelta en el asiento de atrás mio 2 personas con gatos haciendo miau toda la noche. La comida muy pobre inclusive me vino un pelo en el postre, un asco. Y pague más de 1500 dólares. No la recomiendo a esta aerolínea."
AEA_0690,Air Europa,Desconocido,Miami,Madrid,International,septiembre de 2023,3,"La razón por la que dejo una reseña es porque quería destacar un servicio en particular de Air Europe y es el check-in. Recibimos un servicio tan servicial y agradable del cheque - en el oficial llamado Xavier Gonzela (el apellido podría ser ligeramente diferente) , realmente quiero dar a este hombre una crítica positiva. Gracias a él volveríamos a elegir Air Europe. En general una buena experiencia con la empresa, el único punto negativo es que tuvimos que pagar 3 $ por persona por los tapones para los oídos si queríamos ver la televisión."
AEA_0691,Air Europa,Desconocido,Las Palmas de Gran Canaria,Madrid,Domestic,septiembre de 2023,3,"Buena compañía pero últimamente está dejando mucho que desear, soy una persona que suele viajar bastante, y las últimas veces he tenido problemas, cobro de elección de asiento por comodidad elijo mi asiento pagando el plus, cuando facture y le dieron la tarjeta de embarque pasillo se lo comunico a la operaria y me dice que está lleno, me parece genial pero yo hace un mes que pille el vuelo y elegí mi asiento además no me devolvieron el plus, luego tengo un viaje de negocios en el cual voy Justi de tiempo por lo tanto llevo una simple mochila y al intentar realizar el embarque online me dicen que no se puede lista de esperas que pase por ventanilla, voy justo de tiempo quiero agilizar mi vuelo y aún así tengo que hacer la cola en ventanilla y la última que para mí es la peor, soy un viajero asiduo y de normal cuando reservo un billete ya que siempre lo hago en Air Europa se auto rellena, pues la última vez que cogí un vuelo haciendo lo mismo de siempre resultó que me había olvidado de uno de mis nombres "" repito se auto rellena"" y por lo cual si quería viajar ese día y no perder el vuelo era sencillo solo tenía que pagar 50 euros para que me lo corrigieran, en conclusión nunca he tenido problemas pero últimamente considero que es una compañía muy mala que busca dinero y molestar hasta por respirar, ya no es fácil viajar ni se puede confiar en las ventajas de la aplicación online ya que no se puede hacer el check y no sólo eso hay que revisar todos los datos puesto que mágicamente ahora se cambian. Un saludo y muchas gracias."
AEA_0692,Air Europa,Desconocido,London,Havana,International,septiembre de 2023,3,"Habíamos organizado unas vacaciones en Cuba a través de una agencia de viajes y esta es la aerolínea que habían utilizado. Afortunadamente leí las críticas antes de viajar y tomar agua, bocadillos y auriculares. Recibe una comida para un vuelo de más de 8 horas y luego una taza de café más tarde. Asientos muy estrechos y aviones viejos. ¡El personal no sonríe a menudo! El vuelo de Gatwick a Madrid no estuvo tan mal, pero si ya no vas a volar, no utilices esta aerolínea. Tuvimos un vuelo diurno en el camino a Cuba y apagaron las luces la mayor parte del camino! Tres euros por unos auriculares baratos así que trae los tuyos."
AEA_0693,Air Europa,Desconocido,Madrid,Amsterdam,Europe,septiembre de 2023,1,"Son un poco estafadores, en el vuelo de ida me cobraron 40 euros por la facturación y en el de vuelta 65 euros... 105 euros en total, casi igual que lo que costó el viaje de ida. En Iberia express son 40€ en total la facturación, me parece una pasada lo de Air Europa, no volveré a volar con ellos...."
AEA_0694,Air Europa,"Múnich, Alemania",Munich,Madrid,Europe,septiembre de 2023,1,"La aplicación tenía un error (el día 3 en el mismo día) y el código QR no funcionaba en la puerta. El ""empleado"" fue grosero mientras me pedía que fuera al costado a imprimir un boleto físico, como si fuera mi culpa. Mi amigo, TU aplicación no funciona (muchas cosas en esta aerolínea). Por supuesto, elegiré cualquier otra aerolínea en el futuro."
AEA_0695,Air Europa,Desconocido,Las Palmas de Gran Canaria,Madrid,Domestic,septiembre de 2023,1,"No dejaron pasar a mi pareja después de pagar todo, no la dejaron por decir que no tenía residencia canaria y presentamos lo papeles y no nos dejaron. En fin sin vuelo viaje perdido y ellos se llevaron el dinero. No reserven vuelos con esta gente son unos ladrones."
AEA_0696,Air Europa,Desconocido,Madrid,New York City,International,septiembre de 2023,1,"Lamentable, todo lamentable. La compañía ha caído en picado a lo largo de los años. La primera sorpresa al hacer el check in online, viajó con mi pareja dos billetes comprados juntos y a uno nos da el 33F y a otro el asiento 13 B ESTANDO LIBRES EN EL MAPA DE ASIENTOS DEL AVIÓN MÁS DEL 80% aún del total. Un robo por el que tuve que pagar 18 dólares más para poder viajar junto a mi pareja en un vuelo de 8 horas, además sufro de aerofobia. Por lo demás, las azafatas , en concreto una de ellas hablaba a los clientes como si fuesen colegas o cortitos, vacilando a todo el que le daba la gana con comentarios a destiempo e impropios de una azafata de vuelo. La comida una única ración en un vuelo de 8 horas, el desayuno o merienda ahora son de pago. De verdad, para no volver a volar con ellos nunca mas. Prefiero pagar algo más y viajar con otras compañías de más calidad y mejor trato."
AEA_0697,Air Europa,"Collegeville, Pensilvania",Miami,Madrid,International,mayo de 2023,2,"La peor aerolínea en la que he viajado. Los asistentes actuaron como si odiaran sus trabajos y los pasajeros, excepto por 1 clase de calle a la que se inclinaron hacia atrás para dar servicio, mientras que el resto de nosotros fuimos tratados como ganado. La comida era terrible, el servicio horrible, los asientos incómodos, y pagué extra por espacio adicional para las piernas, nunca más volveré a usar Air Europa."
AEA_0698,Air Europa,Desconocido,Madrid,Tenerife,Domestic,septiembre de 2023,1,"En este vuelo el espacio para las piernas es minimo. Para colmo es de las compañias que permiten que el asiento delantero se pueda reclinar, con lo cual el espacio para el pasajero queda limitado muchisimo. Fue un vuelo muy incomodo. Aviso para futuros clientes."
AEA_0699,Air Europa,Desconocido,Alicante,Las Palmas de Gran Canaria,Domestic,septiembre de 2023,1,"Cogimos un vuelo con escala y el primer vuelo se retrasó 2 horas, así que perdimos el vuelo que nos llevaba al destino. Nos dieron para el siguiente vuelo que salía 6 horas más tarde, para nuestra sorpresa este último también lo retrasaron.teniamos que haber llegado a las 17h y llegamos a las 00:15. Pregunté al personal y la respues muy bruscamente fue: yo no puedo traer el avión. Jamás volaré con esta compañía más"
AEA_0700,Air Europa,Desconocido,Cordoba,Madrid,International,agosto de 2023,2,"Hemos hecho la reserva del vuelo para llegar a Madrid en un horario cómodo para personas de 70 años. 15 días antes nos envían un mail CONFIRMANDO que el vuelo se postergará un día, llegando a destino a las 4am. En 12 horas de vuelo solo hemos tenido como comida, saliendo a las 13hs Argentina, una ""cena"" a las dos horas después de embarcar. Se armaron filas largas durante el vuelo para pedir café a los azafatos. Una vergüenza la atención."
AEA_0701,Air Europa,Desconocido,Medellin,Tenerife,International,septiembre de 2023,1,Muy mala atención mi hija perdió su equipaje las tres maletas ya van tres días no dicen nada ni tedan solución muy mala atención
AEA_0702,Air Europa,"Provincia de Estocolmo, Suecia",Lima,Madrid,International,septiembre de 2023,2,"He tomado muchos vuelos de larga duración con muchas compañías diferentes, en todo el mundo, pero Air Europa tiene que ser uno de los peores. Esto se debe principalmente a dos razones. En primer lugar, solo sirven UNA COMIDA PARA UN VUELO DE 10 + HORAS, lo que es indignante y algo que nunca antes había experimentado. Y no solo eso, la comida era muy pequeña y lejos de llenar. En segundo lugar, apenas se puede reclinar el asiento, que en un vuelo de 10 horas + hace que le duela la espalda. Definitivamente no recomendaría esta aerolínea a nadie. Hay muchas más empresas dignas de precio por ahí."
AEA_0703,Air Europa,"Andalucía, España",Madrid,Amsterdam,Europe,septiembre de 2023,1,"Ya que estábamos para embarcar nos dijeron se cambiaba el avión. A otra puerta de embarque todos. Nos montan en el otro avión y nos dicen que por cuestiones técnicas se ha cambiado el avión. Lo malo venía ahora, todos sentaditos como niños obedientes, que no sabían cuando sería el despegue. Un viajero solicitó información de cuando despegaríamos y el personal del avión culpó a la torre de control. Más de 2 horas y media desde que estábamos sentados y ninguna explicación. ¿Por qué no dan la oportunidad de desembarcar y esperar en el aeropuerto? O de desembarcar y renunciar a ese vuelo..... Lo peor de todo es que no dan explicaciones.... Alguno viajero comentó que no nos quejáramos, que sabía que algún vuelo de esta nefasta compañía aérea había tenido a los viajeros dentro del avión hasta 12 horas esperando.... Para llorar, pasándose la pelota y sin pensar en los viajeros..... Una vergüenza, como para no volar nunca más con esta compañía....."
AEA_0704,Air Europa,España,Alicante,Miami,International,agosto de 2023,1,"Viaje con una maleta tipo caja con equipos de sonido muy caros y vestuario artístico muy exclusivo, por su formato y delicadeza la envié por equipaje especial en un vuelo alicante-madrid-Miami, cuando llegue a Miami, apareció por la cinta de equipajes regular y llegó con la tapa abierta y vacia casi al completo, de pesar 23kilos apareció con 7kilos, después de 15 días no contestan a nuestras llamadas, mails o whatssap, el material desapareció y nadie sabe dónde está? Todo muy raro, viajo muy asiduamente con la aerolínea y ha sido una decepción enorme, pensé que de verdad estaban comprometidos con estas situaciones tan “extraordinarias” la pregunta es, donde/quien tendrá mi material? Y por qué no quieren ayudarnos!!"
AEA_0705,Air Europa,"Palencia, España",Madrid,Bogota,International,agosto de 2023,1,"Hemos realizado muchos viajes de larga duración en avión y ninguno tan lamentablemente como este. Una sola comida en un vuelo de duración de 10h, les costaba hasta dar un vaso de agua. 3€ por unos auriculares de penosa calidad, asientos muy incómodos. Una vergüenza para un vuelo que costó más de 1200€ por persona"
AEA_0706,Air Europa,Desconocido,Panama City,Frankfurt,International,agosto de 2023,1,"El vuelo , tendria que salir a las 8:25 y se retraso 3 horas estuvimos que esperar 3 horas en el aeropuerto y la información , que nos dieron er retraso era de 45 minutos y esos 45 minutos se convirtieron en 3 horas , el vuelo salió a las 11:20 . 14 horas de viajes y solamente una comida y más de 10 horas de vuelo y un vs solo un bazo de agua . Más nada, !!!! Un viaje con retraso más de 14 horas y solo un bazo de agua , eso pensé que solo pasaba en los países de l tercer mundo increíble ,. Y cundo llegamos a Madrid para cambiar el vuelo , por supuesto que perdims el vuelo yen Madrid no nos esperaba nadie para la información de como hacer para toma el otro vuelo , increíble pésimo servicio"
AEA_0707,Air Europa,"Comunidad de Madrid, España",Madrid,Miami,International,agosto de 2023,1,"El Dia 9/08/ 2023 Air Europa me canceló un vuelo Madrid Miami, estando en la sala de espera, billete comprado el 30 de junio y ellos hicieron sobreventa. Muchos pasajeros nos quedamos en tierra"" me reubicaron en un vuelo de TAP al día siguiente.. por lo tanto el llegar un día después me perjudicó grandemente y cambió todos mis planes de regreso.. lamo para pedir un bono o reubicación de fecha.. y me dicen que no tengo derecho a nada de nada.. que habiendo aceptado el vuelo de TAP un día después..he perdido cualquier derecho. si ese vuelo fue impuesto no había más. quiero quien me puede ayudar a demandar a esta l Dia 9/08/ 2023 Air Europa me canceló un vuelo Madrid Miami, estando en la sala de espera, billete comprado el 30 de junio y ellos hicieron sobreventa. Muchos pasajeros nos quedamos en tierra"" me reubicaron en un vuelo de TAP al día siguiente.. por lo tanto el llegar un día después me perjudicó grandemente y cambió todos mis planes de regreso.. lamo para pedir un bono o reubicación de fecha.. y me dicen que no tengo derecho a nada de nada.. que habiendo aceptado el vuelo de TAP un día después..he perdido cualquier derecho. si ese vuelo fue impuesto no había más. quiero quien me puede ayudar a demandar a esta empresa que cada vez va a peor. empresa que cada vez va a peor."
AEA_0708,Air Europa,"Miami, Florida",Miami,Milan,International,septiembre de 2023,1,"Bueno, si quieres pasar 2 días viviendo en el aeropuerto y cambiar tu hora de llegada del 2 al 5 de septiembre , que esta Aerolínea es tu elección! La peor experiencia en toda mi vida teórica y espiritual. Cosas bastante agradables y a veces se puede ver un soplón de culpa. La próxima vez, voy a acelerar el paso de AirEurope isla de registro, quién sabe qué tipo de mala suerte se puede coger. Anímense,"
AEA_0709,Air Europa,Desconocido,Miami,Madrid,International,septiembre de 2023,1,"Mi madre nos reservó asientos en clase ejecutiva para mi cumpleaños, mi primera vez fuera del país y la primera vez que reservamos con aireuropa.nuestro vuelo fue reservado inicialmente para salir de Miami a las 9 pm un sábado y llegar al mediodía a Madrid al día siguiente. Actualmente son las 10 am del día siguiente, y todavía estoy atrapado en Miami. El vuelo se retrasó cuatro horas anoche, nos tenían subiendo y bajando del avión como si fuéramos un montón de niños de la escuela practicando ejercicios debido a “problemas técnicos” finalmente un poco después de la 1 am cancelaron el vuelo. 9 - 10 horas después, todavía no han podido recibir ninguna información. He hablado con al menos 10 representantes, todos los cuales no tienen información ni ningún vuelo que mi mamá y yo podamos tomar. ¿Alguna vez llegaré a España? No lo sé, pero sí sé que NUNCA más volaré con esta aerolínea, y sugiero que todos se hagan el favor y se ahorren el dinero. No podrías pagarme lo suficiente como para volver a volar con esta compañía."
AEA_0710,Air Europa,Desconocido,Porto,Miami,International,septiembre de 2023,1,"Tuve una experiencia muy mala con AirEuropa. Mi primer vuelo se retrasó, así que perdí el segundo. El servicio de atención al cliente para ayudar a resolver esto fue horrible y tomó alrededor de 5 horas. Una chica incluso se desmayó de estar en todas las filas durante ese tiempo. Me subieron al mismo vuelo al día siguiente, donde luego esperaron a los pasajeros de otros vuelos antes de partir, retrasando nuestro vuelo una hora. Tan inconsistente. También perdieron mucho equipaje de los que estaban en el vuelo retrasado. Justo decir que no recomendaría esta aerolínea en absoluto."
AEA_0711,Air Europa,"Illescas, España",Madrid,Palma de Mallorca,Domestic,julio de 2023,5,"Vuelos de ida y vuelta súper amenos .Una compañía excelente , el personal súper simpática y atenta. La compañía nos informaba de todo mediante correos electrónicos."
AEA_0712,Air Europa,Desconocido,Madrid,Havana,International,agosto de 2023,1,Mi maleta llegó rota a destino y solo atienden reclamaciones en ese momento en el aeropuerto. Asientos tipo Ryanair para vuelos de 10 horas y una sola comida cutre incluida tras el despegue. De vergüenza.
AEA_0713,Air Europa,Desconocido,Tenerife,Madrid,Domestic,agosto de 2023,1,"Nos vimos directamente afectados por el incendio de Tenerife, estando desalojados de nuestra casa durante casi 6 días, en cuyas fechas coincidía nuestro viaje que obviamente no pudimos realizar por las circunstancias. Tras varias llamadas a atención al cliente explicando nuestra situación, en las que no nos dieron respuesta y solo nos remitían a otros departamentos, y 2 reclamaciones por escrito, nos responden que no pueden realizar un bono o reembolso, ya que solo lo hacen en caso de hospitalización o fallecimiento. Previamente, estos mismos vuelos nos los cobraron dos veces, y no se hicieron cargo del error, fue el banco quien nos adelantó el dinero y quien se lo reclamo directamente a la aerolínea. En toda esta situación tan desagradable no nos han puesto ninguna facilidad y ni siquiera se han hecho cargo de sus propios errores, llegando a colgarnos el teléfono en varias ocasiones al explicarles la situación."
AEA_0714,Air Europa,"Valencia, España",Palma de Mallorca,Valencia,Domestic,agosto de 2023,1,"La peor de todas las compañías son duda, imposible viajar nunca tranquilo. Ya no más! A mi ya no me estafais más"
AEA_0715,Air Europa,"Pereira, Colombia",Palma de Mallorca,Medellin,International,agosto de 2023,1,"AIR EUROPA es la peor compañía con la que he viajado, cobran por todo, em un vuelo internacional de 11 horas solo dan un alimento caliente y el resto lo cobran, son unos incumplidos, a ultima hora se lleva uno la sorpresa de que retrasaron el vuelo, asignan hoteles de 0 estrellas para compartir con refugiados donde sientes miedo y quieres que la noche termine inmediatamente, todos se tiran la pelota cuando haces una reclamación, tengo mi equipaje perdido al cual me dan 21 días hábiles para dar una respuesta, el perjuicio es total porque si necesitas hacer uso de cosas tan básicas como tu ropa tienes que comprar y ellos no responden. no cometan el error de subirse a un avión de esta compañía incompetente."
AEA_0716,Air Europa,"Provincia de Barcelona, España",Santa Cruz,Barcelona,International,agosto de 2023,1,"Compre un vuelo desde la ciudad de La Paz ( Bolivia ) a Barcelona . Como Air europa no opera en La Paz el vuelo interno de la Paz a Santa Cruz de la Sierra era operado por la compañía aérea Amaszonas . Mi vuelo era el 15 de agosto. El 8 de agosto un juez dictamino que Amaszonas NO podía volar. NADIE de Air Europa me comunico que mi vuelo interno ( para poder llegar a mi vuelo internacional en Santa Cruz ) había sido ""cancelado"" . Al llamar a Atención al cliente la respuesta de Air Europa fue : ""Nuestra compañía NO opera en la Paz "" .... peroooo vende billetes des de la Paz ?¿?¿ Sinceramente, Si no pueden garantizar el vuelo interno ( porque trabajan con compañías sin garantías ) lo que deberían hacer es NO vender los billetes de avión . En mi caso, porque YO me entere en las noticias , pude adquirir dos billetes con Boliviana de Aviación para poder llegar a Santa Cruz a tiempo para tomar el avión a España , pero repito NADIE de Air Europa o Amaszonas me informo de nada Y aún continuo peleando para que se me abone este importe"
AEA_0717,Air Europa,Desconocido,Zurich,Madrid,Europe,agosto de 2023,1,Sois la peor aerolínea da asco volar con vosotros jamás lo volveré a hacer e intentaré que nadie que conozca lo haga
AEA_0718,Air Europa,"San Cristóbal de La Laguna , España",Miami,Madrid,International,agosto de 2023,1,El vuelo salía a las 9 y media luego nos montaron en el avión a las 10 de la noche porque se retrasó pero una vez montados se dañó el aire acondicionado y nos dejaron más de 1 hora dentro del avión abandonos sin aire sudando luego nos bajaron del avión y a esperar que arreglarán la avería
AEA_0719,Air Europa,"Astoria, Estado de Nueva York",New York City,Vigo,International,diciembre de 2022,1,"Reservamos un vuelo con Air Europa para nuestro viaje de Navidad para visitar a la familia de mi esposa en España. Cuando llegamos a la casa y abrí mi equipaje facturado me di cuenta de que me habían robado tres artículos. Todos los regalos envueltos para nuestra familia fueron destrozados. Pasamos horas hablando con servicio al cliente, sin ayuda. Dijeron que no puedes quejarte de objetos robados de tu equipaje después de salir del aeropuerto. No tenía la costumbre de abrir mi equipaje en el aeropuerto, obviamente nunca tuve un problema con los artículos robados de mi equipaje facturado antes de este incidente. Recomiendo a todos los viajeros que abran su equipaje en el momento de recibirlo y antes de salir del aeropuerto. Presentó múltiples reclamaciones, incluso a la policía local. El humor navideño se arruinó. La compañía nunca nos ofreció ninguna compensación."
AEA_0720,Air Europa,"Linares, España",Palma de Mallorca,Granada,Domestic,agosto de 2023,1,"Hola, el pasado 04/08/2023 tomé el vuelo procedente de Palma de Mallorca con destino Granada, hora salida 10:40h. Una vez dentro del avión y localizado mi asiento 15B procedo a ocuparlo,.... pasado unos segundos una Sra. me indica que ella tiene también el 15B, informamos de la incidencia a la tripulación poniéndole al corriente de la hecho.....comprueban lo sucedido y efectivamente hay dos pasajeros con el mismo asiento. Al ser una señora de avanzada edad, he decidido que sea ella la que no cambie de asiento y sea yo el que se mueva. Tan solo quedaba libre si mal no recuerdo el 31B, última fila.....al asignarme aleatoriamente el cheking el 15B, desisti el abonar por otro asiento mejor, pues consideré que era buena zona. De haberme asignado el 31b, lo hubiera cambiado por motivos obvios. Quiero expresar mis más enérgica protesta por el incidente ocurrido y hago una pregunta ¿que hubiera ocurrido si ambos nos hubiéramos negado a dejar nuestro asiento?...., animo a los pasajeros que denuncien hechos que como éste no se debe dar en una compañía aérea como Air Europa"
AEA_0721,Air Europa,Desconocido,Santiago de Compostela,Madrid,Domestic,agosto de 2023,1,"Mira habéis perdido un cliente porque sois unos peseteros las compañías aéreas, quedándoos con el dinero de la gente cancelando vuelos cuando queda más de un mes que esos asientos los vendéis de sobra y estáis robando a la gente es para denunciaros"
AEA_0722,Air Europa,Desconocido,Buenos Aires,Madrid,International,agosto de 2023,1,"Siendo las 17 hs del viernes 4 de agosto , me presenté para hacer el check in presentando mi pasaporte italiano. La señora que estaba a cargo me dijo que para ingresar a Uruguay necesitaba una tarjeta sanitaria. y yo le respondí que no, pues siendo Argentina integrante del Mercosur podía ingresar al Uruguay presentando solo el DNi. Entonces me pidió el pasaporte argentino y se lo di. Luego de examinarlo me dijo que de todos modos necesitaba la tarjeta sanitaria. Le dije que no tenía tiempo de hacerla pues el vuelo salía a las 18,20hs y que además no podía caminar bien pues como podía verse claramente, había sufrido un accidente en mi pie derecho. Y soy un hombre de 60 años. Entonces me gritó que ellla ME ESTABA AYUDANDO. Así pues estuve dando vueltas corriendo en un pie con el equipaje de mano por todo el aeropuerto hasta encontrar dónde hacían la tarjeta sanitaria.El empleado, muy amable me dijo que era absurdo que me pidieran tal cosa, siendo,además, un pasajero en tránsito y que no pensaba abandonar el aeropuerto. Me dijoque la tarifa eran 90 euros , y yo llevaba solo 100 dólares y pesos argentinos para mi regreso a mi ciudad, Mar del Plata.El empleado me aconsejó que volviera e insistiera, No tenía otra opción y ya el escenario de quedarme varado en Roma , sin dinero y en un pie era de terror. Por fortuna al regresar, otro empleado hizo el check in sin buscar problemas donde no los hay. Pasé el control de aduana t luego fui a cambiarme al baño pues estaba empapado en transpiración. Me senté luego en un banco, pues me había descompensado ysufrí un desvaneciiento del que salí al escuchar la última llamada que me hacían para embarcar, por megafonía. Durante el viaje lo he pasado horriblemente mal, con epsodios de asfiixia y con la presión por las nubes.Todo esto podría habérmelo ahorrado , tan solo con que la persona cargo del check in no hubiese sido tan neglegente y tan poco empática. Por lo que veo aquí en otras opiniones, además de que el servicio de abordo es pésimo el personal de la aerolínea está em perfecta sintonía pues es de lo peor."
AEA_0723,Air Europa,Desconocido,Vigo,Munich,Europe,julio de 2023,1,"A la llegada a Munich, tanto mi hermano como mi equipaje no llegaron. Completamos la información en el mostrador de AirEuropa, nos fuimos a casa, al día siguiente busqué en línea dónde quejarme y reclamar, etc. . ya que no se dio información en el aeropuerto, aparte de que te llamarán. Hace días que no tengo noticias. Con 5 días de retraso, la empresa de mensajería llamó para decir que estaban dejando mi equipaje fuera de la puerta de mi casa porque no estaba, sin tratar de organizar un tiempo que realmente podría recibir el equipaje de antemano. A la maleta le faltaban dos ruedas enteras, agujeros realmente grandes en la caja, y se niegan a devolverme el dinero que tuve que gastar para reemplazarla para poder viajar de regreso a casa. Aparte de la maleta, tuve que comprar algo de ropa interior, un top y un vestido / camisa para usar durante mi semana de vacaciones, que también se niegan a devolver. Escribí 2 reclamaciones y les proporcioné toda la información que requerían, una y otra vez, que es mucho, perdiendo el tiempo de la gente con la esperanza de que se rindan y no tengan que ser pagados. Me costó tiempo, dinero, y me sentí insultado por el trato que me dieron, cuando deberían estar actuando con responsabilidad, pidiendo disculpas y pagando de una manera fácil que no vierta las consecuencias de sus malos manejos y errores en sus clientes que pagan. Prácticas comerciales repugnantes, nunca viajaré con ellas ni les daré un centavo de mi dinero y seguiré diciéndole a todos que no las usen."
AEA_0724,Air Europa,"Madrid, España",Madrid,Amsterdam,Europe,agosto de 2023,5,"El día 9 de agosto hicimos un viaje a Ámsterdam desde Madrid, mi familia y yo con Air Europa. UX1091. A las 7.00am. No tengo más que palabras de agradecimiento. Mi madre sufrió un desvanecimiento en pleno vuelo y se portaron de diez con nosotros. La atención fue inmejorable y me gustaría que se supiera el buen trabajo y sobre todo la empatia de estos trabajadores de Air Europa. No sé si quiera vuestros nombres pero os estaremos siempre agradecidos. Lorena T."
AEA_0725,Air Europa,Desconocido,Malaga,Rome,Europe,julio de 2023,1,"Malísimo. Atención pésima, falta de capacidades resolutivas, personal nefasto. La empresa no se hace responsable por nada, una catástrofe."
AEA_0726,Air Europa,Desconocido,Madrid,Buenos Aires,International,agosto de 2023,1,"El vuelo fue un tormento, hacia un calor de morirse y no encienden el aire acondicionado. Varios pasajeros pedimos que lo hagan y la azafata decía que si pero no lo hacían. Los servicios son mediocres, como los de una low cost de mala categoría. Te cobran para elegir asiento y tb por cualquier otra cosa como los auriculares por ejemplo (3 euros). Cuando sirven la comida la anuncian con bombos y platillos diciendo que es una comida “gratis” que ofrecen y realmente no lo es..ya la pague con el costo del ticket. Es una low cost con precios de una tradicional."
AEA_0727,Air Europa,"Montevideo, Uruguay",Montevideo,Madrid,International,septiembre de 2022,3,"Vuelo correcto, abordaje sin demoras. Comida una sola de calidad inferior. La cena de Barajas a Montevideo fue mejor. Cancelamos el vuelo por pandemia y nos devolvieron los pasajes con fecha de caducidad."
AEA_0728,Air Europa,Desconocido,Lisbon,Palma de Mallorca,Europe,agosto de 2023,1,"Tuve que reservar porque perdí mi vuelo original. Me veo obligado a reservar clase ejecutiva, que es una broma! es un avión viejo, te dan media taza de agua y medio sándwich... . solo hazlo regularmente, pero no tuve opción. La mejor parte es que pierden mi equipaje ! ! ! en clase ejecutiva así que pagué todo este dinero por prioridad mínima y no les podía importar menos me sacudieron durante 2 días sigo esperando mi equipaje gastado el triple de dinero y “lo siento” mi viaje de cumpleaños se arruinó! gracias por nada evite esta aerolínea a toda costa hay un montón en su categoría úselos en su lugar"
AEA_0729,Air Europa,"Buenos Aires, Argentina",Madrid,New York City,International,julio de 2023,3,"Conseguí unos tickets a precio regalado por Air Europa y la verdad es que no sé si volvería a elegirles. Sucede que no entiendo qué tipo de aerolínea son: si una low cost o una legacy. Por ejemplo: te cobran los auriculares como las low cost pero ofrecen una comida caliente como las aerolíneas legacy, aunque te dan un solo vaso de bebida. El desayuno solo ofrecen café o té y si quieres comer una galletita debes pagarla. Los asientos son puramente aleatorios y un señor planteó que debía volar con su hijo al lado pues era autista y le dijeron que si no pagaba no se podía. El vuelo estaba sobrevendido y si viajabas solo o en parejas te decían que tenían prioridad familias y te dejaban en tierra sin explicaciones. En pocas palabras: es una caja de pandora o como dice Forrest Gump ""es una caja de chocolates que nunca vas a saber qué te va a tocar"". Ir esperando lo inesperado"
AEA_0730,Air Europa,Desconocido,Buenos Aires,Madrid,International,agosto de 2023,1,"Air Europa es un tormento. Las azafatas dan miedo y todo es de cuarta categoría. Lña pero manera de iniciar unas vacaciones. De dos asientos hicieron 3.Dicen que sus aviones son ecológicos ¿Será por eso que no encienden el aire acondicionado y no te tiran ni un vaso de agua? Más fácil que te sonría un cocodrilo que alguna de las azafatas, queparecen guardia cárceles. Dan vergüenza ajena, pasan vendiendo esos auriculares que no valen ni 10 céntimos a 3 euros. Dicen que ofrecerán un ""almuerzo o cena gratuita"" -como si uno no lo hubiese pagado largamanete con el precio del pasaje-, dicho almuezo consiste en 73 granitos de arroz y unas chauchas con dos daditos de pollo. Eso sí, si ""dan "" almuerzo, no darán cena, y viceversa.Todo el persdonal malhumorado y de mala hostia, se ve que les deben estar adeudando los sueldos. Es preferible gastarse unos dólares más que viajar así, embutidos como salchichones. Una experiencia espantosa, tanto a la oda como a la vuelta. Nunca Más."
AEA_0731,Air Europa,"Las Rozas, España",Madrid,Cordoba,International,agosto de 2023,1,He comprado 3 maletas por valor de 400EUROS y hecho la oferta de 500 euros por billete para el paso a Business class y me han comunicado la subida de clase cuando estaba ya de camino al Barajas. Ahora me encuentro con 7 maletas y 400 euros menos en mi cuenta. LLamo para hacer la reclamación y me dicen que no me pueden reembolzar ni uno ni cancelar el otro... Un verdadero Robo. Espero que me reembolsen las maletas.
AEA_0732,Air Europa,Desconocido,Madrid,Frankfurt,Europe,agosto de 2023,1,"Me disponía a viajar con ellos en breves, pero por un contratiempo me vi obligado a solicitar la cancelación del vuelo al día siguiente de haberlo reservado y con una antelación de 1 mes hasta la fecha del propio vuelo. Pues bien, cual ha sido mi sorpresa que me comunican desde la agencia intermediaria (Booking) y desde la propia Air Europa, que la reserva no es reembolsable. Según ellos al no ser reembolsable no me devuelven ni un euro del billete pagado. Esto me parece de una gravedad EXTREMA y debe ser puesto en conocimiento de todos y cada uno de los clientes que con ellos vayan a volar, para que tengan totalmente claro el viaje antes de reservar un vuelo con esta compañía."
AEA_0733,Air Europa,"Bowral, Australia",Barcelona,Palma de Mallorca,Domestic,agosto de 2023,1,"Pagamos 60 € extra por “Equipaje extra” y nos dijeron que teníamos que comprar una maleta completamente nueva, a pesar de que ya pagamos por EQUIPAJE EXTRA. Terminamos teniendo que pagar 60 € extra por equipaje adicional de lo contrario tuvimos que comprar una maleta nueva por un mínimo de 150 €. Absolutamente ridículo y es solo una forma de robar dinero a la gente. 120 € después. ¡No vuelen con esta compañía!"
AEA_0734,Air Europa,Desconocido,Athens,Porto,Europe,julio de 2023,1,"Horrible atención al cliente, queríamos pagar porque teníamos un equipaje extra, la señora del check in nos gritó por tener equipaje extra, se quejó de que NO quería que pagáramos, cuando QUERÍAMOS pagar. Horrible actitud."
AEA_0735,Air Europa,Desconocido,Valencia,Punta Cana,International,agosto de 2023,1,"De Valencia a Madrid no tuvimos problemas, todo fluido, lo peor fue de Madrid a Punta Cana. El vuelo fue bien, aunque la comida es deprimente. Sabía horrible y no te entra nada más que un par de vasos de agua después de todo lo que has pagado por el vuelo. Nos rompieron la maleta facturada y no se han hecho responsables de ello. Nos piden un papel que no nos quisieron dar en el destino porque era todo telemático y hemos perdido el derecho a reclamar porque sus agentes son unos incompetentes. No recomiendo volar con ellos. La primera y la última vez."
AEA_0736,Air Europa,Desconocido,Zurich,Santa Cruz,International,julio de 2023,1,"Viajábamos con nuestro bebé de 7 meses y compramos un billete en consecuencia. Una vez que subimos al avión nos dimos cuenta de que nos habían asignado una ventana y un asiento central en una fila muy atrás cerca de los baños. No solo habíamos pagado considerablemente extra, sino que tuvimos que soportar un vuelo de 11 horas con el bebé de rodillas. La tripulación fue amable, pero no hizo nada para mejorar la situación. La peor compañía con la que he volado, y he volado con muchas diferentes. ¡Evite Air Europa a toda costa si viaja con niños!"
AEA_0737,Air Europa,Desconocido,Marrakech,Lisbon,International,agosto de 2023,1,"Cancelamos nuestro vuelo y nunca nos lo comunicaron. Nunca recibimos ningún correo electrónico o llamada telefónica. Mientras tanto enviándonos decenas de emails con publicidad y campañas. Solo nos enteramos porque comprobamos nuestra reserva. De lo contrario nunca lo habríamos sabido, ni siquiera recibimos un reembolso hasta que los llamamos. La excusa que nos dieron para el vuelo cancelado en noviembre fue ""las malas condiciones climáticas en el invierno"". No nos ofrecieron ningún vuelo alternativo, diciendo que todos los vuelos hasta marzo fueron cancelados debido a las condiciones climáticas. ¿Por qué programar los vuelos? ¿No sabían que el tiempo es malo durante ""el invierno"" (noviembre? ). ¿Pueden predecir el tiempo? De todos modos, un servicio absolutamente terrible. NUNCA MÁS."
AEA_0738,Air Europa,"Baildon, Reino Unido",Madrid,Lima,International,septiembre de 2022,2,"Volamos 4 vuelos en total, de Londres Gatwick a Madrid y luego a Lima y regresamos a la misma ruta. El vuelo de 11 horas a Lima fue impresionante, nos invitaron a 1 comida y 2 bebidas que después de haber hecho unos cuantos vuelos de largo recorrido antes es pobre. La posición de los asientos era tan incómoda, con menos espacio para las piernas que Ryanair durante un largo recorrido de 11 horas, que es lo peor que he experimentado. El registro de entrada abrió muy tarde, y como reservamos un salón que esperamos en la fila durante una hora, luego procedieron a abrir un escritorio en otro lugar, así que terminó cerca de la parte trasera de nuevo, con cintura de una hora en el salón. El personal tampoco era muy amable. Mala experiencia en general. Lo único positivo fue que el vuelo aterrizó a tiempo"
AEA_0739,Air Europa,Desconocido,Cordoba,Madrid,International,agosto de 2023,3,"Es una linda aerolínea para mi gusto el espacio de los asientos es correcto. La comida alcanza justo. Molesta lo estrictos que son con cosas sin sentido como si te pasas por 100 gr te quieren cobrar exceso de peso y ni hablar si pides cambiar tu lugar te quieren cobrar 15 euros por moverte un asiento ,eso es muy molesto por eso mi puntuación ya tengo varios viajes con ellos y antes no era asi"
AEA_0740,Air Europa,Desconocido,Madrid,Bogota,International,julio de 2023,1,Pésimo servicio Una aerolínea totalmente desorganizada Con grandes cantidades de sobreventa Pérdidas de equipaje y nadie responde
AEA_0741,Air Europa,Desconocido,Munich,Madrid,Europe,julio de 2023,1,"Teníamos un vuelo mi pareja y yo, y había overbooking en el avión, hemos estado esperando y nos han dicho que yo volaba en uno y mi pareja en otro, a mi pareja le han hecho mal el billete y no ha podido volar, teniendo que quedarse toda una noche en Alemania."
AEA_0742,Air Europa,"Chia, Colombia",Madrid,Bogota,International,julio de 2023,1,"En el viaje con a família tuvimos una desagradable experiencia con aireuropa, problemas de retraso del vuelo pero lo peor fue la pésima atención al cliente, la funcionaria grosera, horas en la fila para buscar una solución y nadie hizo caso al problema, vuelos con overbooking, conexión con retraso y descaso total de la cia aérea. NO RECOMIENDO"
AEA_0743,Air Europa,Desconocido,Buenos Aires,Palma de Mallorca,International,julio de 2023,2,"Vuelo a horario con una escala en Madrid. Distancia entre asientos mala. Comida escasa ( 12 hs de vuelo Bs As- Madrid), una sola comida y muy mala. Asiento que tenía TV escondido y que en ningun momento se instruyó a los pasajeros al respecto. Se pagó 1500 euros por un viaje ida y vuelta que dejó mu chi que desear, al menos en la ida que es la etapa cumplida. Los dos puntos se los doy por el horario cumplido."
AEA_0744,Air Europa,"Turín, Italia",Milan,Medellin,International,julio de 2023,1,"Será la última vez que vuelva a volar con Air Europa, especialmente porque hay otras compañías válidas que vuelan a Sudamérica desde Europa a un precio similar. TODOS los aviones que tomamos llegaron tarde, el espacio para las piernas es inexistente (soy una señora alta, y sufrí) , solo una comida en un vuelo de 11 horas, hay que pagar por los auriculares y, en el vuelo de Medellín a Madrid solo había 2 baños en funcionamiento en todo el avión. Mala experiencia."
AEA_0745,Air Europa,Desconocido,Madrid,La Coruna,Domestic,julio de 2023,1,"Son un auténtico desastre,nos dicen si queremos facturar el equipaje de mano gratuitamente,decimos que no porque llevamos cosas de cristal que se pueden romper y preferimos llevarlas nosotros,nos dixen que sin ningún problema.Llegamos a la cola para entrar al avión,que no estaba especificado cual era la de preferentes y cual la normal por lo cual las colas estaban mal hechas y al entrar nos dixen que tenemos que facturar,que no hay hueco en el avión para el equipaje.Nos dicen que o la facturamos o nos quedamos fuera,obviamente accedemos y al llegar a nuestro asiento nuestra sorpresa es que la azafata nos espera con el porta equipajes superior abierto y con espacio para 3 maletas como la nuestra,"
AEA_0746,Air Europa,Desconocido,Vilnius,Palma de Mallorca,Europe,julio de 2023,5,"Muy majos, pero sobre todo la azafata llamada Kayla, un encanto de azafata la verdad,muy atenta y entusiasta , me atendio mejor que en ningun vuelo, quede encantada! sin duda viajaria con esta compañía mil veces mas!"
AEA_0747,Air Europa,Desconocido,Buenos Aires,Madrid,International,junio de 2023,2,"La comida no estaba buena y te cobran hasta el auricular para usar la pantalla. El precio es de una aerolínea común, pero el servicio es de una low cost. Por el mismo precio vas mejor en otra aerolínea."
AEA_0748,Air Europa,"Palma de Mallorca, España",Bilbao,Palma de Mallorca,Domestic,julio de 2023,1,"Rompen el equipaje y ni siquiera se dignan a cojer el teléfono te dejan en espera más de 10 min y después te cortan la llamada, les mandas email y no contestan."
AEA_0749,Air Europa,Desconocido,Zurich,Santo Domingo,International,julio de 2023,2,"No recomiendo Air Europa basado en mi experiencia con la aerolínea. Durante mis recientes vuelos con ellos, me encontré con varios problemas que me dejaron insatisfecho. En primer lugar, tuve que pagar 180 francos suizos adicionales por vuelo (un total de 360 francos suizos) para transportar mi equipo de kitesurf. Esta tarifa no era aplicable cuando viajé con Edelweiss, que ofrecía una política mucho más amigable con el cliente en este sentido. Además, el servicio global prestado por Air Europa era inferior al previsto. Al parecer, la tripulación de cabina tenía poco interés en atender las necesidades de los pasajeros y parecía evitar trabajar siempre que era posible. Por ejemplo, intentamos pedir bebidas durante las 8 horas de vuelo, dispuestos a pagarlas, pero nunca pudimos hacerlo, ya que la tripulación no se puso a disposición para tales solicitudes. Otro problema que encontré fue la barrera del idioma. Numerosos empleados del vuelo no hablaban inglés, lo que dificultaba la comunicación y la obtención de la información necesaria. Por último, parece haber una falta de coordinación y comunicación entre los diferentes departamentos de la compañía aérea. Esto provocó confusión e inconvenientes durante el viaje. En general, mi experiencia con Air Europa fue decepcionante, y aconsejaría considerar otras aerolíneas, como Edelweiss, que ofrecen un mejor servicio, políticas transparentes y una comunicación más eficiente entre los miembros del personal."
AEA_0750,Air Europa,Desconocido,Rome,Madrid,Europe,julio de 2023,1,Nos perdieron y rompieron la maleta y están tratando de poner todas las trabas posibles con la indemnización. Mientras tanto tenemos que hacernos cargo nosotros de la compra de dichos objetos. La peor aerolínea. Es una vergüenza que este tipo de cosas sucedan y el consumidor esté indefenso.
AEA_0751,Air Europa,Desconocido,Alicante,Miami,International,julio de 2023,1,"La peor aerolínea, no tienen una política de crédito o reembolso y los agentes son horribles! No vuele Con Air Europa EVITALOS A TODA COSTA"
AEA_0752,Air Europa,Desconocido,Cancun,Madrid,International,junio de 2023,1,Vuelo en un transatlántico de ensueño pero servicio desde el INFIERNO! nunca más! 12 horas sin comida y tienen que tener tarjeta de crédito y la comida es solo macarrones y pan
AEA_0753,Air Europa,Desconocido,Medellin,London,International,julio de 2023,1,"No la recomiendo para NADA, llegué el 17 y no saben la ubicación de mi maleta de 23k donde traía TODA la ropa, estoy sin ropa y con un par de tenis, sin dinero suficiente porque o hago turismo o compro ropa innecesariamente que ya traía y tenía, aunque la verdad me he sentido tan triste, que no provoca salir. Fiasco de vacaciones gracias a la aerolínea de Air Europa, hixe el reporte y cada que llamo a averiguar cada que doy el pir, la respuesta es: Seguimos en la búsqueda, y cuelgan. Que servicio al cliente TAAAAN pésimo. Demasiado deprimente todo. No sé qué más hacer, ni para dónde coger."
AEA_0754,Air Europa,Desconocido,Valencia,Tel Aviv,International,junio de 2023,1,"Tuve una experiencia horrible con esta compañía de vuelos. Cuando reservé inicialmente mi vuelo para una fecha específica, me sorprendió descubrir una fecha diferente indicada en mi billete después de realizar el pago. Me puse en contacto con su servicio de atención al cliente, me quedé sorprendido cuando insistieron en las comisiones de penalización por su propio error. A regañadientes, pagué 159 dólares adicionales , solo para luego darme cuenta de que mi vuelo también había sido reprogramado a una hora diferente sin mi consentimiento o confirmación. Inmediatamente solicité que se cambiara a la hora original que había reservado, pero desafortunadamente, la compañía se negó a acomodar mi solicitud. Frustrado, intenté escalar el asunto pidiendo hablar con un gerente en múltiples ocasiones, interactuando con diferentes agentes llamados Elli y Karen. Lamentablemente, mis solicitudes de asistencia quedaron sin respuesta, y en su lugar, exigieron persistentemente más dinero. Se me hizo evidente que esta compañía puede estar involucrada en prácticas deshonestas, y advierto a otros que tengan precaución y estén al tanto de esta posible estafa."
AEA_0755,Air Europa,Desconocido,Brussels,Miami,International,agosto de 2022,1,"Si pudiera dar 0 estrellas, lo haría. Nuestro equipaje nunca llegó a América, y tuvimos que luchar durante tres meses. Nuestra medicación estaba en la maleta. Ahora, un año después, seguimos luchando por una indemnización, y solo estamos recibiendo 100 euros... ¡Y no estábamos solos! Otros en nuestro vuelo tuvieron la misma experiencia. Con solo visitar su página web, ya puedes ver lo sombría que es una aerolínea."
AEA_0756,Air Europa,"Palma de Mallorca, España",Alicante,Palma de Mallorca,Domestic,junio de 2023,1,"Mas de 4 horas de retraso en un vuelo Alicante a Palma de Mallorca, Sin ninguna explicación y ahora no quieren compensar los 250€ No pude asistir a un reunión importante que tenia. Una vergüenza de compañía Falta de credibilidad total"
AEA_0757,Air Europa,"Palma de Mallorca, España",Alicante,Palma de Mallorca,Domestic,junio de 2023,1,"AIR EUROPA SE SALTA LOS DERECHOS DEL VIAJERO QUE ELLOS MISMOS TE ENVIAN, DESPUES DE MAS DE 4 HORAS DE UN VUELO UNA AUTENTICA VERGUENZA"
AEA_0758,Air Europa,Desconocido,Palma de Mallorca,Bilbao,Domestic,julio de 2023,1,"Esta mañana teníamos un vuelo de Palma de Mallorca a Bilbao a las 8 de la mañana,íbamos dos adultos y dos niños de 10 y 6 años.Hemos llegado al sacar los billetes a las 7 y 25 y nos han dicho que habíamos perdido el vuelo por 10 minutos,faltaban 35 minutos para que despegará y no teníamos que facturar maletas,solo equipaje de mano.Simplemente vergonzoso ver la cara de mis hijos medio llorando y tres o cuatro chicas charlando porq el check in estaba desierto.Un poco de humanidad por Dios,Simplemente vergonzosa la actitud del personal de air europa.NO VOLEIS CON ESTA COMPAÑIA POR FAVOR.Les ha dado igual dejarnos tirados sin avión y sin hotel."
AEA_0759,Air Europa,"Buenos Aires, Argentina",Buenos Aires,Madrid,International,mayo de 2023,2,"Asientos incómodos, baños sucios. No ofrecen ni un vaso de agua extra, salvo que la pagues. El peor de mis viajes a España"
AEA_0760,Air Europa,Desconocido,Madrid,Tenerife,Domestic,julio de 2023,1,"Llegamos al aeropuerto para volar con AIR EUROPA y descubrir que habían revendido nuestros billetes y nos pusieron lo que llamaron “stand by”. No podían decirnos hasta los últimos 2 / 3 minutos antes de la salida si teníamos un asiento en el vuelo o no. Un miembro del personal era amable y comprensivo, pero el otro nos estaba respondiendo mal y cuando empecé a llorar de frustración por la preocupación de no volver a casa con mis hijos cuando lo habíamos planeado ella dijo “¿era tan malo”. Esto fue tan estresante y una experiencia absolutamente horrible que tendría cuidado si viajara con esta empresa, ya que parecen desesperados por ganar cualquier dinero extra que puedan, independientemente del estrés y las molestias causadas al cliente."
AEA_0761,Air Europa,"Barcelona, España",Barcelona,Bogota,International,junio de 2023,1,"Mala experiencia falta de comodidad tanto en la ida como la vuelta veo muy reducido la parte de asientos ,te cobran los auriculares un viaje de 12H con una sola comida solo te ofrecen con sus productos de pago como colonia o tabaco etc ,lo mismo tienen el aire súper alto y la gente tosiendo o te tienen con el aire muy bajo no dan una,entre más cosas que he leído y me han pasado no viajo más con ellos aparte un retraso en Madrid Barcelona en fin,que les queda mucho mucho por mejorar ."
AEA_0762,Air Europa,Desconocido,Ibiza,Buenos Aires,International,julio de 2023,1,"Pésimo servicio de atención al cliente. Me extraviaron la maleta hace ya 5 días y no logré que alguien me diera una respuesta. Solo respuestas robóticas de personas que repiten sus respuestas sin escuchar al cliente y te cortan el teléfono. Se ve que enEspaña esta permitido cortarle la comunicación al cliente. Yo no lo había vivido en ningún otro país. Mi reclamo en todo momento fue con respeto e intentando recibir información que, hasta hoy, no la obtuve. Casi 6 días y seguimos sin noticias de la maleta. Primera y ultima vez q viajo en Air Europa. Qué pena que nadie controle que se respeten los derechos del consumidor!"
AEA_0763,Air Europa,Desconocido,Madrid,Miami,International,junio de 2023,2,"Si las ratas tuvieran aerolíneas fueran dueñas de Air Europa. Los asientos tan pegados que no caben los pies (dejo fotos). Cobran más de mil euros por un vuelo y después te venden los auriculares. En un vuelo de 9 horas la comida regular y escasa. No dan merienda, si la quieres te la tienes que pagar."
AEA_0764,Air Europa,"Málaga, España",Madrid,Santo Domingo,International,julio de 2023,5,"Mi vuelo de Madrid a Santo Dominó y de vuelta fue en un Boeing 787 Dreamliner. Volé por negocios y los asientos eran excelentes y, como estaba por mi cuenta, tenía un asiento de ventana / pasillo. Hay pocas cosas que Boeing esté por delante de Airbus. Boeing usa menos combustible. Las ventanas son auto teñidas, así que no había ningún mayordomo inclinándose sobre ti para bajar la persiana con una revista. Las taquillas son enormes. La presión del aire de la cabina es más baja, lo que significa que en un vuelo de larga distancia se siente menos cansado. Me gustaba el asiento, y al ser un asiento de ventana, había un estante en el que podía poner mi libro y mi ipad. Mucho espacio. Me gustó especialmente la forma en que el reposabrazos se plegaba para permitir una fácil salida del asiento. La mesa era de un tamaño decente y se sentía segura. La tripulación era alegre y atento, las comidas eran buenas y las porciones generosas. El desayuno fue especialmente notable con yogur y fruta fresca, huevos revueltos y salchicha, crossant y una taza de pastel. Si hubiera una crítica sería que el ron fuera Bacardi, al que cualquier bebedor de ron serio es para que los adolescentes lo mezclen con coca cola. Desafortunadamente después de mi segunda copa se quedaron sin cava, pero me ofrecieron un buen vino blanco en su lugar. Nunca he conseguido conectarme a su wifi, pero tampoco he conseguido conectarme nunca a Iberias. Air Europa utiliza las salas VIP de AENA en Madrid. El vuelo estaba a tiempo en ambas direcciones y volvería a volar con ellos."
AEA_0765,Air Europa,"Vecindario, España",Las Palmas de Gran Canaria,Madrid,Domestic,junio de 2023,2,Llevamos desde el 12 de Junio sin maletas y hemos presentado varias reclamaciones y siempre nos dicen que la maleta esta en REPARTO pero ya llevamos 22 dias sin maletas y no vemos a nadie responsable . Es una gran desorganizacion con nombre de Aerolinea. Dicen que tienen localizada la maleta pero vamos para 1 mes sin la maleta. Estamos desesperados porque teniamos documentos y medicamentos que ya los necesitamos
AEA_0766,Air Europa,Desconocido,Miami,Madrid,International,mayo de 2023,1,"Estamos muy abrumadas e iremos explicando todo lo sucedido el pasado 29 mayo en el vuelo 098 de las 9:00 pm hacia Madrid que después de estar en el aire por mas de una hora regresamos hacia Miami nuevamente y en cual nos dejaron mas de una hora encerrados en la aeronave todos los pasajeros en estado critico y nos enviaron hacia un hotel segun cabía todos los pasajeros. Lo cual le estamos pidiendo una constancia que el vuelo fue cancelado y la aerolínea nos da la espalda,,,Necesitamos ser oidos y que el mundo sepa que esta aerolínea no responde cuando pasa un incidente, estaros reportando por todos los medios lo que sufrimos los pasajeros despues de una hora en el aire y otra hora en tierra cuando regreso, porque nos deberian de dejar salir y lo que hiciern fue dejarnos encerrados sin una gota de aire con las temperatura muy caliente y casi sin oxigeno, tengo videos de personas casi desmayadas y todos los pasajeros desesperados despues de una hora en tierra, cuando fuimos al aeropueto a pedir una forma de prueba que el vuelo fue cancelado por probleamas tecnicos no dan la espalda u una senora llamada MONIC la cual es la manager del mostrador de MIami International nos ha tratado mal y nos ha gritado en frente de todos los pasajeros diciendo que el vuelo no fue cancelado y que ella no tiene nada que darnos, contacte a la aerolinea por facebook y tambien me dio la espalda, es por eso que su pagina en el dia de hoy he post los videos de los pasajeros agodas y una senora casi desmayada sin oxigeno quien ha pasado por este pedimos alguna sugerencia, ya que hemos estado por mas de dos semanas en esta terrible situacion, por favor me pueden contactar saint.floridarealtor@gmail.com"
AEA_0767,Air Europa,Desconocido,Madrid,Bilbao,Domestic,julio de 2023,2,"Voy a hablar de mi experiencia en el vuelo de ayer día 2 de julio de Madrid Bilbao que salía a las 10 de la mañana. Pues bien, primero el personal fue muy amable , así que de eso no tengo quejas, si no de lo que ocurrió después cuándo se estropeó el aire acondicionado ( que en ningún momento fue culpa de los azafatos o de nadie, sólo faltaba) Pues bien , como digo, se estropeó el aire acondicionado y el calor que hacía ahí dentro era inhumano pero inhumano, pero nada, imposible respirar, y obvio no podíamos salir hasta que no se solucionara(finalmente salimos una hora tarde). Esas cosas pueden pasar, pero de lo que me quejo es que no fueron capaces de darnos una simple bebida ni un agua ni nada hasta que fuimos los pasajeros quienes después de llevar ya 45 minutos asfixiados ( a punto de la lipotimia), lo pedimos. Entiendo que la culpa no fue de los azafatos, si no de la persona que tiene que dar la orden. No me parece normal que si ha habido un problema con el aire ( que eso puede pasar, hasta ahí de acuerdo), no haya alguien que diga, oye ya mismo dadles algo de beber aunque sea un agua a los pasajeros sin que ellos os los tengan que pedir. Ni que fuera una de bajo coste, y aún así, un poco de humanidad. Me pareció inhumano por completo. Muy muy mal Air Europa. Y luego en todo el vuelo ni una bebida nos dieron. Sólo el agua que les pedimos (medio caliente) que no llegó para todos y que tuvimos que ser los pasajeros trás estar lipotimiados durante 45 minutos los que tuvimos que pedirlo."
AEA_0768,Air Europa,"Lanzarote, España",Lanzarote,Las Palmas de Gran Canaria,Domestic,julio de 2023,1,"Reservé vuelos de regreso para un amigo y yo con esta gente. No fue hasta después de completar mi reserva y pagarla que el correo electrónico de confirmación me informó que mis vuelos no estarían con ellos, sino con Canary Fly. Revisé la página web de Canary Fly y comprobé el coste de los vuelos con ellos - Air Europa me había cobrado el DOBLE del coste del vuelo que habría pagado si hubiera reservado directamente con Canary Fly! Si me dijeran antes de completar la compra que el vuelo sería con otra aerolínea, obviamente tendría que revisarlos para ver los precios de los vuelos primero! Además, mi descuento para residentes canarios no se aplicaba a mis entradas, y cuando llamé para llamar su atención, básicamente me dijeron “difícil, no podemos hacerlo ahora”. Así que además de pagar el 100% más a través de ellos, también pagué el 75% más de lo que debería haber pagado con descuento de residentes. Evita esta compañía como la plaga."
AEA_0769,Air Europa,Desconocido,Madrid,Brussels,Europe,junio de 2023,5,"Puntual y atención correcta tanto a la ida como a la vuelta , embarque normal, información completa en todo momento"
AEA_0770,Air Europa,Desconocido,Madrid,Las Palmas de Gran Canaria,Domestic,junio de 2023,1,"La peor pesadilla , todo el viaje si aire acondicionado, la gente casi se mueren, 40grados de temperatura en el avión y el piloto no hacia nada , las azafatas asustadas , se quedaron sin agua , sin bedida alguna . Mi nuera se desmayó con le bebe en sus brazos. Vergüenza de compañía . Retraso de una hora y 10 minutos , cerraron las puertas y la gente se morían de calor y encima que no funcionaba el piloto despegó hacia la Isla ."
AEA_0771,Air Europa,Desconocido,Havana,Lisbon,International,junio de 2023,5,"Viajamos con Air Europa después de haber tenido una pésima experiencia con la compañía Iberia. Era nuestra viaje de regreso de La Habana para Lisboa. Ya soy cliente habitual y me dio mucho placer ser reconocida por eso. Mi novio y yo fuimos seleccionados para la clase de negocios donde la atención prestada por la tripulación fue maravillosa. No fue el asiento confortable, mayor espacio, condiciones del servicio premium que mas nos marcó y si la amabilidad de los trabajadores de esta compañía. Soy intolerante a los lácteos y no lo había informado. Cuando llegó la hora de la comida, ya no tenían mas pollo y solo pasta con queso para ofrecer, atención que no concuerdo con que se terminen los alimentos porque todos tenemos derecho pero una tripulante me ayudo a encontrar otra solución, cuidó de mi y eso no se paga con nada. Muchas gracias Air Europa por todo, nos vemos pronto porque continuaré a viajar con uds"
AEA_0772,Air Europa,Desconocido,Madrid,Miami,International,junio de 2023,1,Terrible servicio en general ninguna recomendación nunca volar con ellos volaba como sardinas en lata
AEA_0773,Air Europa,Desconocido,Madrid,Cusco,International,mayo de 2023,1,"AIr Europa nos dejó varados en Lima a las 4. 00 am ya que el vuelo conectado del que eran responsables se canceló, No nos han informado que la aerolínea había dejado de operar y tuvimos que conseguir nuevos billetes que nos costaron más dinero y tuvimos que esperar para conseguir otro vuelo. Hablé con el personal del aeropuerto y dije que tengo que hacer una queja y obtener un reembolso, tardará 30 días, lo hice , me dijeron que tarda 45 en obtener el dinero y aún así no tengo noticias de ellos , vuelvo a llamar dicen que ahora tarda 60 días . . eso es ridículo, El personal es poco profesional y despectivo por decir lo menos. No pudimos hacer un check-in online y nos causó tanto estrés y dinero extra hacerlo online, al reservar el viaje me cobraron dos veces e hicieron un sobregiro en mi cuenta ya que los billetes eran de un importe de 4 dígitos. Nunca reconocieron su error, nunca dijeron oh sentimos lo que te pasó y tuvimos que esperar a ser devueltos a mi cuenta, me quedé sin dinero por 3 días"
AEA_0774,Air Europa,Desconocido,Malaga,Madrid,Domestic,junio de 2023,1,SERVICIO HORRIBLE Me hizo revisar una maleta de tamaño cabina (la he llevado en muchos vuelos y nunca ha pasado) a pesar de que la mitad del avión estaba vacío.
AEA_0775,Air Europa,"Buenos Aires, Argentina",Madrid,Buenos Aires,International,junio de 2023,1,"No viajen en esta compañía !! Vergonzoso !! No te dan ni agua en un viaje de 14 hs . La comida pésima , la atención perversa !! Acabo de venir de España , en el mes de junio de 2023 !! De la cantidad de viajes que hice jamás una experiencia tan horrible , a estos no los controla nadie , no cumplen las condiciones de compra !!"
AEA_0776,Air Europa,Desconocido,New York City,Madrid,International,junio de 2023,1,"Mi marido y yo estábamos ansiosos por viajar a Madrid en nuestra luna de miel. Durante el viaje, las aerolíneas perdieron mi equipaje facturado. Intentamos contactar con el servicio de atención al cliente varias veces, lo que fue difícil de hacer. Tardamos más de una hora en conectarnos con alguien por teléfono que no tenía idea de lo que estaban haciendo o la conciencia de lo que le pasó a la bolsa. Además, nuestros problemas y quejas no se tomaron en serio. Esto causó muchas dificultades durante nuestro viaje y los artículos en el equipaje eran muy importantes. Nunca volveré a volar en esta aerolínea y nunca se lo recomendaré a nadie. Horrible experiencia."
AEA_0777,Air Europa,Desconocido,Madrid,Miami,International,junio de 2023,1,"No tengo queja respecto de la puntualidad y comodidad del avión, en este sentido to ha ido bien. Sin embargo, me parece increíble que por un billete de 2.000 € pretendan cobrar los cascos (por suerte llevé los míos), la comida sea tan escasa y en un vuelo nocturno no se dé también el desayuno sin coste adicional. En vuelos de distancia similar con Emirates te dan cena y desayuno, e incluso bebidas adicionales, la mayoría sin coste, además de los cascos. Sinceramente, creo que un servicio así no da una buena imagen de España y deberían mirar más por el cliente."
AEA_0778,Air Europa,Desconocido,Medellin,Madrid,International,junio de 2023,5,"Puntualidad, comodidad, impecable atención, mucha amabilidad, buena cena. Excelente viaje, sin lugar a duda, se recomienda."
AEA_0779,Air Europa,"Tampa, Florida",Madrid,Barcelona,Domestic,junio de 2023,1,"Pesimo servicio, retraso del vuelo por mas de 3 horas. No habia un supervisor que le diera una informacion clara de lo que estaba sucediendo. La mujer en el frente la pobre se tubo que enfrentar a una banda de mas de 200 pasageros disgustados, ambrientos y desesperados por irnos. Lo mismo te decian que era una pieza que estaban reemplazando, falta de personal; en fin nosotros estabamos que ya no sabiamos si morder a alguien. En todo ese tiempo, no se acercaron a ofrecer un boucher para tomar y comer algo. Habian niños, ancianos en sillas, todo una falta de respeto de AIREUROPA. Yo, no vuelo más ahì, es la segunda ves que me pasa, no habrà una tercera. Pagarè más si es necesario."
AEA_0780,Air Europa,Desconocido,Madrid,Malaga,Domestic,junio de 2023,1,"La peor compañía con la que he viajado. No la recomiendo bajo ningún concepto. 4 vuelos con una escala y los 4 con retraso. El último acojonante!!! Cambiando de avión una hora después de estar montados. Air Europa debería estar prohibido, es un estafador de clientes"
AEA_0781,Air Europa,Desconocido,Miami,Madrid,International,junio de 2023,1,"Reservamos un viaje familiar a España y volamos con Air Europa desde Miami. Ha sido la peor aerolínea con la que he viajado. Su servicio al cliente es horrible, aerolínea firat que he visto que va a pesar sus maletas de mano, te hace registrarlos y te obliga a pagar por ello. Nunca más volaré con Air Europa, mantente alejado."
AEA_0782,Air Europa,Desconocido,Montevideo,Madrid,International,junio de 2023,1,"Cambiaron las condiciones del pasaje luego de la compra, prometian poder gestio ar acenso 48 hs antes del vuelo y luego pasaron a 6, igual lo consegui (pagando) y en el aeropuerto me lo cancelaron porque dijeron venderlo a alguien que pago mas... En el vuelo de 12 hs una sola comida, el resto de pago y se quedaron sin stock igual pagando. Al llegar, es una terminal que solo tiene 4 perdonas de Aduana y esruvimos 2 hs de cola para hacer migración. No volveré a viajar con ellos."
AEA_0783,Air Europa,Desconocido,Miami,Madrid,International,mayo de 2023,1,"Abordamos nuestro vuelo y despegamos a las 9: 30 pm. Una hora después del vuelo, tuvimos que volver a Miami porque el aire acondicionado no funcionaba. Una vez aterrizamos de regreso en Miami, nos quedamos en un avión sin aire acondicionado, que estaba en calor divino, durante 2 horas mientras intentaba arreglar el avión. No pudieron arreglarlo y decidieron cancelar el vuelo a la 1 am. El proceso de conseguir alojamiento fue extremadamente desorganizado y la tripulación y el personal solo hablaban español. Cuando se espera en fila para 1. 5 horas para conseguir alojamiento para esa noche, luego tuvimos que dar un tumbo para encontrar nuestras maletas porque la tripulación de Air Europa no podía decirnos dónde recoger nuestras maletas. Finalmente conseguimos todo y llegamos a la habitación a las 3: 30 am, con ellos diciendo que nos llamarían cuando reprogramáramos nuestro vuelo. En el hotel recibimos un vale de desayuno de $ 15 /persona en el hotel, cuyo precio fijo de desayuno era de $ 25 /persona. Durante el desayuno, me di cuenta de que algunos individuos subieron al transbordador y les pregunté. Afirmaron que fueron llamados y que su vuelo fue reprogramado. Así que decidí llamar a Air Europa, fue en ese momento cuando me dijeron que nuestro vuelo era en 2 horas. Exclamé que nadie nos había llamado. Tuvimos que volver inmediatamente a nuestra habitación, (viajo con un niño de 3 y 4 años) para hacer el nuevo vuelo. En el aeropuerto, el proceso de facturación del nuevo vuelo fue un caos. Esperamos en la fila durante 2 horas en el mostrador de registro. Salieron 4 horas después, lo que dijeron en la llamada. Cuando finalmente abordamos el vuelo, era evidente que no habían limpiado el avión de la noche anterior. Estaba sucio, olía, y los baños estaban sin papel higiénico. Cuando finalmente llegamos a Madrid, habíamos perdido nuestro coche de alquiler, porque el avión tenía un problema mecánico. Preguntamos a Air Europa y dijeron que no era su problema y que podíamos intentar presentar una reclamación en línea. Han pasado 3 semanas sin respuesta. No volveré a volar Air Europa, y les diré a todos los demás que conocemos que nunca los vuelen. Tienen un servicio al cliente terrible!"
AEA_0784,Air Europa,Desconocido,Madrid,Sao Paulo,International,mayo de 2023,1,"La peor compañía con la que he volado en mi vida !!! PÉSIMA NUNCA MÁS El Atendimento nulo Retrasos y más retrasos ….. sin dar explicaciones Para hacer el check in solo una persona, estuvimos casi dos horas"
AEA_0785,Air Europa,"Palma de Mallorca, España",Palma de Mallorca,Barcelona,Domestic,marzo de 2023,3,"Check-in rápido tanto en Palma como en Barcelona, vuelo sin ningún tipo de problema, en ambos trayectos volamos en un 737-800 en cuanto a la atención del personal de la compañía amable sin mas."
AEA_0786,Air Europa,"San Fernando del Valle de Catamarca, Argentina",Cordoba,Madrid,International,mayo de 2023,1,"Me estafaron con el asiento XL que compre por 90 dolares y nunca atendieron mi reclamo. El servicio es pesimo. Los asientos superincomodos, la comida es nauseabunda y te venden TODO (auriculares, cafe, snacks) a pesar de ser un viaje de 14 horas. NUNCA MAS VIAJARE EN ESTA AEROLINEA"
AEA_0787,Air Europa,"Puerto de Sagunto, España",Las Palmas de Gran Canaria,Madrid,Domestic,junio de 2023,1,"Cada vez que vuelo con esta compañías, tengo problemas de retrasos. He llegado a perder varias conexiones con otros vuelos"
AEA_0788,Air Europa,Desconocido,Madrid,Lisbon,Europe,junio de 2023,1,"Horrible , no metieron nuestro equipaje en nuestro vuelo de conexión y ni siquiera lo está poniendo prioritario y no es culpa nuestra que no pudieran coger nuestro equipaje y si no pudieron hacerlo pues no debieron poner ese tiempo a disposición y es su responsabilidad y apesta y en vez de darnos nuestro equipaje a medianoche ahora están diciendo que va a tardar 24 horas en confirmarse incluso y literalmente nos vamos en 2 días así que es tan malo y apestan y no recomiendo en absoluto porque tienen una atención al cliente horrible . Realmente puedo decir que arruinaron mis vacaciones y todos estamos estresados ahora."
AEA_0789,Air Europa,Desconocido,Madrid,New York City,International,junio de 2023,1,"La peor experiencia de vuelo que he tenido. El vuelo de conexión se retrasó 30 minutos, lo que obligó a muchos de los pasajeros de conexión con destino a Nueva York a correr por el aeropuerto de Madrid (en el extremo opuesto) para realizar el vuelo transatlántico a casa. El personal de la puerta era despectivo y carecía de un comportamiento profesional orientado al servicio. El vuelo a Nueva York no tenía aire acondicionado mientras estaba en tierra. Cuando se le preguntó al personal de vuelo, nos dijeron que el aire acondicionado se encendería una vez en el aire, lo que era ridículo en retrospectiva. Nos sentamos en la pista durante unos 45 minutos en un fuselaje que se convirtió en un horno. Finalmente despegamos y el aire acondicionado no encendió (duh). Una hora después del vuelo, el capitán explicó que tuvimos que regresar a Madrid ya que no se les permitió volar larga distancia mientras la temperatura de la cabina superaba los 86 grados F (30 grados C). Como puedes imaginar, la cabina apretada era sofocante. Nos dimos la vuelta y no nos dieron ninguna actualización hasta que desembarcamos en el avión. Al desembarcar, todo el vuelo se vio obligado a esperar 30 + minutos para cualquier actualización, y nos indicaron que nos reuniéramos en la puerta de embarque en 2 horas. No hay compensación por las comidas, no hay más explicaciones. Para añadir insulto al daño, ninguno de los sistemas de telecomunicaciones de la puerta de Air Europa eran funcionales (lo que sirvió como alivio cómico) por lo que un asistente de la puerta se vio obligado a hacer el anuncio a más de 200 pasajeros sin ningún sistema de radiodifusión. Como era de esperar, la mayoría de los pasajeros se quedaron confundidos y sin instrucción, confiando en que otros pasajeros compartieran la noticia. Increíblemente mala experiencia. He hecho un voto personal de no volver a volar nunca más con Air Europa. Este es un principio que transmitiré por generaciones venideras, mi linaje nunca pisará un vuelo de Air Europa aunque nuestras vidas dependan de ello. Escucha mi advertencia, cueste lo que cueste, elige una alternativa. Que Dios nos ayude."
AEA_0790,Air Europa,Desconocido,Miami,Madrid,International,junio de 2023,1,"Aerolíneas codiciosas - compró 3 boletos para mi familia, > $ 1000 por persona. Ellos intencionalmente asignaron asientos separados para nosotros, así que tenemos que pagar otros $ 15 personas solo para sentarse juntos. El asistente hizo hincapié en ello. Es pura codicia."
AEA_0791,Air Europa,Desconocido,Madrid,Paris,Europe,junio de 2023,1,"¡Asqueroso! El personal no intervino cuando un personal de color en un viaje de negocios de regreso se enfrentó al racismo. Apoyaron abiertamente a su homólogo español. España ha vuelto a ser muy racista, olvidando que ellos mismos han invadido la mayoría de los países del mundo para sobrevivir. Simplemente asqueroso 🤮"
AEA_0792,Air Europa,Desconocido,Barcelona,Montevideo,International,marzo de 2023,1,"Pesimo servicio en comida calidad y porcion era 1 muestra,bebidas calientes ,1solo vaso ,luego de la comida cobraban x todo hasta x 1 vaso de agua,asientos sucios las salidasde aires negras y con polvo hecho pelusas de la poca hogiene y limpieza ,restos de comida delvuelo anterior cero limpieza en los asientos restos de envoltorios"
AEA_0793,Air Europa,"Tomball, Texas",Miami,Madrid,International,mayo de 2023,1,"Volamos 6 pasajeros de Miami a Madrid la temperatura dentro del avión estaba muy caliente, en varias ocasiones le pedimos a la tripulación que bajaran el aire y nunca lo hicieron además nos trataron de forma muy grosera y no nos prestaron atención. Nos cobraron el desayuno y pagamos $ 2345.00 por pasaje. Nos quejamos por el mal servicio de la tripulación y la respuesta fue groseramente, Ah si, pues lo sentimos mucho!"
AEA_0794,Air Europa,Desconocido,Palma de Mallorca,Madrid,Domestic,mayo de 2023,1,"dia y hora del vuelo ux 6096 23 de mayo 21:10 horas del 2023. malas formas en la facturacion de maletas de mallorca a madrid y pegas en la vuelta con el tamaño de las maletas, peso, etc. obligando a la facturación...!! tanto en la ida como en la vuelta pese a ser los primeros y de los primeros...!! nos pusieron a todo el mundo en asientos aleatorios para no coincidir. obligandonos si queriamos a pagar para elegir por cada asiento...!! compañia descortes a la hora de facilitar al cliente su vuelo de la mejor manera y comoda posible...!! llegando a mi parecer afectar todo este tipo de cosas detalles y actos a la seguridad de vuelo y de las pertenencias de los pasajeros...!!"
AEA_0795,Air Europa,Desconocido,Barcelona,Santo Domingo,International,junio de 2023,1,"Pésima atención al cliente en el mostrador, nos dicen que nos falta el código QR para entrar al pais sino perdíamos el vuelo , en ningún momento nos ayudan para poder solicitarlo no solo eso sino que nos mienten ya que después nos enteramos que se podia rellenar en el avion. No perdimos el vuelo porque nos ayudaron unas personas que entendian como hacerlo , que no pertenecian al aeropuerto, previo pago. Después nosotros enteremos que no te ayudan para que pierdas el vuelo y vuelvas a comprar otro billete. Asi que no recomendamos para nada volar con esta compañía son unos ladrones"
AEA_0796,Air Europa,"Madrid, España",Buenos Aires,Madrid,International,junio de 2023,1,"Me parece muy mal que para 12 horas de vuelo den una comida tan escasa, de mala calidad y encima si quiero tomarme un café lo tengo que pagar, cuando el vuelo incluye comida y el billete no es para nada barato. En otros viajes, mis vuelos [otras compañías] eran de menos horas y me influyeron un redrigerio o algún picoteo. No recomendaría para nada los vuelos con esta compañía, todos los pasajeros nos quejamos de esto mismo, incluido actores que también iban en clase turista pusieron sus quejas y reclamaciones para que quede constancia. Vuelo del 31 de mayo de 2023, Buenos Aires- Madrid"
AEA_0797,Air Europa,"Madrid, España",Madrid,Buenos Aires,International,junio de 2023,2,"Por problemas varios de peso en el avion nos dejaron sin equipaje a la mayoria. No se cual es la razon. En un vuelo de mas de 13 horas solo te dan la cena, no pasan ni a ofrecer agua. Los asientos incomodisimos, muy juntas una fila con otra. Y durisimos. Es una low-cost"
AEA_0798,Air Europa,Desconocido,Santa Cruz,Madrid,International,junio de 2023,1,"Air Europa nos ha decepcionado terriblemente. Aunque el vuelo de A a ser fue eficiente, simplemente no fue nada agradable. El personal era condescendiente y tuve fugas de agua desde arriba durante todo el viaje, que no fueron útiles para resolver. Solo recibimos comida una vez en un vuelo de 11 h, y servicio de bebidas solo dos veces. Normalmente se espera un vuelo tan largo para ver grandes películas, pero estaban vendiendo los auriculares que suelen estar incluidos, indignante! Definitivamente evitará la aerolínea en el futuro."
AEA_0799,Air Europa,Desconocido,Madrid,Palma de Mallorca,Domestic,junio de 2023,1,Es una vergüenza. Es la segunda vez q viajo con ellos a Palma este año y fatal. La primera fue en enero y tanto la ida como la vuelta cancelados y ayer y hoy retrasados los dos vuelos. Desde luego si es por trabajo no te la juegues con esta compañía xq no llegaras a tiempo. Por no hablar del embarque. Una hora de pie con la famosa zona 3 y zona 4 para luego tardar otra media hora para sentarte.
AEA_0800,Air Europa,Desconocido,Porto Santo Island,Madrid,Europe,junio de 2023,2,"Menos mal que llegamos 2 horas antes para nuestro vuelo. Tienen el peor proceso de cheques. Después de esperar en la fila, te registras en otro mostrador en la terminal para pagar la maleta, luego regresas al mostrador original, esperas en la fila de nuevo y te muestran que pagaste por tu equipaje y obtienes tu tarjeta de embarque. A menos que haya un problema informático, entonces no obtiene una tarjeta de embarque y casi pierde su vuelo. No lo lamentamos, no podemos pasar por seguridad más rápido, sin sonrisas. El precio era decente, pero demasiada molestia para mis nervios."
AEA_0801,Air Europa,Desconocido,Paris,New York City,International,mayo de 2023,5,¡Excelente compañía aérea! Muy recomendable! ¡Los vuelos llegaron a tiempo! Los aperitivos son buenos y el equipo es agradable
AEA_0802,Air Europa,Desconocido,Madrid,Quito,International,junio de 2023,1,"Gran sorpresa me lleve cuando en un vuelo de 10 horas solo te sirven 1 comida. No hay desayuno merienda ni nada mas. Si quieres cafe te lo cobran, si queres escuchar o ver películas tienes que comprarle los auriculares. Eso si, antes de terminar el viaje te invitan amablemente a que les ayude a mantener limpio el avion. Obviamente las azafatas brillan por su ausencia y si llegas a encontrar a una cuidate que te atienden de muy malas ganas."
AEA_0803,Air Europa,Desconocido,Madrid,Las Palmas de Gran Canaria,Domestic,junio de 2023,1,Tuvimos un vuelo de conexión que fue menos de 45 minutos después de aterrizar en Alicante. Nos tenían a bordo y solo tenían la opción de salir de la terminal y volver a pasar por seguridad. Tuvimos que correr a nuestra puerta de embarque y apenas hicimos el vuelo a pesar de que tanto nuestro vuelo original como nuestra conexión eran con Air Europa.
AEA_0804,Air Europa,Desconocido,Madrid,Las Palmas de Gran Canaria,Domestic,junio de 2023,1,"Compré dos billetes juntos, con el mismo localizador. Al llegar al mostrador, cuando emiten los billetes, compruebo que nos han sentado a cada uno en un extremo del avión, se lo comento al chico que está en el mostrador y me indica que si queremos sentarnos juntos debemos pagar, a pesar de que los dos billetes comparten localizador y han sido reservados juntos. Me parece un robo y una forma de tratar de sacar dinero por todo."
AEA_0805,Air Europa,Desconocido,Madrid,Las Palmas de Gran Canaria,Domestic,junio de 2023,1,Es increíble que la tendencia sea sentar con un mismo localizador de compra a pasajeros en sitios diferentes a no ser que paguen asientos.
AEA_0806,Air Europa,"Bilbao, España",Madrid,Ibiza,Domestic,junio de 2023,1,"Compro un vuelo de Air Europa vía Budget Air Compro un vuelo de Air Europa, de ida y vuelta IBIZA-MAD Y MAD-IBIZA y budget air en la página intermediaria (MAL). Mi compañera pierde el vuelo de ida (ni avisar de hacer el check in online ni remind de nada,gracias majos). Como pierde el vuelo de ida, se compra otro vuelo, aparte, no pasa nada.Ella llega a Ibiza. Decidís al libre albedrío cancelar el vuelo de vuelta, y no nos avisáis ni nos reembolsáis el dinero. Ole,ole, atraco a mano armada! Para más inri, yo intentando llamar a atención al cliente, como 25 minutos de espera y no me coge nadie. Decido ponerme en contacto vía chatbot online, bien, empezamos en castellano y cuando la cosa se pone complicada me dice el robot que me pasa con un agente, TRAVIS, y que a partir de ahí la conversación va a ser inglés! Cojonudo. En resumen lo que me dice el guiri es que hay que compra un billete nuevo. JETAS. Gracias"
AEA_0807,Air Europa,Reino Unido,London,Bogota,International,diciembre de 2022,1,"En la puerta de Gatwick me dijeron que habían reservado el equipaje de mano y me quitaron el bolso y me lo metieron en la bodega. Me dijeron que lo recogiera en Madrid y lo llevara a bordo de mi vuelo de recogida. En Madrid, habría tenido que pasar por la aduana para recoger mi bolso. No pude porque había una cola estática de 150-200 personas esperando para pasar. Mi vuelo de conexión fue en una hora. Llamé al servicio de atención al cliente de Air Europa y me dijeron que tomara mi vuelo y que me llevaran mi maleta. No lo hicieron. Recogí mi maleta del puerto aéreo de Bogotá cuando volvía. Dos manos y media semanas después. Me costó 330 libras para cubrir mis gastos. Ropa para una boda y otras cosas de vacaciones. Tardaron 6 meses en ofrecerme la mitad de mis gastos. Tardan meses en responder emails. Su servicio al cliente es una farsa. La comida en los vuelos era de rango y me dio a mí y a la fiesta que estaba con diarrea. Son la peor aerolínea que he usado. Nunca más volaré con ellos. Son una desgracia."
AEA_0808,Air Europa,"Chitre, Panamá",Panama City,Madrid,International,junio de 2023,1,"Como es posible que sabian del retraso del vuelo desde antes de las 7 p.m y luego dan los boletos de la comida a las 9:30 cuando ya estaban todos los restaurantes y locales de comida cerrado Que pésima atención, que desepción, que porqueria de linea"
AEA_0809,Air Europa,Desconocido,Buenos Aires,Paris,International,junio de 2023,1,"Gran sorpresa me lleve cuando en un vuelo de 12 hs solo te sirven 1 comida. No hay desayuno merienda ni nada mas. Si queres cafe te lo cobran, si queres escuchar o ver películas tenes que comprarle los auriculares. Eso si, antes de terminar el viaje te invitan amablemente a que les ayude a mantener limpio el avion. Obviamente las azafatas brillan por su ausencia y si llegas a encontrar a una cuidate que te atienden de muy malas ganas."
AEA_0810,Air Europa,"Mar del Plata, Argentina",Buenos Aires,Madrid,International,junio de 2023,1,"Air Europa esta jugando con las tres cosas mas importantes del ser humano. Los sentimientos por los seres queridos, el techo de una familia y el uso indecente de mi dinero. A días del reencuentro familiar me niegan el traslado de la mascota que ellos previamente habían confirmado. Esto en consecuencia me deja sin techo, sin mi mascota, sin tiempo y en una situación que no puedo resolver ni por tiempo, ni económicamente. Ellos me exigieron pagar los pasajes para contestarme por si o por no de algo que ya sabían, me dieron el ok, lo confirmaron, y negligentemente mientras usaban mi dinero, me confirmaron y aclararon que la mascota se abona en el mostrador en el embarque de la aerolínea, Una vez que tuve el ok, tomé las acciones en consecuencia. Alquile mi casa, pacte la entrega, compre el trasportín, estamos haciendo la adaptación para que duerma ahí, porque no es un paquete, es parte de la familia. Sin aviso de forma fehaciente y accidentalmente por mi llamado para consultar una duda sobre cómo llevar una medicación, me dicen que no la llevan, que niegan lo que confirmaron y que no se hacen responsables del daño que generan Ahora me apuran a que resuelva la situación en la que ellos me arrojan, lavándose las manos Me quedo en la calle, alquile mi casa, compre el pasaje con suficiente anticipación, hice las consultas necesarias, y cumplí con las especificaciones que indicaron para el traslado. Me apuran para que resuelva y libere los asientos. La ética y la moral, no existe para Air Europa, mucho menos la empatía. Para devolverme el pasaje sin costo, tengo que hacerlo ya y de no cumplir con lo que exigen, porque siguen exigiendo, me cobrarían penalidad por cambio de fecha o devolución tardía. Me generan un problema a mí y a mi familia, me dejan sin techo, sin mascota o sin familia. Air Europa no se hace cargo de sus propios errores, argumentan que un empleado no leyó el mail. Yo se lo pedí a una empresa. Y es la empresa la que dio el ok, el visto bueno y lo confirmo."
AEA_0811,Air Europa,Desconocido,Madrid,Vigo,Domestic,junio de 2023,1,He tenido que hacer el viaje Madrid-Vigo en un asiento que estaba manchado de algun tipo de fluido marron seco . Se lo he dicho a una azafata que tomandome por tonto me ha respondido que no estaba sucio que la mancha no salia. Se ve que lo importante era llenar rapido el avión para compensar el retraso que llevaban. Hagan el favor y tengan unos minimos de higiene entre vuelo y vuelo que los viajeros no somos ganado.
AEA_0812,Air Europa,Desconocido,Las Palmas de Gran Canaria,Madrid,Domestic,mayo de 2023,1,"A pesar de coger mínimo 2 aviones al mes con Aireuropa, ser cliente Silver y no dejar claro en ningun sitio que en Business no se puede viajar con mascotas cuando otras compañías y la normativa si lo permite, quieren cobrarme mas de lo que cuesta un billete de residente a Canarias por cambiarme de Business a Cabina + el coste de la mascota. Considero que los supervisores en estos casos deben ser un poco mas inteligentes y solucionar el problema de verdad haciendo el cambio sin costes adicionales, porque señores... he comprado un billete mas caro en Business y no se me notificó de forma clara que con ese billete no podía llevar mascotas, La solución que me han dado es una rebaja de 2€, que sinceramente me da risa y no se cómo no se les cae la cara de vergüenza. Una solución aceptable seria que me hicieran el cambio de Business a Cabina sin costes, y a pesar de ello yo saldría perdiendo porque compro un billete mas caro, no encima querer sacar dinero. Revisen el caso, y de paso su normativa, porque de verdad que dejan mucho que desear sus ""soluciones"", y mucho mas si hablamos de un cliente asiduo y preferente."
AEA_0813,Air Europa,Desconocido,Miami,Madrid,International,mayo de 2023,1,La peor aerolínea con la que he tratado. He estado en el aeropuerto durante 2 días porque seguían cancelando vuelos y no nos decían cuándo era el nuevo vuelo. Tenían otro avión yendo a Madrid que no canceló pero nosotros sí. Ahora estamos tratando de recoger nuestro equipaje para irnos y no hay nadie que nos ayude. Todo lo que dijeron fue “esperar” y luego desaparecieron durante 2 horas.
AEA_0814,Air Europa,Desconocido,Cordoba,Madrid,International,mayo de 2023,2,"No se si será política ya de todas las aerolíneas pero ya no saben donde más poner asientos. Viaje de 10 hs muy incómodo inhumano no podes dormir del poco espacio para las piernas, se reclina 2 cm, los pasillos ya ni existen y el servicio de comida como para decir q algo te dan pero muy escaso para lo que uno paga. Se supone que no es un viaje low cost. La tripulación se la nota cansada de las quejas de los pasajeros entendiendo a las dos partes. No cuidan ni a los empleados ni a los clientes. Un desastre."
AEA_0815,Air Europa,Desconocido,Miami,Madrid,International,mayo de 2023,1,"Esta aerolínea es la peor en la que he estado. Retrasó el vuelo, cambió las puertas, hizo esperar a los pasajeros más de 5 horas para cancelar el vuelo a última hora, perdiendo todo el tiempo del pasajero. Cuando se les pregunta los trabajadores no pueden darle respuestas y decir que no saben. La comunicación es la peor. La aerolínea envía repetidamente mensajes diciendo que el vuelo ha sido cambiado o cancelado y luego los trabajadores afirman que es falso. La aerolínea no dará un tiempo de vuelo establecido y está constantemente dejando a los pasajeros fuera del bucle. NUNCA MÁS."
AEA_0816,Air Europa,Desconocido,Madrid,Punta Cana,International,mayo de 2023,1,Y no está bien visto que la que te recibe te trate a las patadas esto pasó Justo ahora apenas subiendo
AEA_0817,Air Europa,"Oporto, Portugal",Porto,New York City,International,mayo de 2023,1,"¡Primera y última vez en esta compañía aérea! 2 horas de retraso en el primer vuelo, nos hizo perder el segundo vuelo. No me importó llegar tarde, y cerrar las puertas en el momento en que llegamos. Vimos durante 30 minutos. El avión en la pista, poniendo el equipaje, pero sin pasajeros. Cerraron las puertas del avión, así que los pasajeros que venían de otros no podían entrar. ¿Por qué? Nos hizo perder un día de vacaciones. Todavía esperando una respuesta. En servicio de vuelo pobre y antipático"
AEA_0818,Air Europa,"Halstead, Reino Unido",London,Asuncion,International,mayo de 2023,4,"Admito que tuve la suerte de haber ahorrado lo suficiente para viajar en clase ejecutiva, pero fui aprensivo, siendo un viajero nervioso y habiendo leído varias críticas muy pobres sobre Air Europa. Sin embargo, no pude culparlos, aparte de que dos veces mi elección de menú fue incorrecta, por lo que se disculparon mucho e inmediatamente rectificaron su error. La comida era muy buena para la tarifa de la aerolínea. Mi viaje incluyó 2 vuelos en cada sentido (Londres - Madrid - Asunción y viceversa). Los 4 vuelos llegaron y se fueron a tiempo, el personal era amable, educado y servicial. Mi equipaje llegó bien y rápidamente. Para una aerolínea de bajo precio el servicio fue excelente."
AEA_0819,Air Europa,Desconocido,Miami,Madrid,International,mayo de 2023,1,"El trato es una basura, los aviones pésimos, el servicio de chequeo tambien, luego de despegar retornaron una hora al aeropuerto, han tenido a mi familia más de 5 horas en un avión con el aire acondicionado roto, para al final decir que el mecanico no puede solucionar el problema. Donde esta el reconocimiento previo? ES UNA BASURA! SOIS PESIMOS!!! Voy a desacreditarlos todo lo posible! No ofrecen compensación, no dan explicaciones, alli estan todos los pasajeros varados en el aeropuerto sin conocimiento alguno, sin información ni nada. POR MI QUE CAIGAN EN LA BANCARROTA TOTAL, NO RECOMIENDO ESTA MALDITA AEROLINEA A NADIE. Por culpa de su mal servicio se nos ha desconfigurado todo el viaje, con GASTOS incluidos QUE USTEDES NO VAN A PAGAR, MALDITOS SEAN"
AEA_0820,Air Europa,Desconocido,Madrid,Bogota,International,mayo de 2023,2,"Un vuelo de 10 horas en el cual dan una única comida a las 2 horas de partir, el resto del trayecto es un ayuno de 8 horas para obligar a la gente a que compre comida, eso es inhumano. Poco espacio para las piernas entre filas. Desorganización al embarcar. Cobran hasta por los audífonos para ver películas en las pantallas."
AEA_0821,Air Europa,"Madrid, España",Madrid,Newquay,Europe,noviembre de 2022,1,"Volé de Madrid a Gatwick y de Gatwick a Newquay. Al llegar a Gatwick mi maleta estaba destrozada y no perdí todo por el camino gracias a haberla precintado antes. En Gatwick los agentes tomaron fotos y me dijeron que en un plazo de 15 días me enviarían una maleta de las mismas características. 6 meses más tarde aún espero mi maleta, la que ya no necesito porque viajo frecuentemente y tuve que comprarme una nueva. Hoy decido tirarla porque estoy harta de verla por en medio de mi casa, ya que hay que guardarla como prueba. Me compré una nueva y no se han hecho cargo de nada, el teléfono al que hay que llamar nunca da respuesta y los mails parece ser que no llegan a ningún sitio. Bye bye Aireuropa, erais de mis aerolíneas favoritas, pero después de esto nunca más volveré a volar con vosotros"
AEA_0822,Air Europa,Desconocido,Sao Paulo,Madrid,International,mayo de 2023,1,"¡La peor experiencia que he tenido con aerolíneas! 10 h vuelo transatlántico con una sola comida, sin agua, sin agua, todo se paga extra, incluso para sentarse junto con mi esposa, todo está sucio, sin espacio para las piernas, realmente no se preocupan por los pasajeros!"
AEA_0823,Air Europa,Desconocido,Buenos Aires,Frankfurt,International,febrero de 2023,1,"Viajé con aireuropa 3 veces porque era más barato que otras opciones en este momento y tienen aviones bastante nuevos, el primer viaje estuvo bien, pero en los últimos 2 viajes tuve problemas, en uno cancelaron el vuelo y se quedaron atascados durante 2 días, deberían indemnizar según el art EU 261 pero NO lo hacen, siguen dando excusas con la idea de que el pasajero renunciará a la reclamación (supongo que les funciona) y en otra ocasión cuando recibí mi maleta se rompió, hicieron la reclamación allí mismo en el aeropuerto en Alemania como debería ser y de nuevo, siguen dando excusas para no pagar. Terrible atención al cliente, solo ten en cuenta que es una aerolínea barata que ahorra mucho dinero en un mal servicio, si hay algún problema depende totalmente de ellos compensarte, no respetan ninguna normativa europea sobre los derechos del cliente. Si planeas volar con ellos solo cruza los dedos para que no actúen de la misma manera con la seguridad del avión."
AEA_0824,Air Europa,Desconocido,Madrid,London,Europe,marzo de 2023,1,"Nunca más volaré con ellos. Me cobraron por el equipaje en la bodega (que no quería o necesitaba). También me cobraron por mover asiento cuando su sitio dijo que era gratis. 2 . 5 horas de retraso también significa que perdí otro vuelo. La anfitriona no ayudó a contactar con la otra aerolínea en tierra y solo culpó al personal francés, muy grosero"
AEA_0825,Air Europa,España,Montevideo,Barcelona,International,marzo de 2023,1,"Comento mi experiencia , espero que no me desmientan porque tengo todo el material para subir; detallo la referencia de mi reclamación ;WEB0000236107. Vuelo desde Montevideo a Barcelona, cancelan el vuelo a ultimo momento; en el aeropuerto reubican a todos los pasajeros , menos a mi ; argumenta que como compre el vuelo por call center , su política , es reubicar una semana después aunque tengan vuelos disponibles .Les pido porfavor que me reubiquen , ya que en 4 días tenia otro viaje y hotel pago , iba a perder todo.Antes de compra el billete consideré que cancelan vuelos todo el tiempo por eso el resto de los vuelos los compre 4 dias después. Terrible lo que hacen con la gente , le da igual el dinero que pierdes. Solicite una indemnización como corresponde y me la negaron , me escribió su gestor y la ley les ampara y que no me corresponde. Llamo al call center y les pido una explicación como pueden proceder asi si ellos mismo no me reubicaron y me hicieron perder todo. Me dicen que es imposible , o o sea todo lo que pase me lo invente. Es lamentable y terrible como te tratan lo que te hacen pasar , el dinero que te hacen perder, les da igual. Es la peor comapañia aerea, viaje durante muchos años con ellos pero la verdad que la forma tan descarada con la que le toman el pelo a sus clientes , no tiene cara .Luego de todo lo mal que la pase , vuelvo a viajar por Iberia , que almenos me respeta , me atienden y me dan una solución; no puede ser que con lo que valen los vuelos nos hagan pasar mal. no nos atiendan , nos humillen porque eso hacen. Air Europa ; son miles de quejas , cambien los protocolos desaparezcan de una vez."
AEA_0826,Air Europa,"Londres, Reino Unido",Madrid,Palma de Mallorca,Domestic,mayo de 2023,1,"Terrible experiencia de vuelo. Vuelos cortos, siempre retrasados. Te quitan el equipaje alegando que tu vuelo está lleno cuando no lo está, y no te comunican si el vuelo se retrasará y/o qué esperar. Caro pero se siente como una aerolínea de bajo costo. No vale la pena, evita."
AEA_0827,Air Europa,Desconocido,New York City,Madrid,International,diciembre de 2022,1,"No me gustaba Air Europa. Sí, tenían personal amable y aviones más nuevos, pero los asientos eran incómodos, la comida era mediocre, y simplemente no era una muy buena aerolínea. Los evitaré tanto como pueda porque acabo de tener una experiencia horrible con esta aerolínea. Sus vuelos internacionales salen muy tarde y los aviones no son increíbles. El que pasé fue alquilado a NORSE pero fue horrible. En el camino de regreso, había un avión que pertenecía a Air Europa y tenían anuncios. ¡SÍ! Anuncios literales mientras abordabas el avión. Esta aerolínea es si realmente estás desesperado. Pagué 1.000 dólares por el respaldo de la clase económica y algunos asientos realmente basura que parecían hechos de plástico. Oh! ¡Había una ventana que se rompió! Increíble, ¿verdad? ¡Vas a 41.000 pies y miras la ventana junto a la que estás sentado y la ventana está rota! ¡Qué bonito! Con gusto pagaría por ir en otras aerolíneas, como Iberia. Debido a esto, esta aerolínea era horrible. Si vas en esta aerolínea, elige una ruta corta en sus aviones 737 / E 195 LR, porque son buenos aviones con buenas cabinas. Sin embargo, no es una ruta de largo recorrido, como JFK - MAD, porque no son buenos. Y si estás volando esas rutas de largo recorrido (7 + Horas) tienen expectativas muy bajas. Buena suerte."
AEA_0828,Air Europa,"Miami, Florida",Madrid,Miami,International,mayo de 2023,1,"Yo soy una persona que viajo bastante frecuente y con muchas aereolines pero la experiencia que tuve ayer con air europe fue bastante desagradable,primero la atencion al cliente es pesima ,se le podia ver en su rostro que le molestaba cuando le hacia el pedido de algo, la presentacion de la comida y la calidad terrible ,me parecia que estaba en una prision pues el pan lo ponian arriba de la comida ,la bandeja solo contenia un pan la pasta o el pollo y un dulce que no sabia nada ,pedi una coca cola y me dieron medio vaso ,despues pense que no iban a dar un snack en un vuelo de 9 horas ,si lo dieron pero habia que pagarlo cosa que nunca he visto en viajes largos. y es verdad vole en clase turista pero pague un precio con maleta de casi $2000. Deberian cojer de ejemplo Tuskish airlines que es una excelente aereolinea. 05/16/2023"
AEA_0829,Air Europa,"Seattle, Washington",Madrid,Las Palmas de Gran Canaria,Domestic,mayo de 2023,3,"Viaje de ida y vuelta a Las Palmas desde Madrid, el vuelo se retrasó el equipo era un 737 más antiguo - el regreso sorprendentemente tuvimos un 787 dreamliner más nuevo. Lo cual fue un gran vuelo. La experiencia fue demasiado desigual, además Sky Team no honró las millas o dólares"
AEA_0830,Air Europa,Desconocido,Madrid,Medellin,International,mayo de 2023,1,"1 . El vuelo en sí era terrible, ruda azafata de aire, la gente bebiendo y de fiesta 2 . Enviaron mi bolso a Brasil a nombre de otra persona 3 . Mi maleta se perdió durante 3 semanas, viajé sin mi maleta durante todo mi viaje gracias a la aerolínea. 4 . Dijeron que compensarían mis gastos por ropa y artículos de tocador que necesitaba, pero negaron este dicho diciendo que no puse una dirección permanente en mi PIR. Fui guiado por uno de sus empleados en el proceso. NO VUELES CON AIR EUROPA, NO VALE LA PENA!!!!!!"
AEA_0831,Air Europa,Rumania,Madrid,Punta Cana,International,marzo de 2023,5,Bonito! Muy buen servicio. Buen personal. Excelente experiencia. Prepárate con tus propios auriculares. No quieres pagar 3 euros por un par 😅
AEA_0832,Air Europa,"Santa Cruz de Tenerife, España",Madrid,Tenerife,Domestic,mayo de 2023,1,"""Quiero compartir mi experiencia en mi vuelo UX9048 de Air Europa de Madrid a Tenerife hoy, 12 de mayo. Durante el vuelo, me encontré con varios problemas que me gustaría informar. En primer lugar, cuando necesité ir al baño, los auxiliares de vuelo estaban comiendo justo al lado de uno de los baños, lo que me impidió su uso. Me pareció despectivo y humillante la forma en que me habló uno de los auxiliares cuando intenté usar el baño cercano. Después de que terminaron de comer, el baño estuvo disponible para su uso. Además, en otro momento del vuelo, traté de llamar a un auxiliar de vuelo para pedir un café, pero tardaron aproximadamente 30 minutos en responder. Cuando finalmente llegaron, el personal que vino era de primera clase, no de turista. Me preocupa que si hubiera tenido algún problema grave, no habrían aparecido a tiempo, pero en este caso solo estaba pidiendo un café y ellos no sabían por qué los llamé. Como pasajero frecuente, nunca había recibido un trato tan malo y humillante por parte de la tripulación de una aerolínea. Esperaba más de Air Europa y estoy decepcionado con la experiencia que tuve. Me gustaría que la aerolínea tome medidas para garantizar que los pasajeros sean tratados con respeto y dignidad, y que su personal de servicio de cabina esté disponible y sea eficiente cuando los pasajeros los necesiten. En resumen, mi experiencia con Air Europa hoy fue extremadamente decepcionante. Espero que la aerolínea tome medidas para mejorar la experiencia de sus pasajeros en el futuro""."
AEA_0833,Air Europa,Desconocido,Alicante,Madrid,Domestic,mayo de 2023,1,"Lamentable lo que me ocurrió el pasado domingo con esta compañía aérea. El sábado tenía un vuelo de Madrid a Alicante el cual perdí gracias a que en el control me registraron todos y cada uno de los líquidos de mi neceser del equipaje de mano. Para mi sorpresa, cuando quise hacer el check in para mi vuelo de vuelta al día siguiente me encuentro con que no puedo hacerlo ya que este había sido cancelado al no tomar el vuelo de vuelta. Yo había pagado mi billete tanto de IDA como de VUELTA perl como perdí la Ida me cancelaron la vuelta. No he visto nada más rastrero y lamentable en mi vida y eso que he viajado por todo el mundo con diferentes compañías aéreas. Nunca más viajaré con esta M***** de compañía aérea. Además llamas a atención al cliente y directamente se ríen de ti."
AEA_0834,Air Europa,Desconocido,La Coruna,Malaga,Domestic,mayo de 2023,1,"No recibi email/billete y me cobraron. Sin ningun número de reserva y sin ninguna confirmacion de haberse realizado la compra. En mi perfil de air europa suma no constaba ninguna reserva y el email nunca llegó, ni en el momento ni al dia siguiente. En el banco constaba como compra aceptada y al momento llego un mensaje de compra anulada. Todos los ingredients para pensar que la compra no se llevó a cabo. Pero al dia siguiente vi que sí se cobro el dinero del banco. La noche anterior como no llegaba ninguna confirmación, llamé a la linea de atencion al cliente de Air Europa pero el horario de atencion al cliente era solo diurno y yo llamé de noche. Volví a mirar en mi cuenta bancaria durante la noche y constaba como compra realizada y despues automaticamente anulada. Sin confirmación de email y ninguna reserva en mi perfil de usuario busqué y compré en otra compañia. Con todos estos detalles llamo por la mañana a la compañia y su respuesta es porque no he llamado a atencion al cliente antes insistiendo en que la linea funciona 24hrs ( la linea al llamar te dice que el horario es de tal a tal hora). En resumen han cobrado, no reembolsan siendo un problema de ellos, no mio. Pero dando a entender que soy yo quien deberia haber contactado antes de comprar otro billete. ( Debia comprar puesto que era un viaje de ultima hora) Cualquier persona, hubiera pensado que la reserva nunca se llegó a realizar. Sin email ni reserva en mi perfil, mensaje del banco compra aceptada y despues compra anulada, que mas detalles se necesitan?. Todas las excusas inverosimiles por parte de la agente de servicio al cliente incluso insistiendo en que la linea 900 está 24 hrs cuando no es asi, sin reconocer el FALLO DEL SISTEMA DE COMPRA ONLINE de la empresa, y todo para cobrarse el billete sin reconocer el fallo por parte de la empresa. Cuando hablé con la agente, dijo que lo único que se podia hacer era cancelar pagando la correspondiente penalización, le expliqué que no debia ser así puesto que no se habian seguido los pasos correspondientes de confirmación. Su respuesta fue que asi era la normativa, despues de dejarme un buen rato esperando su respuesta para la cancelación, canceló y me dijo que mi billete no aceptaba ningun tipo de devolución!. Qué pandilla de sinverguenzas!. Ultima vez que compro en Air Europa. No los recomiendo!!. Cuidado al comprar vuelo en internet con Air Europa!!."
AEA_0835,Air Europa,Desconocido,Madrid,Buenos Aires,International,mayo de 2023,1,"Un desastre,nunca más volaría con esta empresa:asientos anti anatómicos,una sola media comida,te cobran el desayuno,azafatas del tren fantasma,son la antiazafats que uno conoce de otras aerolíneas."
AEA_0836,Air Europa,Desconocido,Buenos Aires,Munich,International,febrero de 2023,2,El peor servicio al cliente cuando el equipaje está gravemente dañado. No les importa menos. Si vives fuera de España te obligan a comprar un equipaje nuevo para compensarte. Ni siquiera basta con enviarles la factura de la maleta vieja. Y si están de humor para compensarte entonces se tomarán su tiempo HASTA 3 MESES para reembolsarte el dinero. Escandalosamente irrespetuoso. Evita volar con esta aerolínea para viajes largos que requieran equipaje facturado.
AEA_0837,Air Europa,"Sudbury, Reino Unido",London,Madrid,Europe,abril de 2023,1,"A regañadientes reservamos Air Europa, habiendo tenido una mala experiencia anteriormente. a Lima BA habiendo retirado la ruta. Nuestro vuelo de ida se retrasó 3 + horas. Afortunadamente retrasaron, por 1 hora, la conexión de vuelo a Lima para permitirnos abordar. El vuelo de vuelta de Lima a Madrid tenía 4 horas de retraso. Perdimos nuestra conexión a Gatwick y fuimos redirigidos a través de Oporto. Nos dieron un vale de 10 euros que era para una comida. Apenas alcanzaba para un bocadillo y una bebida caliente. Llegamos a casa 12 horas tarde, pero sin equipaje. TAP (Air Portugal) se encargó del retraso del equipaje. El equipaje llegó 1 semana después. En ningún momento hemos recibido una disculpa. Air Europa se niega a tramitar una reclamación y transfiere la responsabilidad a TAP. Esperamos una resolución."
AEA_0838,Air Europa,Desconocido,Madrid,Caracas,International,mayo de 2023,1,"ME cambiaron la hora del vuelo y ya no podia viajar en el nuevo horario, y siendo un cambio involuntario tampoco quisieron darme reembolso ni cambiarme al menos el vuelo en otro horario o dia. NADA, porque se valen que compre el ticket en una agencia ya con esto se lanzan la bola hacia alla y hacia aca, te dicen llama a tu agencia, la agencia dice que no puede hacer nada por la aereolinea. Te atienden ademas a la llamada gente literalmente incapaces porque no pueden dar ninguna solucion"
AEA_0839,Air Europa,Desconocido,Miami,Milan,International,mayo de 2023,5,"Estaba en un viaje de negocios en Italia. Reservé mis boletos de avión con AirEuropa y tuve una experiencia fantástica. No solo sus aviones son nuevos y muy cómodos, el personal también era muy amable y servicial. De regreso, los trabajadores del transporte en Italia se declararon en huelga. AirEuropa todavía logró sacarnos de allí y nos esperó en el vuelo de conexión, ¡y milagrosamente nuestras maletas fueron entregadas sin demora al destino final! Recomiendo encarecidamente esta aerolínea. Oh una cosa más importante - los precios son muy asequibles."
AEA_0840,Air Europa,"Blanchardstown, Irlanda",Madrid,New York City,International,mayo de 2023,1,"Escribo por mi experiencia con Air Europa el 2 / 5 / 23 en el vuelo 91 de MAD a JFK. Mi esposa y yo volamos en clase ejecutiva y esta es nuestra experiencia. * No pudimos hacer el check-in online porque Air Europa exigió que se proporcionara una prueba Covid negativa. Ese requisito se eliminó en los vuelos a EE.UU. hace más de un año. En consecuencia, no pudimos hacer el check-in en línea. * En el aeropuerto necesitábamos una silla de ruedas. Nos sentamos en una incómoda ""zona de espera"" durante más de una hora y no llegamos a la puerta hasta quince minutos antes de abordar. En consecuencia, no teníamos acceso a la sala VIP antes de nuestro vuelo. * Aquellos con estatus prioritario, que me incluye a mí o que necesitaban pre-embarcar, mi esposa, fueron dejados de pie en un jetway caliente durante quince minutos antes de abordar el avión porque el personal en vuelo no estaba listo para nosotros. En consecuencia, la dejaron de pie cuando pudo permanecer cómodamente sentada en la puerta. * El menú Business Class ofrece “Selección de Aperitivos de Gazpacho o Crema de Papa Ligera y Aceite de Perejil. Ninguno fue ofrecido. * El menú ofrecía “Entrantes” pero se servían en la misma bandeja que el plato principal, junto con una selección de patatas fritas o frutos secos. Para un vuelo de siete horas ¿por qué el servicio fue tan apresurado? ¿Por qué no servirlo como se pretende, en cursos? * El plato principal era pasta y no era comestible. El ravioli había terminado, horneado en vuelo y crujiente. La salsa añadió un poco de humedad, pero era insípida. * El menú ofrecía un “tablero de queso”, pero no se proporcionó ninguno. * El postre fue “Tarta de chocolate estilo abuela”. No era pastel en absoluto. Era más como tarta de queso o mousse; que era demasiado dulce e insípido. * Air Europa nos proporcionó dos pases Wifi. Seguí las instrucciones proporcionadas en mi teléfono y portátil, pero solo funcionó para la mensajería. Cuando llamé a la atención de la azafata, ella trató de ayudarme, pero luego me quitó mi computadora y la guardó en el compartimiento de mi asiento, como para despedirme. Si hubiera pagado $30. 00 para el plan me hubiera molestado más que un poco. ¿Por qué proporcionar esta ventaja si molesta a sus clientes porque no funciona? * Hablando de azafatas, uno no ha pasado por la cabina desde que nuestras bandejas fueron despejadas hace más de una hora. Parecen esconderse en la cocina, esperando que todos nos vayamos a dormir para que no tengan que molestarse con nosotros. * La buena noticia es que aterrizamos seguros en JFK, pero nos dejaron sentados en la cabina durante treinta minutos más porque tenemos que ser transportados a la terminal en autobús. Un toque final a una experiencia terrible. Su aerolínea no es competitiva con los servicios de otras aerolíneas, incluidas muchas aerolíneas de descuento. Tengo entendido que Air Europa ha sido vendida a Iberia Airlines por 500 millones de euros. Esta es una fracción del valor de su avión. Es como si la aerolínea se hubiera rendido y dicho “olvídalo”. Pasaremos por los movimientos de operarlo hasta que seamos asumidos por alguien realmente capaz de hacerlo. Para el beneficio de sus clientes, cuanto antes ocurra mejor."
AEA_0841,Air Europa,"Frankfurt, Alemania",Frankfurt,Havana,International,marzo de 2023,1,"Debe preparar todas las bebidas y algo de comer, si utiliza esta línea aérea. Durante 10 horas de vuelo, lo ofrecen solo una vez."
AEA_0842,Air Europa,Desconocido,Miami,Alicante,International,abril de 2023,1,"Cada vuelo con Air Europa produce retrasos y pérdida del vuelo de conexión. Atención al cliente poco servicial, descortés y mal organizado"
AEA_0843,Air Europa,"Edimburgo, Reino Unido",London,Madrid,Europe,mayo de 2023,1,"Air Europa es probablemente la peor aerolínea de Europa. No los use. Mi anciana madre reservó un vuelo de regreso en clase ejecutiva para una boda en Madrid en mayo de 2023. Una semana antes del vuelo le enviaron un correo electrónico para decir que había huelgas por las fechas de los vuelos que había reservado. Llamó a los servicios de Air Europa para obtener más información, pero no pudieron confirmar si la huelga afectaría o no a sus vuelos. No queriendo arriesgarse a perderse la boda, reservó otros vuelos con una aerolínea separada. Cuando intentó cancelar los vuelos con Air Europa, le dijeron que las huelgas ya no afectaban a su vuelo y que no podía cancelar. El representante de servicio al cliente también habló sobre ella durante toda la conversación. Servicio patético, irreflexivo y obstructivo. He experimentado una mejor comunicación y servicio de pequeños transportistas nacionales en África y el subcontinente. No te dejes engañar por reservar con Air Europa."
AEA_0844,Air Europa,Desconocido,Miami,Alicante,International,abril de 2023,1,"No solo siempre llegan tarde cuando vuelo, así que olvídate de conectar vuelo. Servicio al cliente incompetente, grosero y dando consejos equivocados. Me dijeron que esperara en el punto de información durante 40 minutos en mi vuelo conectado, lo que resultó en la pérdida del siguiente vuelo. No vueles con ellos"
AEA_0845,Air Europa,"Buenos Aires, Argentina",Paris,Buenos Aires,International,marzo de 2023,1,"Desastre de aerolínea. La odie. Te dan una sola comida en un vuelo de 12 hs, sin opción de pasaje con comida completa. Cancelaron el tramo Paris-Madrid, lo cambiaron por otro vuelo para el cual confirmamos el cambio pero ellos no registraron nuestros tickets, con lo que casi perdimos la conexión a Buenos Aires. Pasamos mucha angustia hasta que logramos resolverlo"
AEA_0846,Air Europa,Desconocido,Paris,Cordoba,International,abril de 2023,2,"Una persona de Air Europa, un señor canoso de más de 60 años, al preguntarle con educación a que hora embarca su respuesta fue ""cuando Dios quiera, me van a volver loco"". Me parece una absoluta falta de respeto. Soy una mujer de 59 años que vuelvo a Córdoba, Argentina, hago escala en Madrid. Una absoluta falta se respeto , nosotros pagando los vuelos le pagamos el sueldo a ese mal educado. Además del maltrato"
AEA_0847,Air Europa,Desconocido,Buenos Aires,Madrid,International,abril de 2023,1,"Viaje con mis tres hijos y perra , con la mascota 10 puntos, a mis hijos menores de edad y a mi nos separaron de asientos, a mi hijo le dieron un asiento que no se inclinaba y no tenía ventanilla, osea un asiento que no debería estar por qué estaba en salida de emergencia, nunca deberían vender ese asiento! Si sos claustrofobico te Moris!! Los auriculares te los venden, no aceptan efectivo que en mi caso de mudanza al exterior no contaba con tarjetas!! Eso no es nada! Tampoco me dieron un vaso de agua sino la pagaba!! Solo nos dieron en 12 horas el almuerzo, una vergüenza 😳 con lo que sale el pasaje. Sobrevendieron vuelos. Los espacios del pasillo , ojo!! No llevar nada muy ancho , no podés pasar si no golpeas en la cabeza a alguien. De terror nunca más!!"
AEA_0848,Air Europa,Desconocido,Madrid,San Pedro Sula,International,abril de 2023,1,"Perdieron la maleta desde el 20 de abril sin resolución uno pregunta y solamente dice esta en búsqueda, de las dos maletas que salieron desde berlin solamente llego 1 y SIN TAG lo peor del caso, eso significa que si la segunda maleta no tiene etiqueta probablemente jamás la van a encontrar"
AEA_0849,Air Europa,Desconocido,Zurich,Bogota,International,abril de 2023,1,"Encontré Air Europa caro por lo que ofrece. La comida es mínima para un vuelo de 9 horas. Tuvimos un vuelo de conexión retrasado. Nos tuvo esperando durante una hora en el avión sin información. Mi bolso volvió destruido. Había puesto un protector sobre mi bolso. Se lo quitaron y lo dejaron en una manija. Mi maleta ya no es utilizable. Hice una foto. El servicio de atención al cliente te deja en espera, luego suena, luego calla. Intenté una queja por escrito, pero piden un ticketnr de 13 números que no se encuentra en ningún lugar y un código Pir que no tengo idea de lo que significa. También compré y cancelé un ticker 2021 de Air Europa a través de E dreams. No he recibido reembolso. Según E dreams es porque Air Europa no ha reembolsado. Las personas que trabajan en la aerolínea y el vuelo son amables y serviciales, pero por lo demás caro."
AEA_0850,Air Europa,Desconocido,Madrid,Lisbon,Europe,abril de 2023,1,Casi 3 horas de retraso: la información pobre y la tripulación desaparecieron mientras el avión estaba esperando una ranura 1 h 30 m w todos los que estaban dentro. Solo para ser claros y no engañar a sus clientes: no es culpa de aurports si no tiene una ranura si ya tiene 1 h 30 m de retraso. Para evitarlo.
AEA_0851,Air Europa,Desconocido,Zurich,Santa Cruz,International,marzo de 2023,1,"Empezaría aconsejando a la gente que no use esta aerolínea. Recientemente me reservaron para viajar de Zúrich a Santa Cruz en Bolivia, vía Madrid. El vuelo a Madrid se estaba retrasando constantemente, eventualmente seis horas después de la salida programada original el vuelo fue cancelado. En este punto era pasada la medianoche y a los pasajeros se les dijo que recogieran nuestras maletas y encontraran un hotel en Zúrich. Se nos informó de que este coste sería reembolsado por la aerolínea AirEuropa. Finalmente llegué a un hotel a la 1 am. AirEuropa ha rechazado los intentos posteriores de obtener el reembolso de los costes del hotel, ya que afirman que no es su responsabilidad. Además, la aerolínea debía avisar a los pasajeros de los vuelos reprogramados. Llamé al servicio de atención al cliente alrededor de las 6 am, pero inicialmente negaron la responsabilidad de reprogramar los vuelos y luego volví a llamar a las 9 am para informarme que estaba programado para el vuelo de las 12 del mediodía. No recibí notificación de esto ni por mensaje de texto, correo electrónico, WhatsApp o llamada directa. AirEuropa también ha negado su responsabilidad por cualquier forma de indemnización. Comencé mi viaje el domingo por la mañana y finalmente llegué el martes por la mañana, después de pasar 12 horas sentado en el aeropuerto de Madrid esperando el vuelo de conexión reprogramado. En el viaje de regreso de Bolivia a Suiza fui a registrarme - en línea, pero no pude encontrar mi reserva. Tuve que llamar a Suiza, solo para descubrir que AirEuropa había cancelado mi vuelo de regreso ""ya que no tomé el vuelo original""! Obviamente no tomé el vuelo original ya que lo habían cancelado y reprogramado para el día siguiente. Viajo mucho por trabajo y puedo decir honestamente que esta es la peor aerolínea con la que he tenido que lidiar."
AEA_0852,Air Europa,Desconocido,Palma de Mallorca,Madrid,Domestic,abril de 2023,1,"La tripulación muy seca. Sólo me sonrieron cuando me gasté 30€ a bordo en cosas para mis hijos e Internet. A la vuelta veo que ponen a mi mujer, a mi hijo de 5 años, a mi hija de 8 años y a mi, en asientos desperdigados por el avión. Digo en el mostrador de facturación que los menores tienen que ir acompañados de un adulto y una señora con el pelo largo, liso y rubio tintado me dice que lo han podido cambiar de milagro porque Air Europa no les ha pasado ninguna nota que diga que los menores tienen que ir acompañados de un adulto. Que si queremos que cada niño vaya acompañado de un adulto me meta en la web y pague por el asiento que quiero. Vamos, que si hay un accidente tendré que salir corriendo por el avión en busca de mis hijos. Nos tratan como ovejas en un rebaño. Vamos, no vuelvo a viajar con vosotros en mi vida."
AEA_0853,Air Europa,Desconocido,Madrid,Montevideo,International,abril de 2023,1,"Pesimo servicio; en un vuelo de 12 hs solo ofrecen un servicio de comida, el resto se debe comprar; compré una lasagna y estaba en mal estado con hongos. Si bien la azafata pidió las disculpas del caso, esto refleja la mala gestión de la empresa en los controles. El vuelo de Madrid a Montevideo del 12/4 salió con 11 horas de retraso y la única explicación que recibimos fue la de problemas técnicos y varios mensajes SMS que decián que la hora de salida estaba reprogramada. Nadie en el mostrador de Air Europa se hizo responsable del tema tampco coordinaron un hotel para pasar las horas que debimos esperar."
AEA_0854,Air Europa,Desconocido,Madrid,Buenos Aires,International,marzo de 2023,1,"Buen día, viajé por Air Europa Fecha Vuelo 17/03/2023 Madrid Llegada 18/03/23 8.50 Ezeiza Compañía AIR EUROPA Localizador 3QL5KE Me entregaron la maleta rota donde dañaron mi equipaje interno. Reclamé, no quisieron darme número de reclamo PIR. Porque era sábado! chequeado por cámaras de seguridad del aeropuerto. Hoy recibo una respuesta que por convenio de Montreal no me reconocen el desgaste de la maleta. Desgaste??? si me la rompieron, imposible usarla y er anueva recién comprada. Alguien sabe antes de iniciar acciones legales quien puede ayudarte con esto? #AirEuropa #denuncias #ley #consumidores"
AEA_0855,Air Europa,Desconocido,Punta Cana,London,International,abril de 2023,1,"Modos de personal muy grosero y poco profesional; Me estaba gritando desde 4 filas adelante y era muy rey y sonriendo a los ingleses. Un hombre necesita un lavado completo, ya que parece que lo tuvo hace 2 días. Comida de tercera. Cuando la comida te llega ya está fría. ¡Tenemos que esperar 20 minutos para llegar a nosotros! NO RECOMENDAR. Paga un poco más (100 €) y vuela con otra aerolínea"
AEA_0856,Air Europa,Desconocido,Palma de Mallorca,Havana,International,marzo de 2023,1,"Después de dos años en tratamiento por cáncer y una pandemia, mis amigos organizaron un viaje a cuba conmigo en marzo de este año, finalmente no pude ir por una recaída, con mucho esfuerzo económico, envié informes médicos siguiendo sus instrucciones para devolución importe o canje, todavía no tengo respuesta y me gustaría tenerla para concentrarme en mi curación, estoy triste por la falta de empatía de la compañía"
AEA_0857,Air Europa,Desconocido,Zurich,Madrid,Europe,marzo de 2023,1,"Impresentables y mentirosos!!! Después de cancelar el vuelo, dijeron que nos buscáramos hotel y que posteriormente nos abonarían la estancia. A la hora de solicitar la devolución, dicen que nada de nada, que no tienen por qué abonarnos la noche. Si hacen eso con los clientes ¿cómo harán el resto de cosas? NO OS FIEIS DE ESTA COMPAÑÍA !!!"
AEA_0858,Air Europa,Desconocido,Madrid,Santo Domingo,International,abril de 2023,1,"Solo una comida (muy pequeña) en un vuelo transatlántico. Y mi vuelo no fue barato, pagué 1100 € en total. Air Europa simplemente no tiene espacio para las piernas. Si la persona frente a ti se inclina hacia atrás, la pantalla estará a 15 cm de tu cara. El aeropuerto de Madrid está lleno de gente, los baños están sucios y apestosos."
AEA_0859,Air Europa,"Roma, Italia",Rome,Santa Cruz,International,abril de 2023,1,Tienen que cambiar las aeronaves por que para el precio que tienen sus tarifas que no ofrecen sólo una cena y el resto es todo a pagamento con tarjeta de crédito es una vergüenza!! Les pediría o bajan sus tarifas o mejoren sus aviones y la atención con mejores opciones Gracias
AEA_0860,Air Europa,Desconocido,Malaga,Madrid,Domestic,abril de 2023,2,"Viajaron con Air Europe dos veces en 8 días, y ambas veces perdieron mi maleta... El vuelo a Madrid también fue una mala experiencia, casi pensé que el piloto estaba borracho. ."
AEA_0861,Air Europa,Desconocido,Zurich,Las Palmas de Gran Canaria,Europe,abril de 2023,5,"Mi iphone cayó al suelo y el equipo lo vio mientras y después del vuelo. Gracias, nestpr y carmen, por su cuidado. Esta aerolínea es muy buena, cuidan excelentemente a los pasajeros y dan siempre todo. ¡Muchas gracias!"
AEA_0862,Air Europa,Desconocido,Palma de Mallorca,Valencia,Domestic,abril de 2023,1,Nefastos!!! Imposible que devuelvan importe de vuelo cancelado durante la pandemia!! Dijeron que si no se usaba el bono en 2 años devolvían el dinero y ahora dicen que tenía que haberlo reclamado cuando me dijeron que se devolvía a Lis dos años automáticamente!
AEA_0863,Air Europa,Desconocido,Amsterdam,Punta Cana,International,marzo de 2023,2,"La limpieza de 3 de cada 4 aviones (3 boeing 787 ) que utilizamos fue muy muy pobre . También las condiciones de los aviones, se puede decir fácilmente que son aviones antiguos de otras aerolíneas (supongo que es etihad) que ahora están bajo arrendamiento de AE. Puedes ver en las imágenes cómo se dañan los controles de las ventanas. Los baños no estaban limpios en absoluto y se nota que el mantenimiento de la cabina es muy pobre, ruidos en toda la cabina, baños, pintura, sillas, contenedores de equipaje, etc. y se nota que el avión no ha sido aspirado en meses. El entretenimiento a bordo es muy pobre, no está presente en sus 737 aviones y unos 787 lo tienen con disponibilidad limitada. Solo tuvimos entretenimiento ""descendente"" en 1 de cada 4 vuelos. Se enorgullecen de ser parte de skyteam, pero la única ventaja es la prioridad de abordaje si eres de élite de skyteam. Todo es por una tarifa, incluso la comida en vuelos de 2 + horas de Ámsterdam a Madrid, ni siquiera se nos ofreció agua. Solo una comida gratis ofrecida en el vuelo transatlántico (mad - puj y puj - mad) , sin bocadillos adicionales o incluso agua. El costo de wifi es extremadamente alto en comparación con las aerolíneas pther skyteam. El proceso de embarque en PUJ es un desastre y dura para siempre, ae no tiene un puente regular (puerta) asignado por lo que tener que tomar el autobús hasta la puerta para casi 300 pasajeros es una locura. El personal en todos los aeropuertos no era amable o servicial en absoluto. El personal en el avión no era el mejor tampoco I 3 de 4 vuelos, pero eso se espera de ellos siendo españoles. Muy caro para lo que tienes."
AEA_0864,Air Europa,Desconocido,Madrid,Buenos Aires,International,marzo de 2023,2,Es inaceptable que la aerolínea solo sirva una pequeña comida en un vuelo al extranjero. Ofrecen comprar algunas cosas de un menú.
AEA_0865,Air Europa,Desconocido,Lima,Lisbon,International,abril de 2023,1,"Son inútiles , no pueden gestionar ningún cambio, ponen horarios y fechas equivocados para todos mis vuelos, se olvidaron de mi comida vegetariana después de que yo pagara por ella, es muy difícil comunicarse con ellos y cuando los llamas no pueden ayudar ni dar información pero cobrarían cargos extra por todo. Literalmente no podría ser peor."
AEA_0866,Air Europa,"Cardiff-by-the-Sea, California",Barcelona,Panama City,International,febrero de 2023,2,"Vaya, otra aerolínea española barata con un servicio de atención al cliente poco útil (no pueden decirte nada sobre tu vuelo ni ayudarte a obtener un reembolso si estás cualificado) y algunas (pero no todas) azafatas hoscas. La principal queja es que Air Europa proclama orgullosamente su pertenencia a Sky Team, pero NO te dicen que tienen algunas clases de servicio donde no te concederán ningún tipo de puntos por tu viaje. El mal servicio y la falta de transparencia hacen de esta una aerolínea a evitar."
AEA_0867,Air Europa,Desconocido,Madrid,Tel Aviv,International,abril de 2023,1,"La atención, los servicios, los costes, etc hacen que air europa haya llegado a ser peor que ryanair o Vueling. Les explicas cualquier problema o petición y es totalmente omitida, con un trato al cliente y atencion pésimas, particularmente en los mostradores. No recomiendo pagar ni 1€ mas por volar con esta aerolínea que con la peor que se les ocurra."
AEA_0868,Air Europa,Desconocido,Buenos Aires,London,International,enero de 2023,1,"En enero fui de viaje de estudios y lamentablemente me rompiero la valija a punto tal de no poder moverla en el aeropuerto sin los carros que hay disponibles ahi. desde ese entonces mi mama en argentina comenzo a gestionar como hacer porque mi viaje recien comenzaba.y solo recibimos vueltas y pedidos de fotos/ recibo de irreparibilidad etc perdimos y sefguimos aun perdiendo tiempo ademas del dinero que tuve que disponer para comprame una nueva y poder seguir mi viaje. me mandan mail contesto y nada, todo igual,UNA VERGUENZA EL DESTRATO"
AEA_0869,Air Europa,Desconocido,Montevideo,Madrid,International,marzo de 2023,1,"Al llegar a Madrid estuvimos tal ves más de una hora esperando las maletas, que tampoco salieron dónde correspondía sino en otro lugar. Al volver desde Paris, con transbordo en Madrid me rompieron el cierre de la maleta aunque no la pudieron abrir porqué tenía un precinto la maleta quedó inservible. La comida escasa la pasta seis raviolis con algo de una salsa? El pollo un trozo pequeñito y duro que no se podía cortar. Y tienen el descaro de ofrecer nuevamente esa comida de pago. Cuando llegue a Uruguay mi decepción fue total."
AEA_0870,Air Europa,Desconocido,Madrid,Athens,Europe,marzo de 2023,1,"Pagué más de 500 € por un vuelo de Madrid a Atenas y hubo más de 3 horas de retraso en el aeropuerto de Madrid. Nos hicieron cambiar de puerta después de la 1: 30 de esperar en la puerta que se suponía que íbamos a estar y cuando llegamos a la nueva puerta había otro retraso de 2 horas. Nunca obtuvimos una respuesta por la razón de este retraso del personal del aeropuerto o de la compañía. Francamente, lo peor, sin exagerar."
AEA_0871,Air Europa,"Bilbao, España",Madrid,Montevideo,International,marzo de 2023,3,"Mi experiencia con esta compañía ha sido en términos generales buena , puntualidad buena , el avión es moderno un 787 dreamliner el personal de abordo muy amable, el espacio interno muy limitado como cualquier clase turista nada para destacar. La comida es lamentable , pollo o pasta, el pollo francamente malo, la pasta bien pero muy escasa recomiendo viajar con un bocadillo porque en 11 horas de vuelo nos dieron 15 ravioles y un postre ese punto tienen que mejorarlo muchísimo porque no creo que signifique un gran costo poner 10 ravioles más, y dejar al cliente satisfecho. Por otro lado destacar que nos extraviaron la maleta pero en este punto hicieron todo lo posible para subsanarlo y pocas horas después me la estaban entregando en casa , tuvieron una actitud muy responsable y lo solucionaron rápidamente."
AEA_0872,Air Europa,Desconocido,Buenos Aires,London,International,diciembre de 2022,1,"Más de 50 días después de mi regreso de Argentina, sigo esperando la compensación por haber roto mi equipaje. La reclamación fue planteada el mismo día del incidente y todavía está siendo ""investigada"". El servicio al cliente es generalmente bueno, pero cuando necesitan reembolsar el dinero del cliente o asumir la responsabilidad, aparecen problemas reales. Avoid. Prefiere pagar un poco más por el servicio real. - - - - - - - Mas de 50 días desde mi regreso de Argentina, sigo esperando la compensacion por haber roto mi valija. El reclamo fue realizado el mismo dia del incidente. El servicio al cliente de la empresa es en general bueno pero cuando deben dar dinero a sus clientes o aceptar culpa, dejan mucho que desear."
AEA_0873,Air Europa,"Gulf Shores, Alabama",Miami,Barcelona,International,marzo de 2023,1,"Mi esposa y yo visitamos y recorrimos Barcelona y Palma Mallorca recientemente. Ambos eran maravillosos y la gente y la cultura española son encantadores, hospitalarios, acogedores y amables. La única desventaja de todo nuestro viaje fue la aerolínea Air Europa. Su sitio web para registrarse, pagar tarifas, obtener tarjetas de embarque y resolver dificultades con el servicio al cliente son, generosamente, pobres. Usar tu tarjeta de crédito para realizar pagos de cualquier tipo como equipaje o simplemente cambiar de asiento siempre falló. El banco siempre completó las transacciones a pesar de que la aerolínea indicó que había quebrado. El resultado siempre fue una llamada al servicio al cliente a un agente que no hablaba inglés como primer idioma y que canceló la transacción incompleta y luego la completó con la misma tarjeta por teléfono. El resultado fueron viajes internacionales con mucha ansiedad por asientos, equipaje y capacidad de abordar. Mi recomendación es nunca usar Air Europa y solo pagar más para visitar los hermosos países de Europa."
AEA_0874,Air Europa,Desconocido,Buenos Aires,Palma de Mallorca,International,marzo de 2023,1,"Compré dos vuelo ida y vuelta desde Buenos Aires a palma de mallorca del 12 de marzo al 26 de marzo con el vuelo de vuelta sin penalización por cambios donde solo hay que abonar la diferencia entre vuelo elegido al cambio. El vuelo del 26 de marzo mayorca Buenos Aires lo tienen en la página a 341,000 y el vuelo que quiero cambiar para el 10 de mayo sale $353,000 hay una diferencia de $12,000 argentinos al llamar me dicen que la diferencia que tienen ellos es de más de $300,000 una locura el vuelo se lo compré a mi mujer yo estoy en Argentina si llego a estar allá en España les prendo fuego al aeropuerto son estafadores chorros. Comprando un vuelo solo mayorca Buenos Aires sale 267,000 o sea que sale más caro cambiar el vuelo que volver a comprar uno nuevo repito estafadores chorros no compro nunca más un pasaje con ellos tengan cuidado cuando compran con la posibilidad de hacer un cambio de vuelo te cobran el doble vuelvo a repetir estafadores HDP HDP HDP. Las personas que te atienden por teléfono te dicen señor es el precio que sale no hay que tener solamente en cuenta el vuelo de vuelta el vuelo de ida hay que tenerlo en cuenta igual cómo van a tener en cuenta el vuelo de idas si ya lo utilize Los voy a crachar todas las veces que pueda es una locura lo que te cobran un cambio de vuelo"
AEA_0875,Air Europa,"Milán, Italia",Santo Domingo,Madrid,International,marzo de 2023,1,"Mal attencion al publico por la parte de algunas azafatas jovenes Un viaje de 9 horas , solo un servicio de comida Nada de desayuno"
AEA_0876,Air Europa,Desconocido,Zurich,Madrid,Europe,marzo de 2023,2,"Quizás he volado con Air Europa diez veces y me recuerda cómo era Alitalia con su gran servicio al cliente italiano. Del mismo modo, en AE, el personal siempre piensa en la comodidad de sus pasajeros primero con sus medidas de ahorro de costos mezquinos de maneras aleatorias que equivalen a una farsa. Pagué casi un tercio más por el embarque prioritario en un billete de ida y vuelta reembolsable y cambiable (MAD - ZRH (UX 1672 ) ) con franquicia de equipaje, pero me colocaron en la parte trasera del avión junto al inodoro y cuando pedí una reasignación de asientos, la buena gente de AE me buscó para pagar un cambio de asiento. ¿Por qué? Al final me dieron un asiento en la ventana, pero me sentí muy mal por mi compañero de asiento sentado en el medio que tenía las proporciones de John Candy? ¿Por qué el cheque de Air Europa - en agente asignaría a una persona así a un asiento central? ¿Qué estaba pensando ese agente de AE? Pensé que era cruel, discriminatorio y poco complaciente lo que AE le hizo a este hombre que volara en un asiento tan pequeño para su tamaño en el asiento central y no en el pasillo y pensé que AE pudo haber violado la ley de la UE... Además, los auxiliares de vuelo no tenían tacto conmigo cuando me exigieron que probara que pagué por el espacio para equipaje de cabina en mi vuelo de regreso de ZRH - MAD como si estuviera jugando el sistema. Yo tampoco estaba satisfecho con la actitud del azafato. Creo que AE tuvo suerte de que los comprara Iberia (*palabra en la calle). De lo contrario, creo que terminaría como Alitalia - finita. Definitivamente, no me siento como si estuviera en una aerolínea de clase mundial cuando vuelo con AE, pero me siento como si estuviera en una marca económica como Ryan Air bc. Estoy arreado como una cabeza de ganado y me siento como si fuera níquel y atenuado y regateado por todo en esta maravillosa aerolínea."
AEA_0877,Air Europa,Desconocido,Madrid,Porto,Europe,diciembre de 2022,1,"El día 31 de diciembre nos dejaron en tierra media hora antes de partir el vuelo, no nos informaron de nada en ningún momento y nos toco comprar otro billete en otra compañía para volver. Después de 4 meses esperando la devolución del importe hoy me comentan que ellos no tienen por qué devolver ni un euro. Su poca consideración con los viajeros me hace que tome la determinación de dejar mi mala experiencia e invitar a todo el que tenga una similar a dejar su reseña pues esto sí que les hace daño y les cuesta muchísimo dinero a las compañías. No te resignes y te invito a que dejes tu experiencia esto si que les hace daño."
AEA_0878,Air Europa,Desconocido,Madrid,Punta Cana,International,agosto de 2022,4,Mi último vuelo muy bueno en horario y servicios Abono realizado por parte de Air Europa del importe de la reserva de asientos por cambio sobre lo contratado
AEA_0879,Air Europa,Desconocido,Buenos Aires,Rome,International,enero de 2023,1,"Estafadores!! Cambié mi fecha de viaje, y tuve que pagar un incremental muy importante por el cambio. Tres dias antes de viajar me llaman y me dicen que tengo que pagar $100.000 pesos más (unos USD 300) porque me habian ""facturado mal"" el cambio. Si no pago, no viajo. Admiten que la culpa es de ellos, incluso por email, pero igual me obligan a pagar o no viajar. Son impresentables, horrible estafa. Por supuesto, mi queja formal a AirEuropa no tuvo ningún efecto."
AEA_0880,Air Europa,"Benfleet, Reino Unido",London,Buenos Aires,International,febrero de 2023,3,"Estúpidamente leí todos los comentarios negativos antes de nuestro vuelo de larga distancia de Londres a Buenos Aires vía Madrid. No necesito preocuparme. No teníamos opción con estos vuelos ya que venían como parte del paquete para el crucero antártico en el que estábamos. En primer lugar, tenga en cuenta que se trata de una aerolínea económica. Tus boletos deberían ser más baratos que el resto. Obtendrás UNA COMIDA en un vuelo de 13 horas. Esté preparado y tome bocadillos Y AGUA. En su mayor parte el personal era agradable, aunque tuvimos la desgracia de tener el mayordomo más gruñón del mundo salir de Madrid - ser. R. En realidad le gritó a algunos pasajeros. Las maletas estaban bien y no se perdieron. Air Europa no sería mi ir a la aerolínea, pero no fueron tan malos como sugieren las críticas. 3 estrellas porque es una aerolínea económica. Si esta fuera una aerolínea de gama alta sería una 1/2"
AEA_0881,Air Europa,Desconocido,London,Madrid,Europe,marzo de 2023,1,"Tuvimos 11 horas de retraso donde nos ofrecieron un vale de 10 libras para la comida mientras tanto. Los representantes de la compañía no pudieron decir si volaríamos o cuándo, impulsando la decisión cada 1 hora. Me perdí eventos pre-pagados en Madrid y perdí un día de mi viaje debido al retraso. En estas 11 horas, la compañía podría haber traído otro avión desde Madrid y llevarnos a nuestro destino. Podrían habernos informado cuándo volará el avión para que pudiéramos reservar rutas alternativas. En cambio, siguieron retrasando la hora de salida y nos dijeron que no sabían si volaríamos. Les dijeron a los pasajeros con conexiones que les reservarían un hotel porque habían perdido su vuelo pero no les darían su equipaje - estos chicos tuvieron que quedarse con la misma ropa y sin cepillo de dientes ni nada por más de 24 horas hasta su próximo vuelo. Al final, negaron la indemnización porque mencionaron que se trataba de una circunstancia extraordinaria de seguridad, aunque ya nos lo habían dicho 1. 5 horas después de la hora de salida que la puerta del avión estaba segura y no dañada (como cuando intentaron conectar el puente, el puente tocó la puerta en la posición equivocada y no se “cerró”). Su servicio al cliente es lo peor, no se preocupan en absoluto por los pasajeros y son groseros. No es de extrañar por qué casi quebraron y Iberia tuvo que comprarlos. Triste para Iberia ya que compraron un trozo de @@@"
AEA_0882,Air Europa,Desconocido,Frankfurt,Madrid,Europe,marzo de 2023,1,"Mi hijo concurrió al.aerop de FRANKFURT 4 horas antes de salida de su vuelo, el pasado 10/3/23. Realiza checkin ni bien abre mostrador, despachando maleta con sobrepeso (costo 120€), regresaba a Uruguay (conexión Madrid) luego de 7 meses de estar estudiando en Alemania. Luego se dirige directo a fila seguridad la cual estaba a full. No se coló, nervioso por no llegar a tiempo al boarding pero al tener 2 pasajeros del mismo vuelo a su lado supuso llegaría y/o le avisarían como hacen otras aerolíneas. Al pasar control corre a puerta y lo frenan para decirle que avión estaba LLENO y que llegó tarde. Otra chica atrás de el, tampoco dejaron abordar. Ambos dijeron que tenían sus asientos. El pasajero adelante lo dejaron entrar con 1 minuto antelación. Sin más explicaciones no los dejaron abordar y no le reprogramaron vuelo. Su maleta estaba en aeropuerto. Qué raro!!! pueden bajar maleta de cada pasajero si en la puerta no dejan entrar? o será que ya no lo iban a dejar abordar porque como dijo funcionaria ESTABA LLENO????!!! revendieron sus asientos???? ya lo sabían??? mi hijo quedó varado en Frankfurt, en el aeropuerto. Nadie de la Cia. lo quiere atender y solucionarle problema. Por las cámaras de aerop se puede verificar que no tardó en ningún momento. 4 horas antes ingresó al aerop a la fila del checkin las que todavía estaban cerradas. La respuesta de la aerolínea fue Llegaste Tarde!!! El 11/3/23 fue al aerop y la indiferencia del personal de Air Europa fue total. Fue a depósito a levantar su maleta. Intentó comunicarse con personal de aerolínea AIREUROPA y lo ignoraron aduciendo que el supervisor JAIME del aeropuerto de FRANKFURT concurre el lunes 13/3 quién ya el viernes 10/3/23 le negó reprogramación de vuelo. Tuvo que comprar otro vuelo para 5 días adelante para regresar a Uruguay y veremos si le cobran nuevamente sobrepeso de una maleta que NO.SUBIÓ AL AVIÓN. Mi esposo se comunicó varias veces a los Call Center de la aerolínea y ninguno dio respuesta aduciendo que SÓLO EN AEROPUERTO se podía conseguir respuesta. Otro servicio PÉSIMO ya que el sistema decía que el pasajero no se había presentado y que el vuelo no tenía sobreventa. NOS MINTIERON EN LA CARA? CONCLUSIÓN: si compra en AIREUROPA por barato, le va a costar CARÍSIMO!!! además pasará momentos muy violentos y desagrdables. Perdiendo días de trabajo/estudio y familiares por la INCOMPETENCIA del personal, mal servicio y poca empatía."
AEA_0883,Air Europa,"Madrid, España",Porto,Madrid,Europe,febrero de 2023,2,"Ya empezamos mal !!! nos retrasaron el vuelo una hora más ( no se puede hacer nada) llega un avión y nos imaginamos que era el nuestro, cuando llaman a embarcar nos dejan parados en el finger a todo el vuelo, imaginen como estabámos con todo nuestro equipaje de mano. Y vemos que nos paran porque tienen que salir los pasajeros que acaban de llegar !!! con mucha prisa vamos buscando nuestro asiento y el avión empieza a rodar con pasajeros TODAVIA LEVANTADOS y los portaequipajes ABIERTOS estuvimos así un buen rato y faltando segundos cerraron los portaequipajes para poder despegar. Tengo entendido que antes de despegar se hace una pequeña comprobación de todos los sistemas con EL AVION PARADO !!! nosotros no paramos desde que empezamos a rodar y a continuación despegamos (todo junto) Por lo tanto avión sin limpiar, baño ni lo cuento, asientos calientes del pasaje anterior... y todo corriendo (mejor olvidar)"
AEA_0884,Air Europa,Desconocido,Cordoba,Madrid,International,marzo de 2023,1,"Me parece una pésima empresa , pensé que fusionándose con Iberia mejoraría pero por lo visto es lo mismo , creo que es un tema cultural es España un país patético . Vengo viajando muchos años porque no tengo otra empresa con vuelo directo a Madrid , pero el trato del personal pésimo , siempre llegaban aviones viejos que no le servían ninguna pantalla de TV , y por último han recortado las dos comidas por una y los precios de los billetes han incrementado no encuentro la lógica . Realmente es una empresa para cerdos en Europa , aerolínea para los cerdos ."
AEA_0885,Air Europa,Desconocido,London,Madrid,Europe,marzo de 2023,2,2 horas tarde de Londres a Madrid No hay excusa. Si tienes otra opción no elijas esta empresa. esta es mi mala experiencia
AEA_0886,Air Europa,Desconocido,Madrid,Cordoba,International,febrero de 2023,2,"Antes era una compañia de viajes normal, ahora es una low cost. Te cobran por los auriculares 3 euros, y en un vuelo de 11 horas lo mínimo es que esté incluido los auriculares para tener entretenimiento. Luego te dan de cenar (muy pobre..) y al amanecer solo si pagas tienes desayuno, y el café es un vaso de agua marrón que te venden como café. Te quejas a las azafatas y dicen que son ordenes de la empresa. En definitiva: pagar por todo. Muy mala experiencia."
AEA_0887,Air Europa,"Riverview, Florida",Paris,Miami,International,marzo de 2023,1,"Reservé mis boletos y dentro de las 24 horas llamé para cancelar y se niegan a cumplir con las 24 ventanas de cancelación y cobra una multa. No sólo que amenazaron con bloquear y bloquear mis reservas. Me colgaron también. Si usted tiene alguno de estos problemas, por favor presente una queja del consumidor con el DOT de EE. La denuncia será denunciada y registrada contra Air Europa."
AEA_0888,Air Europa,Desconocido,Madrid,Malaga,Domestic,marzo de 2023,1,"Hizo una reserva con Air Europa de Madrid a Málaga y luego necesitó cambiar la fecha del vuelo Al intentar hacer el cambio se cometió un error (la reserva se finalizó en su sitio web sin una comprobación final para que yo confirmara los detalles) e hizo la reserva para la hora de salida incorrecta Me di cuenta del error y llamé al servicio al cliente de la aerolínea sin demora y el mismo día Se negaron a reconocer cualquier error por su parte y solicitaron 80 euros adicionales para cambiar la hora de salida (el precio original del billete era de 45 euros ) El servicio al cliente fue agresivo y hostil Difícil evitar a esta aerolínea ya que tienen un monopolio virtual en la ruta Madrid-Málaga ¡Pero! ¡Si es posible, eviten este traje de acaparamiento de dinero!"
AEA_0889,Air Europa,Desconocido,Tenerife,Malaga,Domestic,febrero de 2023,1,"el 13 de febrero cojo un vuelo de tenerife a madrid el cual estaba lleno hasta los topes los asientos muy estrechos, llego a madrid para coger la conexion a malaga y nos tuvieron edperando mas de una hora para embarcar (despues de a ver pasado a hora de embarque) porque supuestamente era un problema informatico, cuando entro al avion que me lleva a malaga mas de lo mismo asientos estrechos muy incomodos. llevo a malaga y resulta qur ni la misma gente del avion se enteran y pierdes la maleta de unas 15 personas incluida la mia. despues de 45 minutos de espera me da por mirar por el aeropuerto donde esta mi maleta ya que viajaba por trabajo y la necesitaba urgente y la encuentro en otra cinta que no tenia nada que ver, me la encuentro rota por 3 sitios y para colmo le falta una rueda como ya llegaba tarde no puse una reclamacion ahi mismo si no dije la pongo en internet y cual es mi sorpresa que cuando hoy me llega la contesta me dicen que como no di parte en el aeropuerto no puedes hacer nada asi que nadie me paga ni me reembolsa en tiempo qur perdi ni mi maleta pesima compañia esta clase de empresas solo se dedican a facturar a ganar y ganar y no pensar ni en los pasajeros ni en los tripulantes sigan asi air europa qur ya vereis donde estareis dentro de unos años 👎 si no quereis tener malas experiencias no voleis con air europa"
AEA_0890,Air Europa,Desconocido,Bogota,Madrid,International,enero de 2023,1,"Aerolínea terriblemente irresponsable. El vuelo sufrió un retraso de más de 5 horas sin apoyo, un problema técnico aterrador en el vuelo, la maleta completamente destruida, AirEuropa afirma ahora que no está obligada por la normativa de la UE —convirtiéndola efectivamente en un operador rebelde—, por lo que se niega a pagar los costes de retraso o de la maleta destruida (¡la mitad de la cual no llegó! ) , los costes adicionales de llegar a destino o la compensación por retraso. Y nada de agua en vuelos de larga distancia (10 + horas), así que trae la tuya. La actitud laxa y descuidada con los protocolos de las aerolíneas y la ley me preocupan por la seguridad general, mientras que el desprecio abierto por los pasajeros es notable, por lo que nunca volverá a volar AirEuropa. No te arriesgues: evita este traje de vaquero."
AEA_0891,Air Europa,Desconocido,Paris,Cancun,International,febrero de 2023,2,"Actúan como una compañía de bajo coste, aunque sus precios son en realidad solo ligeramente menos costosos o aproximadamente los mismos que las aerolíneas más grandes. También son bastante furtivos en mi opinión y solo quieren proporcionar el servicio mínimo. ALIMENTOS: Primero, solo obtiene una comida, de la que no se le advierte antes del vuelo. Esta comida se sirve al principio del vuelo (en mi caso fue de 11 horas), lo que significa que obviamente tuvo hambre más tarde. Luego el siguiente servicio de comidas que hacen es al final del vuelo y todo, incluidas las bebidas (excepto el agua creo) , es para la compra. Una pequeña caja de Pringles o un capuchino instantáneo le costará un mínimo de $ 3. NIVEL DE SERVICIO: Tampoco proporcionan el servicio más educado. Justo antes de cada servicio de comidas, siempre encienden las luces al máximo, despertando abruptamente a todos los clientes en el vuelo. Te tratan casi como a un niño - ajustando tu asiento sin pedirte que lo hagas o decirte que te sientes (aunque no haya turbulencias y no estemos en descenso/ascenso) . Aparte de decir hola o adiós, cada interacción es transaccional. Te preguntan qué quieres comer con las obras mínimas (pasta o pollo... ¿bebida? ) y nada de palabras extra de respeto o cortesía. COMODIDAD: Más allá de eso, el vuelo largo era bastante incómodo con muy poco espacio para las piernas (quizás ese sea el caso de la mayoría de los aviones en estos días). Sin embargo, el tramo más corto del vuelo era mucho más espacioso. Las almohadas apenas tenían pelusa y eran bastante planas. Tuve la experiencia anterior para los 4 vuelos totales (de París a Madrid a Cancún y la misma ruta para el regreso) así que es difícil decir que fue una experiencia “única” o “única”. No recomendaría en absoluto y elegiría cualquier otra aerolínea cuando sea posible en el futuro."
AEA_0892,Air Europa,Desconocido,Milan,Lima,International,febrero de 2023,1,"En la facturación de maletas te miden las maletas del carry on, así tu maleta pese menos de 10 kg, si un centímetro no pasa te cobran una maleta extra para que vaya a bodega. El costo es de 140 euros. También el cobro por peso extra de 10 kg ES DE 100 euros, no 60euros como dicen en la página web. El personal que te atiende en ventanilla fue el peor, no tienen nada de paciencia, ni tolerancia ni empatía. Pésimo servicio"
AEA_0893,Air Europa,"Vitoria-Gasteiz, España",Madrid,Caracas,International,febrero de 2023,2,"Es lamentable que los vuelos transatlánticos se hayan degradado a vuelos tipo ""a bajo precio"" cuando las tarifas que se pagan son exorbitantes. En el viaje que hice de Madrid a Caracas, en la aerolínea Air Europa, en el mes de febrero de 2023 la calidad del servicio había decaído a unos niveles abusivos. Los auriculares desechables que antes eran gratuitos ahora había que comprarlos a 3 dólares pagando solo con tarjeta de crédito. La comida rayaba en la repugnancia, no solo era escasa sino que además parecía responder a una situación de escasez de alimentos, precaria y horrible. Lo peor es que luego te ofrecían un menú decente pero que había que pagar. A todas estas cuando contratas un billete comienzas con una tarifa razanoble que poco a poco se va convirtiendo en una tarifa abusiva que se incrementa con servicios que para un vuelo transatlánticos son básicos como llevar una maleta facturada o reservar un asiento. Un verdadero despropósito para un billete que me costó casi 2000 euros. No me extraña si esta aerolínea entra en quiebra."
AEA_0894,Air Europa,"Southport, Australia",Madrid,Mexico City,International,febrero de 2023,1,Debía ir a México desde España. Luego viene el COVID. He reservado a través del centro de vuelos en la Costa Dorada Australia. La historia corta es que se quedan con mi dinero y mis créditos. Son casi imposibles de alcanzar si vives en este lado del mundo y lo saben. El centro de vuelos se ha lavado las manos y no se ha responsabilizado de vivir conmigo sin dinero y sin crédito. No vuele con ellos son engañosos y deshonestos Amy
AEA_0895,Air Europa,Desconocido,Madrid,Lima,International,febrero de 2023,1,"Hombre, nunca volvería a elegir esta compañía. En primer lugar, los precios de los árboles subieron al menos un 30-40 %, con un servicio PEOR. Imagínate si antes en un vuelo largo tuvieras 3 comidas y de repente te das cuenta de que solo recibes una. ¿Cómo puedes ser tan inhumano manteniéndonos en estas condiciones mientras ganas millones y millones en nuestras espaldas? No reserve con esta empresa, no vale la pena!"
AEA_0896,Air Europa,Desconocido,Palma de Mallorca,Ibiza,Domestic,febrero de 2023,1,"Siempre con retrasos, sin información acerca de su retraso, preguntamos en mostrador y apenas saben que decirnos un operario nos dice por temas meteorológicas y otro de sus operarios nos dicen que facturamos que esta llegando.. Despues de todo servicio a bordo malisimo NO RECOMENDABLE 100%"
AEA_0897,Air Europa,Desconocido,Cordoba,Paris,International,enero de 2023,1,"Si tiene una discpacidad no viaje en AIR EUROPA. Perdieron las valijas y Mintieron diciendo que las habian entregado. Aun no las tengo y alli llevaba mis zapatos adaptados. La ropa de abrigo tambien, arruinaron mis vacaciones y los planes academicos y familiares que tenia"
AEA_0898,Air Europa,"Chicago, Illinois",Frankfurt,Palma de Mallorca,Europe,febrero de 2023,1,"Esta aerolínea es la peor que he volado y he volado en Ryan Air. Terrible servicio y gente. Le pedí agua a una de las azafatas cuando subí al avión para poder tomar mi pastilla de mareo. Ella me dijo que me sentara y esperara y luego nunca siguió. La gente es grosera, apenas hay espacio para moverse en el avión. Mi espalda no cabía debajo del asiento. Fue una experiencia horrible y terrible. Recomiendo encarecidamente NO volar esta aerolínea."
AEA_0899,Air Europa,Desconocido,Madrid,Buenos Aires,International,febrero de 2023,1,"Me cobraron el doble por un asiento, y la señorita que me ha atendido en atención al cliente me dice que primero que hago reclamando tres días después y segundo que me cobran el doble por pagar en pesos argentinos cuando en la página no dice nada de eso. Acto seguido me cuelga el teléfono. He puesto una reclamación y no voy a parar hasta que se me devuelva el dinero. Me dedico atención al cliente y la actitud de esta persona me parece lamentable. Si no te gusta la atención al cliente, dedícate otra cosa porque no vales para ello"
AEA_0900,Air Europa,"Londres, Reino Unido",London,Bogota,International,febrero de 2023,4,"Habiendo leído la asombrosa cantidad de críticas negativas me preparé para un viaje desagradable... solo para sorprenderme gratamente. No hubo problemas en Londres, Madrid, Bogotá o Medellín y mi bolso y yo nos movimos sin esfuerzo. Ni siquiera las pequeñas quejas sobre una sola comida en un vuelo de nueve horas me molestaban. Las recargas de vino no fueron un problema, la selección de la película era aceptable y el personal era amable. Los asientos eran promedio, los aviones estaban bien. Supongo que la marca de una buena aerolínea es cómo reaccionan cuando las cosas salen mal. Afortunadamente nada salió mal. De hecho todo estaba muy bien."
AEA_0901,Air Europa,Desconocido,Barcelona,Lima,International,febrero de 2023,1,"Pésima experiencia. Para un vuelo intercontinental de 12h sólo sirvieron una comida de un único plato. Asientos sin espacio, similares al de cualquiera de un vuelo nacional, en el que es imposible dormir. Todo por un módico precio de 850€ vuelo de ida y vuelta barcelona - lima. No recomiendo para nada esta compañía de vuelos…"
AEA_0902,Air Europa,"Buenos Aires, Argentina",Madrid,Buenos Aires,International,febrero de 2023,1,"Nunca viajé tan mal en mi vida Me sentí peor tratado que a un animal, de verdad Los asientos son duros, imposible quedarse dormido, puedes estar horas buscando infructuosamente una posición para dormir, es imposible PRÁCTICAMENTE NO HAY ESPACIO ENTRE ASIENTOS, para salir tienes que pisar a tu compañero Las azafatas muy maleducadas, gritan a todo el mundo, aunque seas muy cortés con ellas. La comida horrible En un vuelo de 11 horas como el mío, te sientes peor que un preso Y si al del asiento de adelante se le ocurre reclinar su asiento, ay de ti SIRVEN BEBIDAS UNA SOLA VEZ EN 12 HORAS, TACAÑOS!! Si querés un café cuando te despiertas, lo tienes que pagar con tarjeta de crédito Si quieres agua, tienes que recorrer todo el avión buscando entre botellas vacías LOS BAÑOS REPUGNANTES, se ve que por ser clase económica no los limpian durante el vuelo TE SACAN LAS GANAS DE VIAJAR"
AEA_0903,Air Europa,"Basilea, Suiza",Zurich,Cancun,International,febrero de 2023,1,"1 Estrella es demasiado para esta empresa! Acaban de cancelar mi vuelo y están tardando años en reembolsarme. Nadie contesta ningún email, es terrible. ¡La peor compañía de todos!"
AEA_0904,Air Europa,Desconocido,Madrid,Vigo,Domestic,julio de 2022,1,Pésima atención al cliente y pésimo servicio. Llevo esperando el reembolso de unos billetes que ellos mismos cancelaron desde julio de 2022
AEA_0905,Air Europa,"Buenos Aires, Argentina",Amsterdam,Madrid,Europe,febrero de 2023,1,"Mala atención en aeropuerto Cómoda malísima!!!! Mal trato del personal Perdieron mis valijas,y recién liude recuperarlas luego de burocracia infame y destrato,tres dias después Somos adultos msyores y fue inadmisible el destrato y lla ineptitud frente a un error cometido por Air Europa"
AEA_0906,Air Europa,"Paros, Grecia",Madrid,Lima,International,marzo de 2022,1,"Mi vuelo tuvo un retraso de 12 horas debido a un problema con las aerolíneas. Las cosas del aeropuerto eran muy desagradables. Y no hizo nada para ayudarme. Por el contrario, me hicieron ir al aeropuerto dos veces durante este retraso para emitir nuevos billetes sin que finalmente fuera necesario. No se dio dinero o lugar para alojarse. Pero el gran escándalo es que después de enviar un correo electrónico a la aerolínea, mintieron y me respondieron que no tenemos derecho a ningún reembolso y no hay nada que pudieran hacer al respecto. Tuve mucha suerte ya que en el aeropuerto un abogado de una empresa Legalsky nos dio algunas tarjetas. Les asigné el caso y finalmente después de un año logré obtener una compensación. A cualquiera que tuviera lo mismo, le sugiero que intente conseguir su dinero. Seguro que nunca más volveré a viajar con esta aerolínea."
AEA_0907,Air Europa,"Murcia, España",Cancun,Alicante,International,septiembre de 2022,1,"Salimos con retraso del Cancún y perdimos en el aeropuerto de Barajas, Madrid, el vuelo a Alicante. Tuvimos que salir al día siguiente y hacer noche allí. Todo muy largo de contar, en resumen una odisea y por toda respuesta la compañía nos dio trató de ganado. Lo peor es que ni siquiera se ha dignado a responder a la reclamación que les puse. Estoy hablando de septiembre de 2022. Una delicia. La Compañía de seguros que aseguró el viaje (con Logitravel) tampoco ha respondido la reclamación por la pérdida de enlace y eso que estaba recogida en las cláusulas del Seguro. Otra delicia. Conservo las tarjetas de embarque, los tickets etc. Está todo acreditado."
AEA_0908,Air Europa,"Departamento de Montevideo, Uruguay",Montevideo,Ibiza,International,junio de 2022,3,Esta una empresa con aviones relativamente nuevos xeso el viaje es bastante normal. Pague mas para ir en asientos preferenciales para ir mas comodo( puertas de emergencia). Salimos al mediodia de montevideo y a la hora nps trajeron el almuerzo que es malo como siempre. Despues de eso te cobran todo hasta los auriculares. Es un vuelo de 13 hrs y si no te llevas algo para comer la vas a pasar mal . Aparte de todo eso nos rompieron la ruedas de mi valija y la de mi señora. Muy mala experiencia....
AEA_0909,Air Europa,"Provincia de Buenos Aires, Argentina",Buenos Aires,Madrid,International,febrero de 2023,1,"En más de 12 horas de vuelo solo ofrecen una comida al principio del vuelo y luego nada más, ni siquiera desayuno, ni un café. Hay que pagar por todo…por la elección de asientos en el check in, por cualquier café o bocado…hasta hay que pagar 3 dólares por los auriculares. Y no se les ocurra sacar el pasaje sin las maletas al inicio porque si se compran después cobran 100 euros por tramo En fin hay que acordarse de no viajar más con esta aerolínea. Es preferible comprar un pasaje con alguna aerolínea reconocida aunque cueste un poco mas…al final de las cuentas, seguro será más barato y uno estará menos indignado."
AEA_0910,Air Europa,Desconocido,Punta Cana,Valencia,International,febrero de 2023,1,"Regresaba de unas vacaciones de 45 días en mi país. El día 3/02/23 regresaba a valencia España, desde el aeropuerto de punta cana con la aerolínea Air EUROPA, con una conexión en Madrid, pues al llegar a Valencia mi equipaje nunca salió, así que después de buscarla angustiadamente, me dirigí al mostrador me dieron el PIR y solo me dijeron “lo siento” ha pasado una semana desde mi viaje y no sé absolutamente nada de mi equipaje, la compañía no se ha puesto en contacto conmigo ni un solo día, en el link de búsqueda de mi equipaje no hay ninguna novedad y siempre que llamo sólo dicen, “entiendo” lo siento” y lamentablemente la falta de empatía no tiene límites, los de atención se nota que no tienen la mínima idea de la empatía y de cómo atenderte. Allí llevo mis medicinas que tengo una semana sin usarla porque estoy esperando a que llegue mi maleta, mis cremas y protector solar (indicado por la dermatóloga) ya que tengo una mancha que no puede recibir sol, mis cremas de rutina de día y noche, todo absolutamente todo mi maquillaje, mis ropas, mis productos del pelo, y productos perecederos (que obviamente ya están dañados) y muchas cosas más que son importantes. Así que sigo aquí esperando que ellos al menos me den una respuesta, pero no, me sorprende la irresponsabilidad de Air Europa, NO VIAJES CON ELLOS, son unos irresponsables sin empatía, al menos deberían decirme o facilitarme productos de primera necesidad, ya que aunque estoy en mi domicilio permanente no cuento con ellos porque están en la maleta y no me sobra el dinero para comprarlo de nuevo. Fatal la atención (son una vergüenza) 1200€ me consto el vuelo, para recibir tal atención"
AEA_0911,Air Europa,"Palma de Mallorca, España",Amsterdam,Madrid,Europe,febrero de 2023,1,"Vengo de un vuelo desde holanda el cual te envía air europa un mensaje al correo que estes 3 horas antes por causas ajenas a la compania, segun decian era por la falta de seguridad en el aeropuerto que haria que haya mucha colaa, esto fue totalmente mentira dado que no habia ningun inconveninete, se hecho fue el filtro mas rapido que he pasado, despues de cambiar las puertas, pone en el panel que te presentases cuanto antes en la puerta, estamos hablando de 3 horas antes de vuelo, una locura, pues alli, dicen primero que tienen problemas de espacio y que cogerian al azar maletas para facturar, y luego empiezan a reclamar voluntarios porque la empresa ha vendido mas billetes de los que el avión puede coger, ofreciendo pasar la noche y salir al dia siguiente, dado que esto no tuvo exito, embarcaron a los primeros de la cola, el resto tuvo que joderse perdiendo el vuelo que ya habian pagado y teniendo que quedarse en un hotel de aeropuerto alejado de la ciudad para con suerte salir al dia siguiente, lo peor de todo esque esto no es puntual, esta compania suele hacerlo para asi poder facturar mas eficientemente dejando de lado a los clientes a la buena fortuna"
AEA_0912,Air Europa,Desconocido,Frankfurt,Madrid,Europe,febrero de 2023,1,"Hice el check-in por la aplicación y no reservé asiento pues no querría costes extra. En lugar de asignarte un asiento aleatorio me hicieron esperar hasta que cerraron las puertas de embarque para asignarme uno, con lo que el equipaje de mano acabó en una punta del avión y yo en otra, aparte de tener que esperar de pie en la sala hasta el momento de apertura del avión. Hasta ahora había asumido que, como otras compañías, si no media pago, te asignan un asiento de los menos buenos, pero Air Europa riza el rizo y hace pasar al viajero por lo arriba expuesto."
AEA_0913,Air Europa,"San Clemente del Tuyu, Argentina",Buenos Aires,Madrid,International,marzo de 2022,1,"Siempre leo opiniones de todo lo que voy a hacer, por las dudas. Me acuerdo que viaje con air europa a madrid desde bsas en el 2012, este año me tocaría de nuevo y leo sus opiniones y no puedo creer lo que cambio esta aerolínea, primero no te cobraban los auriculares, segundo el servicio era excelente!, el vuelo de 12 hs tenias una comida y un desayuno, tercero las maletas estaban todas incluidas, por que le bajaron tanta la calidad? Si el precio es bastante alto igual. Desde ya hablaré con mi agente para que no me toque esta aerolínea. Una pena, todo el que me preguntaba le decía que lo mejor era air europa, pero por lo que leo ni quiero hacer la prueba 😞"
AEA_0914,Air Europa,"Magaluf, España",Palma de Mallorca,Barcelona,Domestic,agosto de 2022,1,"Ellos no emitirían mi billete con mi residencia y mi certificado de viaje presente, tan pronto como hablaba inglés ella pidió ver mi residencia e inmediatamente dijo que no No puedo volar a menos que compre otro billete porque no tengo un DNI de una persona española, nunca volvería a utilizar esta aerolínea de nuevo un montón de otros que respondieron 6 meses después diciendo que leer los Ts & Cs antes de reservar, compañía impactante evitar a toda costa"
AEA_0915,Air Europa,Desconocido,Caracas,Tenerife,International,septiembre de 2022,1,"Yo salí de Venezuela el 24 de septiembre del año pasado con destino a Tenerife con un pasaje de la aerolínea Air Europa que establecía la llegada al aeropuerto de los Rodeos en Tenerife el domingo 25 de septiembre. Por razones que no tuvieron en nada que ver conmigo sino con la gestión de la aerolínea, llegué a Tenerife el día 27, es decir 2 días después de lo previsto. Pero además, llegué sin mi maleta, porque en el aeropuerto de Madrid Barajas, cuando nos estaban embarcando a Lisboa (en una conexión inconsulta y que yo no solicité) para luego llevarnos a Tenerife, el personal de Air Europa a quienes le entregué personalmente mi maleta, la extravió, la maleta nunca llegó a Lisboa. Esa maleta apareció 3 meses y medio después. Repito: Mi maleta estuvo extraviada, por mala gestión de los empleados de Air Europa en el aeropuerto de Madrid Barajas, durante 110 días, es decir, 3 meses y medio. Es importante mencionar que la misma noche que llegué al aeropuerto Tenerife Norte, el 27 de septiembre de 2022, introduje un reclamo por la maleta extraviada, y a partir de allí nos comunicamos diariamente con los teléfonos de equipaje que el funcionario de la aerolínea me suministró. Durante más de mes y medio llamaba diariamente, obteniendo como respuesta siempre: ""la maleta se sigue buscando"". Durante el período de tiempo que transcurrió sin mi maleta, tuve que incurrir en gastos para adquirir efectos personales con los que no contaba para mi estadía, dado que los míos estaban en la maleta perdida. Esos gastos son de los que solicito reembolso. Y la línea aérea está en la obligación de reembolsar, de acuerdo a lo que establece el Convenio de Montreal, ya que el inconveniente fue causado por negligencia de los funcionarios de la aerolínea en el aeropuerto de Madrid. He estado presentando mi solicitud de reembolso desde el 15 de noviembre del año 2022, y la respuesta de la aerolínea siempre ha sido negativa."
AEA_0916,Air Europa,"Donostia-San Sebastián, España",Punta Cana,Madrid,International,febrero de 2023,2,"En un viaje que llega a Barajas a las 11 de la mañana no ofrecieron ni cafe por la mañana,buenos aviones pero muy estrechos los asientos."
AEA_0917,Air Europa,Desconocido,Madrid,Asuncion,International,diciembre de 2022,1,el vuelo estaba programado 22:15 luego ha dicho que la 1:00 de la mañana y al final salimos a las 6:00 un retraso de 6 horas sin informacion nada hicimo el reclomo y no se hizo responsable nada es una estafa de compania es una verguenza
AEA_0918,Air Europa,"Buenos Aires, Argentina",Buenos Aires,Madrid,International,febrero de 2023,1,"En un viaje de 13 horas solo sirvieron una comida con su respectiva bebida y luego ni siquiera pasaron ofreciendo agua... eso si, pasaron en dos ocaciones vendiendo el agua embotellada, gaseosas pagas y productos de duty free... en la segunda oportunidad prendieron las luces de la cabina y nos despertaron SOLO para eso. VENDEN los auriculares para utilizar la pantalla de entretenimietos (repito, viaje de 13 horas) si son una low cost, avisen! Porque el precio no acompaña."
AEA_0919,Air Europa,Desconocido,Stockholm,Havana,International,enero de 2023,1,"No recomendado, escribimos nuestros nombres completos al comprar un boleto. Se registraron sin segundos nombres, luego nos obligaron a cancelar la entrada, a comprar una nueva entrada que costó 600 euros más. Su servicio al cliente fue muy poco comprensivo. Si su sistema tiene problemas, no deben culparnos. Intentaban decirnos que no sabemos nuestros nombres completos, y lo olvidamos, aunque tenemos pantallas impresas."
AEA_0920,Air Europa,Desconocido,Madrid,Malaga,Domestic,diciembre de 2022,1,"La peor compañía de la historia, Vuelos siempre tarde/cancelados, Mi vuelo fue cancelado, nunca recibió la compensación de la UE, los he estado escribiendo durante meses y me hacen esperar. Voy a demandarlos. Una empresa de la que huir"
AEA_0921,Air Europa,Desconocido,Salvador,Brussels,International,enero de 2023,1,"Esta compañía es terrible. Antes era bueno, pero ya no. No quieren pagarme 2 maletas que rompieron. Llegó 6 días tarde y cuando llegó estaban arruinados. Los llamas y no te dan una solución."
AEA_0922,Air Europa,Desconocido,Tel Aviv,Buenos Aires,International,enero de 2023,1,"Además de venderte hasta los auriculares, me tocó viajar al lado de una persona q transportaba un gato, viaje oliendo un olor muy desagradable, súper incómoda. 1el personal en general tiene mal trato..busquen otra empresa para viajar..."
AEA_0923,Air Europa,Desconocido,Madrid,Palma de Mallorca,Domestic,enero de 2023,1,"De verguenza, sms se cancelacion al movil en el de las 8.20 y ni una explicacion. Reubicacion en el de las 10.15 y salida a las 11.15. La vuelta idem, cancelado y ni uma explicación, q esta roto el mismo avion de esta mñn. Pesima atencion y servicio por no hablar del trastorno para los q viajamos por trabajo en el dia...."
AEA_0924,Air Europa,"Villa General Belgrano, Argentina",Buenos Aires,Madrid,International,enero de 2023,3,"Atencion en horario, vuelo comodo, avion nuevo, pero solo dieron servicio de cena en un viaje de +13 horas transatlantico. Esperaba un poco mas de servicio y atencion al cliente en esta experiencia de viaje entre BUE y MAD con Air Europa"
AEA_0925,Air Europa,Desconocido,Munich,Managua,International,enero de 2023,1,"Todo lo que podía salir mal en este vuelo salió mal. Se suponía que debía cambiar de vuelo en Madrid y México. Nuestro primer vuelo desde Munich se retrasó 1 hora, así que nadie que tuviera un vuelo de conexión en Madrid logró cogerlo. Justo al lado de nuestra puerta de embarque había otro avión saliendo hacia Madrid. Tras escuchar la conversación del personal de Air Europa sabían que nuestro retraso será de al menos una hora. Sin embargo, no tomaron medidas lo suficientemente pronto. Cuando aterrizamos en Madrid empezó el horror. Nadie estaba allí para ayudarnos y guiarnos al mostrador de traslado para obtener un nuevo billete de embarque. El aeropuerto estaba casi vacío y la mayoría del personal nos dijo que es demasiado tarde para encontrar un mostrador abierto. Tardé 45 minutos en encontrarlo y fui el primero de nuestro vuelo. Me volvieron a reservar para otro vuelo al día siguiente y me ofrecieron un hotel. Uno pensaría que es agradable, pero me dejaron esperar otros 45 minutos fuera para el servicio de transporte del hotel en invierno europeo! Al día siguiente tuve que facturar todas mis maletas de nuevo y me dijeron que no habría comida vegetariana ya que no la reservé con 48 horas de antelación (¿Se supone que debo quedarme con hambre en un vuelo de 10 horas? ). El vuelo en sí ofreció menos servicio que lo que reservé en el boleto original. Ahora cuando contacté con Air Europa para pedir una indemnización ni siquiera se molestaron en contestarme. No recomendaría esta aerolínea."
AEA_0926,Air Europa,"Asuncion, Paraguay",Asuncion,Zurich,International,diciembre de 2022,3,"He tenido más de 10 vuelos con Air Europa, la mayoría de ellos fueron en Business Flex. El vuelo en sí estaba bien, también la comida y el servicio a bordo estaba bien. Esta aerolínea solo tiene un problema importante: Normalmente compro los billetes Business Flex porque a menudo necesito cambiar espontáneamente las fechas de mis vuelos, con Air Europa no puedo cambiar las fechas en línea, así que necesito llamar al centro de llamadas, pero cambiar las fechas a través de su centro de llamadas es un gran dolor. Aproximadamente 2 de cada 3 llamadas al centro de llamadas se cortan de repente en el medio y luego tengo que marcar de nuevo, en 1 de cada 3 veces cuando tengo éxito para cambiar el vuelo a través del centro de llamadas siempre me lleva al menos media hora. Realmente necesitan implementar una manera de cambiar las fechas en línea, ¡eso sería una gran mejora para la experiencia general!"
AEA_0927,Air Europa,Desconocido,Barcelona,Santo Domingo,International,diciembre de 2022,1,"Nos hicieron pagar una barbaridad de dinero por unos billetes que a la larga no. Se pudo no reembolsar. No te dan desayuno o cena según convenga con tu horario, los/las azafatas te hablan y miran de una forma que te hacen sentir. Qué ellos he hacen un favor, cuando no lo es, porque bastante caro nos salió el boleto. En mi experiencia no volveré a viajar por aquí."
AEA_0928,Air Europa,Desconocido,Madrid,Munich,Europe,octubre de 2022,1,"Cuando volé con Air Europa en octubre pasado nunca imaginé lo mala que podría ser esta aerolínea. Sacaron mi equipaje aéreo del vuelo sin permiso y después de las palabras me dijeron que ya no había espacio, así que tuvieron que guardar mi equipaje. Sin embargo, habían perdido mi bolso en ese tiempo y no me lo devolvieron durante casi 20 días. Mientras tanto me prometieron reembolsarme mis artículos perdidos y así que compré una bolsa y artículos nuevos. Desde que mi bolso fue finalmente enviado de vuelta a mí (menos todas mis joyas, una bonita chaqueta, y otros objetos personales que desaparecieron) , los he llamado semanalmente desde que volví a casa de mi vuelo y les envié un correo electrónico muchas veces tratando de obtener el reembolso de los artículos perdidos y comprados. Solo para que me colgaran, me ignoraran, me habían dicho cosas contradictorias como que necesitaba proporcionar facturas versus recibos o recibos versus facturas, o que necesitaba pruebas de mi banco o proporcionar un pasaporte para verificar la identidad. Está claro que en este momento nunca se me reembolsará ninguno de mis problemas. Si esperas profesionalidad de tu aerolínea, o cualquier nivel de servicio al cliente mantente alejado de Air Europa."
AEA_0929,Air Europa,"Split, Croacia",New York City,Madrid,International,noviembre de 2022,1,"Se rewervaron unos asientos con coste adicional. Al llegar al avion, este habia cambiado y los asientos reservados no correspondian con los que se pagaron en el mapa de asientos. Pagamos por unos asientos que nos hubieran dado gratis. Vuelo incomodo ya que no volamos donde quisimos y una estafa en toda regla. Les reclamas y se lavan las manos diciendo que no es asi. Tu no puedes aportar pruebas ya wue la reserva de los asientos no va acompañada del mapa de asientos del avion. Ladrones. Recomiendo que nunca compreis nada extra a esta compañia y si podeis volad con otra, merece la pena. Estafadores."
AEA_0930,Air Europa,Desconocido,Caracas,Madrid,International,enero de 2023,1,"viajar con air europa fue la peor pesadilla cancelan el vuelo a las 2 am despues que nos dejan 4 horas esperando , no nos dan comida, nos mandan a un hotelucho despues de 6 horas de esperar y nos dan el vuelo un dias despues, y para colmo me pierden la maleta y me la entregan 21 dias despues toda abierta y sin hacerse responsables no recomiendo nunca viajar con ellossss"
AEA_0931,Air Europa,"Ámsterdam, Países Bajos",Amsterdam,Madrid,Europe,enero de 2023,5,Simplemente la mejor calidad por el dinero que paga! La única preocupación... la tripulación... bastante descortés comparado con todos mis vuelos anteriores.
AEA_0932,Air Europa,"Londres, Reino Unido",Madrid,Havana,International,diciembre de 2022,4,"Estábamos muy preocupados de volar Air Europa leyendo estas críticas con antelación. Nuestra experiencia fue muy diferente. Volamos Gatwick - Madrid - La Habana. Reservamos asientos por adelantado, pero no los XL. No tuvimos problemas con las bolsas que pasaron por el tránsito sin problema en ambos sentidos. Madid a La Habana iba en un 787 Dreamliner. Este moderno avión era cómodo y toda la selección de AV bajo demanda funcionaba perfectamente. Tomamos nuestro propio 3. Auriculares jack de 5 mm así que no necesitó comprar ninguno. La comida era comida de aerolínea económica y estaba bien. Tenemos 1 bebida gratis en el bar. Una comida suficiente para las 9 horas de vuelo. Las mascarillas eran obligatorias a bordo pero cuando se estaba sentado no se hacía cumplir. Todos los vuelos fueron a tiempo. La tripulación era amable. Fácilmente mejor que lo que BA ofrece ahora."
AEA_0933,Air Europa,Desconocido,New York City,Venice,International,febrero de 2022,1,"Han estado esperando varios años para recibir un reembolso de ellos y lo han estropeado cada vez. Les he dado mi tarjeta de crédito, banco, y ahora PayPal y cada vez que la han liado o no la envían o solo me dan parte del reembolso"
AEA_0934,Air Europa,Desconocido,Bogota,Madrid,International,julio de 2022,4,Un vuelo bien dentro de lo normal salió como esperaba. Un retraso de tres horas mientras arreglaban unas fallas en el sistema de comunicación y ya
AEA_0935,Air Europa,"Aspe, España",Lima,Madrid,International,julio de 2022,1,"Servicio de atención al cliente de muy mala calidad. Me dañaron una maleta en mi viaje y pidieron multitud de papeles para reclamar (formulario al que hay que añadir el PIR, boarding pass, factura maleta nueva, estimación maleta vieja, etc...). Tienes que comprarte una maleta nueva sin saber si te resarcirán el daño de la anterior. Volé en julio: hoy es enero y no tengo señal alguna. Solo un e-mail diciendo que no insista con nuevos mensajes porque puede ralentizar el proceso de reclamación. Así me tienen callado... mientras espero. No recomendable"
AEA_0936,Air Europa,Desconocido,Cancun,Madrid,International,diciembre de 2022,2,"no pagamos la maleta al comprar el boleto, un gran error cuando llegamos al aeropuerto de Cancun nos hicieron pagar 11,500 pesos en efectivo no aceptaban tarjetas. nadie tiene ese efectivo a mano cuando se va a viajar a Europa, y luego de regreso 140 euros por maleta mas una comisión que cobraba la aerolínea"
AEA_0937,Air Europa,"Provincia de Barcelona, España",Madrid,Caracas,International,febrero de 2022,1,"Llevo casi 2 años reclamando un vuelo cancelado y solo me responden que ya devolvieron el dinero, pero este dinero no aparece en ninguna cuenta ni tarjeta, siempre viajaba con ellos, más nunca repetiré son unos LADRONES!!!"
AEA_0938,Air Europa,Desconocido,Madrid,Frankfurt,Europe,diciembre de 2022,4,"En mi caso fue todo espectacular, sin retrasos sin largas esperas, todo muy organizado , hice el vuelo de ida con esa aerolínea e igual de vuelta, expectacular Recomendación: llevar la mascarilla, un cogin para dormir comodo , y mirar mucho la pantalla por si te cambian la puerta ( que en mi caso no paso, pero suele pasar mucho)"
AEA_0939,Air Europa,"Londres, Reino Unido",Porto,Madrid,Europe,octubre de 2022,1,"No pude pensar en una experiencia peor con ningún negocio en mi vida. La falta de cuidado que tuvieron para mi madre en silla de ruedas fue simplemente impactante. La dejaron a su suerte cuando la hicieron perder el vuelo, nos causó un gasto masivo para volar sobre un sobrino para resolverlo. no solo que su equipaje se perdió dos veces por ellos... Estaba tan traumatizada que nunca ha vuelto a volar y la única compensación que le ofrecieron por la maleta fue un vale de vuelo (que nunca usará)"
AEA_0940,Air Europa,Bélgica,Guayaquil,Madison,International,enero de 2023,1,"Me registré en el sitio web temprano el día antes de abordar desde mi teléfono, aceptando la asignación automática (no pagada) de asientos. En el check - in pregunté si imprimirían mi tarjeta de embarque ya que la batería de mi teléfono estaba un poco baja. El personal me pidió un pago extra de 20 USD para permanecer en el mismo asiento o de lo contrario me trasladarían a uno con menos espacio para las piernas. Me negué, ya que ya había completado la verificación - en el procedimiento. El personal se volvió agresivo e insultante, me entregó un aviso de comportamiento inaceptable indicando que no había cumplido con las instrucciones de seguridad y que había afectado la seguridad de la aeronave -mientras estaba de pie en el control- en el escritorio. El personal me asignó otro asiento independientemente. El personal dijo que podría haber sido un problema de software en el check-in y que debería contactar con el servicio de atención al cliente de Air Europa (no hay tal servicio en su sitio web). El personal se declaró sobrecargado de trabajo y mal pagado, lo que aparentemente justificaba un servicio errático y un trato civil a sus clientes. Nunca más AE."
AEA_0941,Air Europa,Desconocido,Rome,Madrid,Europe,diciembre de 2022,2,El 29 de diciembre viaje con mi familia desde Roma a Madrid la primer experiencia negatividad que tuvimos fue que hasta que no llegue a la puerta del avión no me informaron de la regulación del gobierno de España que hay que viajar con máscara está bien es ley y la respeto pero desde que facturamos el equipaje hasta justamente la puerta del avión nadie nos informó de dicha regulación tengan en cuenta que no somos españoles y por consiguiente viajamos con pasaportes americanos lo necesario para que el agente que nos facturó de antemano nos pudo haber informado y dado tiempo suficiente para encontrar donde comprar las máscaras lo que deriva el 2 segundo descontrol una vez en la puesta del avión donde nos hacen saber lo de las máscaras no podemos abordar el avión hasta que tengamos las dichas máscaras las cuales la tripulación para casos como estos deberían ofrecerlas algo que no hicieron y por consiguiente tuve que abandonar el abordo y salir como un Livio haber quien vendía las máscaras algo que parecía anacrónico para las tiendas italianas de la zona de abordar milagrosamente una última tienda las tenía a 1 euro cada una finalmente pude regresar a la puerta del avión donde agonizaba en espera mi hijo y esposa Algo significativo era que tal ley no aplicaba para el piloto y copilotos ya que ambos estaban en la puertas sin dichas máscaras a no ser que fuesen robots algo que dudo Pero los inconvenientes continúan me encontraba sentado en la hilera número 5 y una ves que el vuelo tomó altura los tripulantes intentaron dar servicio a los pasajeros en cuanto los vi a mi lado me quitaba la máscara y los audífonos para pedir un vaso de agua y por arte de magia habían desaparecido me pare y llame en vano para que me escucharan pero iban a toda velocidad como si tuvieran una emergencia para regresar entonces no atiné a otra cosa que darle un silbado con toda mi fuerza lo que funcionó y vino a hacia mi con un carácter que por un momento pensé que me pegaba lo que atinó a decirme que ella no era una perra para que yo le silbara lo comprendí y le dije que no era mi intención pero fue lo que atiné para que me pudiera dar un vaso de agua el cual me dio y el resto de los pasajeros igual le reclamo por lo rápido que iban lo que no nos dejaba tiempo para pedir nada No creo que tenga más nada que decir pero la experiencia fue de gran desagrado
AEA_0942,Air Europa,Desconocido,New York City,Madrid,International,enero de 2023,1,"Si vuelas desde JFK, mantente alejado. Necesito ser transportado en autobús al avión desde la puerta en JFK. Embarque de un 8 : El avión 05 comenzó a las 8: 15 donde necesitábamos ser transportados en autobús al avión. Tomó varios autobuses para transportar a todos los pasajeros al avión que estaba en otra puerta. Nunca más."
AEA_0943,Air Europa,Desconocido,Lisbon,Punta Cana,International,diciembre de 2022,1,"[ ] Mi itinerario de viaje fue Lisboa - Madrid - Punta Cana. Tengo dos equipajes registrados en el mostrador. El vuelo de Lisboa a Madrid se retrasó dos horas. En Lisboa, una azafata de Air Europa nos dijo que no podríamos tomar el vuelo de conexión de Madrid a Punta Cana y que nuestro vuelo sería al día siguiente. [ ] Fuimos al cinturón de equipaje, pero solo llegó la maleta de mi novio. El mío no. Esperamos un rato más, pero nada. Hablamos con la señora de la recogida de equipajes y nos dijo que no podían encontrarlo. [ ] Seguía desviando y diciendo que no lo sabía. Dijo que la maleta fue enviada con el vuelo original que perdimos o estaba en un depósito diferente, pero no estaba segura. Ella nos dijo entonces que fuéramos al hotel y presentar cualquier queja solo en el destino final (Punta Cana). [ ] En el mostrador de facturación de Air Europa, la señora buscó el número de baggae y nos dijo que la bolsa estaba allí y cinco minutos después que no. Nos frustramos porque a cada paso del camino a nadie parecía importarle y nos estaban alimentando con clamaciones falsas y no concluyentes. [ ] La señora nos señaló entonces Perdidos y nos encontró abajo, pero cuando llegamos allí la señora nos dijo que los equipajes no van allí. Volvimos al mostrador donde la señora se desvió una vez más. Dijo que no había información sobre el equipaje. Todo lo que podía darnos era tal vez. Al día siguiente, procedimos una vez más a la reclamación de equipaje donde una señora diferente nos dijo que el equipaje estaba en madrid listo para estar en el próximo vuelo con nosotros. Cuando llegamos a Punta Cana, mi equipaje no llegó. Una vez más fuimos a la reclamación de equipaje y les dimos la información necesaria sobre la maleta, pero no se confirmó el estado. Sólo tal vez. Dijo que probablemente se quedó atrás en Madrid. Presentamos una queja y nos dijo que mi maleta probablemente vendría al día siguiente. [ ] Al día siguiente en el aeropuerto, una vez más, no hubo información hasta que un tipo nos dijo que la bolsa estaba allí y que podía verla en el sistema, pero no pudo encontrarla. Luego nos dijo que la bolsa podría haber ido a algún otro lugar dentro del aeropuerto para controles de seguridad, pero sólo lo sabría al día siguiente. Nos prometió dar nuevas actualizaciones al día siguiente. Nos dio su número de teléfono. Al día siguiente llamamos muchas veces. No hay información en todo un día. Al día siguiente, finalmente dijo que la maleta no estaba allí y que llegaría en un vuelo siguiente. Ahora estoy 5 días sin mi maleta y sin información concreta. Sólo afirmaciones falsas y puras mentiras. [ ] En cuatro días volveré a casa, (Brasil) pero dijeron que mi equipaje llegaría a Punta Cana el 30 de diciembre de 2022 , pero no fue así. Información desordenada, sin apoyo o compensación real, vuelo sucio, baños inutilizables, personal grosero y descuidado con sus pertenencias registradas. Eso es Air Europa."
AEA_0944,Air Europa,Desconocido,Tenerife,Madrid,Domestic,enero de 2023,1,"Las chicas me han tratado muy desagradablemente, sus nombres Carmen Fernández y 25550 la otra chica no quiso darme su nombre // vuelo ux 9049 Tenerife Madrid Viajamos cada año con niños y siempre tenemos embarque preferente Ahora dice q en Air Europa solo con bebes es preferente, pero lo peor es la forma despótica y antipática y la verdad su trabajo es ser amable y ha sido desagradable la gente q estaba alrededor quedo igual que yo bastante incomoda El personal debe estar en algún tipo de desacuerdo con la empresa ya q parece q odian trabajar aquí, no contestan preguntas y te miran de una forma q pienso a esta gente como la contratan para atención al cliente! No sonrien no son amables y te sientes muy incomodo Por favor si el caso es real entended que con los retrasos q tienen y el embarque de vergüenza la verdad las personas con movilidad reducida y niños pequeños primero como en cualquier compañía y aeropuerto Saludos y espero q esto llegue a quien corresponda y queme contesten sino volveré a escribir cuantas veces haga falta"
AEA_0945,Air Europa,"Gainesville, Florida",Miami,Barcelona,International,diciembre de 2022,1,El servicio de tierra es espantoso no ayudan en absoluto y son extremadamente antipáticos. Pero lo peor fue el que nos cobraron 8 maletas facturadas cuando sólo teníamos 2 y éramos 4 viajeros. La razón que me dieron es que aunque 2 de nosotros no llevábamos maletas nos las tenían que cobrar. Hubo otros problemas menores pero creo que con esto os llevareis una idea del tipo de empresa. La recomendación es que evitéis al máximo utilizar esta aerolínea. Imagino que puede haber otras peores pero yo no las he encontrado.
AEA_0946,Air Europa,Desconocido,Madrid,Cancun,International,enero de 2023,3,"Quería darle más de un 3. 5 calificación pero le daré un 3. Esta es mi reseña: Ventajas -el personal en su mayor parte era muy amable y agradable - billetes baratos -los asientos estaban bien en comodidad -la comida sabía mejor de lo esperado - dio una almohada y una manta (aunque manta muy delgada) - puerto de carga para su teléfono Desventajas Los asientos no se reclinaron completamente. - la mayoría del personal solo me hablaba en español -las opciones de comida gratis eran muy básicas - precios adicionales por reservar asientos, eran muy altos -precio adicional para cualquier cosa realmente era bastante alto. El precio para facturar maletas, por ejemplo, eran totalmente ridículos. -tenía que usar una máscara En general tuve una experiencia agradable y volvería a volar con ellos"
AEA_0947,Air Europa,Desconocido,Malaga,Miami,International,diciembre de 2022,1,"Es un abuso. Totalmente. Unos cara duras. Después de un vuelo Malaga - Miami por el que nos han cobrado 1200€ por persona, sin incluir maleta en bodega, obvio, para ellos tuvimos que pagar 220€ más por maleta..... Lo primero, al subir al avión... - Disculpe señorita, sería tan amable de traernos unos auriculares para poder ver las películas? Con muy malas formas ( la señorita M. Aznar) "" la más agradable de todas .... nos dice - No está viendo que estamos preparando todo? - Bueno, no, la verdad ... no me había dado cuenta. Lo mejor de todo... después de 30 minutos pasan con el carrito de los auriculares ( a 3 € el auricular!!!) que conste que eran de esos de 2 pinchitos de toda la vida de los aviones . He hecho cientos de viajes y jamás me han cobrado por auriculares, contando que somos 5. Son 15 € en auriculares . Los baños estaban sucisimos desde el minuto 1 de entrar al avión. No los habían limpiado después del vuelo. A la hora de la comida, no hacen como en todos los vuelos que comienzan unos carritos por delante y otros intermedios o por detrás, no. Pues que pasa? Que a todo el mundo: - Que quiere, pollo o pasta? Claro, cuando llega a la fila 50 es: toma la bandeja. Pollo o pollo. Le digo que no me parece justo y me dice la Srta Aznar muy amable, que eso es lo que hay.... Mientras tanto, había un niño pequeño gritando, por cualquier cosa que le puede ocurrir a un bebé como de 3 años... y esta misma señorita le suelta un SSHHHHHH. Hablando de la comida, decepcionante . El sabor para mi, no estaba mal pero tampoco es que sea yo muy exigente con la comida. Pero en TODOS los vuelos que he cogido te ponen mínimo un primero (ya sea ensalada, verduras o algo así), plato principal abundante, postre, pan, mantequilla e incluso algunos hasta un trozo de queso. Lo mejor de todo, es que en un vuelo de casi 10 horas... SOLO PONEN 1 COMIDA GRATUTITA!!! Cuando en la mayoría de los vuelos ponen 2, una después de un rato de despegar y otra un par de horas antes de aterrizar. Pues aquí, olvídate. Si eres de tener hambre te recomendamos que te lleves algo. Ya que por un bocadillo te van a clavar 10€. Las aguas, de Solan de Cabras a 3€ la botella. Y así infinidad de cosas. Vamos, que ya no basta con pagar el vuelo a precio del oro, si no que TE SACAN TODO LO QUE PUEDEN Y MAS . NO VUELVO A VIAJAR CON AIR EUROPA"
AEA_0948,Air Europa,Desconocido,Miami,Madrid,International,diciembre de 2022,1,"Aerolínea que exige llevar mascarilla por precaución , si no no embarcas , exigiendo medidas de seguridad extremas, y nos meten a todos como sardinas en lata sin separación . Un descojono, si tanto aprecias la seguridad, pon asientos aleatorios para que la gente vaya separada y cómoda , Avión pequeño , una comida, personal antipático, y los cascos para ver película o escuchar muSica te los cobran. En mi caso me facturaron una maleta grande y me metieron 130$ son unos listos, yo lñy mi familia primera y última vez."
AEA_0949,Air Europa,"Palma de Mallorca, España",Buenos Aires,Palma de Mallorca,International,diciembre de 2022,1,"Nefasto vuelo en el trayecto Palma/Buenos Aires/Palma. Segunda vez que utilizo esta línea aérea en este trayecto y espero que sea la última. La primera vez fue una mala experiencia en un Airbus 330, en fila de 2, 4 y 2pasajeros, incómodos pero medianamente soportable la fila de 2, catering pobre, La segunda vez ha sido en un Boeing 787, con filas de 3, 3 y 3 pasajeros. Teniendo en cuenta que la cabina del 330 es mas ancha que la del 787 900, y este último tiene un asiento mas por fila, sacad vuestras propias conclusiones, asientos mas estrechos e ínfimo espacio entre asiento y asiento. En el 330 entraban, pasajero mas o menos, 290, en el 787 casi 350 pasajeros, mas claro agua. El catering de este último viaje no era pobre, lo siguiente !!, no me refiero a pan mas pan menos, sino a un solo servicio en un vuelo de 12 horas, la tripulación estuvo desaparecida durante 8 horas, LÍNEA AEREA NADA RECOMENDABLE,"
AEA_0950,Air Europa,"Sevilla, España",Frankfurt,Madrid,Europe,diciembre de 2022,1,"Mi vuelo se retrasó mas de 3 horas, perdí el tren que debía coger después y tras poner una reclamación (una semana esperando) decido llamar a atención al cliente, donde no me dan ningún soporte y me dicen que el periodo de gestión de reclamaciones es de 45 días..."
AEA_0951,Air Europa,Desconocido,Lima,Madrid,International,diciembre de 2022,1,"5.30 h de retraso en el vuelo hacia lima , el regreso salió en hora pero mucha gente se quedó en tierra porque venden asientos de más. Pague 80€ por un asiento en salida de emergencia y obvio mis pies tocaban la puerta ,venían todo el rato y me daban golpes diciendo que no podía tocar la puerta de salida de emergencia. Mal trato en viaje de regreso , te hacen pagar los auriculares,solo te dan una comida, pollo o pasta el resto es de pago por no hablar de los mini asientos .Ryanair mucho más comodo"
AEA_0952,Air Europa,Desconocido,Madrid,Asuncion,International,diciembre de 2022,1,"Basura de aerolínea, retraso de más de 5 horas, no lo recomiendo para nada, horrible atención y pésimo Servicio y ayuda"
AEA_0953,Air Europa,Desconocido,Tel Aviv,Palma de Mallorca,International,diciembre de 2022,1,"Compramos junto a mi esposo 2 billetes de vuelo desde Tel Aviv a Mallorca.Al llegar para facturar las maletas nos dijeron que ellos no podían enviar nuestras maletas directamente a Mallorca;que nosotros debíamos recogerlas en Madrid y salir del aeropuerto para entrar nuevamente a facturar nuestras maletas para nuestro destino...Les expliqué que el tiempo era muy limitado para hacer todo esto y que iba a perder mi segundo vuelo(porque con todas las aerolíneas anteriores que hemos volado con conexión siempre recogemos nuestras maletas al final del destino ""como es lógico"",porque ambos vuelos eran con una misma aerolínea)A lo que la funcionaria respondió ""que era política de la aerolínea"". Al llegar a Madrid y tener que esperar las maletas y correr hacia la otra terminal,ya habían cerrado la ventana de facturación... A los pocos minutos llega una trabajadora de Air Europa y le hace un check in frente a nosotros a un pasajero con nuestro mismo destino...Le explicamos a la senora nuestra situación y que necesitábamos encarecidamente tomar ese vuelo...A lo que respondió con desdén y muy descompuesta,que ella no podía hacer nada y que no se lo dijéramos más que ella no se iba a pasar toda la noche dándonos la misma respuesta (cuando justo frente a nuestros ojos estaba atendiendo a otro pasajero) Solo puedo resumir que Air Europa tiene el peor servicio (en todos los sentidos) que he experimentado en toda mi vida."
AEA_0954,Air Europa,Desconocido,Madrid,Buenos Aires,International,octubre de 2022,1,"Viajé en el asiento 34A, el cual estaba roto, estaba fijo en posición vertical. Estuve en esa posición todo el vuelo y con la pantalla del asiento delantero muy cerca de mi cara sin poder utilizarla porque me hacía mal a la vista (el asiento de adelante estuvo todo el viaje reclinado, como es normal).Y para colmo en el medio estaba sentada una mujer con pésima actitud que no me dejaba levantar. Tuve sensación de claustrofobia todo el viaje, ya que era un asiento en ventanilla pero sin ventana. La tripulación intento reparar el asiento pero sin éxito, y me informaron que no había otro asiento disponible en todo el avión. Fue el peor viaje de mi vida, de haber sabido antes de despegar que mi vuelo iba a ser de esa manera, hubiera solicitado viajar otro día. No hice un escándalo en el vuelo porque sabía que la tripulación no podía solucionarlo, y solo empeoraría mi malestar. Ellos me indicaron que haga una reclamación cuando aterrizáramos, y fue lo que intenté en el aeropuerto, pero me indicaron que lo haga por la web. Hoy 42 días después de iniciado el reclamo sigo sin respuesta, y luego d e 38 minutos al teléfono, me indican que van a enviar un mail para recordar a la gestora que me respondan y puede tardar hasta 8 días hábiles más... Decepcionado es poco. y para un vuelo de más de 13 hs sólo dieron 1 comida, una vergüenza."
AEA_0955,Air Europa,"Santa Cruz de Tenerife, España",Madrid,Tenerife,Domestic,diciembre de 2022,2,"Despues de preguntar si podiamos adelantar el vuelo en el punto de informacion de Aena nos dirigimos a la puerta de embarque, alli la azafata nos dijo de forma muy seca que el vuelo estaba cerrado sin mas explicacion. De vuelta a la zona comercial y para hacer tiempo, vimos un punto de informacion de Air Europa y un amable señor nos dijo que habia plazas libres en el avion para esa hora y llamò a la puerta para decirles que ibamos para allå otra vez. Al llegar a la puerta de nuevo, la azafata en cuestion erre que erre que no habia sitio, menos mal que un compañero de esta persona le dijo que sì, que lo habian llamado y que nos atendieran. Embarcamos y volamos antes gracias a estas 2 personas que demostraron profesionalidad y empatia. Y para terminar, decir que cuando despegamos en el avion habian plazas libres."
AEA_0956,Air Europa,Desconocido,Madrid,Havana,International,noviembre de 2022,1,"Servicio de catering pésimo, escaso y de mala calidad. Una solo comida para un vuelo de 8 horas y media Madrid-Habana. Plato único macarrones o arroz con pollo, un panecillo , un dulce y una bebida en un vaso pequeño. Si quieres algo mas tienes que pagarlo. Y el viaje de regreso lo mismo, una sola comida y ni desayuno te dan. Para lo caro que venden los billetes de avión, el servicio me parece pésimo. Con Air Europa, NUNCA MAS"
AEA_0957,Air Europa,Desconocido,Buenos Aires,Alicante,International,diciembre de 2022,1,Y me robaron todos los regalos q traía wn el trayecto ezeiza alicante.y la maleta tenia seguro pero xomo no hice la descarga en el aeropuerto porq perdía el transfer ahora no me reconocen nada espero poder recibir alguna llamada con cambio de idea
AEA_0958,Air Europa,"Ciudad de Guatemala, Guatemala",Madrid,Panama City,International,noviembre de 2022,5,"Tuve el placer de poder degustar de la excelente comida a bordo de este vuelo de Air Europa y me sorprendió la cálida y exquisitez de el servicio proporcionado por el chef Martin Berasategui. La presentación y el sabor están a la altura de grandes cocineros y si tomamos en cuenta la dificultad que conlleva un servicio a miles de metros de altura, el merito es mayor. El servicio de la tripulación además fue impecable, llevando a esta experiencia a los mejores limites permitidos. Gracias Air Europa, veo que no todo está perdido en las líneas aéreas."
AEA_0959,Air Europa,"Medellín, Colombia",Medellin,Madrid,International,noviembre de 2022,1,"El problema con las azafatas españolas es que se quedaron en la época de la colonia y creen que todos somos una manada de indios a los que hay que adoctrinar. Son tan conchudas que esta actitud se les medio justificando en una ruta de su propio país, pero llegando a Colombia es ser muy osados."
AEA_0960,Air Europa,Francia,Frankfurt,Havana,International,agosto de 2022,1,"viajo muy seguido ya sea por trabajo o privado. He viajado von muchas Aereolineas, pero ninguna ha sido tan pero tan horrible como Air Europa. a parte de recibir mis 4 equipajes 4 dias despues de haber llegado al destino de mis vacaciones me lo han deteriorado completamente. Llevo desde el 04 Agosto reclamando el rembolso de mis equipajes. EL SERVICIO AL CLIENTE LO MAS ASQUEROSO QUE HAY. No responden y si lo hacen es la respuesta automatica de siempre! SON UNOS ESTAFADORES no les recomiendo viajar con esta compañia! Es que no se puede dar 0 como Nota porque si no la daria."
AEA_0961,Air Europa,Desconocido,Madrid,Barcelona,Domestic,noviembre de 2022,1,"La tripulación entra en el avión 45' después de la hora de embarque, riendo y haciendo broma entre ellos. Nadie informa, el vuelo a punto de llegar a la hora de salida y no ha empezado el embarque. Nadie dice nada. En los paneles no hay ningún cambio. No hacen ni informan. Mal servicio, mala gestión."
AEA_0962,Air Europa,"Madrid, España",Madrid,Palma de Mallorca,Domestic,noviembre de 2022,3,"Viaje de negocios en cabina business para el trayecto MAD-PMI-MAD. En B-737 donde la cabina business consiste en las 5 primeras filas donde el asiento intermedio se deja sin vender y colocan una cortina entre la fila 5 y 6. Habitual en aviones tan pequeños. Los asientos y el avión en sí bastante cascados pero al menos tienes un poquito más de espacio para las piernas. Como es habitual, pasan el carrito con bebidas y aperitivos de cortesía. Misma valoración que la vez anterior. A ver si en los próximos 6 meses, tenemos más fortuna y los señores de AirEuropa se ponen las pilas."
AEA_0963,Air Europa,Desconocido,Madrid,Punta Cana,International,octubre de 2022,4,"La ida como la vuelta fueron correctas. Buenos asientos y l@s auxiliares de vuelo amables. La comida,bueno como todas. Eche de menos merienda en ida y desayuno en vuelta. Buena compañia."
AEA_0964,Air Europa,"París, Francia",Paris,Valencia,Europe,enero de 2022,1,Air Europa canceló mi vuelo SIN AVISARME. No me mandaron ningún mensaje ni siquiera por email. Por lo que me presenté en el aeropuerto y descubrí VIENDO LAS PANTALLAS que mi vuelo ESTABA ANULADO. Una verdadera vergüenza por la parte de Air Europa. Además no me han dado ni una compensación. Muy mal Nunca más air europa.
AEA_0965,Air Europa,Desconocido,Madrid,Bogota,International,noviembre de 2022,1,Servicio pésimo desde que llegas a los mostradores hasta que te subes al avión el servicio a bordo fatal en un vuelo de casi 11 horas una sola comida el desayuno o el refrigerio lo tienes que pagar y solo permiten pago con tarjeta de crédito los audífonos igual se pagan cosa que hasta en los autocares se regalan rogando que no te toque el asiento en la cola del avión cuando llegan repartiendo no tienes opción para elegir tienes que comer de lo que queda comida mala y fría por cierto muy descontento con esta aerolínea no la recomiendo y vuelvo a usar sus servicios
AEA_0966,Air Europa,Desconocido,Zurich,Havana,International,noviembre de 2022,1,"Viajar con Air Europa me decepciono muchisimo. Es una de las tres aerolineas mas grandes de España pero en comparación con otras que estuve puedo asegurar que nunca vi algo asi. casi que pagué 1000 euros por un vuelo de 9-10 horas y ya al principio me quede con la boca abierta. Como puede ser que se pague tanto por un vuelo y ni los cascos para escuchar Música o ver peliculas son gratuitos? Para comer nos dieron la cena a las 18:00 horas aproximadamente. Desde entonces no comimos nada mas ni nos ofrecieron nada (solo Snacks y Bebidas pagando). De mí misma puedo decir que no soy muy comedora pero después de 5-6 horas cualquiera tiene hambre. Pero lo que mas me enfado es que no vinieron regularmente cada hora a ofrecernos agua. Casi que nos desidratamos! Cuando llamaba a la tripulación no venia nadie. tuve que ir yo a buscarlos para poder beber un vaso de agua. Imaginaros un vuelo de 9 horas con mascarilla y solo 2 dl de agua. Mi novio se sintio fatal durante el vuelo y al buscar als tipicas bolsas de vomito no habia ninguna. Ni en su asiento, nie en el mio o el de la vecina. Un puro catástrofe! Nunca mas volvere a reservar con esta aerolinea."
AEA_0967,Air Europa,Desconocido,Santa Cruz,Barcelona,International,mayo de 2022,1,"En el último minuto me cancelaron el viaje , cuando ya estaba al frente del avión 😡😡... Encima reclamo el dinero y querían dar solo 80€ de los 640€ que me tocaba 😡😡, ya les vale. Gracias a mi abogado les cobre todo NUNCA MAS VUELVO A VIAJAR CON ELLOS"
AEA_0968,Air Europa,"Boston, Massachusetts",Rome,Madrid,Europe,noviembre de 2022,1,"Maleta que no sale por la cinta. La encuentran. La mandan en otro avión y la vuelven a perder. Para colmo, la atencion al cliente nefasta."
AEA_0969,Air Europa,Desconocido,Madrid,Recife,International,noviembre de 2022,1,"Compré tres billetes madrid- recife antes de la pandemia. Como todos sabemos el vuelo se canceló. Solicité el reembolso y hasta hoy. Me dieron unos vales para poder viajar, pero resultaba imposible viajar a Recife por un precio lógico. Realizamos algunos vuelos a Canarias, pagando mucho más caro que se lo hiciera con otra compañía. Aun así no acabé dichos vales. Me aseguraron que todos los años se se iban a renovar. Cuál es mi sorpresa que no me los han vuelto a renovar. Puesto en contacto con Air Europa me dicen que ya no tengo ningún derecho. Hay que ser sinvergüenzas para estafar a la gente con esa tranquilidad. Se quedan con nuestro dinero y me impiden viajar. Pero como todo lo que ocurre en España, aquí no pasa nada y es imposible reclamar."
AEA_0970,Air Europa,"Bogotá, Colombia",Bogota,Madrid,International,noviembre de 2022,2,"Me maltrataron en el vuelo. Pague por llevar a mi mascota en cabina, pero todo el trayecto me recriminaron y me faltaron al respeto por alzar a mi mascota ya que no cabía en el espacio entre silla y silla. Me hicieron devolver la comida para que me deshiciera de mi perrita y me regaron la comida encima. Me sentí vulnerada, sin derechos y maltratada específicamente por un auxiliar de vuelo. Fue terriblemente traumático el vuelo de casi 10 horas. 😢"
AEA_0971,Air Europa,Desconocido,Buenos Aires,Madrid,International,octubre de 2022,1,"En 12 hs de vuelo dan una sola comida, almuerzo o cena. No dan desayuno, los pasajeros descienden del avión con un ayuno de 10 horas. Conseguir un vaso de agua es casi misión imposible, porque sólo quieren vender los servicios, agua paga se consigue enseguida."
AEA_0972,Air Europa,Desconocido,Tenerife,Madrid,Domestic,septiembre de 2022,1,"Nos cancelaron el vuelo después de hacernos perder un día en el aeropuerto ,nos llevaron a un hotel donde no se nos incluyo el desayuno los 3 días más que nos quedamos ,tuvimos que pagar 50 euros de taxi ,no cogían el teléfono ni nada ,les hemos puesto una reclamación hace 1 mes y no nos han devuelto ni respuesta ni dinero una pura vergüenza 3 días perdidos a mayores en Tenerife .Nunca volveré a volar con ellos ni lo recomiendo"
AEA_0973,Air Europa,Argentina,Cordoba,Madrid,International,septiembre de 2022,3,Considero que son muy amarretes en esa aerolínea. Solo dan un frujal almuerzo o cena. ¿Qué les costaría dar un desayuno aantes de finalizar el viaje de tantas horas? Solo si tienes tarjeta para comprar alguna comidita o bebida zafás. Muy mercantilista la aerolínea.
AEA_0974,Air Europa,Desconocido,Madrid,New York City,International,octubre de 2022,1,Aireuropa es una vergüenza!!! No me han contestado a una reclamación que puse hace casi dos semanas. No me dejaron subirme a mi vuelo y no me han ayudado nada ni me han dado ninguna solución. Estoy indignada no vuelvo a volar con ellos
AEA_0975,Air Europa,"Segorbe, España",Montevideo,Madrid,International,noviembre de 2022,1,Lamentable no dar suficiente comida ni bebida en vuelos tan largos . Yo compré el billete y nadie me aviso de eso . Me enteré por los foros . Mi padre enfermo de Alzheimer llego con hambre y sed . Ahora muy contento con la persona que le llevaba la silla vamos eso si . Servicio de acompañantes bien .
AEA_0976,Air Europa,Desconocido,Guayaquil,Bilbao,International,abril de 2022,1,"Hicimos el chekin online pero se nos borro y pensamos que si lo hicimos, aun asi llegamos a tiempo al aeropuerto y cerraron hora y media antes la puerta de embarque , y no nos dejaron entrar...y nos trataron súper mal los de air europa que estaban en las ventanillas del aeropuerto de guayaquil, éramos 3... Ni siquiera nos prestaron algo de ayuda, estábamos desesperados... Súper prepotentes... Tuvimos que gastar 3000 euros en otros pasajes con otra compañía... KLM que para mi es la mejor (me arrepiento de no haber volado con ellos antes) Creemos que tenían oberbooking porque nos dijeron que nuestros asientos ya los tenían otra persona... No entiendo nada ni lo entenderé. No nosbdevolvieron el dinero ni nada... Unos jetas sinvergüenzas. Lo que recalco es como nos trataron en ese aeropuerto. Fatal!!! Ese personal no se merece estar de cara al público, no vuelvo a montar en air europa y no lo recomiendo."
AEA_0977,Air Europa,"Tres Arroyos, Argentina",Madrid,Buenos Aires,International,octubre de 2022,1,Pesimo servicio. Sobrevendieron el vuelo. Me tuve q quedar en madrid un dia mas. Pesima atwncion. Comida espantosa. Te cobran hasta el jugo. No cumplen horarios
AEA_0978,Air Europa,Desconocido,Madrid,Lima,International,noviembre de 2022,2,No son instalaciones aptas para un vuelo de 12 horas Nada más sentarte empiezan a caer pequeños pedruscos de hielo del techo cuya única solución es colocan papel higiénico hasta que el aire acondicionado se inicie. La distancia entre asientos es mínima. La comodidad del asiento deja mucho que desear. El servicio de comidas es escaso (solo una comida en un vuelo de 12h). Digo todo esto teniendo en cuenta que el precio del billete no es barato. No volveremos a viajar con ellos.
AEA_0979,Air Europa,Desconocido,Madrid,Lima,International,octubre de 2022,1,"Esta aerolinea es la peor de todas te retrasan el vuelo y no te dan explicación alguna, el personal está más perdido que cura en prostíbulo la verdad que son unos ineptos no te dan solución y aparte de ineptos unos sin vergüenzas que te dejan esperando más de 5 horas en la sala de espera del aeropuerto poniendo la falsa expectativa de que el vuelo puede salir antes, los miserables usan este pretexto para no poner hotel a los damnificados. Esta aeorlinea es la peor y encima de ello te dan un cupo de comida en una tienda donde te atienden mala gracia, comida fría y fea lo que sobro del día. Esta aerolinea no tiene ética profesional es un asco."
AEA_0980,Air Europa,"Granada, España",Madrid,Havana,International,octubre de 2022,2,"En un vuelo de 9 horas te ofrecen una comida ( escasa y de mala calidad). Un billete de casi 900€….Si quieres tomar algo más, lo pagas, eso si les queda (por ejemplo la cerveza se acabó horas antes de aterrizar j. Te cobran los auriculares. El personal de vuelo roza a veces la mala educación… Cualquier autobús de ciudad tiene más distancia entre asientos, no te puedes ni mover, y eso que no soy alta. En fin,cada día menos calidad."
AEA_0981,Air Europa,Desconocido,Milan,Panama City,International,octubre de 2022,1,"La tripulación es grosera siempre. No te dan comida lo debes pagar todo, hasta los auriculares. Aviones sucios. Precio de boleto obviamente alto. Nunca viajen con Air Europa."
AEA_0982,Air Europa,Desconocido,Madrid,Lima,International,octubre de 2022,2,En toda compañía aérea cuando los viajes son internacionales te dan comida y desayuno. En ésta línea aérea sólo una comida y sobretodo ésta comida no es de buena calidad.
AEA_0983,Air Europa,"Provincia de Córdoba, Argentina",Madrid,Cordoba,International,octubre de 2022,1,"Llegamos con tiempo porque teníamos que comprar una valija extra...había 5/6 personas atendiendo en los mostradores de Air Europa y nos decían que no podíamos hacer el check in porque tenían que atender a la gente de los vuelos anteriores....siendo que no había NADIE en espera. La supervisora no nos respondió porque estaba muy ocupada...pésima atención! Por sobre esto, la valija extra no se podía comprar on line porque no funcionaba bien la página, hablé con atención al cliente y me explicaron que tenía que comprar en en aeropuerto...y acá a esoerar"
AEA_0984,Air Europa,Desconocido,Bilbao,Managua,International,octubre de 2022,1,Es lo peor que nos a pasado haber viajado con ellos nos cancelaron los vuelos de regreso a dos días siguientes nos cambiaron la ruta de viaje por una mucho más larga con dos confecciones más 5 días perdidos Viajamos con un niño de 5 años nos nos dieron hotel los dos días que había que esperar ni para comida ni nada nos regresaron de costa Rica a Panamá osea que no nos llevaron a nuestro destino que era Nicaragua cuando se suponía que es su trabajo y pagamos x ello nos trataron como delincuentes nos pusieron hasta custodios fue realmente lo peor que nos a pasado Y lo peor es que su respuesta fue siempre la misma que no podían hacer nada La peor aerolínea del mundo
AEA_0985,Air Europa,Desconocido,La Coruna,Madrid,Domestic,agosto de 2022,1,Nos cancelan el vuelo una hora antes y seguimos pendientes del reembolso (ya ni siquiera la indemnización ) varios meses después
AEA_0986,Air Europa,Desconocido,Madrid,Cordoba,International,octubre de 2022,3,"El avión es bueno, el espacio entre asientos es estrecho pero tolerable, pero el problema es el servicio del avión. No nos dieron desayuno después de más de 8 horas de la cena. Por supuesto que lo hubiéramos pagado porque no estaba incluido en el precio del pasaje pero dijeron que no tenían para servirlo. De todas maneras en vuelos de más de 10 horas el desayuno debería estar incluido en el precio del pasaje porque son solo unos pocos euros."
AEA_0987,Air Europa,Desconocido,Buenos Aires,Madrid,International,octubre de 2022,1,"Un desastre la atención de las aeromozas, no te dan agua y cuando vas a buscar te retan como si fueras un chico, que para la siguiente vez te cobran el vaso. Camino con bastones, cuando me senté los guardaron en un armario de clase primera, llame para que me los trajeran y poder ir a los sanitarios y nunca vinieron. Mi esposo paso para ir a buscarlos y lo sacaron como si fuera un delincuente y se los dieron de mala manera. tampoco los vinieron a buscar cuando llame y tuve que viajar el resto con ellos en el piso, con el riesgo que conlleva ante una emergencia. Te dan una cena básica y después nada al día siguiente, si quieres un café con algo para comer te lo cobran y no avisan de ello. Ni hablar de los banos después de 13 hs de vuelo, nadie repone ni limpia. En la misma situación nada que ver con United Airlines, todo lo contrario hasta pasa una aeromoza ofreciendo botellas de agua. No la recomiendo y tampoco viajaria nuevamente"
AEA_0988,Air Europa,Desconocido,Zurich,La Paz,International,julio de 2022,1,"No recomendaria volar nunca con Air Europa, ya que es una aerolinea de las peores que vi en mi vida, para tener asientos te cobran varias veces, sin avisarte que has cambiado de eleccion de asiento, cuando en todas las aerolineas cuando cambias de asienro se anula la eleccion anterior, con Air Europa no sucede asi, cada asiento que cambiaste en la eleccion te lo cobran y no te devuelven la plata. La atencion abordo es de las peores. Yo tuve un vuelo intercontinental en la noche, solo nos dieron una cena pobre y al dia siguiente no nos dieron desayuno, tenias que comprarlelo. Nunca mas."
AEA_0989,Air Europa,Desconocido,Barcelona,Cancun,International,octubre de 2022,1,"Hoy ivamos a volar a Cancun haciendo escalar en Madrid des de BCN y resulta que nos pasamos todo el día en el aeropuerto de 9 de la mañana a las 21:30 ( 7 horas de espera en los mostradores para reclamar), las primeras horas sin ningun tipo de información y después nos dan un vale de 5 euros para consumir, no te llega ni para un bocadillo en el aeropuerto. Lo más gracioso de todo es que no podemos volar hasta 48 horas más tarde, que están llenos los aviones nos dicen, y vuelve a casa. No se hacen responsables de las noches de hoteles de Cancun, ni de los transfers que tienes contratados ni nada. ES UNA VERGUENZA!!! NO vuelo más con esta compañía!! No me he encontrado nunca con esta situación con vuelos con retraso. Encima nos dicen que una rueda del avión está pinchada y que al sacarla, alguno de los frenos vieron que no frenaba, pues la culpa no la tenemos los pasajeros!"
AEA_0990,Air Europa,Desconocido,Palma de Mallorca,Barcelona,Domestic,octubre de 2022,1,"Es la primera y última vez que viajó con esta compañía. Más de 4 horas de retraso, y por lo que leo en otras opiniones debe ser habitual."
AEA_0991,Air Europa,Desconocido,Madrid,Tel Aviv,International,octubre de 2022,1,"Es la única compañia que no permite obtener tarjeta de embarque con anticipación a través de su aplicación. Cambian el modelo de avión y te quedas sin el asiento que has pagado. Mal servicio a bordo, personal muy descontento"
AEA_0992,Air Europa,Desconocido,Menorca,Palma de Mallorca,Domestic,octubre de 2022,1,"Overbooking, te dejan fuera porque un equipo se quedó sin vuelo porque se averió su avión, y dicen que te compensan con un ridículez pero después ni te llega. Nunca más..."
AEA_0993,Air Europa,Desconocido,Madrid,Miami,International,octubre de 2022,1,"El vuelo se atrasó UNA HORA por esperar pasajeros que no pudieron llegar por la festividad en España, vale, no pasa nada: una hora encerrados en el avión sin aire acondicionado! Luego, fui a pedir auriculares y me contestaron de malas formas que tenia que pedirlos atras. Fui y los pedi y los pagué que me parece abusivo pagar 3€ después de lo que cuestan los pasajes!. Cuando el avion ya esta a punto de pararse me levanté un poco antes a guardar algo en mi bolso rapidamente ya que todo el mundo estaba desesperado por salir (obviamente, teniamos ya 11 horas en el avion!). Cuando ya estoy cerrando el compartimiento donde van los bolsos de mano una azafata se acerca a mi y alzandome la voz me dice que si no veo la luz de uso del cinturon encendida, que tenia que sentarme y ponerme el cinturon - pero asi, de muuuuuy malas formas! - ella no sabia si yo tenia una emergencia o qué me pasaba, fue incapaz de preguntar nada, solo me gritó. En ningun momento recibí una compensación por las dos horas perdidas ni por los malos tratos, me parece vergonzoso que un cliente tenga que quedarse con esta sensación y llegar a su destino con tanto malestar por un viaje mucho mas largo de lo que debia ser y a parte con una tripulación que no sabe lo que es tratar con clientes. No suelo poner malas reseñas ni reclamaciones pero esta vez de verdad la pasé mal Y ME PARECE ABUSIVO LO QUE COBRAN PARA LUEGO PRESTAR TAN PÉSIMO SERVICIO."
AEA_0994,Air Europa,Desconocido,La Coruna,Madrid,Domestic,octubre de 2022,1,"He utilizado está aerolínea en el trayecto Coruña Madrid 5 veces consecutivas. Se ha retrasado sistematicamente todas las veces. Ni hablo de 5 minutos, sino una hora como mínimo. Estadísticamente, habla por sí solo: retraso garantizado. Sois un horror"
AEA_0995,Air Europa,"Getafe, España",Buenos Aires,Madrid,International,octubre de 2022,2,"Tanto para ir a Argentina desde España, como para volver (viaje de 12 horas) Air Europa no se digna a servir más de 1 comida de medio pelo en todo el trayecto. Entre medio del vuelo pasan con un carrito y el datafono para ofrecer tentempiés de pago. Con lo que cuesta el billete, es verdaderamente vergonzoso. También que cobren los auriculares (3€) es una cutrez. Por otro lado, me parecen descabellados los precios de los billetes después de la pandemia pero esto es un tema en el que incurren todas las aerolíneas. Este año por desafortunados temas familiares he tenido que viajar 3 veces a Argentina y me han costado: 2500€ , 2200€ y 1400€ respectivamente, los billetes de I/V clase turista ( para mí, una fortuna), pero esto es otro cantar..."
AEA_0996,Air Europa,Desconocido,Buenos Aires,Madrid,International,septiembre de 2022,2,"Tuve que pagar un adicional para no viajar en la ultima fila, pero los asientos eran los mas incomodos que jamas probe. Le han quitado como mínimo 10 cm mas ente filas. Ademas nos han quitado el desayuno, solo sirven una sola comida. En el viaje de vuelta de Madrid a Buenos Aires nos toco la anteúltima fila, obvio no pague nada mas, teniendo en cuenta la experiencia a la ida. la azafatas se pusieron a hablar a los gritos en su cabina y no nos dejaron casi dormir. Un pasajero leas tuvo que hacer callar en dos oportunidades, una vergüenza. En fin, muy decepcionada con esta aerolínea."
AEA_0997,Air Europa,Desconocido,Seville,Palma de Mallorca,Domestic,septiembre de 2022,5,"Viajaba en el vuelo UX5125,salimos con una hora de retraso! pero había pantallas en el avión,y unas luces en el techo increíbles. Las azafatas eran muy amables! Nos repartieron comida que estaba muy rica!"
AEA_0998,Air Europa,"Departamento de Montevideo, Uruguay",Montevideo,Madrid,International,octubre de 2022,2,"El espacio es incomodísimo, mido 1,80 y mis rodillas chocaban con el asiento delantero. 500 personas amontonadas. Mal servicio, una sola comida en 12 horas,"
AEA_0999,Air Europa,"San Vicente, Argentina",Buenos Aires,Madrid,International,agosto de 2022,2,"Los aviones se notan modificados para apretar los asientos y ni podés estirar las piernas de lo de tan estrechos que son los pasillos. Los baños a mitad del viaje sucios, sin jabón (uno directamente lo clausuraron) y lo peor es la mala respuesta de las azafatas que te tratan como si viajaras gratis! Nos sirvieron la cena y luego 10 horas sin ofrecer nada, cuando pedí un vaso de agua para tomar una pastilla me dieron de mala gana un vaso pequeño por la mitad, claro me di cuenta que vendían las botellitas de agua por 3 euros, que tuve que terminar comprando, cual precio de un restaurant en Paris. Sólo sonreían a los pocos que les compraban un café, deben recibir una comisión!. También nos cobraron 3 euros los auriculares y la habilitación de la pantalla para entretenimiento! A la Gerencia de Marketing: replanteense la Política porque en vez de cobrar 1200 (por ejemplo) ponen 1230 el pasaje y brinden un buen servicio y cambien al personal que no representan bien su bandera."
AEA_1000,Air Europa,Desconocido,Barcelona,Havana,International,mayo de 2022,1,"- Asientos ridículamente pequeños y estrechos para un vuelo de 9 horas. - Azafatas quejándose de que nos levantaramos a estirar las piernas cuando está demostrado que no hacerlo aumenta el riesgo de tromboembolismo. - Un único servicio de comida a las 2 horas de iniciarse el vuelo, sin volver a servir ni un snack ni un agua en las 7 horas restantes de vuelo. NO REPETIRÉ SI PUEDO EVITARLO"
