id,airline,origin_user,origin,destination,flight_type,travel_date,rating,review_text
IBB_0001,Binter,Desconocido,Tenerife,Fuerteventura,Domestic,abril de 2026,2,"Cojo al mes varios vuelos y nose que está pasando que siempre llevan retraso y no hablamos de problemas meteorológicos porque no siempre está el tiempo malo. Últimamente está dejando mucho que desear con este tipo de retrasos y cambios de puerta en el último minuto y sin informar de ello por megafonía y aunque te dicen que estés pendiente a las pantallas es misión imposible ya que en el aeropuerto Tenerife Norte por ejemplo no hay tantas pantallas cómo para ello,así que tienes que estar a cada poco pendiente porque sino te quedas en tierra...vaya mala organización la verdad."
IBB_0002,Binter,Desconocido,Santa Cruz de la Palma,Madrid,Domestic,marzo de 2026,5,"Por problemas meteorológicos no pudimos salir de Las Palmas. Nos organizaron transporte en ferry a Tenerife, y de ahí al aeropuerto Norte, con traslados incluidos totalmente organizados, taxis y noche de hotel con cena, y al día siguiente estábamos en casa, chapó. Desayuno y chocolatina en los vuelos."
IBB_0003,Binter,"Santa Cruz de Tenerife, España",Tenerife,Las Palmas de Gran Canaria,Domestic,marzo de 2026,1,"Si vuelas como yó varias veces al mes te das cuenta de que es una compañía que no vale para nada, son gente pueblerina, incapaz y bruta y hacen todo fatal, desde el personal hasta el ceporro mayor de su presidente. Nunca den nada por sentado, revises todo varias veces, vayan a verificar las puertas a los paneles todo el rato ya que cambian las puertas cuando les dá la gana, no dejen nada en el avion porque roban y no se hacen responsables, sus empleados son gente sin estudios de barrios de la isla sin capacidad ni ganas de trabajar, cuando lleguen al avion pregunten a donde van porque hay gente que ha acabado en otra isla distinta. Son una verguenza a la altura de cualquier compañía africana aunque disimulen intentando aparentar seriedad."
IBB_0004,Binter,Desconocido,Tenerife,Las Palmas de Gran Canaria,Domestic,marzo de 2026,1,"Ofrecen que tienen muchísimos horarios de salidas de vuelos y luego el mínimo de retraso son 45 minutos, porque reubican vuelos al final mienten al pasajero, ofrecen horarios que no cumplen, y como está dentro de las dos horas, pues para ellos, todo vale. Aviones averiados de forma común...y así, podrían plantearse poner menos vuelos y así poder cumplir con los horarios."
IBB_0005,Binter,Desconocido,Tenerife,Oviedo,Domestic,marzo de 2026,5,"Quiero felicitar y agradecer a todo el personal de los vuelos que realice Tenerife Norte a Asturias y la vuelta. Viaje con mi gatito en cabina y creo que jamás le han tratado como en esta ocasión..cada ratito preguntaban si estaba bien y cómodo. Si viajan con sus compañeros de cuatro patitas, escojan Binter... esos pequeños detalles marcan la diferencia..personal maravilloso...todo perfecto... muchas gracias por poner a Canarias en el lugar que se merece"
IBB_0006,Binter,"Blimea, España",Madrid,Tenerife,Domestic,febrero de 2026,1,"No pongo 0 estrellas por que deja, presumen de calidad, de darte comida gratis en sus vuelos( que ya te cobran con el billete) normalmente vale mas barato ir en busines de iberia que con esta gente en turista, la primera vez con ellos y me pierden la maleta pasan 21 días no aparece , les envió el contenido unos 1850 euros aprox. me dicen que me dan 220€ que tienen ciertas limitaciones, cosa falsa ya que tienen la obligación por ley de pagar unos 1750/1900 depende la tasa de cambio del día de pago, estoy en proceso de que rectifiquen o denunciarles y sacarlo en prensa para que la gente sepa lo que es Binter la compañía que presume de calidad etc etc y funciona a modo LOW COST , viendo esto lógicamente no volare con ellos mas en la vida pero me parece de verguenza que se crean a la altura de iberia y de air europa y luego con estas nos andamos , es que es de VERGUENZA"
IBB_0007,Binter,Desconocido,Las Palmas de Gran Canaria,Tenerife,Domestic,febrero de 2026,5,"La sobrecargo del vuelo Jessica, fue súper amable. De estas personas que te sacan la sonrisa a las 7 de la mañana sin más… Gracias El vuelo al tiempo, todo perfecto"
IBB_0008,Binter,Desconocido,Valencia,Fuerteventura,Domestic,febrero de 2026,5,"Volar con Binter es siempre un auténtico placer. La amabilidad del personal, especialmente de las azafatas, marca una diferencia enorme desde el primer momento. El trato cercano, profesional y cálido hace que uno se sienta cuidado en todo instante. La comida a bordo es otro nivel: deliciosa, con productos canarios de primera calidad y acompañada de un vino exquisito que realza aún más la experiencia. Detalles así ponen en sombra a grandes aerolíneas como Iberia, Vueling o Ryanair, que no se acercan ni de lejos a este estándar. Los asientos son cómodos, el espacio es más que generoso y la sensación general es la de viajar en una aerolínea que lo tiene todo para considerarse de primera clase. Ole por Binter. Felicidades por mantener un servicio tan impecable. Da orgullo pertenecer a esta tierra y contar con una aerolínea que es un verdadero ejemplo."
IBB_0009,Binter,España,Tenerife,Seville,Domestic,febrero de 2026,5,"Nunca había viajado con esta compañía, me ha sorprendido muchísimo, de lo mejorcito ahora mismo , avión con asientos amplios , muy limpio , muy cómodo , la tripulación antena a los pasajeros, nos pusieron un aperitivo ( comida y bebida) y después un café o infusión, películas a bordo La verdad es que nos tienen acostumbrados otras compañías a tratarnos como ganado , que es maravilloso viajar así"
IBB_0010,Binter,Desconocido,Lanzarote,Tenerife,Domestic,febrero de 2026,2,"Binter siempre igual,dicen que salen a una hora y luego se retrasan varios min.haciendo que pierdas líneas de autobuses, Ahora retrasado el vuelo que voy a coger y llego súper tarde a Tenerife,coges este horario para llegar pronto y nunca llegas a tu destino cuando quieres. Desastre de aerolínea!!!!"
IBB_0011,Binter,Desconocido,Tenerife,Vigo,Domestic,enero de 2026,5,"Fue mi primer vuelo con Binter y de verdad que me han parecido igual ó mejor que Iberia. Nos dieron para comer un vasito de ensala, unos picos de pan, una bandejita de unas 12 lonchas de lomo ibérico, un paté de cereza, unos tacos de queso. Pero como yo iba dormido cuando pasaron, me lo dejaron en una bolsita corporativa para que lo comiera al despertarme ó me lo llevara a casa. No sé, me pareció un servicio vip, con una tripulación muy profesional y bien formada, y en un avión con aspecto nuevo y los asientos con conexiones usb. Para mi próxima vuelta a Canarias no dudaré en buscar con ellos los vuelos."
IBB_0012,Binter,Desconocido,Lanzarote,Las Palmas de Gran Canaria,Domestic,enero de 2026,1,"Si sale puntual es un milagro, no planes un viaje o un evento porque siempre salen tarde y nunca cumplen con el horario tanto embarque como de salida."
IBB_0013,Binter,Desconocido,Vigo,Tenerife,Domestic,diciembre de 2025,5,"Excelente compañía: aviones cómodos, excelente atención en las diferentes etapas, puntualidad, información activa y accesibilidad por cualquier canal. A destacar el detalle de la comida gourmet a bordo."
IBB_0014,Binter,Desconocido,Lanzarote,Madrid,Domestic,enero de 2026,1,"Teníamos un vuelo desde Lanzarote a Madrid con escala en Gran Canaria. Nos cambiaron la conexión y nos retrasaron el segundo vuelo más de una hora. Cuando fuimos a cogerlo el vuelo se retrasó 40 minutos más. Además nos cambiaron los asientos en el en la puerta de embarque con lo que a pesar de volar solo con una mochila, para cuando llegamos a nuestros asientos como no había sitio tuvimos que volar con ella entre las piernas. Vamos un gran servicio. Me lo hubiera esperado de otras compañías pero está claro que no importa el precio del billete. El comportamiento de esta compañía ha sido peor que el muchas compañías de lowcost que usado en distintas partes del mundo"
IBB_0015,Binter,Desconocido,Las Palmas de Gran Canaria,La Coruna,Domestic,enero de 2026,1,"Vuelo de dos horas y media, aproximadamente. El ruido de los motores era realmente infernal durante todo el trayecto (la ida fue similar, aunque no a tan gran escala). Además, destaco la ausencia de empatía total por parte del personal de la aerolínea al respecto. Para acabar de terminar mi ""maravilloso viaje"", la persona de atrás no paró de darme patadas durante el viaje y de reclinarse a su antojo constantemente sin que nuevamente el personal de la aerolínea le hiciese caso. En definitiva, muy decepcionada con esta aerolínea, que si te ponen un aperitivo muy rico gratis, pero lo que realmente importa son valores como la empatía o la bondad, los cuales brillan por su ausencia."
IBB_0016,Binter,Desconocido,Madrid,Santa Cruz de la Palma,Domestic,diciembre de 2025,2,"Los vuelos son carísimos por mucho picoteo que te den, vamos a Canarias cada tres meses, los retrasos son habituales, poco ocio."
IBB_0017,Binter,Desconocido,Palma de Mallorca,Tenerife,Domestic,diciembre de 2025,5,"No conocía la compañía y fue una grata sorpresa. Que compañía te da algo para comer/picar hoy? No es que fuese de Gourmet, pero absolutamente tenía un pase. Personal agradable y servicial. Espacio para piernas"
IBB_0018,Binter,"Playa del Carmen, México",Seville,San Sebastián de la Gomera,Domestic,diciembre de 2025,5,"Supero todas mis expectativas y pone el ejemplo a muchas aerolíneas mexicanas ! La calidad en el servicio y la actitud son excelentes!, aún a pesar de haber pasado por vuelo cancelado y aeropuerto (Tenerife) cerrado por temporal, supieron poner cara y atender a los pasajeros con amabilidad y trasmitiendo confianza, siempre un detalle dulce e hidratandonos a bordo, buscando soluciones para lograr que los pasajeros llegaramos a nuestro destino incluyendo un Ferry!. Otro punto de llamar la atención es la calidad de set de alimentos, ellos ya están mas avanzados que muchas mexicanas insisto!; box lunch con embutidos de primera calidad, botana de quesos, barra de chocolate, mini ensalada y si no tienes hambre en ese momento, te lo ponen para llevar!!! Y al final incluye su propia bolsa de basura para empaquetar y hacer mas eficiente su recolección, wow ! muchas felicidades y muchas gracias por sus amables atenciones, bueno ! hasta el uniforme es muy bonito."
IBB_0019,Binter,"Santa Cruz de Tenerife, España",Tenerife,Seville,Domestic,diciembre de 2025,1,"Soy cliente de Binter desde el año 2009 con categoría ORO en su programa de fidelizacion y viajo entre islas por motivos laborales 1/2 veces por semana. En el breve periodo de 1 año, Binter se ha convertido en una aerolínea que cada vez deja más que desear, con retrasos constantes, perdidas de equipajes facturados y muchas incidencias más. Para desplazarse en Canarias hay poca alternativa (Canaryfly en algunos trayectos y horarios) pero para la península, yo particularmente lo tengo claro, el refrigerio que ofrece a bordo no compensa los múltiples retrasos en sus vuelos, y si son en conexión con el destino final, te puedes ver sin reubicación de vuelo hasta que haya disponibilidad de plazas."
IBB_0020,Binter,Desconocido,Tenerife,Granada,Domestic,diciembre de 2025,5,"En comparación con las compañías low-cost (vueling que es quien realiza misma ruta) los asientos mucho más cómodos, con espacio. Te dan de comer un kit gormuet Canario, amabilidad, cercanía, sonrisa. Todo bueno, todo ventajas, enamorada de Binter."
IBB_0021,Binter,"Arona, España",Las Palmas de Gran Canaria,Valladolid,Domestic,diciembre de 2025,1,En el vuelo con destino Valladolid aparecio una avería y paro en Madrid para cambiar de avión y llegamos con retraso a un Aeropuerto con poco tránsito ( 2 vuelos al dìa) a las 20.30 donde el último bus de conexión con la ciudad más cercana era a las 8.15. Dejo a todo el vuelo sin solución y con la única opción de esperar taxis que llegaron poco a poco sin conexiones al resto de destinos.
IBB_0022,Binter,Desconocido,Pamplona,Las Palmas de Gran Canaria,Domestic,diciembre de 2025,1,"Ahora mismo estoy en el aeropuerto de Pamplona y por incidencias tecnicas del avion, nos mandaron a sentar de nuevo, con lo cual de nuevo otro retraso mas. Que les pasa ultimamente?"
IBB_0023,Binter,"Madrid, España",Madrid,Tenerife,Domestic,diciembre de 2025,5,Vuelo puntual despegue y aterrizaje correcto. Espacio cómodo y excelente la atención que nos dispenso la sobrecargo Ylena Jiménez que fue muy amable.
IBB_0024,Binter,Desconocido,Tenerife,Las Palmas de Gran Canaria,Domestic,diciembre de 2025,1,"Últimamente lo raro de un vuelo de Binter es que salga puntual. Es una vergüenza la puntualidad, para los que usamos frecuentemente entre islas la compañía es un martirio y encima unos precios desajustados. Necesita mejorar la puntualidad y ofrecer un servicio acorde"
IBB_0025,Binter,"Donostia-San Sebastián, España",Donostia,San Sebastian - Santa Cruz de la Palma,Domestic,noviembre de 2025,5,"He volado por primera vez con la aerolinea Binter desde Donosti hasta La Palma y estoy encantada con la experiencia. Es una compañía cercana, atenta y con unas tarifas bastante buenas. Los aviones tienen dos filas de dos asientos y son bastante cómodos. Tienen un servicio GRATUITO de comida y bebida. Depende la hora y la duración del trayecto te ofrecen Agua, refrescos, café, una chocolatina o una cajita con un aperitivo gourmet. Antes de aterrizar, siempre te ofrecen caramelos y siempre con una sonrisa. La verdad que es paradójico, que nos sorprenda la gratuidad de algo tan básico como el agua, a la hora de volar. Comentar que tuvé un problema dos mese antes de viajar y pudé contactar con ellos de manera rápida y además hicieron todo lo posible para darme una solución. Desde luego una compañía a tener muy en cuenta si viajas a Canarias"
IBB_0026,Binter,Desconocido,Lanzarote,Las Palmas de Gran Canaria,Domestic,noviembre de 2025,3,"Sale el primer vuelo de la mañana, yo estoy en el segundo, pero retrasan el vuelo hasta la hora del siguiente vuelo y unir los vuelos, muy mal, yo voy a un funeral y no llegaré a tiempo, no pueden hacer eso, hablando con los paseros de mi alrededor dicen que es una práctica habitual"
IBB_0027,Binter,Desconocido,Santa Cruz de la Palma,Las Palmas de Gran Canaria,Domestic,noviembre de 2025,5,"Quiero felicitar a las azafaras ahinoa y caleiri con un 10 por su simpátia, por hempatia con su servicio tambien a los pilotos por su gran profesionalidad y hempatia con los pasajeros y sobre todo con mi hija de 6 años que tenia un horror a viajar y gracias al equipo abordo cuándo llego el avión a gran Canaria a nuestro destino enseñaron a mi hija la cabina ohhhh que felicidad tan grande y orgullo de que una compañía binter ayude a mi niña de 6 años a vencer el miedo a verlo como um viaje lleno de amor y seguridad!!!!! Estoy eternamente agradecida por hacer un sueño y hacer próximos viajes sin miedo a volar con binter gracias mil gracias a ainoha y caleri y los pilotos por hacer realidad un a viaje tranquilo para mi hija y para miiii por supuesto es un honor que nos recibirán asi mil gracias mil bendiciones siempre contando con binter y bien hace los sueños realidad dejando atras el miedo a volar"
IBB_0028,Binter,Desconocido,Tenerife,Las Palmas de Gran Canaria,Domestic,noviembre de 2025,2,"Viajo bastante por motivos laborales, y siempre los vuelos se retrasan...en ocasiones, el embarque se realiza antes de la hora y cuando lo pierdes (obviamente por su culpa) no te lo compensan con absolutamente nada. Una compañía nefasta para mí gusto que tiene que mejorar bastante."
IBB_0029,Binter,Desconocido,Las Palmas de Gran Canaria,Lanzarote,Domestic,octubre de 2025,1,"El personal de tierra de Binter abandonó a mi hija de 8 años sola en la pista, junto a una señalera, con un avión encendido a escasa distancia, lo que supuso una situación de grave riesgo para su seguridad. Cuando intenté obtener explicaciones, el personal de Binter no solo me dio largas, sino que además me faltaron al respeto, mostrando una total falta de empatía y profesionalidad. Me parece inaceptable que una compañía aérea ponga en peligro a una menor y luego intente minimizar lo sucedido. Espero que Binter asuma su responsabilidad, revise sus protocolos de asistencia a menores y forme adecuadamente a su personal para que algo así no vuelva a ocurrir. Como madre, no puedo quedarme callada ante una negligencia tan seria. Este tipo de actuaciones no son un simple error: son un fallo de seguridad inadmisible."
IBB_0030,Binter,Desconocido,Fuerteventura,Las Palmas de Gran Canaria,Domestic,octubre de 2025,1,"La venta extra de pasajes es legal, lo que también es legal es cumplir el reglamento que lo regula en cuanto a indemnización cosa que Binter no hace."
IBB_0031,Binter,Desconocido,Zaragoza,Las Palmas de Gran Canaria,Domestic,octubre de 2025,4,"La mejor compañía para volar por sus aviones tan nuevos, catering, azafatas y amplitud de asientos. La recomiendo 100×100."
IBB_0032,Binter,Desconocido,Desconocido,Desconocido,Desconocido,octubre de 2025,1,"Procedía de un vuelo internacional desde Gotemburgo que sufrió un ligero retraso, motivo por el cual llegué con demora al mostrador de Binter. A las 14:40 h fui atendida por una empleada de la compañía, quien me emitió un nuevo billete en lista de espera para el vuelo de las 16:30 h, asegurándome expresamente que no tendría ningún problema en embarcar en dicho vuelo. En ese momento estaba muy cansada tras muchas horas de viaje y estaba valorando la posibilidad de tomar un taxi hasta Tenerife Norte para coger otro vuelo hacia Gran Canaria. Sin embargo, al haber recibido la confirmación por parte del personal de Binter de que mi embarque estaba garantizado, decidí confiar en esa información y permanecer en Tenerife Sur. Sin embargo, pocos minutos antes del cierre del embarque del vuelo de las 16:30, se presentó una familia de tres personas que, según me comentaron ellos mismos, solo habían llegado un poco antes y deseaban viajar antes, a pesar de tener billetes comprados para el vuelo de las 19:40 h. El personal de Binter les dio prioridad, permitiéndoles embarcar, mientras que a mí se me dejó fuera de ese vuelo, a pesar de que estuve esperando desde las 14:40 h. No se respetó el orden de llegada, y lo peor de todo es que me privaron de la posibilidad de coger el vuelo desde Tenerife Norte, que en ese momento aún podría haber alcanzado. Considero que esta actuación refleja una gestión poco transparente e injusta del orden de prioridad en la lista de espera, especialmente teniendo en cuenta que su personal me había asegurado previamente que mi embarque estaba garantizado. Por todo ello, solicito una revisión del incidente, una explicación sobre los criterios aplicados en la asignación de prioridad y, en su caso, una compensación por las molestias y el tiempo adicional de espera ocasionado. Confío en que Binter tomará las medidas necesarias para"
IBB_0033,Binter,Desconocido,Tenerife,Santander,Domestic,septiembre de 2025,5,"De las pocas compañías que tratan al pasaje como lo que son, PERSONAS, no ganado. Para los canarios un orgullo! Muchas gracias"
IBB_0034,Binter,Desconocido,Murcia,Tenerife,Domestic,agosto de 2025,1,"Después de tres horas en espera cancelan el vuelo y dejan a un menor sin supervisión por fuera del aeropuerto porque éste cierra sus instalaciones. Llevamos un mes de infinitas llamadas y correos en los que me dan largas. La compañía no paga los gastos del taxi del menor a su domicilio. Cuando Binter te dice que cubre gastos de comida , traslado y alojamiento ES MENTIRA. El papel lo aguanta todo."
IBB_0035,Binter,"Hondarribia (Fuenterrabía), España",Donostia,San Sebastian - Las Palmas de Gran Canaria,Domestic,septiembre de 2025,5,"Muy buena experiencia a pesar de que a la ida tuvimos que aterrizar en Madrid por una emergencia médica de un pasajero. La tripulación muy agradable y serviciales, avión cómodo y nos dieron un pequeño almuerzo/cena que estaba muy bien. La vuelta del viaje perfecta, puntualidad en la salida y llegada. Megafonía para comunicaciones a los pasajeros perfecta. Totalmente recomendable."
IBB_0036,Binter,Desconocido,Lanzarote,Guelmim,International,julio de 2025,1,"Tomé un vuelo operado por Binter con destino a GUELMIM Al llegar al aeropuerto, mi equipaje no apareció. Como corresponde, presenté un informe PIR (Parte de Irregularidad de Equipaje) en el mismo aeropuerto. No fue hasta una semana más tarde que recibí una notificación por correo electrónico informándome que mi maleta ya está en aeropuerto. Durante ese tiempo, me encontraba en (Marruecos), con una niña pequeña, sin acceso a nuestra ropa, artículos de higiene o enseres básicos. Me vi obligado a comprar lo necesario para seguir el viaje con dignidad. Sin embargo, como ocurre frecuentemente en países como Marruecos, la mayoría de los comercios no emiten facturas oficiales, lo que imposibilita justificar los gastos ante la aerolínea. La respuesta de Binter ha sido clara: “sin facturas, no hay indemnización”. Además, el equipaje llegó con daños visibles (cortes, arañazos), los cuales también han sido descartados por la compañía como ""desgaste habitual"", sin siquiera valorar el estado real de la maleta ni ofrecer una mínima compensación. Lo más alarmante es que **no fui el único pasajero afectado**. Ese mismo día, **varias personas en el mismo vuelo sufrieron el mismo problema**. Esto apunta a un patrón recurrente en estas rutas, y a una práctica sistemática de desentenderse de sus responsabilidades Las autoridades como AESA o Consumo se declaran ""no competentes"" para actuar en este tipo de casos, lo cual deja al pasajero en un limbo legal y sin protección alguna."
IBB_0037,Binter,Desconocido,Madrid,Santa Cruz de la Palma,Domestic,septiembre de 2025,5,"Me parece una estupenda compañía por atención y trato a los pasajeros. Siempre te dan un snack y son muy serviciales, cosa que podían hacer otras aerolíneas, en las cuales te dejas un buen dinero y no te dan ni agua."
IBB_0038,Binter,Desconocido,Madrid,Valverde,Domestic,septiembre de 2025,5,"Mi experiencia ha sido inmejorable. Puntualidad en 3 de los 4 vuelos. En el 4 algo de rtetraso, pero ante la posibilidad de pérdida de la conexión una señorita amabilísima nos esperaba en el aaeropuerto de escala para llevarnos, sonriente, al avión en cuestión. El cátering muiy bueno, rozando lo excelente, para un vuelo de dos horas como el mío. El precio que yo pagué también muy bueno. He tenido un problema con un objeto que, probablemente, perdí en el avión (pero no es seguro) y me han contestado a la media hora de escribirles diciéndome que van a hacer gestiones para averiguar si estaba o no en el avión. En defnitiva, mi primera experiencia con esta compañía no puede haber sido mejor."
IBB_0039,Binter,Desconocido,Tenerife,Port of Spain,International,septiembre de 2025,5,Bueno pues fu un vuelo muy bueno me sorprendió que nos dieron el desayuno cosa que no suelen dar muchas compañias esta muy bien solo que se acuerden de los veganos el trato estupendo me gustó mucho
IBB_0040,Binter,Desconocido,Tenerife,Granada,Domestic,septiembre de 2025,1,"Tanto mi familia como yo nos sentimos estafados, reclamas y te dan largas y no solucionan nada , bueno si , pagando más !!! Mucho más !!! Cero recomendada, ahora sé de dónde sacan el dinero para lo que dan de comer en los vuelos ... Del bolsillo de personas a las que estafan y engañan !"
IBB_0041,Binter,Desconocido,Menorca,Las Palmas de Gran Canaria,Domestic,septiembre de 2025,5,"Esta reseña es para felicitar porque imagino que estarán más que informados de lo buena trabajadora que es Reyes. Mira que he viajado pero nunca he visto una azafata dando el servicio que ella da, el cariño con el que trata a todos los pasajeros… la verdad que nunca he puesto una reseña sobre un vuelo pero en toda mi vida es la primera trabajadora de un vuelo que me parece digna de mencionar."
IBB_0042,Binter,"Las Palmas de Gran Canaria, España",Donostia,San Sebastian - Las Palmas de Gran Canaria,Domestic,septiembre de 2025,5,"Suelo viajar amenudo en Binter y estoy contento con la compañía, pero lo que me paso en el ultimo viaje supera con creces mis expectativas. Desgraciadamente un cliente sufrió un paro al corazón y la rapida intervención del personal de cabina considero que salvó la vida dicho señor. Actuaron de forma rapida y coordinadas dentro del estrés y caos que la situación y el lugar origina. Creo q tienen un personal muy cualificado y profesional, sobre todo la sobrecargo Victoria Perez que fue la que nada mas caer el hombre a sus pies actuó al instante salvando la vida del caballero. Muchísimas felicidades y nos vemos en el siguiente vuelo"
IBB_0043,Binter,Desconocido,Las Palmas de Gran Canaria,Jerez De La Frontera,Domestic,septiembre de 2025,5,"Magnífica atención, servicio a bordo, mucho espacio en el avión y puntualidad. Un 10. De las mejores aerolíneas europeas. Identidad canaria 100x100."
IBB_0044,Binter,Desconocido,Oviedo,Tenerife,Domestic,agosto de 2025,1,"Es una estafa referente al horario y a la maleta de cabina,engañan diciendo una medida,te hacen facturar y es ilegal, reclamas y no hacen nada"
IBB_0045,Binter,Desconocido,Lanzarote,Las Palmas de Gran Canaria,Domestic,septiembre de 2025,5,"He volado por primera vez con Binter y me ha encantado!!! Desde la puntualidad hasta los servicios. Increíble el servicio de abordo que aunque sea un vuelo de poco tiempo, te ofrecen sin coste aperitivo ""Gourmet"" y bebida a elegir. Como no tenía hambre, me ofrecieron llevármelo en una bolsa de tela de Binter muy bonita. Estoy encantada porque este servicio hace muchos años que no recibía de ninguna línea aérea."
IBB_0046,Binter,Desconocido,Madrid,Santa Cruz de la Palma,Domestic,agosto de 2025,5,"Era la primera vez que volábamos con Binter y fue una sorpresa muy agradable. Se puede hacer el check-in con una semana de antelación, el avión solo tiene 2 asientos a cada lado del pasillo, ¡y milagro!, hay espacio de sobra para las piernas (incluso con una mochila en los pies). Encima te dan de comer, con especialidades canarias y el personal es atentísimo, hasta le dan para pintar a los niños. Una compañía aérea con la que de verdad, da gusto volar."
IBB_0047,Binter,Desconocido,San Sebastián de la Gomera,Las Palmas de Gran Canaria,Domestic,agosto de 2025,1,"El 16 de agosto volábamos mi mujer, mis hijos (un niño de 2 y otro de 5) y yo de la Gomera a Gran Canaria haciendo escala en Tenerife Norte. Había niebla y nos dejaron tirados y sin información hasta las 11 de la noche, momento en que cancelaron todos los vuelos oficialmente ya que cierran los aeropuertos y no dieron solución ni para alojamiento (eran ya las 12 cuando nos atendieron), ni transporte, ni comida. Recalco que viajaba con dos niños pequeños, de 2 y 5 años. Quiero dejar claro que la niebla en Tenerife Norte no es excusa para no tener un Plan B para el pasajero, dado que la niebla ha existido siempre en TFE norte y Binter lleva volando en ese aeropuerto muchísimos años. El trato durante toda la espera e incluso el día siguiente (en que para colmo hubo retrasos) fue pésimo y poco humano. Binter es una compañía que se echa flores continuamente en la prensa y los medios de comunicación y he de reconocer que había estado engañado. Si hay cualquier problema, funciona igual de mal o peor que las otras compañías aéreas, y por supuesto, recomiendo evitar por todos los medios el aeropuerto de TFE norte."
IBB_0048,Binter,"Bilbao, España",Madrid,Lanzarote,Domestic,agosto de 2025,5,"Simplemente excelente. Personal amable, desayuno con café, bollo, mantequilla, mermelada, galletas y zumo. No en las mejores compañías hacen esto en un vuelo nacional."
IBB_0049,Binter,Desconocido,Madrid,Tenerife,Domestic,agosto de 2025,5,"Personal de vuelo super atento. Cuidado máximo y amabilidad con los niños. Comida en el vuelo con opciones para intolerantes o veganos. En general no se puede esperar mucho más de una compañía aérea. El vuelo fue tranquilo, el despegue y aterrizaje sin problemas y un viaje muy agradable en general. Sin duda recomendaría volar con ellos en los trayectos en los que operen."
IBB_0050,Binter,Desconocido,Madrid,Fuerteventura,Domestic,agosto de 2025,1,Mi experiencia horrorosa: nos dejan en una escala donde el aeropuerto cerraba ( Tenerife norte) sin hotel ni ninguna solución. Llamas al servicio de atención al cliente y no te hacen caso
IBB_0051,Binter,Desconocido,Donostia,San Sebastian - Tenerife,Domestic,agosto de 2025,5,"Fantástico los vuelos y tripulantes, genial despegue y aterrizaje, tanto de ida como vuelta , lo recomiendo para volar desde cualquier punto de España"
IBB_0052,Binter,Desconocido,La Coruna,Las Palmas de Gran Canaria,Domestic,agosto de 2025,5,Aunque hubo retraso a la ida..todo ok...el personal encantador..y lo de dar picoteo sobre todo a la vuelta que nos dieron desayuno una idea estupenda
IBB_0053,Binter,Desconocido,Madrid,Santa Cruz de la Palma,Domestic,agosto de 2025,5,"Viajamos recientemente con Binter en un trayecto de ida y vuelta a las Islas Canarias y la experiencia no pudo ser mejor. Desde el momento del embarque hasta el aterrizaje, el personal destacó por su amabilidad, atención y profesionalidad. Siempre dispuestos a ayudar, con una sonrisa y un trato cercano que marca la diferencia. Los vuelos fueron muy cómodos, puntuales y agradables. Se nota el cuidado por los detalles y la preocupación porque el pasajero se sienta bien atendido en todo momento. En resumen, volar con Binter ha sido un auténtico placer. Una aerolínea que transmite confianza, cercanía y calidad en el servicio. Sin duda, repetiré con ellos en futuros viajes y los recomiendo al 100%."
IBB_0054,Binter,"Madrid, España",Las Palmas de Gran Canaria,Madrid,Domestic,agosto de 2025,5,"En una era en la que nos tratan como billeteras con patas, en donde el servicio es inexistente, donde simplemente eres un trozo de carne que ocupa un hueco, a cambio de un precio. Se agradece que una compañia área tenga el minimo detalle. Nos sorprendió binter con su servicio a bordo, su piscolabis tanto en el desayuno como en la merienda, nos pareció muy agradable, de gran calidad y con sabor canario. Mantequillas de mojo, queso canario, mermeladas, frutas frescas... Sinceramente asi es como debería ser, ese ratito de descubrimiento y saborear, hizo que nos olvidáramos que estabamos en un aeronave a miles de metros del suelo. Ademas las azafatas nos atendieron de maravilla. Todavia hay muchas cosas mejorables, pero debemos de dejar de aceptar que no todo vale, que pagamos por unos mínimos, en unos sitios donde los precios de los básicos son extratosféricos. Yo lo tengo claro, a la hora de elegir, que me traten como la persona que soy."
IBB_0055,Binter,Desconocido,Las Palmas de Gran Canaria,Santander,Domestic,agosto de 2025,3,En el viaje de ida nos cambiaron la hora de salida 6h más tarde aunque avisaron un mes antes. Y en el viaje de vuelta se retrasó más de 3 horas.
IBB_0056,Binter,"Las Palmas de Gran Canaria, España",Las Palmas de Gran Canaria,Murcia,Domestic,agosto de 2025,5,"Primera vez que vuelo con Binter a la Península, suelo viajar con Vueling, pero un amigo me recomendó Binter, aunque voy a Alicante y quedaría más cerca con Vueling, pues éramos dos personas y con Binter nos hemos ahorrado 150 eur, además del ""plus o detalle"" del aperitivo qué te ponen, una botellita de vino de la tierra ""Tacoronte Acentejo"" una tarrina con ensalada de pasta, un blíster de jamoncito del bueno, una tarrina de paté, en fin cosas qué hace mucho pero mucho eran normales ahora qué ninguna aerolínea te pone nada pues ésto te sabe a ""gloria bendita"" nunca mejor dicho ya qué vamos por el cielo. Salida en hora, llegada con algo de antelación, el espacio entre asientos en fin una Muy BUENA EXPERIENCIA."
IBB_0057,Binter,Desconocido,Las Palmas de Gran Canaria,Valencia,Domestic,agosto de 2025,5,"Cómodo, asientos amplios, limpio. Tripulación atenta. De las pocas compañías que ofrecen aperitivo y bebida sin cargo. Puntuales. Totalmente recomendable."
IBB_0058,Binter,Desconocido,Fuerteventura,Tenerife,Domestic,agosto de 2025,1,"Estimados señores de Binter, podría empezar con la frase "" por más que me pese"" pero no es es caso por la frustración y vergüenza que me hicieron pasar el día 1 de Julio cuando me disponía a volar de Fuerteventura a Tenerife Norte en el vuelo NT 985 a las 18:10 de la tarde. Los desafortunados hechos sucedieron por un error continuo que tuvieron su inicio desde que saqué mis billetes por la aplicación, dos adultos y un niño de 27 meses, la cual reconoció al pequeño como bebe ya que ya he viajado junto a el en otras ocasiones. Segundo error por vuestra parte, fue que al llegar a los mostradores de facturación con mis dos hijos, me dan las tarjetas de embarque reconociendo a mí hijo de 27 meses otra vez como bebe. Tercer error cometido por vuestra parte, en la puerta de embarque me pasan directamente al avión con mi hijo pequeño ( 27 meses ) en brazos y tampoco me preguntan nada. Una vez sentada en el avión la azafata ( TCP ) al ver a mi hijo menor sentado encima mía, como dicta el protocolo, me pregunta la edad del niño y le comento que 27 meses y mi otro hijo de 11 años estaba sentado a mi lado. Me comenta que con esa edad ya tiene que utilizar asiento individual y cual fue la sorpresa, que no habían más plazas señores de Binter. Sube la coordinadora del vuelo requerida por la azafata ( TCP ) y de muy malos modos y falta de educación me invita a bajarme del avión por un error que ustedes cometieron acusándome de manera indirecta a mí entender de que yo había sacado los billetes de forma fraudulenta mintiendo sobre la edad de mi hijo menor para ahorrarme unos euros.( VALGAME DIOS ). Imagínense el bochorno que me hicieron pasar, la vergüenza frente a más de 100 pasajeros juntos a mis dos hijos y bajarnos del avión cual delincuentes o terroristas. Todo esto sin darme una explicación la cual me merecía por todo lo sucedido. Resulta que de un vuelo de las 18:10 me pasaron a otro vuelo de las 19:40 el cual para más desgracia llegó tarde a Fuerteventura. Estoy no queda aquí ya que una vez me bajaron del avión reclamé el carrito de mi niño ya que me dejaron en la terminal con un niño pequeño en brazos y otro de 11 años el cual su padre esperaba en Tenerife para coger un tránsito a otro vuelo. También reclamé una de mis maletas con la comida del pequeño y una medicación que tenía que tomarse. Ni el carrito ni la maleta para al menos darle de comer a mi hijo me dieron, la única información que me proporcionaron fue que las maletas las pasaban al siguiente vuelo donde me habían reubicado. Imagínense mi desesperación por culpa de la situación que ustedes me hicieron pasar. Una vez y después de tan desagradable aventura a mí llegada a Tenerife mis maletas estaban juntos a la cinta especial de llegadas sin custodia alguna, pero cual fue mi sorpresa cuando vi el etiquetado de mis maletas.... era el del vuelo del cual me bajaron y no en el que realmente viaje a Tenerife NT 989. Mi pregunta señores de Binter es la siguiente: No me dieron las maletas cuando la solicité en Fuerteventura porque no les dio la gana de bajarlas del avión? Les informo como ya saben de sobra que si este fue el caso están vulnerando primero mis derechos como cliente y pasajero y segundo como dicta Aviación civil en el apartado de conciliación de equipaje, "" ninguna maleta puede viajar sin su dueño"" ya que compromete la seguridad del vuelo. Un error tras de otro señores de Binter y los únicos afectados somos los pasajeros que pagamos nuestros billetes y eso lleva incluidos unos derechos, los cuales estoy ejerciendo mediante este escrito y reclamación que voy a presentar donde proceda. Un cordial saludo y por otro lado una enorme decepción por el trato que su personal de tierra en Fuerteventura."
IBB_0059,Binter,Desconocido,Madrid,Las Palmas de Gran Canaria,Domestic,agosto de 2025,5,Cómo puede haber un solo mostrador funcionando para check in? Pasan los preferentes como si se tratara de urgencias? Y los demás esperando en la fila hace rato
IBB_0060,Binter,"Tenerife, España",Tenerife,Madrid,Domestic,julio de 2025,5,"Espacios cómodos y personal amable. El vuelo se hizo ameno. Un detalle el aperitivo con productos canarios y bebida incluidas. Curioso el uniforme de las azafatas, elegante y un tanto vintage, me encantó."
IBB_0061,Binter,Desconocido,Jerez De La Frontera,Tenerife,Domestic,julio de 2025,5,"Es muy gratificante volar con esta compañía. Hay dos filas de asientos y bastante espacio entre ellos. Los sillones son comodísimos, está limpio. El personal de vuelo nos atendió muy amablemente. Fueron puntuales tanto a la una como a la vuelta. Nos sirvieron un peritivo muy generoso. Lo recomendaría 100%."
IBB_0062,Binter,Desconocido,Tenerife,Lanzarote,Domestic,julio de 2025,1,"Nos encontramos en un claro ejemplo de monopolio y abuso de poder, es en circunstancias como hoy, que en los rodeos ( aeropuerto del norte de la isla) debido a la neblina han habido retrasos que nosotros que estamps en el reina sofia ( tenerife sur) nos afecta directamente, con un retraso de casi dos horas sobre la salida prevista. Es imcreible que un fenomeno meteorologico a 80 km de este aeropuerto impacte en nuestro vuelo y es que es muy sencillo. No se molestan en ponet otra aeronave , no les importamos en absoluto , eso si una ambrosia a la salida para que te calles la boca , mucha expansion , muchos destinos nuevos pero la verdad es que estos son ejemplos claros de lo poco que realmente les importamos los canarios. Y seguiremos tragando , perdon comiendo ambrosias."
IBB_0063,Binter,Desconocido,Valladolid,Las Palmas de Gran Canaria,Domestic,julio de 2025,5,"Excelente vuelo, el avión impecable limpio y servicio de los trabajadores excelente muy atentos te ayudan en todo, la comida de diez."
IBB_0064,Binter,"Cambrils, España",Madrid,Santa Cruz de la Palma,Domestic,julio de 2025,1,No creo que vuelva viajar con esta compañía..me han reventado la maleta nueva y ahora no quieren hacerse cargo de nada...y eso que en el aeropuerto de barajas pregunté si era necesario precitarla y me dijeron que para canarias era un vuelo corto y que no hacía falta. Hice una reclamación y no contestan
IBB_0065,Binter,"Madrid, España",Tenerife,Madrid,Domestic,julio de 2025,5,"Me pareció una compañía estupenda, desde los auxiliares, que eran muy atentos y simpáticos, el aperitivo gourmet que nos dieron, no me esperaba que fuera tan completo y rico, (especial para los niños), y además llegamos antes de tiempo, a pesar de haber salido con algo de retraso. El avión era cómodo y al ser más pequeño que los de otras compañías, mucho más tranquilo y controlado. Todo genial"
IBB_0066,Binter,Desconocido,Almeria,Las Palmas de Gran Canaria,Domestic,julio de 2025,5,"Asientos espaciosos y limpios. Personal muy amable. Vuelo tranquilo y puntual. Múltiples destinos a península, ahora los han aumentado y genial, y a precios muy competitivos. Multitud de detalles: -Piruleta en la entrada para los peques. -Regalo de dibujos y lápices para los peques. -Dan tallitas alcohol-perfumado para manos. -Super aperitivo con guiño a productos canarios, incluyendo bebidas, para adultos y pequeños. Opción de personalizar"" antes del vuelo. -Depues ofrecen café e infusiones y caramelo para el aterrizaje."
IBB_0067,Binter,"Arrecife, España",Las Palmas de Gran Canaria,Palma de Mallorca,Domestic,julio de 2025,3,"Binter, hasta que entró a operar con vuelos nacionales era una compañía relativamente buena, cumplía con los horarios.desde 2021, por motivos médicos debo desplazarme mucho desde Lanzarote a Gran Canaria y viceversa y hace mucho tiempo que no salen lo vuelos en hora, sobre todo en el trayecto Gran Canaria -Lanzarote. En este mes de julio de he viajado también por ocio, saliendo desde Lanzarote a Mallorca con conexión en Gran Canaria, con 40 minutos de rretrasoen el primer vuelo y 3 horas en el segundo. A la vuelta he saludo de Mallorca con unos 30 mi unos de retraso hacia Tenerife. En muchos casos los retrasos son de mucho tiempo, pero cuando viajas muy a menudo esto se convierte en una situación agotadora. Al igual comento que la atención a bordo es exquisita y los aviones están en muy buen estado, sobre todo los nacionales"
IBB_0068,Binter,"Las Palmas de Gran Canaria, España",Tenerife,Las Palmas de Gran Canaria,Domestic,julio de 2025,1,"Soy Canaria, llevo cogiendo estos aviones desde que tengo uso de razón...Binter es la aerolínea que más humo vende de todas, los aviones parecen de papel, da igual que el tiempo esté bueno o malo, vas a vivir una experiencia similar a una montaña rusa...han subido los precios de una manera exagerada, siendo prácticamente el único transporte que tenemos los Canarios para viajar, te venden en la publicidad que el billete está a 25 euros y acabas pagando 50, literal. Han añadido el engañabobos de la comida, por la que te suben el billete al doble(la comida es una bazofia de plástico disfrazada de comida canaria), y si ya sumamos los NUMEROSOS Y CUANTIOSOS retrasos sin explicación ni compensación CONSTANTES de la aerolínea obtenemos un resultado en el que NO MERECE LA PENA SI TIENES OTRA OPCIÓN DE VIAJAR."
IBB_0069,Binter,Desconocido,Tenerife,Fuerteventura,Domestic,julio de 2025,1,"Si tienes una alergia grave a frutos secos se niegan rotundamente a avisar por megafonía del avión a los otros pasajeros para que eviten abrir bolsas de frutos secos. Su respuesta a mi queja es que pueden haber partículas de frutos secos en cualquier lado y que no pueden obligar a los pasajeros a que coman lo que ellos quieren. Cuando yo solo pedí que les avisaran por megafonía para que los pasajeros estuvieran informados de que hay un viajero con una alergia grave y asi poder evitar que abrieran bolsas de frutos secos. Algo lógico y creo que completamente comprensible. Yo limpio el asiento, tomo todas las medidas para que mi hijo este lo mas seguro posible y algo tan simple como avisar por megafonía se niegan a hacerlo."
IBB_0070,Binter,Desconocido,Palma de Mallorca,Las Palmas de Gran Canaria,Domestic,julio de 2025,1,"No recomendaría esta compañía si llevan equipajes especiales, carritos de bebé o material deportivo. Hay que hacer una reserva con al menos 48h de antelacióny en ningún caso tienes asegurado poderlo llevar."
IBB_0071,Binter,Desconocido,Madrid,Tenerife,Domestic,mayo de 2025,5,super la atención y encima dan desayuno o algo de comer y de goormet siempre volaremos con binter para todas la vacaciones de las canarias
IBB_0072,Binter,"Tenerife, España",Valverde,Tenerife,Domestic,junio de 2025,5,"Trato exquisito por parte de las azafatas, concretamente la de cabina. Se palpaba que le apasionaba su trabajo. Así da gusto"
IBB_0073,Binter,"Zaragoza, España",Madrid,Las Palmas de Gran Canaria,Domestic,junio de 2025,1,"Fuimos un grupo de parejas en el mismo vuelo y nos pusieron a cada uno en una punta del avión , una vergüenza, no se preocupan de nada. No creo que sea tan difícil poner a las parejas juntas. Durante el vuelo fue todo bien."
IBB_0074,Binter,"Andalucía, España",Madrid,Tenerife,Domestic,junio de 2025,3,"El vuelo muy bien, tranquilo, dependiendo de dónde te toque los asientos son más o menos espaciosos, lo único que no me gustó, y viajo todas las semanas desde hace un mes, que las azafata les falta un poco de educación., no me gusta como se dirigen a los pasajeros, como cuando me han hablado a mí. Me da pena que ya no haya profesionales como antes. Todo se ha ido perdiendo. Lástima, ya que se supone que es una empresa canaria."
IBB_0075,Binter,"Asturias, España",Tenerife,Oviedo,Domestic,mayo de 2025,5,"Hicimos el vuelo de conexión entre Gran Canaria y Tenerife, nos ofrecieron una chocolatina, y eso que el trayecto era de apenas 25 minutos. En el viaje de vuelta a Asturias desde Tenerife, el vuelo fue muy agradable, el personal encantador y muy amable; nos ofrecieron un tentempié que incluía ibéricos y si querías también vino (podías elegir si tomarlo a bordo o para llevar y tomarlo más tarde). No conocíamos esta aerolínea, pero sin duda repetiremos siempre que sea posible."
IBB_0076,Binter,Desconocido,Tenerife,Murcia,Domestic,mayo de 2025,5,"Súper buena experiencia. Amplios asientos con carga para el móvil y acceso a contenido como películas revistas o periódicos totalmente gratuito con su servicio WIFI propio. Amabilidad del personal. Incluye aperitivo gourmet que no está nada mal y puedes elegir entre zumo agua refresco o cerveza en el pack te viene un blíster de jamón o chorizo ibérico, picos, queso una chocolatina, paté y cunas verduritas agridulces o un salpicón de atún (la opción del aperitivo depende de si coges el vuelo de ida o vuelta no es el mismo en cada trayecto) Posteriormente pasan con servicio de café o té totalmente gratuito. Además ten en cuenta que el pasaje te incluye aunque lo cojas pelado un bulto en cabina y si no cabe en bodega de ocho kilos por lo tanto no está nada mal también te incluye el bolso de mano así que son precios competitivos a veces pagando un poco más de merece la pena y te puedes llevar otra maleta de veintitrés kilos así que valora y ten en cuenta esta compañía Canaria para tus próximos vuelos a la península o extranjero."
IBB_0077,Binter,Desconocido,Madrid,Santa Cruz de la Palma,Domestic,mayo de 2025,5,"Excelente. El personal muy amable y cordial y muy profesionales. Respecto al avión, al ser la configuración de 2 asientos pasillo y 2 asientos, son cómodos y con mucho espacio para las piernas, mido 1,80 y sin problema ninguno y te evitas la molestia de tener 3 asientos para ir al servicio, menos jaleo al colocar el equipaje y estás con tu acompañante sin otra persona. Excelente. Y luego lo surrealista, a los pocos minutos de despegar nos ofrecen un desayuno GRATIS (en los tiempos que corren y con compañías tipo Ry...... esto es inaudito), el cual era una maravilla, croissant, zumo natural, yogur de los buenos, café, leche condensada, en fin increíble. Y el vuelo de vuelta una comida con quesos canarios, lomo ibérico, cerveza premium, ensalada, patés... y repito GRATIS. Os lo agradezco mucho y sin duda repetiré cada vez que vaya a Canarias y mis familiares lo mismo. Seguid así, por favor."
IBB_0078,Binter,Desconocido,Murcia,Las Palmas de Gran Canaria,Domestic,mayo de 2025,5,"Excelente atención al pasajero, gran amabilidad por parte del personal del vuelo, puntualidad, limpieza de las instalaciones, estética en los uniformes, el detalle de ofrecer un aperitivo, café y agua gratuitos es exquisito... Sientes que los pasajeros importamos Mi enhorabuena"
IBB_0079,Binter,Desconocido,Tenerife,Oviedo,Domestic,mayo de 2025,5,"La mejor compañía aérea, sobresaliente gracias, sobre todo, al maravilloso personal que trabaja en Binter: amables,cercanos, educados, humanos, no dejan de sonreír mientras buscan, siempre, la manera de solucionar los imprevistos, y ayudar siempre que es necesario. 100% recomendable"
IBB_0080,Binter,"Granadilla de Abona, España",Las Palmas de Gran Canaria,Almeria,Domestic,abril de 2025,5,"Simplemente espectacular!!! Mi tercera ocasión y sin dudas seguiré viajando con ellos. He estado en vuelos de 12 horas y mejor es el servicio de binter en un vuelo de conexión nacional, que el que ofrecen otras compañías. Las azafatas de vuelo, super amables, empáticas y serviciales Enhorabuena BINTER!!!!"
IBB_0081,Binter,Desconocido,Las Palmas de Gran Canaria,Almeria,Domestic,abril de 2025,5,"Pedazo de compañía. Espectacular. He ido en Binter muchas veces, pero simplemente bien. Sin más. Pero los últimos vuelos han sido impresionantes. Dos horas y medias que han sido como si fueran 20 minutos. Sirviendo aperitivo (muy muy bueno) café o te, etc. A los niños les ofrecían cosas para colorear. Con una profesionalidad y un cariño espectacular."
IBB_0082,Binter,Desconocido,Tenerife,Madrid,Domestic,abril de 2025,5,Muy agradecidos con Binter por ofrecer la posibilidad de llevar un perro como acompañante emocional . Nos ha puesto todas las facilidades. Muchas gracias
IBB_0083,Binter,Desconocido,Madrid,Santa Cruz de la Palma,Domestic,abril de 2025,5,"Muy bien en todos los sentidos. Sin problema de horarios, en hora. Sin problema con el equipaje de mano. Buena atención del personal. Dan un montón de detalles, piruletas, caramelos, chocolatinas… incluso en el vuelo de menos de 30 min. en el largo a la península hasta comida. Los aviones son pequeños y no demasiado nuevos pero correctos."
IBB_0084,Binter,Desconocido,Valverde,Tenerife,Domestic,abril de 2025,5,Empleados súper amables y con buenos detalles por ejemplo nosotros teníamos un balón hinchado y no lo podíamos llevar a si que lo dejamos y antes de despegar cuando estábamos sentados nos lo trajeron deshinchado para que nos lo pudiéramos llevar.
IBB_0085,Binter,Desconocido,Lanzarote,Palma de Mallorca,Domestic,octubre de 2024,1,"Volábamos de Lanzarote a Palma de Mallorca. Compramos una tarifa que incluía, a parte de la maleta de mano en cabina, un ""bulto facturado de hasta 23 Kg"". Pues bien, en el mostrador de facturación, nos niegan ese bulto (un maletín de vino correctamente embalado, que, por cierto, nade lo comprobó), indicándonos que ""bulto"" es sinónimo en este caso de ""maleta con enseres personales"" (en ningún sitio de las condiciones y de la web especifica NADA de esta información, por supuesto), y además, nos piden de manera improvisada, tras consultar a la primera compañera con la que la trabajadora de facturación se cruzó (la de ventas), que debíamos pagar 75€ por cada maletín de 3 botellas de vino para facturarlo como equipaje especial (lo mismo que un equipo de windsurf, porque todos sabemos, la similitud de las dimensiones entre ambos objetos). Ahora, si conseguíamos meter las 6 botellas de vino en nuestras maletas de mano, entonces estas perdían su condición de ""especial"", y entonces sí, podrían ir facturadas. Atención PÉSIMA en el mostrador, trabajadoras incompetentes y sin modales. Tras varios meses de reclamaciones directamente con la compañía, seguimos sin obtener la información por escrito que avale toda la actuación que llevaron a cabo (incluídas las tarifas que se pretendían aplicar), y que, hasta la fecha por no poder justificarlo, consideramos que es arbitraria, y por tanto, un intento de estafa. Forzamos las maletas con las botellas de vino (nadie nos obligó a hacerlo, dicen), con la mala suerte (o quizás crónica de un suceso anunciado), de que una de las botellas se nos rompió, dañando todo el equipaje que llevábamos en esa maleta (para sorpresa de nadie). Y tras esto, desentendimiento absoluto de todo. Cuando, además de todas las irregularidades descritas, la compañía debería hacerse responsable de lo que ocurra a las maletas durante su transporte. Pues ni siquiera así. Lo único que hemos obtenido tras varios meses, han sido unas disculpas de mentira. Además, nos repiten de manera reiterada que, si se detecta que el bulto no está bien embalado, se puede denegar su facturación (ojalá pudiera adjuntar a este comentario las cámaras de seguridad en las que se observaría que ni miran los maletines de vino que iban perfectamente embalados, protegidos, y en soportes proporcionados por el mismo Cabildo de Canarias, que ellos mismos emplean para facturar botellas de vino y poder transportarlas de una isla a otra en diferentes aviones). Seguimos sorprendidas de la irregularidad de la actuación y de la falta de disposición a ofrecer la información que se les pide (porque, probablemente, esa información no exista). Vergonzoso. Jamás volveremos a volar con ellos."
IBB_0086,Binter,Desconocido,Las Palmas de Gran Canaria,Tenerife,Domestic,abril de 2025,1,"Es la primera vez de tantas que he querido una opinión negativa. Hoy tenia un vuelo programado a las 17:30 y he estado en la puerta de embarque (A11) tal cual la que señalaba la pantalla de información, y aparecía programado un retraso hasta las 17:50. En torno a las 17:50 mas o menos veo que está embarcando el vuelo NT171 de las 18:00 y me acerco al mostrador de información de Binter para pedir info sobre mi vuelo de las 17:30 el cual me contestan que ya había cerrado y salido ese vuelo, a lo cual mi cara fue un poema. 1• en sus pantallas ese vuelo aparecia con retraso y sin más información 2• En ningún momento dieron más información ni última llamada por megafonía y 3• Han acabado cambiándome el vuelo para más tarde con la excusa de que el tiempo estaba malo. Y lo sé porque he trabajado en Binter muchos años y dan al pasajero una información errónea solo para lavarse las manos, no he podido coger un vuelo puntual en binter durante los últimos meses pero el engaño de hoy ha sido monumental. Sin duda ya intentaré evitar la aerolínea."
IBB_0087,Binter,Desconocido,Lanzarote,Las Palmas de Gran Canaria,Domestic,marzo de 2025,1,"Binter no es lo que era, además de haber subido precios considerablemente en los últimos años, los retrasos se han vuelto una costumbre en la mayor parte de sus vuelos, hoy más de dos horas de retraso y sin facilitar ningún tipo de información"
IBB_0088,Binter,Cuba,Tenerife,Las Palmas de Gran Canaria,Domestic,marzo de 2025,3,"Siempre se atrsa el vuelo no he volado por Binter en ningún vuelo que salga en hora, muy mal en puntualidad! Si tienen horario por vuelo de conexión o que tengan que llegar rápido tengan en cuenta que Binter no es puntual!!"
IBB_0089,Binter,Desconocido,Lanzarote,Las Palmas de Gran Canaria,Domestic,marzo de 2025,1,"SIEMPRE con retraso, no he cogido un vuelo con ellos puntual en la vida. La última vez esperando 1h y media para un vuelo que dura 30 min"
IBB_0090,Binter,"Tenerife, España",Bilbao,Tenerife,Domestic,marzo de 2025,1,"Se vuela desde Tenerife a Bilbao con una veintena de niños , y debo decir que toda una experiencia muy divertida y tranquila a la vez ... La sorpresa viene cuando en Bilbao vamos a coger el vuelo de vuelta a Tenerife, dicho sea de paso , se voló con esos niños para participar en las regatas del campeonato de España en Hondarribia, ahora bien llegando al aeropuerto y intentando embarcar al avión "" la señora y el señor "" que atienden a dichos niños y profesores de vela sólo encuentran problemas en las maletas y bultos que supuestamente a pesar de haber pasado sin problemas a la ida , en la vuelta todo se pone tenso tanto en la manera de tratarnos como en lo despectivo a la hora de obligarnos a pagar por maletas 60 euros y exigencias con el condicionamiento de no dejarnos subir al avión... Cómo se puede entender que todas las maletas de mano eran perfectas cuándo salen de Tenerife pero no cuándo hay que salir de Bilbao? Da la sensación que ese personal con ese ataque desmedido sobre todo a menores de edad , era con finerñs recaudatorios ... No recomiendo volar con ésta compañía hasta que no den cursos al personal de cómo tratar a sus pasajeros y en especial a menores de edad ... Una pesadilla de más de media hora, que no quiero repetir"
IBB_0091,Binter,"Las Palmas de Gran Canaria, España",Las Palmas de Gran Canaria,Palma de Mallorca,Domestic,marzo de 2025,5,"Muy recomendable, personal muy amable y profesional. Atención en todo momento un 10 . Sin lugar a dudas volveremos a viajar con Binter en nuestros próximos viajes."
IBB_0092,Binter,Desconocido,Palma de Mallorca,Las Palmas de Gran Canaria,Domestic,marzo de 2025,5,La mejor compañia de corta distancia dentro de Europa! Un servicio impecable. Te dan bebida y snacks gratuito. Muy muy buena experiencia inesperada! Siempre cuando pueda volar con Binter lo haré!
IBB_0093,Binter,Desconocido,Madrid,Las Palmas de Gran Canaria,Domestic,marzo de 2025,3,"chek in online con equipaje, me dicen que solo facturado la ida, viajo con maleta el trámite debe ser en ambos trayectos."
IBB_0094,Binter,Desconocido,Tenerife,Madrid,Domestic,febrero de 2025,5,Atención y Servicios en vuelo y en facturación excelente . Asientos cómodos y espacio entre filas . Refrigerio Gratuito en vuelo muy bueno y obviamente diferencial sobre otras líneas que no lo ofrecen. Tienes disponible en avión carga de móviles y entretenimiento
IBB_0095,Binter,Desconocido,Las Palmas de Gran Canaria,Madrid,Domestic,febrero de 2025,5,"Aparte del buen trato a bordo, la comodidad del avión y la comida que reparten para el desayuno ya que volamos por la mañana todo fue genial, el zumo natural de naranja y plátano muy rico, repetiremos con Binter los próximos vuelos"
IBB_0096,Binter,Desconocido,Las Palmas de Gran Canaria,Zaragoza,Domestic,febrero de 2025,5,"Puntual, agradables, detallistas, el avión cómodo, tripulación encantadora, limpio, espacioso. Sin duda repetiré!"
IBB_0097,Binter,Desconocido,Jerez De La Frontera,Tenerife,Domestic,enero de 2025,1,Son una mafia compre un billete y quise comprar otro para una amiga y me subieron 14 euros por la cara. El que en principio costaba 45 luego subió a 56 y ahora a 70 para ir en una tártalana. Primera y última vez que viajo a la península con esta gentuza. Y dice descuento canario encima.
IBB_0098,Binter,"Tenerife, España",Tenerife,Santander,Domestic,enero de 2025,1,"Viajamos a Santander, el desayuno del que tanto presumen no vale nada, un croissant con jamón, té básico o café y un yogurt. Cuando llegó la infusión se juntó con el aperitivo, un atasco en el pasillo incomprensible. Desde el primer momento una tripulación antipático y desagradable. El vuelo infernal, he pasado muchísimas turbulencias en todas partes del mundo, pero este vuelo y su piloto parecían incontrolables, en plena turbulencia el avión tenía un ala en el Cantábrico y la otra en el cielo, sinceramente todo el trayecto fue insoportable, la gente llegando ya a Santander no paraba de rezar a la virgen de Candelaria y gritar, incluso cuando tomó pista nos parecía imposible llegar a la terminal. Con toda sinceridad y les habla una pasajera con muchas horas de vuelo, esta compañía con estos aviones tan básicos no merece ninguna confianza, yo no volveré a volar con ellos. En el vuelo de regreso, la tripulación fue encantadora, el almuerzo muy correcto, aunque no entiendo el modo canario, vino de rioja, paté y salchichón ibérico? El vuelo fue más tranquilo, sin turbulencias, aún así no siento seguridad en las naves. Lo siento pero en mis próximos vuelos buscaré otras compañías. Gracias"
IBB_0099,Binter,"Tenerife, España",Tenerife,Madrid,Domestic,febrero de 2025,4,"Aerolínea Canaria fantástica, puntual, limpia, te dan aperitivo o desayuno. La única pega que le pongo es que tienen la costumbre de que en el vuelo de vuelta te hacen escala en gran Canaria. La ida directa desde Tenerife y la vuelta con escala... Es un auténtico coñazo..."
IBB_0100,Binter,Desconocido,Madrid,San Sebastián de la Gomera,Domestic,enero de 2025,5,"Mi experiencia reciente con Binter ha sido muy buena. He ido desde Madrid a La Gomera (haciendo escala en Tenerife) y el precio era muy razonable (ir antes a El Hierro o La Gomera desde Madrid era bastante más caro), los aviones desde y hacia Madrid son nuevos y el personal de cabina muy agradable. Las escalas en Tenerife bien (sobre todo la vuelta que solo 45 minutos) He leído comentarios que Binter desde Madrid es caro en comparación con Iberia o Ryanair por ejemplo. Yo de lo que puedo opinar que es hasta La Gomera el precio fue mas que razonable (140€. Llego a estar a 120€) hace años para ir a La Gomera (Código compartido iberia + Binter pague como barato 165€ creo que fue) y al hierro (unos 200€ con iberia + Binter) Los Embraer son cómodos y Dan de comer que es un detalle"
IBB_0101,Binter,Desconocido,Madrid,Tenerife,Domestic,enero de 2025,5,"Me sorprendió gratamente la compañía, la tripulación super amable, te dan bebidas y caja aperitivo, el café para ser de avión bastante bueno, los recomiendo 100%"
IBB_0102,Binter,"Murcia, España",Murcia,Las Palmas de Gran Canaria,Domestic,enero de 2025,1,"pésimo. Nos montan en avión, nos bajan porque dicen que hay un problema, nos tienen dos horas esperando diciendo que lo arreglarán o que viene otro avión más tarde y finalmente que la única opción es llevarnos en autobús a Granada para salir desde allí a GC. Dos bebés en el vuelo y que el autobús no se hace responsable de lo que les pase. Vergonzoso."
IBB_0103,Binter,Desconocido,Fuerteventura,Madrid,Domestic,enero de 2025,5,"Muy bien. Si volaran directos de Fuerteventura a Madrid, siempre lo haría con Binter. Me sentí cuidado. Muchas gracias."
IBB_0104,Binter,"Oviedo, España",Oviedo,Lanzarote,Domestic,enero de 2025,5,"El personal es muy amable, hace mucho tiempo que una aerolínea no trata así a los pasajeros, el catering incluido en el billete es de ""lujo"" todo desayuno y lo que llaman aperitivo que es una comida en toda regla, con jamón ibérico incluido. Valorar el guiño que hacen a Canarias con queso de la tierra y sobre todo con un zumo NATURAL de plantano canario y naranja. El vuelo era con escala en Gran Canaria, nos lo pusieron fácil para la conexión. El único reproche es que hay muchos accesos con escaleras y para las maletas de mano es complicado sobre todo las personas mayores o con niños. La puntualidad también fue excelente, han sido 4 vuelos y siempre perfecto."
IBB_0105,Binter,"Madrid, España",Madrid,Tenerife,Domestic,enero de 2025,5,"Hace mucho tiempo que no he sido tan bien atendida en una linea aérea. Tanto el personal de tierra en Madrid como la tripulación del avión ha sido sumamente profesional, atento incluso con algún que otro pasajero un poco impertinente. Además, han tenido el detallo muy agradable de agasajarnos con un ág"
IBB_0106,Binter,"Lanzarote, España",Madrid,Las Palmas de Gran Canaria,Domestic,enero de 2025,5,"Recomiendo 100 por 100. Hora de llegada. Puntual. Salida. Típica de 20 minutos, recuperados en vuelo. Servicio. Excelente. Con una cortesía Gourmet gratuita y muy elegante a bordo. En otros vuelos 12,50€ comer algo más que básico. Personal. Excelentes. Pilotos del vuelo. Informando, felicitaron el año nuevo , información en el descenso y en la aproximación. Repetiré, sin dudas, aunque me lleve una escala. Calidad Precio. Fantástico!!!"
IBB_0107,Binter,"Budapest, Hungría",Las Palmas de Gran Canaria,Lanzarote,Domestic,diciembre de 2024,1,Sufrimos un retraso de 4 horas y 20 minutos. Hemos hecho reclamacion a la compañía para indemnización económica ( nos corresponde de 250 a 300 euros por persona) y se niegan a hacerlo. Nos compensan con un billete SOLO DE IDA a otro destino. Pésimo. No viajaré más. Lo aseguro
IBB_0108,Binter,Desconocido,Las Palmas de Gran Canaria,Palma de Mallorca,Domestic,diciembre de 2024,1,"Mi familia y yo nos llevamos la mayor de las decepciones de las vacaciones de Navidad 2024-2025. Vuelo NT5108 del 20 de dicimbre 2024. Había varias opciones para la realización de este vuelo, pero sabiendo que la compañia se había hecho con aviones modernos para este trayecto no pusimos reparos al coste, ya que esperábamos sentarnos de forma independiente en asientos de dos en dos, las cajitas, ect... La supersorpresa fué cuando nos llevan al avión y se trata de un avión con dos filas de asientos de 3 personas, muy antiguo, de una compañia checa. La sensación solo al entrar en el avión, es de que se trataba de un avión de los años 50. Era la sensación que tienes cuando entras en una casa vieja. Los asientos habian perdido la espuma por el uso y parecía que se iba sentado en las estructura de hierro, las zona de colocación de maletas llena de polvo, los asientos parecían que se iban a desmontar de un momento a otro. Incluso nos cayó una araña en la ropa proveniente del techo. Nos dicen por megafonía que se van a bloquear los asientos centrales y a mi lado, se sientan dos personas. Una tremenda tomadura de pelo. Esto con respecto a la comodidad, pero cuando miramos el modelo del avión resulta ser una 737-800 max, cuyo modelo estuvo paralizado en toda Europa por dos accidentes casi consecutivos. Casi nos bajamos del avión. Se le pide explicaciones a la azafata y con una arrogancia que no nos esperábamos no informa de ""que en su tarjeta de embarque figura que el vuelo está operado por SMARTWINGS"" que lo teníamos que haber visto. Vamos, que ahora hay que ser adivinos, y con los billetes comprados quedarnos en tierra en plenas Navidades al ver que el vuelo lo opera otra compañía. DECEPCIÓN TOTAL y con las explicaciones de la tripulante aún más. No pensamos en coger un avión más de esta compañia para viajar fuera de las islas."
IBB_0109,Binter,Desconocido,Madrid,Las Palmas de Gran Canaria,Domestic,octubre de 2024,1,"Ya en el aeropuerto de Madrid al hacer le check in, nos dicen que por un fallo informático nuestras plazas se anularon la noche anterior y que ya han sido asignadas a otros pasajeros, teniendo la reserva desde hacía meses. Todo esto con dos niños pequeños No nos ofeecieron ninguna solución y tuvimos que volvernos a casa perdiendo nuestras vacaciones a Cabo Verde. Nos invitaton a realizar una reclamación y ser reembolsados. A día de hoy, ni eso siquiera. Nos han contestado a la reclamación "" que lo sienten y que espera que no se repita"". Increíble la tención al cliente en caso de problemas. Pésimo!!! Cuidado!!!"
IBB_0110,Binter,"Santa Cruz de Tenerife, España",Tenerife,San Sebastián de la Gomera,Domestic,diciembre de 2024,4,"Viajo habitualmente con Binter, incluso a Madrid pues el trato es mucho mejor que en otras compañías. Por supuesto entre islas no me planteo otra opción. En La Gomera el día 22 de diciembre no salió el vuelo por viento fuerte y la compañía nos facilitó absolutamente todo para llegar a Tenerife norte. Ya no estamos acostumbrados a ese trato así que bravo por Binter."
IBB_0111,Binter,España,Tenerife,Las Palmas de Gran Canaria,Domestic,diciembre de 2024,3,"Llevo un mes volando con Binter de Tenerife a gran canaria,y los retrasos son a diario se está convirtiendo en una costumbre,es una pena porque hay buen atendimiento pero lo peor de lo peor en cuanto a retrasos"
IBB_0112,Binter,Desconocido,London,Grand Turk,International,diciembre de 2024,1,"Experiencia decepcionante con Binter Canarias La experiencia con el personal de facturación de Binter Canarias ha sido absolutamente negativa. A pesar de estar en la cola esperando nuestro turno, con varias personas delante, la encargada cierra el embarque sin darnos la oportunidad de facturar nuestra maleta. Lo peor es que íbamos con un bebé en brazos, y aun así no mostraron ninguna empatía ni disposición para ayudarnos. Este tipo de actitud hacia los clientes es inaceptable. No recomendaría esta aerolínea a nadie. Experiencia cero."
IBB_0113,Binter,"Gran Canaria, España",Lanzarote,Las Palmas de Gran Canaria,Domestic,diciembre de 2024,3,Compro billete Lanzarote -Gran Canaria para el 24 noche buena a las 19:30 salida pues bien 2 días después cancelan el vuelo y me meten en el de las 21:50 salida de Lanzarote el día de noche buena tan tarde para llegar para cenar con la familia son unos sinvergüenzas hacen lo que le Dan la gana ya que por trabajo no puedo volar antes de la 19:30 gracias Binter por esta noche buena que voy a llegar cuando mi familia estén ya cenado y todo gracias a Binter la peor compañía de Canarias
IBB_0114,Binter,Desconocido,Lanzarote,Tenerife,Domestic,diciembre de 2024,5,"El personal es una maravilla, atento y profesional. Queríamos adelantar la vuelta de Lanzarote a Tenerife y nos ayudaron en todo. La mejor experiencia que hemos tenido en nuestros viajes. Muchas gracias!!"
IBB_0115,Binter,Desconocido,Las Palmas de Gran Canaria,Lanzarote,Domestic,diciembre de 2024,1,"Desastre de compañía, todos los vuelos con retraso, es una auténtica vergüenza, esto pasa por tener el Monopolio en Canarias, de verdad que es calamitoso"
IBB_0116,Binter,Desconocido,Madrid,Tenerife,Domestic,julio de 2024,1,"Anticipadamente hice una reserva de vuelo Madrid-Tenerife con la compañía aérea Binter (código de reserva: U3L86B) a través de Booking.com, con ida el 26 de julio de 2024 (vuelo: NT6065) y vuelta el 1 de septiembre de 2024 (vuelo: NT6062) en clase turista. Viajo con frecuencia a Tenerife, aparte de que me gustan las Islas Canarias, por la circunstancia de tener allí viviendo a mi familia. Yo por trabajo, vivo en Madrid y desgraciadamente sólo tengo ocasión de ir a ver a la familia en 4 ó 5 ocasiones al año a lo sumo y por muy pocos días. Muy especialmente en agosto, que es cuando tengo vacaciones y más tiempo puedo pasar con ellos, después de haber esperado todo el año tan ansiado momento y haber ahorrado en lo posible, pues los billetes de avión han subido muchísimo y ya vuelve a no ser tan asequible otra vez el poder volar. Bien, el caso es que un día antes del vuelo caigo enfermo y me ingresan por urgencias en el Hospital Madrid con un cólico nefrítico. Aun habiendo realizado el check-in, llegado el momento de embarcar sigo de baja en el hospital, con lo que lógicamente no pude coger dicho vuelo por una razón de fuerza mayor. Me puse en contacto primeramente con Binter, donde me informaron que existe obligación legal de devolución del importe del billete por hospitalización repentina, pero al haber adquirido el mismo a través de un tercero (en este caso booking.com) debía hablar primeramente con Booking.com y en el caso de que no obtuviera respuesta positiva por su parte, volviera a contactar con Binter para que ellos mismos le reclamaran a Booking.com el importe del billete de ida que no pude utilizar. Me intento poner en contacto con Booking.com telefónicamente y sale un robot que te pide el número de confirmación de la reserva y un pin que te proporcionan en el mail que te envían por la misma. Pero al introducir el número de confirmación de la reserva el robot hace caso omiso de ello y te vuelve a pedir dicho número una vez tras otra. He probado a meter todos los números que vienen en el mail y con ninguno funciona, por lo que el robot te vuelve a pedir dicho número sin descanso y sin que puedas contactarles. Así que, para empezar, no es cierto que tengas la posibilidad real de establecer una comunicación efectiva. Vuelvo a llamar a Binter haciéndoles saber lo sucedido pero me explican que para que Binter puedan reclamalo a Booking.com debe tener que haberse establecido previamente por mi parte una comunicación con Booking.com. Comunicación que obviamente es imposible. Vuelvo a intentar con Booking.com y me sucede lo mismo una y otra vez, hasta que doy con un chat que tienen ""supuestamente"" para todas estas cuestiones. Tras explicar todo en el chat, el agente con quien hablé me indica que por normativa no se devuelve el importe del billete ni siquiera por hospitalización. Pues bien, ahora ya se ha establecido comunicación por mi parte con Booking.com y ha habido una negativa evidente por su parte de no reembosarme el dinero que me deben según la Ley. Motivo por el cual hago la reclamación especial pertinente en la compañía aérea de Binter como me indicaron en la primera conversación telefónica que tuve con ellos. Aporto adjunto con el mail toda la documentación que me piden para tal reclamación (explicación de lo sucedido, DNI, localizador del vuelo, justificante de pago del vuelo completo e iforme de hospitalización, así como la conversación mantenida por chat con Booking.com con su clara negativa al solicitado reembolso). Así mismo aporto informe completo de hospitalización y seguimiento de la enfermedad, como me pidieron una vez pude contactar con ellos. Una vez llegados a este punto y después de todo este trasiego con el que me han tenido entre unos y otros, considero mi deber como ciudadano dar a conocer a la opinión pública en las redes sociales, este hecho insólito en el que dos empresas que trabajan en combinación, supuestamente punteras y patentemente alguna de ellas fraudulenta, como se deduce de la simple lectura de los acontecimientos, se rifan la responsabilidad de dar un servicio no recibido, por el que has pagado un buen dinero y se reparten las ganancias sustraidas a costa tuya al margen de la Ley y de la decencia. Estos hechos pondrían sin duda en tela de juicio la legalidad del modus operandi con tan mala praxis por su parte. Dejando a sus clientes, además, sin las esperadas y costosas vacaciones. Considero un deber social airear en los medios de comunicación esta política comercial de eludición de responsabilidades y no transparencia del producto que están vendiendo. Me parece de vital importancia precaver a toda la ciudadanía para que piensen muy bien antes de adquirir un vuelo, con qué compañías y empresas lo van a hacer. Contribuir a evitar que engañen a más clientes, como me consta que así ha sido en numerosas ocasiones, irá en beneficio de todos. Después de 6 meses de conversaciones telefónicas con ellos, se lo limitan a pedir disculpas y a decir que esto ya debería estar solucionado y que se van a poner con ello, asegurando que le han enviado toda la documentación al respecto a Binter. Sin embargo Binter asegura no tener ninguna notificación al respecto. Esto son simplemente hechos reales y demostrables ante cualquier medio de comunicación y ante cualquier juzgado."
IBB_0117,Binter,Desconocido,Fuerteventura,Las Palmas de Gran Canaria,Domestic,diciembre de 2024,5,"Personal siempre muy amable y muy servicial. Uso mucho vuelos de binter y sobretodo asafatas de tierra son muy buenas, un diez. Gracias"
IBB_0118,Binter,Desconocido,Murcia,Santa Cruz de la Palma,Domestic,noviembre de 2024,5,"Personal profesional, amable y atento pero lo que realmente quiero destacar es el trato que le dieron a mi mascota, muchas gracias."
IBB_0119,Binter,Desconocido,Lanzarote,Guelmim,International,noviembre de 2024,1,"Retraso del vuelo, y encima llegamos al destino y no ha llegado el equipaje de ningún viajero, no no han avisado en lanzarote ni en guelmime , nos dieron una hoja de reclamaciones, y nada seguimos esperando por nuestro equipaje , incluso llamamos al central del equipaje y no no han solucionado nada , y ni han dicho que solo tenemos que esperar que llegue el equipaje al aeropuerto de guelmime y nos van a llamar para irnos a buscar el equipaje , y yo estoy por 10 días de vacaciones y no sé nada de mi equipaje, sin ropa sin medicamentos, Es una vergüenza total"
IBB_0120,Binter,Desconocido,Fuerteventura,Las Palmas de Gran Canaria,Domestic,diciembre de 2024,1,Siempre retrasos. Muchos años viajando y jamás sale a la hora. Nunca sale un avión en hora. Es una vergüenza que jamás salgan los aviones en hora
IBB_0121,Binter,Desconocido,Las Palmas de Gran Canaria,Tenerife,Domestic,noviembre de 2024,1,"Hoy 29 de noviembre, mi novio se presentó a la puerta de embarque, no pudo encontrar su DNI y no lo dejaron subirse al avión, ni siquiera con una foto del DNI. Hace 1 mes ni me pidieron el DNI para entrar. Tuvimos mi cuñado y yo subirnos al avión sin él. Por otro lado no le encontraron un vuelo de reemplazo porque no había plazas y querían buscarle uno que lo llevaría al norte de Tenerife. Mi novio tuvo que recorrerse la isla entera para poder buscar la manera de llegar a Tenerife y decidió coger el barco porque una agencia de vuelo quiso joderle el día. No sabe siquiera si llegará al barco a tiempo. Me parece increíble la poca empatía que tienen considerando encima que el vuelo iba tarde, como siempre, no recuerdo la vez que Binter haya salido a la hora a la que tendría que salir. No saben lo que hay detrás, si nuestro vuelo es por algo urgente, grave, por trabajo, no tienen nada de empatía, podrían al menos haberle aceptado una foto del DNI, en la cual hubieran visto exactamente lo mismo que si hubiera enseñado el DNI real, sin mencionar que la mayoría del tiempo cuando enseñamos el DNI ni lo miran, no veo porque ahora fue tan importante como para ni siquiera aceptarle la foto y dejarlo fuera del avión. Espero que le enseñen un poco de empatía a sus trabajadores y tengan consideración para los que viajan que nunca saben los motivos del viaje en cuestión."
IBB_0122,Binter,Desconocido,Lanzarote,Las Palmas de Gran Canaria,Domestic,noviembre de 2024,1,De verdad lo de binter es increíble soy usuario desde muchísimos años y va de mal en peor siempre retrasos a la hora que sea Increíble lo de esta compañia
IBB_0123,Binter,Desconocido,Las Palmas de Gran Canaria,Jerez De La Frontera,Domestic,noviembre de 2024,1,"Nefasto,cojo este vuelo con frecuencia.Nunca sale puntual.Hasta más de una hora de retraso.Habra que mirar otras compañías, aunque pague más."
IBB_0124,Binter,"Estepona, España",Tenerife,Santa Cruz de la Palma,Domestic,noviembre de 2024,5,Estupenda compañía local con diversos destinos entre islas y que tienen el detalle de darte una chocolatina Tirma para hacer más amena su vuelo. Puntuales y muy buen pilotaje.
IBB_0125,Binter,Desconocido,Las Palmas de Gran Canaria,Jerez De La Frontera,Domestic,noviembre de 2024,1,El vuelo nombrado arriba. Desde gran canaria a jerez el dia 18 de noviembre se retrasa una hora y media. Nos meten en el avion y se retrasa 20 minutos mas. Cuando sobrevolaba lanzarote nos dicen x megafonia q se veian obligados a dar la vuelta a gran csnaria y aterrizar ahi por problemas tecticos. Pase mucho miedo ya q nos mandaron en un avion de una compañia checa . Y el avion no era nuevo tenia vistas de ser un avion viejo y muy mal cuidado. Y yo le pregunto a la compañia Binter. Si yo contrato un vuelo con Binte yo quiero volar en aviones de Binter no en aviones alquilafas x tal compañia y aviones muy deteriorados. Las fotos q pongo son de los bomberos del aeropuerto de gran canaria esperando el avion el cual yo volava. Finalmente u vuelo que tenia que llegar a las 19:25. Llega 22:35 horas.
IBB_0126,Binter,"Londres, Reino Unido",Nouakchott,Las Palmas de Gran Canaria,International,noviembre de 2024,1,"Estábamos en la pista de Nouakchott esperando salir el jueves 7 y el avión se averió. Aprecio que esto no pueda evitarse. Sin embargo, lo que sucedió después fue increíble. Para cuando nos pidieron que dejáramos el avión, eran alrededor de las 3: 30 am. A algunos pasajeros se les dijo que no había vuelo de reemplazo hasta el sábado 9. Este anuncio no se hizo lo suficiente a todo el mundo, por lo que tuve que obtener esta información de otros pasajeros que salían del aeropuerto. Fuimos expulsados del aeropuerto por la seguridad con absolutamente ninguna ayuda de la aerolínea. Mauritania es una economía basada en el efectivo con pocos cajeros automáticos y apenas tenía efectivo para cubrirme durante el período restante en el país. Para defenderme, tomé un taxi caro al centro de la ciudad y me reservé en un hotel, que afortunadamente aceptó tarjetas de débito. Después de una hora de sueño, me desperté teniendo un ataque de pánico. En este punto eran 6 : 30 am. Intenté buscar vuelos fuera del país, sólo por casualidad vi en la web Flight Radar que había un vuelo de Binter saliendo a las 12 : 55 pm el mismo día. Fui al aeropuerto para ver si podía subirme. Afortunadamente, resultó ser un vuelo de reemplazo realizado por la aerolínea. Sin embargo, si no hubiera revisado ese sitio web, no lo habría sabido. En ningún momento Binter me contactó. No había dónde conseguir comida en el aeropuerto, lo que significa que terminé sin comer adecuadamente durante 28 horas y solo durmiendo 1 hora en un período de 42 horas. El avión finalmente aterrizó a las 6: 30 pm, que es 15 horas después de que originalmente estaba programado para aterrizar. He calculado que perdí unos 300 euros del hotel extra y los taxis que tuve que conseguir. Si bien entiendo que no se puede evitar que el avión se averíe, la falta total de asistencia o información que vino después de él podría y debería haberse mitigado. He contactado a Binter dos veces desde que esto pasó hace 10 días y aún no he sabido nada. Tal vez lo hagan si leen esta crítica, pero no tengo muchas esperanzas!"
IBB_0127,Binter,Desconocido,Madrid,Las Palmas de Gran Canaria,Domestic,noviembre de 2024,2,Casi todos los vuelos que cojo con esta compañia se retrasan. Este ultimo hasta 2 horas. Entre islas suele ser 1 hora mas o menos.
IBB_0128,Binter,Desconocido,Las Palmas de Gran Canaria,Lanzarote,Domestic,noviembre de 2024,1,"Vuelo varias veces a la semana y el 90%| De vuelos tienen retraso, muy mal servicio. Esto pasa por no tener competencia Cada vez van a peor, en gran parte de aviones el wifi no funciona, en síntesis, se mal en peor"
IBB_0129,Binter,Desconocido,Madrid,Tenerife,Domestic,noviembre de 2024,1,"Nos cambiaron el vuelo que teníamos directo , nos pusieron uno con escala en las palmas de Gran Canaria, el cual se retrasó , en dicho aeropuerto nos llevaron en un bus lanzadera en el que el conductor iba rápido y se pegó tanto a un tren de maletas que pegó un frenazo y nos caímos, ni siquiera pidió disculpas ni pregunto si estábamos bien un niño se golpeó contra el cristal , un señor contra los barrotes de acero mi pareja intentó agarrarse a un barrotes de acero y tiene dolores musculares , yo al menos mal caí sobre unas personas q estaban sentada. Una vez parado nos dicen q tenemos q volver al bus porque no hay combustible,el conductor bastante arrogante cuando nos disponíamos a poner la reclamación no nos quiso ni dar su nombre , encima una azafata de tierra lo tuvo q parar porque intentó venir hacia una chica por quejarse, pésima conducta . En el mostrador casi q no nos dejan la hoja de reclamaciones diciendo que la pongamos por internet, sabiendo todos que es su propia base de datos. Aún así tuvimos más retraso , al llegar al destino las maletas rotas , en que tuvimos que poner otra reclamacion por esto.En fin Binter ya no es como era hace años , personal de tierra no cualificado , aviones viejos sin aire , y sobre todo poco profesionales , han querido abarcar tanto que se han olvidado de lo que realmente importa."
IBB_0130,Binter,Desconocido,Madrid,Tenerife,Domestic,noviembre de 2024,1,Han querido abarcar tanto que se han visto sobrepasados. Un desastre de organización. Te cambian los vuelos según conveniencia de ellos. Pagas por un vuelo directo y a ultima hora te avisan que está cancelado y te obligan hacer escalas habiendo pagado el directo que es más caro. Indudablemente no repetiría ni aconsejaría que volarán con ellos. Es uno de los ejemplos de que lo barato sale caro. Horrible la experiencia y la falta de información y de responsabilidad de la compañía.
IBB_0131,Binter,"Vecindario, España",Las Palmas de Gran Canaria,Lanzarote,Domestic,octubre de 2024,1,"CAMBIO DE NUMERO DE PUERTA DOS VECES ANTES DE DESAPARECER EL VUELO DE LAS PANTALLAS SIN NINGUNA EXPLICACION, DESORDEN Y DESCONTROL GENERAL, PERSONAL DE ATENCION AL PUBLICO SIN SABER QUE INFORMAR, EL VUELO DEBIO SALIR A LAS 18:30 Y AL FINAL SALIO A LAS 21:00, Y NADA QUE RECLAMAR...."
IBB_0132,Binter,Desconocido,Las Palmas de Gran Canaria,Madrid,Domestic,octubre de 2024,5,"Hay aerolineas y luego está Binter. El embarque y la salida del vuelo fue perfecto en tiempo, pero al ser pasajero recurrente en viajes interinsulares es algo común. Mido 1,96cm y puedo viajar cómodo en el asiento o al menos no clavarme los hierros en las rodillas del sillón delantero. Pero hasta ahora nada impresionante. Si empieza a mejorar la cosa cuandote dan un zumo natural de naranja y platano además de desayuno, bolsita biodegradable para meter toda la basura que oye se hace cómodo hasta esperar que vengan a retirarlo. A todos los pasajeros les preguntaban si el desayuno lo querian para llevar y tadan una bolsita para ello, eso si empieza a marcar la diferencia. Pero a mi ya me ganaro cuando al dejarme el portatil en el asiento me han llamado ellos y me han dado todas las facilidades para entregarmelo, sin formularios online, dias de espera y sobre todo sin costos adicionales. Lo se porque mi portatil no es la primera vez que me abandona y nunca me lo habia puesto tan facil y barato. Gracias por pensar en el pasajero y gracias por el excelente trabajo. Viva el modoCanario."
IBB_0133,Binter,Desconocido,Las Palmas de Gran Canaria,Tenerife,Domestic,octubre de 2024,1,"Denegacion de embarque por error en la gestión del mismo por parte del personal de tierra. Estando el embarque abierto me deniegan el embarque porque han asignado mi siento a otra persona. El transporte aún estaba en la puerta y el embarque abierto. Además, es curioso que ningún personal se identifique, son anonimos, se niegan a identificarse por lo que realmente no sabes con quien estas hablando."
IBB_0134,Binter,Desconocido,Tenerife,Las Palmas de Gran Canaria,Domestic,octubre de 2024,1,"Puntualidad nefasta, retraso y lo peor es la desinformación que te dan en mostradores y en la puerta de embarque.... Retrasos demasiado comunes últimamente en distintas rutas"
IBB_0135,Binter,"Gran Canaria, España",Las Palmas de Gran Canaria,Santa Cruz de la Palma,Domestic,octubre de 2024,1,"No entiendo por qué no puedo llevar a mi mascota porque supera por 200gr el peso permitido, sin llevar equipaje de mano, solo a mi mascota, pero sí me permiten llevar un animal de 8 kilos y una maleta del mismo peso. Podrían aprender de air europa que permite un peso máximo de 10 kilos en cabina. Recordemos que los animales son SERES VIVOS y no equipaje."
IBB_0136,Binter,Desconocido,Madrid,Santa Cruz de la Palma,Domestic,octubre de 2024,5,"Es la mejor compañía con la que he viajado ultimamente. Muy buen atención, rapidez en todo y además, ¡te dan de comer! Los aviones son cómodos y están limpios."
IBB_0137,Binter,"Santa Cruz de Tenerife, España",Las Palmas de Gran Canaria,Lanzarote,Domestic,octubre de 2024,1,Pésimo cumplimiento de los horarios….en los últimos meses no he cogido un solo vuelo que salga en hora. Donde quedó aquel título de compañía más puntual… Es terrible los retrasos y la reducción de vuelos que han hecho…. Han expandido y quizás mejorado en la nuevas rutas….pero en Canarias un 0
IBB_0138,Binter,"Gran Canaria, España",Las Palmas de Gran Canaria,Lanzarote,Domestic,octubre de 2024,1,"Es vergonzoso el estado del avion. Todos los respaldares de los asientos donde se ubican las mesas están complemente rotas y cuando digo todos, es así. El aire acondicionado se sale por la ranura. Da igual que lo tengas cerrado. Las puertas de los altillos no paraban de vibrar porque no deben de tener goma, en fin.... vergonzoso, mucho crecimiento nacional e internacional pero los aviones insulares están para tirarlos a la basura."
IBB_0139,Binter,Desconocido,Tenerife,Oviedo,Domestic,septiembre de 2024,1,"Compré con está compañía 4 billetes para viajar desde Tenerife a Asturias desde abril. El viaje era en septiembre y cuál es mi sorpresa al intentar hacer el check In online, me dicen que mis vuelos han sido cancelados porque el sistema duplicó el localizador. Me cancelaron mis vuelos y no me avisaron en ningún momento ni me devolvieron el importe de mis billetes. Tenía todo pago ya en Asturias y no me ofrecieron alternativas adecuadas para poder realizar mi viaje y tuve que gastarme el doble de dinero para comprar unos billetes nuevos en otra compañía porque en el vuelo no habían asientos para los 4 pasajeros. Ha día de hoy sigo a la espera de que me pagen el dinero de mis billetes nuevos ya que fue fallo de ellos. Espero que no le ocurra esto a más personas porque es una pena tener todo programado y tener que gastarme el doble de dinero por un fallo de la compañia."
IBB_0140,Binter,Desconocido,Tenerife,Valverde,Domestic,septiembre de 2024,1,"Recomiendo que, con suficiente antelación a vuestro vuelo, vayáis al mostrador de Binter y comprobéis que no os han cancelado el billete. Que os lo impriman ellos. A mí me cancelaron el vuelo con asiento reservado, pagado y con check-in realizado. Primero me dijeron que el vuelo estaba completo y que tenía que esperar a la hora de embarque, por si había algo disponible. Habíamos reservado los vuelos con Booking mi marido y yo, no con ellos. No quiero que nadie pase el mal rato que yo pasé. Lo único que quería es poder viajar en el vuelo que había reservado y que me lo solucionaran. Al final pude volar en el mismo vuelo, pero en otro asiento. Así que, por favor, id al mostrado de Binter y que os impriman ellos la tarjeta de embarque. Para aseguraos que no os cancelado el billete (si no lo habéis reservado con su compañía)."
IBB_0141,Binter,Desconocido,Tenerife,Valverde,Domestic,septiembre de 2024,1,"Dos billetes ida y vuelta reservados y pagados, pues uno de ellos te lo cancelan sin ninguna explicación , ""pagado y con check-in realizados"". Cuando vas a embarcar tú nombre no aparece por ningún sitio, te dicen: ""siguiente vuelo SI HAY plazas disponibles"", al final embarcas, cada uno en un extremo del avión, aún habiendo pagado elección de asiento (10€ cada uno)"
IBB_0142,Binter,"Playa Blanca, España",Las Palmas de Gran Canaria,Lanzarote,Domestic,septiembre de 2024,2,Horrible otra vez parecemos borregos no dicen q n se puede estar en pista?jjjjjpues vean y juzcuen ustedes yo no se como vuela nadie
IBB_0143,Binter,Desconocido,Madrid,Tenerife,Domestic,septiembre de 2024,1,"Intentamos viajar siempre con Binter, porque es una compañía nuestra por el atendimiento del personal, sus horarios,… Regresamos de un viaje de Japón y al llegar a Madrid con mucho tiempo intentamos adelantar el vuelo a tenerife. Craso error. Era más caro cambiarlo que comprarlo. Decidimos ir a otra compañía y viajar con ellos. Es la última vez que viajo con ellos"
IBB_0144,Binter,"Las Palmas de Gran Canaria, España",Las Palmas de Gran Canaria,Santa Cruz de la Palma,Domestic,septiembre de 2024,5,"No puedo estar más agradecida al servicio de atención al cliente del día 9/9/2024, por su amabilidad y buen hacer. Perdí mi vuelo por despistada y me lo solucionaron, sobre la marcha, sin coste alguno. Enhorabuena! Si ya me encantaba volar con esta compañía, desde ahora soy Fan incondicional!!"
IBB_0145,Binter,Desconocido,Fuerteventura,Madrid,Domestic,agosto de 2024,1,"Aviones viejos. Uno se rompió en la pista justo antes de despegar y tuvimos que dar la vuelta y esperar a otro. Llegamos tarde, y encima 20 minutos dando vueltas por la pista de aterrizaje. Y por si fuera poco no nos dejan en el aeropuerto sino en pista y nos llevan en autobús. Y todo ello tras llegar con retraso. Lamentable"
IBB_0146,Binter,"Palma de Mallorca, España",Tenerife,Palma de Mallorca,Domestic,septiembre de 2024,5,"Todo muy bien desde el principio, en tierra y a bordo. Todo el personal muy amable. Vuelo muy bien, aperitivo estupendo. El uniforme precioso."
IBB_0147,Binter,"Madrid, España",Madrid,Tenerife,Domestic,agosto de 2024,5,"Me habían hablado muy bien de esta aerolínea, pero jamás pensé que fuese tan cierto y tan real. En todos los sentidos. Desde La atención de las azafatas, el comandante, el viaje y la comida que nos pusieron por cortesía y también a la vuelta. Hasta el más mínimo detalle, todo PERFECTO. Mi chico y yo quedamos ENCANTADOS. Gracias por todo y volveremos con vosotros sin duda!! Si tuviese que poner alguna pega, sería, que los cristales están muy sucios. Tanto a la ida como a la vuelta. Por lo demás, todo genial."
IBB_0148,Binter,"Toledo, España",San Sebastián de la Gomera,Las Palmas de Gran Canaria,Domestic,agosto de 2024,5,"Desde la entrada hasta salida todo perfecto y con detalle, amabilidad y eficiencia. Embarques rápidos, agua y picoteo de cortesía, y una atención de la tripulación inmejorable."
IBB_0149,Binter,Desconocido,Fuerteventura,Madrid,Domestic,agosto de 2024,5,"De verdad no entiendo las opiniones negativas sobre el Binter. Más bien creo que deben de verse a situaciones concretas. Ayer volé con ellos por primera vez desde Fuerteventura a Gran Canaria y desde Gran Canaria a Madrid. El vuelo de Fuerteventura a Gran Canaria era en un avión pequeño pero eso ya lo sabíamos todos... al fin y al cabo son 40 minutos de trayecto. Pero a pesar de la dimensión del avión el vuelo fue perfecto y la atención del personal de tripulación maravillosa. El vuelo de Gran Canaria a Madrid era en un avión grande. El personal de tripulación imposible ser mejor su simpatía, su amabilidad, su educación... el avión absolutamente limpio!! Asientos amplios y con espacio más que suficiente para las piernas y eso que yo soy bastante alta. Lo que ellos llaman el aperitivo... fue prácticamente una cena. Sencilla pero con productos de primera calidad y además de gastronomía canaria. Por si todo está fuera poco llegamos 20 minutos antes a Madrid y teniendo en cuenta que el momento del aproximarnos a Madrid había una importante tormenta eléctrica. Binter es una compañía aérea como las de antes donde el pasajero es una persona y no un número de asiento!! Estoy encantada lo único que espero es que por favor pronto pongan trayecto directo de Fuerteventura a madrid!!!!"
IBB_0150,Binter,Desconocido,Madrid,Lanzarote,Domestic,julio de 2024,5,"Primera vez qué viajo con Binter y muy satisfecho con todo en general. El trato del personal fantástico y detallistas, espacio entre asientos bueno, la comida generosa, puntuales y las escalas cómodas. Haré más destinos con ellos y lo recomiendo."
IBB_0151,Binter,Desconocido,Tenerife,Madrid,Domestic,junio de 2024,1,"El vuelo debió salir a las 11:40 de la mañana del día 14 de junio, y salieron pasadas las 17:30 de la tarde, por lo que el retraso fue de más de 6 horas, en un vuelo de una distancia de más de 1500 km de distancia. El motivo...al despegar chocaron con una escalera y se rompió un ala. No reconocen la imprudencia y no quieren compensarnos tal y como marca la normativa europea."
IBB_0152,Binter,Desconocido,Murcia,Las Palmas de Gran Canaria,Domestic,agosto de 2024,5,servicio muy bueno avion comodo azafatas amables muy buena opcion Primera vez en utilizar el sevicio y fue muy buena experiancia. super recolendable
IBB_0153,Binter,Desconocido,Santander,Las Palmas de Gran Canaria,Domestic,agosto de 2024,1,"Mucho cuidado con quien opera el vuelo que os toca. Este mes de Agosto Binter ha contratado un nuevo renting de aviones con la empresa German Airways para seguir cubriendo más vuelos,pero los aviones de esa empresa son más viejos, no disponen de wifi , enchufes de carga, ni entretenimiento a bordo pero por si fuera poco, se han atrevido a poner en vuelo durante varios trayectos a un avión modelo Embraer que tiene averiado el aire acondicionado y los pasajeros solo recibimos aire caliente sobre sus asientos como si tuvieramos calefacción. Casi nos matan de calor y estuvo a punto de darnos una lipotimia a más de un pasajero mayor y a niños menores y bebes. Lo que han hecho ustedes señores de Binter no tiene nombre y debería estar penalizado por la Ley."
IBB_0154,Binter,Desconocido,Madrid,Lanzarote,Domestic,agosto de 2024,5,"Excelente compañía, hacia mucho años que no volábamos con ellos y esta vez pudimos hacerlo desde Madrid. Nos dieron de desayunar en el vuelo Madrid-Tfe, y un pequeño almuerzo en el de Tfe-Lanzarote. A la vuelta igual pero con cena en el vuelo hasta Madrid. Productos de la tierra como debe ser. Detalle para l@s niñ@s para que vayan entretenid@s pintando. Azafat@s muy majos, asientos cómodos y espaciosos de dos en dos (no de tres en tres como en el resto de compañías)."
IBB_0155,Binter,Desconocido,Fuerteventura,Freeport,International,agosto de 2024,1,"Nefasto es decir poco, hoy 16 de agosto de 2024, mi familia y yo hemos sufrido una estada por parte de esta compañía, ahora estamos tirados en el aeropuerto de gran canaria. Comienzo: teníamos un vuelo desde Fuerteventura a Granada con escala en gran canaria. Llegamos al aeropuerto y al ir a facturar nos dicen que no nos encuentran en la Lista de pasajeros. Y resumo por qué es largo. Habían, sin previo aviso cambiado la fecha de vuelos del 16/08/2024 al 14/08/2024…..si lo que pongo. Dos días antes de mi vuelta. Con él asombro pertinente. 6 personas entre nosotros mi cuñado minusválido y mi hija pequeña. Les pido por favor una solución, y me dicen que tienen vuelos a gran canaria en el mismo vuelo el cual teníamos que volar 92 euros por persona. Pues lo pagamos pensando que en gran Canaria, en donde me encuentro ahora mismo, podría coger la conexión con esta misma compañía. Pero nada, me dicen lo mismo que no estamos en las listas de vuelo. Todo este culebrón que os digo es para que si podéis evitar esta compañía… mejor . Después lo traduciré a inglés para que los turistas no sufran lo que estamos sufriendo y pagando ñ"
IBB_0156,Binter,"Elche, España",Fuerteventura,Las Palmas de Gran Canaria,Domestic,agosto de 2024,1,"Teníamos un vuelo desde Fuerteventura a Granada con escala en Gran Canaria 6 personas entre ellas una persona minusválida. Llegamos por la mañana y nos dicen que no estamos en la lista de pasajeros. Se ponen a investigar y nos dicen que nuestro vuelo lo habían pasado desde el 16 de agosto al 14 porque habían reducido de 135 plazas a 100. Y sin previo aviso. Y sin darnos ninguna solución. Les preguntamos si podíamos viajar en el vuelo que iba a gran canaria para intentar coger el de la escala, y nos dicen que tenemos que pagar 92 euros por persona. Increíble ."
IBB_0157,Binter,Desconocido,Madrid,Las Palmas de Gran Canaria,Domestic,agosto de 2024,1,"PÉSIMA EXPERIENCIA Regresaba con mi familia (7 personas en total) de un vuelo internacional y volábamos con Binter MAD-LPA. El vuelo tenía hora de salida a las 20:00h y decidimos sacar las tarjetas de embarque la noche anterior. Nos asignaron asientos en las filas 17 y 18 del avión y la propia compañía nos envió, al WhatsApp de cada pasajero, el código bidi correspondiente. Llegamos con mucha antelación al aeropuerto y nos facturaron las maletas desde las 17:00h. El vuelo ya salió con casi una hora de retraso y cuando vamos a pasar las tarjetas de embarque nos da error el lector. La empleada de la compañía nos dice que se debe a que por “cambios operativos de la compañía” nos habían reasignado los asientos, a los 7 de nuestra familia, a las últimas filas del avión (filas 31 y 32). Las filas de la 23 a la 30 habían embarcado sin ningún problema, al igual que los de las filas 10 a la 22 que embarcaron antes que nosotros. Cuando protestamos nos indican que pidamos más explicaciones en el avión y que no paremos el embarque. Pedimos explicaciones a las auxiliares en el avión y, en principio, nadie sabía nada al respecto. La fila 17 fue con 3 asientos vacíos y la 18 ocupada por otros pasajeros, mientras que a nosotros (yo creo que fuimos los únicos), con tarjeta de embarque sacada con antelación, con maletas facturadas con antelación y sin ningún mensaje ni notificación alguna de la compañía, nos trasladan al final del avión. Pedimos la hoja de reclamaciones y, para acabar la burla, nos entregan primero un sobre vacío y, cuando ya nos cabreamos de verdad por el cachondeo, nos tratan de dar la hoja de sugerencias y reclamaciones de la empresa. Pedimos la hoja oficial de reclamaciones del Gobierno de Canarias y nos dicen que tenemos que pedirla en el aeropuerto porque ellos no la tienen a bordo pero que, por la hora de llegada del vuelo, igual la oficina no estaba ya abierta. Hoy voy a ir a pedirla expresamente y presentarla donde corresponda. Me parece intolerable el trato recibido, la falta de comunicación por parte de la empresa y la actitud. Si hay circunstancias que obligan a modificar las plazas asignadas, entiendo que debe tratarse de compensar las molestias que se provocan a los clientes y no fastidiarlos más."
IBB_0158,Binter,Desconocido,Madrid,Las Palmas de Gran Canaria,Domestic,agosto de 2024,5,Me gustaría felicitar al equipo de Binter que atendió nuestro vuelo a Gran Canaria por su atención y buen hacer. Una experiencia que los distingue del trato habitualven las aerolíneas hoy en día. Muy recomendable.
IBB_0159,Binter,España,Madrid,Las Palmas de Gran Canaria,Domestic,agosto de 2024,5,"Me he sentido tratado como una persona y no como mera mercancía. Enhorabuena a todo el personal, tanto de tierra como de cabina."
IBB_0160,Binter,Desconocido,Las Palmas de Gran Canaria,Madrid,Domestic,agosto de 2024,5,"Acabo de llegar de viaje de Madrid, y quisiera felicitar a todo el equipo del Dpto. de inflight Experience con la nueva experiencia Canaria a bordo"", y no me refiero sólo a la parte culinaria, que también! Desde mi primer paso en el avión, respiré ""Canariedad"" en los 4 costados; personal bien uniformado al detalle, agradable, con una sonrisa en todo momento, con nombre típico canario en la chapa, acento isleño inconfundible y esa música de fondo de rondalla Canaria era lo más. El avión estaba limpio e impecable. Los menús a bordo, incluidos en el precio, superaron con creces mis expectativas; alta calidad, muy completos y con productos Canario! Estaban exquisitos. Destacar también el cuidado en los detalles, la creatividad y la apuesta por la sostenibilidad. Recomendable al 200%, repetiré sin dudarlo! ""Algunas personas piensan que el lujo es lo opuesto de la pobreza, pero en realidad es lo contrario a lo común""; no solo lo dijo Coco Chanel, sino que ahora también lo demuestra Binter. Os doy un 10 de 10."
IBB_0161,Binter,Desconocido,Madrid,Tenerife,Domestic,julio de 2024,5,"Recogida de maletas excelente, hasta una azafata se acerca a la recogida de maletas para comprobar si era correcta. Amplio espacio entre asientos. Atención excelente. Sirven comida en el vuelo totalmente gratuita."
IBB_0162,Binter,Desconocido,Tenerife,Las Palmas de Gran Canaria,Domestic,agosto de 2024,1,Demoras en el vuelo de hasta 1 hora y media. Muy mal servicio. Sin información. Se ha cambiado la hora de salida en tres ocasiones.
IBB_0163,Binter,Desconocido,Las Palmas de Gran Canaria,Madrid,Domestic,julio de 2024,1,"He tenido una experiencia pésima con el personal de facturación de @Binter en aeropuerto de Gran Canaria. Después de 8 años viajando a Canarias con otras compañías. Llegamos al aeropuerto con suficiente tiempo, a pesar de problemas de tráfico, viajamos con chico con discapacidad, no hay ningún servicio de ayuda ni en el aeropuerto ni en Binter. A diferencia del aeropuerto de Madrid. Después de espera de 40 minutos en una fila de facturación de Binter dónde esperábamos diferentes vuelos en la misma fila. Me dicen que por 13 minutos he perdido mi vuelo. Viajando con una persona con discapacidad y por un viaje con motivos médicos, no tienen ninguna consideración ni empatia. Dicen que avisaron pero la fila de espera era muy larga, con más de 5 vuelos en el mismo lugar y no escuchamos a nadie avisar del término de horario de facturación. El personal de facturación muy flojo de espíritu de trabajo no se implicó en la solución a pesar de mi reiterada solicitud. Nos rebotan a ventanilla de ventas y nuevamente a facturación y de nuevo aventas. Ningún responsable se persona para ayudarnos a pesar de solicitar al personal de facturación y ventas. Nos cobran mas de 610€ de penalización si queremos coger otro avión, menospreciando nuestra tarifa básica, el siguiente vuelo para colmo salió 3 horas después con retraso de 1 hora. Hice reclamación y te contestan por escrito cómo si fueran robots con un mensaje estandar, que por supuesto es corporativista sin intención de mejora. Muy decepcionado de mi primera experiencia con Binter, la nula colaboración recibida, incluso sensacion de desprecio y pésima organización del personal de facturación. @Binter"
IBB_0164,Binter,Desconocido,Pamplona,Las Palmas de Gran Canaria,Domestic,julio de 2024,5,Todo el personal es super amable. Tuvimos una incidencia con la facturación de una maleta y la solventaron rápidamente. El vuelo muy agradable. La recomiendo 100%
IBB_0165,Binter,"Santander, España",Santander,Las Palmas de Gran Canaria,Domestic,julio de 2024,5,"Con Binter se puede volar a Canarias desde muchos aeropuertos peninsulares (y algunos europeos) en aviones modernos, de modo confortable, atendidos por una tripulación excelente. Los asientos son cómodos, suficientemente separados entre si como para poder llevar las piernas relajadas. A bordo se sirve un aperitivo gourmet gratuito muy completo. La relación calidad/precio es muy buena."
IBB_0166,Binter,Desconocido,Las Palmas de Gran Canaria,Tenerife,Domestic,julio de 2024,1,Es un desastre. No vuelvo a coger vuelos de Binter empieza la jornada y ya tienen retraso. No es la primera vez. Han sido muchas. No es una compañía puntual.No la recomiendo.
IBB_0167,Binter,"Palma de Mallorca, España",Palma de Mallorca,Las Palmas de Gran Canaria,Domestic,julio de 2024,5,"Fantástica atención de las azafatas, muy buena comida, perfecto que los asientos sean de dos en dos. Puntualidad y comunicación con los pasajeros. Me encantó el uniforme del personal de vuelo."
IBB_0168,Binter,Desconocido,Tenerife,Madrid,Domestic,junio de 2024,5,"Perfecto, muy buena atención y nos dieron tanto la cena a la ida, como la merienda en la venida. Personal tanto azafatas como el piloto, amables y simpáticos."
IBB_0169,Binter,"Sevilla, España",Madrid,Las Palmas de Gran Canaria,Domestic,julio de 2024,1,"Pésimo trato buscaron la manera de cobrarnos y se negaron a darnos el libro de reclamaciones no llamamos a la policía por qué habían dos chicas que intentaron hacer algo sabiendo que teníamos razón aún así no nos devolvieron nuestro dinero vergüenza de aerolínea ""canaria""."
IBB_0170,Binter,"Tenerife, España",Las Palmas de Gran Canaria,Palma de Mallorca,Domestic,julio de 2024,3,"Suelo preferir Binter por los aviones, el espacio y el servicio. Sin embargo me encuentro con un avión viejísimo, subcontratado, con asientos rotos y menos espacio entre filas que en vueling. Además huele fatal, como si tratase de ocultarse el olor a vomitona. Encima, los asientos no están bien asignados y el despegue está siendo eterno porque las azafatas están sentando a los pasajeros uno a uno. Para esto no vuelvo a pagar los precios de Binter. Muy decepcionada."
IBB_0171,Binter,Desconocido,Tenerife,Fuerteventura,Domestic,julio de 2024,5,"Viaje espectacular, en el que la Sra. Aliso Arévalo nos hizo el viaje ameno, con su simpatía y profesionalidad. Seguro que volveremos!"
IBB_0172,Binter,"Murcia, España",Murcia,Lanzarote,Domestic,julio de 2024,5,"Volamos con Binter desde Murcia a Lanzarote, con escala en Gran Canaria y vuelta. Simplemente perfecto, hacía mucho que no volvamos en una aerolínea así, mucho que aprender el resto. Aviones con espacio entre asientos, aperitivo incluido de buena calidad y personal muy amable. Por favor, no cambiéis!!!!"
IBB_0173,Binter,"Madrid, España",Madrid,Las Palmas de Gran Canaria,Domestic,julio de 2024,5,"Tripulación majísima, atención perfecta, limpieza, buen ambiente y mucha amabilidad, nos ofrecieron un aperitivo durante el vuelo....a los niños pinturas para entretenerse. Una maravilla."
IBB_0174,Binter,"Los Realejos, España",Santa Cruz de la Palma,Tenerife,Domestic,julio de 2024,2,"Teníamos el vuelo previsto para las 12:00h, no solo iba con retraso, sino que además nadie te informa de nada.Hacen la llamada para embarcar, se levanta todo el mundo y literalmente, más de 20 minutos esperando de pie para nada.El primer aviso para embarcar fue a las 12:15 h y el segundo a las 12:55 h.A las 12:45 h llegaba el avión y comenzaban a bajarse los pasajeros del vuelo anterior.La verdad que nunca he tenido quejas sobre Binter,pero no repetiría. Creo que deberían mejorar la comunicación con los pasajeros y ya que va con retraso, al menos, tenerles informados adecuadamente."
IBB_0175,Binter,Desconocido,Madrid,Tenerife,Domestic,julio de 2024,5,"Personal muy amable,nos dieron un picoteo en los dos vuelos que cogimos, atención especial con los niños les dieron para pintar,asientos con espacio"
IBB_0176,Binter,"Las Palmas de Gran Canaria, España",Madrid,Las Palmas de Gran Canaria,Domestic,julio de 2024,1,"Los servicios de las aerolíneas en general son muy similares, pero de Binter en estos trayectos nacionales e internacionales, se valora positivamente la disposición y amplitud de los asientos, con un pasillo central y dos a cada lado, el detalle del aperitivo, la amabilidad y predisponían del personal, la puntualidad ... Ahora bien, en ningún caso hemos sentido la sensación de que nos estafan, como en Binter. Casi todas las aerolíneas tienen varias tarifas, que varían en función de la posibilidad de cancelar o modificar fecha, itinerario, posibilidad de cancelación y reembolso, etc. Y tienen una tarifa estándar, digamos, que es la que permite el cambio o reembolso, y una tarifa superior, llamada preferente, con algunas ventajas en los asientos, servicios incluidos, peso de equipaje, etc. Ahora bien, con la galimatías de tarifas de Binter, tenemos la inevitable sensación, de que están hechas para confundir y exprimir al cliente. La tarifa Fleximas de Binter, en los vuelos entre islas, la única ventaja apreciable es que te permite facturar más equipaje. Pero si viajas con un maletín de mano, de pronto te dicen que no hay disponibilidad en tarifa turista, sino solo en tarifa Fleximas. Es decir, te obligan a pagar más, por sentarte en el mismo asiento y sin ventaja apreciable. Es una estrategia comercial engañosa, que no dudo sea legal, pero no me parece ética y respetuosa con el cliente. El caso que me ocurrió ayer, es que tenía un billete emitido con la tarifa Flexiplus vuelo NT 6005 Madrid-Gran Canaria a las 20, horas. Por tener la posibilidad de adelantar el viaje, llamé por teléfono a ver si podría viajar a las 17,horas. Mismo día y mismo trayecto. En la publicidad en la página web de Binter, expone muy claro que ""Porque tus planes cambian, nuestra tarifa FlexiPlus ahora te permite adelantar o retrasar tu vuelo sin coste a otros vuelos del mismo día"". He copiado textualmente, lo que dice la web de Binter. Sin embargo, cuando llamo por teléfono a Binter para hacer el cambio, me dicen que ese adelanto del viaje en tres horas, tiene un coste de 90,€. Naturalmente, tuve la inevitable sensación de sentirme estafado."
IBB_0177,Binter,"Hamburgo, Alemania",Madrid,Las Palmas de Gran Canaria,Domestic,julio de 2024,5,Servicio 10 y el mejor aperitivo en vuelo que he visto y encima incluido con el billete. El mejor vuelo de regreso a casa posible
IBB_0178,Binter,"Es Castell, España",Palma de Mallorca,Tenerife,Domestic,julio de 2024,5,Puntuales. El servicio genial como cortesía te da un desayuno o comida excelentes. El personal tanto del avión como el de tierra encantadores y muy serviciales. Me ha encantado volar con Binter
IBB_0179,Binter,Desconocido,Madrid,Tenerife,Domestic,junio de 2024,5,"Adquirí los billetes para viajar con mi familia en diciembre 23 (última semana de junio ) mediante una empresa de viajes intermediaria. Cuando inicié los trámites para solicitar los asientos conjuntos (tengo hijos menores) y realizar el check-in on line por correo y vía telefónica parecía que no iba a ser posible; sin embargo mediante la página web de Binter y simplemente con el localizador de vuelo y mi apellido pude realizarlo sin problema. es verdad que la asignación de asientos contiguos requirió una llamada de teléfono y un desembolso extra de 10 euros por asiento y vuelo, pero el procedimiento fue rápido y simple. El propio vuelo y la atención de los auxiliares de vuelo, así como el aperitivo fueron muy adecuados, amables y los espacios entre asientos suficientes como para viajar sin agobios dos personas de 1.80 m. Tampoco fueron exigentes con el tamaño del equipaje de mano, aunque es cierto que estaba en el rango de medidas permitidas o lo sobrepasaba por muy poco y tan solo en una maleta. En resumen agradecidos por facilitar una parte muy importante de las vacaciones, y hacer cómodo y sencillo un vuelo de 2.30 h con niños."
IBB_0180,Binter,"Tenerife, España",Tenerife,Madrid,Domestic,junio de 2024,1,"RETRASO DE MÁS DE 6 HORAS, ME DESTROZARON EL VIAJE, PERDÍ TODAS LAS CONEXIONES. AHORA NO SE HACEN CARGO DE NADA, 1 VIAJE DE IDA DICEN PARA COMPENSAR. NO TIENEN VERGUENZA, JUEGAN CON LA CONFIANZA DE LOS CANARIOS. SON UN ENGAÑO"
IBB_0181,Binter,"Madrid, España",Madrid,Las Palmas de Gran Canaria,Domestic,julio de 2024,5,"El trato por parte de toda la tripulación exquisito, en todo momento pendientes con el extra del desayuno, los asientos muy espaciosos"
IBB_0182,Binter,"Playa Blanca, España",Lanzarote,Las Palmas de Gran Canaria,Domestic,julio de 2024,2,Fatal siempre retraso ninguna información porque no tengo mas remedio sino no volaria con ellos seguro prefiero canary
IBB_0183,Binter,Desconocido,Madrid,Tenerife,Domestic,junio de 2024,5,"Nunca habíamos viajado con ellos, y lo recomiendo. Fuimos con dos niños y no les faltó detalle. Embarque fácil para familias, en el vuelo les dieron detalles para pintar. Aperitivo de comida bastante bueno para adultos y niños. Si no se toma te lo ponen para llevar, incluso tienen café, todo gratis. El vuelo de ida fue perfecto, el de vuelta algo peor. Rapidez para sacar las maletas, incluso nos llamaron por teléfono para confirmar con nosotros una modificación de horario del vuelo. Encantadores el personal. Repetiremos sin duda."
IBB_0184,Binter,"Barcelona, España",Tenerife,Las Palmas de Gran Canaria,Domestic,junio de 2024,2,"Desde hace tiempo los retrasos con Binter son continuos, raro es el dia que sale en hora. Hay veces que necesitas estar a una hora determinada en una isla y es que casi siempre llegas tarde porque sale con retraso el vuelo."
IBB_0185,Binter,Desconocido,Lanzarote,Las Palmas de Gran Canaria,Domestic,junio de 2024,1,Como siempre Binter y sus retrasos. En casi todos sus vuelos hay retrasos de 15m mínimo. Cambios de puertas de embarque a ultima hora en el aeropuerto de Gran Canaria. Y no hablemos de los problemas informáticos y del personal que me han dejado abiertos vuelos porque si. O le han dado mi tarjeta de embarque a una 3a persona y cambiado mi vuelo... Que eso ya fue histórico y me enteré por la aplicación que empezó a mandar avisos de embarque (2 días antes de mi vuelo previsto).
IBB_0186,Binter,Desconocido,Madrid,Tenerife,Domestic,junio de 2024,5,"La mejor compañia aérea española sin duda. La que tiene mas espacio para las piernas, mas incluso que las aviones grandes que cruzan el Atlántico. Te dan de comida gratis!! Ninguna otra compañia española lo hace y encima de calidad."
IBB_0187,Binter,"Las Palmas de Gran Canaria, España",Las Palmas de Gran Canaria,Tenerife,Domestic,junio de 2024,3,"4 de 5 vuelos salen con retraso. Cuando hace frío, te ponen la climatizacion a fondo, si hace calor, no hay. Y el trato en el aeropuerto, deja bastante que desear. Mucho que mejorar"
IBB_0188,Binter,"Lanzarote, España",Lanzarote,Las Palmas de Gran Canaria,Domestic,junio de 2024,1,"Por desgracias es un vuelo por enfermedad. Tenía vuelo a las 12:00h porque no había otro antes. Pero al llegar al aeropuerto veo va a salir otro de la misma compañía. Aún estaban pasando pasajeros cuando pregunto a una de las dos chicas que habían en el mostrador . Me dijo, espera hasta el último pasajero , así se hizo. Mi sorpresa fue que aún sin preguntar megafonia , me negó el mirar y adelantar e vuelo .. teniendo un sexsible..... No solo lo me dices que el vuelo está ya cerrad ok en cuando yo estaba detrás del último en entrar sino que no tuvo ni intención de ayudar... TAL VEZ , EL BOCADILLO DE DESAYUNO LE ESTABA ESPERANDO.... La pena , que a mí me esperaba un cirujano para algo menos agradable .. No tuvo ni consideración , y lo pero que con Cara de burlas me miraba a la cara y me decia que no haría nada..... Me parece una vergüenza estos servicios en los vuelos entre islas . Muy poca humanidad. En esta vida nada cuesta intentar algo .ella en su puesto de trabajo , no solo no movió nada para poder volar. Sino decía que es que mi vuelo en breve también va a volar... Claro que si mi niña, pero después de llegar dos horas antes para intentar hacer este cambio, pero me tocó la que hace su trabajo a límite de las necesidades de los pasajeros y me dejó en tierra... Pedí, su identificación y se negó a darme lo, por lo que veo no tenia identificación a la vuelta..... Muy raro eso . Pido me llame a un superior..y mi sorpresa que al llegar , sin saber nada me dice... Sin nadie hablar con el! Mi compañera tiene razón en lo que le dice . Se rien , le da las gracias ella a el y yo quedó como alucinando .. el señor se llama Carmelo umpierre y la chica nunca se quiso identificar.... El vuelo que ella estaba era el NT511 Hora 11:30h 17/06/24. Por mi parte, quedé como un idiota y no tuve ni la opción de volar... Pero esto me sirve para saber las incompetencia que tenemos en algunas compañías áreas canarias .... Gracias por vuestra mala gestión, y espero no volver a volar con ustedes en ninguna ocasión.... Air Europa y Canaryfly"
IBB_0189,Binter,Desconocido,Madrid,Tenerife,Domestic,junio de 2024,4,"Teniamos un vuelo madrid tenerife que salio con retraso, viajamos con mascota pero a pesar de los inconvenientes que suponia no fue para nada pesada la espera y todo gracias a un personal pendiente en todo momento y de que nuestro perrito estuviera lo mejor posible GRACIAS, destacar a German que trabaja en Binter Madrid, por su profesionalidad, asi da gusto viajar."
IBB_0190,Binter,España,Las Palmas de Gran Canaria,Lanzarote,Domestic,julio de 2023,1,"Vuelo cada fin de semana, es la peor empresa que conozco, siempre retrasan los vuelos de forma sistemática. Si tienes alguna conexión no vayas con binter porque vas a perder el viaje."
IBB_0191,Binter,Desconocido,Lanzarote,Tenerife,Domestic,junio de 2024,1,"La tarjeta de fidelidad del nivel más alto ( oro) NO VALE PARA NADA, siento que Binter no cuida a sus clientes más fieles. Te prometen que tienes prioridad en la lista de espera y ES MENTIRA, concretamente hasta 10 personas han pasado por delante en 2 vuelos distintos. Tampoco puedes comprar vuelos con los puntos, yo personalmente viajo casi todos los días y no llego ni a la mitad de puntos para comprar solo un vuelo de ida..."
IBB_0192,Binter,"Playa Blanca, España",Lanzarote,Las Palmas de Gran Canaria,Domestic,junio de 2024,2,Malisima organizacion puntualidad 0 patatero no m gusta nada canarifly mucho mejor ni chocolatina ni agua ni na es horrible volar no hay puntualudad ninguna
IBB_0193,Binter,Desconocido,Tenerife,Madrid,Domestic,junio de 2024,1,La verdad que las 3 ultimas veces que he viajado con Binter he tenido retraso de casi 3 horas. En este último el día 1 de junio perdí un vuelo que tenía de conexión por el gran retraso. Pongo reclamación y no me dan solución al cambio de la vuelta ya que tuve que comprar pasaje nuevo del que perdí de conexión. Un desastre
IBB_0194,Binter,Desconocido,Madrid,Las Palmas de Gran Canaria,Domestic,junio de 2024,5,"Vuelo tranquilo, personas amables, asientos cómodos y te dan de comer unos aperitivos de productos canarios gratis sin escatimar. Una MARAVILLA!!!"
IBB_0195,Binter,Desconocido,Las Palmas de Gran Canaria,Lanzarote,Domestic,mayo de 2024,2,Una lástima en lo que la compañía Binter se está convirtiendo. Llevan una temporada de retrasos inexplicables. Casi todos sus vuelos llevan retrasos y no dan muchas explicaciones. Ha bajado muchísimo la calidad de servicio que venían prestando
IBB_0196,Binter,"Las Palmas de Gran Canaria, España",Las Palmas de Gran Canaria,Oviedo,Domestic,mayo de 2024,2,"Binter canarias habia hecho todo muy bien, pero siempre,las emoresas encuentran la forma de meter la pata. Por elegir asiento? Para ir junto a tu pareja? 20€? Eso es ser muy USURERO, de verdad despues de lo bien que lo estaban haciendo, es necesario seguir metiendo la mano en el bolsillo del cliente? De verdad van a tirar oa buena imagen por este tipo de cosas, artimañas de compañias DUDOSAS tipo ryan air? En fin LAMENTABLE. llevo bastante tiempo contento con la idea de que una empresa canaria apostara fuerte. PERO ESA NO ES LA MANERA BINTER CANARIAS. Solo por sentarte con las personas de confianza. VERGONZOSO"
IBB_0197,Binter,Desconocido,Valladolid,Tenerife,Domestic,mayo de 2024,3,"Fui de Tenerife a Valladolid ida y vuelta para mis vacaciones anuales. En este trayecto siempre te hacen ir a las palmas y enlazar con otro vuelo que solo va directo desde ahí. Un mes antes de la vuelta me cambian la hora del primer vuelo, cosa que no me afectaba en nada pues el segundo seguia igual y lo acepté. Después de 15 días de esta aceptación cambian el segundo vuelo para la primera hora del día siguiente, lo que me obliga a dormir en el aeropuerto, ya que supuestamente el cambio del primer vuelo hacia que ya fuera imposible coger el último de esa noche. Además de todo esto se retrasan dos horas y media. Vamos todo un horror...aparte del cansancio y las molestias. No creo que vuelva a volar con ellos por más amenities que den"
IBB_0198,Binter,Desconocido,Las Palmas de Gran Canaria,Tenerife,Domestic,mayo de 2024,1,Pésima experiencia. Mas de una hora de retraso. He escuchado que llevan personas con 2h. Tenía una cita medica importante en la otra isla y por el retraso la perdí. Pésima atención de las personas que gestionan donde solo te dicen “no puedo hacer nada”. No buscan solución ni informan de nada. La verdad que desde mi próximo vuelo buscaré otra compañía con la que viajar. Suelo hacer muchos viajes entre islas pero no vale la pena que invierta más en una compañía que para un vuelo de 30 minutos hacen que esperes el triple tirado en el aeropuerto. NO lo recomendaría a nadie. Binter ha caído a la altura de Ryanair.
IBB_0199,Binter,"Palma de Mallorca, España",Palma de Mallorca,Las Palmas de Gran Canaria,Domestic,mayo de 2024,5,"Gran sorpresa por el magnifico trato recibido, tanto en el vuelo de ida como en el de regreso. Fue cómo volver al pasado, cuándo en los vuelos te daban todo tipo de atenciones. comida, bebida... Recomendaremos viajar con esta compañía y seguro que repetiremos. Gracias y no cambiéis!"
IBB_0200,Binter,España,Las Palmas de Gran Canaria,Tenerife,Domestic,mayo de 2024,1,"Decidimos adelantar un vuelo de las 17:00 a las 16:00, 4 personas y pagar un suplemento para salir una hora antes. Cuando llegamos a la puerta de embarque el vuelo estaba retrasado. Al final salimos a las 17:08 al llamar a atención al cliente y reclamarle la devolución por un cambio que no se ha realizado, porque salimos incluso más tarde, la compañía dice que el nosotros decidimos cambiarlo y si sufre un retraso son cosas que pasan y que por lo tanto no nos devuelven el suplemento. Así de transparente y horados son.¡¡Cuidado!!"
IBB_0201,Binter,Desconocido,Lanzarote,Las Palmas de Gran Canaria,Domestic,mayo de 2024,1,"Antes de ayer fui a la feria de viaje en Mesa y López. Una trabajadora morena recuero le vi un lunar en la cara, al pedirle una chocolatina, luego de que mi hijo hiciera un avión de manualidades, me dijo que NO. Que eso solo era para quien participaba en el sorteo tirando pelotas. En cambio todos los niños tenían ambrosía menos mi hijo, me habló de mala manera. Y me dejo delante a todos con la palabra en la boca. No es forma de tratar y esa empleada les da muy mala imagen. Ella sabe perfectamente quien soy. Se lo pedí por favor y me dijo que no aún teniendo ya la chocolatina en mi mano, me disculpe y la dejé en la cesta que tenían sobre el mostrador. Personal más competente es lo que hace falta. No una empleada sin educación, sin estudios suficientes para estar a la altura de lo que es atender al público de forma respetuosa y educada. El chico que nos atendió haciendo el avión muy simpático con mi hijo en cambio está señora ha dañado la experiencia dejando a mi hijo sin chocolatina y dejando mal mi imagen delante de una cola de gente. Yo la pedí al salir cuando me iba y había gente esperando para el sorteo. Pues bien todas esas personas vieron el gesto de esta chica maleducada. Una pena una empleada así una experiencia tan bonita te la rompe. Suerte y que les vaya bien"
IBB_0202,Binter,Desconocido,Las Palmas de Gran Canaria,Tenerife,Domestic,mayo de 2024,2,"En el vuelo del Viernes 17 de Mayo a las 12:45 desde Gran Canaria con destino Tenerife sur , las dos azafatas de vuelo nos atendieron mal a un grupo de 7 chicas. Con una respuesta entre ellas diciendo “ lo que me faltaba” por pedir que nos dejase repartir unas chocolatinas nuestras por una despedida. Lamentable !!!!!"
IBB_0203,Binter,Desconocido,Tenerife,Vigo,Domestic,mayo de 2024,4,"Maravillado es poco para hablar de la experiencia de volar con Binter Canarias. Desde los asientos (espacio extra), trato y educación de la tripulación y personal en tierra, el desayuno y cena (mi regreso fue también con ellos) y todo esto bajo la tarifa básica. La verdad que orgullo para Canarias tener esta aerolínea como bandera, nada que compararse con las demás aerolíneas. Amén que este tan maravilloso servicio no decaiga."
IBB_0204,Binter,Desconocido,Fuerteventura,Las Palmas de Gran Canaria,Domestic,mayo de 2024,1,"He viajado siempre con binter y la verdad que nunca he tenido problemas, al contrario, pero hoy de regreso a casa me tocó la chica con menos educación que me ha atendido nunca, al llegar a facturar ni saludó, cuando nosotros si la saludamos, y al darnos los billetes nos los puso en el mostrador y ni dio las gracias, la habían venido a ver unos familiares y estaba mas atenta a ellos que al cliente, no pongo ninguna estrella para que aprenda a ser educada con el cliente que es lo mas importante, la puerta de embarque era de la 36 a la 38 y fue a la 13:30, a ver si ve el comentario y le da vergüenza, soy cliente habitual y es una pena que por alguien que no tiene valores pierdan clientes asi"
IBB_0205,Binter,Desconocido,Tenerife,Las Palmas de Gran Canaria,Domestic,mayo de 2024,5,He tenido una atención estupenda por parte de las azafatas que enterandose estaba operada fueron muy cariñosas y en 2 lugar me sonstituyeron l equipaje dañado en 1 semana muy muy rápidos servicio excelente bajo todos los aspectos
IBB_0206,Binter,"Madrid, España",Madrid,Tenerife,Domestic,abril de 2024,5,"La verdad es que el avión es muy cómodo, me ha sorprendido el espacio que tenía para las piernas. Además se nota que el avión era nuevo y era poco ruidoso. Encima nos pusieron una merienda...ya no recordaba los años que no ponía ninguna aerolínea algo gratis en un vuelo doméstico. Y además puntuales"
IBB_0207,Binter,Desconocido,Madrid,Valverde,Domestic,abril de 2024,5,"Puntual, tripulacion serviciales y súper amables, ofrecen comida y bebida gratis en el vuelo. Primera vez que volaba os desde la península, no entre islas claro, y muy buena experiencia. Aviones muy nuevos."
IBB_0208,Binter,"Madrid, España",Madrid,Tenerife,Domestic,abril de 2024,5,"Hemos volado con Binter mi familia y yo desde Madrid a Tenerife Norte y ha sido todo una sorpresa de 10. Servicio de 10, con desayuno de cortesía y atención inmejorable. Recomendamos esta compañía y volveremos a volar con ellos siempre que podamos."
IBB_0209,Binter,Desconocido,Valladolid,Las Palmas de Gran Canaria,Domestic,abril de 2024,5,"BINTER UN 10. Y lo digo, además, con orgullo canario. Puntualísima tanto la ida como la vuelta, proporcionan una comida estupenda en todos los trayectos y el personal muy amable. La mejor compañía."
IBB_0210,Binter,Desconocido,Madrid,Las Palmas de Gran Canaria,Domestic,abril de 2024,5,"Me gustaría resumirlo en pocas palabras, soy canario y puedo decir que BINTER si pudiera se llevaba no las cinco estrellas sino la estrella Michelin. Perdí mi vuelo fue mi culpa, pero me topé con dos chicas y un chico en el mostrador de Binter donde les dije lo que me pasó y sobre la marcha empezaron ayudarme. Ya habiendo llegado a las 4:50 y salía a las 5 me dijeron que era imposible, iba con mi Mujer y mi hija de 4 años. Buscaron una solución y la verdad que no me lo esperaba y me pasaron al siguiente vuelo , como excepción. Esto una compañía cualquiera no lo hace. Estaré eternamente agradecido con estos 3 trabajadores que se merecen su puesto y sobretodo a el chico, que nos ayudó en todo momento y nos solucionó el problema. Muchísimas gracias ."
IBB_0211,Binter,Desconocido,La Coruna,Las Palmas de Gran Canaria,Domestic,abril de 2024,5,"10 de 10! BINTER OS DESEO LO MEJOR, VAIS VOLAR MUY ALTO, NUNCA MEJOR DICHO....LLEGARÉIS LEJOS, COMO VUESTRA COMPAÑIA NINGUNA, SOIS LOS MEJORES! GRACIAS POR VUESTRO TRATO, POR EL DESAYUNO A BORDO Y GRATIS, NOS TRATASTEIS SÚPER BIEN, VAYA TRIPULACIÓN....Y GRACIAS A LA AZAFATA POR SER LA MEJOR Y POR LOS DETALLES QUE TUVO CON MI FAMILIA 💚 BINTER....THE BEST 💚"
IBB_0212,Binter,Desconocido,Tenerife,Madrid,Domestic,abril de 2024,5,"La mejor compañía aérea en España, barata y con una tripulación amabilísima, y además, te dan comida a bordo, los aviones son bastante buenos,viajé en ATR 72-600 y Embraer 195. UN 10."
IBB_0213,Binter,"Arrecife, España",Lanzarote,Las Palmas de Gran Canaria,Domestic,abril de 2024,1,Binter menuda mierda de servicio que das ojalá se termine este monopolio que tienes en tus 35 años. El vuelo retrasado no dan explicaciones y yo a pagar más en destino por llegar tarde y ustedes no os hacéis responsable Fijo lo mismo vuelos retrasados
IBB_0214,Binter,Desconocido,Pamplona,Las Palmas de Gran Canaria,Domestic,abril de 2024,5,Primero enhorabuena por esos 35 años volando .Para mí siempre es una experiencia gustosa.Me hacen el viaje agradable ameno con un servicio inmejorable . Como siempre un diez es como si fuera un vuelo 5 estrellas con todo incluido .Un sobresaliente .y Gracias por estar Binter
IBB_0215,Binter,"Tenerife, España",Tenerife,Fuerteventura,Domestic,marzo de 2024,3,"Volé a Fuerteventura desde TFS haciendo conexión en LPS, siempre he elogiado el servicio que ofrece esta compañía y entiendo que he volado en fechas complicadas (plena Semana Santa) porque entre las inclemencias del tiempo y el tráfico aéreo me he encontrado con retrasos tanto a la ida como a la vuelta, sin embargo, en esta ocasión me ha llamado la atención los malos modos del personal de tierra en el aeropuerto de LPS, tanto en mi conexión en el vuelo de ida, como en el de vuelta, fueron bastante desagradables. Deseo seguir confiando en la compañía y que siga siendo mi compañía nacional favorita, pero creo qué, precisamente en LPS, donde se encuentra la base, deberían mejorar el trato del personal de tierra. Las azafatas de vuelo, encantadoras."
IBB_0216,Binter,Desconocido,Madrid,Lanzarote,Domestic,marzo de 2024,5,"Nunca había volado con Binter y me ha encantado ,sale a la hora coordinada de vuelo y buscan rápido soluciones a los problemas que puedan ocurrir en el momento y de las aeromozas ni hablar son un amor de personas ,fueron muy amables con mi niña.y conmigo en todo momento .Muchas felicidades lo recomendaría al 100"
IBB_0217,Binter,Desconocido,Las Palmas de Gran Canaria,Tenerife,Domestic,marzo de 2024,1,"Llevamos una hora de retraso para volar de las palmas a Tenerife. Nos empiezan a embarcar, nos meten en una guagua, nos tienen 25 minutos como sardinas, entonces nos dicen que salgamos y entremos otra vez en la terminal, que no esta el avión listo. Y no se sabe nada más. Hasta nuevo aviso. Increíble."
IBB_0218,Binter,Desconocido,Tenerife,Valladolid,Domestic,febrero de 2024,2,"Binter es una empresa que hasta este febrero nos tenía muy contentos, pero tanto en el vuelo de febrero a Valladolid como en de marzo, en la escala de Gran Canaria, cambian de avión programado y alteran las plazas asignadas, a pesar de haber pagado una tarifa superior para poder escoger el asiento. En marzo fue aún peor porque nos dijeron asientos libres, imagínense el panorama con hasta empujones por subirse al avión para ocupar las primeras filas por gente que tenia las últimas. Tras dos reclamaciones a Binter, me han contestado que sienten las molestias, y hacen caso omiso a la solicitud de devolución de la tarifa plus. Por este motivo y a pesar de ser una compañía en la que la tripulación te tratan genial, como empresa falla y me siento estafado tras pagar una tarifa superior y ver como no cumplen lo adquirido ni te devuelven el dinero."
IBB_0219,Binter,Desconocido,Tenerife,Madrid,Domestic,marzo de 2024,5,"Sé que voy a sonar como un homer, pero no he tenido este nivel de servicio de una aerolínea desde que trabajé para las aerolíneas en los años 90. fue excepcional y no hay suficientes cosas buenas que decir. La mejor aerolínea entre MAD y TFN para personas altas. Mido 6 pies 6 310 libras (sobre todo alto no demasiado en el lado ancho. ) Me acomodé tanto en el avión y no necesitaba un extensor de cinturón de seguridad. Me senté en la fila 20 a popa del ala así que no un asiento extra espacio para las piernas. El agente de facturación en el mostrador principal de boletos fue magnífico. Tuve un pequeño hipo revisando mis palos de golf. Ella quería cobrarme 40 por ello. Le dije a su agente de Binter que me llamó y renunció al pago. En lugar de discutir como la mayoría de los agentes aquí en los EE.UU. hizo una llamada telefónica a su supervisor, que supongo que hizo otra llamada telefónica, pero alrededor de 3 - 4 minutos más tarde se volvió a la tarifa fue exonerado. para que conste que iba a pagar la tarifa. No soy de los que hacen una escena y la agente estaba haciendo su trabajo. Pero con la información que le di se tomó el tiempo para hacerlo bien. No es algo que se ve todos los días donde vivo. El vuelo fue suave, siempre que volamos desde Madrid o Barcelona es el 99% de las veces un vuelo suave no hay muchos baches. la tripulación de vuelo fue muy agradable. aunque las azafatas se ahogaron un poco cuando mi esposa les dio una bolsa de caramelo. Cuando volamos, compramos una bolsa de caramelo (buc - ees taffy para aquellos en Texas que lean esto) por cada vuelo que tenemos para que podamos dárselos a la azafata que nos regala en la puerta para compartir con la tripulación. Solo una cosita que decir gracias y agradecemos el trabajo que haces. Mientras Binter keesp vuele entre Madrid y Los Rodeos puedes garantizar que mi mujer y yo estaremos en ellos cada año cuando hagamos nuestro viaje anual a Tenerife. Ahora si Binter pudiera compartir código o algo así con Delta para que pueda ganar millas por ellos. LOL"
IBB_0220,Binter,Desconocido,Las Palmas de Gran Canaria,Tenerife,Domestic,febrero de 2024,4,"He viajado gran cantidad de veces con esta compañía , en cuanto a puntualidad y servicio le daría la mayor nota , pese a haber en algún momento algún retraso o desvío , siempre te lo intentan detallar de la mejor manera posible , buen trato al pasajero y buen servicio a bordo... Sin duda seguiré viajando con Binter."
IBB_0221,Binter,Desconocido,Tenerife,Madrid,Domestic,enero de 2024,1,Olía a vómito los asientos. No lo recomendaría a ningún de mis contactos cercanos ya que no es factible un vuelo así a esta altura en el Aeropuerto de Barajas.
IBB_0222,Binter,Desconocido,Tenerife,Madrid,Domestic,enero de 2024,5,"Me ha parecido un experiencia genial, muy cómodo el avión, el personal de 10 ñ. Puntualidad y comodidad. El detalle de la cena me ha sorprendido, la temperatura ambiente y la azafatas muy amables"
IBB_0223,Binter,"Fuerteventura, España",Jerez De La Frontera,Las Palmas de Gran Canaria,Domestic,febrero de 2024,1,"Estoy acostumbrado a varias aerolíneas en el mundo, pero sobre todo a las alemanas. Como ahora me encantan las islas canarias, este fue mi primer viaje en Binter. Fuerteventura, Gran Canaria, Jerez y la misma espalda. Me sorprendió el servicio y lo amables que eran el monedero y su tripulación. La comida gratis también me sorprendió. Sólo hay una cosa que me preocupa. La tripulación no puede recibir propina. Todo el mundo sabe que el salario en Canarias es muy bajo. Así que suelo dar muchas propinas a esas personas si son amigables. Y hoy fueron simplemente increíbles. Así que Binter, si quieres que arregle esta revisión, piensa en permitir que tu tripulación reciba propina sin disminuir sus salarios e inmediatamente arreglaré mi revisión a una revisión completa de cinco estrellas. Las propinas son de sentido común para otras aerolíneas. Al menos por mi experiencia. Otros deberían hacer sus reseñas como yo. Al menos eso espero. Gracias por leer mis ideas. Por lo demás, cliente muy contento."
IBB_0224,Binter,Desconocido,Tenerife,Madrid,Domestic,febrero de 2024,5,"Es una aerolínea con precios muy competitivos y al menos en mi experiencia muy puntual. Además en cada vuelo te dan de comer y beber, incluso en los vuelos cortos entre islas te dan un tentempié. La tripulación muy amable. Sin duda una buena elección."
IBB_0225,Binter,Desconocido,Las Palmas de Gran Canaria,Madrid,Domestic,febrero de 2024,5,"Fantástico,la tripulación es amable, te dan comida Gratis, café, el asiento es amplio. Puedes llevar la maleta de mano sin problema."
IBB_0226,Binter,Desconocido,Jerez De La Frontera,Tenerife,Domestic,febrero de 2024,5,"Cuando ninguna Compañia te da nada, esta te ofrece una cajita de snack muy completa. Los aviones muy pulcros y las azafatas agradables y serviciales en todo momento, no como las estiradas de Iberia. Por poner algo en el otro platillo, los retrasos en salidas y llegadas. Pero eso puede deberse al tráfico aéreo, no es culpa suya. Muy recomendable."
IBB_0227,Binter,"Las Palmas de Gran Canaria, España",Lanzarote,Las Palmas de Gran Canaria,Domestic,febrero de 2024,1,"Está compañía siempre sale con retraso. Suelo volar por trabajo, hoy 15 de febrero por la mañana salíamos de Gran Canaria a las 7:30 y al final despegamos a las 8:30. A nuestro regreso de Lanzarote saliamos a las 17:45 y son las 19:00 pm de la tarde y aún no hemos embarcado. Es una auténtica vergüenza lo de esta gente encima después siempre con el mensaje ""Disculpen las molestias por el retraso debido a causas operativas"""
IBB_0228,Binter,"Santa Cruz de Tenerife, España",Tenerife,Palma de Mallorca,Domestic,febrero de 2024,5,"Magnífica atención del personal de vuelo. Muy bien el aperitivo ofrecido. Muy buena calidad . Las azafatas están para atenderte, no son figuras decorativas."
IBB_0229,Binter,"Jaipur, India",Santa Cruz de la Palma,Las Palmas de Gran Canaria,Domestic,febrero de 2024,1,"Muy mala experiencia. Soy una fiel cliente de Binter desde más de 10 años. Suelo viajar entre islas tanto por motivos laborales como familiares (mi marido es canario) . Pensé que Binter respectaba esa fidelidad porque me permite canjear puntos en su programa de fidelización y tener vuelos gratis. Pero cuando eliges un vuelo por puntos aparece una ventana en la web avisando que solo se puede cambiar con 24 horas de antelación. Y te obligan a acceptarlo. El fallo (¡o la trampa ! )es que despues esta información no aparece en ninguna parte : ni en la pantalla de tu área personal donde esta tu reservación , y tampoco en el e-mail de confirmación. En ambos sitios aparece textualmente ""cambios de fecha y hora : 5 euros"" sin nada mas. Ayer he tenido que cambiar mi vuelo porque hubo un fallecimiento en la familia de mi esposo. Averigüé las condiciones en el e-mail recibido y pensé que no habia problema , tengo el tiempo de esperar que las cosas se organizan para cambiar el pasaje. ¡ Qué va ! intenté cambiarlo el dia anterior pero no ha sido posible. Y la operadora telefònica me recordó que yo estaba avisada : esa información apareciò en la web cuando hice la compra y que la había aceptado. ¡ Por la tanto la política de Binter es de poner la información verdadera y completa tres segundo en una pantalla (donde se supone que los clientes tienen que haberla memorizada ) , y no en el email de confirmacion o en la aera personal ! Eso es una falta de transparencia total . Me decepciona mucho por parte de Binter..."
IBB_0230,Binter,"Tenerife, España",Tenerife,Fuerteventura,Domestic,enero de 2024,5,"Puntualidad, aviones limpios, buen trato del personal de Binter en tierra y cabina. Ofrecen bebida (agua y agua con gas) y alguna consumición dependiendo del horario del vuelo."
IBB_0231,Binter,Desconocido,Las Palmas de Gran Canaria,Jerez De La Frontera,Domestic,enero de 2024,5,"La compañía que mejor trata a los pasajeros, nos ofrecen soluciones siempre que está en su mano, a cualquier imprevisto, con toda la amabilidad que les caracteriza. Llevo 10 años como cliente, son los mejores Gracias."
IBB_0232,Binter,Desconocido,Tenerife,Santander,Domestic,enero de 2024,5,"Hace tiempo que no disfrutaba de un vuelo tanto. Sin interrupciones con propósitos de venta. Servicio impecable de su tripulación, cómo en los viejos tiempos, personal atendiendo demandas y preguntas de los pasajeros, sirviendo un pequeño snack vayas donde vayas muy de agradecer con productos de alta calidad, mañana zumo naranja y plátano exquisito!!! Con empaquetamiento reciclable!!! La actitud de los pasajeros es diferente, cuando encuentras una atención así!! Felicidades, volveré a volar seguro con ustedes, y ánimo a otras compañías que se han vuelto rastreras con las comisiones de ventas y molestas con ese servicio a que cojan ejemplo!!! Saludos y gracias por el buen servicio!!"
IBB_0233,Binter,Desconocido,Tenerife,Las Palmas de Gran Canaria,Domestic,enero de 2024,2,"Los vuelos, desde hace unos meses, se retrasan habitualmente. Han pasado de ser una compañía con garantía de puntualidad a incertidumbre, al menos en lo que se refiere a vuelos interinsulares."
IBB_0234,Binter,Desconocido,Las Palmas de Gran Canaria,Tenerife,Domestic,enero de 2024,1,"Después de esperar 45 frente a la puerta de embarque mostrada para nuestro vuelo (mientras la pantalla todavía mostraba ""ir a la puerta"" ) decidimos ir al mostrador de información para preguntar si hay alguna información sobre este vuelo que parecía retrasado. El representante de Binter nos dijo que el vuelo ya no existe, no está operativo (mientras que la pantalla justo encima de su escritorio todavía mostraba ""ir a la puerta de embarque"") y nos preguntó si queríamos reprogramar (como si... ¿Qué otra cosa nos gustaría hacer? ¡Quédate en Gran Canaria para siempre! ¡Ninguno se disculpa por las molestias! Pedimos reprogramar para el próximo vuelo solo para escuchar que este vuelo está lleno porque todos los demás en nuestro vuelo también querían reprogramar! (de nuevo, ¿qué demonios pensó que le gustaría hacer a la gente? ? ). Luego nos dieron uno de los vuelos a última hora de la noche, ya que parecía ser el único con más asientos disponibles y ni siquiera uno se disculpa! Pregunté si había al menos una farmacia en el aeropuerto porque mi esposo necesitaba su medicación (que no podía esperar hasta la noche cuando sería nuestro nuevo vuelo) y la respuesta fue solo un ""No"" contundente, pregunté si había un médico que pudiéramos ver, de nuevo solo un ""No"". La coronación de este comportamiento fue cuando una señora de habla hispana (probablemente local) le pidió, justo a mi lado, que reprogramara su asiento en el próximo vuelo directamente! Luego fuimos a la puerta de embarque del siguiente vuelo y esperamos hasta que el embarque terminó y de hecho había 3 asientos más libres, pero como ya estábamos reservados en el vuelo de la tarde... Cedieron los asientos a otras personas que optaron por no volver a reservar sino probar suerte esperando en la puerta. Todo el comportamiento estaba mal en tantos niveles... Ni siquiera sé qué aspecto era peor."
IBB_0235,Binter,Desconocido,Ilha do Sal,Las Palmas de Gran Canaria,International,enero de 2024,1,"Horrible experiencia. Cancelaron el vuelo con muy poca información. No nos reubicaron en hotel porque supuestamente no había sitio para todos. Llevamos 11 horas en el aeropuerto, sin información de parte de nadie. Hemos perdido nuestro vuelo de conexión, teniendo que comprar otro y llegando un día de Reyes a las 12 de la noche (esperemos). Lo peor en compañía aérea."
IBB_0236,Binter,Desconocido,Santander,Las Palmas de Gran Canaria,Domestic,diciembre de 2023,5,"Excelente servicio tanto en tierra como en el avión, recomiendo viajar con Binter. La tripulación fue amabilísima y resolutiva."
IBB_0237,Binter,Desconocido,Valverde,Tenerife,Domestic,diciembre de 2023,5,"He puesto solo uno de los vuelos, pero tengo que decir que me movi entre La Palma, Gomera, Hierro y Madeira con esta Compañiq. Tengo que decir que despues de 5 vuelos, incluida incidencia metereologica en la Gomera que el personal de tierra gestiono de forma excelente (gestionaron traslados, ferries, combinaciones alternativas,..) tengo elementos suficientes para decir que sin duda es la mejor compañia aerea con la que he volado en los ultimos 10 años (y vuelo por medio mundo muy a menudo). Primero: da gusto una Compañia que no escatima en sonrisas y buenas formas hacia el Cliente. He encontrado una plantilla tanto en tierra como en el aire de 10. Segundo: me han demostrqdo una eficiencia en embarques que no habia encontrado hasta ahora en las tradicionales aerolineas (puntualidad y eficiciencia). Tercero: la gestion de equipaje en cabina de 10. Entrega a pie de pista sin coste ni demoras. Para mi que vivo en Madrid, es una gran noticia que vuelen a las islas desde Enero porque sin duda sera mi primera eleccion. Por favor no cambien su politica. Satisfaccion total como cliente. Sigan asi"
IBB_0238,Binter,Desconocido,Tenerife,Lanzarote,Domestic,diciembre de 2023,5,"La mejor compañia que existe. Un orgullo de ser canario con compañías como esta. Trato y amabilidad de 10 , no te ponen ninguna pega al cambiar hora de vuelo (en nuestro caso la adelantamos), la facturación y recogida de maletas es efectiva y rapidísima (ya podrían coger ejemplo otras compañías) y encima te dan hasta chocolate, caramelos, agua (en un vuelo de 50 min) no se puede pedir más. Hasta el niño se ha quedado encantado volando en Binter."
IBB_0239,Binter,Desconocido,Las Palmas de Gran Canaria,Vigo,Domestic,diciembre de 2023,5,Una compañía increible! Te ofrece desayuno y cena gratis dependiendo de la hora de tu vuelo. Las azafatas super amables. Vuelos baratos. Para repetir!
IBB_0240,Binter,Desconocido,Tenerife,Las Palmas de Gran Canaria,Domestic,noviembre de 2023,1,"Binter aparte una compañía cara,acumula muchos retrasos un fin de semana y otro también.ahora mismo llevo retraso una hora es lamentable, como trata la compañía al pasajero isleño de la casa el que se mueve entre las islas luego no hace nada mas que crecer y en las islas estamos cada vez más desatendidos."
IBB_0241,Binter,Desconocido,Valverde,Bilbao,Domestic,noviembre de 2023,2,"El vuelo muy bien, la atencion durante el vuelo genial. Pero en el ultimo momento a la hora de entregar las maletas, habian perdido la de casi todos los pasajeros. Despues de estar en tenerife 45 minutos esperando a que salgan maletas y apunto de perder nuestro proximo vuelo, no nos dan ni una hoja de incidencia. La reclamacion de equipajes ha sido complicada por no tener esa hoja, pero la atencion siempre ha sido buena y sin ningun tipo de quejas en ese departamento, haciendo lo que podían por ayudarnos. Pero al dirigirnos a atencion al cliente para reclamar los 65 euros por tener que facturar un maleta que nos habian perdido la chica bastante borde me dice que solo han pasado unos dias y que tienen muchas y puedo esperar hasta un mes. Cuando realmente en una escala rara vez tienes que coger tu maleta e ir a volver a facturarla porque entre Binter y Air europa en este caso no tengan acuerdo y encima de eso tener que pagar por algo inexistente. Cuando llegamos 4 dias despues a por la maleta y sin que te pagen nada porque estas en tu casa, me vuelven a decir que por no tener la famosa hoja de incidencias no sabian de quien era y llevaba alli 3 dias."
IBB_0242,Binter,"Las Palmas de Gran Canaria, España",Las Palmas de Gran Canaria,Lanzarote,Domestic,noviembre de 2023,1,Vuelo a menudo por trabajo y siempre hay retrasos en sus vuelos. No hay ni un solo día que vaya puntual. Si no pueden dar un buen servicio ya en las islas y encima abren rutas mal vamos
IBB_0243,Binter,"Santa Cruz de Tenerife, España",Las Palmas de Gran Canaria,Valladolid,Domestic,septiembre de 2023,1,"En el vuelo Tenerife Gran canaria no hubo retraso significativo. Desde gran canaria a Valladolid, superamos las cuatro horas. Mucha petición de disculpas pero la casa principal no se supo. A la vuelta nos temíamos lo peor. De Valladolid a Gran Canaria una hora de retraso, que se compensó con las dos que teníamos que esperar para volver a tenerife. Resumiendo: Retrasos y más retrasos que hacen de los viajes algo insoportable. No dan ganas de viajar con nadie. Al facturar en Valladolid, una azafata que no reunía los más mínimos requisitos de simpatía, me plantó la mosca porque mi maleta pesaba 24 kg. ""solo se permiten 23 kg, caballero, hay que cumplir las normas"". Asentí con la cabeza, pero pensaba que si de normas se trata, su compañía es la primera que no cumple con lo pactada en los contratos de vuelo que adquirimos. Ellos sí que tienen un incumplimiento contractual. Como sigan así, igual que están subiendo... igual bajan y ya no remontan."
IBB_0244,Binter,Desconocido,Las Palmas de Gran Canaria,Fuerteventura,Domestic,noviembre de 2023,1,"Yo vuelo cada 15 días y no hay ni una sola vez que no se retrase,he tenido retrasos de hasta 5 horas, no es normal"
IBB_0245,Binter,"Las Palmas de Gran Canaria, España",Las Palmas de Gran Canaria,Tenerife,Domestic,noviembre de 2023,2,"Hace años era una buena compañía, han ido poniendo más vuelos a distintos sitios y se han echado en la boca más de lo que pueden masticar. Ya es costumbre los retrasos y cada vez de más tiempo, los canarios dependemos de ellos para volar entre islas y se aprovechan de eso. Muy mal."
IBB_0246,Binter,España,Las Palmas de Gran Canaria,Marrakech,International,noviembre de 2023,1,"Viajamos toda la familia por el 50 aniversario de boda de nuestros padres, pues desde la salida del vuelo Binter se empeñó en arruinarnos el viaje. Nada recomendable, para lo qué te cobran por el vuelo han dado un servicio pésimo, ha sido un sufrimiento este viaje con Binter"
IBB_0247,Binter,Desconocido,Tenerife,Lanzarote,Domestic,octubre de 2023,1,"Siempre he viajado entre islas con Binter, hasta hoy, tenía un vuelo a las 8:10, siendo las 7:40 y no me dejan embarcar simplemente porque dicen que el cheking se hace 24 horas antes, es muy injusto, quedaba media hora aún, tenía que estar allá si o si a las 9:30 y no me solucionaron nada, prefirieron cambiarme el vuelo a las 10 aún explicándole la situación, e incluso la misma chica de la recepción nos dijo que el avión iba prácticamente vacío, es más, entré con el billete cambiado de hora y dentro del aeropuerto podía ver cómo aún no había despegado..."
IBB_0248,Binter,"Las Palmas de Gran Canaria, España",Florence,Las Palmas de Gran Canaria,International,octubre de 2023,5,"Sin duda, Binter tiene un servicio y atención impecable. Es puntual y, de haber alguna pequeña demora, mantiene informado al usuario. Los aviones son cómodos y limpios. La comida y bebida a bordo son magníficas; todo un detalle teniendo en cuenta que muchas compañías no te ofrecen ni agua. Los pilotos mantienen informados al pasaje durante el trayecto y las azafatas trabajan muy bien y son extremadamente amables. No solo recomiendo la aerolínea sino que viajaré con ella, como he hecho varias veces este año, todas las veces que pueda. Les felicito y espero que esta calidad y atención al usuario se mantega en el futuro."
IBB_0249,Binter,Desconocido,Palma de Mallorca,Las Palmas de Gran Canaria,Domestic,octubre de 2023,1,Cojo este vuelo a Gran Canaria con mucha frecuencia y casi siempre se retrasa en el orden de 2 o más. En estos casos la atención es nula y si te retrasas más de 3 horas y te corresponde la indemnización no te lo ponen nada fácil. Tienes que recurrir a AESA por qué Binter se desentiende de ti en estos casos. Hablo por experiencia propia. Es muy feo teniendo en cuenta lo que facturan por nuestros pasajes y las subvenciones que recibe del estado para los que somos residentes. Binter tiene vuelo directo pero recomiendo hacer escala con otras compañías por qué llegas antes.
IBB_0250,Binter,Desconocido,Las Palmas de Gran Canaria,Valladolid,Domestic,mayo de 2023,4,"Me gusta muchísimo binter,es mi compañía favorita desde que la conozco,siempre que puedo o las condiciones se Dan vuelo con ellos,condiciones como por ejemplo muchas horas de vuelo,no haya transbordos o los precios sean buenos (que el 85% los son respecto a otras aerolíneas) La maleta es de 8kg yo no me fije en su día y lleve una de 10kg,la llevé hasta la puerta del avión y ellos me la llevaron en bodega sin cargo adicional y al bajar del avión me la dieron igual, en la puerta, aunque igual fue un caso excepcional siendo un vuelo de entre islas. Te comidas en sus horarios o una chocolatina. La primera vez que me dieron desayuno no me lo podía creer!cuidan del pasajero con ese tipo de detalles,se agradece que a las 8 de la mañana te den desayuno y no tengas que pagar 10 euros por una galleta y un café en el avión. Y ahora que han puesto vuelos a Madrid iré siempre con ellos,ya que voy barias veces al año desde Gran canaria a Madrid/Asturias o Valladolid."
IBB_0251,Binter,Desconocido,Tenerife,Vigo,Domestic,octubre de 2023,5,"Sólo tengo una palabra para calificar el servicio de esta aerolínea: INMEJORABLE Puntualidad y buen trato, aperitivo gourmet, espacio para las piernas y doble fuselaje... Qué más se puede pedir?"
IBB_0252,Binter,Desconocido,Valverde,Tenerife,Domestic,octubre de 2023,1,"Mejor no facturar equipaje,lo único que contestan es ""tiene que esperar"", no toman ningún tipo de responsabilidad por retrasos ni por pérdidas"
IBB_0253,Binter,"Islas Canarias, España",Tenerife,Fuerteventura,Domestic,octubre de 2023,1,Fatal.no les importa nada romper las maletas.Podeis ver como recogí la maleta.vi la de otra chica que vino en el mismo vuelo reventada ella quedó haciendo lacreclamacion.lamentable a mi me esperaban fuera y estaba con bastante prisa pero es lamentable.son unos incompetentes
IBB_0254,Binter,Desconocido,Las Palmas de Gran Canaria,Lanzarote,Domestic,octubre de 2023,5,"Buena compañía para viajar, las azafatas fueron amables tanto en la ida como en la vuelta durante el vuelo repartieron chocolatinas y agua. Buen servicio, volvería a viajar con Binter y recomiendo viajar con esta compañía"
IBB_0255,Binter,"Vélez-Málaga, España",Jerez De La Frontera,Tenerife,Domestic,octubre de 2023,5,"Recomiendo Binter, por su buen servicio, atención tripulación y el avión con buen espacio entre asientos, y el aperitivo cortesía chapoo.."
IBB_0256,Binter,Desconocido,Palma de Mallorca,Las Palmas de Gran Canaria,Domestic,octubre de 2023,4,"10/10. Cogí mi vuelo de vuelta a casa con Binter y la experiencia mejor que cualquier otra compañía. Las azafatas súper amables y atentas y el detalle de la comida ( a pesar de ser un vuelo corto fue genial, repetiré sin duda"
IBB_0257,Binter,"Las Palmas de Gran Canaria, España",Las Palmas de Gran Canaria,Santander,Domestic,septiembre de 2023,5,"Primera vez que viajamos con Binter, nos ha sorprendido gratamente,he viajado con otras compañías y la verdad ni un triste vaso de agua, en Binter de gran canaria a Santander desayuno y a la vuelta aperitivo gourmet,asientos para dos muy espaciosos y las azafatas en todo momento super atentas,volveremos a viajar con Binter todo un acierto"
IBB_0258,Binter,"Santa Cruz de Tenerife, España",Tenerife,Valladolid,Domestic,febrero de 2023,4,"Excelente servicio. A la vuelta de Valladolid, nevó intensamente en el aeropuerto y por consiguiente, llegamos tarde a Gran Canaria. Nos reubicaron sobre la marcha en un vuelo hacia Tenerife, y llegamos conjuntamente con nuestras maletas. Volveremos, sin duda. Un detallazo el que sirvan comida a bordo, como antiguamente. Nuestra más sincera enhorabuena por su servicio."
IBB_0259,Binter,Desconocido,Lanzarote,Tenerife,Domestic,septiembre de 2023,1,"Muy mala higiene. Cuando me he ido a sentar estaban los asientos llenos de residuos de frutos secos. Aparte de eso, soy alérgica a ellos y he tenido que limpiar yo esta suciedad arriesgando así mi salud. Mejoren ese servicio de limpieza. Gracias."
IBB_0260,Binter,Desconocido,Lanzarote,Las Palmas de Gran Canaria,Domestic,septiembre de 2023,5,"Puntualidad, eficiencia, personal amable y además te regalan dulce y agua gratis, así da gusto viajar."
IBB_0261,Binter,Desconocido,Fuerteventura,Las Palmas de Gran Canaria,Domestic,septiembre de 2023,1,"Viaje con mi mascota de 4kg en su transportin, ella iba encima mia y como era la primera vez que se montaba le daba miedo,bueno no la podía sacar del transportin (no entiendo porque, porque estoy pagando su billete), y tampoco podía acariciarla con mi mano poniéndola en el transportin porque no me dejaron y no me dieron motivo. Fuera de eso las dos veces que volé con ellos fue nefasto no solo por lo de mi mascota, sino porque los dos aterrizajes fueron los peores de mi vida, y me he montado muchas veces en otras aerolíneas y no han eternizado así ninguna, mi experiencia ha sido fatal, siempre que pueda voy a evitar coger esta compañía porque la verdad que fatal todo d verdad."
IBB_0262,Binter,Desconocido,Las Palmas de Gran Canaria,Tenerife,Domestic,septiembre de 2023,5,"Sin ningún problema nunca, suelo viajar todas las semanas con binter, hoy he tenido una confusión con la hora de salida de mi vuelo y en todo momento las azafatas de facturación como de embarque muy agradables y resolutivas, muchas gracias!!!"
IBB_0263,Binter,"Ginebra, Suiza",Las Palmas de Gran Canaria,Lanzarote,Domestic,septiembre de 2023,5,"Personal maravilloso, puntual, barato y eficiente. por no hablar de la facturación de maletas grandes y cochecito y asiento de coche. molestias sin complicaciones hasta el último minuto! equipo bien hecho!"
IBB_0264,Binter,"Santa Cruz de Tenerife, España",Tenerife,Santander,Domestic,agosto de 2023,5,"Los y las Canarias estamos acostumbrados a utilizar Binter o por lo menos yo, es mi compañía de confianza. Nunca he tenido ningún tipo de problema y cuando ha habido alguna cosita me lo han solucionado al momento, así que de momento es un 10. Este año por primera vez en nuestras vacaciones hemos confiado en Binter, ya que podíamos utilizarlo para nuestro destino ( Santander). La compañía geniam como siempre, ñero me sorprendió mucho la calidad y cantidad de comida porque es muy poquito tiempo ( 2 horas). Por otras circunstancias este año hemos tenido que viajar y lo hemos hecho en compañías mucho mas grande y no de bajo costo y con vuelo cuya duración ha sido de 4 horas y media y no han dado ni agua. Solo apuntar que para las azafatas, aunque me imagino que ellas están acostumbradas, es un “ corre corre” porque el viaje es muy corito, eso si ellas en todo el viaje tanto en ida como vuelta no han podido estar más amables y pendientes del pasaje."
IBB_0265,Binter,Desconocido,Pamplona,Las Palmas de Gran Canaria,Domestic,agosto de 2023,5,"Vuelo cómodo, azafatas atentas, el aperitivo de comida a la ida y desayuno a la vuelta genial, pedimos servicio de asistencia de silla de ruedas y sin ningún problema"
IBB_0266,Binter,Desconocido,Fuerteventura,Tenerife,Domestic,agosto de 2023,5,"Viaje con mi perro de 26 kilos de raza PPP en Binter esta semana y ha sido la mejor experiencia que podía tener, recomiendo muchísimo volar con ellos si transportas a tu peludo."
IBB_0267,Binter,"Las Palmas de Gran Canaria, España",Las Palmas de Gran Canaria,Santander,Domestic,agosto de 2023,5,"La atención y el servicio es estupendo. Creo que es la empresa Canaria número 1 por excelencia y la mejor aerolínea Española. Es un empresa que ha vuelto a los pequeños grandes detalles. Su aperitivo Gourmet gratuito es de alucinar y sobre todo la amabilidad de su personal, siempre con una sonrisa en sus labios."
IBB_0268,Binter,"Las Palmas de Gran Canaria, España",Las Palmas de Gran Canaria,Palma de Mallorca,Domestic,agosto de 2023,5,"El vuelo Gran Canaria Mallorca fue una agradable experiencia Salimos en hora, trato amable tanto en facturación como en cabina El aperitivo de cortesía cuidado en su presentación y calidad de los productos (embutidos ibéricos) con vino incluido y café Todo muy recomendable"
IBB_0269,Binter,Desconocido,Lanzarote,Tenerife,Domestic,agosto de 2023,1,"Una pena tener en Canarias un empresa tan lamentable, penoso servicio y que, gracias a su monopolioen el sector, cobran una barbaridad a los canarios. Aviones muy antiguos que cuando despegan se les estropea el aire acondicionado y vuelves al aeropuerto de origen sin información y ninguna solución. Luego van reubicando a las personas aleatoriamente sin saber cuándo podrán volar y cumplir con sus compromisos sin ningún tipo de indemnización y a la hora del almuerzo. Lo peor de todo es que no les importaran los comentarios negativos ya que tienen el monopolio y poco les afectará."
IBB_0270,Binter,Desconocido,Valverde,Tenerife,Domestic,agosto de 2023,5,"Excelente trato, como las compañias de antes. Amabilidad, atención, y respeto por doquier. Han sabido conservar la esencia de volar. Muy agradecidos"
IBB_0271,Binter,Desconocido,Tenerife,Fuerteventura,Domestic,agosto de 2023,1,"Cogemos el vuelo con binter que ya de por si iba con retraso, nos subimos al avión y a mitad de camino de la vuelta. Si el avión está mal se da la vuelta claramente pero mínimo es que el piloto diga que se da la vuelta, no vernos en Tenerife sin explicaciones ni nada sin comer perdiendo un día de mis vacaciones y lo peor en la falta de información.Nos dicen que con la tarjeta de embarque podemos ir al bar a comer con la sopresa que no tienen nada para comer los niños minimo es tener en cuenta que dentro de los pasajero muchos son niños.Llegamos a destino cerca de las 8 de la noche muertos de hambre, cenamos y nos fuimos a dormir de la paliza de todo un día en el aeropuerto. Y binter sigue sin darnos explicaciones"
IBB_0272,Binter,Desconocido,Tenerife,Santa Cruz de la Palma,Domestic,agosto de 2023,1,Me rompieron la maleta y la compañía no se hace responsable luego viajo de regreso y aún así no me llega el equipaje el trato del personal fatal no explican nada aparte el trato del personal es poco adecuado no recomiendo viajar con esta compañía
IBB_0273,Binter,Desconocido,Las Palmas de Gran Canaria,Santa Cruz de la Palma,Domestic,julio de 2023,5,Encantada con la atención en la oficina de ventas del aeropuerto de Las Palmas. Alicia con simpatía me solucionó en un momento un problema que me surgió. Muy agradecida!
IBB_0274,Binter,"Andalucía, España",Lanzarote,Tenerife,Domestic,agosto de 2023,4,"El personal de Binter siempre muy correcto y amable. En este caso destacar el trato de la señorita Yurena de atención al cliente de la oficina del aeropuerto de Lanzarote,porque tuvo mucha paciencia y nos dio un trato excelente ,en un día de muchos retrasos de diferentes vuelos por motivos de climatología adversas. Muy agradecidos por predisposición profesional y empática."
IBB_0275,Binter,Desconocido,Tenerife,Santa Cruz de la Palma,Domestic,julio de 2023,1,"Mi hijo menor de edad con servicio acompañamiento contratado,tuvo una modificación en su vuelo siendo este adelantado sin ningún tipo de aviso a su tutor en el embarque más que la expresión""vamos para el embarque"".Para la contratación de dicho servicio debí dar específicamente los datos de ambos progenitores datos de contacto inclusive y esperar la confirmación de dicho servicio 24h,seguí los pasos que me pidieron además me explicaron que hasta que el menor no estuviera en trayecto de vuelo no podría abandonar el aeropuerto.Así fue cómo pudo darse cuenta que nuestro hijo estaba volando prestando atención a la pantalla para rápidamente avisarme a mi en calidad de madre que estába volando y llegaba con 40min de antelación sin poder hacer nada para estar en el aeropuerto para recoger al menor sin ningún tipo de aviso a ningúno de los 2 progenitores,nos encontramos a la espera de una respuesta de la guardia civil para tramitar una denuncia y queremos que recaiga la reclamación íntegramente en el mostrador de origen,ya que gracias al atendimiento del equipo en La Palma por lo que estamos valorando..."
IBB_0276,Binter,"Maribor, Eslovenia",Funchal,Porto Santo Island,Domestic,junio de 2023,2,"El vuelo se retrasó debido a circunstancias extraordinarias, como condiciones climáticas adversas, pero la compañía no me informó por SMS o correo electrónico, y la información sobre el estado del vuelo en la página de inicio de la compañía era inexacta. Esto causó costes innecesarios para el traslado al aeropuerto y de vuelta que no quieren reembolsar a pesar de todas las facturas con datos precisos de transferencia. Atención al cliente muy poco amable"
IBB_0277,Binter,Desconocido,Las Palmas de Gran Canaria,Palma de Mallorca,Domestic,junio de 2023,1,"Vuelo de Gran Canaria a palma de mallorca con salida el viernes día 2 de junio a las 14:15 y salimos el sábado día 3 a las 01:30 de la madrugada... 13 horas de retraso!!!....Nos reubicaron en un vuelo chárter de una empresa privada llamada klassjet ...ni siquiera era de Binter... Viajábamos con una niña pequeña de 4 años...angelito,le dijimos que el avión estaba roto y no podíamos subir Al poco tiempo nos mandaron un email pidiendo disculpas y que el retraso se debió a problemas operacionales..... Sinvergüenzas!!!...."
IBB_0278,Binter,"Telde, España",Tenerife,Las Palmas de Gran Canaria,Domestic,julio de 2023,1,"Teniendo tarjeta de embarque confirmada una de las trabajadoras de Binter le dice a mi hijo que espere que le asigna asiento nuevo. Embarca el resto del grupo y lo dejan en tierra solo. Tiene 13 años y el argumento de la compañía es que estaba en lista de espera el día anterior. Por que me dan tarjeta de embarque y me dice que estoy en lista de espera y tengo confirmada la vuelta al día siguiente. Esto nos lo dijo la chica del mostrador en Las Palmas cuando hicimos la solicitud. No obstante la chica de handling del aeropuerto de Tenerife sur no hizo nada por ocuparse del menor, todó lo contrario, intentamos hablar con ella por el teléfono del niño y se negó a cogerlo. Lamentable situación. Lo peor de todo es que habían bastantes sitios libres en el avión. Por favor Binter, un poco más de empatia."
IBB_0279,Binter,"Hendaya, Francia",Donostia,San Sebastian - Las Palmas de Gran Canaria,Domestic,julio de 2023,5,"Sin duda, una gran aerolínea! Servicios prestados puesto que tuvimos que cambiar la fecha de nuestro vuelo, nos solucionaron de una manera rápida y eficaz!! La atención del personal inigualable, nos ofrecieron un aperitivo gourmet y café. Excepcional!!!"
IBB_0280,Binter,"Lanzarote, España",Las Palmas de Gran Canaria,Fuerteventura,Domestic,junio de 2023,1,"Binter la compañía que tiene listas de espera clasista , aunque lleves 7 vuelos en lista de espera si llega alguien con un billete más caro que el que tu hayas obtenido , te quedas en tierra . Soy los que volais en la islas, poned más vuelos , que encima no son nada de baratos y siempre vais con retrasos , en todo los sentidos ."
IBB_0281,Binter,"Las Palmas de Gran Canaria, España",Granada,Las Palmas de Gran Canaria,Domestic,mayo de 2023,1,"Tuve una experiencia horrible con Binter en el aeropuerto de Granada. El personal en el check - en el escritorio era lo peor que había visto. No pudieron encontrar mi reserva incluso con mi número de reserva y pasaporte. Lo intentaron una vez, y después de eso, no me dieron ayuda. Llamé al número de Binter, y lo encontraron en 2 segundos. Era demasiado tarde en esa etapa. El cheque - en el escritorio también me mintió. Dijo que tenía que llamar antes del vuelo para decir que venía. Fueron groseros y no les importó que estuviera varado. El servicio al cliente de Binter era una broma. El personal de Granada acaba de mentir. El servicio de atención al cliente ni siquiera preguntó por qué no podían encontrar mi reserva. Pude encontrar el correo electrónico de la mejor persona en Binter, ya que estaba tan molesto. No respondió a mi correo electrónico. Solo demuestra que Binter no podía preocuparse menos por sus clientes de arriba hacia abajo. Rendimiento parcial de todo el personal de Binter afectado."
IBB_0282,Binter,Desconocido,Palma de Mallorca,Las Palmas de Gran Canaria,Domestic,junio de 2023,1,"Un verdadero desastre Sin información, la gente de Iberia haciendo todo lo posible y con un trato exquisito Binter desaparecido Seis horas de retraso Pides compensación y te vacilan Se ríen de ti Reclamación judicial única salida para que cumplan la ley Prefiero mil veces Ryanair"
IBB_0283,Binter,"Valencia, España",Lanzarote,Las Palmas de Gran Canaria,Domestic,junio de 2023,5,"Hacía tiempo que no viajaba con Binter y tengo que decir que no me defraudó. Viajamos de Gran Canaria a Lanzarote. No fallan con las chocolatinas Tirma, que recuerdos"
IBB_0284,Binter,Desconocido,Tenerife,Las Palmas de Gran Canaria,Domestic,junio de 2023,1,Me parece fatal que el sistema de Binter hace un error en mi reserva y cuando llamo me dicen que tengo que resolverlo yo solo reservando otra vez y luego volver a llamar para cancelar la reserva anterior y me termina cobrando penalizacion de 12€ cuándo el error fue de ellos
IBB_0285,Binter,Desconocido,Tenerife,Santa Cruz de la Palma,Domestic,junio de 2023,5,"Era la primera vez que viajábamos en binter entre islas y ya pensamos en la segunda😊,es cómodo y las azafatas agradables ,además te ofrecen gratuitamente un tirma y agua,maravilloso! Gracias"
IBB_0286,Binter,Desconocido,Las Palmas de Gran Canaria,Tenerife,Domestic,mayo de 2023,1,Hola buenas tardes viajo en vuelo de las palmas gran canaria destino tenerife sur lunes 22 de mayo de 2023 alas 17:35 el avion super mal organizado cargan gasolina con pasajeros dentro pero ya no es eso solo namas bajar otras personas ni limpian y subimos los del siguiente vuelo no entiedo super sucia aparte que por la ventana ni se ve que hay fuera.
IBB_0287,Binter,"Las Palmas de Gran Canaria, España",Las Palmas de Gran Canaria,Santander,Domestic,mayo de 2023,5,"Llevaba tiempo sin estar en una clase turista, que estuviese cómoda. Asientos amplios. Azafatas con pelo regogido y super arregladas, Nos ofrecen, unos aperitivos apetecibles. Y comol se dirigen a son aeropuertos pequeños ¡Una maravilla!"
IBB_0288,Binter,Desconocido,Las Palmas de Gran Canaria,Jerez De La Frontera,Domestic,abril de 2023,1,"El día 13 de abril de 2023, el vuelo NT5700 debía de salir a las 16:10 hora local del Aeropuerto de las Palmas con destino Jerez de la Frontera, cuya llegada a mi destino estaba prevista a las 19:10 hora local del mismo día. Cuando estábamos a punto de embarcar, nos comunica un empleado de la compañía que el avión que iba hacer ese trayecto tenia una aviaria de ultima hora y que íbamos a ser divididos los pasajeros y trasladados a nuestro destinos en dos aviones pequeños, de los que hacen los trayectos entre islas. Lo que a mi me toca fui trasladado al vuelo NT5708, despegamos sobre las 18:30 hora local y aterrizamos en Jerez de la frontera a las 22:40 hora local. Como se puede comprobar el retraso en la llegada a mi destino fue de tres horas y treinta minutos. Por todo ello puse una reclamación en Atención al Cliente de la Compañía Binter reclamando un compensación por dicho retraso, Según el Reglamento de la C.E, 216/2004 de250E a 400€, ya que el retraso fue de mas de tres horas y entre 0 km y 1.500km. Y cual fue mi sorpresa al comunicarme ""Que dicho retraso es una CIRCUNSTANCIA EXTRAORDINARIA y que la compañía no está obligada a ninguna compensación. Es algo inaudito ya que en el citado Reglamento vienen cuales son las Circunstancias Extraordinarias y por lo que una compañía aérea no esta obligada a compensar. En mi caso fue por una avería del avión de ultima hora y al tener que organizar y trasladarnos al vuelo NT5708 fue la causa de dicho retraso. Pues le mandé varios e-mail a Atención al Cliente, solicitando la compensación y pasan de mí. Ahora lo denunciaré al Defensor del Consumidor, A ver que pasa. PD. Es la primera vez que he volado con Binter. Un saludo."
IBB_0289,Binter,"Idrija, Eslovenia",Venice,Las Palmas de Gran Canaria,Europe,abril de 2023,5,"En realidad me sorprendió bastante - opción más barata en ese momento y una experiencia muy agradable. Bueno y creo que un avión bastante nuevo, buen servicio, buena comida (comida incluida en el vuelo!). Si tengo que quejarme de algo es tal vez una azafata que parecía que realmente no había tenido el mejor día... pero eso es todo, no puede culpar a la aerolínea en su experiencia general. Además, tenga en cuenta que las revistas impresas que le esperan en los asientos están en español, pero la versión en inglés está disponible en wifi de la aerolínea (airfi o algo así)."
IBB_0290,Binter,Desconocido,Tenerife,Palma de Mallorca,Domestic,abril de 2023,5,"Sinceramente les doy la más enorabuena a Binter porque nos ofrece destinos súper súper chulos de visitar y nosotros cada vez que viajamos intentamos coger siempre Binter porque a diferencias de otras aerolíneas, el trato es súper bueno. Yo he viajado desde siempre con Binter con mi familia desde chiquito con toda su flota (ATR 72, Cj1000 y Embraen) y una experiencia inolvidable sin duda porque los asientos son súper cómodos con respecto a otras aerolíneas y sobre todo lo que más me gustaría resaltar es LA COMIDA QUE OFRECEN EN EL VUELO (tanto a la mañana, como al mediodía y como a la noche) es sin duda la mejor de todas. Les he escuchado de que van a reemplazar los Embraen por los boing 737-800 y que van a poner rutas a Madrid y Barcelona, en un futuro tarde l temprano espero coger esas rutas. En Conclusión: que todo el mundo se venga a volar con Binter porque se lo merecen sin duda alguna"
IBB_0291,Binter,"Vigo, España",Vigo,Santa Cruz de la Palma,Domestic,abril de 2023,5,"Viajamos con Binter el 15 de abril 2023.Mi marido y yo solemos viajar mucho pero ésta fue la primera vez con esta compañía y nos sorprendió gratamente. Puntualidad, amabilidad del personal de vuelo, el aperitivo de cortesía que ofrecen es como una comida, incluso vino si lo deseas, chocolatinas, caramelos... Las demás compañías deberían de tomar nota. Siempre que el destino lo permita, volaremos con Binter. Gracias al personal por su amabilidad"
IBB_0292,Binter,Desconocido,Tenerife,Valverde,Domestic,abril de 2023,5,"Tal contraste con las compañías de bajo coste. Volamos dentro y fuera de Valverde en uno de los ATR 72 - 600 s de Binter. En ambos sentidos eran a tiempo, tenía asientos cómodos, entretenimiento a través de wifi si no te gustaban las vistas de las islas mientras volábamos. Repartir toallitas faciales, tazas de agua, galleta y un dulce hervido para el descenso fue un verdadero servicio, bien hecho Binter."
IBB_0293,Binter,"Nouakchott, Mauritania",Nouakchott,Las Palmas de Gran Canaria,International,abril de 2023,1,"Recientemente he reservado un vuelo con Binter Canarias. Desafortunadamente, mi experiencia con esta aerolínea fue extremadamente decepcionante y mi problema sigue sin resolverse. Para empeorar las cosas, también hay una grave preocupación en materia de seguridad que debe abordarse. En primer lugar, llegué al aeropuerto para mi vuelo solo para que me dijeran que mi nombre no estaba en la lista de pasajeros, a pesar de tener una reserva confirmada a través de edreams.com. Esto me causó inconvenientes y estrés significativos, ya que tuve que pasar horas en el aeropuerto tratando de resolver el problema. Después de múltiples intentos de contactar con el servicio de atención al cliente de Binter Canarias, descubrí que alguien había tomado mi asiento utilizando mi tarjeta de embarque, que obtuvieron del Gerente de Estación de Binter Canarias en Mauritania que estaba presente en ese momento. Se trata de un grave problema de seguridad que debe abordarse de inmediato. Me puse en contacto con el servicio de atención al cliente de Binter Canarias para informar del problema, pero parecieron malinterpretar la situación y me sugirieron que ya había viajado en mi reserva, que no fue el caso. Tuve que enviar múltiples correos electrónicos de seguimiento para obtener cualquier tipo de respuesta de ellos. Estoy muy decepcionado de Binter Canarias y haré todo lo posible para obtener una disculpa oficial de ellos y garantizar que su gerente de estación en Mauritania rinda cuentas por sus acciones. Este tipo de comportamiento es inaceptable y pone en riesgo la seguridad de los pasajeros. Insto a Binter Canarias a que tome en serio este asunto y tome medidas inmediatas para abordar mi problema y la preocupación por la seguridad. Número de referencia: 2023 / 005404 Calificación: 1 / 5 estrellas. Fecha de la experiencia: 12 de abril de 2023"
IBB_0294,Binter,Desconocido,Santa Cruz de la Palma,Toulouse,Europe,abril de 2023,1,"¡GRACIAS BINTER! Te agradezco tu puntualidad, tu transparencia, el trato que le dais a todos los pasajeros sobretodo a aquellos que para salir de las islas no capitalinas tienen que rechazar continuamente vuestras chocolatinas venenosas y por supuesto, gracias por respetar lo más valioso de todo, nuestro tiempo. En el siguiente relato, se detalla nuestra odisea de Semana Santa, lo que iba a convertirse en unas plácidas vacaciones, se convirtió en una auténtica penitencia: Gracias Binter por el retraso del vuelo NT314 con destino a Gran Canaria, le agradezco enormemente al personal de tierra que a sabiendas de que íbamos a perder el vuelo y con la consiguiente denegación de embarque a Toulouse nos reiteraron que no nos preocupásemos, que tenían constancia de que hay viajeros en tránsito y que la aeronave con destino a Toulouse esperará a que lleguemos a Gran Canaria. Gracias Binter por informarnos justo al aterrizar en Gran Canaria que el vuelo con destino a Toulouse ha despegado a su hora prevista y que no ha esperado por nosotros. Gracias al personal de tierra por la completa desinformación sobre nuestra situación, sobre nuestros derechos y por darnos la única opción de viajar a Toulouse días después, a pesar de existir vuelos en conexión y directos para ese mismo día con otras compañías. Le agradezco a Binter su comprensión y por su consideración con nosotros, ya que en lugar de dejarnos en La Palma, nos hizo desplazarnos a Gran Canaria perdiendo nuestro valioso tiempo y causándonos un trastorno sin ninguna necesidad, es curioso cuando la negligencia es tan evidente que los propios trabajadores de la compañía solo les queda pedirnos disculpas por lo anómalo de la situación ya que como ellos mismos confesaron en estos casos lo normal es que el vuelo en conexión espere por los pasajeros en tránsito. Gracias a Binter ya que nos ofrecieron la opción de viajar el Lunes 3/04/2023 a Toulouse y finalmente lo aceptamos, a pesar del perjuicio que nos ocasionaba y de que tuvimos que cambiar radicalmente todo nuestro plan de viaje, teniendo que contactar con el hotel reservado en Toulouse, para cambiar las fechas con la correspondiente penalización por cancelación tardía. En varias ocasiones le comenté al personal de tierra de Binter que nos hiciesen el check-in online y nos facilitasen las tarjetas de embarque (no me daba muy buena espina tanta eficacia por parte de Binter a la hora de encontrarnos vuelos tan rápido para fechas posteriores) para asegurarnos de que finalmente volaremos el lunes y cerciorarnos de que no hubiese más cambios, sin embargo no nos facilitaron nada, poniendo como excusa que el restaurante del hotel iba a cerrar y que debíamos llegar a tiempo, nos metieron a todos en un Taxi y nos mandaron al hotel. Gracias Binter por el traslado del aeropuerto al hotel, ya que el taxista encargado del traslado tenía el volumen de la música (por decir algo ya que las canciones eran soeces y con palabras malsonantes) tan alto que apenas nos permitía hablar entre nosotros, a pesar de nuestra insistencia y además de que en el vehículo viajaba una menor, no bajó el volumen, lo cual hizo el trayecto bastante desagradable. Gracias Binter por la nueva espera para hacer el Check-in en el hotel, ya que tras la larga espera, nos dirigimos al bufet donde nos esperaba un almuerzo que se parecía mucho al gusto musical del taxista, es decir inexistente, además nos metieron en un salón sin ventilación, con un calor asfixiante y como ambientador nos deleitaba el aroma embriagador de un equipo de hockey recién llegado de un partido, con todo el material deportivo tirado en el salón. Gracias Binter por tu transparencia ya que a las 16:30 aproximadamente recibo una llamada de ustedes, comunicándonos que lamentablemente el lunes 3 no tienen vuelos para nosotros, y nos ofrece la posibilidad de viajar el martes 4. En ese momento le pido que nos deje tiempo para pensar ya que este cambio trastoca por segunda vez todos los planes (vuelos, itinerarios, trenes, hoteles, conexiones, restaurantes, tours en la ciudad) así que le pedimos a la teleoperadora que nos contacte de nuevo dentro de media hora. Tras sopesar la traición de nuestra aerolínea favorita, y en agradecimiento al trato recibido, decidimos comprarnos un vuelo asumiendo de nuevo todos los gastos que los cambios arbitrarios de la compañía que monopoliza el transporte de pasajeros en canarias por via aérea nos ha ocasionado. Gracias Binter, como podréis adivinar en la última cena en el hotel pasamos más hambre que un piojo en un peluche."
IBB_0295,Binter,"León, España",Oviedo,Las Palmas de Gran Canaria,Domestic,abril de 2023,5,"Todo perfecto a la ida y a la vuelta. El despegue y aterrizaje de 10, sin retrasos. El aperitivo a la ida y el desayuno a la vuelta, excelentes. El personal , muy amable. Felicito a los responsables. Para repetir. Muchas gracias a todos"
IBB_0296,Binter,Desconocido,Las Palmas de Gran Canaria,Palma de Mallorca,Domestic,abril de 2023,5,Servicio al cliente por parte de las azafatas excepcional y muy rico el desayuno y las chocolatinass
IBB_0297,Binter,"Madrid, España",Lanzarote,Las Palmas de Gran Canaria,Domestic,abril de 2023,5,"Da gusto ver como Binter poco a poco restaura servicios, son detalles que la verdad ya se echaban de menos Felicidades!!!"
IBB_0298,Binter,"Majadahonda, España",Tenerife,Valverde,Domestic,marzo de 2023,5,"primera y muy buena experiencia, puntiualidad amabilidad y buen servicio sin duda volvere a usar Binter en cuanto tenga oportunidad"
IBB_0299,Binter,Desconocido,Las Palmas de Gran Canaria,Ilha do Sal,International,marzo de 2023,1,"Primera y última vez que reservo con ellos. Organizamos nuestro viaje familiar de verano a Cabo verde para julio 2023 con Binter Canarias, única compañía española con vuelos directos a Isla de Sal. He de decir que la página web no iba bien y me tocó contratar mediante llamada. Lo hicimos tiempo antes de verano para poder organizarlo bien y que fuese lo más económico posible. Una vez confirmados nuestros vuelos procedimos a reservar vuelos para ir a Las palmas, ya que somos de la península, hoteles, excursiones etc. Cuando ya lo teníamos todo contratado, a falta de 4 meses del viaje anulan una de los trayectos semanales pasando de ser 2 a 1 por semana y como consecuencia nos adelantan el vuelo 4 días, haciendo imposible poder ir al viaje puesto que nuestro vuelos ida y vuelta península -Canarias no se puede modificar. O perdemos el dinero de los vuelos a Gran Canaria o nos quedamos sin Cabo verde o nos quedamos en Canarias, que son unas islas maravillosas pero no era lo que buscábamos para este verano, eso sí con perdidas económicas en cualquiera de las opciones por los cambios sobrevenido e impuestos por Binter. Nos han ofrecido reembolsar los vuelos Gran Canaria cabo verde y que es posible que en meses esa ruta vuelva a estar abierta pero que no saben nada y no nos pueden decir nada más, que lo que veamos hagamos. Que lo sienten pero que no se hacen responsables, bla bla bla. Una compañía que se precie no deja tirados a sus clientes en pleno verano y con excusas absurdas. En definitiva, no es fiable."
IBB_0300,Binter,Desconocido,Las Palmas de Gran Canaria,Lanzarote,Domestic,febrero de 2023,1,"Robado por Binter en el check-in. Obligado a pagar 140 euros adicionales al hacer el registro de entrada. Personal grosero y hostil dijo que ""Por el Brexit"" ya no podíamos reclamar el descuento de residentes canarios."
IBB_0301,Binter,Desconocido,Las Palmas de Gran Canaria,Lanzarote,Domestic,marzo de 2023,1,"El trato dado por Binter a los pasajeros afectados por las cancelaciones del pasado domingo día (12/3) solo puede tener un calificativo: INHUMANO. Por supuesto que ustedes no son responsables de las condiciones meteorológicas, pero sí lo son de dar un trato digno a sus usuarios y están obligados a asistirlos (lo cual incluye comida, bebida y alojamiento en caso de tener que pernoctar). Lo vivido no tiene nombre: colas kilométricas para llegar a un mostrador en el que se limitaban a decirte que “no sabían nada” y que te buscaras la vida. Y sí, quizás algunos tenemos los recursos y los medios para pagar un taxi y un hotel a Las Palmas a las 3 de la mañana. Pero, ¿todos se pueden permitir gastar de 150 a 200 euros en un imprevisto así, y luego esperar hasta que la compañía reembolse (si es que quieren reembolsar)? Eso destroza la economía familiar de todo el mes a una inmensa mayoría. Hasta madres con niños bebés tuvieron que pasar la noche allí. Se te partía el alma al ver aquello. Lo peor es que sabían de sobra que los vuelos iban a ser cancelados (de hecho, el aeropuerto de Lanzarote ya estaba cerrado), pero no cancelaron hasta el último momento, quitándonos la posibilidad de llamar a familiares o amigos para que vinieran a buscarnos (porque, ¿a quién vas a llamar a la una de la madrugada?). Hay quienes dicen que fue falta de organización. De eso nada. Estaba todo muy bien organizado para que la compañía ahorrase costes a cualquier precio. Me pregunto si quienes deciden estas políticas de empresa duermen con la conciencia tranquila… A ver qué respuesta tienen para mí, señores de Binter… Y no tanto para mí, que yo dormí en un hotel (pagado de mi bolsillo)… Para esa madre que le tuvo que poner una camiseta a su bebé a modo de pañal. No me digan que no había hoteles… que yo pude reservar a la primera."
IBB_0302,Binter,Desconocido,Vitoria-Gasteiz,Las Palmas de Gran Canaria,Domestic,marzo de 2023,5,Excelente la atención del personal durante el vuelo muy buenos profesionales. Perfecto el aperitivo gourmet
IBB_0303,Binter,"Provincia de Zaragoza, España",Las Palmas de Gran Canaria,Zaragoza,Domestic,febrero de 2023,3,"En general la compañía es buena vinimos en el vuelo del 23 febrero la sobrecargo muy amable pero no nos gustó el jaleo que llevaban en la cabina del piloto. Habia 2 hombres y una mujer Primero la puerta abierta mucho tiempo. Se salió uno de los hombres para hablar con las azafatas..luego se salió la piloto y dejaron en cabina un rato solo al piloto con la puerta abierta, luego se metió una azafata a la cabina con el piloto solo y cerró la puerta...vamos...eso era un cachondeo...luego que pasan cosas...como la de Germanwins..."
IBB_0304,Binter,"Madrid, España",Lanzarote,Las Palmas de Gran Canaria,Domestic,febrero de 2023,5,"Para mi, una de las mejores compañías En mi opinión están rozando la excelencia Si consiguieran controlar los retrasos , o almenos minimizar los mismos , sería alcanzar la perfección de lo que debiera llegar a ser cualquier compañía Personal experimentado , amable y resolutivo 3n todas y cada una de las áreas"
IBB_0305,Binter,Desconocido,Zaragoza,Lanzarote,Domestic,febrero de 2023,5,"Encantada con la compañía y con los tripulantes. Azafata muy simpática, comida a bordo, vuelo agradable. Viaje con un grupo de amigas y todas disfrutaron del vuelo. Volar desde Zaragoza a Canarias sin pasar por Madrid merece la pena."
IBB_0306,Binter,"Lanzarote, España",Lanzarote,Tenerife,Domestic,febrero de 2023,1,"Pésimo el comportamiento de Binter con los viajeros que viajan con mascotas. Me ha denegado el embarque de mi perrita que viaja con nosotros en cabina con esta misma compañía TODOS LOS MESES, al menos una vez al mes. Cumplo todos los requisitos establecidos por las normas publicadas por BINTER, medidas de transportin, peso, documentación, etc. Viajo por necesidad familiar de atención de persona con necesidades especiales y la mascota es su perrita. Muchas veces, como veo en los comentarios que le pasa a otros pasajeros, se meten y encuentran mil pegas con el transportín. En esta ocasión simple y llanamente ME DENIEGAN EL EMBARQUE porque no han pasado 21 días desde la fecha de su última vacunación. SUPUESTAMENTE nueva normativa. Y digo supuestamente porque no aparece en las condiciones de la compañía publicadas para viajar con mascotas, ni se advierte durante la compra ni en la posterior comprobación telefónica VULNERANDO POR COMPLETO LOS DERECHOS DEL PASAJERO E INCUMPLIENDO EL CONTRATO establecido."
IBB_0307,Binter,Desconocido,Lanzarote,Tenerife,Domestic,febrero de 2023,1,"El personal de tierra de Lanzarote es lo peor,viajo siempre con mi perrita, pedían que estuviera vacunada, la vacuno 9 días y me dejan en tierra porque dicen que cambio la normativa y tiene que estar 21 días antes vacunada echo del que no recibí avisos"
IBB_0308,Binter,"Palma de Mallorca, España",Las Palmas de Gran Canaria,Palma de Mallorca,Domestic,enero de 2023,5,"¡Qué experiencia tan placentera! Gran personal, asientos CONFORTABLES, grandes comodidades, limpio y a tiempo. Recuerde a todas las demás aerolíneas que los viajes aéreos no deben ser torturantes. Así es como das una gran experiencia y ganas clientes. Gracias."
IBB_0309,Binter,Desconocido,Barcelona,Port of Spain,International,enero de 2023,5,"La atención al cliente estupenda, comida riquísima, espacio grande (para las piernas), viaje tranquilo y asientos muy cómodos. En resumen, genial."
IBB_0310,Binter,"León, España",Madrid,Las Palmas de Gran Canaria,Domestic,diciembre de 2022,5,"Muy buena línea aérea. Confiable. Cumplió los horarios y el servicio a bordo fue impecable. Fuimos en una fecha relativamente difícil (Fin de Año), pero se cumplió acabadamente con los horarios."
IBB_0311,Binter,"Las Palmas de Gran Canaria, España",Las Palmas de Gran Canaria,Oviedo,Domestic,enero de 2023,5,"Puntuales. Tripulación muy amable. Buenos precios y varias veces al año ofrecen el Bintazo (pagas solo un trayecto en viajes de ida y vuelta). Ahora mismo creo que es la única aerolínea española que, en sus viajes fuera de las Islas Canarias, ofrece un aperitivo gourmet (jamón serrano o lomo embuchado o salchichón o chorizo, quesos, ensalada de quinoa o de cous cous, pan, tomate y aceite, chocolatina y bebida) más café/té, de manera gratuita! Además, la WiFi de a bordo, ofrece películas de actualidad, series, música,... también de manera gratuita. Para repetir sin duda!"
IBB_0312,Binter,Desconocido,Las Palmas de Gran Canaria,Lanzarote,Domestic,enero de 2023,1,"Buenas tardes, realmente no quería escribir la reseña, pero es que me ha dado tanta indignación. Esta mañana 04/01/2023 tenía un vuelo de Gran Canaria a Lanzarote a las 8:15 am, como vieron que no había mucha gente en el vuelo, lo atrasaron, no 1 si no 2 veces. Finalmente embarcamos a las 10:30, pero el problema de todo esto no es la hora, sino que yo tenia un familiar enfermo, y tenía previsto venirme con mi prima en barco (el único barco que sale de la isla hacia Gran Canaria es a las 11) podrán entender ahora un poco más mi enfado. No solo pido un día libre en el trabajo (que no me lo remuneran y son caras largas en el mismo) si no que JUEGAN con el tiempo de una. A todo esto me quedo tirada, sin barco y sin vuelo para regresar a mi isla de destino, y lo más lógico que haría cualquier persona que es ? ir a reclamar, muchísima gente quejándose como es obvio, perder el único barco que zarpa, con día de trabajo perdido y familiar enfermo, un show. Claro ellos se agarran al abuso de poder (de ahí el título) que si el retraso no supera las 3 horas, no hay reclamación posible... HOLA ?? esto es una broma o que? esto no es un vuelo internacional, ni siquiera nacional de otras provincias, es que pertenece a LA MISMA PROVINCIA además, cara duras.. por supuesto que pido una reclamación de mi billete, tanto de barco como del avión y el día de trabajo, creo que es hasta lo más justo después de todo lo que he pasado."
IBB_0313,Binter,"Puerto del Rosario, España",Venice,Las Palmas de Gran Canaria,Europe,enero de 2023,5,"Tripulación muy amable y profesional. Buena comida a bordo. Buen precio. A la llegada tuve un problema con mi equipaje. Un pedazo de la bolsa se rompió. Inmediatamente le proporcionaron una nueva bolsa, en 48 horas. Genial. Viajo muy a menudo con muchas compañías aéreas y puedo decir: Binter está bien."
IBB_0314,Binter,Desconocido,Las Palmas de Gran Canaria,Pamplona,Domestic,diciembre de 2022,5,"Este diciembre vole por primera vez con Binter de Pamplona a Gran Canaria. Nos dieron la comida y a la vuelta nos dieron el desayuno, es la primera vez que como algo bueno en un vuelo (jamon y jogurt griego entre otras cosas) Ademas en el viaje de vuelta, el piloto nos explico con detalle y mucha simpatía el vuelo... la gente le aplaudio al terminar. Un experiencia para repetir"
IBB_0315,Binter,Desconocido,Valverde,Las Palmas de Gran Canaria,Domestic,diciembre de 2022,1,"Totalmente descontento con Binter. Se anulo un vuelo y binter nos ofrecio pagar el hotel y transporte, lo pagamos nosotros y después teníamos que mandar las facturas para recuperar el dinero. Para recuperar este dinero nos estan volviendo locos pidiendo documentos, impresos, DNI......a parte de las facturas. Cada vez que lo mando me piden algo nuevo."
IBB_0316,Binter,"Las Palmas de Gran Canaria, España",Las Palmas de Gran Canaria,Lanzarote,Domestic,diciembre de 2022,1,"Tras tener programado mi vuelo a Lanzarote a las 20:30, al llegar al aeropuerto y pasar el control veo que en las pantallas no aparece la hora programada sino directamente salida a las 20:50, me dirijo al punto de información para preguntar qué ocurre con el vuelo. Allí me atiende como siempre el personal tan amable de siempre (véase la ironía) y me dice que si no tienen aviones disponibles no pueden hacer nada que no sólo está retrasado sino que saldrá a las 21:30h... 5 minutos después aparece en pantalla retrasado a las 22h, la verdad que es lamentable el servicio y la atención que dan a los pasajeros que le dan de comer a la compañía. De cada 3 vuelos en 2 te cuentan una milonga de avión roto o mal tiempo, por lo que llegas tarde siempre... Podrían valorar una mejora y preocuparse del pasaje"
IBB_0317,Binter,"Fuerteventura, España",Fuerteventura,Las Palmas de Gran Canaria,Domestic,diciembre de 2022,5,"Vuelo frecuentemente con Binter y desde hace tiempo ya es mi compañía preferida, esto es por el buen servicio de la misma cómo por la atención, amabilidad y simpatía de todo el personal tanto en tierra como en vuelo, siempre se molestan mucho para solucionarte cualquier situación que tengas tanto como un cambio de billete como de asiento si es necesario o lo que sea con una sonrisa y mucha amabilidad, vuelo con otras muchas compañías y si el destino de mi viaje es posible hacerlo con Binter es siempre mi principal elección. Gracias a todo el personal por hacer tan bien su trabajo y hacer que volar con ellos sea muy agradable siempre."
IBB_0318,Binter,Desconocido,Las Palmas de Gran Canaria,Lanzarote,Domestic,diciembre de 2022,1,"En mi viaje de vuelta de Las Palmas a Lanzarote, al deshacer mi equipaje en casa me encuentro que mi maleta está rota por debajo de la cremallera, no viéndose a simple vista pero al abrirla me doy cuenta. Envío la reclamación a Binter dándome un número de referencia 2022/017486, y contestándome que al no dar parte en el mismo momento y no perder la maleta la funcionalidad de la misma no se hacen responsables. Si una rotura de maleta en la cuál se puede sacar todo lo que está en su interior por la parte donde está rota sigue cumpliendo con la funcionalidad de la misma pues ya podemos llevar la ropa en bolsas de supermercado que según Binter seguirá cumpliendo la funcionalidad jaja. Y lo de no ver el daño en el mismo momento creo que es de todos sabido que todos o casi todos cogemos el equipaje y salimos sin mirar si la maleta está rota a no ser que se vea claramente. A todo esto decir que me ha generado un malestar y cabreo por parte de Binter y pensar que no tratan el equipaje adecuadamente ya que se limpian las manos en el caso de romperlos."
IBB_0319,Binter,"Gijón, España",Tenerife,Oviedo,Domestic,noviembre de 2022,4,"Al igual que el vuelo de ida, la facturacion, embarque y horario correctos y sin incidencias. El vuelo sin incidentes. Nos dieron el desayuno. La atencion del personal correcta."
IBB_0320,Binter,"Gijón, España",Oviedo,Tenerife,Domestic,noviembre de 2022,4,"Primer vuelo con esta compañia. La facturacion, embarque y horario de despegue puntual y sin incidencias. El vuelo comodo. Nos dieron la comida, bien para ser en vuelo. Las azafatas parecian amables y profesionales, aunque no tuve ningun comentario con ellas."
IBB_0321,Binter,Desconocido,Las Palmas de Gran Canaria,Tenerife,Domestic,diciembre de 2022,3,"He realizado tres trayectos pagando la tarifa: FLEXIPLUS y en dos de ellos ni he tenido preferencia, para FACTURAR ni para EMBARCAR El único beneficio es que puedes facturar una maleta de 23 kg. No merece la pena pagar de más por un servicio que no te van a dar."
IBB_0322,Binter,Desconocido,Tenerife,Las Palmas de Gran Canaria,Domestic,noviembre de 2022,1,He estado viajando los fines de semana. Y la vuelta de gran canaria a Tenerife nose que es lo que pasa que siempre se retrasa... Sinceramente cansada de esta situación.
IBB_0323,Binter,"Denia, España",Valverde,Tenerife,Domestic,noviembre de 2022,1,"1 hora 38 minutos de retraso que ha provocado que pierda el vuelo a la península. Presentas la reclamación y te dicen que no esperes nada, ni devolución del precio del billete, ni mucho menos pagar el nuevo billete en otra compañía o la misma, para volver a la península. Se las saben todas, según la normativa europea deben devolver el precio cuando el retraso es mayor de 2 horas. Cuando tienen picos billetes vendidos y no les es rentable el vueli, alegan causas técnicas y unen 2 vuelos en 1, así se ahorran el combustible y los salarios de los empleados. Y el unir dos vuelos lo hacen de forma que la pérdida de tiempo sea inferior a 2 horas, de esta forma se lavan las manos y no pagan ni una indemnización. Si estabais hartos de Ryanair, ésta es peor."
IBB_0324,Binter,Desconocido,Tenerife,Las Palmas de Gran Canaria,Domestic,noviembre de 2022,1,"Llevo alrededor de 1 año viajando a Gran Canaria desde Tenerife todas las semanas, y lo normal es que se retrase el vuelo...si esperas llegar a tiempo para cualquier situacion, les aconsejo comprar el billete de unas horas antes...PESIMO"
IBB_0325,Binter,"Palma de Mallorca, España",Palma de Mallorca,Las Palmas de Gran Canaria,Domestic,noviembre de 2022,5,"Viaje del 10 al 15 de noviembre Buena atención, puntuales y sin ningún incidente. Además te ofrecen un ""pequeño aperitivo"" durante el vuelo."
IBB_0326,Binter,Desconocido,Las Palmas de Gran Canaria,Fuerteventura,Domestic,noviembre de 2022,1,"Pésimo, el viernes un retraso de más de una hora y el lunes vuelvo a viajar con ellos y me extraviaron la maleta, peor imposible"
IBB_0327,Binter,Desconocido,Funchal,Las Palmas de Gran Canaria,Europe,octubre de 2022,1,"Valida para personal local de Binter en Funchal, Madeira. Lo ya dicho en titulo a lo que agrego que personal así no debe trabajar con público al que le habla como domador malo a persona creyendo que son animales. Gritan,pelean como si te hubieran comprado ellas el billete. Además despeinadas y mal vestidas"
IBB_0328,Binter,Desconocido,Las Palmas de Gran Canaria,Lanzarote,Domestic,noviembre de 2022,1,"La compañía se le va la pinza con los precios, para los que no son residentes, un vuelo de media hora 110 euros solo ida... Mmmm te sale más rentable ir a Italia que entre islas, no te digo que lo ponga a 20 euros pero no sé..."
IBB_0329,Binter,"Telde, España",Las Palmas de Gran Canaria,Vigo,Domestic,septiembre de 2022,1,"Trato en atención al cliente de Binter pésimo. Me rompen la maleta y no hacen más que darme largas para no reponermela. Se lavan las manos y tiran balones fuera con disculpas absurdas, que si la empresa de transporte, que si el personal de Vigo... Y encima te tratan con una soberbia!!! No recomiendo que viajen con Binter Canarias fuera de las Islas, tanto presumir y no sin para nada serios. Porque como extravien el equipaje o se les rompa la maleta, no se van a hacer cargo de ello y encima serán ustedes los culpables. Un -0 les doy!!!😡😡😡"
IBB_0330,Binter,Desconocido,Lanzarote,Las Palmas de Gran Canaria,Domestic,octubre de 2022,1,"Por trabajo todos los lunes del mes viajo a Gran Canaria desde Lanzarote regresando el martes Casi siempre bien y sin incidencias que destacar El tema es que de un mes y medio a esta parte los retrasos en lo vuelos son constantes Me encuentro en estos momentos en el avión de vuelta a casa que supuestamente debería de salir a las 17:00 y digo supuestamente, porque son las 17:25 y aún no se ha terminado de realizar el embarque Son ya cuatro retrasos consecutivos y dos lista de espera Lo de las listas de espera es otra cosa , mi agencia reserva el vuelo cada miércoles para el lunes siguiente y ya van tres ocasiones que no se si voy a poder volar a las 7 de la mañana En fin un desastre Creo que deberían de hacer algo"
IBB_0331,Binter,"Las Palmas de Gran Canaria, España",Tenerife,Las Palmas de Gran Canaria,Domestic,octubre de 2022,1,Retrasos a diario y en la mayoría de las veces sin informar la compañía sólo de disculpa cuando subes al avión pero en el aeropuerto nadie te dice nada
IBB_0332,Binter,Desconocido,Oviedo,Las Palmas de Gran Canaria,Domestic,octubre de 2022,5,Un trato excepcional. Tienen todo en cuenta. Los aperitivos y el almuerzo excepcional incluido en el precio del Bintazo. Calidad precio increíble. No dudaría en volver a elegirlos.
IBB_0333,Binter,"Provincia de Zaragoza, España",Zaragoza,Las Palmas de Gran Canaria,Domestic,septiembre de 2022,5,Tuvimos un problema por una tormenta en el aeropuerto de salida .En todo momento estuvimos informados por el piloto y se agradece mucho. Así mismo en el viaje de vuelta también nos informaron de las vistas por donde pasaba el avión. UN PACER VOLAR CON UNA COMPAÑÍA QUE TODAVIA TE DA EL APERTIVO Y LA INFORMACION como cuando volar era algo mágico . Gracias a toda la tripulación.
IBB_0334,Binter,Desconocido,Tenerife,Fuerteventura,Domestic,octubre de 2022,5,Agradecer al personal de tierra del turno de mañana en Los Rodeos incluidas la chicas de ventas y la coordinadora la preocupación por que volara con mi perro esta mañana después de un incidente y no coger el que me correspondía!!! Mil gracias!!! Chapó 👏👏👏
IBB_0335,Binter,Desconocido,Tenerife,Valverde,Domestic,septiembre de 2022,1,"Fatal!muy mala compañía, con retraso y sin ninguna informacion.No atienden y dejan tirada a la gente esperando sin aperecer el personal.desaconsejable del todo."
IBB_0336,Binter,Desconocido,Lanzarote,Tenerife,Domestic,septiembre de 2022,1,"Teníamos un vuelo hoy a las 20.40 Nos dijeron que se retrasaría pero lo entendimos debido a la Tormenta tropical que hemos tenido A la una la mañana nos dicen que el vuelo se cancela ,por problemas .eteorologicos ...pero sale el vuelo de después nuestro sin explicación El trato del personal sobre todo de una de pelito corto ...fatal No eran capaces de decirnos que no salíamos Un viaje de negocios ...que ni idea de lo q suponía para mi ,el cual nos va a por desgracia a perjudicar Con ustedes mientras haya alternativas ...no volamos mas"
IBB_0337,Binter,Desconocido,Lanzarote,Tenerife,Domestic,septiembre de 2022,1,"Con la ley en la mano, cancelan el vuelo de las 20:40 cuando tiene pocos pasajeros y los reubican en las 22:00; y todo, aprovechando la ley, ya que la diferencia es menos de 2 horas entre uno y otro. Ellos se ahorran un vuelo y les dan igual las personas y sus circunstancias."
IBB_0338,Binter,"Oviedo, España",Las Palmas de Gran Canaria,Oviedo,Domestic,septiembre de 2022,5,"Debido a mi trabajo viajo varias veces en el año con diferentes compañías y tengo que decir que este viaje con Binter me impresionó. Hice el viaje de ida ovd-lpa con Vueling y siendo más caro el viaje no tuve ni infoentretenimiento en las 3 horas del viaje ni ningún tipo de snack o bebida ( cosa que ya contaba ) , de ahí mi sorpresa cuando en el viaje de vuelta lpa-ovd tenías infoentretenimiento desde que despegaba el avion y los 30 min aproximado pasaban las asistentas de vuelo ofreciendo ""Snack gourmet"" y bebida totalmente gratuito y así como en caso que querer llevarlo para casa te ofrecian una bolsa de tela de Binter. El vuelo fue fantástico y 100% puntual y así como el trato de las asistentas impresionante. Recomendaría Binter a ojos cerrados."
IBB_0339,Binter,Desconocido,Fuerteventura,Las Palmas de Gran Canaria,Domestic,septiembre de 2022,2,"Solemos viajar casi todos los fines de semana de Fuerteventura a Gran Canaria y generalmente salimos con retraso, tanto de Fuerteventura a Gran Canaria con a la inversa, mejor opten por otra compañía"
IBB_0340,Binter,"Las Palmas de Gran Canaria, España",Las Palmas de Gran Canaria,Oviedo,Domestic,septiembre de 2022,1,"El día 9/9/2022 nuestro vuelo debía de salir a las 8,45 , cinco horas después seguimos esperando con un calor horrible en el aeropuerto y no sabemos aún a qué hora saldremos o si saldremos."
IBB_0341,Binter,Desconocido,Palma de Mallorca,Tenerife,Domestic,septiembre de 2022,5,"La mejor aerolínea de España sin duda, trato cordial y aperitivo gourmet ( que ya les gustaría a otras aerolíneas) y sin ""venta ambulante"""
IBB_0342,Binter,Desconocido,Las Palmas de Gran Canaria,Santa Cruz de la Palma,Domestic,agosto de 2022,2,"he hecho un trayecto de italia ,gran canaria, a la palma y en la palma me vino la maleta abierta, primero pensé que se había abierto por accidente ...hoy me doy cuenta q me falta unas zapatillas deportivas de playa q compré en italia , no se si me faltara algo más pero es la segunda vez q presencio un robo ..para q lo tengáis en cuenta!"
IBB_0343,Binter,Desconocido,Tenerife,Las Palmas de Gran Canaria,Domestic,agosto de 2022,3,Viajo muchisimo a las Palmas y ultimamente estan habiendo bastantes retrasos. Que decir de los millos con papaya... me costaron una visita al dentista ya que de lo duros que estaban me rompieron una pieza dental...
IBB_0344,Binter,Desconocido,Las Palmas de Gran Canaria,Dakhla,International,agosto de 2022,1,"He viajado con mi pareja y su hija desde Gran Canaria a Dakhla. El viaje empezó ""bien"": nos suben a la guagua que nos lleva al avión y después de no sé ni cuánto tiempo dentro, nos vuelven a bajar y nos meten otra vez en la terminal. Al final, salimos con dos horas de retraso. Sin embargo, eso no fue nada... Lo mejor estaba por venir: cuando llegamos a nuestro destino, resulta que nuestro equipaje no aparece. Pero es que lo ""mejor"" de todo es que por ese equipaje ¡¡¡se pagó para para garantizar que se embarcaba!!! Más detalles que dejan ver lo maravilloso de esta compañía: en el aeropuerto de destino resulta que no tienen oficina propia para reclamar. Por lo tanto, hay que estar llamando a un número, que para cogerlo hay que esperar como 5 minutos. Cuando por fin nos atienden, empieza el juego de ""escurrir el bulto"". Eso sí... Nos dicen que pueden mandar el material en el próximo avión... Dentro de una semana!! 😳😳😤😤 Qué además, es cuando nos volvemos a casa. En fin... En el momento de escribir esto, Binter no sólo no ha resuelto nada, sino que nos responden como si la cosa no fuera con ellos y poco menos que ""es lo que hay""."
IBB_0345,Binter,Desconocido,Zaragoza,Tenerife,Domestic,agosto de 2022,5,"Magnifica compañía, un personal de 10, gran profesionalidad y amor por el turismo. Si siguen así llegaran lejos, nos sorprendieron con un catering magnifico, además de una atención exquisita, seria y profesional, es dificil encontrar esta profesionalidad sino haces turismo de lujo,"
IBB_0346,Binter,Desconocido,Tenerife,Pamplona,Domestic,julio de 2022,5,"En los años anteriores, entes que haya este rumbo directo, te costaba un dineral ir a Pamplona, tenias que ir a Madrid y luego coger otro avión que te salía caro. Pero ahora con este vuelo directo yo diría que una pasada. Es lo que hacía falta en Canarias.."
IBB_0347,Binter,Desconocido,Lanzarote,Las Palmas de Gran Canaria,Domestic,julio de 2022,3,Chacha. Como es posible que lleven de retraso más de 1 hora. Iba a salir a las 14:30.son las 15: 51 y todavía no han embarcado.
IBB_0348,Binter,Desconocido,Tenerife,Murcia,Domestic,julio de 2022,5,"En todos los vuelos son atentos, dan un servicio sin ventas agresivas y es cómodo Deberían poner sede en Tenerife Sur que es lo único que echo en falta y es un poco incómodo hacer desembarque cada vez que se viaja a las palmas de gran canaria. Las azafatas canarias, con ese carácter tan amable y cercano de la gente de las islas."
IBB_0349,Binter,Desconocido,Lanzarote,Tenerife,Domestic,julio de 2022,5,"Paloma Galvan empleada de binter, una excelente empleada, dispuesta,eficaz y muy educada cordial y dispuesta a ayudar"
IBB_0350,Binter,"Las Palmas de Gran Canaria, España",Las Palmas de Gran Canaria,Vigo,Domestic,julio de 2022,5,"Actualmente ofrece mejor servicio, condiciones y precio que otras compañías. Trato serio, servicio adecuado y detalle gourmet en vuelos nacionales."
IBB_0351,Binter,"Arrecife, España",Las Palmas de Gran Canaria,Lanzarote,Domestic,julio de 2022,5,"Mis felicidades a l crew auxiliar x l trato a los pax y a l técnica, l despegue y aterrizaje, ni se notaron. Gracias x l profesionalidad. Vuelo NT522-LPA-ACE/10Jul."
IBB_0352,Binter,Desconocido,Fuerteventura,Las Palmas de Gran Canaria,Domestic,julio de 2022,5,"Volamos a Gran Canaria como otras tantas veces. El servicio de Binter es impecable , como nos tiene acostumbrados. El servicio, la seriedad, limpieza,profesionalidad... está todo siempre tan perfecto que nadie se da cuenta de que parece que no cuesta esfuerzo. Sin embargo esta vez otro punto más que hizo a todo el vuelo aplaudir espontáneamente El comandante David Plasencia anunció el curso del vuelo, del tiempo, saludó a pasajeros y tripulación pero fue más allá. Describió lo que veíamos para disfrutar el momento, el servicio profesional,constante y siempre sonriente de sus compañeras. Nos deseó feliz estancia de donde viniéramos y a donde fuéramos, feliz día , feliz semana y feliz vida. Y por un momento...todos aplaudimos como en una escena de películ emocionados por compartir ,en un viaje cualquiera, la cuestión más elemental de todas. El cariño y la humanidad puede traspasar la profesionalidad y parece que eso hoy en día nos sorprende. Gracias por ese momento tan bonito. No creo que lo olvidemos ninguno de los pasajeros"
IBB_0353,Binter,Desconocido,Santa Cruz de la Palma,Tenerife,Domestic,julio de 2022,1,"Nunca se les ocurra llamar, porque no le van a proporcionar ninguna solución, cojan y llamen a una agencia de viajes y que les realicen los trámites correspondientes, en vez de dejarle los cuartos a los incompetentes de Binter se los dejan a la de la agencia de viajes, que por cierto cobran lo mismo, en la agencia de viajes te ponen en lista de espera y te consiguen el pasaje que desees, llamas a Binter y solo se limitan a decirte que no hay pasajes, otra cosa es el personal de tierra que no sé si juegan a la petanca con las maletas pero es muy raro el día que no me rompan algo, que por supuesto no se hacen responsables de la rotura, el funcionamiento de la aplicación, se queda trabada y funciona muy muy lenta para cambiar un pasaje, para elegir asientos por su puesto de la fila 15 hacia alante, hacia atrás no se pueden elegir nunca, después de todo esto malo si es verdad que tengo que reconocer que el trato en el avión y su servicio no es tan malo"
IBB_0354,Binter,"Gran Canaria, España",Las Palmas de Gran Canaria,Funchal,Europe,julio de 2022,1,"El día 2 de Julio, mi madre falleció, justo cuando volaba de Gran Canaria d Madeira. Fue una muerte repentina y llanero con urgencia para salir en el siguiente vuelo, no había hasta 48 después, les expliqué que mi madre ya estaría enterrada y no hicieron absolutamente nada. Aún así al día siguiente fui a facturación, volví a explicar mi situación y volví a llamar, negativa nuevamente. Esperé hasta que terminaran de facturar vuelo a ver si alguien decidía no ir a última hora y ocupar su puesto. No sucedió. Las azafatas que 3staban facturando una más rubita me dio hasta el pésame la otra muy delgada y con pelo muy negro me trató como si yo fuera una pedigueña, espero el Karma exista para ella. Soy Canaria y la compañía de mi tierra se ha portado como verdaderas alimañas sin corazón. Esto es Binter Canarias."
IBB_0355,Binter,Desconocido,Tenerife,Zaragoza,Domestic,julio de 2022,5,"Viajamos en el vuelo NT5550 del 01.07.22 a las 8.15 hrs y todo fue muy bien, pero sobretodo la atención de una de las auxiliares de vuelo. Su nombre es Tamara y fue un verdadero placer tenerla allí, siempre tan atenta y sonriente. Se encargó que pudiéramos viajar con nuestra madre, que ya está algo mayor; y no se le escapaba nunca ningún detalle para que todos los pasajeros estuviéramos a gusto. Además, el desayuno gourmet de la ida y el aperitivo gourmet de la vuelta son de muchísimo agradecer en estos vuelos. Ojalá el resto de compañías tomarán ejemplo de esta empresa Canaria."
IBB_0356,Binter,Desconocido,Las Palmas de Gran Canaria,Oviedo,Domestic,junio de 2022,5,"Se agradece el aperitivo de cortesía, que ya no se ve en ninguna aerolínea, incluye jamón ibérico, picos, un poco de queso y alguna cosita más. Se nos ha hecho corto el vuelo"
IBB_0357,Binter,"Las Palmas de Gran Canaria, España",Las Palmas de Gran Canaria,Oviedo,Domestic,abril de 2022,1,carisimo para un no residente. lucrandose del 75 por ciento que paga el gobierno subiendo los precios.
IBB_0358,Binter,"Palma de Mallorca, España",Palma de Mallorca,Tenerife,Domestic,junio de 2022,1,"Muy mala atención telefónica, pedí cambiar un vuelo y me tuvieron con la musiquita 10 minutos. No entiendo mientras esperaba me puse a buscar en internet y en 3 minutos ya tenia la información !!!!"
IBB_0359,Binter,"Vigo, España",Vigo,Las Palmas de Gran Canaria,Domestic,junio de 2022,4,"Todo perfecto, puntualidad, incluso adelanto, servicio y un menu gourmet fantástico, el pero el el WIFI, ni descargando su aplicación ni de manera alguna uno es capaz de ver nada y menos oir música. Cuando ha señal, es muy debil, al final desisto y en el viaje de regreso me descargo una pelicula de la plataforma de pago de la que soy suscriptor y puedo ver sin internet"
IBB_0360,Binter,"San Cristóbal de La Laguna , España",Las Palmas de Gran Canaria,Tenerife,Domestic,mayo de 2022,1,Mi pareja y yo vivimos en diferentes islas y viajamos cada 2 x 3 con Binter y últimamente todos salen con retraso. Nunca explican los motivos te aguantas y ya está. Cogemos avión en lugar de barco por la rapidez y al final tardas lo mismo.
IBB_0361,Binter,Desconocido,Las Palmas de Gran Canaria,Tenerife,Domestic,mayo de 2022,1,"Vuelo regularmente con Binter, por qué no tengo otra opción debido a los horarios, si tuviera otras opciones cambiaría con los ojos cerrados de compañía. Vuelo cada dos fines de semana aproximadamente. La mayoría de las veces el vuelo está retrasado. Me parece una vergüenza que para un vuelo de media hora haya retrasos de casi una hora, una verdadera vergüenza. Por otro lado, comentar que las pocas veces que he podido volar con CanaryFly, siempre ha sido de manera puntual. Parece mentira que Canaryfly, siendo la compañía aérea de ""bajo coste"" de Canarias ofrezca mejor servicio que Binter. Recomiendo mucho volar con Canaryfly y evitar Binter"
IBB_0362,Binter,Desconocido,Tenerife,Ponta Delgada,Europe,abril de 2022,2,"Desde las Islas Canarias, los vuelos salen y regresan, península y vuelos internacionales, desde Gran Canaria, en un 90%, al menos. Para llegar o salir de las otras Islas tenemos que hacer escala en Gran Canaria, y en algunas Islas menores hasta 2 escalas. Tenerife con una población superior a Gran Canaria, al menos debería contar con el 50% de esos vuelos para ser justo. Yo por ese motivo muchas veces opto por otras compañías nacionales y ahorrarme la escala, que son como mínimo 2 horas más de viaje.."
IBB_0363,Binter,"Pamplona, España",Pamplona,Madrid,Domestic,abril de 2022,1,"¿Como es posible que al comprar los billetes nos ponga en la aplicación que el vuelo sale a las 19:20 y después resulta que han cambiado el vuelo a las 14:00 sin avisar? Tanto BInter como Edreams son los culpables de una información errónea que nos han dado y por culpa de esa información que no sé porqué no actualizaron perdimos el avión, teniendo que desplazarnos por nuestra cuenta a Madrid y comprando un nuevo vuelo, además de perder un día de vacaciones con todo pagado (hotel y coche)."
IBB_0364,Binter,Desconocido,Tenerife,Las Palmas de Gran Canaria,Domestic,mayo de 2021,4,"Siempre es un placer viajar con ellos, buena atención, buen servicio y sobre todo que nunca falten las chocolatinas Tirma."
IBB_0365,Binter,Desconocido,Tenerife,Santa Cruz de la Palma,Domestic,abril de 2022,1,"Siempre he viajado en binter, y anoche fue del peor viaje de mi vida. Habían cancelado todos los vuelos hacia la palma MENOS UNO nos metieron ahí aun sabiendo como estaba el temporal y otras compañías no dejaron q sus aviones aterrizaran allí, pero binter por el dinero le da igual matar a la gente sabes. Tuvo unas turbulencias horribles el avión se giraba y todo a veces se dejaba caer y volvía a subir rápido tardo como 20 minutos en aterrizar y pasando todas esas cosas. Yo la verdad no recomiendo viajar con binter con temporales malos, es decir si han cancelado viajes a vuestro destino y hay uno q todavía no lo han cancelado os recomiendo que os quedéis en la isla hasta otro viaje que el tiempo este bien, porque les da igual las noticias del temporal. Solo por no perder dinero te llevan a los trancazos y a lo que Dios quiera."
IBB_0366,Binter,"Mallorca, España",Palma de Mallorca,Las Palmas de Gran Canaria,Domestic,marzo de 2022,5,"Para nosotros Binter es una de los aerolíneas que tienen un muy buen servicio, personal atento, aviones cómodos ,servicio de comida. Además para unir Mallorca con Canarias en solo 3 horas.Pues estamos encantados."
IBB_0367,Binter,"Pasaia, España",Donostia,San Sebastian - Las Palmas de Gran Canaria,Domestic,marzo de 2022,4,"Primera vez con esta compañía y muy grata experiencia, la atención del personal de a bordo y el detalle del almuerzo estupendos, por poner un pero, el echo de no poder hacer el Check-in online por volar desde San Sebastián (no lo entiendo), por todo lo demás muy recomendable."
IBB_0368,Binter,"Caldes de Montbui, España",Las Palmas de Gran Canaria,Tenerife,Domestic,marzo de 2022,2,"Muy mal, una hora retrasado el vuelo y sin información. La azafata informa de una avería en la aeronave, mentira, doce horas antes ya estaba el vuelo retrasado en AENA, en la web de Binter, todo correcto, sin retrasos."
IBB_0369,Binter,"Val Thorens, Francia",Las Palmas de Gran Canaria,Valverde,Domestic,febrero de 2022,1,"Tenía el ordenador portátil en la zona reservada para equipaje de mano. Por causas que desconozco, el ordenador queda empapado y nadie se hace cargo. Yo me quedo sin ordenador y la compañía se lava las manos."
IBB_0370,Binter,Desconocido,Palma de Mallorca,Las Palmas de Gran Canaria,Domestic,marzo de 2021,4,"La comida estaba muy rica, el asiento era muy cómodo, la facturación fue muy bien y las azafatas nos trataron muy bien."
IBB_0371,Binter,Desconocido,Tenerife,Turin,Europe,febrero de 2022,1,"Compañía local, no vale para vuelos internacionales. Son inflexibles y poco razonables. Nos denegaron el embarque a una familia de 4 personas y perdimos un viaje completo a Italia. Recomiendo cualquier otra compañía para viajar al extranjero desde Canarias."
IBB_0372,Binter,Desconocido,Tenerife,Las Palmas de Gran Canaria,Domestic,febrero de 2022,1,"No se respeta el turno de embarque ni por filas ni por nada!! El personal de tierra no espera a que embarquen las primeras filas. Todos apiñados en la escalera del avión, la distancia de seguridad tomada será la de no pincharse con un alfiler porque la de covid..."
IBB_0373,Binter,"Vigo, España",Vigo,Las Palmas de Gran Canaria,Domestic,diciembre de 2021,4,Puntualidad. Los asientos cómodos con algo mas de espacio que las compañías lowcost. Sirven almuerzo a bordo.
IBB_0374,Binter,Desconocido,Lanzarote,Santa Cruz de la Palma,Domestic,febrero de 2022,1,"Pésima la experiencia, hacen el embarque como les viene en gana y además como te descuides no te dejan subir en el avión y suben a otros clientes que tienen en lista de espera. No te Dan solución y mucho menos se molestan en reembolsarte el billete. Juegan con la ventaja de que solo están ellos y otra compañía más en Canarias. Por eso es muy importante la oferta diversa en el mercado."
IBB_0375,Binter,"Barañáin, España",Pamplona,Tenerife,Domestic,enero de 2022,4,"Desde la compra de los billetes hasta la llegada, amabilidad y simpatía, agradable vuelo directo, muy puntual. Si fueran los precios un poco mas asequibles, seria perfecto."
IBB_0376,Binter,"Madrid, España",Tenerife,Santa Cruz de la Palma,Domestic,enero de 2022,1,"Me cancelaron el vuelo. Pedí reembolso, y me dijeron que mantuviera la reserva para no perder la tarifa que había comprado. Cuando fui a usarlo, me dicen que se había cancelado. Sinceramente, me fastidia por el dinero que perdí, pero espero que hayan devuelto lo que han cobrado del estado por ser residente. Soy un cliente muy habitual, y la verdad que me llevo una decepción muy grande. En la medida de lo posible, intentaré no volar con ellos."
IBB_0377,Binter,"Ourense, España",Vigo,Santa Cruz de la Palma,Domestic,enero de 2021,5,"He viajado varias veces con Binter, estoy muy contento con ellos además siempre han tenido un detalle con los pasajeros como aquella vez agasajaron con pastelitos a todo el pasaje. De todas formas cuando descubres la verdadera cara de una empresa es cuando acudes con un problema al servicio de atención al cliente y he de decir que son una maravillla: son muy amables y resolvieron mi reclamación en una sola llamada."
IBB_0378,Binter,Desconocido,Vigo,Las Palmas de Gran Canaria,Domestic,noviembre de 2021,1,Las azafatas son unas poligineras muy caro los aviones de baja calidad el sillón estropeado sucio llega tarde atencion pésima me gaste 500 e en el billete y vaya estafa no lo recomiendo muy mal
IBB_0379,Binter,Desconocido,Las Palmas de Gran Canaria,Vitoria-Gasteiz,Domestic,noviembre de 2021,5,"En primer lugar, llegamos unos minutos tarde a la facturación y los azafatos de tierra fueron muy amables con nosotros intentando buscarnos una solución. Finalmente pudimos volar a pesar de los contratiempos iniciales y durante el vuelo tuvimos una muy buena experiencia tanto en el trato del personal como en la experiencia gourmet que ofrecen durante el trayecto. Volamos por la mañana, por lo que nos ofrecieron un desayuno muy completo cumpliendo con todas las medidas de seguridad e higiene. Repetiremos!!"
IBB_0380,Binter,Desconocido,Vigo,Santa Cruz de la Palma,Domestic,diciembre de 2020,5,"Exquisito trato al cliente tanto durante el viaje como por teléfono. Llamas y problema resuelto, como cuando solicité el reembolso por el COVID, sin pegas y sin pérdidas de tiempo. Así deberían ser todos los servicios de atención al cliente."
IBB_0381,Binter,Desconocido,Tenerife,Las Palmas de Gran Canaria,Domestic,noviembre de 2021,1,"Es increíble lo de esta compañía, es una pena que la otra compañía que tenemos en Canarias no disponga de más horarios. Llevo ocho vuelos esta semana ente Islas y los ocho con retraso. Mucho cuidadin si quieren llegar a tiempo a trabajar o donde quieran ir, va a llegar tarde."
IBB_0382,Binter,Desconocido,Vitoria-Gasteiz,Las Palmas de Gran Canaria,Domestic,octubre de 2021,1,"Estafadores inhumanos, conducta totalmente rastrera, sinvergüenzas, usureros y no precisamente barato,"
IBB_0383,Binter,Desconocido,Valverde,Tenerife,Domestic,octubre de 2021,4,"Volvíamos a Tenerife desde El Hierro en este pequeño avión de hélice. Tanto la facturación como el embarque fueron rápidos y ordenados. Cuando habíamos iniciado la aceleración para despegar, notamos un frenazo brusco. El piloto nos comentó que se había encendido una luz de alarma, y por motivos de seguridad, había abortado el despegue. Después nos informó que debíamos esperar a que se enfriasen los frenos, para lo cual los servicios del aeropuerto colocaron ventiladores junto a las ruedas. De no ser por las explicaciones del piloto, todo habría sido muy alarmante. Después despegamos sin problema y tuvimos un vuelo sin incidencias."
IBB_0384,Binter,Desconocido,Oviedo,Las Palmas de Gran Canaria,Domestic,octubre de 2021,5,"Nunca habíamos volado con otra compañía que no fuera Iberia o Air Europa, Esta vez la vuelta sólo podía ser en la fecha que queríamos con Binter y realmente llegamos encantados. Para empezar, el avión hiper limpio, espacio entre asientos, aperitivo de cortesía y encima llegamos 15mn antes y sin ningún contratiempo. Que más se puede pedir?? Encantados."
IBB_0385,Binter,"Los Realejos, España",Lanzarote,Tenerife,Domestic,septiembre de 2021,5,"Excelente trayecto de vuelta de mis vacaciones entre Lanzarote y Tenerife Norte, todo muy bien y recomendable. Al mando del avión el guapo comandante Raüel Chávez según lo indicado por megafonía. Cumpliendo las normas covid-19 menos las del distanciamiento social ya que en los asientos delanteros y traseros nuestros había gente a menos de 2 metros de distancia. El detalle de agradecimiento por viajar con la compañía, unas galletas elaboradas en Canarias, se entregaron al final del vuelo para no consumirlas en el avión, muy buenas y con huella 0 por ser elaboradas en las islas, detalle a valorar."
IBB_0386,Binter,Desconocido,Tenerife,Madrid,Domestic,octubre de 2021,5,"Quería destacar la labor personalizada del personal de tierra. En concreto, Nazaret, del edificio de Binter del aeropuerto de Tenerife Norte te ayuda más allá de lo que marcan sus horas de trabajo y sus funciones encomendadas. Todo al servicio del pasajero"
IBB_0387,Binter,"Granadilla de Abona, España",Tenerife,Fuerteventura,Domestic,septiembre de 2021,5,"Siempre me ha gustado viajar con Binter porque son unos auténticos profesionales y me lo han demostrado con creces. Este mes viaje a Fuerteventura a pasar unos días de relax en mis vacaciones, pero a la vuelta se canceló mi vuelo por motivos ajenos a la compañía y a pesar de ello, nos trataron maravillosamente bien. No nos dejaron colgados. Muchas gracias Binter"
IBB_0388,Binter,Desconocido,Murcia,San Sebastián de la Gomera,Domestic,septiembre de 2021,5,"Solo puedo decir cosas positivas de esta compañía, quedamos muy contentos con el trato de los trabajadores , sobretodo con un chico que trabajaba en el aeropuerto de Gran Canaria, muy profesional que nos atendió con mucha amabilidad cuando se cancelo nuestro vuelo. Debido a la nube de humo del volcán de la palma nos quedamos sin poder subir al avión en el que hacíamos trasbordo desde las Palmas hacia la gomera, nos pusieron en lista de espera para ir a Tenerife y coger el ferry pero no conseguimos plaza , y la compañía nos facilito un taxi , nos llevó a un hotelazo con cena y desayuno incluido, otro trasporte para volver al aeropuerto y finalmente vuelo directo a la gomera . Desde luego pensamos repetir porque la experiencia ha sido excelente"
IBB_0389,Binter,Desconocido,Lanzarote,Tenerife,Domestic,septiembre de 2021,1,"Una vergüenza, el personal de tierra de Lanzarote, una señora muy maleducada, en el primer vuelo de la mañana Lanzarote-Tenerife, nos obliga a pagar el vuelo para poder viajar de nuestro bebé de 8 meses canario y evidentemente residente, por un error de su programa de venta online. Muy mal trato por esta señora, maleducada, borde y sin razón. Y la compañía, después de una semana reclamando no nos ha ni respondido y pedido disculpas. Vergüenza de empresa, cobrar a un bebé de 8 meses que hasta los 2 años no pagan, y no es por el dinero, es por el trato del personal de tierra, que nos trataron como animales."
IBB_0390,Binter,"Santa Cruz de Tenerife, España",Las Palmas de Gran Canaria,Oviedo,Domestic,septiembre de 2021,4,"Vuelo maravilloso, 2 horas y 40 minutos, con atención en el vuelo de aperitivo y horario perfectamente gestionado. Lo mejor de lo mejor. Un preciso muy barato y una calidad muy grande."
IBB_0391,Binter,"Madrid, España",Valverde,Las Palmas de Gran Canaria,Domestic,julio de 2021,1,"UNA VERGUENZA con un servicio que parece más una ESTAFA que una mala practica, actuación y organización. Si no tienes ningún problema quizás puedas valorar a binter como una empresa cara pero normal, ahora bien como tengas un imprevisto algo posible dadas la situación geográfica de ciertas islas, preparate para ser ESTAFADO. Nos modificaron a 4 horas despues el vuelo sin una justificación, llegada la hora y despues de 7 horas en el aeropuerto y en la sala de embarque lo cancelaron y nos dijeron que no nos daban ni alojamiento ni transporte porque no podían, que nos buscáramos la vida ""literal"" y pasaramos las facturas. Al día siguiente nos llamaron por la mañana para ir al aeropuerto porque habían puesto un vuelo especial, cuando llegamos nos dijeron que estaba lleno.. si si lleno..nos dieron la opcion de llevarnos a otra isla y luego de ahí a canarias.. un caos y una VERGUENZA... LO PEOR no es todo esto, lo peor es que cuando hemos pasado las facturas de todo este improperio, nos han dicho que nos pagan el 30% de los gatos. recomiendo NO COMPRAR NADA en esta compañía, lo barato (que en este caso ni lo es ... puede salir muy caro)"
IBB_0392,Binter,Desconocido,San Sebastián de la Gomera,Tenerife,Domestic,agosto de 2021,1,"No se porque no bajais los precios a los que no son residentes me parece una pasada lo que nos cobrais, es un abuso hacia la dignidad humana y ajena ya que nos excluis por no vivir aquí, en cualquier comunidad autónoma no pasa eso, tratamos a todos iguales no hay discriminacion"
IBB_0393,Binter,Desconocido,Tenerife,Valverde,Domestic,agosto de 2021,1,"Retrasan el vuelo, no informan de nada, a última hora nos mandan en un barco y para colmo la maleta rota por ellos cuando nos la devuelven para irnos en el barco, es la peor compañía aérea con la que he viajado. No me querían dejar poner una hoja de reclamaciones poniéndome excusas que no venían a cuento. Veremos si la reclamación online sirve de algo, pero desde luego que si puedo no volveré a viajar con esta compañía."
IBB_0394,Binter,Desconocido,Fuerteventura,Tenerife,Domestic,agosto de 2021,1,"Parten una tabla de surf de una forma irreparable, es decir por un mal trato intencionado. Una vez me acerco al mostrador a poner una reclamación, se ríen de mi y me aseguran que no se van a hacer cargo."
IBB_0395,Binter,Desconocido,Tenerife,Oviedo,Domestic,julio de 2021,5,"El vuelo estaba retrasado media hora, pero ha sido una excelente experiencia. Vuelo agradable, personal profesional e incluso nos dieron merienda a todos. Volveré a volar con ellos seguro"
IBB_0396,Binter,Desconocido,Lanzarote,Tenerife,Domestic,julio de 2021,1,El vuelo DE PENA. Llegamos tarde por culpa de Vueling y salimos antes por culpa de Binter. Teníamos la vuelta por la tarde y nos la adelantaron a por la mañana con lo que perdimos el último día. No lo pude cambiar porque me dijeron 15 días antes que anulaban los vuelos por la tarde. Me dieron pocas explicaciones y en el aeropuerto comprobé que había más vuelos por la tarde. Lanzarote es precioso y no lo pude disfrutar entero por la mala gestión de Binter.
IBB_0397,Binter,Desconocido,Santa Cruz de la Palma,Tenerife,Domestic,julio de 2021,1,"Retrasan los vuelos por causas operativas, cuando informan, la mayoría de las veces solo ponen en los paneles de información ""retrasado"". Pero de la causa real no te informan por lo que los pasajeros para esta Compañía no somos más que paquetes no personas. ¡Con lo fácil que es hoy en día mantener contacto con tus clientes! No aconsejable para viajar con un horario ajustado."
IBB_0398,Binter,"Lanzarote, España",Lanzarote,Tenerife,Domestic,mayo de 2021,1,"Hola buenos días, 1° he tratado de hacer check in online con ustedes y no me habéis dejado porque ahora resulta que hay limite!?!!? Cuando por lógica sería mejor evitar las aglomeraciones en el aeropuerto. 2° llego al aeropuerto 30' antes como se ha hecho siempre de toda la vida para vuelos insulares y me dicen que mi vuelo está cerrado y más con mascota, si han cambiado los protocolos no es ni medio normal que cuando llamas para reservar la plaza del perro te lo digan??? Cuando yo viaje el año pasado al mismo sitio y estuve 30' esperando para poder embarcar!?!!? Me parece todo un vacilón que yo ahora tenga que estar botada en el aeropuerto esperando que por milagro divino alguien cambie su vuelo y con suerte llegar a mi destino antes de mi vuelo de vuelta porque si no me tengo que tirar todo el día botada en las Palmas. La verdad es que estoy muy decepcionada. Menos mal que por lo menos la azafata de tierra era amable porque la chica de la oficina de binter madre mía mujer borde, no le vendrían mal unas vacaciones a ver si se endulza, porque por no hacer ni te mira a la cara!"
IBB_0399,Binter,Desconocido,Las Palmas de Gran Canaria,Oviedo,Domestic,abril de 2021,1,"Me entregaron el cochecito del bebé roto, el manillar de cuajo, imposible reparar ni usar asi. Sigo esperando despues de 3 dias una solución y me comentan que la solución seria que compraramos nosotros otro carrito y nos abonan el 50%.....como?????????????? Nosotros paga otro carrito??????"
IBB_0400,Binter,Desconocido,Tenerife,Lanzarote,Domestic,marzo de 2021,1,El día de mi vuelo descubro que me lo han cambiado son avisar y me hacen correr con todos los gastos. Según ellos la culpa es mía...esto es lo que me contestan los maravillosos agentes de binter por teléfono. Muchas gracias binter!! Un servicio estupendo me entero de que mi vuelo no existe gracias a que me po go hacer el check in online 24 horas antes y encima la solución es buscarme yo la vida... Bravo
IBB_0401,Binter,"Zaragoza, España",Zaragoza,Las Palmas de Gran Canaria,Domestic,marzo de 2021,5,"He viajado varias veces con ellos, da gusto poder volar desde cerca de casa. Los precios son algo elevados pero compensa el tiempo que ahorras, además en el precio va incluida una maleta de hasta 23 kgr. y puedes elegir asiento sin coste adicional. Durante el vuelo te dan de comer, embutido rico, pasta para untar, una galleta... y bebida, agua, refresco o cerveza. si a eso le sumamos la amabilidad de la tripulación...no viajo más porque no puedo."
IBB_0402,Binter,"Fuerteventura, España",Tenerife,Fuerteventura,Domestic,Desconocida,4,"Hoy quiero expresar mi relación con Binter, hasta hace bien, usaba una compañía de low cost muy conocida pero de horrorosa atención al cliente. Como os decía voy a hablar de un vuelo cualquiera con Binter, llevo 3 desde octubre del año pasado a la península, al principio todo es igual, una aplicación, entras, reservas y pagas. Si por casualidad tienes un problema, tienes un número de teléfono dónde una persona te contesta, te atiende y sobre todo soluciona tu problema. También por correo electrónico, te contestan rápidamente. En el vuelo, elcgHoy quiero expresar mi relación con Binter, hasta hace bien, usaba una compañía de low cost muy conocida pero de horrorosa atención al cliente. Como os decía voy a hablar de un vuelo cualquiera con Binter, llevo 3 desde octubre del año pasado a la península, al principio todo es igual, una aplicación, entras, reservas y pagas. Si por casualidad tienes un problema, tienes un número de teléfono dónde una persona te contesta, te atiende y sobre todo soluciona tu problema. También por correo electrónico, te contestan rápidamente. En el vuelo, el personal te mira a la cara, te sonríe, te ayuda, te ofrecen un tentempié, jamón ibérico, paté, foi, galletas saladas, una galleta Tirma y pan, gratis repito GRATIS. En el billete está incluido una maleta facturada de 23 kilos, una maleta en cabina de 6 kilos y elección de asiento. La comida se hace por filas alternas y tienes un máximo de tiempo para comer casi 30 minutos. Los asientos son cómodos. Tienes cargadores de móvil en los asientos. A medio viaje el capitán te da la bienvenida, presenta a la tripulación y te da un parte completo del vuelo, llegada, viento etc. A lo mejor y digo, sólo a lo mejor, es un poco más caro pero a mí, me merece la pena pagar ese poco más y que me traten como persona. Espero de corazón que las empresas como Binter tengan futuro personal te mira a la cara, te sonríe, te ayuda, te ofrecen un tentempié, jamón ibérico, paté, foi, galletas saladas, una galleta Tirma y pan, gratis repito GRATIS. En el billete está incluido una maleta facturada de 23 kilos, una maleta en cabina de 6 kilos y elección de asiento. La comida se hace por filas alternas y tienes un máximo de tiempo para comer casi 30 minutos. Los asientos son cómodos. Tienes cargadores de móvil en los asientos. A medio viaje el capitán te da la bienvenida, presenta a la tripulación y te da un parte completo del vuelo, llegada, viento etc. A lo mejor y digo, sólo a lo mejor, es un poco más caro pero a mí, me merece la pena pagar ese poco más y que me traten como persona. Espero de corazón que las empresas como Binter tengan futuro"
IBB_0403,Binter,Desconocido,Pamplona,Las Palmas de Gran Canaria,Domestic,enero de 2021,5,"Un viaje excepcional, cómodo y muy bien atendido. Me encantó el detalle de dar un aperitivo por cortesía de la compañía. El jamón estaba increíble. ¡Mis felicitaciones!"
IBB_0404,Binter,"Xove, España",Vigo,Las Palmas de Gran Canaria,Domestic,noviembre de 2020,5,"Mi experiencia con Binter desde la Península hasta Gran Canaria fue cuanto menos muy satisfactoria. Viajé el 4 de noviembre de 2020 a Fuerteventura pero hice escala en Gran Canaria. Por la situación en la que estamos con la pandemia me resultó muy difícil volar con alguna aerolínea con mi perra. Lo intenté con Iberia pero ellos tienen una política más estricta por lo que nunca me confirmaban la plaza de la mascota en bodega. Investigué y encontré que en Binter permitían llevar la mascota tanto en cabina como en bodega. Llamé al teléfono de reservas y me hicieron todo con muy buena atención al cliente y siendo muy resolutivos. Me sorprendió que en la misma llamada me confirmaran la plaza del perro para bodega. El precio de la plaza en bodega es de 120€. En el aeropuerto de Vigo fue todo súper sencillo. Cuando vas al mostrador de Binter te piden el pasaporte del perro para comprobar vacunas, etc. Si al hacer el check in te queda tiempo para embarcar te permiten estar con él hasta una hora antes del vuelo. Cosa que agradecí por el bienestar de ella. Otra cosa que valoré mucho fue que al hacer una escala de 4 horas me permitieran recoger al perro para que no estuviera esperando encerrado hasta tomar el otro vuelo. Además llovía ese día. El servicio a bordo desde Vigo hasta Gran Canaria me impactó porque nos dieron un snack/comida gratis y no estoy acostumbrado a que nos regalen nada en otras compañías con las que he volado. Estoy muy contento con todo en general. Desde el trámite por teléfono para la venta de los billetes hasta el check out. Mi enhorabuena a esta compañía. Volvería a volar con ellos."
IBB_0405,Binter,Desconocido,Las Palmas de Gran Canaria,Tenerife,Domestic,septiembre de 2020,5,"Una compañía excelente, destacaría el buen entretenimiento a bordo. Gran variedad de películas casi de cartelera, los periódicos locales de siempre y además algunas de mis series favoritas. Con todo este entretenimiento el viaje se pasa más ameno y mucho más rápido."
IBB_0406,Binter,"Gran Canaria, España",Las Palmas de Gran Canaria,Lanzarote,Domestic,noviembre de 2020,5,Mucho más cómodo y seguro que te asignen asientos o poder seleccionarlos con anterioridad. Eso y el acceso al avión de forma escalonada es un gran avance. Enhorabuena por las mejoras!!
IBB_0407,Binter,Desconocido,Tenerife,Madrid,Domestic,noviembre de 2020,1,"El personal responsable en Tenerife Norte del embarque el día 16 de noviembre, del vuelo 3939 con destino a Madrid, actuó con una falta de responsabilidad y prevención COVID inexcusable. Nos tuvieron más de 15 minutos apiñados, estimulando que siguieran entrado pasajeros al túnel de embarque. SIN DISTANCIAS DE SEGURIDAD, SIN VENTILACIÓN, MAS DE 70 PERSONAS. Me parece que tal y como están las circunstancias, no tiene explicación posible. No sé si son conscientes de que están PONIENDO EN RIESGO LA VIDA DE LOS PASAJEROS. Así se producen contagios por aerosoles, ya que se saltan todas las normas de prevención. Deberían exigirseles responsabilidades a todos ellos. Tengan cuidado con la salud de los demás 😡"
IBB_0408,Binter,"Santa Cruz de Tenerife, España",Lanzarote,Tenerife,Domestic,noviembre de 2020,1,"Me parece increíble que en el vuelo Lanzarote / Tenerife NT471 del 8 de Noviembre de este 2020, quedando plazas y después de haber solicitado a la tripulación de facturación que viajaba con un menor de 12 años y otro de 15años la posibilidad de que mi familia pudiera sentarse junta y me dijeran que no. Justo los 4 asientos que estaban delante de donde yo estaba estuvieran vacíos. Mi familia estaba compuesta por cuatro miembros. Y no solo fue mi caso. También había una pareja que sentaron separada y la chica no tenía a nadie sentado al lado. No entiendo. Ya que es más en esta situación del COVID que es preferible que me siente con mi familia con la que convivo o con un completo desconocido."
IBB_0409,Binter,"Estella, España",Pamplona,Las Palmas de Gran Canaria,Domestic,octubre de 2020,4,"El viaje cómodo, el espacio entre asientos amplio. mencionar el detalle que te dan snack en viajes largos y chocolatinas en los cortos. Puntualidad en todos los vuelos que yo he hecho. Por decir algo negativo son los números habitáculos que usan las azafatas en la cabina, ( luego para el pasaje no tiene) Y el excesivo ruido en decibelios que hacen las azafatas"
IBB_0410,Binter,"Santa Cruz de Tenerife, España",Fuerteventura,Tenerife,Domestic,octubre de 2020,5,"Como siempre servicio excelente, ya vuelven a dar la chocolatina pero a la salida del avión para evitar que la gente se quite la mascarilla durante el vuelo. Te dan toallita desinfectante y el avión está limpio. Destacar la amabilidad del empleado que nos atendió el día 3 de octubre en Fuerteventura en el vuelo a Tenerife de las 20:30 en la facturación y en el embarque un hombre super amable, atento y eduacdo."
IBB_0411,Binter,"Bergen, Noruega",Santa Cruz de la Palma,Las Palmas de Gran Canaria,Domestic,Desconocida,1,Servicio pésimo en cuanto a las conexiones La Palma Gran Canaria y viceversa. Recortan en vuelos y los fines de semana queremos volver a nuestra isla y pasarlos con nuestra familia. Han aumentado los vuelos con Tenerife en detrimento de las conexiones con Gran Canaria. Han retirado los vuelos de las 16:20 a GC y los de primera hora de regreso a La Palma. Ahora debemos ir y volver cogiendo dos aviones pues debemos ir primero.por Tenerife. No se olviden las subvenciones que cobran y que nuestro territorio es fragmentado y no tenemos posibilidad de otro medio rápido de transporte.
IBB_0412,Binter,"Vigo, España",Vigo,Lanzarote,Domestic,septiembre de 2020,5,"A destacar: la puntualidad, seriedad y sobre todo la información sobre la limpieza y desinfección del avión dada la situación actual. Los aviones en los que viajamos tenían filas de asientos de dos personas y eso nos dio tranquilidad y comodidad. No dieron toallitas desinfectantes en cada vuelo."
IBB_0413,Binter,Desconocido,Vigo,Tenerife,Domestic,septiembre de 2020,1,"Me dispongo a comprar un billete Vigo - Tenerife, y resulta que durante la compra no se puede añadir un equipaje extra, algo que ya me sorprende. Llamo por teléfono y me atiende una empleada poco amable, y me dice que el equipaje extra no se puede añadir durante la compra, si no que tengo que comprar el billete, volver a llamar por teléfono y solicitar el equipaje extra, y lo que es más surrealista es que no me confirman que pueda volar con mi segunda maleta hasta que llegue al aeropuerto. Es decir, que a mi madre de 75 años, que vuela con dos maletas de vuelta a su casa, no le aseguran que pueda volar hasta que llega al aeropuerto. Entonces, si le dicen que no hay hueco en bodega, o bien deja la maleta allí, o pierde el vuelo y se queda en el aeropuerto y compra otro. No entiendo qué sentido tiene esto ni el trato absurdo que se le da a los pasajeros. Por no hablar de que con Binter añadir un equipaje extra cuesta 75 euros. Me explica la telefonista que esto es porque no saben que disponibilidad tienen en bodega, algo que tampoco entiendo, porque si ya hay billetes comprados, con sus respectivas maletas, cómo es posible que no sepan si un pasajero puede añadir una maleta más o no en el momento de la compra? Esto no tiene ningún sentido. Obviamente mi madre vuela con otra compañía y pondremos una reclamación ante este disparate."
IBB_0414,Binter,Desconocido,Santa Cruz de la Palma,San Sebastián de la Gomera,Domestic,septiembre de 2020,4,"Binter nos ha solucionado en 5min el cambio de vuelo tras cancelación, ofreciendo 3 alternativas mientras que LOGITRAVEL, con quien hicimos la reserva, ni se ha dignado a informar de la cancelación, no cogen teléfono dentro de horario y el chat es un bot y el mismo te dice que es un bot y no puede darte respuesta... NO RESERVA EN LOGITRAVEL, RESERVA EN BINTER DIRECTAMENTE."
IBB_0415,Binter,Desconocido,Vigo,Tenerife,Domestic,septiembre de 2020,1,Pésimo. Siempre con retraso. Nunca tienen en cuenta la gente con vuelos de enlace. Nunca hay un vuelo que salga en hora
IBB_0416,Binter,"Santa Cruz de la Palma, España",Las Palmas de Gran Canaria,Santa Cruz de la Palma,Domestic,agosto de 2020,4,"En tiempos de pandemia, la compañía ha prescindido de todos los servicios a bordo, excepto el entregar una toallita para desinfección de manos al subir al avión y la retirada del envoltorio. En un avión es imposible mantener la distancia de seguridad, pero si fuese posible por qué no se hace. Si escojo un asiento, porque a mi alrededor nadie ha escogido los más próximos, ¿cómo es posible que se asigne a otra persona el asiento contiguo al mío habiendo libres en las filas anteriores y a la izquierda? Por favor, tened en cuenta que si el avión viene con la mitad del pasaje se debe respetar la distancia social, porque en este caso sí se podía hacer."
IBB_0417,Binter,"Las Palmas de Gran Canaria, España",Palma de Mallorca,Las Palmas de Gran Canaria,Domestic,Desconocida,1,"Recientemente cogí un vuelo de 5 horas de LPA a HAM y las azafatas entendían que es imposible estar 5 horas con la mascarilla puesta. Pues parece que las azafatas de binter no son tan comprensivas, todo el rato molestando, que si que tienen que hacer su trabajo pero que nos dijeran que no comiesemos para que no nos quitasemos la mascarilla creo que ya es pasarse. Tanto yo como el pasajero que iba detrás mía teníamos problemas respiratorios incluso con un papel del médico que pone que soy asmática y me dice que son las normas y punto. No recomiendo volar con binter en época de coronavirus, encima te dicen las cosas de mala manera. Y para colmo han quitado todos los snacks que daban con la excusa del covid. En fin!"
IBB_0418,Binter,"San Isidro, España",Tenerife,Fuerteventura,Domestic,agosto de 2020,4,"Siempre que viajo entre islas elijo binter, recientemente viaje a Fuerteventura en el avión perenquen, lo que me extrañó es en que momento está la aerolínea esta saneando contra el COVID SARS-2 a sus aviones si conforme bajan unos pasajeros nos estamos subiendo los otros....me gustaría saber qué plan de desinfección y limpieza tiene por costumbre la aerolínea y como sugerencia les comento que es muy bonito ver nuestras islas desde el aire con binter pero si estuvieran las ventanillas limpias se vería mucho mejor, así que como sugerencia de un cliente asiduo ahí lo dejo."
IBB_0419,Binter,Desconocido,Tenerife,Lanzarote,Domestic,julio de 2020,1,No cogen el teléfono. No sé si directamente no hay nadie para atender o sólo una persona y muchas llamadas. Llevo más de una semana intentando localizarles mínimo unas 10 llamadas diarias y aún no he podido conseguir que me atienda nadie. Vas al aeropuerto a ver si allí te pueden atender y por cualquier trámite te quieren cobrar 20€!! Vergonzoso. Esto es lo que pasa cuando estás en manos de un monopolio....
IBB_0420,Binter,Desconocido,Tenerife,Lanzarote,Domestic,abril de 2020,1,"muy mala compañia, Anularon el vuelo y no reembolsan el dinero. Estoy luchando para obtener mi dinero hace cuatro meses. Servicio cero. La próxima vez voy a viajar con Canarfly."
IBB_0421,Binter,Desconocido,Tenerife,Santander,Domestic,julio de 2020,1,"Compre un billete promo de 49 euros para agosto con idea de ver a mi familia, con opción a cambio y/o reembolso. Ahora tengo que cambiarlo por motivos de trabajo y el cambio sería 60 euros y no hay opción a reembolso. Esto es un engaña bobos y obviamente la boba soy yo. NUNCA MAS si puedo volveré a viajar con Binter. Además los puntos no sirven para nada."
IBB_0422,Binter,Desconocido,Tenerife,Lanzarote,Domestic,junio de 2020,3,"Servicio deficiente, mi maleta ha llegado dañada al destino. ¿A quien reclamo? Por supuesto si elevo una hoja de reclamación a la Empresa, me dirán que es asunto de las autoridades competentes en el proceso de revisión. Menos mal que he viajado con una maleta barata, pero lo que molesta es el abuso que cometen dañando pertenencia ajena."
IBB_0423,Binter,Desconocido,Tenerife,Lanzarote,Domestic,junio de 2020,2,"No compren vuelos en época de fases. Actualmente están VENDIENDO VUELOS que NO EXISTEN. Compras el vuelo y luego te mandan un correo reubicándote en otro horario. En la web no informan que estos vuelos que compras pueden tener cambios por ajustes de horarios, solo informan que puedes viajar con todas las garantías de seguridad por el tema COVID. No te llaman para saber qué horario de cambio te viene mejor. Mandan un correo sin saber si te viene bien o no. Ajusté horarios de guaguas y barcos (voy a la graciosa) en función al vuelo que yo había comprado, pues es muy complicado pues todos los horarios son ahora diferentes y resulta que me cambian de vuelo y ahora no llego a dicho vuelo donde me han reubicado. La solución que me dan es quedarme en lista de espera a ver si tengo suerte y se cancela alguna plaza en un vuelo al que sí pueda llegar, si no, pues me dan la opción de cancelar todo y perder el dinero de alojamientos y vuelos. me parece una falta de seriedad y engaño al consumidor."
IBB_0424,Binter,"Zaragoza, España",Vitoria-Gasteiz,Las Palmas de Gran Canaria,Domestic,abril de 2020,1,"Fatal la atención recibida por parte de esta compañía. Tenia unos vuelos para abril de 2020, que evidentemente han sido cancelados por el Covid-19. Tras una semana intentado contactar con la compañía, logré hablar con una chica que me dijo que se me devolvía el dinero. Unos días más tarde, me llaman para decirme que no, que no se va a realizar la devolución de ningún billete, si no puedes viajar en otra época, es tu problema y que no se respeta la tarifa pagada (hay que pagar las diferencias si es más caro el billete, si es más barato no te lo devuelve). Después de esto he escrito a atención al cliente varias veces, no me han contestado, he puesto una reclamación, tampoco me han contestado y tampoco cogen el teléfono. Espero que a través de las reclamaciones puestas en consumo esto acabe bien, pero la verdad que el trato recibido por Binter ha sido nefasto."
IBB_0425,Binter,Desconocido,Tenerife,Fuerteventura,Domestic,marzo de 2020,1,"Antes de comenzar la triste y devastadora pandemia, compro unos billetes para volar a fuerteventura, con opción a reembolso, tras anunciarse las medidas de aislamiento me pongo en contacto con Binter Canarias para solicitar el reembolso al cual me dicen q sin problema pero que tardaran unos días, llamo 10 días despuéspara conocer la situación y la respuesta ha sido que Binter tiene bloqueados hasta nuevo aviso todos los reembolsos, me parece de vergüenza, pero vamos, yo perderé mi tiempo pero ya me encargaré de hacer llegar a todo el mundo, la clase de sinvergüenzas que hay en esta compañía, y luego nos dicen que una vez que pase todo esto volvamos a volar con ellos para que se recupere la Compañia, mejor no digo lo que opino, porq aunque tengo un enfado considerable, sigo teniendo educación."
IBB_0426,Binter,"Palma de Mallorca, España",Las Palmas de Gran Canaria,Tenerife,Domestic,Desconocida,5,Excelente compañía con servicio a bordo gratis . Vuela entre Islas Canarias y algunos puntos de la península. Tarifa flexible con facilidad para cambiar . Aviones pequeños pero cómodos y puntual. En especial recomendable coger tarifa flexible
IBB_0427,Binter,"Las Palmas de Gran Canaria, España",Las Palmas de Gran Canaria,Funchal,Europe,febrero de 2020,4,"La verdad que el viaje fue cómodo y con un servicio abordo adecuado y atento en todo momento, nos ofrecieron un servicio de snack que estaba bien. Nos sentimos a gusto"
IBB_0428,Binter,"Tenerife, España",Tenerife,Lisbon,Europe,septiembre de 2019,1,"El verano pasado me fui a Portugal con la familia de vacaciones, y vaya decepción con la compañía aérea, primero tuvimos un retraso de más de 8 horas, y luego al llegar a Lisboa, se me enganchó La chaqueta que tenía puesta con la baranda de la escalerilla, sii esa tan segura que está abierta y que se mueve y es súper inestable, además de súper inclinada y estrechos sus escalones, y entonces perdí el equilibrio y baje rodando desde el primer escalón y aterrice en la pista nunca mejor dicho, llamaron la ambulancia y vino una inepta y dijo que no era nada, bueno pues lo que no era nada resultó ser fracturas de varios huesos del pie izquierdo con una lesión de lisfranc y un esguince en el derecho, a todas estas le puse una reclamación a Binter para que me dieran aunque sea el seguro médico y de eso nada, me remitieron a un bufete de abogados y me dijeron que ellos no se responsabilizaban de nada, y me pregunto si yo pago un seguro al volar, tampoco es responsabilidad de ellos aunque sea preocuparse por los gastos médicos, porque yo me caí en sus instalaciones por ser de una seguridad pésima, así que no se caigan ni sufran ningún accidente en o por un avión porque te dejan en la estacada 🙈"
IBB_0429,Binter,"Tenerife, España",Fuerteventura,Tenerife,Domestic,marzo de 2020,5,"Nos rompieron las dos maletas y presentamos la reclamación. Nos atendieron muy bien y cinco días después las teníamos nuevas. Gracias a la señorita que nos atendió por teléfono (Macarena) amable y profesional. Lo mismo la atención recibida por la dependienta de Paco Martínez, donde nos entregaron las maletas. Bien por BINTER. Repetiremos."
IBB_0430,Binter,Desconocido,Tenerife,Las Palmas de Gran Canaria,Domestic,febrero de 2020,5,"Quiero dar la enhorabuena a la compañía Binter. Es la única compañía que te da la prensa, una chocolatina, un vaso de agua. Son puntuales y las azafatas son muy educadas. Aunque no hay asientos asignados, dejan embarcar a familias con niños en primer lugar."
IBB_0431,Binter,"Murcia, España",Murcia,Las Palmas de Gran Canaria,Domestic,febrero de 2020,4,"Excelente vuelo con la aerolínea canaria Binter desde el aeropuerto de Corvera (Región de Murcia) al de Las Palmas de GC. El vuelo fue muy puntual tanto en la ida como en la vuelta, tardando unas 2 horas y 20 minutos aproximadamente. El comandante y la tripulación demostraron gran profesionalidad. Nos ofrecieron a bordo un completo menú de cortesía totalmente gratuito, cosa que otras aerolíneas no hacen."
IBB_0432,Binter,Desconocido,Las Palmas de Gran Canaria,Palma de Mallorca,Domestic,febrero de 2020,5,"El personal es amable y atento. El avión es espacioso y no te chocan las rodillas con el asiento delantero. Te dejan en paz. Te regalan un ""aperitivo"" delicioso con bebida y café. ¿Qué más se puede pedir? :)"
IBB_0433,Binter,Desconocido,Las Palmas de Gran Canaria,Fuerteventura,Domestic,febrero de 2020,1,"El vuelo la palma a gran canarias salió con retraso aun así llegue a tiempo para la conexión a fuerteventura ...no me dejaron subir xk el avión estaba lleno ...dieron mi asiento a otro xk el vuelo que ellos mismo me vendieron se retraso un poco pensando que no llegaba ,,, después de correr como un loco para nada ,,,sin información de ninguna clase...mal servicio ...mala educación...mala gestión lo arreglan todo con un lo siento totalmente falso....penoso que lastima"
IBB_0434,Binter,España,Banjul,Las Palmas de Gran Canaria,International,septiembre de 2019,5,"Servicio maravilloso de la aerolínea,el pais muy pobre pero muy bonito.el desembarco del pescado en tanyi expectacular .Bueno bonito y muy economico"
IBB_0435,Binter,Desconocido,Fuerteventura,Vigo,Domestic,noviembre de 2019,1,"El pasado mes de Junio 19 compre vuelos para Noviembre 19 y Marzo 20, para irme a visitar a mi familia t poder organizar mis vacaciones en mi trabajo. Pues bien estos 'señores' cambian programación ( lo entiendo) y cambian tus vuelos a las fechas que a ellos les da la gana sin consultar al afectado...búscate la vida para re modificar las vacaciones de tus compañeros a las fechas que a ellos les conviene que viajes. Tu les dices fechas en las que puedes viajar y SE NIEGAN a cambiarte los vuelos. Lanzan ofertas que después no cumplen mesón un auténtico FRAUDE. Me paso en un vuelo de Noviembre y ahora el que tenía para Marzo me hacen lo mismo. COMPAÑIA CON CONFIANZA 0, Y SERVICIO AL CLIENTE -10. Nada recomendable por que tu compras en unas fechas y ellos te lo cambia como les sale de las narices. En fin una VERGÜENZA Y UN ABUSO MÁS de una compañía a los usuarios indefensos."
IBB_0436,Binter,Desconocido,Valverde,Tenerife,Domestic,enero de 2020,4,"Aviones de helice y más pequeños que los habituales pero no hay que preocuparse. Personal amable. Estan en su tierra y a veces no hay más opción. Hice ida y vuelta a Tenerife y pude enlazar sin problemas, salvo tener que recoger equipaje y facturarlo de nuevo en Vueling. Lo sabía y no causó problema."
IBB_0437,Binter,"Berriozar, España",Pamplona,Las Palmas de Gran Canaria,Domestic,enero de 2020,4,La comodidad de salir desde pamplona ya es un lujo y el servicio que te dispensan la tripulacion con un aperitivo y cafe o infusiones etc esta bien .Volvere a viajar con Binter
IBB_0438,Binter,Desconocido,Las Palmas de Gran Canaria,Pamplona,Domestic,febrero de 2020,5,"Un trato inmejorable por parte del personal de vuelo, además tienen el detalle de servir un tentempié a bordo de forma gratuita. Deberían aprender el resto de aerolíneas"
IBB_0439,Binter,Desconocido,Fuerteventura,Vigo,Domestic,junio de 2019,1,No compréis vuelo con antelación porque te los cambian como ellos quieren. Y si los compras sin antelación es un atraco. En fin canary fly...
IBB_0440,Binter,Desconocido,Vigo,Tenerife,Domestic,Desconocida,1,Teníamos el vuelo a las 15.00 en Vigo y nos mandaron un MSN diciendo que se retrasaba 35 minutos. Llegamos al arepuerto y tuvimos que esperar una hora y poco por habia niebla. Nos dieron una empanada una botella de agua y pechuga con papas fritas. Hasta aqui más o menos. Pero acto seguido nos informan que tenemos 15 minutos para subir al bus para irmos para el aeropuerto de la Coruña. Llegamos allí y no había nadie de la compañía que nos indicara. Andabamos más perdidos. Hasta que me acerque a un mostrador y nos indicaron que iban a empezar a llamar la gente de dicho vuelo. Jajaaj Pues desde ese momento hasta que llegó el avión tuvimos que esperar 3 horas. Lo único que decían era que por motivos averia técnica del avión y que perdonansen el retraso
IBB_0441,Binter,Desconocido,Palma de Mallorca,Las Palmas de Gran Canaria,Domestic,enero de 2020,5,"Es la segunda vez que vuelo con Binter y repetirían muchas veces más. Tres giras y media de vuelo muy placentero , dan comida de muy buena calidad sin cargo y las bebidas igual."
IBB_0442,Binter,"Madrid, España",Fuerteventura,Palma de Mallorca,Domestic,enero de 2020,1,"Hace más de un mes reservé los vuelos y hace unos días recibo un email con cambio de horarios en mi reserva, tanto a la ida como a la vuelta. A la ida lo que suponía era alargar la escala (de una hora y 50 minutos me lo pasan a 3 horas y 45 minutos). A la vuelta me cambian el vuelo de las 16.20 a las 20.10 perdiendo así el segundo vuelo de conexión. Las soluciones que me dan son: 1. Me devuelven el dinero sin coste ninguno para mí (gracias majetes...). Yo perdería el dinero de la reserva del hotel y el coche de alquiler que ya tengo pillado y ellos no se hacen cargo. 2. Pasar la noche en la ciudad de la escala pagando yo esa noche de hotel, transporte y dietas. 3. Ver si me pueden buscar otros días para volar pagando yo los importes adicionales e igualmente teniendo que hacer otra reserva de hotel y coche y perder la que ya tenía. Esto es la segunda vez que me pasa con esta compañía haciendo vuelo con escalas. Me cambian los horarios. La vez anterior sólo se incrementaron las escalas y coló. Nunca más. Abusan porque tienen casi monopolio en las islas pero para sus anunciados destinos fuera de la isla, va a volar con ellos Rita. Muy poco serios."
IBB_0443,Binter,"Santa Lucía, España",Las Palmas de Gran Canaria,Lisbon,Europe,diciembre de 2019,5,"Cada día me gusta más está compañía canaria. Además de su oferta en los vuelos interinsulares, pude viajar con ellos a Lisboa. El trato es excepcional. Además de la amabilidad, el servicio a bordo: prensa, comida, bebida, todo gratis. Además los asientos son de dos plazas por cada lado. Lo que es mejor para las parejas."
IBB_0444,Binter,Desconocido,Tenerife,Santa Cruz de la Palma,Domestic,enero de 2020,1,"En numerosas ocasiones, por no decir siempre, el vuelo sale con al menos media hora de retraso. Es indignante."
IBB_0445,Binter,Desconocido,Las Palmas de Gran Canaria,Tenerife,Domestic,Desconocida,5,"Binter Canarias, sin lugar a dudas, la mejor compañía aérea Canaria. Poco a poco a mejorado abismalmente. El trato del personal de tierra junto con el aéreo, han sido muy buenos. Totalmente recomendable. Gracias Binter group por hacer la lejanía cada vez más cerca."
IBB_0446,Binter,"Alcudia, España",Palma de Mallorca,Tenerife,Domestic,diciembre de 2019,5,"Excelente vuelo, gran cortesía, catering, puntualidad, etc. Todo de 10.Muchas otras compañías deberían aprender que el trato al pasajero hoy en día sigue siendo importante. Llevo 50 años volando, y sin duda, esta compañía ha sido un descubrimiento muy agradable recordándome como era volar en otras épocas. Altamente recomendable. Muchas gracias!!!"
IBB_0447,Binter,"Santa Brígida, España",Las Palmas de Gran Canaria,Lanzarote,Domestic,noviembre de 2019,4,"Es una compañía seria, en expansión y que se preocupa por la satisfacción de sus pasajeros. Recomendable al 100%"
IBB_0448,Binter,"Santa Cruz de Tenerife, España",Tenerife,Palma de Mallorca,Domestic,diciembre de 2019,5,"Viajar con Binter siempre es cómodo pero si además puedes hacerlo a otros lugares de España o Africa y sin escalas, no se puede pedir más. Ahorrarte el pasar por Madrid o Barcelona para conectar con otros destinos merece la pena."
IBB_0449,Binter,Desconocido,Fuerteventura,San Sebastián de la Gomera,Domestic,Desconocida,3,La compañía tiene bastantes vuelos y compaginó muy bien la conexión entre Fuerteventura-Tenerife-La Gomera y viceversa...el único inconveniente es que el aeropuerto de La Gomera cuando se va el sol ya no salen vuelos y en el regreso casi no salimos por un retraso del vuelo y fue tan rápido el embarque que el.equipaje no embarcó 🤦‍♀️las maletas llegaron al día siguiente si tienes que conectar con un vuelo de.otra compañía para salir a la.peninsula ten cuidado a que hora coges el vuelo...desde la Gomera puede que no salgas si cae la noche 😬no obstante sólo existen dos compañías aéreas para viajar entre las.islas menores.
IBB_0450,Binter,"Bilbao, España",Valverde,Tenerife,Domestic,diciembre de 2019,5,"De como un vuelo "" discreto"" puede ser mucho mas placentero que un vuelo de los denominados ""grandes"". Una buena experencia que, sin duda alguna, habrá que repetir"
IBB_0451,Binter,"Meloneras, España",Las Palmas de Gran Canaria,Tenerife,Domestic,Desconocida,5,"Tocaba volar con Binter y para sorpresa fue el modelo nuevo de Embraer. Cuando me di cuenta en apenas 15 minutos estaba en Tenerife, ojalá todos los vuelos fueran igual, servicio profesional a bordo y todo muy correcto."
IBB_0452,Binter,"Arucas, España",Las Palmas de Gran Canaria,Marrakech,International,noviembre de 2019,4,"El aterrizaje de ida, no fue muy bueno, personas la atención del equipo de cabina fue excelente tanto a la ida como a la vuelta."
IBB_0453,Binter,Desconocido,Palma de Mallorca,Tenerife,Domestic,septiembre de 2019,5,"El resto de compañías aéreas deberían mirar qué y cuánto bueno hace está compañía. Puntualidad y atención exquisita por parte de sus profesionales. Aviones pequeños que también te acercan a tus seres queridos, a tus soñadas vacaciones, a tus obligaciones de trabajo; y te dan de comer, de beber y todo tipo de atenciones sin pagar más. Y Puntuales, sin nervios de embarque, sin mil maletas por encajar...."
IBB_0454,Binter,"Las Palmas de Gran Canaria, España",Pamplona,Las Palmas de Gran Canaria,Domestic,Desconocida,5,"Volamos de Pna a Lpa el pasado día 22 de noviembre. El embarque rápido ya que el aeropuerto es pequeño. El vuelo no tuvo retraso y fue cómodo, pese a haber alguna turbulencia. Las auxiliares de vuelo amables y correctas. Sirvieron un refrigerio con bebidas que estaba bueno. Ideal para acercar Gran Canaria al norte de la península. Pienso repetir con algún otro vuelo directo, Vigo, por ejemplo."
IBB_0455,Binter,"Madrid, España",Las Palmas de Gran Canaria,Ilha do Sal,International,Desconocida,5,"Me sorprendió que nos dieran un piscolabis en un vuelo de dos horas, cuando las demás compañías no te dan ni agua si no pagas. Además apuestan por España, ofreciendo productos ibéricos. Trato muy agradable de su personal."
IBB_0456,Binter,"Las Palmas de Gran Canaria, España",Las Palmas de Gran Canaria,Santa Cruz de la Palma,Domestic,Desconocida,5,"Un vuelo perfecto y puntual tanto de ida como de regreso, con una aerolínea canaria que ofrece un servicio de gran calidad, con un personal muy amable y profesional. Sin olvidar que regalan caramelos y la mejor chocolatina del planeta."
IBB_0457,Binter,"Los Llanos de Aridane, España",Las Palmas de Gran Canaria,Pamplona,Domestic,noviembre de 2019,4,"Nuevos destinos directos de Binter a destinos al que o va ninguna por lo menos desde Canarias, a los servicios en general de la compañia les doy un 10. Primero por los precios de los billete para los residentes canarios, no hay que pagar de mas por las maletes servicip a bordo con comida y bebidas gratis, personal super amable, buen avion y vuelo, sin contratiempos."
IBB_0458,Binter,"Tenerife, España",Tenerife,Marrakech,International,septiembre de 2019,5,"Excelente servicio. Puntual, cómodo, rapido y con refrigerio incluido en clase turista. Muy recomendable."
IBB_0459,Binter,"Las Palmas de Gran Canaria, España",Las Palmas de Gran Canaria,Fuerteventura,Domestic,diciembre de 2019,1,"He volado en innumerables ocasiones con esta compañía aérea. Al final vas dejando pasar las valoraciones por no perder el tiempo pero hoy ya me harté.Te llevan y te traen pero como tengas una incidencia... muérete. El servicio de atención al cliente es para pegarte un tiro. Y por favor: que no se te olvide nada en el avión... aunque sólo hayan pasado 5 min desde que te bajaste, tus objetos desaparecen. Así, sin más. Y oye: que te echan la culpa a tí!. Mira que he viajado y me han pasado cosas y he tenido que acudir a servicios de atención al cliente pero este se lleva la palma. Muy triste."
IBB_0460,Binter,Desconocido,Tenerife,Vigo,Domestic,agosto de 2019,5,Excelente vuelo en esta compañía canaria que sigue a buen ritmo de expansión . El avión de los modernos y cómodo. El servicio a bordo es excelente y las azafatas muy amables y serviciales.
IBB_0461,Binter,"Sant Cugat del Vallès, España",Boa Vista,Ilha do Sal,Domestic,noviembre de 2019,3,"Reservamos el vuelo con dos meses de antelación. Nos costó bastante encontrar plaza, ya que en principio el día que necesitábamos volar de Boa Vista a Sal el vuelo estaba lleno. Después de pasar por lista de espera y tras algunas gestiones telefónicas logramos confirmar nuestro vuelo para 6 personas. Llega el día de hacer CheckIn, una semana antes del vuelo, y la sorpresa es que se nos asignan tarjetas de embarque para el día 20/11, cuando nuestra reserva es para el día 19/11. Llamo a la compañía y tranquilamente me dicen que el vuelo del 19 lo han anulado pero que ""no hay ningún problema ya que nos han asignado plaza para el día 20"". Tras protestar y hacerles entender que perdemos una noche de hotel en Sal y no tenemos donde dormir el día de más en Boa Vista, nos ofrecen volar el día 19 de Boa Vista a Praia, y de Praia a Sal. Nos cambian los billetes de 4 del grupo y 2 quedan colgados en lista de espera. Después de dos días de nervios finalmente conseguimos solucionar el problema vía Praia y sin costes adicionales. A parte de la ""informalidad"" de la compañía los aviones son correctos y las operaciones de tierra eficientes. Tampoco hay alternativas, ya que Binter en Cabo Verde tiene el monopolio de los vuelos entre las islas."
IBB_0462,Binter,"Puerto del Rosario, España",Fuerteventura,Las Palmas de Gran Canaria,Domestic,diciembre de 2019,1,"Me gustaría saber qué está pasando en binter con el transporte de animales en cabina. Llevo muchos años viajando con mi perrita en el mismo transportín y jamás me habían puesto ninguna pega (el transportín cumple las medidas reglamentarias y el peso de la perra+el transportín no supera los 8kg). Desde hace algunos meses cada vez que voy a viajar con la perrita les molesta algo del transportín. Ella está más que acostumbrada a viajar ahí (cuando va en coche va en el mismo transportín) y va cómoda porque no tengo que obligarla a meterse. No sé qué tipo de interés hay últimamente en rechazar los transportines (venderme un transportín de binter, que ya me lo han ofrecido en alguna ocasión; que pague más para que el animal vaya en bodega...), pero he coincidido con varias personas en la misma situación que yo y, la verdad, no estamos nada contentos con el trato de la compañía en este aspecto porque el perro con quien mejor va a viajar es con su dueño. La verdad que espero que esto se solucione pronto y podamos seguir viajando con nuestras mascotas."
IBB_0463,Binter,Desconocido,Zaragoza,Las Palmas de Gran Canaria,Domestic,noviembre de 2019,1,Escribo realmente para ver si soy la única persona que piensa que el precio de estos vuelos son un abuso para los no residentes miro para viajar en febrero no baja de 470€ por un adulto y un niño de 3 años y para verano más de lo mismo hay días que supone 1800€ viajar las 2 está claro k está aerolínea es para los residentes tengo familia en Canarias y no puedo ir más pork es imposible salir desde aquí si te vas desde Madrid con Iberia te cuesta 140€ ida y vuelta deberían estudiar un poco la posibilidad de economizar un poco mando un presupuesto para febrero
IBB_0464,Binter,Desconocido,Tenerife,Las Palmas de Gran Canaria,Domestic,Desconocida,3,"Lo que peor puedo opinar es un retraso de 45 min. Indicando que el avión no puede aterrizar por la niebla, cuando se está viendo que otros aviones incluidos de Binter está llegando sin problemas. Ya después el avión y el personal bastante bien. Pero el engaño de que nos informaron de que el retraso era por el tiempo en el aeropuerto, cuando yo mismo podía comprobar que no era verdad."
IBB_0465,Binter,"Maspalomas, España",Las Palmas de Gran Canaria,Santa Cruz de la Palma,Domestic,noviembre de 2019,4,"todo a tiempo y bien coordinado , los aviones son los q son por corto trato pero' dentro de lo que hay esta bien"
IBB_0466,Binter,"Tías, España",Las Palmas de Gran Canaria,Banjul,International,octubre de 2019,5,"Los detalles , que ofrecen en el vuelo( un tentempié con bebidas ) Donde otras compañía no te dan, ni agua"
IBB_0467,Binter,Desconocido,Lanzarote,Las Palmas de Gran Canaria,Domestic,octubre de 2019,4,puntual y una atencion muy buena con prensa algunas compañias por no gastar casi ni la hora en fin es lo que hay
IBB_0468,Binter,"Las Palmas de Gran Canaria, España",Las Palmas de Gran Canaria,Lanzarote,Domestic,Desconocida,4,"Vuelo cómodo pese a ser un ATR, el espacio entre asientos es bastante cómodo. He volado con otras compañías en reactores como Air Bus 330 y son más estrechos. Muy satisfecho también con el personal de a bordo, muy atentas."
IBB_0469,Binter,"Tacoronte, España",Tenerife,Lanzarote,Domestic,noviembre de 2019,5,"La verdad que tanto en facturación como en embarque un 10 para el personal. Muy pero que muy profesional. En cuanto al vuelo, más de lo mismo, profesionalidad 100% y muy amables, se nota que les gusta su trabajo. La sobrecargo Yasmina, excelente profesional."
IBB_0470,Binter,"Tenerife, España",Tenerife,Lisbon,Europe,noviembre de 2019,4,Fuimos a Lisboa en BINTER y tanto la ida como la vuelta ha sido genial. Las azafatas muy atentas y el trato inmejorable. El avión ✈️ es cómodo y el servicio de comida gratuita hace que se haga mas corto. Es una buena compañía y sin duda repetiremos...
IBB_0471,Binter,"Lanzarote, España",Lanzarote,Marrakech,International,Desconocida,5,"Una buena compañía aérea. Viajamos desde Lanzarote a Marrekech con escala en Gran Canaria. La duración del vuelo a Marrakech es de apenas 2 horas y se pasan muy rápido, vamos no te das ni cuenta. La compañía te ofrece un snack gratuito que hacen mas ameno el viaje. Las fotos so tomadas desde el avión."
IBB_0472,Binter,"Las Palmas de Gran Canaria, España",Las Palmas de Gran Canaria,Vigo,Domestic,octubre de 2019,5,"Por primera vez utilizamos Binter para un vuelo nacional y francamente, hemos volado con todas las compañias que operan desde Gran Canaria y Binter se lleva el 1° premio. Trato del personal perfecto desde la facturación. Puntualidad Vuelo amenizado con unos aperitivos con bebida que hicieron del vuelo algo que no estamos acostumbrados, una grata experiencia. Utilizaré Binter siempre que el destino lo permita."
IBB_0473,Binter,Desconocido,Las Palmas de Gran Canaria,Lisbon,Europe,noviembre de 2019,2,"Muy mala experiencia en nuestro vuelo a Lisboa del 31/10/19 al 03/11/19 con Binter. Retraso de 5 horas a la ida y de 3 a la vuelta. Lo peor: la gestión por parte de la compañía: explicaciones contradictorias y absoluta falta de información. A la ida lo comunicaron con un correo horas antes cuando ya no se podía cambiar la conexión GC-TFN, con resultado de 5 horas tirados en el aeropuerto TFN, y a la vuelta ni siquiera lo comunicaron, de tal manera que 5 horas y media en el aeropuerto de Lisboa de nuevo. !Menudo puente! Indignado han dejado a todo el pasaje. Hay gente que no llegó a su casas ayer, y hay gente que aún sigue sin maletas. Se han cargado el puente de mucha gente."
IBB_0474,Binter,"Gran Canaria, España",Las Palmas de Gran Canaria,Fuerteventura,Domestic,octubre de 2019,5,"Con los nuevos aviones de Binter llegamos en seguida a Fuerteventura y lo mismo a la vuelta. Las azafatas muy eficientes, sonrientes y dispuestas a ayudar. Comportamiento muy profesional. Gracias"
IBB_0475,Binter,"Maspalomas, España",Las Palmas de Gran Canaria,Pamplona,Domestic,octubre de 2019,5,Vuelo directo a Pamplona. Muy cómodo con servicio de bebidas y comida en vuelo. No pueden faltar la ambrosía famosa de Binter.
IBB_0476,Binter,"Las Palmas de Gran Canaria, España",Las Palmas de Gran Canaria,Lanzarote,Domestic,Desconocida,5,"Los aviones muy limpios. Las azafatas muy simpáticas.la mayoría de las veces te dan una chocolatina, agua y caramelos. Buen servicio de facturación y la mayoría de las veces son puntuales. Buenos precios."
IBB_0477,Binter,"Pamplona, España",Fuerteventura,Valverde,Domestic,Desconocida,4,"Avión pequeño pero muy práctico. Cómodo y con amplitud. La atención muy esmerada, en un vuelo corto y sin contratiempos. Mi equipo de pesca se extravió pero lo localizaron enseguida y me lo llevaron al hotel en un taxi por la tarde. Muy bien."
IBB_0478,Binter,Desconocido,Las Palmas de Gran Canaria,Valverde,Domestic,octubre de 2019,2,"Mala coordinación entre azafatas de tierra y vuelo. Desde tierra nos hacen facturar los primeros y nos informan de sentarnos en los asientos mas cercanos a la puerta de salida ya que la conexión al hierro el tiempo es muy corto. Cogemos la jardinera que nos lleva al avión y ya nada mas entrar al avión no respetan los asientos de los pasajeros que vamos al hierro y tenemos conexión en Tenerife en menos de 20 minutos. Le pregunto a la azafata del avión y nos dice ""que nos sentemos donde podamos"" ¿Para que entonces nos dicen en un principio que nos sentemos los primeros para salir rápido para coger el otro vuelo? En fin... Mala gestión"
IBB_0479,Binter,Desconocido,Vigo,Las Palmas de Gran Canaria,Domestic,octubre de 2019,5,"Viaje este mes desde Vigo a gran Canaria , nunca había viajado con esta compañía y a sido una experiencia muy recomendable.. embárcanos con puntualidad ... el personal de abordo muy simpáticas y después lo que más m sorprendió fue el temtenpie q nos ofrecieron, con chorizo ibérico, pate, crema de queso, galletitas.... con bebida, por supuesto, después de un rato nos ofrecieron café con una chocolatina.... y como no era suficiente después unos caramelos..... hacía años que no veía esto... ya q ahora gratis en otras compañías solo t dan los buenos días. Valoro la experiencia con un 10. Menos mal q no hago muy frecuentemente este trayecto sino adiós operación bikini....😅"
IBB_0480,Binter,Desconocido,Las Palmas de Gran Canaria,Ilha do Sal,International,septiembre de 2019,3,"Pues para ser mi primer vuelo internacional con Binter fue bien. El checkin fue rápido, el embarque también y salimos con un ligero retraso pero llegamos en hora. Durante el vuelo el personal de cabina fue amable y nos sirvieron un tentempié de ibéricos que estaba bastante bien."
IBB_0481,Binter,"Santa Cruz de Tenerife, España",Vigo,Tenerife,Domestic,septiembre de 2019,5,Hace muchísimos años que no recibíamos un trato tan cuidado de una compañía aérea. El personal un diez. También destacaría la puntualidad y la agilidad de embarque y desembarque.
IBB_0482,Binter,Desconocido,Las Palmas de Gran Canaria,Santa Cruz de la Palma,Domestic,septiembre de 2019,5,"Perfecto un vuelo perfecto, un trato al.pasajero que no he vivido en ninguna otra compañia, puntualidad perfecta. Desde La Palma a Gran Canaria viajamos en Air Europa y nada pero nada que ver. Todo hay pagarlo casi hasta las uenas horas. Asi que RECOMIENDO con MAYUSCULAS viajar en BINTER Gracias por hacernos un viaje realmente agradable"
IBB_0483,Binter,"Puerto de la Cruz, España",Tenerife,Las Palmas de Gran Canaria,Domestic,agosto de 2019,5,"Binter es una aerolínea que ofrece grandes comodidades. Su nivel de puntualidad en vuelos es muy elevado. Permiten flexibilidad en el cambio de horas de vuelo con tarifas razonables. La atención en vuelos, incluso cortos es excelente, incluyendo servicios de cortesía como sus famosas chocolatinas, donuts en verano, periódico, agua, etc."
IBB_0484,Binter,Desconocido,Palma de Mallorca,Tenerife,Domestic,agosto de 2019,1,"Todo va bien hasta que hay un problema, tuve más de diez horas de retraso para volver a casa, con niños pequeños y no quieren indemnizar. En el aeropuerto mientras esperábamos decían que sí teníamos derecho y ahora una vez abierta la reclamación, me responden que es por circunstancias extraordinarias y se lavan las manos. Encima es muy común que se retrasen, no tienen asistencia en península, se la presta Iberia, con lo que tampoco tienen mucha información y la que te da, por lo que he podido comprobar, no es cierta."
IBB_0485,Binter,"Las Palmas de Gran Canaria, España",Las Palmas de Gran Canaria,Valverde,Domestic,agosto de 2019,4,"Supongo que cada uno habla según sus experiencias personales. En los casos en que vuelo con esta compañía (5/6 veces al año), nunca he tenido ningún problema. Son puntuales, los aviones están bastante bien (limpios, cómodos, etc.) y el personal es bastante atento."
IBB_0486,Binter,"Las Palmas de Gran Canaria, España",Las Palmas de Gran Canaria,Vigo,Domestic,septiembre de 2019,5,"Aviones en perfecto estado, auxiliares de vuelo atentas, en los vuelos nacionales te incluyen un menú con bebida y a posteriori un café. Todo muy bien."
IBB_0487,Binter,"Madrid, España",Tenerife,Santa Cruz de la Palma,Domestic,septiembre de 2019,5,el viaje fue corto pero la atención del personal fue fantástica los horarios se cumplieron recomendable para viajar de isla aisla
IBB_0488,Binter,"Madrid, España",Las Palmas de Gran Canaria,San Sebastián de la Gomera,Domestic,agosto de 2019,5,Siempre habíamos volado en grandes aviones y nunca en uno de hélices. La experiencia con los niños fue maravillosa y la tripulación muy atenta y muy complaciente. Parece mentira que en estos vuelos tengan presupuesto para un agua con gas y un donuts para los pasajeros y en otros (volamos de península a Las Palmas con Iberia) no te den ni un café gratuito. Nos llevaron las maletas sin facturar en la bodega y las dejaron preparadas para recoger en pista a nuestra llegada. Totalmente recomendable. Gracias por hacer a nuestros hijos felices con un dibujo y unas pinturas.
IBB_0489,Binter,Desconocido,Las Palmas de Gran Canaria,Lanzarote,Domestic,septiembre de 2019,5,"El vuelo fue muy agradable,el personal encantador y servicial.Para ser unos aviones de corto espacio de vuelo son cómodos y muy limpio.Te ofrecen durante el vuelo un vasito de agua y un donut"
IBB_0490,Binter,"Santa Cruz de Tenerife, España",Marrakech,Tenerife,International,septiembre de 2019,1,"Realmente es patético el servicio de Binter. La respuesta ante la abolladura de la maleta fue que mientras siga cumpliendo su función que es proteger el contenido, ni se toma en cuenta como llega. Es inaudito patético el servicio, que mi maleta nueva llegue abollada en la esquina en tan solo un vuelo de dos horas, no siervo el servicio"
IBB_0491,Binter,"San Isidro, España",Tenerife,Fuerteventura,Domestic,agosto de 2019,5,"Vuelo ameno con escala en Las Palmas, gran atención al pasajero siempre, siempre que viajo entre listas uso Binter, me queda probar un vuelo mas largo a Península."
IBB_0492,Binter,"Santa Coloma de Gramanet, España",Tenerife,Lanzarote,Domestic,agosto de 2019,2,"En el vuelo de Tenerife a Lanzarote, me rompieron la maleta y he escrito una reclamación a la compañia y a dia de hoy no me han respondido a la reclamación. La verdad es que un servicio pesimo."
IBB_0493,Binter,Desconocido,Las Palmas de Gran Canaria,Santa Cruz de la Palma,Domestic,agosto de 2019,5,"Iva a la palma de escapada fin de semana,tenía que hacer transbordo en tenerife norte y las muchachas del avión y de tierra muy amables indicandome la puerta por la que tenía que dirigirme.era la segunda vez que cogía un vuelo binter y no sabía muy bien como ir,ya que el asiento no tenía ni número ni letra.pregunte a las muchachas del aeropuerto de Tenerife y ellas con una amplia sonrisa me comentaron que no venía numerado debido a que era para que la gente se sentarse donde quisiera,también me comentaron que al cambiar la hora del vuelo de retorno se me había anulado la ida.me quedé asustada pues me veía quedándome en tierra.rapidamente me lo solucionaron y me dirigí al avión.entramos por la parte trasera,así que por esa sería la que saldríamos me senté y disfrute.las muchachas ofrecieron un tentempié tanto de las palmas a Tenerife y de Tenerife a la palma e inversa.viajare con ellos más a menudo me gusta el trato al cliente recibido de ellos."
IBB_0494,Binter,"Tenerife, España",Tenerife,Santa Cruz de la Palma,Domestic,septiembre de 2019,4,"Es una compañia que opera fundamentalmente vuelos interinsulares en Canarias, aunque tiene trayectos a la peninsula y el extranjero. Son muy amables y colaboradores, y la disponibilidad de horas es inmejorable. El lado menos bueno es que con tantos trayectos, si hay algún problema en algún aeropuerto o con algún avión, tiende a ir acumulando retrasos como un dominó. Suelen ser retrasos de una hora como mucho, y si hay vuelos de conexión están pendientes para llevarte directamente. En general, la recomiendo"
IBB_0495,Binter,"Valladolid, España",Las Palmas de Gran Canaria,Tenerife,Domestic,julio de 2019,5,Perfecta atención desde el embarque hasta la recogida de equipaje. Personal amabilísimo. Asientos del avión cómodos. Puntualidad extraordinaria. Un viaje perfecto
IBB_0496,Binter,"Tenerife, España",Las Palmas de Gran Canaria,Tenerife,Domestic,agosto de 2019,5,"Excelente servicio, puntualidad y por sobre todo el vuelo directo desde Tenerife. El personal muy amable, y el avión nuevo."
IBB_0497,Binter,"Santa Cruz de Tenerife, España",Tenerife,Lanzarote,Domestic,julio de 2019,5,"Suelo usar al menos una o dos veces al año el combinado Tfe. / Lanzarote / La graciosa. Funciona genial. Buenos horarios y coordinación. La única pega que puedo poner es que en vuelos con aviones pequeños, interinsulares, no se deberían permitir animales aunque sean pequeños. Puede haber gente alérgica y se pasa un mal rato."
IBB_0498,Binter,"La Orotava, España",Tenerife,Palma de Mallorca,Domestic,julio de 2019,5,Muy recomendable. No esperaba comida y menos de esta calidad.Trato estupendo.Disfrutamos mucho del vuelo.
IBB_0499,Binter,Desconocido,Tenerife,Santa Cruz de la Palma,Domestic,agosto de 2019,4,"En el mes de agosto viajé con mi familia con esta línea aérea. El precio fue bueno. El trato al pasajero es muy bueno. Están muy atentos y te dan un ágape durante el vuelo, en nuestro caso un donnut y caramelitos. Pero si tenéis que enlazar con algún vuelo a la península dejad bastante margen de tiempo porque hay frecuentes problemas de retrasos."
IBB_0500,Binter,"Santa Cruz de Tenerife, España",Tenerife,Vigo,Domestic,agosto de 2019,5,"Avión muy cómodo, con refrigerio a bordo de calidad y con muy buena atención por parte de la tripulación, tanto a la ida como a la vuelta. La única pega, la facturación en Vigo, la realiza Iberia y tienes que esperar a que terminen de facturar otros vuelos para realizar el tuyo."
IBB_0501,Binter,Desconocido,Las Palmas de Gran Canaria,Ilha do Sal,International,septiembre de 2019,4,Binter es una compañía q con avión pequeño pero bueno hace un vuelo agradable y buen gestionado con buena tripulacion
IBB_0502,Binter,"Puerto de la Cruz, España",Tenerife,Las Palmas de Gran Canaria,Domestic,septiembre de 2019,4,"Binter ofrece un snack a bordo, sus aviones son muy cómodos y suelen ser puntuales. Sus horarios son bastante continuados"
IBB_0503,Binter,"Arico, España",Tenerife,Santa Cruz de la Palma,Domestic,agosto de 2019,5,Un viaje corto pero intenso del 15 al 18 de agosto todo muy bien aunque fue un puente de mucho calor sobre todo el viernes y el sábado pero aún así disfrutamos mucho de la estancia en la isla bonita
IBB_0504,Binter,"Lanzarote, España",Lanzarote,Tenerife,Domestic,agosto de 2019,3,"Los retrasos son continuos, perdí 2 veces las conexiones, por lo menos hay mucha flexibilidad en darte vuelos alternativos. Los precios son muyyyy caros para los breces trayectos que hacen."
IBB_0505,Binter,"Las Palmas de Gran Canaria, España",Las Palmas de Gran Canaria,Valverde,Domestic,agosto de 2019,4,"Aunque han habido otras compañías que han intentado competir en el mercado del transporte aéreo en Canarias, no tiene rival. Tiene bastantes vuelos entre las islas y sobre todo, es bastante fiable a la hora de cumplir los vuelos programados y sus horarios. Tiene diversos precios, en función de las necesidades del cliente. Los aviones son bimotores y cumplen perfectamente su función. El personal es profesional. Totalmente recomendable."
IBB_0506,Binter,"Las Palmas de Gran Canaria, España",Las Palmas de Gran Canaria,Marrakech,International,agosto de 2019,5,"Magnífica atención, vuelo corto y cómodo, repetiremos con esta compañía, muchos detalles para la satisfacción del cliente"
IBB_0507,Binter,"Madrid, España",Las Palmas de Gran Canaria,Ilha do Sal,International,agosto de 2019,5,"En el caso de mi viaje se trato de un reactor Bombardier muy silencioso y para un viaje de dos horas y media, bastante cómodo. Lo realmente importante fué la rapidez en el embarque, la muy correcta atención en tierra y muy superior en vuelo, donde nos ofrecieron una comida sencilla, pero comparado con otras compañias que con vuelos similares no te ofrecen absolutamente nada, nos pareció un manjar y mas cuando estábamos en horas de comida. Las azafatas muy amables y en resumen un vuelo tanto de ida como de vuelta: excelente."
IBB_0508,Binter,Desconocido,Tenerife,Las Palmas de Gran Canaria,Domestic,Desconocida,5,"Siempre genial incluso en condiciones adversas... atenciones en el vuelo, trato muy agradable. Precio económico y muy cómodo el viaje seguiré probando destinos!! Muy interesantes los nuevos destinos creados probaré seguro"
IBB_0509,Binter,"Palma de Mallorca, España",Palma de Mallorca,Las Palmas de Gran Canaria,Domestic,enero de 2019,1,"Me hubiese encantado probar EL TAN BUEN SERVICIO QUE BRINDAN, pero he sacado un pasaje en enero para viajar en septiembre, entiendo que decía que no podría hacer cambios, pero avisando a los 4 días de haberlos sacado no han querido cambiármelo ni pagando una diferencia. Una pena no poder probar el servicio que brindan, por ahora MALO."
IBB_0510,Binter,"Tenerife, España",Tenerife,Fuerteventura,Domestic,agosto de 2019,5,"La verdad que las azafatas y el personal del aeropuerto siempre fueron muy agradables y educados, nada que reprochar y que sigan así."
IBB_0511,Binter,Desconocido,Las Palmas de Gran Canaria,Vigo,Domestic,agosto de 2019,5,"Viajamos varias familias con niños hasta Vigo y la atención ha sido maravillosa , destinos que otras compañías descartan , imagino que por no ser tan rentables , son cubiertas por esta compañía canaria , que no sólo te transporta sino que además te atiende de maravilla. hay que destacar la amabilidad de todo el personal y sobre todo la comida durante el vuelo , muy completa e INCLUIDA. Muy recomendable. Me alegra que vayan abriendo nuevas rutas."
IBB_0512,Binter,Desconocido,Madrid,Las Palmas de Gran Canaria,Domestic,agosto de 2019,5,"Cogimos varios vuelos interislas y en uno de ellos el unico que haciamos con transbordo, hubo un retraso que no nos permitia coger el siguiente porque llegabamos a la hora de salida, vinieron a la escalinata del avion a buscarnos para llevarnos al otro donde nos estaban esperando, un servicio inmejorable. Los demás vuelos estupendos."
IBB_0513,Binter,Desconocido,Las Palmas de Gran Canaria,Palma de Mallorca,Domestic,marzo de 2019,5,"Vuelo comodísimo de tres horas con prensa, comida, bebida y chocolatina. Fue como volver al pasado de las compañías aéreas de bandera. Check-In rápido, personal amable, asientos cómodos."
IBB_0514,Binter,"Santa Cruz de Tenerife, España",Tenerife,Marrakech,International,junio de 2019,4,"Muy cómodo porque vas sin escalas desde Canarias, cosa no muy habitual, pero muy caro para el servicio ofrecido."
IBB_0515,Binter,"Gran Canaria, España",Las Palmas de Gran Canaria,Valverde,Domestic,Desconocida,5,"Mientras pueda siempre viajaré con esta compañía, muy serviciales te dan desayuno o el almuerzo según a la hora que lo cojas por la mñana te dan el periódico, detalles que marcan diferencia con otras compañías."
IBB_0516,Binter,"Vigo, España",Vigo,Las Palmas de Gran Canaria,Domestic,julio de 2019,5,"Una maravilla el primer vuelo con nuestra bebé, ella se portó muy bien y el vuelo directo de Vigo a Gran Canaria se hace muy ameno con los detalles que tienen, que si zumo, galletas y cajita con embutido,picos y demás. Nos sorprendió mucho la verdad, es de agradecer que te traten con tanto cariño. Viva binter y vivan las Canarias!"
IBB_0517,Binter,"Tenerife, España",Tenerife,Fuerteventura,Domestic,julio de 2019,5,"Que decir de la compañía binar, son rápidos y cómodos, me encanta mucho viajar entre islas por la comodidad de no tener que esperar tanto en un vuelo, la compañía binare ofrece un buen trato al cliente desde el principio de facturación asta la llegada, son amables y serviciales, resuelven la dudas con respeto y rapidez"
IBB_0518,Binter,"Madrid, España",Tenerife,Valverde,Domestic,julio de 2019,5,"El embarque fue rápido, el free-seating al final es una ventaja. El avión era cómodo, el espacio entre asientos no estuvo nada mal y el servicio a bordo, impecable. ¿Qué compañía te ofrece, a día de hoy, un minidonut y agua gratis en clase turista? Para repetir y recomendar, y, sin duda, la mejor forma de viajar entre las islas."
IBB_0519,Binter,"Lanzarote, España",Lanzarote,Ilha do Sal,International,julio de 2019,5,"Soy canaria y viajo mucho con esta compañía entre islas y a sus nuevos destinos (Marrakech, Lisboa, Isla de Sal). Totalmente recomendable. Tengo una niña de 4 años y son muy atentos con ella. Tienen muchas consideraciones con los niños!"
IBB_0520,Binter,Desconocido,Lanzarote,Santa Cruz de la Palma,Domestic,julio de 2019,3,Vuelo con mucho retraso debido a condiciones meteorológicas. A pesar de las constantes preguntas de los pasajeros que aguardábamos para salir los asistentes de tierra fueron muy atentos Tuvieron el detalle de ofrecernos agua en el vuelo y a la llegada nos dieron unas galletas (esto casi inimaginable en otras compañías aereas) Destaco que no había asiento asignado pero al ir con niños daban prioridad a las familias.
IBB_0521,Binter,"Las Palmas de Gran Canaria, España",Las Palmas de Gran Canaria,Fuerteventura,Domestic,julio de 2019,1,"Viajamos habitualmente con esta tarifa con la que se supone que tienes preferencia de embarque (no se cumple, incluso como se te ocurra ir al principio de la fila, la gente, lógicamente, se enfada, pues no tienen mostrador de embarque específico para esta tarifa). En el mostrador, a la hora de facturar, más de lo mismo, se cuela gente con tarifas más económicas, incluso en el aeropuerto de El Hierro no tienen más que un mostrador de facturación. En el viaje que realizamos, Fuerteventura-Gran Canaria el pasado 5 de Julio, vuelo NT-235, los equipajes salieron mezclados, nada de priority, el mío, por ejemplo, salió el último. Un auténtico desastre."
IBB_0522,Binter,Desconocido,Lanzarote,Las Palmas de Gran Canaria,Domestic,julio de 2019,4,"Volar con binter es empezar o acabar bien el día. Te reciben con una sonrisa y te tratan como alguien más de su familia. Un trato muy correcto, muy bueno. Y encima .. siempre te endulzan el viaje. Algo que deberían tener en cuenta otras compañías. Dado que te ofrece chocolatinas/donuts/gslletas/manices Depende de la época del año y del mes. Te da depende que cosa. Aparte de agua toallita y caramelos. Top"
IBB_0523,Binter,Desconocido,Las Palmas de Gran Canaria,Ilha do Sal,International,julio de 2019,4,"Aviones pequeños, pero cómodos para trayectos cortos. Personal muy amable. Comida suficiente para un vuelo corto. Puntuales. El equipaje de mano tiene que ser más pequeño de lo normal en otras aerolíneas, pero el billete incluye una maleta facturada."
IBB_0524,Binter,"Fuerteventura, España",Fuerteventura,Las Palmas de Gran Canaria,Domestic,junio de 2019,4,"Su flota,la de Binter, está formada, en su casi mayoría, por aviones del modelo ATR 72, son bimotores de hélice, muy eficientes y confortables. En general todos los vuelos en los que he ido con Binter, muy pocos con la competencia, son buenos. Buena disponibilidad horaria, siempre salen puntuales, con personal atento y amable. Como punto a mejorar copiaría la forma de embarque que en su día puso en práctica Air Europa cuando estuvo en las islas. Cuando se compre un billete se le asigna un asiento al pasajero. De este modo el embarque es más rápido."
IBB_0525,Binter,"San Isidro, España",Tenerife,Palma de Mallorca,Domestic,Desconocida,5,"Fue un viaje muy cómodo y rápido, además de un buen servicio por parte de las azafatas, en todo momento muy atentas. En este vuelo dan un tentempié muy rico, además de bebidas y café. Vuelo recomendado para viajar a Mallorca sin tener que hacer escalas. Lo recomiendo!!!"
IBB_0526,Binter,"Agüimes, España",Las Palmas de Gran Canaria,Tenerife,Domestic,julio de 2019,5,"Un vuelo tranquilo de 35 minutos. Ofrecen periódicos, agua, chocolatina o galletas (depende de si es verano o invierno) toallitas de mano y caramelos. Siempre puntuales"
IBB_0527,Binter,"Canada de Gomez, Argentina",Tenerife,Marrakech,International,agosto de 2018,4,"Salida en horario. Personal super atento. Viaje muy placentero, Realmente no pensaba en tan buena aerolinea a pesar de ser turboelices"
IBB_0528,Binter,"Santa Cruz de Tenerife, España",Tenerife,Las Palmas de Gran Canaria,Domestic,junio de 2019,2,"Estoy cansado de sacar billetes Fleximax, mas caros que las ofertas y con varios privilegios que los que no lo son, pero a la hora de r a la cola del mostrador, no tienen en consideración quien viaja con este tipo de billetes o quien no, la gente se mete por los carriles de elegidos sin miramientos y las/os operadores de mostrador, ni preguntan si hay billetes o lleva alguien o por que usan ese carril exclusivo que se ha pagado para cierto tipo de billetes que cuestan 4-5 veces mas que los de ofertas que se suponen tienen mas consideración. Pues no te hacen ni caso, no gasteis en billetes Fleximax o superiores, os van a tratar igualmente."
IBB_0529,Binter,Desconocido,Las Palmas de Gran Canaria,Fuerteventura,Domestic,julio de 2019,5,"Desde la realización del check-in, hasta la recogida de equipaje el servicio es muy profesional, destacando la amabilidad del personal que interviene en el mismo. La atención a bordo es exquisita, asientos cómodos y aviones limpios. Utilizo esta compañía tanto en mis desplazamientos entre islas, como internacionales."
IBB_0530,Binter,"Tenerife, España",Tenerife,Las Palmas de Gran Canaria,Domestic,julio de 2019,4,"Siempre han sido muy correctos, y nunca he tenido problemas. El vuelo de Tenerife a Gran Canaria fue estupendo. Sólo una crítica, ya no dan las ambrosías, y eso es terrible!!!!"
IBB_0531,Binter,"Santa Cruz de Tenerife, España",Tenerife,Fuerteventura,Domestic,julio de 2019,5,"Una compañía puntual, siempre con sus bueno detalles y con azafatas simpáticas. Lo asientos son amplios y cómodos. Nunca he tenido problema con ellos, siempre han sido profesionales."
IBB_0532,Binter,"San Sebastián de la Gomera, España",San Sebastián de la Gomera,Lanzarote,Domestic,Desconocida,5,"Hemos viajado a Lanzarote, desde La Isla de La Gomera y a pesar de tener que hacer transbordo en Tenerife, ha sido muy cómodo el vuelo, ya que gestionan todo desde la compañía. Próximamente viajaremos a Fuerteventura con esta misma compañía"
IBB_0533,Binter,"Las Palmas de Gran Canaria, España",Las Palmas de Gran Canaria,Tenerife,Domestic,junio de 2019,5,"Avión muy limpio, azafatas muy atento a nosotros y consiguiendo que tengamos un viaje agradable, el servicios como siempre binter muy agradable."
IBB_0534,Binter,"Málaga, España",Las Palmas de Gran Canaria,Ilha do Sal,International,junio de 2019,5,"Estupendo! Todo lo que puedo decir del vuelo, de las aafatas y de la compañía es que mejor imposible. He viajado mucho y era la primera vez que volaba con ellos y ha sido muy grato. Encantadísima"
IBB_0535,Binter,"Lanzarote, España",Lanzarote,Las Palmas de Gran Canaria,Domestic,mayo de 2019,4,"Nunca entendí la prioridad a familias con niños que ya tienen hasta barba y menos aún que al tener prioridad de embarque si te toca ir en guagua al avión no mantengan la prioridad - Por el resto bien, avión limpio aunque mejorable pues había restos de papeles en portarevistas pero en general bien. Los pilotos suelen tener mucha experiencia pero no tienen en cuenta que cuando un aterrizaje será con turbulencias deberían de avisar. En la alocución sobre el uso de chaleco en el agua deberían agregar la palabra “improbable” cuando mencionan un aterrizaje de emergencia"
IBB_0536,Binter,Desconocido,Palma de Mallorca,Las Palmas de Gran Canaria,Domestic,mayo de 2019,5,"Un viaje perfecto como el que hacía tiempo no experimentaba. En el vuelo de más de 3 horas en este cömodo avión, nos sirvieron una apetitosa merienda con bebidas incluídas y café todo de calidad. A esto hay que añadir la puntualidad y servicio."
IBB_0537,Binter,"Santander, España",Tenerife,Santa Cruz de la Palma,Domestic,junio de 2019,4,"Cuando vuelo espero seguridad, puntualidad y buen servicio... y con Binter jueves a recordar los servicios de hace años. El avión es el habitual en los vuelos regionales de corto recorrido, un ATR 72. (turbohélice) Los asientos se asignan según vas llegando, eligiendo el que quieres (o puedes). Sugiero buscar un lugar entre los primeros de la fila de embarque si vas con más personas o quieres un lugar determinado. El equiàje de mano te lo recogen a pie de escalerilla. En el vuelo te dan agua, una chocolatina, toallitas húmedas, caramelos, prensa local... ¡como hace años!. Hay bastantes alternativas de vuelos y la tarifa flexible no encarece mucho el vuelo. Tanto el embarque como el desembarque muy ágil."
IBB_0538,Binter,Desconocido,Vigo,Las Palmas de Gran Canaria,Domestic,mayo de 2019,5,"el personal de vuelo amabilísimo, sonrientes, eficientes y queriendo agradar. el vuelo excelente y puntual. Y te invitan a un snack delicioso Gourmet : lomo ibérico, palitos de pan, pate, tostadas tus y galletas."
IBB_0539,Binter,"Vigo, España",Vigo,Tenerife,Domestic,marzo de 2019,5,"Aparte de la comodidad de los asientos, es difícil encontrar hoy en día una aerolínea que te de un snack gratuito durante el vuelo. Uno ya está harto de la racanería de compañías como Ryanair o Easyjet, a la que se han sumado las aerolíneas regulares. Tiene un cliente asegurado conmigo."
IBB_0540,Binter,"Las Palmas de Gran Canaria, España",Las Palmas de Gran Canaria,Vigo,Domestic,mayo de 2019,5,"Me pareció un vuelo agradable en todo los sentidos,servicio a bordo fenomenal,que fuera un vuelo directo y de la compañía binter fue agradable"
IBB_0541,Binter,Desconocido,Tenerife,Las Palmas de Gran Canaria,Domestic,mayo de 2019,1,Compare precios después de haber viajado con binter y canaryfly y en esta ultima los precios son de verdad reducidos en binter es una estafa.
IBB_0542,Binter,"Valle de Aosta, Italia",Las Palmas de Gran Canaria,Tenerife,Domestic,abril de 2019,5,Es una Compañía muy útil para los canarios que queremos movernos entre islas de una manera eficaz y cómoda.
IBB_0543,Binter,Desconocido,Las Palmas de Gran Canaria,Tenerife,Domestic,mayo de 2019,5,"Desde que hemos llegado al aeropuerto el trato esquisito, en el avión en una travesía de treinta minutos la atención sorprende, periodo, chocolatinas y Actimel,se puede pedir más,las azafatas simpáticas y amabilidad insuperable."
IBB_0544,Binter,Desconocido,Las Palmas de Gran Canaria,Santa Cruz de la Palma,Domestic,junio de 2018,5,"Buenos aparatos, modernos. Tripulación y personal de cabina profesionales y atentos con el pasaje. Puntuales y ágil proceso de facturación. Equipaje sin problemas y he comprobado lo estrictos y cuidadosos con los niños que viajan solos."
IBB_0545,Binter,"Madrid, España",Las Palmas de Gran Canaria,Lanzarote,Domestic,marzo de 2019,4,"Es un vuelo corto pero suficiente para que el servicio sea totalmente aceptable. Incluso en el vuelo de vuelta, llegamos con antelación. Recomendable."
IBB_0546,Binter,Desconocido,Lanzarote,Tenerife,Domestic,abril de 2019,1,"Al momento de subirme al avión, enseñe mi tarjeta de Certificado de registro de ciudadano de la union documento (NIE), documento oficial del estado que confirma mi residencia en Canarias y donde aparece mi direccion en Tenerife (tarjeta recien hecha menos de 15 días) , me rechazaron la entrada al vuelo. Tuve que ir corriendo pagar el precio no residente para poder coger el vuelo, casi 80€, 3 veces lo que pague al inicio. ES UNA VERGUENZA, lo que estipulan en el correo del vuelo : ""Recuerda: llevar contigo el documento de identidad, así como la acreditación de tu condición de residente, tarifas especiales u otras bonificaciones aplicadas, si fuera necesario."" En ningun momento esta especificado un documento en concreto."
IBB_0547,Binter,"Girona, España",Banjul,Las Palmas de Gran Canaria,International,marzo de 2019,5,"El pasado día 30, viaje de Banjul a Gran Canaria en vuelo de la Compañía BINTER, y quiero comentar lo MUY SATISFACTORIO de la experiencia. Es la primera vez que utilizo esta compañía y todo fue de sorpresa en sorpresa, primero LA PUNTUALIDAD, segundo LAS ATENCIONES de las auxiliares de vuelo, tercera sorpresa NOS DIERON UN TENTEMPIÉ, estupendo, con su buen vino y café, hacía mucho tiempo que no me resultaba un vuelo tan agradable, por todo ello FELICIDADES BINTER."
IBB_0548,Binter,"Segovia, España",Tenerife,San Sebastián de la Gomera,Domestic,Desconocida,4,Es la primera vez que viajamos con esta empresa y nos gustó. Es la aerolínea de las islas Canarias.Te dan prensa y unas barritas nada más empezar el vuelo aunque sea de media hora. Avión cuidado y el trato muy bueno
IBB_0549,Binter,Desconocido,Tenerife,Dakhla,International,diciembre de 2018,1,"Es una vergüenza que que valla a pasar una semana de vacaciones con tu familia, y cuando llegues al destino te das cuenta que no han traído el equipaje. Y preguntas a los responsables. y que no tengan idea de lo que haya pasado. Y no te dan explicaciones ni nada. Ni un punto si merece, y no volveré a viajar en esta compañía para no se queden con m equipaje cada vez que viajo."
IBB_0550,Binter,"Barcelona, España",Ilha do Sal,Las Palmas de Gran Canaria,International,septiembre de 2018,1,"Como continuacion a mi opinion de 1 de Septiembre....Las maletas las recibimos 10 dias despues de perderlas. La atencion al cliente nefasta. Te pierden la maleta y no te la envian a casa. Me dijeron que estaba en el aeropuerto y tuve que ir en 2 ocasiones a buscarla. La primera no estaba y la 2ª tuve que esperar 2 horas. La maleta rota. Reclamo para que se aplique el convenio de montreal, indemnicen por la maleta, parking , etc y se niegan. Solucion: demanda ante el juzgado mercantil de Barcelona. Gano el juicio y les obligan a pagar. No tengas problemas con Binter y si los tienes ya sabes que hacer"
IBB_0551,Binter,"Tenerife, España",Tenerife,Lisbon,Europe,marzo de 2019,5,"Vuelo magnífico. Conexión rápida, apenas 2 horas, en un avión cómodo y moderno, con una atención por parte de la compañía digna destacar. Servicio Stack de calidad: jamón serrano, queso fundido y humus acompañado por galletitas saladas. Deberían tomar nota otras compañías de solera."
IBB_0552,Binter,Desconocido,Palma de Mallorca,Tenerife,Domestic,febrero de 2019,5,"No conocía esta compañía y me ha sorprendido muy gratamente. Excelente personal y servicio a bordo. Ofrecen merienda, café, caramelos y toallitas durante el vuelo. Todo sin cargo alguno. Repetiré en cuanto tenga oportunidad! :)"
IBB_0553,Binter,"Candelaria, España",Tenerife,Lisbon,Europe,febrero de 2019,5,Estupendo vuelo y la atención de Binter siempre del 10! El avión tiene un poco más de espacio para las piernas y además dan un snack a bordo y puedes elegir los asientos gratis al comprar el billete. Nos encantó y repetiremos siempre que tengamos que ir a Portugal
IBB_0554,Binter,"Las Palmas de Gran Canaria, España",Las Palmas de Gran Canaria,Santa Cruz de la Palma,Domestic,febrero de 2019,3,Fuimos un fin de semana a La Palma y la verdad en principio nos sentó un poco mal el que el vuelo se retrasara ya que teníamos reserva para cenar en un restaurante pero después nos tranquilizó un poco el qué el vuelo fuera bastante bien y el personal muy correcto y amable
IBB_0555,Binter,España,Palma de Mallorca,Tenerife,Domestic,diciembre de 2018,5,Muy cómodo. Rápido y agradable. Un poco más caro pero vale la pena. Después de muchos años volando vía Madrid o Barcelona a Tenerife fue todo un lujo ir directo con Binter.
IBB_0556,Binter,"Los Llanos de Aridane, España",Tenerife,Vigo,Domestic,febrero de 2019,5,"Viajar con Binter es una buena opcion y casi la unica que habia hasta hace poco tiempo por una parte el servico y la cercania , por otra la mejora de las conexiones y la incorporacion de aviones nuevos, modernos y con mas espacio para las piernas. En este caso los Bombardier crj1000 no estan mal, algo justo el espacio aunque un poco mayor que las aerolineas de bajo costo. El servicio a bordo muy bien. snacks y bebidas de cortesia. A seguir asi."
IBB_0557,Binter,Desconocido,Tenerife,Fuerteventura,Domestic,febrero de 2019,5,"Tomamos el vuelo con una alerta de viento y no pudo ser más seguro,profesional y atento. La azafata Zaida,ha estado pendiente de nosotras tranquilizándonos todo el tiempo sobre la normalidad del vuelo,ya que somos algo miedosas. Increíble su profesionalidad y cercanía!!!! Cuando entramos,era el día de los enamorados y nos obsequiaron con un detallito de esos que marcan la diferencia entre una compañía dedicada a sus clientes u otra,dedicada a su rentabilidad. Llevo años viviendo en Canarias y Binter es de esas marcas a las que te das cuenta cada vez de por qué le eres fiel. Gracias !!"
IBB_0558,Binter,"Las Palmas de Gran Canaria, España",Las Palmas de Gran Canaria,Vigo,Domestic,febrero de 2019,5,"Desde que entramos en el avión hasta que llegamos, nos sentimos muy arropados por todo el personal. Nos ofrecieron un tentempié, periódicos, bebidas, chocolatinas, café o infusiones...todo cortesía. De verdad menuda diferencia con el resto de compañías. Enhorabuena a todo el personal. Y encima un vuelo buenísimo. Felicidades también al piloto."
IBB_0559,Binter,"Tomiño, España",Vigo,Tenerife,Domestic,Desconocida,4,"Era la primera vez que viajábamos con Binter al ir de Vigo a Tenerife Norte y vuelta. Viaje del Imserso. Debe ser la única compañía de vuelos en España que todavía te ofrecen la prensa, un piscolabis y café, tanto a la ida como a la vuelta. En la vuelta el 31/1 tuvimos problemas de aterrizaje en Vigo por el viento y como en Santiago era peor nos llevaron a Barajas. Desde la recogida de maletas estuvimos siempre atendidos por 2 empleados de Iberia los cuales nos llevaron a comer (ya eran las 16:00)y nos acompañaron hasta la llegada de 2 autobuses que nos trasladaron hasta Peinador donde llegamos a las 2:45 del día 1/3. Nos sentimos siempre ayudados y amparados. Gracias Binter"
IBB_0560,Binter,"Barcelona, España",Las Palmas de Gran Canaria,Ilha do Sal,International,febrero de 2019,4,Buen servicio y puntualidad algo importante en estos tiempos además de las contadas aerolíneas que aún te dan algo para comer en el viaje que para ser un vuelo de 3 horas me pareció estupendo un jamón serrano de calidad con tostadas queso bebida postre etc. Felicitaciones a esta aerolínea
IBB_0561,Binter,Desconocido,Las Palmas de Gran Canaria,Vigo,Domestic,enero de 2019,5,A diferencia de otras compañías de vuelos que ya no ofrecen nada a los pasajeros en Binter tienen el detalle de darte un snack para comer algo durante el viaje cosa que es muy de agradecer y además muy bueno.
IBB_0562,Binter,"Costa Adeje, España",Tenerife,Lanzarote,Domestic,enero de 2019,5,"Trato del personal muy agradable en el aeropuerto así como en el avión. Vuelo muy tranquilo, es muy corto y todavía te ofrecen un snack y una bebida. Lo recomiendo."
IBB_0563,Binter,"Palma de Mallorca, España",Palma de Mallorca,Las Palmas de Gran Canaria,Domestic,enero de 2019,1,"BINTER CANARIAS El día 2 de enero 2019 he comprado unos billetes para ir de Palma a Gran Canaria en Septiembre 2019. He cogido la tarifa reducida que no permite cambios. Desde el día 4 de enero comienzo a hablar con atención al cliente de Binter para ver la posibilidad de un cambio, QUEDAN 8 MESES PARA VIAJAR, me lo han negado rotundamente en 3 ocasiones, reconociendo en todo momento que ha sido un error de cálculo de fechas por mi parte y que estoy dispuesto a pagar una penalización si hace falta para poder cambiarlo, no quiero el reembolso. El día 16 de enero envío un correo tal como me lo han pedido, pero también recibo negativa por su parte. Ven normal que aún reconociendo el error y queriendo pagar una penalización para no perder todo lo ingresado, me lo denieguen? FALTANDO 8 MESES PARA VIAJAR?"
IBB_0564,Binter,"Vigo, España",Vigo,Tenerife,Domestic,enero de 2019,5,"Compañía recomendada al 100%. Personal muy amable, avión muy espacioso y lo más sorprendente comida a bordo gratuita.. Y muy buena.. Me sorprendio muy gratamente. Volveré a viajar con Binter."
IBB_0565,Binter,"Viena, Austria",Valverde,Las Palmas de Gran Canaria,Domestic,Desconocida,4,"Azafatas agradables y atentas, en el mostrador todo bien. Avión para trayecto corto bien xq te dan agua y chocolatinas. El único pero es que no les dió la gana de llevarnos el equipaje a más de la mitad de los pasajeros. Seguramente que para ahorrar combustible y porque el vuelo siguiente venía vacío, decidieron dejar maletas para equilibrar pesos. Me parece una guarrada y muy cutres xq al día siguiente tienes que estar pendiente de cuando traigan tus cosas."
IBB_0566,Binter,"Palma de Mallorca, España",Palma de Mallorca,Tenerife,Domestic,enero de 2019,5,"He viajado dos veces este año a Tenerife en el vuelo directo desde Mallorca y he de decir que son impecables, aviones con espacio para las piernas, servicio de comida y bebida gratuito a bordo y personal amable y profesional ¿ que mas se puede pedir ? Ojalá sigan así."
IBB_0567,Binter,"Madrid, España",Madrid,Ilha do Sal,International,diciembre de 2018,5,"El viaje de ida Madrid a Isla de Sal (Cabo Verde) esta dividido en dos vuelos, el primero desde Madrid a Gran Canaria, Binter operado por Iberia y el segundo desde Gran Canaria a Espargos en Isla de Sal. Nos ha encantado volar con ellos, sobre todo cuando el segundo tramo lo realizaba Binter en solitario. Amables, puntuales y sobre todo, el detalle de ofrecer al pasaje un paquete que nos ha sorprendido por lo práctico y lo bueno que es. Consiste en un par de tarrinas de productos como queso de untar, paté o sobrasada, un blister con un producto ibérico (a la ida jamón y a la vuelta salchichón), un par de paquetes de diferentes tipos de pan y piquitos, unas galletas. En ese pack viene también una bolsita para luego tirar todos los desperdicios y entregarlos a las azafatas como una bolsa de basura. La bebida para acompañar este aperitivo tan rico incluía cerveza (canaria claro) o vino, aparte de refrescos. Que las otras líneas tomen nota, sobre todo Iberia que cada día es peor, hoy día que todo son recortes de gastos se agradece que una línea como Binter tenga esos detalles, ofrecen café y galletas de chocolate después de ese tentempié y todo con una sonrisa. Adoro las Islas Canarias y a su gente, una vez más no me han defraudado."
IBB_0568,Binter,"Santa Cruz de Tenerife, España",Tenerife,Las Palmas de Gran Canaria,Domestic,Desconocida,3,"Hemos tenido un retraso de 1.5 horassin dar información, nos han tenido en una jardinera por 45 minutos. En resumen, mal servicio el de hoy y 0 información. Llego a gran Canaria tarde y pierdo un negocio"
IBB_0569,Binter,"Islas Canarias, España",Tenerife,Sao Vicente,International,diciembre de 2018,4,Binter es una muy buena opción para volar a Cabo Verde desde Canarias. En poco más de dos horas se llega a Isla de Sal. El aeropuerto es particular. Un caos para obtener el visado de entrada. Con un vuelo de enlace para Sao Vicente sentimos q no llegábamos pero empezamos a entender el significado del lema caboverdiano No Stress. El menú en vuelo fue un surtido de ibéricos riquísimos y chocolatinas Tirma. Las azafatas muy atentas. Curiosidad: en el regreso fulmigan los compartimentos de los equipajes de cabina como precaución por los mosquitos 🦟 .
IBB_0570,Binter,"Puerto Naos, España",Las Palmas de Gran Canaria,Santa Cruz de la Palma,Domestic,Desconocida,5,"Me gustaría agradecer el buen servicio y profesionalidad de los equipos de la compañía aérea Binter Canarias 🇮🇨 y mediante estas palabras expresar lo bien que me he sentido en los vuelos, especialmente al conseguir adelantar mi llegada y animaros a seguir siendo extraordinarios"
IBB_0571,Binter,"La Palma, España",Las Palmas de Gran Canaria,Santa Cruz de la Palma,Domestic,agosto de 2018,1,"El personal de esta compañía se comportó de forma grosera y poco profesional. Si puedes, evita viajar con ellos."
IBB_0572,Binter,Desconocido,Las Palmas de Gran Canaria,Tenerife,Domestic,diciembre de 2018,3,"El precio del billete estupendo. Salimos con retraso y lo peor el avion super estrecho, pareciamos que estabamos en la guagua. Lo mejor, la chocolatina que te dan."
IBB_0573,Binter,"Valencia, España",Tenerife,Valverde,Domestic,noviembre de 2018,5,"Siempre que he viajado con Binter a sido entre islas, aunque también hacen viajes internacionales,como Cabo Verde ..entre islas los vuelos son en aviones pequeños y con una duración pequeña, aún asi, las azafatas, siempre te ofrecen un vaso de agua,una chocolatina y caramelos, un detalle a agradecer."
IBB_0574,Binter,"Menorca, España",Tenerife,Palma de Mallorca,Domestic,octubre de 2018,5,"Magnifica compañia, avión nuevo, mucho espacio entre asientos, catering incluido en el billete de calidad y además una magnifica atención por parte de la tripulación, tambien todas las veces que he volado con ellos super puntuales, no se puede pedir más. El precio no es tan competitivo como las otras compañias pero sin duda vale la pena pagar más porque la diferencia es real"
IBB_0575,Binter,"Madrid, España",Las Palmas de Gran Canaria,Ilha do Sal,International,diciembre de 2018,5,Tanto a la ida como a la vuelta dan un pequeño piscolabis para matar el hambre que aunque no es comida ya que la hora del vuelo no coincidía con hora de comida si sirve para hacer el vuelo un poco más entretenido
IBB_0576,Binter,Desconocido,Tenerife,San Sebastián de la Gomera,Domestic,octubre de 2018,5,"Por turismo, he volado con Binter varias veces en los dos últimos años: Entre Tenerife y La Gomera y Hierro, y entre Las Palmas y El Aaiún, y siempre ha sido una magnífica experiencia. Las azafatas son muy agradables, me han dado prensa y un piscolabis."
IBB_0577,Binter,"Santa Cruz de Tenerife, España",Tenerife,Marrakech,International,diciembre de 2018,4,"Buena conexión, puntualidad y atención del personal. Lo único que se echa de menos es la no utilización del avión sin hélices porque el ruido es bastante incómodo."
IBB_0578,Binter,"Santa Cruz de Tenerife, España",Tenerife,Palma de Mallorca,Domestic,noviembre de 2018,5,"Fue muy puntual, comodo con la información en todo momento y con un aperitivo que rompe la monotonía del vuelo y que te lo hace mas agradable. Si a eso le sumas un personal agradable, éxito total de la compañía"
IBB_0579,Binter,"Las Palmas de Gran Canaria, España",Las Palmas de Gran Canaria,Santa Cruz de la Palma,Domestic,octubre de 2018,4,"Excelente opción para moverse entre islas, con el descuento de residente y ofertas puntuales que hace la compañia los precios son excelentes, sin embargo sino eres residente canario la cosa cambia mucho. Para turistas no es una buena opción."
IBB_0580,Binter,Desconocido,Las Palmas de Gran Canaria,Agadir,International,junio de 2018,5,"Salió puntual, vuelo directo y sin imprevistos. Incluía snack con comida y bebida. Lo cogimos para nuestras vacaciones por Agadir, Taghazout, Marrakech, Essauira."
IBB_0581,Binter,"San Cristóbal de La Laguna , España",Tenerife,Las Palmas de Gran Canaria,Domestic,noviembre de 2018,5,"Excelente servicio de atención, chocolatina en cada vuelo y una sonrisa que siempre se agradece, puntualidad de sus vuelos, aeronaves muy nuevas,"
IBB_0582,Binter,"Las Palmas de Gran Canaria, España",Las Palmas de Gran Canaria,Lanzarote,Domestic,diciembre de 2018,5,"Con mucho la mejor compañía de España en servicios y calidades, no se puede pedir más, sólo q el resto de compañías hagan servicios similares."
IBB_0583,Binter,"Palma de Mallorca, España",Palma de Mallorca,Las Palmas de Gran Canaria,Domestic,diciembre de 2018,4,"Una buena experiencia en este nuevo servicio directo. Se ha recuperado el “snack” gratuito con cafe, snack muy discreto con embutidos y pates. El equipaje de mano se puede dejar en bodega al pie de avion y alli recuperarlo a la llegada, lo que evita tantas molestias en el interior. El espacio para las piernas mayor que en otros aviones de mayor tamaño y compañias."
IBB_0584,Binter,Desconocido,Palma de Mallorca,Tenerife,Domestic,diciembre de 2018,4,"El tener vuelos directos entre Baleares y Canarias es un lujo por el tiempo que ahorras, además te dan merienda o comida según el horario del vuelo (lo malo es que no tenían opción para vegetarianos ni de ida ni de vuelta, pero ya es todo un detalle que te lo den). El único pero, que sólo tienen un wc para 92 pasajeros, el otro lo tienen para uso exclusivo de la tripulación. Para un vuelo de más de 3 horas y 92 pasajeros, un wc no es suficiente."
IBB_0585,Binter,"Madrid, España",Lanzarote,Las Palmas de Gran Canaria,Domestic,diciembre de 2018,5,"Pudimos adelantar el vuelo porque había plazas libres y fueron muy ágiles al hacérnoslo en el aeropuerto. Azafatas muy atentas y amables. Te dan una chocolatina, una toallita y agua. Los vuelos entre las islas son cortos y se pasan aún más rápido con la buena atención que tienen."
IBB_0586,Binter,"Mondéjar, España",Las Palmas de Gran Canaria,Vigo,Domestic,octubre de 2018,5,"Profesionalidad, puntualidad, la atención al cliente es excepcional, la compañía siempre tiene un detalle con los pasajeros, en los vuelos entre islas proporcionan una chocolatina o un donuts y agua sin problema. En los vuelos a península e internacionales te dan un snak estupendo y bebidas y hasta te o café y por supuesto otra chocolatina. Son una pasada."
IBB_0587,Binter,"Madrid, España",Tenerife,San Sebastián de la Gomera,Domestic,noviembre de 2018,5,"Excelente puntualidad, sorprende que en media hora de vuelo, te faciliten prensa diaria, galletas, agua y servilletas. Muy buena atención"
IBB_0588,Binter,"Tacoronte, España",Tenerife,Fuerteventura,Domestic,agosto de 2018,5,"Viajamos un grupo de amigos a Fuerteventura. 8 adultos y 7 niños. A los pequeños los entretuvieron con un concurso de dibujo para el que les dieron papel y colores. A los mayores nos hicieron felices un un donut. Siempre tienen estos detalles. Es muy de agradecer, cuando en las grandes compañías casi tienes que disculparte por todo. Sillones amplios, personal súper amable, puntualidad escrupulosa (nos avisaron un mes antes de un retraso de 10 minutos!) En fin, todo lo que uno querría para viajar a Madrid."
IBB_0589,Binter,"Tenerife, España",Tenerife,Lisbon,Europe,noviembre de 2018,5,"Vuelo perfecto y la compañía una maravilla. Te dan periódicos, de comer, de beber,...y no pagando más, así que solo por eso merece la pena la compañía."
IBB_0590,Binter,"Las Palmas de Gran Canaria, España",Las Palmas de Gran Canaria,Lanzarote,Domestic,noviembre de 2018,5,"Es una compañia aérea especializada en trayectos cortos, con un ligero servicio a bordo, no da tiempo para más, pero se agradece. Implicada con la puntualidad. Lo que favilita elegirla como primera opción frente a las otras compañias que operan en el mismo espacio"
IBB_0591,Binter,"Palma de Mallorca, España",Palma de Mallorca,Las Palmas de Gran Canaria,Domestic,noviembre de 2018,5,"Primera vez volando con la compañía y genial ambos vuelos. Da gusto que aun queden compañias donde la atencion al cliente es perfecta, te ponen un buen aperitivo, pasan con cafes, chocolatinas.. todo perfecto. Y l@s chic@s superamables!"
IBB_0592,Binter,"Playa de Muro, España",Palma de Mallorca,Tenerife,Domestic,octubre de 2018,5,Primera vez que volamos con Binter ya que no hace mucho que han puesto la ruta Mallorca-Tenerife Norte. Son 3 horas y la verdad es que superó nuestras expectativas. El avión es pequeño pero nuevo y la tripulación es muy amable y atenta. Tienen el detalle de darte un aperitivo y algo para beber por cortesía. Nos gustó mucho y lo recomiendo a todo el que quiera un vuelo corto y comodo
IBB_0593,Binter,"Las Palmas de Gran Canaria, España",Las Palmas de Gran Canaria,Fuerteventura,Domestic,Desconocida,5,"Binter caranarias ofrece unos vuelos muy cómodos. Suelen ser puntuales y el personal bastante agradable. Durante los vuelos mañaneros dan la prensa gratuita (la provincia, As y canarias7), agua y galletas. Otra cosa a su favor es que su página web funciona muy bien y puedes obtener información a tiempo real. Una o dos veces al año sacan una oferta denominada bintazo que permite obtener vuelos a muy buen precio."
IBB_0594,Binter,Desconocido,Santa Cruz de la Palma,Tenerife,Domestic,octubre de 2018,1,"Hola, antes de nada quiero aclarar que yo fui uno de los afectados por el cierre del aeropuerto de La Palma pero gracias a Dios mi compañía fue Air Europa, digo gracias a Dios porque ésta desde el primer momento buscó soluciones para transportar y alojar a todos sus pasajeros sin coste alguno y encargándose ellos de todo... Pues bien, desde las 13,30 horas no entraba ni salía ningún avión, las colas en los mostradores de Binter eran cada vez más grandes y lo único que podían hacer los pasajeros de ésta compañía era esperar a que llegara la hora de salida de su vuelo para que le dijeran que su vuelo estaba cancelado y que tenían que seguir esperando, sin tener ni una sola noticia de lo que debían hacer. Después de más de 5 horas de espera, comenzaron a informar de lo que debían hacer y cambiarles el vuelo, cosa que estaban dando fecha para dos días vista, según muchos de los afectados con los que hablé, había algunos empleados de la compañía que informaban de que podían apuntarse en lista de espera y otros decían que era lo que había, que buscaran otro medio de transporte si tenían prisa y no le informaban de que habría una lista de espera para recolocarlos al día siguiente, a la vez que les decían a todas las personas no residentes en La Palma que se buscaran la vida para alojarse, desplazarse y comer, que ellos después se lo abonarían, pero que tenían que buscar alojamiento y pagarlo ellos, claro está, después de que las otras compañías hubiesen ya reservado casi todos los hoteles para sus viajeros y después de tanto tiempo de espera, ya no habían habitaciones disponibles, estoy hablando que les dio exactamente igual, si estas personas disponían de dinero o no, si fueran familias con niños o gente mayor… Un empleado de Binter, que parecía algún responsable de la compañía, ya que era el que daba información y llamaba constantemente a no sé dónde para consultar,( supongo que a sus superiores) daba otra alternativa posible, según le decían a él, que era un alojamiento en las dependencias del ejército que estaba cerca del aeropuerto, o que estaban hablando con Aena para que estudiaran la posibilidad de dejar el aeropuerto abierto para que se quedaran las personas afectadas, pero que siendo las 22 horas todavía no era nada seguro. El grupo con el cual iba, y a diferencia que yo viajaron con Binter, tenían el vuelo previsto para las 21 horas, llegamos al aeropuerto a las 18 horas y después de hablar con muchos afectados y oír lo que el responsable les decía a los primeros de la cola, que según nos comentaban, llevaban allí desde las 14 horas, comenzamos a buscar soluciones por nuestra cuenta, ya que los de mi grupo eran una de esas muchas familias con niños y viendo el percal Binter no nos iba a dar ninguna solución. Efectivamente pudimos constatar cuando llegamos al mostrador, lo que nos habían comentado. Afortunadamente conseguimos unos apartamentos para poder pasar la noche con los niños. Finalmente, todo el grupo pudo volar el día siguiente, aunque la última pareja con un niño lo hizo a las 19,30 horas y después de estar desde las 8.30 horas y de un puerta de embarque a otra hasta que con suerte quedaran plazas libres en algún avión para poder embarcar."
IBB_0595,Binter,"Valladolid, España",Tenerife,Santa Cruz de la Palma,Domestic,octubre de 2018,5,"Acabamos de venir de un viaje en el que estuvimos en La Palma, Hierro, Gomera y Tenerife. Todos los vuelos entre las islas los hicimos con Binter y realmente estamos muy satisfechos. Hay que tener en cuenta que los aviones son pequeños pues los trayectos que hicimos son muy cortos (una media de media hora de vuelo) por lo que no se puede exigir grandes espacios entre asientos. Aún así, son cómodos para el tiempo que estuvimos volando. La facturación muy rápida, muy puntuales en la salida y llegada, superrápidos para descargar las maletas y recogerlas en el aeropuerto... Como no eramos muchos viajeros y los aeropuertos eran pequeños, todo se hace más rápido. El embarque se hace a pie, sin tener que esperar autobuses que te lleven al avión. Al ser un avión pequeño no hay que esperar que acerquen escaleras... todo es mucho más fácil y rápido. En cuanto al trato, excepcional para vuelos tan cortos. Si era por la mañana, te ofrecen el periódico del día. Además, pasan con el carrito ofreciéndote agua (con o sin gas) y unas galletas. En algunos incluso luego nos ofrecían caramelos. En otros ni siquiera le daba tiempo a ofrecerlos porque aterrizábamos antes, jeje. En compañías más grandes y con vuelos más largos (la mayoría) no te ofrecen ni agua si no es de pago. Es un pequeño detalle pero se agradece mucho. Las azafatas también eran muy agradables y coincidí con unas cuantas, asique no es que me tocasen las ""buenas"". Muy profesionales. En resumen, si vuelvo a volar entre islas, sin dudas elegiré Binter. Más rápida y barata que los ferrys."
IBB_0596,Binter,España,Tenerife,Lanzarote,Domestic,octubre de 2018,4,Una compañía con sentido práctico. No hay que hacer desplazamientos en autobús y el equipaje facturado aparece rápidamente. Los aviones son agradables en su interior y la pericia de los pilotos para hacer el vuelo suave es muy profesional.
IBB_0597,Binter,"Puerto del Rosario, España",Fuerteventura,Las Palmas de Gran Canaria,Domestic,octubre de 2018,4,"Esta compañía ofrece un servicio cómodo y agradable. Son atentos e incluso tiene la cortesía de regalarte una chocolatina, unas galletas o caramelos y si necesitas un vaso de agua también te lo facilitan sin problema."
IBB_0598,Binter,Desconocido,Tenerife,Valverde,Domestic,agosto de 2018,5,"Es facilísimo conseguir la tarjeta de embarque en el móvil, no como con vueling. El embarque y vuelo, bien, correcto y sin contratiempo alguno."
IBB_0599,Binter,"Lleida, España",Tenerife,Lanzarote,Domestic,octubre de 2018,4,"Fue un viaje bastante corto pero incluso así nos dieron bebidas y algo para picar. Personal atento y viaje sin complicaciones. EL avión y los asientos no eran lo último en tecnología, y evidentemente el avión era pequeño. Pero bastante cómodo."
IBB_0600,Binter,"Palma de Mallorca, España",Palma de Mallorca,Las Palmas de Gran Canaria,Domestic,septiembre de 2018,4,un vuelo agradable lo que es el trato del personal un diez.la puntualidad buena.solo un problema la temperatura del avion a la ida mucho frio y al regreso mucho calor
IBB_0601,Binter,"San Cristóbal de La Laguna , España",Tenerife,Ilha do Sal,International,septiembre de 2018,5,"Bajo mi punto de vista, Binter es ahora mismo una de las compañías aéreas más importante a nivel nacional y su expansión en vuelos internacionales hace que sea una compañía a tener en cuenta en los próximos años, el servicio que presta a Isla de Sal, desde Gran Canaria es sin duda alguna excelente tanto en la puntualidad de sus vuelos como en su servicio en vuelvo, ofreciendo servicio de comida a bordo, que yo pensando ahora.... quien más la ofrece? ¡NADIE!. Sin duda alguna para mi, Binter es mi compañía aérea con la que he viajado por cuestione de trabajo como por ocio, en las cuales he tendido ningún tipo de incidencia."
IBB_0602,Binter,"Tenerife, España",Tenerife,Las Palmas de Gran Canaria,Domestic,agosto de 2018,4,"De las pocas compañias que tenemos en Canarias que viaja entre las islas,siempre puntuales,amables y por lo menos te dan ambrosias,donuts pequeños,caramelos(solo una vez tuve un problema pero no fue culpa de la compañia,sino del Aeropuerto de los Rodeos y su gran neblina,me quede sin ir a Madeira y claro ellos me devolvieron el dinero pero nos tuvieron 12 horas en el aeropuerto a ver si se despejaba para poder salir,ese ha sido lo peor) por lo demas muy bien🌟🌟🌟🌟🌟"
IBB_0603,Binter,"Barcelona, España",Las Palmas de Gran Canaria,Ilha do Sal,International,septiembre de 2018,5,"Gratamente sorprendidos en nuestra visita a Isla de Sal (Cabo Verde) volando con Binter Canarias... a destacar la puntualidad, amabilidad y el buen servicio de los asistentes de vuelo. Al ser vuelo internacional (aunque duró apenas dos horas y media) la compañía nos sirvió un Snack Ibérico de forma gratuita, ademas de toallitas, servicio de café y caramelos. Hacía mucho tiempo que una aerolínea no me hacía sentir humano, otras compañias (sean de bajo coste o no) te tratan como un número más al que ofrecen un servicio justo y con miles de extras de pago, sin embargo esta compañía nos mimó desde el momento de la reserva (directa en su página web) hasta la devolución de nuestro equipaje en Las Palmas de Gran Canaria. Espero que el buen hacer de Binter Canarias triunfe y pronto operen vuelos nacionales desde Madrid Barajas. Apenas me acabo de bajar del avión y... ya os echo de menos!"
IBB_0604,Binter,Desconocido,San Sebastián de la Gomera,Las Palmas de Gran Canaria,Domestic,septiembre de 2018,5,"Tanto en tierra como en vuelo, la atención del personal es exquisita. La App es fácil y cómoda de utilizar. Además, si hay varios horarios para un destino, puedes cambiar el vuelo con mucha facilidad, siempre que haya plazas. Es de las pocas aerolíneas que tiene servicio incluido a bordo, aunque son vuelos cortos (chocolatina o frutos secos, agua, caramelos, toallitas refrescantes y prensa)"
IBB_0605,Binter,"Jaén, España",Santa Cruz de la Palma,San Sebastián de la Gomera,Domestic,Desconocida,5,"Use esta compañía y el trato fue excelente además de que te ofrecen agua y un Donut en el vuelo. Los precios si no eres residentes no son baratos, y creo que tendrían que cuidar al turista nacional, ya que asi viajaríamos más continuo y con esta aerolínea."
IBB_0606,Binter,"Tenerife, España",Tenerife,Lanzarote,Domestic,agosto de 2018,5,"Personal encantador, puntualidad exquisita. Durante el vuelo siempre ofrecen prensa, algún snack, caramelos, agua y toallitas. La verdad es que en los tiempos que corren ya en España ninguna compañía puede decir ésto. Olé por Binter Canarias! Orgullo de compañía!!"
IBB_0607,Binter,Desconocido,Tenerife,Marrakech,International,agosto de 2018,5,"De martes a martes puedes volar sin escalas desde Tenerife Norte a Marrakech en apenas dos horas, por un precio razonable.Las azafatas super amables y simpáticas. Te dan la prensa y un tentenpié más que suficiente."
IBB_0608,Binter,"Santa Cruz de Tenerife, España",Las Palmas de Gran Canaria,Palma de Mallorca,Domestic,junio de 2018,5,"Vuelo directo entre los archipiélagos. Gratamente sorprendida con el reparto de comida que nos mantuvo entretenidos durante una hora del vuelo. Yo, encima, había ""obligado"" a los niños a comerse un plátano porque era al mediodía y no sabía cuando podríamos sentarnos a comer algo. El avión cómodo, había asientos libres y el personal de cabina nos ofreció la posibilidad de sentarnos en otra fila. Siempre muy atentos, sobretodo con los niños."
IBB_0609,Binter,"Puerto de la Cruz, España",Tenerife,Las Palmas de Gran Canaria,Domestic,septiembre de 2018,5,"Binter casi nunca falla. Facilidad de compra, cambios, cancelaciones. Buenos aviones. Trato muy amable tanto en tierra como en vuelo."
IBB_0610,Binter,"Las Palmas de Gran Canaria, España",Las Palmas de Gran Canaria,Vigo,Domestic,mayo de 2018,5,"Poder volar sin escalas desde Canarias a Galicia y encima con puntualidad, catering gratuito a bordo y sin limitaciones ni abusos en la facturación del equipaje, ni en el pago con tarjeta, es todo un privilegio para recomendar frente a las vomoañías Low-Cost que desprecian al pasajero. !Enhorabuena a BINTER y a sus directivos!"
IBB_0611,Binter,"San Cristóbal de La Laguna , España",Tenerife,Lanzarote,Domestic,Desconocida,5,"Una vez más he volado con esta compañía y sin ningún problema. Azafatas amables, vuelo cómodo, te dan agua y un tentempié. Puedes leer la prensa y muy puntual en la salida y llegada. Muy recomendable."
IBB_0612,Binter,"Gran Canaria, España",Las Palmas de Gran Canaria,Santa Cruz de la Palma,Domestic,agosto de 2018,4,Se cumple el horario generalmente. El trato es amable y atento. Mi experiencia es de vuelos entra las Islas Canarias.
IBB_0613,Binter,"Gran Canaria, España",Las Palmas de Gran Canaria,Lanzarote,Domestic,Desconocida,5,Nada nuevo que se pueda contar de Binter. Buen trato del personal y cumpliendo horarios. Chocolatina tirma o donuts y prensa. Ningún problema con el equipaje. Respeta los servicios y privikegios de fleximas.
IBB_0614,Binter,"Santa Cruz de Tenerife, España",Tenerife,Lisbon,Europe,agosto de 2018,5,"Puntualidad, precios razonables, comida a bordo, personal agradable, buen avión..., me gusta que exista el vuelo directo entre Canarias y Lisboa, que por cierto es preciosa."
IBB_0615,Binter,"Las Palmas de Gran Canaria, España",Las Palmas de Gran Canaria,Fuerteventura,Domestic,agosto de 2018,4,Volabamos desde Gran Canaria a Fuerteventura y la verdad que el vuelo fue muy agradable. Incluso nos ofrecieron un donut como complemento. Es una buena compañia que vuela entre islas pero que puede parecer algo cara.
IBB_0616,Binter,Desconocido,Las Palmas de Gran Canaria,Lanzarote,Domestic,julio de 2018,5,"Es una compañía q vuela entre las islas, funciona bien de momento, buena atención, servicio azafatas bueno. Mejorable? Los aviones son pequeños. Tienen una política de embarque de niños primero."
IBB_0617,Binter,"Santa Cruz de Tenerife, España",Tenerife,Fuerteventura,Domestic,septiembre de 2018,5,"Compañía canaria que funciona muy bien, con vuelos frecuentes entre islas. Muy amables a bordo y serviciales. Ofrecen agua y chocolatinas a pesar de la corta duración de los vuelos. Recomendable"
IBB_0618,Binter,Desconocido,Las Palmas de Gran Canaria,Lanzarote,Domestic,agosto de 2018,5,Muy buen servicio y puntualidad Buenisima atencion que no te tan ni en las mejores y mas renombradas aerolineas con low cost Muy buena recepciòn y atentos al despacho de equipajes
IBB_0619,Binter,"San Cristóbal de La Laguna , España",Tenerife,Lanzarote,Domestic,agosto de 2018,5,"Viajar con Binter es seguro de puntualidad, viaje cómodo y ahora, con el descuento del 75% a residentes, además barato."
IBB_0620,Binter,"Oviedo, España",Tenerife,Valverde,Domestic,agosto de 2018,5,"Como siempre, puntuales y muy agradable el trato. Te dan agua y algo de aperitivo ( aunque son trayectos cortos). Mejor que otras aerolineas de "" más prestigio""."
IBB_0621,Binter,"Las Palmas de Gran Canaria, España",Vigo,Las Palmas de Gran Canaria,Domestic,septiembre de 2018,4,"El avión muy nuevo. Parecía un híbrido al despegar, casi ni se oyó. Asientos de a dos y más espacio entre las filas. Las azafatas muy serviciales y más aún cuando te ofrecen una cajita con un pic nic muy conseguido, además de bebidas y café. Una muy grata sorpresa para aquellos que viajamos con Iberia antaño y nos ponían aquellas comidas q tardábamos medio viaje en despachar. Lastima tan pocas rutas entre Canarias y Peninsula, porque sin duda volvería a volar con ellos. Todo un hallazgo!!!"
IBB_0622,Binter,Desconocido,Tenerife,Lanzarote,Domestic,Desconocida,5,"Muy bien el vuelo, la atención y todo. El vuelo en horario como siempre con Binter, todo genial. El avión con Wifi y todo, y todo muy bien. En el móvil podíamos ver la trayectoria, velocidad, altitud y todo. Genial..."
IBB_0623,Binter,"Portugalete, España",Tenerife,Santa Cruz de la Palma,Domestic,agosto de 2018,5,"Atentos, serviciales,... Aun siendo un vuelo corto consiguen que sea ameno, que recuerdes con agrado el viaje. Siempre sera una opción a considerar en trayectos en los que operen..."
IBB_0624,Binter,"Palma de Mallorca, España",Palma de Mallorca,Tenerife,Domestic,junio de 2018,5,"Encantados que hemos podido POR FIN viajar directos!!!! Ha sido una gozada. Subir al avión en Mallorca y bajar en Tenerife SIN escalas, sin 6 horas de viaje......eso al menos... Además y al ser de la distancia que es directo, te dan un pequeño snack a bordo, bebidas etc. Nos han atendido super amablemente, con toallitas para refrescar y demás....ya no estamos acostumbrados a esto en los vuelos y en tiempos de Low Cost. Por eso se agradece tanto. Por favor, mantengan estos trayectos DIRECTOS y no los vuelvan a quitar!!!"
IBB_0625,Binter,"Santa Cruz de Tenerife, España",Valverde,Tenerife,Domestic,septiembre de 2018,1,"¡Increíble lo de Binter Canarias! Dejaron conscientemente 37 maletas en el aeropuerto de origen (es decir, todo el equipaje de todos los pasajeros que facturaron) alegando que era por seguridad por exceso de carga. ¿Quien se cree esto? Si tenemos en cuenta que vimos cómo en un principio el carricoche con todas las maletas se dirigía hacia el avión, probablemente la causa real era recuperar tiempo puesto que salíamos con retraso, y los vuelos posteriores se retrasarían más. Lo peor es que vuelas engañado porque piensas que vuelas con tu equipaje y ya llevamos más de 24 horas sin saber de nuestras 4 maletas (somos una familia) y cuando llamamos a la compañia no saben ni siquiera dónde están nuestras maletas en este momento. Aconsejo que si vuelan con Binter y llevan equipaje de mano, no lo facturen. Y si pueden evitar volar con Binter, mejor."
IBB_0626,Binter,"Barcelona, España",Ilha do Sal,Las Palmas de Gran Canaria,International,agosto de 2018,1,"Subimos al avión viendo cómo suben nuestras maletas. Al llegar la nuestra junto con 25 más no llegan. Por lo visto había sobrepeso aunque el avión no iba lleno. (Curioso...¿quizá porque la carga está mejor pagada?) Ninguna llamada , ninguna respuesta. Nos dicen que la envían a barcelona en avión de Vueling y que no la envían a casa(???). Voy al aeropuerto. No esta Pierdo 4 horas. Va a hacer 1 semana y todavía no la tengo......"
IBB_0627,Binter,"Los Cristianos, España",Tenerife,Las Palmas de Gran Canaria,Domestic,Desconocida,3,"Para mí era el primer vuelo en un avión de ese tipo y de ese tamaño, por eso tenía un poco de miedo.De verdad ha sido un viaje perfecto,los asientos están cómodos y nuevo,un servicio atento y gentil; te ofrecen agua y uno snack.Me habían asustado amigos que hay mucho ruido durante el vuelo y turbolencia de verdad nada de nada,todo perfecto,26 minutos de relax.Una buena experiencia y un buen precio."
IBB_0628,Binter,"Las Palmas de Gran Canaria, España",Fuerteventura,Tenerife,Domestic,agosto de 2018,1,"al ser aviones de helice, en caso de rotura de motor, planean, hay mas probabilidades de salir con vida de un accidente a bordo de un binter. Ya dejaron de obsequiar con toallitas o bombones."
IBB_0629,Binter,Desconocido,Las Palmas de Gran Canaria,Ilha do Sal,International,agosto de 2018,5,Era la primera vez que volamos con binter canarias para mi jna grata sorpresa al no ser muy conocida la aerolinea no sabia como iba a ser wl vuelo pero para.mi sorpresa fue perfecto asientos muy comodos y espaciosos aun tratandose de un vuelo relatiba mente corto el persona de vuelo muy atento y ademos te ofrecen un snack gratuito durante el vuelo sin duda repetiremos con binter
IBB_0630,Binter,Desconocido,Agadir,Tenerife,International,mayo de 2018,1,Vole a Tenerife facturado mi maleta. La sorpresa fue que cuando llegue a Tenerife y recogí el equipaje me Di cuenta que mi Gopro había desaparecido. Lo denuncie y a continuación pedí ayuda a la compañía. Pero para mi sorpresa la compañía me dijo que no se hacía cargo.
IBB_0631,Binter,"Córdoba, España",Tenerife,Santa Cruz de la Palma,Domestic,agosto de 2018,4,"Aviones pequeñitos pero tripulación muy amable. Ofrecen sin cargo agua, dónuts y prensa diaria y deportiva. El vuelo se hizo realmente corto."
IBB_0632,Binter,"Santa Cruz de Tenerife, España",Tenerife,Lisbon,Europe,agosto de 2018,5,"A pesar de los retrasos, por culpa del tráfico aéreo de Lisboa, los vuelos fueron muy agradables, el personal muy amable y atento, con detalles como el periódico, un aperitivo y café, sin problemas con el equipaje, asientos cómodos y con espacio para las personas altas. En fin, excelente."
IBB_0633,Binter,"Valencia, España",Lanzarote,Tenerife,Domestic,agosto de 2018,5,"El servicio es excelente muy cercanos y muy amables, te dan agua y un donuts para el viaje y tiene wifi, así el viaje se hace muy ameno"
IBB_0634,Binter,"Gran Canaria, España",Lanzarote,Las Palmas de Gran Canaria,Domestic,agosto de 2018,5,"Es puntual, fiable, buscan soluciones y tienen la mejor aplicación de compañía aérea que conozco, puedes hacer casi cualquier gestión a través de ella es fácil intuitiva y muy muy práctica que es al final lo que necesitas!!!"
IBB_0635,Binter,"Gran Canaria, España",Las Palmas de Gran Canaria,Tenerife,Domestic,julio de 2018,5,"Vuelo muy tranquilo y a destacar la puntualidad , personal amable da gusto volar en companias asi , y que decir de los precios! muy economico!! recomiendo"
IBB_0636,Binter,Desconocido,Tenerife,Fuerteventura,Domestic,agosto de 2018,5,"Hacía muchos años que no volaba con binter y había olvidado el buen servicio y trato que dan. Da gusto volar con ellos, son atentos y generosos. El resto de compañías deberían de aprender de Binter."
IBB_0637,Binter,"Móstoles, España",Tenerife,Las Palmas de Gran Canaria,Domestic,agosto de 2018,5,"Impresionante. Sitio para las piernas, personal amabilísimo, prensa, desayuno y muy barato. Que más pedir? Un 10"
IBB_0638,Binter,"Valencia, España",Las Palmas de Gran Canaria,Tenerife,Domestic,agosto de 2018,1,"En mis últimos vuelos con BINTER, siempre hay por un motivo o por otro algún tipo de retraso. Ayer fue increíble dado que el embarque se hizo por jardinera y mas o menos según el horario. Estuvimos mas de 15 minutos en el autobús esperando ir al avión que estaba aparcado en remoto. Cuando llegamos al avión tardaron mas de 10 minutos en abrir las puertas para subir al avión, y una vez abordo y con las puertas ya cerradas del avión, tardamos mas de 15 minutos en encender los motores. Al igual que en anteriores vuelos con ellos, LOS PILOTOS JAMAS ANUNCIAN INFORMACIÓN DE PORQUE ESTAMOS RETRASADOS Y NI POR ASOMO PIDEN DISCULPAS POR LOS RETRASOS O MOLESTIAS ORIGINADAS. No se ustedes aquí en estas islas pero cualquier linea aérea del mundo siempre tienen al pasajero como máxima prioridad y los pilotos siempre informan de los motivos del retraso. La semana anterior cogí un vuelo de TFN a LPA a las 21:00 horas también retrasado y nadie abordo dio por megafonia ninguna información. En resumen vuelo con BINTER porque es obligatorio por mi trabajo pero es una compañía nefasta con una calidad de servicio deplorable."
IBB_0639,Binter,"Berlín, Alemania",Las Palmas de Gran Canaria,Vigo,Domestic,agosto de 2018,5,"Todo perfecto. Muy amables, buen servici, comida y bebida gratis durante el vuelo. Acompañamiento personal a transfer."
IBB_0640,Binter,"Arrecife, España",Lanzarote,Tenerife,Domestic,julio de 2018,1,"Buenos días!!, no sabría por donde empezar ni se como empezar, es mi primera queja y es solo porque me sentí muy mal tratado resumo. Sucedió el 31 de julio tenia un billete reservado para ir a Tenerife a poner la huella para la renovación de mi residencia tengo nie comúnitario, esta caducado pero tengo la aprobación y la cita un sello y firma para que autoriza para viajar es más desde que me lo dieron e viajado por la isla más de 10 veces tengo todas las copias de los viajes tengo e ido a la península con ella me lo aceptan, y antes siempre de reservar pregunto me dijeron que podría viajar con ella sin problemas porque es nie permanente tengo la autorización de un abogado y firma del estado y junto tengo el pasaporte en vigor juntando eso tendría que viajar, pues lo sucedido fue que justo ese día 31 de julio tenía cita el día 1 de agosto para la huella por la mañana a las 08:45 decidí viajar un día antes para ir relajarme e ir al día siguiente sin preocupaciones, el billete lo compré todo aceptado no tenía que presentar nada era fleximas Lo pille así por si tenía que cambiarlo o pasaba algo el billete era a las 07:00 de la mañana, mi único pecado es que cogí el billete al revés en vez de lanzarote Tenerife, cogí Tenerife lanzarote, cuando me di cuenta fui para cambiarlo ya que la combinación que compré me lo permitía si no compraba otro billete y listo, pues fui para explicar lo que había pasado si me lo podría cambiar pues la chica que me atendió me dijo esta el nie caducado dije si es verdad y le explique todo los papeles que tenia el pasaporte y que iba para poner las huellas, me dijo que no la dije pasaporte a tu encargado que se lo comento mejor pues, en cuando la encontre fui para decirle en la oficina primero ne echo se la oficina me dijo con unas maneras que no sabría explicar que antes de hablar con ella salga de la oficina segundo gritando. En la puerta de la oficina que tengo el nie caducado sujetando lo el en mi cara con un asco y que si no me gusta es la regla de la isla y del país y que me podria ir por donde vine, estaba nervioso triste y con mucha vergüenza delante de la gente, llamé al número de teléfono de atención al cliente, y le dije lo que había pasado y la chica que me atendió me dio la razón que si era un nie con foto. Permanencia y tenía las hojas de aprobación junto al pasaporte no tengo problema, le dije que si por favor lo puede decir a la chica me dijo que vale, cuando voy para pasarle el móvil me dice en toda la cara que no coge el móvil que si quiere la chica que la llame a su móvil personal, no sabia que hacer casi se me caen las lágrimas, le dije a la chica que me si me podría devolver el dinero me hizo la gestión la chica del teléfono me lo devolvió, con ese lío estaba que no sabía que hacer nervioso triste va la mujer me dice recoge tu maleta o llamo a la policía y le dije pues llamalo, porque lo dijo en forma despectivo se reía, al final me acerque y le pedí su nombre y ya para acabar me toma la placa apuntarlo pero no te lo robes, todo eso con gente haciendo la cola y escuchando todo en la imagen que envió es la mujer que me trato mal muy mal, y estoy pensando ponerle una denuncia personal no hice nada creo que en el aeropuerto tenéis cámara para poder ver esas cosas y saber lo que pasó pero la forma que me trato no se lo merece, nadie, tuve que viajar por la tarde con canarifly sin problema se quedaron flipando cuando se lo comente, mi nombre es, Abdoulaye y mi apellido es donzo soy origen de guinea pero adoptivo mi madre es de Mallorca ella lo sabe todo y vamos a poner una caja a esta mujer no me quejado nunca en una compañía y viajo bastante no me gusta quejarme respeto doy lo que me gustaría que me dieran a mi, se que es muy larga lo que escribí pero intenté explicarme lo mejor que pude, un saludo y buen día, NEREIDA HERNÁNDEZ, ella fue quien me trato mal"
IBB_0641,Binter,"Fuerteventura, España",Tenerife,Funchal,Europe,julio de 2018,5,"Excelente Aerolinea regional Sus aviones según el modelo son un poco ruidosos (ATR500) pero la puntualidad y sus servicios a bordo - Gratuitos- refrigerio... inclusive WiFi, son Excelentes"
IBB_0642,Binter,"Lanzarote, España",Las Palmas de Gran Canaria,Lanzarote,Domestic,junio de 2018,2,"El servicio de Binter es bueno y no tengo queja sobre ello. Solamente es que utilizo con frecuencia la línea aérea y no dejo de preguntarme la cantidad de vasos de agua que se sirven al día y quería sugerirle a la línea aérea si podrían tener el gesto de reducir el plástico en la medida que les fuera posible, creo que no es buena imagen en un medio de transporte que utilizamos tantas personas. Los gestos son los que educan a una sociedad, aunque no sea una normativa aún, podrían cambiar sus vasos de plástico por vasos de cartón por ejemplo? Es plástico es un problema en los océanos. Leo su magazine sobre paisajes de ensueño, naturaleza, medio ambiente y por el contrario, me resulta totalmente chocante, ver como sirven el agua en vasos de plástico. Quizás haya más viajeros sensibles a este tema. Sean ustedes los primeros en empezar a cambiar las cosas, no esperen a que lo hagan otros antes.!!"
IBB_0643,Binter,"Zaragoza, España",Las Palmas de Gran Canaria,Ilha do Sal,International,julio de 2018,5,"Atención y vuelo agradable. Nos trataron desde inicio genial, el ser un vuelo internacional pasaron con comida, bebida y cafe gratis. Ademas de chocolatinas. Ya en muchos vuelos hasta el agua es un lujo."
IBB_0644,Binter,Desconocido,Fuerteventura,Las Palmas de Gran Canaria,Domestic,julio de 2018,4,Suelo viajar con binter y es una compañía que me da seguridad y confortabilidad..... Por ahora.....siempre tienen algún detalle con los pasajeros.
IBB_0645,Binter,"Cádiz, España",Las Palmas de Gran Canaria,Ilha do Sal,International,julio de 2018,5,"Tras un soñado viaje a Cabo Verde, y despues de descubir que la mejor opcion era via Las Palmas de Gran Canarias, hemos fisfrutado mucho del vuelo, por supuesto de la puntualidad, limpieza del avion, simpatia de la tripulacion, el magnifico menu a pesar de ser vuelos de poco mas de dos horas, e incluso te lo sierven fuera de horas. Estamos deseando de volver a disfrutar de sus servicios. Gracias!."
IBB_0646,Binter,"Gran Canaria, España",Las Palmas de Gran Canaria,Santa Cruz de la Palma,Domestic,julio de 2018,5,Personal muy agradable y vuelo puntual. Me facturaron equipaje gratis y nos dieron agua y chocolatina en el avión. Volveré a volar con Binter.
IBB_0647,Binter,Desconocido,Vigo,Las Palmas de Gran Canaria,Domestic,junio de 2018,5,"Volamos en familia a Gran Canaria el pasado junio por Binter, una compañía totalmente desconocida para nosotros, y nos sorprendió muchísimo. Desde la amabilidad de su tripulación, la puntualidad hasta lis snakcs gratis y bebida que dan. Me gusto mucho"
IBB_0648,Binter,"Zaragoza, España",Tenerife,Fuerteventura,Domestic,junio de 2018,4,Buena compañía para moverse entre las Islas Canarias. Buen despegue y magnifico aterrizaje. Personal de tripulación muy amable.
IBB_0649,Binter,Desconocido,Las Palmas de Gran Canaria,Santa Cruz de la Palma,Domestic,junio de 2018,4,"Lo mejor de esta compañía es la frecuencia de vuelos, y que suelen ir renovando su flota. El personal es muy amable."
IBB_0650,Binter,"San Agustín, España",Las Palmas de Gran Canaria,San Sebastián de la Gomera,Domestic,marzo de 2018,5,Vuelos tranquilos y cómodos. Servicio excelente. Te dan durante el trayecto agua y frutos secos o ambrosía (según la temporada).
IBB_0651,Binter,"Santa Cruz de Tenerife, España",Tenerife,Lanzarote,Domestic,febrero de 2018,1,"Si no fuera por los descuentos para residentes, esta compañía seguiría ahogando a los canarios en los desplazamientos cortos. Más caro viajar a visitar la isla de enfrente que a la península, increíble!!!"
IBB_0652,Binter,"Santa Cruz de Tenerife, España",Tenerife,Fuerteventura,Domestic,abril de 2018,4,"Es una de las aerolíneas de Canarias, que puedo decir, los vuelos son siempre rápidos y sin incidencias, excepto cuando hay algo de mal tiempo, pero se espera en la terminal y a esperar a que mejore el tiempo, lo mejor, las chocolatinas Tirma que se ofrecen durante le vuelo, riquísimas"
IBB_0653,Binter,"Santa Cruz de Tenerife, España",Tenerife,Fuerteventura,Domestic,Desconocida,4,"Buena compañía, es rápida y ofrece un buen servicio a bordo(prensa,agua,chocolatinas) los vuelos suelen ser corto ya que la mayoria son entre islas aunque estan añadiendo nuevos destinos. El avión es algo pequeña por dentro pero en general vas bien"
IBB_0654,Binter,"Las Palmas de Gran Canaria, España",Fuerteventura,Valverde,Domestic,mayo de 2018,4,"Siempre mas o menos puntual, dan chocolatina, agua caramelos y servietas humedas...equipaje kilos mas una maleta pequeña de mano..."
IBB_0655,Binter,"Arrecife, España",Lanzarote,Las Palmas de Gran Canaria,Domestic,mayo de 2018,4,"Como todas los vuelos realizados, puntual y sin ningún incidente. Primer vuelo de la mañana y vuelta en el ultimo por motivos de trabajo."
IBB_0656,Binter,"Colonia, Alemania",Las Palmas de Gran Canaria,Tenerife,Domestic,abril de 2018,5,"Buena compañía, He de decir que como canario tenemos un 75% de descuento, asique no puedo opinar sobre la relación calidad - precio porque para nosotros siempre va a ser buena, ni sobre la política de equipajes ya que en nuestra tarifa se incluye. política de equipaje, 20Kg. personal de cabina y tierra muy amable. Snack y bebida gratis incluida. asientos comodos con espacio entre asientos adecuado."
IBB_0657,Binter,Desconocido,Las Palmas de Gran Canaria,Santa Cruz de la Palma,Domestic,Desconocida,2,"El trato con las azafatas son cordiales, aunque sea buelo corto te ofrecen agua, chocalatina, caramelo y una toallita húmeda. Pero no te llegue a pasar que te rompa una maleta por fuera porque aunque tu la tengas nueva mientras funcione y su uso por dentro no afecta no se hace responsable como en otras compañía que he viajado. La maleta parece que de tener un uso a tener 100.estoy muy desconteta con el servio este. Ensima le pedi cuando llego una reclamación y no me la dan sino que la escribio alli el propio empleado y solo me dio un número, hasta este derecho me lo quito el de escribir mi propia reclamación."
IBB_0658,Binter,"Las Palmas de Gran Canaria, España",Las Palmas de Gran Canaria,Lanzarote,Domestic,junio de 2018,1,"2 minutos tarde, 1 de mi reloj y 2 del de la chica del mostrador de embarque. En la pantalla tal como le indique aparece última llamada y no vuelo cerrado. Corriendo, agitada y esforzándome, pero no, por 2 minutos o 1 (dependiendo para quien) no me dejaron subir al avión. Eso sí, delante mía entro una chica de lista de espera. Vergonzoso!! Alegría de que poco a poco acabe este monopolio, espero que cada vez sean más las compañías que ofrezcan servicios a los canarios. Sí, una chocolatina y un caramelo es un detallazo, pero entre los precios y este tipo de anécdotas desagradables a la par que innecesarias hoy después de muchos años viajando con esta compañia, por las formas, por los gestos, por la falta de mimo al atender a alguien que viene corriendo y llega 2minutos tarde, subiré a un avión de Binter Canarias decepcionada. Air Europa, bienvenido a Canarias!!!"
IBB_0659,Binter,"Orihuela, España",Tenerife,Valverde,Domestic,mayo de 2018,4,"un viaje muy corto desde Tenerife hasta la isla del Hierro, para nuestro sorpresa, durante un vuelo de 40 minutos, nos dieron un pequeño refrigerio y caramelos !!!!GRATIS¡¡¡, ya hace muchos años que no recibíamos nada en los vuelos. Gracias BINTER."
IBB_0660,Binter,"Las Palmas de Gran Canaria, España",Las Palmas de Gran Canaria,Marrakech,International,Desconocida,5,"Me sorprendiò que tal y como estàn las aerolìneas que no dan nada cuando viajas con ellas, y no me refiero a las bajo coste, esta aerolìnea te ofrece un pequeño àgape consistente en zumo, sandwich y chocolatina, que te hace el recorrido agradable aunque sean apenas dos horas de trayecto. No es que sea especialmente barato pero si reservas con tiempo, te puedes acoger a la tarifa ""promo"" que no està nada mal, teniendo en cuenta que de otra manera tendrìas que volar a Madrid para ir a Marrackech. En cuanto al personal, muy agradable. Puntual en la salida. Seguro que repito."
IBB_0661,Binter,Desconocido,Las Palmas de Gran Canaria,Tenerife,Domestic,Desconocida,1,"Llegamos hoy al aeropuerto de gran Canaria a las 07:20 pues nuestro vuelo salía a las 8:30 respetando siempre el horario para facturación, una hora antes del vuelo, los mostradores de facturación de Binter del 103 al 108. Una cola para facturar horrorosa pues habían niños que iban de viaje fin de curso. Nos acercamos a uno de los mostradores para preguntar si teníamos que esperar a que todos facturaran o podíamos hacer dos filas ya que el viaje lo hacíamos por motivos de salud, la señorita que estaba en el mostrador nos dijo que teníamos que esperar, que para eso teníamos que estar antes. Esos niños no iban en el mismo vuelo, probablemente iban a otra de las islas, no es culpa mia su mala organización, si llego al aeropuerto miro en los paneles de información los mostradores de facturación para mi vuelo me dirijo a ellos y me obligan hacer un pedazo de trayecto a través de unas cintas para acabar donde se está facturando varios vuelos, diferentes destinos y diferentes horarios, que pasa? se cierra la facturación y me quedo sin volar por una mala gestión de Binter? Ni loca vuelvo a volar con ellos. Señorita maleducada y desagradable, sin buscar soluciones. Finalmente nos colamos todos los que volvamos a Tenerife en el vuelo 105. Afortunadamente el regreso lo hacemos con Air Europa"
IBB_0662,Binter,"Tenerife, España",Tenerife,Ilha do Sal,International,Desconocida,5,De mi experiencia con binter sólo puedo hablar bien El personal super amable q hoy en día parece lo más difícil de encontrar...amabilidad y educación Eficientes y disponibles todos La verdad q yo volvería a elegir Binter Canarias si tuviera q volver a volar
IBB_0663,Binter,"Caniço, Portugal",Funchal,Las Palmas de Gran Canaria,Europe,mayo de 2018,4,"Personal muy atento y muy simpático con un servicio bueno y siempre con una sonrisa en la cara, recomendado sin duda alguna felicitaciones a todo el equipo"
IBB_0664,Binter,"Tacoronte, España",Tenerife,Santa Cruz de la Palma,Domestic,febrero de 2018,4,"Viajamos a la palma un grupo de amigos con niños para disfrutar de Los Indianos. Pese a ser días de mucho tránsito, la atención fue estupenda y los vuelos puntuales. Me llamó mucho la atención, gratamente, que cualquier cambio te lo comunican por correo electrónico (incluso 5 minutos) y te llaman. Pocas compañías hacen ya eso. Por supuesto, la característica chocolatina tirma logra que los niños siempre quieran repetir con BInter!"
IBB_0665,Binter,"Montevideo, Uruguay",Tenerife,Lanzarote,Domestic,mayo de 2018,5,"Muy buena atención y puntualidad, hicimos un viaje de 50 minutos y nos ofrecieron agua, chocolate y caramentos, la atención y simpatía de las azafatas a destacar además de la puntualidad, nos sorprendió gratamente, era nuestra primer experiencia con esta aerolínea."
IBB_0666,Binter,"Los Realejos, España",Tenerife,Las Palmas de Gran Canaria,Domestic,mayo de 2018,4,"Ha sido casi puntual en su horario previsto. Hemos tenido alguna atención en el avión a pesar de que el vuelo apenas duraba 20 minutos (prensa, chocolatina, agua). Los precios están bien, sobre todo si cuentas con el descuento de residente Canario. La entrada de Air Europa en el transito interinsular ha venido bien a los usuarios, que nos beneficiamos de la competencia, y por que no decirlo, el aumento del descuento residnete del 50 al 75%."
IBB_0667,Binter,"Las Palmas de Gran Canaria, España",Las Palmas de Gran Canaria,Lisbon,Europe,agosto de 2017,5,"Mas barata que el resto de la compañía. Sin sobrecostes por facturar las maletas. Y además te dan un tentempié, con el que yo almorcé literalmente."
IBB_0668,Binter,"Pozo Izquierdo, España",Las Palmas de Gran Canaria,Dakhla,International,septiembre de 2017,1,"Si vas a Dakhla o Cabo Verde, cuidado con el material deportivo, te lo pueden dejar en tierra amargándote las vacaciones, como los aviones son pequeños, y el pasaje de esos países viene a España a comprar cosas, llevan muchos bultos y peso, que hacen los de Binter te dejan el material de deporte y claro cómo vas por una semana es posible que no lo llegues ni a ver, conozco gente que le ha pasado también yendo a CaboVerde, menos buscar confección con Air Marroc por Casa Blanca porque sin llevas tu material puede que no lo veas hasta la vuelta...."
IBB_0669,Binter,"Puerto de la Cruz, España",Tenerife,Las Palmas de Gran Canaria,Domestic,abril de 2018,3,"un vuelo normal y tranquilo, viajo mucho y este a sido uno mas , el personal lo mejor, el viaje como siempre"
IBB_0670,Binter,"Madrid, España",Tenerife,Santa Cruz de la Palma,Domestic,mayo de 2018,5,"Una aerolínea con un servicio de atención al cliente sencillamente excelente. Puntual, atentos y serviciales a pesar de ser vuelos fugaces, te ofrecen agua y una chocolatina Canaria llamada Ambrosía y que regalan en colaboración con la marca Tirma. Esos detalles son de agradecer. Tratan muy bien a la gente. Los asientos no van asignados, se completan según llegada."
IBB_0671,Binter,"Gran Canaria, España",Las Palmas de Gran Canaria,Fuerteventura,Domestic,mayo de 2018,5,"Viajo mucho entre islas y el mejor opción para volar siempre es Binter. Puntual, en el bordo te dan agua y una chocolatina. Las azafatas son muy amables, 100% recomendable!"
IBB_0672,Binter,"Las Palmas de Gran Canaria, España",Las Palmas de Gran Canaria,Lanzarote,Domestic,mayo de 2018,5,"La compañía ofrece un buen servicio, puntual y serio. La flota de aviones es moderna y bien cuidada, con asientos cómodos y con distancia adecuada entre ellos"
IBB_0673,Binter,"Telde, España",Las Palmas de Gran Canaria,Agadir,International,mayo de 2018,2,"No envían las maletas, no hay información en el aeropuerto de Agadir de la compañía BINTER, nadie nos informa, sólo podemos reclamar. A los 4 días tenemos que comunicar a BINTER que no nos las envén en el vuelo de ese día porque volvemos a Gran Canaria. Los problemas ocasionados fueron importantes, primero nos dicen en reclamaciones que quizás nos las envíen el día siguiente, al final no es así. Nos encontramos sin la ropa adecuada para dar una charla y sin la posibilidad de conseguirla porque estábamos a 200km de Agadir."
IBB_0674,Binter,Desconocido,Tenerife,Palma de Mallorca,Domestic,Desconocida,5,"Binter ofrece la posibilidad de vuelos directos entre Tenerife Norte y Palma de Mallorca dos veces a la semana. Esto es una ventaja, ya que no se pierde todo el día como antes. En sólo 3 horas llegas a tu destino. El equipaje y refrigerio está incluido en el precio"
IBB_0675,Binter,"Tenerife, España",Lanzarote,Tenerife,Domestic,mayo de 2018,1,"Estaría bien que una compañía Canaria, subvencionada,...., exigiese al Gobierno Canario que los nacidos en canarias no tuviesen que verificar la residencia, somos canarios, nacidos en canarias, pagando impuestos en canarias. Ya está bien!!"
IBB_0676,Binter,"Buenos Aires, Argentina",Tenerife,Las Palmas de Gran Canaria,Domestic,abril de 2018,5,"Fue un viaje corto, de apenas media hora, pero a pesar de una pequeña turbulencia, el viaje fue agradable, agil check in, muy organizado embarque, salida y llegada puntual, la atención excelente y el avión un reluciente ATR 72."
IBB_0677,Binter,"Tenerife, España",Tenerife,Banjul,International,abril de 2018,5,"Agradezco a esta compañía volar por nuestras islas canarias y abrirnos de una forma cómoda y barata nuevos horizontes como Gambia o Marruecos. También, cuando ya nadie lo hace, ofrecernos una deliciosa y variada camida, caramelos, chocolatinas....un personal amable y puntualidad. Gracias."
IBB_0678,Binter,"Las Palmas de Gran Canaria, España",Las Palmas de Gran Canaria,Tenerife,Domestic,abril de 2018,5,"La verdad es que asiduamente uso esta compañía para volar entre islas. El vuelo muy bien organizado e iniciado, más con la aplicación que te informan al momento. Se embarca en un momento, las maletas al pie del avión y no pierdes nada de tiempo. El trayecto corto, pero muy bien atendido. Te dan prensa diversa y una chocolatina buenísima!!! Ningún retraso y la verdad que el precio viviendo en canarias es un lujo el poder estar en otra isla en cosa de 30 min. Los asientos cómodos y reclinables y el personal muy agradable."
IBB_0679,Binter,"Málaga, España",Las Palmas de Gran Canaria,Tenerife,Domestic,enero de 2018,4,Tiene sus días. Suelen estar bien organizados. Los precios son ajustados. El personal es atento. El servicio postventa me ha solucionado los problemas que he planteado
IBB_0680,Binter,"Boqueijón, España",Tenerife,Las Palmas de Gran Canaria,Domestic,septiembre de 2017,5,"Avión recién estrenado, de paquete, atención esquisita con bolleria gratis, periodico y servilletas para limpiar las manos de la bollería y a elegir asiento, genial nunca nos trataron tan bien en un vuelo."
IBB_0681,Binter,Desconocido,Las Palmas de Gran Canaria,Lanzarote,Domestic,abril de 2018,4,"Como ya dije, en esta compañia todo es fácil y sencillo, además de rápido. Desde el embarque hasta el desembarque , como la recogida de equipaje. Tripulación maable y simpática, al la vez que muy profesionales."
IBB_0682,Binter,Desconocido,Santa Cruz de la Palma,Lisbon,Europe,Desconocida,3,"Binter generalmente me ha dejado contenta con sus vuelos y servicios. Es la primera vez que decido contratar un vuelo internacional en esta compañía, el avión se notaba que era nuevo, los asientos muy cómodos y las azafatas bastante correctas, el problema llegó cuando nos dieron los menú de cortesía. En su web hay varias opciones, pero en esta ocasión nos pusieron a todos el mismo menú sin opción a elegir otro. En concreto nos sirvieron el menú ibérico, que se compone principalmente de embutidos y yo, que soy vegetariana, solo pude comer la mitad de las cosas. Me parece que estos menús deberían plantearse de otra forma y que tengan en cuenta la variedad de clientes que pueden haber."
IBB_0683,Binter,"Las Palmas de Gran Canaria, España",Las Palmas de Gran Canaria,Lisbon,Europe,noviembre de 2017,4,"Una compañía que vuela principalmente entre las islas canarias aunque también hace algunos vuelos internacionales. Aviones pequeños pero con un servicio a bordo que muchas grandes compañías podrían copiar (agua, chocolatinas o algún snack salado, caramelos, toallitas, prensa gratuita). Asientos cuidados. Mejoras: - Los precios son elevados porque no cuentan entre islas con competencia (hasta la llegada de Canary Fly y de Air Europa eran los únicos) - Wifi a bordo"
IBB_0684,Binter,Desconocido,Tenerife,Lisbon,Europe,Desconocida,5,"Aviones cómodos. En viajes entre islas dan un chocolate y agua, en los largos te dan una comida que está bastante buena. Personal amable. Repetiré siempre que la compañía cubra el trayecto que quiera hacer."
IBB_0685,Binter,"La Orotava, España",Tenerife,Lanzarote,Domestic,abril de 2018,5,"Perfecto, sin ningún problema, puntualidad y todo correcto. Estado del avión perfecto, asientos cómodos y durante el trayecto, prensa y unas golosinas . Todo en general perfecto."
IBB_0686,Binter,"Las Palmas de Gran Canaria, España",Lanzarote,Las Palmas de Gran Canaria,Domestic,Desconocida,1,"Echan por tierra, la experiencia de cliente, son nefastos, mal educados, cuando hoy leí en prensa que está valorada como la mejor compañía aérea española en clase turista no me lo podía creer, son de andar por casa, son una compañía local, sin orientación por el cliente"
IBB_0687,Binter,"Salamanca, España",Ilha do Sal,Praia,Domestic,abril de 2018,1,"Unos incompetentes (por no insultar)!! Compramos el billete por internet. Todo correcto. Llegamos al mostrador, le entregamos nuestros pasaportes y dice que no estamos registrados para ese vuelo. Pedimos hoja de reclamaciones y no nos la dan. Teléfono de contacto y no nos hace ni caso. Total, que no pudimos volar a Prai y perdimos el vuelo que nos llevaba a España. Nos tocó comprar unos hasta Lisboa por 500€ y desde allí ha Madrid. Todo por culpa de estos incompetentes!! Que se entere todo el mundo"
IBB_0688,Binter,"Cartagena, España",Tenerife,Santa Cruz de la Palma,Domestic,marzo de 2018,5,"Muy puntual, asientos cómodos y tienen un detalle de chocolatina y agua con los pasajeros. Tambien te suministran periodicos totalmente gratis"
IBB_0689,Binter,Desconocido,Las Palmas de Gran Canaria,Fuerteventura,Domestic,marzo de 2018,4,"excelente compañia, puntual, embarque y desembarque rápidos, tripulación muy atenta, no como en otras compañias cuyo objetivo es venderte todo lo que puedan. Aviones cómodos, y que no se olviden de la ambrosia y el agua gratis, que ese detalle ya no lo tiene nadie."
IBB_0690,Binter,"Arucas, España",Las Palmas de Gran Canaria,Fuerteventura,Domestic,marzo de 2018,4,"Exquisito trato de la tripulación, ambrosia canaria que no falte y agua sin coste y excelente puntualidad. El material deportivo no se cobra."
IBB_0691,Binter,"Santa Cruz de la Palma, España",Santa Cruz de la Palma,Las Palmas de Gran Canaria,Domestic,marzo de 2018,4,"Acostumbro a usar mucha las líneas de la compañía al tener que moverme en Canarias, es la compañía con más vuelos a todas las islas Canarias. Durante el vuelo entre las islas, acostumbran a dar una ambrosía y agua, el personal de abordo es muy agradable, mientras que los de tierra pueden ser desagradables según la circunstancia, es una compañía con los precios un poco altos, acostumbrados a tener el monopolio del transporte, pero definitivamente dan un buen servicio."
IBB_0692,Binter,"Santa Cruz de Tenerife, España",Tenerife,Lisbon,Europe,febrero de 2018,5,"Salimos un jueves directo a Lisboa. Salió puntual ,embarque rápido y asiento correcto ,¡me cabían las piernas! . En el trayecto prensa y un aperitivo estupendo (una cajita con Jamón serrano, queso y sobrasada de untar y unas galletitas y tostadas) y la bebida que quisieras."
IBB_0693,Binter,"Las Palmas de Gran Canaria, España",Las Palmas de Gran Canaria,Lisbon,Europe,enero de 2018,4,"Lo mejor es el trato del personal de abordo, siempre atentos y preocupandose del pasaje, Pusieron una comida muy aceptable y unas riquisimas ambrosias. Ya se podrían copiar otras grandes compañias"
IBB_0694,Binter,"Telde, España",Las Palmas de Gran Canaria,Lisbon,Europe,enero de 2018,4,"merece la pena ir en binter, quizás sea más caro, te dan comida, los asientos muy cómodos. El vuelo me pareció muy ameno y agradeble"
IBB_0695,Binter,"Madrid, España",Las Palmas de Gran Canaria,Nouakchott,International,octubre de 2017,4,La verdad que fue muy agradable tanto por el personal como por el tipo de vuelo. Al ser un avion mas pequeño pensaba que se moveria mas de la cuenta pero el vuelo fue muy tranquilito. Volamos a la hora de comer y sorprendentemente no dieron bebidas y snack para comer cosa que en otros vuelos de misma duracion y empresa mas renombradas no ocurre.
IBB_0696,Binter,"Medellín, Colombia",Tenerife,Lisbon,Europe,febrero de 2018,4,"Moderno equipo, atención el checkin gentil y profesional, leve retraso, buena atención y gentileza a bordo, y muy buena relación calidad precio"
IBB_0697,Binter,"El Paso, España",Santa Cruz de la Palma,Tenerife,Domestic,enero de 2018,5,"En general en als islas cuando existe mal tiempo se producen cancelaciones o vuelos muy movidos, pero últimamente no ha ocurrido . Suelen ser vuelos estupendos. Cortos, pero bien. Suelen ser muy puntuales."
IBB_0698,Binter,"Sant Joan d'Alacant, España",Lanzarote,Las Palmas de Gran Canaria,Domestic,febrero de 2018,4,Aviones pequeños pero nuevos. Muy buen servicio y atención de la tripulación. Reparto de periódicos y de caramelos
IBB_0699,Binter,"Madrid, España",Tenerife,Valverde,Domestic,enero de 2018,4,Vuelo muy agradable. Facturación rápida. Control de seguridad riguroso pero atento. Asientos cómodos. Azafatas muy atentas. Chocolatinas muy ricas.
IBB_0700,Binter,"Santa Cruz de Tenerife, España",Tenerife,Marrakech,International,Desconocida,1,"Nos desvían a Casablanca por no poder aterrizar en Marrakech, que ya podría haber vuelto a las islas, y una vez allí nos abandonan, sin acceso a información ni a asistencia, ni agua ni comida. 9h de retraso a nuestro lugar de destino. Irresponsables!!"
IBB_0701,Binter,"Gran Canaria, España",Fuerteventura,Las Palmas de Gran Canaria,Domestic,enero de 2018,4,"Muy rápido el vuelo, atención de las azafatas muy bueno. Muy atentas, nos quedamos dormidos en un vuelo de menos de 40 min y te dejan la chocolatina. Se agradece mucho el detalle."
IBB_0702,Binter,Desconocido,Lanzarote,Las Palmas de Gran Canaria,Domestic,enero de 2018,4,"Un gusto volar con ellos, en facturación fueron amables y rapidos. En el avion fueron atentos y amables."
IBB_0703,Binter,"Las Palmas de Gran Canaria, España",Las Palmas de Gran Canaria,Tenerife,Domestic,enero de 2018,4,40 minutos no dan para mucho pero fue un vuelo muy bueno y sin sobresaltos. La chocolatina está buenísima y vas leyendo el periódico. Se pasa muy rápido si te gusta volar claro.
IBB_0704,Binter,"Palafolls, España",Las Palmas de Gran Canaria,Ilha do Sal,International,enero de 2018,5,"El aviòn bombardier es un jet pequeño y muy moderno.Es un descanso volar a menos escala que en los aviones grandes.Asientos de dos en dos,servicio de comida y bebida,cafe,amabilidad y un despegue y aterizaje muy suave.El mejor vuelo de hace tiempo.un saludo"
IBB_0705,Binter,Desconocido,Las Palmas de Gran Canaria,Santa Cruz de la Palma,Domestic,Desconocida,1,Atención al cliente de muy mal gusto. Teniendo que escuchar conversaciones personales entre empleados y críticas hacia sus compañeros o los propios pasajeros. Bromas que no proceden a los pasajeros. Nivel de idiomas muy justito.
IBB_0706,Binter,"Santa Cruz de Tenerife, España",Tenerife,Las Palmas de Gran Canaria,Domestic,diciembre de 2017,5,"Viajo normalmente por trabajo y la frecuencia de vuelos en las hora punta, ha aumentado, valoro enormemente poder adelantar o retrasar mi vuelo solo llamando o a través de la app y sacar la tarjeta de embarque- Destacaría flexibilidad- puntualidad y amabilidad del personal: siempre te dan una ambrosía de chocolate, agua y caramelos-"
IBB_0707,Binter,Desconocido,Lanzarote,Tenerife,Domestic,diciembre de 2017,5,"Agradable. La puntualidad tanto de ida como de vuelta fue perfecta. El personal de cabina te da la opción de elegir la prensa, y el trato es muy bueno."
IBB_0708,Binter,"Las Palmas de Gran Canaria, España",Las Palmas de Gran Canaria,Funchal,Europe,diciembre de 2017,4,"Vuelo excelente. Fue rápido y certero el embarque, agradable el vuelo y eficiente el desembarco. Ademas te dan un pequeño refrigerio, siendo la única compañía que lo hace."
IBB_0709,Binter,"Las Palmas de Gran Canaria, España",Las Palmas de Gran Canaria,Valverde,Domestic,noviembre de 2017,4,"Vuelo muy agradable aunque breve, con gran puntualidad tanto en la salida como en la llegada. Trato muy cercano y simpático del personal y aunque el trayecto era corto nos obsequiaron con la prensa y con unas chocolatinas que hacen más agradable el trayecto, que casi ni te enteras entre una cosa y otra y ya estás llegando al destino. Lo peor, la puerta de salida del vuelo que estaba en lo más lejos posible y pesado para llegar de todo el aeropuerto."
IBB_0710,Binter,"Oviedo, España",Fuerteventura,Tenerife,Domestic,diciembre de 2017,5,"Hoy he tenido la ocasión de disfrutar de un vuelo muy especial. Hace unos años llegué a hacer 180 vuelos al año y eso se mantuvo a ese nivel durante cinco años. Sé de lo que hablo. Hoy he gozado de la experiencia de volar con personas que saben hacer de su trabajo algo especial. Ya en facturación el personal que me atendió fue eficiente, educado y... simpático. Ya en vuelo una de las azafatas resultó ser una persona adorable, profesional, con ganas de hacer que volar sea algo deseable y no la experiencia habitual y rutinaria. A su juventud y belleza hay que unir su profesionalidad y alegría. Así da gusto. Mi enhorabuena a la compañía y al departamento de recursos humanos que selecciona personal de ese nivel."
IBB_0711,Binter,Desconocido,Las Palmas de Gran Canaria,Lisbon,Europe,noviembre de 2017,4,"La compañía aérea canaria, BINTER, ofrece dos vuelos semanales (Jueves y Domingos) entre Canarias (Las Palmas y Tenerife) y la capital de Portugal. Utiliza los nuevos reactores Bombardier y además de la puntualidad y buén servicio que caracteriza a esta aerolínea, ofrecen la comida “sin cargo” durante el vuelo, lo cual es de agradecer. Los precios similares a los de TAP, aunque es relativamente fácil encontrar ofertas de última hora, siempre que los días en los que vuela te convengan. Los horarios bastante cómodos y sin madrugones o vuelos nocturnos fuera del horario de los transportes públicos. El único pero, que la compañía no ofrece transporte a/desde los aeropuertos, pero todos están bién comunicados por autobús de línea."
IBB_0712,Binter,Desconocido,Las Palmas de Gran Canaria,Marrakech,International,septiembre de 2017,4,Servicio aéreo bueno pero con naves muy amortizadas y rudimentarias. Refrigerio adecuado y trato cordial de la tribulacion
IBB_0713,Binter,"La Orotava, España",Tenerife,Las Palmas de Gran Canaria,Domestic,noviembre de 2017,4,"Un servicio económico para viajar entre las islas. Normalmente se viaja bien y lo mejor de todo es la ambrosía Tirma que te dan para ""chascar""."
IBB_0714,Binter,"Santa Cruz de Tenerife, España",Tenerife,Santa Cruz de la Palma,Domestic,agosto de 2017,5,"Binter es la compañía de vuelos interinsular canaria. Llevo volando con ellos hace más de 20 años y nunca he tenido problemas. Son serios, puntuales y dan un excelente servicio, tanto en aeropuerto como en cabina. Es altamente recomendable su uso para los vuelos entre las islas. para mi, es la mejor compañía."
IBB_0715,Binter,"Santa Cruz de Tenerife, España",Tenerife,Las Palmas de Gran Canaria,Domestic,Desconocida,5,"La mejor opción si vas a volar entre islas es Binter , una compañía que a mi juicio funciona a las mil maravillas. Frecuencia vuelos y horarios, con una muy alta posibilidad de cambiar fecha u horario de vuelo sin problema alguno , lo que te facilita el viaje siempre. Tiene una App que funciona genial y que si sueles viajar en esta compañía te facilita la vida."
IBB_0716,Binter,España,Tenerife,Las Palmas de Gran Canaria,Domestic,marzo de 2017,5,"Para mi excelente, fuentes un viaje corto pero la atención excelente ,tendría que aprender otras aerolíneas, te dan periódicos y una bebida gratis con snakc. Asientos cómodos y puntualidad."
IBB_0717,Binter,"Santa Cruz de Tenerife, España",Tenerife,Lanzarote,Domestic,octubre de 2017,4,"Mi experiencia ha sido muy buen, el trato de las azafatas y del equipo allí dentro desde embarca hasta bajar del avión a sido excelente. Lo único que cambiaría seria el precio entre Islas, es demasiado elevado. Y creo que como Residente canario podrían tener ese aspecto en cuenta! Por lo demás, todo excelente!"
IBB_0718,Binter,"Las Palmas de Gran Canaria, España",Las Palmas de Gran Canaria,Santa Cruz de la Palma,Domestic,octubre de 2017,4,"A pesar de que son casi la única empresa de vuelos entre las Islas Canarias, al menos yo que voy a menudo de Gran Canaria a La Palma y viceversa se viaja bastante cómodo y no suelen tener muchos retrasos, a no ser que haya mal tiempo o algún otro problema. Tienen descuentos para estudiantes o menores de 29...eso si, coger los vuelos con antelación."
IBB_0719,Binter,Desconocido,Tenerife,Las Palmas de Gran Canaria,Domestic,Desconocida,5,"Pesimo comportamiento del personal de tierra de la compañía y peor en el departamento de reclamaclamaciones. No presentes reclamaclamaciones, tienes toda las de perder. Gracias a que comienza un nueva epoca, con la perdida del monopolio en las islas, bienvenida Air Europa."
IBB_0720,Binter,"Las Palmas de Gran Canaria, España",Tenerife,Las Palmas de Gran Canaria,Domestic,octubre de 2017,5,"Viajando por el mundo, comparando el servicio de varias líneas aéreas, puedo decir que me siento afortunada de vivir en Canarias y poder disfrutar los trayectos entre las islas con Binter."
IBB_0721,Binter,"Callao Salvaje, España",Tenerife,Las Palmas de Gran Canaria,Domestic,julio de 2017,5,"Viajo a menudo,4/6 veces al año, Atención al cliente sea en tierra que en el aire es fantástica Muy amables y dispuestos siempre a ayudarte en todo lo necesario"
IBB_0722,Binter,"Gran Canaria, España",Las Palmas de Gran Canaria,Ilha do Sal,International,septiembre de 2017,4,"Viajé en septiembre a Isla de Sal, vuelo directo desde Gran Canaria. El billete lo adquirí con una oferta especial, siendo un precio razonable,sobre 130 €. La tarjeta de embarque se expide en mostrador, donde la atención fue lo más negativo de este viaje. La chicha bastante antipática, parecía que le costaba realizar el trabajo tan cómodo que realizaba. Me despido con un ""hasta luego,Buen Día"" a lo que me contesta ""venga"" (me dejó patinando). El avión con el que viajé fue un bombaider, de los últimos que han llegado a la flota, en el que casi no te enteras en el despegue y aterrizaje. Asientos confortables con espacio entre ellos razonable. La atención desde el comienzo del vuelo es perfecta. Te atienden con periódico, snacks, de dan de comer y beber, caramelos al finalizar... no dejan que te aburras, ni que pases hambre!! La verdad que funciona muy bien la compañía y es un gusto viajar así."
IBB_0723,Binter,"Las Palmas de Gran Canaria, España",Las Palmas de Gran Canaria,Lanzarote,Domestic,septiembre de 2017,4,"A pesar de ser canario nunca había volado con esta conpañia,vuelo comodo y buena atención,recomendable sin duda"
IBB_0724,Binter,"Lanzarote, España",Lanzarote,Las Palmas de Gran Canaria,Domestic,septiembre de 2017,4,"Viaje por trabajo a Gran Canaria y la atención del personal a bordo fue fantástico incluida tripulación de pilotos que nos dieron un vuelo despegue y aterrizaje excelente. Sin embargo el personal de La Oficina de información ubicada en la zona de embarque de las palmas es pésimo. Fui a consultar si podía cambiar un vuelo y no me miro ni a la cara, le consulte si podía cambiarlo online para coger el primer vuelo a lanzarote y me indicó que debía salir al control policial de nuevo si lo hacía algo que no era cierto pues podría haber gestionado todo con el móvil y embarcar. Cuidar la atención al cliente en tierra es fundamental para fidelizar y dar un correcto trato"
IBB_0725,Binter,Desconocido,Tenerife,Santa Cruz de la Palma,Domestic,julio de 2017,5,"Contratamos el vuelo con Binter, para enlazar desde Tenerife Norte con la Isla de La Palma. Veníamos de la Península (Madrid) en otro vuelo y con margen de dos horas embarcamos para la Isla de La Palma. Vuelo de 1/2 hora escasa, cómodo y bien organizado. Preferible pasar por mostrador empresa para evitar dudas con equipaje de cabina, que era nuestro caso. A la ida dejamos maletas a pie de avión, a la vuelta las maletas las recogieron en mostrador; sin problemas para recoger en la cinta en destino."
IBB_0726,Binter,Desconocido,Lanzarote,Las Palmas de Gran Canaria,Domestic,agosto de 2017,5,"El servicio que presta la linea aerea de Binter ,es agil,eficaz y puntual ,a destacar la amabilidad de todo el personal. Los asientos son comodos y suficientemente amplios. La recogida de maletas es muy rapida. En resumen me parece una buena opcion para viajar entre Islas"
IBB_0727,Binter,"Roma, Italia",Tenerife,Las Palmas de Gran Canaria,Domestic,agosto de 2017,5,"Atención, limpieza fenomenal. Las azafatas pendiente de todo. Detalles de la compañía como donuts y agua sin coste también nos ofrecieron prensa. Recomendable 100%"
IBB_0728,Binter,"Santa Fe, Argentina",Tenerife,Fuerteventura,Domestic,agosto de 2017,5,"excelente unidad espaciosa, atencion a bordo impecable y muy buena conduccion, me resulto un poco onerosa al no ser residente canario pero muy conforme igual"
IBB_0729,Binter,"Las Palmas de Gran Canaria, España",Las Palmas de Gran Canaria,Funchal,Europe,agosto de 2017,1,"nos hacen esperar en el aeropuerto 10 horas a que se mejore el tiempo en Funchal para poder viajar ,finalmente no se pudo y cancelan el vuelo (ese mismo día estaban aterrizando muchas compañías menos binter y para colmo después de esperar tantas horas en el aeropuerto por la cancelación de vuelo ,personas que tenían el billete cor viajes el corte ingles le dieron esta cancelación dos horas antes que al resto que nos hicieron esperar dos horas mas sabiendo que el vuelo estaba cancelado ya por la compañía ) la única solución que nos dieron fue apuntarse en una lista de reserva y que te llamarían como para salir 4 días mas tarde del vuelo programado porque llevaban 3 días cancelando los vuelos a este destino y habían muchos afectados, es decir que todos los gastos (hotel+ coche+ entradas de ocio)las perdia ya que no se puede modificar fechas y para colmo tampoco se hace cargo la compañía del rembolso de los gastos . Es decir pierdo mis vacaciones y mi dinero . Mi opinión es que deberían tener mejores infraestructuras para este destino ya que tienen muchos retrasos y cancelaciones por mal tiempo . espero que pronto se le acabe el monopolio que tienen con los residentes y que salgan otras compañías con aviones o no ""avionetas"""
IBB_0730,Binter,"Las Palmas de Gran Canaria, España",Las Palmas de Gran Canaria,Tenerife,Domestic,septiembre de 2017,2,Raro es el día que cojo a Tenerife un vuelo a su hora. Son más los días que retrasan o acumulan al vuelo siguiente el pasaje. Deseando que venga otra compañía
IBB_0731,Binter,"Las Palmas de Gran Canaria, España",Las Palmas de Gran Canaria,Funchal,Europe,julio de 2017,5,"Muy puntual, trato exquisito, desayuno gratis a bordo. Si no eres residente en Canarias, será la compañía más cara del mundo. Soy residente Canario."
IBB_0732,Binter,"Santa Cruz de Tenerife, España",Las Palmas de Gran Canaria,Tenerife,Domestic,agosto de 2017,4,"Tanto en el vuelo de ida, por la mañana, como en el de vuelta, por la tarde de ese mismo día, destacaría la puntualidad de la compañía y la amabilidad de su personal. También, en el vuelo de la mañana se nos repartió variada prensa local y se nos ofreció agua y donuts. Como aspectos a mejorar, la espera de varios minutos en la pista, a pie de avión, de los pasajeros que fuimos trasladados en dos guaguas (autobuses), desde la terminal al mismo, así como el hecho de que al permitir la compañía que los pasajeros coloquen su maleta de mano debajo del asiento, el que sentaba a mi lado la pusiera justo delante de sus pies, e invadiera de esa forma el espacio que yo disponía para acomodar los míos, con lo cual se redujo el mismo y tuve forzosamente que posicionarme sacando uno de ellos hacia el pasillo del avio, ya que mi asiento estaba junto a éste."
IBB_0733,Binter,"Las Palmas de Gran Canaria, España",Las Palmas de Gran Canaria,Valverde,Domestic,agosto de 2017,4,"Vuelo domestico, tranquilo y relajado. Trayecto de 50 minutos que se te va casi si darte cuenta. Te ofrecen caramelos, agua y la prensa, que para la duracion del vuelo y la cabina esta bastante bien."
IBB_0734,Binter,"Santander, España",Tenerife,Valverde,Domestic,agosto de 2017,5,"El servicio es bueno, la facturación rápida y sin costes, en el avión buena atención y detalles: donut si es por la mañana, frutos secos a mediodía, agua, prensa local. Aviones limpios, puntualidad."
IBB_0735,Binter,"Tenerife, España",Tenerife,Lanzarote,Domestic,junio de 2017,5,"Mi experiencia con Binter siempre ha sido buena, son muy puntuales y el servicio a bordo está bastate bien para lo que hay por ahi."
IBB_0736,Binter,"Phuket, Tailandia",Tenerife,Marrakech,International,septiembre de 2017,5,"Nuestra compañía Canaria, las azafatas son muy amables. Suelen ser puntuales. En general los viajes son agradables con Binter y desde la reserva hasta el aterrizaje están muy bien."
IBB_0737,Binter,"Amorebieta, España",Santa Cruz de la Palma,Tenerife,Domestic,Desconocida,5,"Cogimos el vuelo por 40€ cada uno. Embarque rápido y encima la facturación de las maletas era gratuita. Era un vuelo de 30 minutos, y nos sorprendió positivamente el que ofrecieran prensa, y además diesen un vaso de agua, un Donuts y un caramelo gratuitamente. La siguiente vez que volvamos a Canarias y volemos de isla a isla la primera opción que miraremos sera Binter."
IBB_0738,Binter,"Las Palmas de Gran Canaria, España",Las Palmas de Gran Canaria,San Sebastián de la Gomera,Domestic,junio de 2017,5,Vuelo con escala en Tenerife y puntualidad en todos. Prensa local gratuita en el avión así como tentempié y agua. El trato de todas las azafatas que nos tocaron fue excelente y muy amable. Todos los vuelos fueron tranquilos y con rapidez en la recogida de maletas en los aeropuertos de llegada.
IBB_0739,Binter,"Las Palmas de Gran Canaria, España",Las Palmas de Gran Canaria,Fuerteventura,Domestic,agosto de 2017,5,"Como siempre con Binter, operado por Canair en este caso, un vuelo en hora, cómodo, con una atención excelente y con todos los servicios en orden."
IBB_0740,Binter,"Santa Cruz de Tenerife, España",Tenerife,Funchal,Europe,agosto de 2017,4,"Aunque las inclemencias del tiempo en Madeira retrasaron nuestro vuelo 28 horas, Binter se encargó de alojarnos en un Hotel 4* y de todos los gastos. El viaje fue estupendo y la atención durante el vuelo correcta y profesional. Siempre es de agradecer la bebida y el tentempié que te ofrecen, así como la prensa que ponen a tu disposición."
IBB_0741,Binter,"Las Palmas de Gran Canaria, España",Fuerteventura,Las Palmas de Gran Canaria,Domestic,agosto de 2017,5,"Solo he tenido un contratiempo en todos los años que llevo viajando interinsularmente con Binter, y fue que por salir puntuales pese a un ligero retraso de la hora prevista, entendí que el motivo fue que alguien del vuelo anterior vomitó en el avión por el olor residual que quedó. Con lo cual estuvo más que justificado el retraso. Por lo demás siempre lo recomiendo."
IBB_0742,Binter,"Santa Cruz de Tenerife, España",Tenerife,San Sebastián de la Gomera,Domestic,agosto de 2017,5,"Puntual ,correcto y para lo corto que es el trayecto nos ofrecieron prensa y donuts.al darnos las maletas a pie del avión todo fue rápido y cómodo."
IBB_0743,Binter,"Provincia de Badajoz, España",Las Palmas de Gran Canaria,Valverde,Domestic,agosto de 2017,4,"Detallado ,vuelo de 50 min y de forma gratuita tienes posibilidades de prensa (local,nacional o deportiva)tb ofrecen donuts,frutos secos y agua. Relación calidad precio buena Y muy buena para el residente en Canarias que viaja con Binter pagando la mitad de lo que nos cuesta a los peninsulares el vuelo"
IBB_0744,Binter,"Las Palmas de Gran Canaria, España",Las Palmas de Gran Canaria,Tenerife,Domestic,agosto de 2017,4,Es una compañía que genial si eres habitante de las islas por qué a los residentes se nos descuenta hast un 75% del precio. Para el reto es bastante caro. El trato es como antiguamente. Bebida y dulces gratis. Vuelos cortos entre islas y a otros destinos de Portugal y alguno a la península. Recomendable al 100%.
IBB_0745,Binter,"Santa Cruz de Tenerife, España",Las Palmas de Gran Canaria,Tenerife,Domestic,agosto de 2017,1,"Compañía canaria PENOSA Binter tiene mucha suerte, tanto como que es la única prácticamente que se puede usar para vuelos interislas pues supera a canary fly en aviones y horarios porque de lo contrario no merece que los residentes canarios la tengan en cuenta. No he “sufrido” directamente los maltratos de esta compañía pero he sido testigo en dos ocasiones de su actitud despreocupada, confiada y negligente. Una amiga el año pasado presentó una reclamación por maltrato de un empleado del aeropuerto de Las Palmas y todavía está esperando una respuesta, una disculpa siquiera, la segunda faena ha sido apenas hace una semana, mi amiga fue a facturar , tenía pasaje tenerife-LP sacado hacía un par de semanas cuando le informan que el pasaje era para el día siguiente, que si quería cambiarlo tenía que ir a oficinas, corriendo nos fuimos con la esperanza de que nos informaran de que todo era un error, que vaaaaa! Todo lo contrario sin empatizar en absoluto, ni averiguar lo sucedido, nos dicen que si quiere viajar debe pagar una penalización, pago que realizó por la falta de tiempo que ya tenía para poder embarcar. La historia se vuelve absurda, literalmente ridícula cuando al día siguiente por teléfono reconocen que todo ha sido un error, que se le llamará para darle una respuesta de los motivos de lo ocurrido y al cabo de los tres días lo que recoge es una nueva y si cabe más absurda repuesta de que debe formalizar en oficinas la reclamación por escrito para seguir estudiando el tema y claro de la devolución del dinero pagado de más, nadie se acuerda teniendo todas la pruebas de que ha sido un error de la compañía. Por eso lo pensamos y lo ratifico tienen mucha suerte porque si pudiese no sólo no la usaría para viajar sino no la recomendaría a nadie por dejadez, mala gestión y maltrato a clientes. No se anuncien como buenos, no se anuncien como novedad, ni como ejemplo de nada, son pura demagogia. Que les aparezca una buena y potente competencia, ojalá aaaaaaaa."
IBB_0746,Binter,"Santa Cruz de Tenerife, España",Tenerife,Santa Cruz de la Palma,Domestic,agosto de 2017,5,"Para viajar entre las islas Canarias o vas en avión o en barco. Salvo para ir a La Gomera, prefiero el avión. Binter es una compañia puntual, con bastante flexibilidad para hacer cambios de billetes (si llegas al aeropuerto con antelación y hay un vuelo antes que el tuyo con plazas libres, no te ponen problemas para salir antes, por ejemplo) Los aviones son pequeños, de hélices, por lo que pueden resultar algo ruidosos, pero los vuelos interineulares son tan cortos (ninguno supera 1 hora de duración) que no es relevante. Es de las pocas compañias que siguen repartiendo prensa (sólo local) en cabina y sus famosas ambrosías (aunque en el último vuelo repartieron donuts...) Tanto la app como la página web son faciles de usar para comprar los bilketes, facturar, etc. Y por lo general, el personal -tanto de tierra como en cabina- es bastante amable."
IBB_0747,Binter,"Puerto de la Cruz, España",Las Palmas de Gran Canaria,Banjul,International,mayo de 2017,5,"Fantástico vuelo y atención por parte del personal, tanto de tierra como de vuelo, en mi último viaje a Gambia. Volando con modernos y espaciosos aviones."
IBB_0748,Binter,"Las Palmas de Gran Canaria, España",Las Palmas de Gran Canaria,Lanzarote,Domestic,abril de 2017,5,"Buenísima compañía aérea, con personal de vuelo muy educado, prestan un gran servicio y consiguen siempre tener una gran puntualidad. Sus aviones son buenos y el servicio de limpieza excepcional"
IBB_0749,Binter,"Las Palmas de Gran Canaria, España",Las Palmas de Gran Canaria,Valverde,Domestic,agosto de 2017,5,"El servicio de a bordo fue genial, nos dieron donuts!!!! Y volamos sin retrasos y sin mucha espera!!!"
IBB_0750,Binter,"Montcada i Reixac, España",Tenerife,Lanzarote,Domestic,Desconocida,4,"Para ser un vuelo de corta distancia esta muy bien.... ..... .... El servicio muy atento, te invitan a una bolsita de frutos secos, agua, caramelos y toallitas frescas. Las azafatas son simpaticas. ... ... ..."
IBB_0751,Binter,"Santa Cruz de Tenerife, España",Tenerife,Lanzarote,Domestic,agosto de 2017,5,"Es maravilloso volar con esta compañía aérea. Siempre puntuales y el trato recibido es supremo. La mejor opción para volar entre islas. También vuelan a Madeira, Cabo Verde, Marruecos etc. Habrá que probarlo."
IBB_0752,Binter,"Tenerife, España",Fuerteventura,Tenerife,Domestic,mayo de 2017,4,"Aerolinea regional española que opera en Canarias y ahora hace rutas a Marruecos, Portugal, Cabo Verde, Senegal y Gambia, creada en 1988. Su personal muy amables y profesionales. En sus viajes reparten prensa, bebidas y comidas o aperitivos, para hacer mas llevadero el trayecto.Yo simplemente quiero el servicio del vuelo y acepto gratamente todas las cortesías y atenciones que me ofrezcan por parte de la empresa. Los asientos son cómodos y dejan espacio para estirar las piernas. Binter Canarias son puntuales a no ser por la meteorologia."
IBB_0753,Binter,Desconocido,Tenerife,Fuerteventura,Domestic,agosto de 2017,5,"Muy puntual y excelente trato a bordo, regalando la prensa, agua y caramelos con una amabilidad y respeto geniales"
IBB_0754,Binter,España,Las Palmas de Gran Canaria,Santa Cruz de la Palma,Domestic,Desconocida,3,"Compañía aérea dentro d ela media, espacios pequeños en los asientos, todo un detalle que den un snack y agua, gratuitos, en el vuelo. Vuelos directos entre las islas principales y con muy buena frecuencia. Actualmente la mejor opción entre islas"
IBB_0755,Binter,"Las Palmas de Gran Canaria, España",Las Palmas de Gran Canaria,Santa Cruz de la Palma,Domestic,agosto de 2017,4,"Buena compañía aérea y ahora con la última reducción de precios para residentes en las Islas Canarias, se puede volar entre islas con mejores precios. Antes de este reducción algunos tramos resultaban algo caros."
IBB_0756,Binter,"Fuerteventura, España",Las Palmas de Gran Canaria,Fuerteventura,Domestic,agosto de 2017,4,"Buena compañía aérea, siempre se puede confiar en ella. Puntuales y con precios muy ajustados. Muy agradables con los niños"
IBB_0757,Binter,Desconocido,Las Palmas de Gran Canaria,Ilha do Sal,International,Desconocida,5,"Hacía mucho mucho tiempo que no volaba con una aerolínea de esta calidad, el personal de a bordo encantador, aviones modernos y muy limpios enlazamos desde un vuelo de Iberia que el avión era una cochiquera y este estaba impoluto, tanto a la ida como a la vuelta un refrigerio que estaba muy bueno. Da gusto ver que aún quedan aerolíneas de calidad."
IBB_0758,Binter,Desconocido,Tenerife,Fuerteventura,Domestic,agosto de 2017,5,"Muy buen servicio, puntuales y rápidos, las azafatas muy amables, te ofrecen prensa, bebida y aperitivo. A los niños les dan hojas y lapices para pintar y ademas tienen embarque preferente. Estupendo para viajar con niños!"
IBB_0759,Binter,Desconocido,Tenerife,Fuerteventura,Domestic,abril de 2017,4,"Gran aerolínea. La flota de aviones supera las expectativas que uno puede crearse al pensar en una aerolínea pequeña como es Binter. Los ATR - 72 en su interior ofrecen un espacio más que aceptable entre asientos. La sensación de seguridad es bastante alta, a pesar de las fuertes rachas de viento que azotan de manera regular el archipiélago canario y que producen fuertes turbulencias en algunas ocasiones. El servicio y trato a bordo es inmejorable, en cada uno de los vuelos, por corto que sea, te ofrecen bebida y en función de la época del año chocolatinas, frutos secos e incluso DONUTS!! La puntualidad es muy buena y la gestión y trato del personal de tierra también. La mejor opción entre islas!!"
IBB_0760,Binter,"Santa Cruz de la Palma, España",Santa Cruz de la Palma,Tenerife,Domestic,agosto de 2017,4,"Puntual, eficaz, eficiente, trato agradable y con grandes profesionales. La forma mas rapida de viajar entre islas."
IBB_0761,Binter,"Madrid, España",Tenerife,Valverde,Domestic,julio de 2017,4,"El vuelo es muy corto, una media hora, pero el servicio dentro del avión durante el vuelo es bueno. Te ofrecen una bebida y algo para picar. No hay tiempo para más. Las azafatas muy simpáticas."
IBB_0762,Binter,"Tenerife, España",Tenerife,Fuerteventura,Domestic,julio de 2017,4,"Muy buena compañía que tenemos en Canarias y que ha dado el salto internacional. Personal siempre correcto, prensa regional en cada ruta y detalles como chocolatina (invierno), frutos secos (verano) o incluso donut en los primeros vuelos de la mañana. También toallita de cortesía y caramelos en los vuelos interinsulares donde debido a su corta duración no disponen de comida. Generalmente son muy puntuales. Estoy convencido que la buena labor realizada en todos estos años contribuirá a que se mantengan fuertes aun con la irrupción de otras compañías en Canarias"
IBB_0763,Binter,"Santa Cruz de Tenerife, España",Fuerteventura,Tenerife,Domestic,abril de 2017,4,"Muy bien. Volar con ellos es una buena experiencia, contando que realiza vuelos interinsulares. El personal muy atento y mu simpático, tanto los de tierra como en el avión."
IBB_0764,Binter,"Santa Cruz de Tenerife, España",Tenerife,Fuerteventura,Domestic,junio de 2017,3,"Muy bien como todos los demás que hemos realizado entre islas, por suerte ya las hemos visitado todas, ahora tocará repetir en algunas."
IBB_0765,Binter,"Madrid, España",Tenerife,San Sebastián de la Gomera,Domestic,junio de 2017,5,"Me encanta volar y fue fantástico, vuelo corto 20 minutos, pero buenísimo servicio, dan prensa, te ofrecen agua y una chocolatina riquísima, las vistas magníficas. Disfrute muchísimo en el vuelo, buen despegue y buen aterrizaje."
IBB_0766,Binter,"Las Palmas de Gran Canaria, España",Las Palmas de Gran Canaria,Lanzarote,Domestic,mayo de 2017,4,"Binter es una compañia regional Canaria, que conecta las diferentes islas del Archipiélago Canario así como la Islas Canarias con el continente Africano , Portuga e islas Madeira. Suele ser muy puntual y ágil por lo que moverse entre las islas canarias es casi como coger un taxi."
IBB_0767,Binter,Desconocido,Lanzarote,Las Palmas de Gran Canaria,Domestic,julio de 2017,1,"I have been requested reimbursement of 4 plane tickets for over 1 a month. Pinter told me that fees will be reimbursed, as well as 2 over 4 plane tickets. But since then, nothing has arrived in my bank account, even if I have sent them again and again request by email my reimbursement I'm entitled to. They are lying to me saying that the fund request has been made, etc., etc... This is an unacceptable situation!!!!!! He sido el reembolso de 4 avión etiqueta para más de 1 un mes. Pinter me dijo que los honorarios serán reembolsados, así como 2 más de 4 avión etiqueta. Pero desde entonces, nada ha llegado a mi cuenta bancario, incluso si les he enviado una y otra vez la petición por el correo electrónico mi reembolso soy dado derecho a. Ellos me mienten,diciendo que la petición de fondo ha sido hecha, etc., etc.... ¡¡Esto es una situación inaceptable!!!!!!"
IBB_0768,Binter,"Tenerife, España",Tenerife,Dakar,International,junio de 2017,5,Fue un buen vuelo. El avión es amplio y se hizo corto el trayecto. Está muy bien pensado venir por Tenerife aunque tengamos que salir por Las Palmas
IBB_0769,Binter,Desconocido,Fuerteventura,Tenerife,Domestic,agosto de 2016,5,"Todo rápido, eficiente, el personal muy amable. Tomé este vuelo para enlazar con el vuelo a la Gomera con tan sólo pocos minutos entre llegada y salida. Ningún problema, lo tienen todo absolutamente controlado."
IBB_0770,Binter,"Agüimes, España",Las Palmas de Gran Canaria,Funchal,Europe,mayo de 2017,4,"Voo tranquilo, las azafatas muy atenciosas,sirven un bocadillo, me gusto mucho. solo hay un problema son pocos vuelos en la semana."
IBB_0771,Binter,"Santa Cruz de Tenerife, España",Tenerife,Santa Cruz de la Palma,Domestic,enero de 2017,5,"Llevo muchisimo tiempo volando con esta compañía y solo tengo opiniones buenisimas que dar sobre ella.. Frecuentemente viajo a la Palma y a Gran Canaria tanto a nivel particular como por trabajo y no se que haria sin mi Binter. Ahora con las nuevas tarifas para residentes canarios tendremos la posibilidad de ampliar nuestro destinos , han ampliado su flota con un bebé espectacular llamado ""Macaronesia"" en honor al todos los Archipielagos que componen esa parte del Ocenao Atlántico en el cual las islas Canarias estamos incluidos. Lo dicho, no dudeis en volar con esta compañía. Saludos"
IBB_0772,Binter,"Las Palmas de Gran Canaria, España",Las Palmas de Gran Canaria,Lanzarote,Domestic,junio de 2017,5,"Un vuelo agradable entre Gran Canaria y Lanzarote. Binter es de las pocas compañias aereas que aun dan gratuitamente servicio a bordo, puedes elegir entre 3 periodicos, 2 locales y uno deportivo, un vaso de agua y una chocolatina en temporada de invierno o un paquete de frutos secos en temporada de Verano. El personal es un encanto y el equipaje no suele demorar mucho en salir."
IBB_0773,Binter,Desconocido,Las Palmas de Gran Canaria,Tenerife,Domestic,junio de 2017,4,"buena compañía, atento personal auxiliar, algun aterrizaje muy brusco, y buena puntualidad, espero que de verdad, bajen los precios de los billetes."
IBB_0774,Binter,"Oviedo, España",Tenerife,Lanzarote,Domestic,junio de 2017,3,"Binter realiza vuelos ""de isla a isla"" muy caros. Debes comprobar precios con otras compañías y Air Europa ha informado que próximamente realizará vuelos interinsulares. Esperemos que bajen los precios cuanto realmente compitan entre sí. Ahora son abusivos con Binter."
IBB_0775,Binter,"Arucas, España",Santa Cruz de la Palma,Las Palmas de Gran Canaria,Domestic,abril de 2017,4,"Pese a que al poco tiempo de comprar el billete, nos cambiaron la hora de salida del vuelo (de las 17:15 a las 21:20), trastocándonos un poco los planes, el vuelo salió en hora y fue muy agradable. Fue un vuelo de una hora aproximadamente que transcurrió muy rápidamente."
IBB_0776,Binter,"Gran Canaria, España",Las Palmas de Gran Canaria,Tenerife,Domestic,marzo de 2017,4,"La experiencia que Binter ha acumulado a lo largo de estos años se nota en la calidad de su servicio, tanto en el personal de tierra como en el personal de vuelo. Recomendable viajar con ellos."
IBB_0777,Binter,Desconocido,Las Palmas de Gran Canaria,Valverde,Domestic,Desconocida,5,"Como siempre la compañía Binter es la mejor aerolínea de Canarias da igual a donde quieras ir siempre puntuales, amabilidad de azafatas y un magnífico servicio ofreciendo prensa, agua, chocolatinas y caramelos. Siempre tienen a los pasajeros contentos."
IBB_0778,Binter,"Santa Cruz de Tenerife, España",Tenerife,Las Palmas de Gran Canaria,Domestic,Desconocida,4,"Buena línea aérea a pesar de trabajar prácticamente sola para los vuelos entre las islas Canarias. Muy puntual y máxima facilidad para volar , tiene una app que funciona muy bien. En general muy recomendable."
IBB_0779,Binter,"Santa Fe, Argentina",Marrakech,Fuerteventura,International,junio de 2017,5,"por ser una aerolínea que realiza Canarias, España, Portugal y Marruecos, puedo destacar que la atención, del personal de a bordo puntualidad y servicios es de lo mejor. recomiendo totalmente"
IBB_0780,Binter,"Comunidad de Madrid, España",Santa Cruz de la Palma,Tenerife,Domestic,mayo de 2017,5,"Por fin una compañía aérea que te trata bien y que te cuida. El embarque rápido, los asientos a elección y el vuelo una maravilla ofreciéndonos la prensa agua y un tentenpie, todas las compañías deberían de ser así. Desde luego si vais a viajar entre islas es la mejor forma, sin duda."
IBB_0781,Binter,"San Cristóbal de La Laguna , España",Tenerife,Las Palmas de Gran Canaria,Domestic,junio de 2017,4,"Buena compañía. Buen trato del personal a bordo. Te ofrecen el periódico, agua, chocolatinas, caramelos. Aunque los precios de sus vuelos suelen ser elevados para ser entre islas. Facilidad de horarios y destinos"
IBB_0782,Binter,Desconocido,Lanzarote,Tenerife,Domestic,junio de 2017,5,"Cogi un vuelo este pasado sábado 2 de junio en el trayecto de las 8:25/9:15 Lz-TF NT453, suelo viajar bastante entre islas con ustedes, como norma general l actitud de las azafatas es bastante buena... pero en este trayecto me llamo extremadamente la atención lo cordiales, correctas y agradables que fueron, les pregunte l nombre, me lo dijeron sin ningún inconveniente y con total seguridad, su nombres era, Rosmary y Alicia (no estoy seguro, por qué no lo apunte, pero por eso dejo el trayecto y los datos del vuelo) un verdadero placer viajar con estas chicas risueñas y amables."
IBB_0783,Binter,Desconocido,Tenerife,Santa Cruz de la Palma,Domestic,mayo de 2017,4,Destacar las atenciones del personal de vuelo y la prestación de sus servicios detalles como chocolatinas y prensa cosa que ya paso a la is to ría en las grandes compañías aéreas por lo general muy bien
IBB_0784,Binter,Desconocido,Tenerife,Fuerteventura,Domestic,mayo de 2017,4,"Las veces que he volado en esta compañía no he tenido problemas. Buena atención, tienen servicio de a bordo en el que te ofrecen una chocolatina, caramelos y un vaso de agua. Es pequeño pero está bien para recorridos entre islas."
IBB_0785,Binter,"Logroño, España",Las Palmas de Gran Canaria,Fuerteventura,Domestic,abril de 2017,4,Estupendo servicio de aviones de hélice para saltar entre las Islas Canarias. Personal de a bordo agradable y atento. Aviones cómodos Puntuales Un pero; algo caro.
IBB_0786,Binter,"Sant Adrià de Besòs, España",Las Palmas de Gran Canaria,Lanzarote,Domestic,abril de 2017,4,"Un servicio en cabina excelente. Asientos muy cómodos y con posibilidad de sentarte donde quieras (o puedas) gracias a que no hay asignación previa. Las azafatas muy simpáticas y atentas, y con el detalle de la chocolatina y el vaso de agua en todos los vuelos. Al tratarse de vuelos cortos no hay ningún tipo de entretenimiento, pero tampoco es necesario. Sin duda recomendable para vuelos entre las islas."
IBB_0787,Binter,"Berlín, Alemania",Santa Cruz de la Palma,Las Palmas de Gran Canaria,Domestic,abril de 2017,5,"Muy pequeño..., es mi primera vez que viajo con un avión con trompetas! Da un poco miedo el sonido de la trompeta cuando se llega en hora. El personal es amable y te ofrecen periodicos para leér, chocolate y agua para hidratarse! El vuelo ha estado bien aunque los asientos son pequeños e incomodos."
IBB_0788,Binter,"Tenerife, España",Tenerife,Las Palmas de Gran Canaria,Domestic,abril de 2017,3,"El vuelo a Las Palmas a sido muy rápido, está claro que la distancia no es mucha. Lo que me produce un medio disgusto es que hay pilotos que el despegue y el aterrizaje lo hacen a lo bestia, se nota porque suelo viajar con esta compañia y depende del piloto la cosa cambia independientemente del clima. Tener en cuenta que es un avión que se mueve mucho, es un tema importante a tener en cuenta para aquellas personas que no están acostumbrados a volar, creo que todos los que nos hemos subido a un avión de este tipo sabemos lo que hay. Te ofrecen un periódico pero sinceramente no tienes espacio para leer nada, recomiendo usar un dispositivo movil o tablets y entretenerte hasta llegar al destino. El espacio entre los asiento es bastante limitado pero para un avión de corto recorrido no me parece un problema grande. Me encanta la chocolatina :P"
IBB_0789,Binter,"Madrid, España",Tenerife,San Sebastián de la Gomera,Domestic,octubre de 2016,5,"Buen viaje aunque muy corto, se disfruta de las vistas y practicamente no te da tiempo a nada. Te sirven agua y unas galletas y llegaste. 15 minutos de vuelo muy cómodos."
IBB_0790,Binter,"Gran Canaria, España",Las Palmas de Gran Canaria,Fuerteventura,Domestic,marzo de 2017,5,"es un producto de una buen relacion de calidad de precios con un muy bien trato a los clientes. el vuelo, el personal y la cortesia son muy bueno."
IBB_0791,Binter,"Santa Cruz de Tenerife, España",Tenerife,Lisbon,Europe,marzo de 2017,4,"El vuelo es correcto, con la suficiente comodidad que un avión para clase tutísitica puede brindar, pero el servicio a bordo, hace que las casi dos horas se pasen rápidas, pues desde la toallita para las manos que cotinúa con la prensa, para luego degustar un pequeño pero entretenido y variado menú acompañado de una bebida a la que luego se porta cafe o te y la famosa ambrosía, y todo ello gratuitamente (bueno, incluido en el precio, pero otras compañias Easyjet, por ejemplo hasta Londres no da absolutamente nada, Rayanair lo mismo...), pues esos detalles, hacen que el vuelo sea agradable; trato del personal bien, puntualidad correcta,"
IBB_0792,Binter,Desconocido,Tenerife,Las Palmas de Gran Canaria,Domestic,febrero de 2017,1,"Retraso de 4 h y no te dan ni una explicacion, ya esta bien de monopolios y abusar de la gente. Prepotencia por parte de sus empleados a lo bestia. Si volais entre islas Canaryfly mejor opcion. Lo dicho LAMENTABLE!!!!!!"
IBB_0793,Binter,"Alberic, España",Tenerife,Lanzarote,Domestic,agosto de 2016,4,Para ser una compañía que opera sólo en las islas Canarias es muy completa. Nos dieron para desayunar y para que mi niña se entretuviese colores y dibujos. Sin embargo Iberia que es la que nos llevó a las Islas no nos dio ni un vaso de agua.
IBB_0794,Binter,"Las Palmas de Gran Canaria, España",Las Palmas de Gran Canaria,Tenerife,Domestic,enero de 2017,5,Quería expresar mi agradecimiento por el buen hacer de esta compañía y en especial a D.Pablo Espejo (aeropuerto de Los Rodeos) que el pasado jueves 12/01/2017 nos adelantó el vuelo a pesar de que no se podía. Valoró que estábamos en una situacion desesperada con nuestro hijo que tiene autismo y estaba en una crisis de angustia porque se quería ir ya. Muchas gracias por comprendernos y ayudarnos. Tanto azafatas como personal de tierra que se portaron muy bien con nosotros darles tambien las gracias
IBB_0795,Binter,"Iquique, Chile",Lisbon,Las Palmas de Gran Canaria,Europe,octubre de 2016,5,"excelente linea aerea, economica, buena comida y lo mejor es que no te cobran como sobre equipaje la tabla de bodyboard, vuela directo desde lisboa a gran canaria"
IBB_0796,Binter,"Santa Cruz de Tenerife, España",Tenerife,Santa Cruz de la Palma,Domestic,octubre de 2016,1,"Vergonzoso que un vuelo subvencionado por el gobierno para un recorrido de a penas 100 Km cobren 60,00€. Una forma de aprovecharse de los residentes y de coartar a los turistas para trasladarse de una isla a otra."
IBB_0797,Binter,"Los Llanos de Aridane, España",Santa Cruz de la Palma,Tenerife,Domestic,noviembre de 2016,5,"Bastante bien, salida puntual, siempre que tengo que desplazarme a otra isla elijo esta compañia, ya que tiene vuelos practicamente cada hora, amabilidad de todo el personal tanto en facturacion como en el avion, Lo malo es el precio del billete cuando supuestamente esta bonificado por esto de la insularidad."
IBB_0798,Binter,"San Cristóbal de La Laguna , España",Tenerife,Lisbon,Europe,agosto de 2016,1,"Absolutamente decepcionada cuando traté de usar el mismo vaso para volver a beber agua y me obligaron a devolverlo y darme uno nuevo por normas de la compañía. Por otro lado Binter no tiene menú vegetariano, con lo que los snacks eran todos de productos animales. Me parece que la compañía tiene que leer algo sobre sostenibilidad en el 2016. No más Binter para mí, gracias."
IBB_0799,Binter,"Gijón, España",Valverde,Tenerife,Domestic,noviembre de 2016,5,"Nuestro vuelo salio con retraso por causas metereologicas. Se comportaron de forma fenomenal, nos arreglaron las conexiones con nuestro destino final, pagaron taxi, hotel de 4 estrellas y comidas. El personal de Tenerife se comporto de forma excepcional..... Por desgracia falta gente como esta en otras compañias... La simpatia y amabilidad fueron excepcionales Gracias"
IBB_0800,Binter,"Mataró, España",Las Palmas de Gran Canaria,Ilha do Sal,International,noviembre de 2016,5,"Salida puntual, llegada a tiempo. Servicio en tierra agtadable. Servicio a bordo magnifico. Asientos comodos. En los dos vuelos nos dieron un buen snack a bordo con bebida, incluida vino o cerveza (foto)."
IBB_0801,Binter,"Las Palmas de Gran Canaria, España",Lanzarote,Las Palmas de Gran Canaria,Domestic,noviembre de 2016,1,"Por que no hay menos cero, tienen un problema en el personal de tierra en Lanzarote, son arbitrarios, deciden según les da, unos días permiten cambiar vuelos y dependiendo de quien esté de coordinado no, con asientos libres no nos cambiaron los billetes y sin respuestas coherentes nos dejaron en tierra"
IBB_0802,Binter,"Alboraya, España",Tenerife,Fuerteventura,Domestic,noviembre de 2016,5,"Es una compañía que nunca fallan. Me encanta volar con ellos cuando voy de isla a isla porque además las tarjetas de embarque, etc te aparecen en el móvil sin tener que hacer nada..... una maravilla"
IBB_0803,Binter,"Toledo, España",Tenerife,Santa Cruz de la Palma,Domestic,octubre de 2016,5,"Es la primera vez que volamos con ellos, y comprobamos que han ganado el premio de mejor aerolínea 2016, y con mucha razón, son puntuales, serios, no ponen pegas a tonterías absurdas, en nuestro caso fue un vuelo de Tenerife Norte a La palma solo media hora de vuelo, con una atención exquisita, simpatía por las azafatas, además te ofrecen una chocolatina, caramelos, toallitas, agua….,MUUY RECOMENDABLE, estoy segura que repetiremos con ellos."
IBB_0804,Binter,"Las Palmas de Gran Canaria, España",Las Palmas de Gran Canaria,Fuerteventura,Domestic,septiembre de 2016,4,"Debido a mi trabajo me veo obligada a viajar asiduamente entre las islas canarias y sin duda recomiendo la compañía aérea Binter ya que hasta la fecha cumple 100% mis expectativas tanto a nivel de confort y puntualidad, he de decir que podrían mejorar en cuanto a los precios ya que en algunos casos son bastante elevados."
IBB_0805,Binter,"San Cristóbal de La Laguna , España",Tenerife,Marrakech,International,septiembre de 2016,4,Todo correcto en horarios y atención. Aviones turbohélice adecuados para este tipo de trayectos cortos.
IBB_0806,Binter,"Las Palmas de Gran Canaria, España",Las Palmas de Gran Canaria,Tenerife,Domestic,octubre de 2016,4,"Trato agradable desde el momento de facturación hasta el aterrizaje. Vuelos interinsulares en Canarias, trayectos cortos que se hacen todavía más cortos con la atención de los auxiliares.a"
IBB_0807,Binter,"Algeciras, España",Tenerife,Santa Cruz de la Palma,Domestic,octubre de 2016,5,"Nos encantó viajar con Binter. Sin demoras, una atención perfecta y en el corto viaje que fue desde Tenerife a la isla de La Palma - 30' - nos ofrecieron prensa y un refresco, acompañados de una sonrisa permanente de las azafatas."
IBB_0808,Binter,"Temuco, Chile",Las Palmas de Gran Canaria,Lanzarote,Domestic,septiembre de 2016,3,"Esta línea aérea de aviones pequeños no hace reserva de asientos. No tiene capacidad para guardas las maletas pequeñas dentro de la cabina. No admiten tomar fotos. La tuvimos que borrar por orden de la azafata, insólito. El personal de tierra amable y sirven bebidas y un snack."
IBB_0809,Binter,"Logroño, España",Tenerife,Valverde,Domestic,septiembre de 2016,4,"Tanto el vuelo de ida como el de vuelta muy cómodo e incluso en un vuelo tan corto te dan unos aperitivos y bebidas. El trato de los empleados muy correcto. En contra, el precio del billete para los no residentes me parece caro y no te asignan asiento por lo que, incluso siendo aviones pequeños, se forma un caos a la hora de acceder al avión."
IBB_0810,Binter,"Santa Cruz de Tenerife, España",Tenerife,Funchal,Europe,noviembre de 2015,4,"He volado varias veces con ellos, y la verdad que bastante bien para ser una linea regional. Desde el Checking hasta la atencion en el vuelo, bastante bien. Como contrapunto esta el tema de los precios y la escasa frecuencia de vuelos para ciertas rutas."
IBB_0811,Binter,Desconocido,Fuerteventura,Tenerife,Domestic,septiembre de 2016,3,"Es usual que cuando se regresa en el ultimo vuelo de un dia domingo el mismo tenga mas de media hora de retraso en la salida. Lo bueno es que a traves de la aplicacion en el movil, la compañia va informando con tiempo del insidente."
IBB_0812,Binter,"Candelaria, España",Tenerife,Las Palmas de Gran Canaria,Domestic,septiembre de 2016,4,"El vuelo fue muy bueno, tanto en la ida como en la vuelta. El trato del personal a bordo es muy agradable. No es la primera vez que viajo con la compañía y los pilotos son muy buenos, casi ni te enteras de que vas en avión. Por mejorar podría decir que si los asientos fueran un poco más amplios sería estupendo, no tanto para vuelos muy cortos para otros un poco más duraderos sería maravilloso."
IBB_0813,Binter,"Santa Cruz de Tenerife, España",Tenerife,Lanzarote,Domestic,septiembre de 2016,5,"Todo correcto,el vuelo en hora y con maleta incluida en el billete, además de la de mano. A mitad del vuelo dan agua y unos aperitivos que luego recogen."
IBB_0814,Binter,"Tenerife, España",Marrakech,Tenerife,International,junio de 2016,3,"La compañía cambió la hora de salida del vuelo días antes, adelantándolo en una hora, pero después tuvo un retraso de más de una hora. Complicando la vida a los usuarios. Perdimos la conexión en Gran Canaria y tuvimos que correr por todo el aeropuerto para hacer todas las gestiones nosotros mismos para la nueva conexión con Tenerife Norte. Fué el día 05 de junio de 2016"
IBB_0815,Binter,"Gran Canaria, España",Las Palmas de Gran Canaria,Tenerife,Domestic,septiembre de 2016,4,Muy buena experiencia gracias al apoyo del personal en tierra para resolver un problema administrativo. Compañía puntual y agradable. Buen servicio durante el vuelo
IBB_0816,Binter,"Tenerife, España",Tenerife,Las Palmas de Gran Canaria,Domestic,mayo de 2016,3,Es La Compañía casi por excelencia de Canarias y tiene bastantes vuelos pero los precios son mas caros que viajar a Europa en algunas compañías.
IBB_0817,Binter,Desconocido,Las Palmas de Gran Canaria,Tenerife,Domestic,noviembre de 2015,4,"aviones pequeños para viajar entre islas, lo bueno la cantidad de horarios de vuelos para volar entre islas, ojo, suele haber retrasos de vuelos si viajas a Tenerife Norte, debido a la neblina que suele aparecer muy a menudo. en el vuelo te regalan una chocolatina o frutos secos dependiendo de la época del año. aunque los vuelos tienen bonificación por ser residente canario, con casi el 50%, los vuelos a veces salen más barato viajar a europa que a canarias."
IBB_0818,Binter,"Santa Lucía, España",Las Palmas de Gran Canaria,Fuerteventura,Domestic,septiembre de 2016,5,"Como siempre, un servicio 10. Profesionalidad ante todo y amabilidad del personal de facturación y azafatos. Gracias."
IBB_0819,Binter,"Madrid, España",Tenerife,Santa Cruz de la Palma,Domestic,septiembre de 2016,5,"Ha sido una grata sorpresa para mí está compañía aérea. Son muchas la cosas de agradecer en comparación con otras compañías: No cobran por la maleta, te dan algo de comer y beber, te dan el periódico. En definitiva, te tratan como a una persona y no como ganado. El trato del personal de la compañía fue muy bueno, muy amables en todo momento. La relación calidad/precio me pareció buena. Al recoger las maletas, una de ellas se había roto en el trayecto. Nos han pagado íntegra la maleta Una vez presentamos la documentación nos ha hecho la transferencia al día siguiente. Ojalá el resto de compañías aéreas tomasen nota."
IBB_0820,Binter,"Barcelona, España",Las Palmas de Gran Canaria,Praia,International,agosto de 2016,4,"Nunca habíamos viajado con esta compañía y resultó ser una grata sorpresa: asientos amplios, nos sirvieron un ""menú ibérico"" de desayuno, nos ofrecieron bebidas 2 veces a lo largo del trayecto y, además, unos frutos secos para amenizar el viaje. Muy puntuales y las azafatas, muy amables, sobre todo, la sobrecargo del vuelo, Melinda González (si no recuerdo mal)."
IBB_0821,Binter,"Las Palmas de Gran Canaria, España",Las Palmas de Gran Canaria,Valverde,Domestic,agosto de 2016,4,Desde la compra del billete solicite ayuda para una persona con movilidad reducida y nos atendieron muy bien. Una vez dentro del avión las azafatas también geniales. E
IBB_0822,Binter,"Lanzarote, España",Lanzarote,Santa Cruz de la Palma,Domestic,agosto de 2016,3,"Un vuelo con escala en TFN. Los aviones son pequeños, no demasiado cómodos. El servico abordo es bueno, el personal (siempre veo mujeres) es agradable y amable. Lo pero son los precios, muy caros para el servicio que ofrecen, sale más caro viajar a otra isla de Canarias que ir a la península. Me parece un abuso."
IBB_0823,Binter,"Las Palmas de Gran Canaria, España",Las Palmas de Gran Canaria,Lisbon,Europe,septiembre de 2016,5,"Una buena idea para los canarios, a la hora de viajar de forma directa a sitios internacionales , un poco caro me parece pero el trato y el vuelo ha sido muy buenos 90 para volver y no llego a las 2 horas para la ida"
IBB_0824,Binter,"Moron, Argentina",Las Palmas de Gran Canaria,Marrakech,International,octubre de 2015,5,"Una aerolinea pequeña con excelente trato a los pasajeros, los aviones son antiguos , de asientos anchos y cómodos no como los modernos que ahorran espacio a costa del pasajero. El vuelo era corto y el catering seco resultó de los mejores que me han ofrecido. Muy conforme con todo."
IBB_0825,Binter,"La Palma, España",Santa Cruz de la Palma,Tenerife,Domestic,agosto de 2016,3,"Aviones turbohelices. Asientos comodos para trayectos cortos. Escaso lugar para el equipaje de mano, pero puede ser llevado en bodega y lo devuelven al bajar del avión en a misma pista. personal amable y reparten chocolatina, asi como agua (con o sin gas). No tienen en cuenta la posibilidad de alergia al gluten (celiaquia)"
IBB_0826,Binter,"Fuengirola, España",Las Palmas de Gran Canaria,Lanzarote,Domestic,julio de 2016,5,Vuelo corto pero muy agradable y el trato recibido excepcional tanto en tierra como en el avión. Puntual. Dan prioridad a las familias.
IBB_0827,Binter,"Agüimes, España",Lisbon,Las Palmas de Gran Canaria,Europe,agosto de 2016,4,"Aconsejable reservar asiento varios días antes de viajar, para no tener sorpresas a la hora de facturar. Vuelo agradable en el que ""todavía"" sirven un aperitivo durante el vuelo (al despegar frutos secos, durante el vuelo un snack (salchichón ibérico, picos, galletitas dulces y galletitas con chocolate, queso, paté ibérico y bebida) y antes de aterrizar te o café."
IBB_0828,Binter,Desconocido,Tenerife,Lanzarote,Domestic,agosto de 2016,4,"El servicio a bordo es muy bueno, en vuelos cortos ofrecen prensa, agua y un pequeño snack, mucho más de lo que ofrecen otras aerolíneas en vuelos mucho más largos. Aunque los precios muchas veces son exagerados, cuesta mucho más ir de Tenerife a Lanzarote que a Londres."
IBB_0829,Binter,"Callao Salvaje, España",Tenerife,Fuerteventura,Domestic,agosto de 2016,4,"Buena compañía, pese a no tener competencia, es de las pocas (en el mundo) que tiene la amabilidad de ofrecer periódico, agua y algún refrigerio gratis para vuelos tan cortos. Personal muy amable, aviones cómodos. Sin quejas. Muy bueno"
IBB_0830,Binter,"Las Palmas de Gran Canaria, España",Las Palmas de Gran Canaria,Lanzarote,Domestic,septiembre de 2015,5,"De vez en cuando hago vuelos entre islas con Binter y siempre recibo un buen servicio. Esta vez fui de Gran Canaria a Lanzarote con el servicio de Menor No Acompañado y tuve un gran vuelo. El Check-In fue sin problemas y sin tener que esperar mucho en los 6 mostradores que ofrece la compañía Binter en el aeropuerto de Gran Canaria. Posteriormente me dirigí hacia la puerta de embarque A-13 donde embarqué el último. Cogí un autobús hasta el avión situado bastante alejado de la puerta junto a un chico del personal de Binter. El avión que cogí hacia Lanzarote, un ATR 72-500, parecía nuevo y la cabina estaba muy limpia y bien acondicionada. Me senté en la última fila y poco después de sentarme el avión comenzó a rodar y la azafata me dio un par de chocolatinas. Las azafatas fueron muy agradables conmigo y ofrecieron un completo servicio en un vuelo que dura 45 minutos. La compañía Binter ofrece un servicio de prensa diaria, una chocolatina, un vaso de agua y un caramelo. El vuelo se pasó volando, sin turbulencias y salió y despegó justo a la hora programada. El avión aterrizó en Lanzarote y desembarqué el primero. El precio para un niño en el servicio de Menor no acompañado en este vuelo es de 27 euros por trayecto. La única pega es que los aviones son un poco ruidosos. Por lo demás es una excelente compañía con muy buenos servicios."
IBB_0831,Binter,"Tenerife, España",Tenerife,Lisbon,Europe,agosto de 2016,3,Cuando llegué a Lisboa literalmente me entregaron la maleta atopellada. Estaba totalmente destrozada. En el aeropuerto me dijieron que tenían ordenes que todas las reclamaciones tenia q hacerlas al volver. Les escribimos un correo y nos mandaron a una tienda para reponer la maleta. El contenido que tb estaba dañado nos dijieron que a la vuelta. Mi hija se quedó sin ropa !!! Medio día perdido xq tuvimos que coger 4 metros para ir a la tienda y otros 4 para volver. Nada mas llegar llamé a atención alo cliente para ver que pasaba con el contenido. Me repondieron que por ley tinen un mes. Estoy a la espera
IBB_0832,Binter,"Santa Cruz de Tenerife, España",Tenerife,Lisbon,Europe,julio de 2016,4,"El vuelo fue estupendo tanto la ida como la vuelta,. El único inconveniente es que hicimos escala en el aeropuerto de Gando en Gran Canaria."
IBB_0833,Binter,"Buenos Aires, Argentina",Las Palmas de Gran Canaria,Lanzarote,Domestic,enero de 2016,4,"Muy buen servicio, para cruzar ente las islas Canarias, en nuestro caso de Gran Canaria a Lanzarote, puntuales, eficientes, son vuelos muy cortos."
IBB_0834,Binter,"Tacoronte, España",Tenerife,Santa Cruz de la Palma,Domestic,julio de 2016,4,Un vuelo muy bueno con un poco de turbulencias en la llegada a la Palma pero nada fuera de lo normal...Un buen detalle en el vuelo de la mañana un donut y un vaso de agua a y la prensa deol día...Inter cuenta con muchas salidas la Palma desde Tenerife Norte...
IBB_0835,Binter,"EL Mocanal, España",Valverde,Tenerife,Domestic,abril de 2016,5,"Vivo en el Hierro y de veces me voy a otras Islas Canarias. Dos veces este año, me fui a Tenerife. (Una vez en Febrero para el Carnaval, y otra vez en Abril porque el reto de mi cumpleaños era a subir El Teide.) Es un vuelo que me gusta mucho; los paisajes son preciosos, y los dos aeropuertos son múy buenos; creo que muchos de los aeropuertos del mundo necesitan aprender de España como a tratar sus pasajeros. Este vuelo es de solamente 40 minutos y en este tiempo se dan un periodico, un dulce y un vaso de agua. A mí me encanta viajar y este es uno de los viajes que me gusta más."
IBB_0836,Binter,"Gran Canaria, España",Tenerife,Las Palmas de Gran Canaria,Domestic,agosto de 2016,3,"Todos sabemos como son los aparatos de Binter, pequeños y estrechos, ya no te dan ni caramelos, lo mejor las azafatas."
IBB_0837,Binter,"Tenerife, España",Las Palmas de Gran Canaria,Lanzarote,Domestic,diciembre de 2015,4,"Binter Canarias es la compañía de toda la vida en Canarias, con la que desde pequeño te movías de un lado a otro del archipiélago. Han sabido crear un gran monopolio, y por eso aprovechan para poner unos precios desorbitados en comparación con otros vuelos, dado su baja competencia en vuelos interinsulares."
IBB_0838,Binter,"A Coruña, España",Lanzarote,Funchal,Europe,julio de 2016,5,"GENIAL mucho mejor que Iberia y no digamos Air Europa. Con servicio de presa, café, bebidas y sandwich gratuitos. Asientos comodos y amplias. Puntualidad y amabilidad."
IBB_0839,Binter,"Phuket, Tailandia",Tenerife,Las Palmas de Gran Canaria,Domestic,agosto de 2016,5,"Una compañía Canaria que cuida sus pasajeros. Servicio amable. Son vuelos cortos y agradables. La flota está bien mantenida y los previos son buenos si eres residente. Te ofrecen agua, la famosa ambrosía Tirma, caramelos y toallitas, en los vuelos más largos a Marruecos o Madeira algún bocadillo. Son puntuales y siempre un gusto volar en Binter!"
IBB_0840,Binter,"Güímar, España",Tenerife,Valverde,Domestic,septiembre de 2015,5,es un vuelo rapido dura 1/2 hora el aeropuerto esta muy bien y se comunica bien tienes coches de alquiler puedes viajar en autobus a la capital
IBB_0841,Binter,Desconocido,Las Palmas de Gran Canaria,Lanzarote,Domestic,junio de 2016,4,"Ha sido un vuelo muy puntual y las azafatas encantadoras. Reparten agua, piruletas, periodicos y chocolatinas gratis al pasaje. Aviones MUY viejos No tienes asiento asignado, parece un autobús municipal!"
IBB_0842,Binter,Desconocido,Tenerife,Las Palmas de Gran Canaria,Domestic,julio de 2016,5,"Volando desde Tenerife hasta Gran Canaria me parece una gran opción. Es rápido, puntual, a buen precio y el personal es muy amable. Me ha gustado que tengan esa vieja costumbre de que, a pesar de ser un vuelo de 30 minutos, te sirven agua, la prensa, un donut y para despedirse te ofrecen caramelitos. Un placer."
IBB_0843,Binter,"Tenerife, España",Tenerife,Las Palmas de Gran Canaria,Domestic,agosto de 2016,5,"Me encanta la facilidad de binter,compras un billete y puedes cambiarlo de día sin costes (clase turista) llegas media hora antes y entras al vuelo,es verdad que los billetes no son baratos y podrían mejorar precios. Son vuelos donde te ofrecen algo de comer (un aperitivo en plan donuts,chocolatina,frutos secos..en función de la temporada) y bebida sin coste,caramelos y toallas húmedas. Vuelos rápidos y cómodos Para negocios lo mejor sin duda."
IBB_0844,Binter,"Girona, España",Tenerife,Lanzarote,Domestic,agosto de 2016,5,"Me encanto. Un avión comodo, y lo mas sorprendente...nos ofrecieron gratuitamente refrescos, prensa del dia y caramelos en un viaje de 45 minutos !!!! Otras compañías podrían tomar nota y ofrecer también algo gratis a los viajeros ya que los vuelos no salen nada baratos. En el vuelo de Bacelona a Tenerife (ida) y de Lanzarote a Barcelona ( vuelta), no se nos ofrecio ni agua , nunca me lo han ofrecido en otros viajes, por eso me sorprendio tanto que una Línea de vuelos entre islas, tuviesen esa amabilidad,los 45 minutos se pasaron nunca mejor dicho "" volando ""."
IBB_0845,Binter,"Las Palmas de Gran Canaria, España",Las Palmas de Gran Canaria,Fuerteventura,Domestic,junio de 2016,4,"Pequeña compañía de vuelos domésticos que opera en Canarias con una buena y amplia oferta en horarios. El servicio es bueno (con prensa y aperitivo gratis). Algo caro cuando tienes que viajar a islas menores y en especial incómodo si tienes que hacer trasbordos, ya que para un vuelo entre islas muy cercanas puedes perder medio día o más. El precio para viajar a las islas pequeñas a veces es más caro que viajar a la península, lo que no tiene mucho sentido. Están barajando la posibilidad de establecer una tarifa plana. Veremos en que queda."
IBB_0846,Binter,"Las Palmas de Gran Canaria, España",Las Palmas de Gran Canaria,Valverde,Domestic,marzo de 2016,3,"Como dije, distancia entre asientos adecuada para personas de 1,80 mts. Bien en limpieza, atención ( ambrosía de chocolate) y puntualidad."
IBB_0847,Binter,España,Tenerife,Valverde,Domestic,julio de 2016,4,Vuelo sin complicaciones. Solo se retrasó un poco la salida puesto que se esperaban pasajeros de un vuelo de Gran Canaria que no pudo aterrizar por el mal tiempo
IBB_0848,Binter,"Santa Cruz de Tenerife, España",Tenerife,Santa Cruz de la Palma,Domestic,septiembre de 2015,3,"Binter es muy buena compañía, la atención del personal genial, suelen ser muy puntuales, son de las pocas que siguen teniendo detalles gratuitos con los pasajeros, como, chocolatinas en invierno y en verano si viajas por la mañana te dan un donut y por la tarde un combinado de frutos secos, un baso de agua, y periódico local, el único malo es que los asientos los cambiaron y ya no se pueden reclinar, entiendo que son trayectos cortos menos el de Lanzarote que son 50minutos y se agradecería un poco más de comodidad en los asientos"
IBB_0849,Binter,Desconocido,Santa Cruz de la Palma,Tenerife,Domestic,octubre de 2015,4,"Buen servicio, puntualidad y precio. Solo un pequeño pero, tienes que bajarte la aplicación al movil para hacer el embarque, sino eres muy ducho te ves un poco apurado a falta de una impresora cuando estas fuera de tu casa, ya que no puedes sacar la tarjeta de embarque antes de 7 días del vuelo. Al final todo bien, pasas con el código QR que le enseñas desde el movil. Asegurarse de llevarlo bien de bateria para que no te juegue una mala pasada"
IBB_0850,Binter,"Santa Cruz de Tenerife, España",Santa Cruz de la Palma,Tenerife,Domestic,septiembre de 2015,1,"La última vez que volé con Binter fue el año pasado. Ante una avería en el aeropuerto de los Rodeos (Tenerife norte), nos desviaron al aeropuerto del sur de la isla y nos avisaron justo cuando ya íbamos a despegar a pesar de que negaron dicha posibilidad tajantemente en el mostrador de facturación. Una vez llegados al aeropuerto Reina Sofía, en el sur de Tenerife, nos hicieron esperar en total más de 3 horas sin información y sin darnos ni un vaso de agua (había bebés y ancianos entre los pasajeros). Llegamos al aeropuerto de los Rodeos pasadas las 00:00 cuando deberíamos haber llegado a las 20:30. Encima en la contestación a la reclamación alegaron que el retraso fue debido a las condiciones meteorológicas cuando no era así y además habíamos visto como las otras compañías trasladaban a sus clientes con rapidez y sin problemas. No recomendamos Binter, ahora existen otras aerolíneas muy competitivas y a mejor precio."
IBB_0851,Binter,"Gran Canaria, España",Las Palmas de Gran Canaria,Lanzarote,Domestic,julio de 2016,5,"excelente atención por parte del personal de vuelo. Obsequiaron a la ida con donuts y al regreso con frutos secos además de zumos. Puntualidad. El avión muy ruidoso pero dura tan poco el vuelo que no llega a incomodar, media hora."
IBB_0852,Binter,"Las Palmas de Gran Canaria, España",Las Palmas de Gran Canaria,Fuerteventura,Domestic,julio de 2016,5,"Lo primero avisar a aquellos que no sean viajeros habituales de los vuelos interinsulares del tamaño del avión, nosotros estamos acostumbrados, pero para la gente que viene de fuera, que han llegado en grandes aviones, siempre oigo los comentarios de que parecen una avioneta. Sepan que aunque puedan parecer pequeños, son muy seguros y están preparados para flotar en el agua y volar lo suficiente con los motores parados para llegar a tierra. En cuanto al servicio, el personal es muy atento, tanto el de cabina como el de tierra, y el servicio a bordo sigue siendo gratuito, ahora en verano hay donuts por la mañana y un paquete de frutos secos por la tarde, en invierno chocolatinas, y durante todo el año prensa y agua. Tienen diversidad de horarios para elegir el que mas te convenga y flexibilidad para cambiar de vuelo si fuera necesario (por mi trabajo lo hago con frecuencia y nunca he tenido problemas). En temas de puntualidad son mas que eficientes, eso no quita que alguna vez surjan problemas, mayormente por causas meteorológicas. Los asientos no estan numerados, por lo que si necesitas estirar las piernas, aconsejo ir a la parte delantera y coger los que están en las salidas de emergencia"
IBB_0853,Binter,"Islas Canarias, España",Las Palmas de Gran Canaria,Lisbon,Europe,junio de 2016,5,"Un vuelo muy bueno, y con un exelente servicio a bordo, Un atenddmiento genial a los pasajeros, entre los que incluyen un servicio de comida , que ya parece que desaparece de las compañias aereas, que esta muy bien , tambien te ofrecen un snak, un cafe , agua, la verdad que el atendimiento y las atenciones geniales. un detalle que debieran copiar el resto de compañias aereas."
IBB_0854,Binter,"Puerto de la Cruz, España",Tenerife,Lanzarote,Domestic,septiembre de 2015,4,Es un vuelo cómodo en avión turbohélice con buena atención de la tripulación y donde disfrutas del viaje
IBB_0855,Binter,"Puerto del Rosario, España",Fuerteventura,Las Palmas de Gran Canaria,Domestic,julio de 2016,5,"Lo que uno siempre quiere cuando viaja, que le traten bien y llegar en hora. Esas condiciones las cumple Binter, así que ninguna queja por sus servicios."
IBB_0856,Binter,"Las Palmas de Gran Canaria, España",Las Palmas de Gran Canaria,Tenerife,Domestic,julio de 2016,5,Todos los meses cojo uno o dos vuelos en canarias es como el metro en la península uno cada hora entre las dos capitales si estas de vacaciones en Tenerife o Las Palmas puedes coger el vuelo de las 07 de la mañana y en 20 minutos estas en la otra isla y pasarte todo el día conociéndola. Regreso a las 21.00 horas el último vuelo son vuelos económicos
IBB_0857,Binter,"Lanzarote, España",Lanzarote,Tenerife,Domestic,septiembre de 2015,2,"Por fallos en mi targeta de embarque me tube que quedar en Tenerife tirado, atension al cliente pesimo, muy pesimo, hice la reclamacion en consumo en Lanzarote y sali tambien desepcionado, se les vio el plumero, les interesa mas la compañia Binter que un simple usuario. VOLVERE A UTILIZAR ESTA COMPAÑIA PORQUE NO ME QUEDA MAS REMEDIO, ES LA UNICA QUE HAY."
IBB_0858,Binter,Desconocido,Las Palmas de Gran Canaria,Marrakech,International,julio de 2016,5,"Vuelo cómodo con buen horario, buen servicio de auxiliares de vuelo, refrigerio gratuito y bueno, asientos amplios."
IBB_0859,Binter,"Santander, España",Tenerife,Lanzarote,Domestic,julio de 2016,5,"Da gusto viajar con esta compañía aérea, Prensa gratis, un aperitivo y agua, todo gratis, increíble en los tiempos que corren."
IBB_0860,Binter,Desconocido,Tenerife,Fuerteventura,Domestic,julio de 2016,5,"Binter , vuelo ideal,sin retrasos ,ni demoras. Vuelo agradable, a pesar de la mala opinón que hay en las islas de la compañía,Personal de abordo super amable."
IBB_0861,Binter,"Sant Cugat del Vallès, España",Las Palmas de Gran Canaria,Tenerife,Domestic,junio de 2016,5,"Excelente servicio, comodidad, puntualidad. Precios correctos y horarios para todas las necesidades,"
IBB_0862,Binter,"Tenerife, España",Tenerife,Fuerteventura,Domestic,junio de 2016,5,"Siempre que hemos viajado entre islas lo hacemos con Binter y sin lugar a dudas, es una de las mejores compañías aéreas. Son muy puntuales. Nada más subirte al avión te regalan la prensa, chocolatina o bolsa de frutos secos salados, agua, servilletas y caramelos, todo totalmente gratuíto y la atención es muy buena."
IBB_0863,Binter,"Granada, España",Tenerife,Valverde,Domestic,junio de 2016,5,"Cada vez que volamos con ésta Compañía entre Islas, quedamos más satisfechos,volamos la primera vez desde Tenerife a la Palma y regreso y ahora desde Tenerife a El Hierro y regreso, en las dos ocasiones hemos recibido un trato magnifico y una atención muy esmerada."
IBB_0864,Binter,"Santa Cruz de Tenerife, España",Tenerife,Santa Cruz de la Palma,Domestic,noviembre de 2015,1,"A pesar de estar subvencionado por el gobierno, un recorrido de 100 km aproximadamente cobran 50€, con lo cual a un no residente le cuesta 100€, esto promociona el turismo interinsular ni de lejos."
IBB_0865,Binter,"Santpedor, España",Tenerife,Las Palmas de Gran Canaria,Domestic,febrero de 2016,4,"Era la primera vez que viaja en esta compañía aérea y salí bastante satisfecho, es una compañía que no es muy grande (en comparación con otras de más renombre) pero que si sigue por este camino dará que hablar. El avión era pequeñito pero normal porque el vuelo era entre dos islas, concretamente fuimos desde Tenerife hasta Gran Canaria, las maletas al no facturarlas las llevemos hasta el pie de avión, donde ellos las guardaban en el portaequipaje. Además los empleados todos muy amables y dispuestos, creo recordar que también nos dieron algo de comida en el vuelo y eso que no era superior a 30 minutos. El único 'fallo' que también puede ser una ventaja para muchos, es que no escoges asiento, sino que llegas y te sientas donde puedes."
IBB_0866,Binter,"Las Palmas de Gran Canaria, España",Lanzarote,Las Palmas de Gran Canaria,Domestic,marzo de 2016,4,"hoy me ha resultado dificil elegir el titulo de la opinion, binter es de siempre, es la linea aerea de canarias que utilizo semanalmente, sin incidencias, puntual, podria decir todo lo tipico, cuando he tenido alguna incidencia, y les he escrito dan la cara, y responde por escrito y con llamadas, hacen encuestas de calidad, se preocupan, solo cuidado con el personal de tierra, no siempre es tan amable y eficiente"
IBB_0867,Binter,"Provincia de Buenos Aires, Argentina",Tenerife,Las Palmas de Gran Canaria,Domestic,noviembre de 2015,5,Empresa muy puntual aviones pequeños pero cómodos. Personal muy amable.El brunch bueno.El avión nuevo y muy limpio .
IBB_0868,Binter,Desconocido,Tenerife,Las Palmas de Gran Canaria,Domestic,enero de 2016,5,"siempre he volado entre islas con esta compañia, son vuelos cortos entre islas, aviones pequeños turbohelices, muy seguros, siempre con una puntualidad impecable, la forma mas comoda de moverse entre las islas canarias."
IBB_0869,Binter,"Tenerife, España",Lanzarote,Tenerife,Domestic,diciembre de 2017,5,"Binter siempre obsequia a sus pasajeros con sus famosas chocolatinas y una atención exquisita por parte de si tripulación. Con ellos siempre uno se siente como en casa y no solo porque opere vuelos regionales, sino porque son una compañía seria y servicial con un trato familiar y descomplicado. En concreto, la emoción que sentí ayer durante mi vuelo, se debió a ver mi foto publicada en su revista NT. Normalmente sortean viajes y otros premios entre sus colaboradores. Además, la compañía organiza talleres para superar el miedo a volar. Es una iniciativa que realmente me parece interesante."
IBB_0870,Binter,"Madrid, España",Las Palmas de Gran Canaria,Ilha do Sal,International,noviembre de 2017,5,"Madrid-Las Palmas vuelo con Iberia, 2 horas 20 minutos, te dan las gracias por volar con ellos, Las Palmas-Cabo Verde Isla de Sal vuelo con Binter 2 horas 20 minutos, mismo tiempo, trato impecable y te dan de comer, snack, café o té, algo increíble, nada menos que con vinos de Rioja, embutidos ibéricos, sobrasada ibérica, queso, en fin es increíble como una compañía como Binter mira y cuida a sus clientes, Iberia podía tomar ejemplo. Enhorabuena a los empresarios canarios dueños de esta compañía, mis más sinceras felicitaciones. Adjunto fotos de los menús que Binter ofrece de forma gratuita en sus vuelos."
IBB_0871,Binter,"Tenerife, España",Lanzarote,Tenerife,Domestic,febrero de 2017,4,"Para ser una aéreo línea de bajo coste, se maneja muy bien entre las islas, sus vuelos son puntuales y buen servicio en tierra"
IBB_0872,Binter,"Madrid, España",Tenerife,Valverde,Domestic,diciembre de 2017,1,"Nuestra mala experiencia no fue con el vuelo en sí, sino con la trampa reglamentaria en que caímos. Esta compañía tiene prácticamente un monopolio de los vuelos interinsulares. Para ir desde la península a alguna de las islas hay que hacer necesariamente escala y tomar un vuelo de Binter. ¡CUIDADO! Compañías como Iberia (¡lo que también se las trae!) no tiene acuerdos con Binter y los pasajeros de Iberia no son considerados en tránsito por Binter. Tuvimos la mala suerte de que cerrarán el aeropuerto de Tenerife Norte por niebla y se canceló el vuelo a El Hierro. Mientras que a los pasajeros en tránsito se les atendió, busco un hotel y, creo, se corrió con los gastos, nosotros nos quedamos tirados con un billete para dos días después (lo cual no fue cortesía, sino una posibilidad de la tarifa flexible que teníamos)."
IBB_0873,Binter,Desconocido,Las Palmas de Gran Canaria,Lisbon,Europe,septiembre de 2017,5,"Mi valoración és de cinco estrellas! Recomendó comprar los bilhetes con antelación online, pues puedes correr una buena promoción!"
