id,airline,origin_user,origin,destination,flight_type,travel_date,rating,review_text
IBS_0001,Iberia Express,Desconocido,Madrid,Lanzarote,Domestic,marzo de 2026,1,"Se publicitan como Express, pero Express mis c.... Nos obligan a facturar la maleta de mano, según ellos por falta de espacio, teniendo que estar mucho antes en el aeropuerto, nos rompen la maleta tanto a mí como a mí mujer y en el viaje de vuelta a Madrid, otra vez obligados a facturar nos tienen 55 minutos esperando por la maleta. Será nuestro último vuelo con ellos."
IBS_0002,Iberia Express,Desconocido,Tenerife,Madrid,Domestic,febrero de 2026,1,"Tenía viaje largo de 4 vuelos. Mi viaje empezó con el vuelo de Tenerife sur a Madrid con Iberia Express. Pues, esperando mi maleta más de 1 hora en Madrid, he perdido mi próximo vuelo y más 2 que tenía después ((( Tenía que comprar nuevos billetes para todos los vuelos, pagando triple más caro por comprar lo mismo día y tenía que quedarme en Madrid en hotel hasta día siguiente. Alguien sabe que ruta hacen las maletas desde avión hasta el aeropuerto por tardar más de 1 hora? No recomiendo a nadie viajar con esa compania."
IBS_0003,Iberia Express,Desconocido,Vienna,Madrid,Europe,febrero de 2026,1,"Yo también fui estafado con la tarifa óptima , ni pude escoger asiento ni prioridad de embarque , y encima el avión no iba lleno, así que no recomiendo para nada está tarifa, Pagas por nada."
IBS_0004,Iberia Express,Desconocido,Desconocido,Desconocido,Desconocido,febrero de 2026,1,"Compras la tarifa óptima con derecho a cambio de vuelo, grupo de embarque 2, elección de asientos, maleta de mano y maleta en bodega. En el viaje de ida me colocan en el grupo 3, cual es mi sorpresa.. no es posible, yo pague grupo 2. La cosa no acaba ahi… cuando saque la tarjeta de embarque 23 horas antes del vuelo a través de la aplicación, no me permitió elegir asiento y no solo nos asignó un asiento aleatorio sino que me cobraron 20€, llame a Iberia para hacer la reclamación, me indican que en 24/72 horas me llamarán y me responderán… aún estoy esperando la llamada. Viaje de vuela. Cual es mi sorpresa que el billete de vuelta voy a cambiarlo y me dice que tengo derecho a un cambio, no pago penalización pero tengo que pagar la diferencia de precio de ese vuelo, diferencia de precio 90€ por pasajero. Que es esto una estafa? Y no es operado por Iberia, es operado por Vueling… peores condiciones, vuelos con retrasos, etc… De verdad me parece una estafa lo que hacen en Iberia y en Vueling. No compréis tarifas óptimas son estafas!!!"
IBS_0005,Iberia Express,Desconocido,Madrid,Edinburgh,Europe,febrero de 2026,1,"Tenia los vuelos planificados para Mayo, me los cancelaron y llevo tres meses esperando la devolucion. Llamo y siempre me dicen lo mismo que lo tiene que validar un supervisor y asi..."
IBS_0006,Iberia Express,Desconocido,Madrid,Vienna,Europe,febrero de 2026,1,"Viajé ayer de Madrid a Viena, llegué acalambrado por el espacio entre mi asiento y el delantero ! NO ME PODÍA MOVER. Por otra parte, como no despaché valijas grandes especialmente para no demorar mi salida al.llegar, me hicieron enviar las carry on a la bodega, mientras que los que habían despachado y tenían etiquetada las carry on pudieron subirlas sin inconvenientes. El pretexto fue que no había lugar en el avión. No están calculados para la cantidad de pasajeros que transporta ? Voy a evitar hasta lo imposible viajar por Iberia, un DESASTRE !"
IBS_0007,Iberia Express,Desconocido,Madrid,Copenhagen,Europe,febrero de 2026,1,"Llamamos para cambiar los vuelos dentro vuelta de nuestro viaje dentro de las 24 horas tras la compra de los mismos. En principio, el personal de atención al cliente hizo el cambio en el sistema, de hecho así nos aparece en el área de clientes de la web de Iberia Express, pero debido a que se estaba actualizando el sistema, no pudieron cobrarnos los 33€ de diferencia de un vuelo a otro. Nos dieron un número de incidencia (70384262) y nos pidieron que llamáramos para poder terminar con el pago al día siguiente. El día siguiente llamamos pero seguían actualizando el sistema, al igua que dos días después. Al tercer día, nos dicen que al haber pasado más de 24 horas nos tienen que cobrar la penalización por cambio de vuelo y la diferencia, un total de 169€ frente a los 33€ que debíamos. Se niegan a hacerse responsables de la situación, pues no pudimos pagar dentro de las 24 horas por un fallo de la compañía, no nuestro. La atención ha sido vergonzosa y dos veces se nos ha negado hablar con un superior. Por supuesto hemos cancelado el cambio y vamos a denjnciar la situación a consumo, pues la misma operadora nos ha confirmado que están infringiendo el compromiso de calidad que ofrece la compañía y por culpa de un error de ellos, nos cuesta el cambio 130€ más de lo que era en un primer momento. Hemos grabado esa conversación y la vamos a añadir a la denuncia. Hemos estado más de dos horas al teléfono, con esperas de más de media hora, y nos han cortado también en dos ocasiones cuando les ha parecido. Por último, en la encuesta de satisfacción no nos ha dejado poner 0 ni uno, pues la grabación volvía a comenzar sin guardar la información. De vergüenza. Llevamos muchos años volando con Iberia, pero esta será la última."
IBS_0008,Iberia Express,Desconocido,Madrid,Copenhagen,Europe,febrero de 2026,1,"Llamamos dentro de las 24 horas después de la compra para adelantar la vuelta y nos dijeron que no había problema. Nos cambiaron supuestamente el vuelo, pero no nos lo pudieron cobrar porque estaban actualizando el sistema. Nos pidieron que llamáramos al día siguiente para hacerlo, pero ni ese día, ni el otro podían operar con el sistema actualizándose. Cuado volvemos a hablar con ellos tres días después, la incidencia que teníamos abierta parece que había prescrito y querían cobrarnos, además de la diferencia (que es mucho mayor), la penalización por cambio de vuelo; no haciéndose cargo ellos, que son los que tenían el problema y no nos lo pudieron solucionar en su momento. Seguimos esperando porque aún no se hasolucionado. La única solución que nos dan es que pongamos una reclamación. Además, los que te atienden por telefono no tienen ningún tipo de relación con la empresa y te mantienen a la espera constantemente (hasta una hora), imagino que para poder buscar la información que tienen que darte. Hasta una hora, que entonces te cortan la llamada. Se niegan a pasarte con un supervisor… todo problemas, acabando con tu paciencia y pasándose por el forro el compromiso de calidad. Nunca nos había pasado nada similar con ninguna otra empresa, y eso que volamos mucho. Desde luego, con ellos nunca más, y eso que somos clientes de Iberia desde hace muchos años."
IBS_0009,Iberia Express,Desconocido,Fuerteventura,Madrid,Domestic,enero de 2026,1,"Compré asiento XL para estirar piernas el día antes, me lo cobran 17€ y al llegar al avión me encuentro un asiento normal. Me dice el azafato que ese avión no tiene XL y que lo reclame. Entonces para qué me lo venden? Llevo 5 dias desde que envié el correo porque por telefono no me resolvieron la devolución. Aun esperando."
IBS_0010,Iberia Express,Desconocido,Madrid,Las Palmas de Gran Canaria,Domestic,enero de 2026,1,"Adquirí la tarifa ADELANTA TU VUELO, que permite adelantar tú vuelo en los mostradores de iberia en el aeropuerto. UN FRAUDE. En los mostradores de Iberia me recibían como un apestado (""eso es Iberia Express"", decían con desdén, ""no tiene nada que ver con Iberia). Me dieron un teléfono, llamé, me cobraron 16,75 euros en mi tarjeta de crédito, que no me han devuelto, y no me adelantaron el vuelo. Una ESTAFA. NO VUELEN CON IBERIA EXPRESS SI PUEDEN EVITARLO."
IBS_0011,Iberia Express,Desconocido,Madrid,Jakarta,International,diciembre de 2025,1,"Ojalá hubiera algo positivo que decir, pero la experiencia total fue negativa. Al hacer el check in online me dan un asiento aleatorio y luego imposible de cambiar, avión y asiento deteriorado, apenas espacio para las piernas,no funciona internet en todo el vuelo,mi asiento y los dos siguientes no tienen electricidad, luego no se puede cargar el móvil, solo tres baños para toda la clase turista y uno atascado, comida escasísima y de baja calidad, atención del personal casi indiferente....en fin, una pena la verdad, está compañía cada vez va a peor"
IBS_0012,Iberia Express,Desconocido,Tenerife,Madrid,Domestic,enero de 2026,1,"Compro un billete ida y vuelta y me equivoco en la fecha de IDA. Llamo a las dos horas porque mi tarifa permite los cambios, y tras estar 1 hora al teléfono me dicen que NO HAY DISPONIBILIDAD EN ESA FECHA. Sin embargo, si compro un billete nuevo SÓLO LA IDA ( es decir, mantener el billete ida y vuelta anterior) SÍ QUE HAY DISPONIBILIDAD. ¿NO ES UN ENGAÑO? Espero haberme explicado..."
IBS_0013,Iberia Express,Desconocido,Barcelona,Buenos Aires,International,octubre de 2025,1,"Compramos un pasaje en level, nos comunican se cancela. Unas horas después avisan que el vuelo sale en horario, 1.30 de la madrugada, después de hacer una fila interminable en el aeropuerto nos cancelan el vuelo y nos envían a un hotel fuera de Barcelona y nos comunican podemos iniciar un reclamo a level, level nos responde que debemos reclamar a iberia y a partir de ahí todo se complica, Envían un mail diciendo abonaron el reclamo y luego otro que no diciendo son condiciones ajenas. UNA VERGUENZA . UNA MENTIRA ."
IBS_0014,Iberia Express,Desconocido,Munich,Madrid,Europe,diciembre de 2025,1,"El pasado dia 13 de dic vole con iberia de munich a madrid y perdieron mi maleta para un mes. Me quedé literalmente con lo puesto! Sigo sin tener noticias, la atención al cliente es una tomadura de pelo, no dan información correcta, cada dia es una cosa..... Ahora dicen que gan enviado la maleta a madrid pero llevo dos dias sin noticias.....el 8 de enero vuelvo a alemania, casi con seguridad sin maleta y ni siquiera saber donde está. No volveré a volar jamas con Iberia!!!!"
IBS_0015,Iberia Express,Desconocido,Lanzarote,Madrid,Domestic,diciembre de 2025,1,Me enviaron Mi maleta de Mano a la bodega cuando subimos al avión y vimos tres maleteros vacíos. Es incomprensible . Una vergüenza y luego 25 minutos esperando en la cinta . Esto fue ayer 28 diciembre 2025. Parece que nos gastaron una inocentada. Da pena sentirse discriminado.
IBS_0016,Iberia Express,Desconocido,Las Palmas de Gran Canaria,Madrid,Domestic,noviembre de 2025,1,"No pude volar por el simple hecho de equivocarme al poner los apellidos del 2º pasajero. No se dignaron a editar los apellidos, aunque tenían documentos delante. Nada de tacto para alguién de avanzada edad."
IBS_0017,Iberia Express,Desconocido,Madrid,Marrakech,International,diciembre de 2025,1,"Pagué 18€ extras para flexibilizarlo y que se pudiera reembolsar o cambiar y ahora resulta que nada de nada, que pierdo los 141€ porque según ellos debe de hacerse 15 días antes de la salida del vuelo. 1°- Me parece increíble, dado que en compañías de vuelos baratos como Volotea te permiten el cambio y reembolso hasta 4 horas antes de la salida. 2°- Sí esa es la política deben informar de ello en el momento de la compra / de la reserva. Deben informar de las condiciones porque si no no es legal. Sólamente tienes una casilla para marcar en la que pone que así te reembolsan el 100% o lo cambias. Sin ninguna otra información ni letra pequeña ni nada. Además cuando llamas cada operador te dice una cosa: Me han dicho hasta 4 versiones distintas de lo q me podrían reembolsar si se hubiera hecho a tiempo y si como han elevado el caso finalmente decidieran abonarlo: -Una me dijo que me devolverían 40€. -Otra que restarían 30€, devolviéndome así 111€, dando por seguro el abono. -Otro que me quitan 35€ de gastos de gestión? y además de lo q queda me reembolsan sólo el 80%? vamos q me devolverían unos 77€ y eso sí aceptan mi reclamación. -Otro q no me devuelven nada (que es lo q me dijeron todos en un principio) Vamos, que no sólo te engañan si no que además ni se ponen de acuerdo generando aún más confusión y gestiones. Y todo esto cuando el reembolso es para coger de nuevo billetes con Iberia Express! Que hasta les he dicho q no me importa q me lo den en un bono. Increíble.... (En Iberia con uno con el q no cogí flexibilización me devolvieron por lo menos las tasas)"
IBS_0018,Iberia Express,Desconocido,Madrid,Tenerife,Domestic,diciembre de 2025,3,De que sirve que se presuma de puntualidad si cuando vas a recoger tú equipaje tardan una hora en ponerlo en la cinta habiendo cintas libres . Señores/as de IBERIA hay que preocuparse del cliente hasta su salida del aeropuerto
IBS_0019,Iberia Express,Desconocido,Madrid,Edinburgh,Europe,diciembre de 2025,1,Estafadores a más no poder. Llevo desde junio reclamando unos billetes de un vuelo que ellos mismos me cancelaron. Su única solución decirme que ya me han tramitado el dinero y que lo gestione con mi banco cosa que en mi banco jamás ha llegado nada de ese dinero. Se quejan de otras aerolíneas pero sin duda la peor es IBERIA
IBS_0020,Iberia Express,Desconocido,Dublin,Madrid,Europe,noviembre de 2025,2,"Pagas por el vuelo, pagas por el asiento, te quitan la maleta a pesar de ser uno de los primeros en la fila, entras en el avión huecos para maletas libres, pero la tuya en la bodega, llegas a Madrid espera 40 min 1 hora hasta que salga tu equipaje en la cinta."
IBS_0021,Iberia Express,Desconocido,Rome,Madrid,Europe,noviembre de 2025,2,"El vuelo despega 40 minutos tarde y en Barajas estamos ya 30 minutos sin poder bajar aun. Las conexiones bien, envían saludos...nadie garantiza nada. Ahora si, cobran por todo!!!!"
IBS_0022,Iberia Express,Desconocido,Madrid,Fuerteventura,Domestic,noviembre de 2025,1,"Según la página web de Iberia express, al pagar un extra y adquirir un billete “Classic Plus” pues hacer una modificación de tu vuelo sin coste extra. ES MENTIRA! Me ha salido más caro el cambio que comprarme otro billete nuevo. ¿Entonces para que sirve pagar un extra en el billete para cosas como estas si me va a salir más rentable comprarme un billete nuevo? La chica al teléfono me dice que me entiende pero que el sistema no le permite hacer nada. Pero lo que más grave me parece es que en la página web se mienta de esa manera tan descarada al cliente, diciéndote que pagando un extra en tu billete puedes modificarlo sin coste cuando no es así!!! Me siento totalmente estafado!!!"
IBS_0023,Iberia Express,Desconocido,Santa Cruz de la Palma,Madrid,Domestic,noviembre de 2025,1,Nos han tenido 65 minutos esperando el equipaje y de repente empieza a salir el equipaje de un vuelo desde Barcelona. De vergüenza.
IBS_0024,Iberia Express,Desconocido,Tenerife,Madrid,Domestic,octubre de 2025,1,"Compre un billete para una fecha que no era por error, llame al momento para solucionarlo. Me dijeron que al llamar ese mismo dia no tendria penalizacion y solo pagaria la diferencia de billetes, 18€, pero no podia pagar porque tenian problemas con la plataforma de pago. Te dicen que dejan todo anotado, pero la siguiente llamada ya me subieron la diferencia a 24€. Me mantuvieron asi desde el viernes 17 que lo compré hasta miercoles 22. Cuando llamo este dia para ver si ya podia pagar, me dicen lo mismo, ya me pongo serio porque siento que me estan vacilando. Y de repente me dice que tengo que pagar 178€, incluyendo la penalidad. Ya cabreado, les digo la situacion y me preguntan si tengo el expendiente, cosa que ni te dan. Han intentado estafarme en todo momento."
IBS_0025,Iberia Express,Desconocido,Berlin,Madrid,Europe,octubre de 2025,5,"Muy buen servicio y atención de los tripulantes de cabina de pasajeros, teníamos un transbordo de avión en Madrid Barajas con poco tiempo por la demora de nuestro vuelo de origen, afortunadamente y gracias a los tripulantes todo fue bien."
IBS_0026,Iberia Express,Desconocido,Lanzarote,Madrid,Domestic,septiembre de 2025,1,"Compras extra para cambio de vuelo y no se puede hacer el cambio salvo por teléfono y con un agente. Llevo desde julio/2025 queriendo cambiar un vuelo para 2/10/2025 y no pueden nunca ( problemas con pasarela de pagos, me dicen!) 12 llamadas de más de 30 minutos y 6 reclamaciones...ni caso. Vergüenza!! No compro más a Iberia express!!"
IBS_0027,Iberia Express,Desconocido,Munich,Madrid,Europe,agosto de 2025,5,"Solo quiero agradecer el trato exquisito y muy cercano que le dio la tripulación a mis dos hijos pequeños. No me acuerdo del nombre de todos pero sí de algunos, Silvia, Sofía, Jose Manuel, el Comandante. Volábamos de Múnich a Madrid. vuelo de iberia expréss el 29 de agosto a las 12.30. Mil gracias. Mis hijos no paraban de hablar de vosotros. Así da gusto volar."
IBS_0028,Iberia Express,Desconocido,Ibiza,Madrid,Domestic,septiembre de 2025,1,"Jamás pensé que la filial de iberia funcionará de esta manera.... Intentando poner una reclamación desde el 7 de septiembre, realizando más de diez llamadas atención al cliente donde me dicen que efectivamente no funciona la plataforma para poner reclamaciones, y que la única manera es por correo postal, teniéndome más de dos horas en espera para hablar con un supervisor y nunca se puso nadie.... horrible la sensación y la perdida de tiempo. Cuidado con los correos de bonificación de avíos de cambios de vuelo....tengo pruebas de todo lo que expongo."
IBS_0029,Iberia Express,Desconocido,Palma de Mallorca,Madrid,Domestic,septiembre de 2025,1,"Ayer viví con mis hijos una de las experiencias más humillantes y dolorosas de mi vida a manos de @IberiaExpress. Lo comparto aquí para presionar a la compañía a resarcir el daño y para alertar a otros viajeros: que nadie más caiga en lo que considero una verdadera estafa. El 13 de septiembre debía volar con mis dos hijos desde Mallorca a La Habana. Como no existen vuelos directos, compré dos billetes: Mallorca - Madrid con Iberia Express Madrid - La Habana con Air China Todo estaba listo, hasta que en el mostrador de facturación me informaron que ni mi hijo pequeño ni yo podíamos viajar porque Iberia Express había aplicado erróneamente un descuento de residente. La “solución” era llamar por teléfono para que cambiaran la categoría de los billetes. Desde las 4:45 am estuve llamando una y otra vez: Resultado: Más de 10 llamadas realizadas. Información contradictoria entre agentes. Llamadas que se cortaban constantemente. Promesas de soluciones que nunca llegaban. Después de 4 interminables horas al teléfono, Iberia Express fue incapaz de resolver. ✅ Perdí mi vuelo de las 6:25 am. ✅ Me pidieron pagar cerca de 1.300 € adicionales para volar más tarde. ✅ La única opción era un vuelo que ya hacía imposible mi conexión con AirChina. Resultado: tuve que volver a casa con mis hijos entre lágrimas, viendo cómo sus sueños de reencontrarse con sus abuelos en Cuba (a los que no ven desde hace 2 años) se desmoronaban por completo. 💔 Lo que más duele no es solo el dinero perdido, sino el trato deshumanizante e ineficiente de una compañía que se supone de prestigio. 👉 Y aquí viene lo más revelador: al contar mi caso a varias amistades, todos coincidieron en que ya no vuelan con Iberia por las malas experiencias que ellos mismos han sufrido. Es decir, no es un caso aislado, es un patrón de abusos que se repite. Hoy mi familia fue víctima de una estafa y de un atropello, y @IberiaExpress debe responder públicamente. ❌ No podemos normalizar que aerolíneas traten así a sus clientes. Iberia Express asuma su responsabilidad y que ninguna otra familia pase por lo mismo. #IberiaExpress#Estafa#DerechosDelConsumidor#Viajeros#AtencionAlCliente"
IBS_0030,Iberia Express,Desconocido,Madrid,Lanzarote,Domestic,diciembre de 2024,1,Son unos ESTAFADORES. me cambiaron los vuelos de horario y al solicitar el cambio por un bono me devolvieron solo 250 euros de 800 cuando la reserva debía de ser íntegra. Llamas y los agentes solo dicen espera que ya llegarán... 20 días sin mi dinero y sin opción de coger los vuelos que necesito
IBS_0031,Iberia Express,Desconocido,Miami,Madrid,International,septiembre de 2025,1,"Sinceramente estafan al cliente, te hacen pagar asientos y luego con el cuento cambio de vuelo, te dan lo que quieren.nunca te reintegran el dinero.Es la cuarta vez que me pasa. No lo recomiendo, mala atencion de parte de las personas que hacen el check in la verdad No lo recomiendo, tan lindo pais y tan mal servicio de parte de Iberia."
IBS_0032,Iberia Express,Desconocido,Madrid,Santa Cruz de la Palma,Domestic,agosto de 2025,1,"Hice una compra de asientos para mí familia dos meses antes del vuelo. En mi cuenta bancaria se los cobraron, pero no me enviaron justificante de esa compra. Llamé y me dijeron que no tenía los asientos comprados. Desde entonces, estoy reclamandoles esa compra, En atención telefónica, 4 personas diferentes me han pedido los mismos datos, y me dicen que ya han puesto la reclamación y que es esperar! Cómo si no la hubiese puesto ninguna de esas 4 llamadas. Ya el ùltimo me dice que ha puesto reclamación y que me llamarán el lunes ( mentira). Así mismo se los dije y me dijo que no podía hacer nada, que reclamase online, como si no lo hubiese hecho también y del que no he recibido respuesta. Sinceramente, Iberia Express para mí acaba ya . Si quiero ir de viaje, cogeré Binter, que hasta el día de hoy, jamás me ha dado problemas."
IBS_0033,Iberia Express,Desconocido,Madrid,Athens,Europe,agosto de 2025,1,"Separan a las familias con niños únicamente para cobrar más por los billetes. Es una práctica cruel e inaceptable que ninguna compañía seria debería realizar. Será la última vez que vuele con esta compañía. Solemos viajar bastante y nunca me había ocurrido algo así; además, había alternativas en otras aerolíneas y, desde luego, la próxima vez no volveré a volar con Iberia. Hacer negocio hasta con los sentimientos de los niños es algo que jamás pensé que una compañía pudiera llegar a hacer."
IBS_0034,Iberia Express,Desconocido,Athens,Madrid,Europe,agosto de 2025,1,"Compré un billete que incluía maleta de mano en cabina. No permitían realizar check in online y tuvimos que ir al mostrador donde nos facturaron la maleta sin ningún motivo. Al llegar a Madrid la maleta llegó rota. Es la primera vez que me ocurre y desconocía como proceder. Estoy intentando llamar a todos los teléfonos disponibles y en ninguno me atienden, tampoco me permite rellenar el formulario de su página web. Entiendo que pueda suceder pero no me dan ninguna solución. ¿Tengo que presentarme en el aeropuerto?"
IBS_0035,Iberia Express,Desconocido,Madrid,Fuerteventura,Domestic,agosto de 2025,1,"Iberia siempre ha sido una de mis primeras opciones a la hora de comprar vuelos. Creo que va a dejar de serlo. En primer lugar, adquirí vuelos con seguro de cancelación, QUE NUNCA ME LLEGÓ. En la factura el precio del seguro aparece como ""tasas"". Al reclamar a Allianz seguros, estos me dijeron que me pusiera en contacto con Iberia, que no contestó. Además, la adjudicación de asientos aleatoria es un desastre. Nos pusieron separados A PESAR DE HACER EL CHECK-IN CON MUCHA ANTELACIÓN He observado que es una práctica frecuente de esta compañía, a pesar de que viajamos con nuestros hijos adolescentes. Mi hijo pequeño tuvo que cambiar su asiento a una madre para que pudiera estar sentada con sus hijos de 5 y 7 años. Si ocurre algo imagino que tendrán responsabilidades por hacer algo así. Cobran por todo y además no siempre es el mismo precio (asientos, facturación de maletas...). Por último, considero de muy mal gusto que te cobren por una bebida y un snack. Si el billete lo cobrarán 3 euros más caro e incluyeran un refresco o café quedarían mucho mejor y no tan cutres."
IBS_0036,Iberia Express,Desconocido,Madrid,Las Palmas de Gran Canaria,Domestic,agosto de 2025,5,"Suelo coger vuelos de Iberia Express y la verdad es que casi siempre las experiencias son buenas, quitando alguna cosa menor pero a veces es inevitable. Esta opinión la pongo por la excelente atención que recibí por parte del personal de facturación. En la Terminal 4 de Madrid, nos atendió Nelly. Una persona increíble, con una gran sonrisa a pesar de la cola de viajeros y gente con prisas y quejándose por todo. Ella muy tranquila daba solución a todo y con una amabilidad increíble. La verdad es que empezar un viaje asi es increíble, tuvimos mucha suerte la verdad. Sin duda personas personas así hacen que la empresa tenga un valor incalculable. Muchas gracias por todo!"
IBS_0037,Iberia Express,Desconocido,Lanzarote,Madrid,Domestic,agosto de 2025,2,Aterrizamos y la primer maleta sala a las 10:40. Son las 12 de la mañana y aún estamos esperando. A las 12:30 cogemos el autobús. Es increíble que digan que son la compañía que más rápido llegan cuando son también los que más tardan en sacar las maletas. Espero no perder el bus porque si no pondré reclamación y otra reseña negativa. No hay derecho que nos hagan esperar ( posiblemente) casi dos horas para cogerlas. Espero que mejoren esta velocidad en sacar las maletas
IBS_0038,Iberia Express,Desconocido,Menorca,Madrid,Domestic,agosto de 2025,1,"NO PERMITAN QUE IBERIA EXPRESS BAJE SU MALETA A BODEGA Buenas tardes, no dejen que IBERIA EXPRESS baje sus maletas a bodega cuando estén en las puertas de embarque y si les obligan que le pongan sus maletas nombre y vuelo en el resguardo que les dan. A mí me obligaron a que se bajara mi maleta a bodega me la han destrozado y ahora no les vale mi reclamación porque dicen que el resguardo de equipaje que me dieron no es válido. Ya no es que no me indemnicen por la maleta es que según ellos esa maleta no iba conmigo en el vuelo. INCREIBLE"
IBS_0039,Iberia Express,Desconocido,Madrid,Seville,Domestic,julio de 2025,5,"Una tripulación fantástica , alegre, simpática y servicial, ayudando en todo momento con una sonrisa, el piloto con un humor sobre la temperatura de sevilla que nos hizo reír a todos y la verdad fue un vuelo muy agradable. Quizás @iberiaespress le podría premiar con una botellita de vega sicilia jajaja yo desde @enjoyvanlife.es le regalo si se pone en contacto el piloto un fin de semana de alquiler de una de nuestras autocaravanas o camper. Hay que premiar a la gente excepcional. Gracias."
IBS_0040,Iberia Express,Desconocido,Berlin,Madrid,Europe,julio de 2025,1,"En el check in nos obligan a facturar un equipaje de mano que, según nuestro billete, podemos llevar en cabina porque el avión está sobrecargado (para algunos porque otros meten tres maletas enormes), en el avión hace un calor tropical, aunque el chorrito de aire que sale del aire acondicionado se transforma en un huracán al aterrizar, finalmente el comandante presume de pronta llegada, aunque el retraso por el desembarco del avión y recoger la maleta hace que del aeropuerto una hora después de aterrizar Cuándo contrate el paquete vacacional y vi que era un vuelo de iberia me infundir confianza, pero no sabía que era el primo pobre de Ryanair"
IBS_0041,Iberia Express,Desconocido,Madrid,Las Palmas de Gran Canaria,Domestic,julio de 2025,1,"Maltrato total para cambio de boleto por cita médica de 30/7 a 29/7,en asistencia por teléf. REALICE 4 llamadas el 22/7, c/u + 10min en atención,calcularon valor de 75,75€(con equipaje y asientos comprados)no se pudo efectuar por problemas de sistema.Cada vez llamaba y decían llamara en 1-2h y sin solución. REPETI 5ta llamada 23/7 el chico q me atendió + 30min al teléfono y en menos de 15 min dio 4 precios distintos por el cambio,ante mi indignación me dejó al teléfono sin respuesta,6ta llamada hoy, para cancelar vuelo(compre nuevos boletos para 29/7,y la chica que atendió dijo que no aparecía el localizador en sistema, asi +15min otra vez!.. me moleste,y apareció,pude cancelar vuelo del 30/7..entonces?.. 6 llamadas, minutos de espera,sin solución,pago por cambio q fluctúa,personal que no da soluciones y el cliente donde queda?.creo q deben verificar eficiencia y capacidad de resolución del personal,he gastado 3 veces el precio del pasaje, por concepto solo de llamadas infructiferas,superdemoradas y sin soluciones!!. mal rato ante incapacidad de resolución y diligencia,.el tiempo de las personas se respeta!. por supuesto al cancelar (ya que no lo pude cambiar) pierdo todo el dinero del 1er pasaje (+equipaje y asientos) + 2do pasaje que tuve que comprar + 6 llamadas !!.. donde queda mi satisfacción como cliente?. les digo: CERO!!..no quiero disculpa. necesito respuestas!..saludos"
IBS_0042,Iberia Express,Desconocido,Madrid,Palma de Mallorca,Domestic,julio de 2025,1,Nefasta atención. Nos cambian tres veces de ventanilla haciéndonos llegar al avión Justo antes de cerrar puertas y encima nos pierden el equipaje. Nuestras vacaciones de una semana empiezan así gracias a Iberia. No elegimos Raynair por evitar estas cosas y nos atienden peor.
IBS_0043,Iberia Express,Desconocido,Tenerife,Madrid,Domestic,julio de 2025,1,"No sólo no acudieron a darnos información sobre lo que pasaba en el vuelo, dejaron sin ubicarnos en un hotel tras la cancelación con 2 niños, y ahora indican que no se hacen cargo de los gastos ocasionados"
IBS_0044,Iberia Express,Desconocido,Ibiza,Madrid,Domestic,junio de 2025,1,"Es la primera vez en mi vida en que llevo esperando MÁS DE UN MES para que me envíen una factura de empresa. Ya he perdido la cuenta de todas las veces que he llamado y todas las personas con las que he contactado, lo cual NO HA SERVIDO DE NADA. Como clienta de Iberia Plus, JAMÁS HE TENIDO UNA EXPERIENCIA TAN PÉSIMA, en la que tengo que estar persiguiendo a los responsables de gestión de facturas para que me envíen la misma. Desde el mismo día en que volé, hace justo UN MES, me personé en el mostrador del aeropuerto para poder tramitar mi petición de factura a nombre de empresa, y ya se desentendieron diciendo que todo iba por internet. Desde entonces, llevo llamando cada día para poder obtener la factura, la cual mi empresa me reclama para poder justificar el pago de mi vuelo por motivos laborales. A día de hoy, 04/07/25, y a falta en pleno siglo XXI, de un sistema que le permita al cliente obtener su factura de empresa al instante, tal y como ocurre con otras compañías, sigo esperando a que me envíen la susodicha factura. ES UNA VERGÜENZA QUE UNA COMPAÑÍA DE RENOMBRE COMO LA SUYA, NO HAGA NADA POR AYUDAR AL CLIENTE NI PONGA LOS MEDIOS NECESARIOS O DÉ OTRAS SOLUCIONES PARA HACERLE LLEGAR LO QUE SE LES SOLICITA. Me gustaría ver si de esta manera, ya que parece que lo único que importa hoy en día son las reseñas, pueden de una vez facilitarme lo que les he solicitado por activa y por pasiva."
IBS_0045,Iberia Express,Desconocido,Madrid,Miami,International,junio de 2025,1,"Estabamos sentados en el avion y no nos informaban por que el vuelo tiene el retraso mas de una hora. No nos ofrecian ni bebida, ni explicaciones. En el ciglo 21 las companias aerias siguen tratando a los pasajeros como si hubieran sido un rebaño. Obligatoriamente voy a poner la reseña a todas las redes para que los clientes futuros puedan saber sobre la calidad de Iberia. Fatal!"
IBS_0046,Iberia Express,Desconocido,Madrid,Tenerife,Domestic,junio de 2025,1,"No se respetan la ubicación no es nada bueno, esperar y respetar la ubicacion para que unos no lo hagan, debería ser obligado."
IBS_0047,Iberia Express,Desconocido,Las Palmas de Gran Canaria,Madrid,Domestic,mayo de 2025,1,"aqui dejo mi opinion! viajaba en el vuelo de las palmas a madrid vuelo IB1610 31.05.2025 me han robado pertenencias y no se quieren hacer cargo me quieren hacer volver a comprar las pertenencias DE MENORES DE EDAD BEBE DE 1 año y niño de 4 años, quieren que vuelva a comprar todo nuevo (no les vale ticket de la compra antes de viaje ) y comprar todo desde cero para ellos pagarte solo el nuevo que acabas de pagar pero el que robaron limpiarse las manos, hay una denuncia puesta, ahora se hara una denuncia mas hacia la arolinea NO LO RECOMIENDO OS LO JURO"
IBS_0048,Iberia Express,Desconocido,Cairo,Madrid,International,abril de 2025,1,"No elijan esta aerolínea ya que tienen cero voluntad de atención al cliente. Llegamos al aeropuerto con check in hecho y 50 minutos previos al cierre de embarque y no nos quisieron imprimir el ticket para volar , sabiendo que nuestro vuelo anterior había sufrido 2,30 hs de atraso . En nuestra cara cerraron las ventanillas sin ninguna voluntad de ayudar a 12 personas afectadas. Siendo ya la madrugada y explicando que teníamos más vuelos de conexión. Muy mal y nadie te atiende ningún reclamo"
IBS_0049,Iberia Express,Desconocido,Madrid,Tenerife,Domestic,mayo de 2025,1,Para poder recuperar mi DN junto a otra documentación personal que se me quedó en el avión Iberia Express me pide que le abone 75€ sin opción a recogerlo en persona sino mediante envío por paquetería. Encima me envían un correo diciéndome que si no los abonó mi documentación será donada a una ONG. Surrealista
IBS_0050,Iberia Express,Desconocido,Madrid,Lanzarote,Domestic,octubre de 2024,1,"Buenos días, estos hacen buenos a cualquier otra compañía de bajo coste, he llamado esta mañana para solventar un problema con una reserva que había hecho y que quería cambiar por un día anterior al cual tenía derecho por haber pagado la opción más cara, pues bien me atendieron dos teleoperadores el primero y el segundo todos parecían que se habían comido el micrófono y hablaban de con el micrófono en la garganta era complicadísimo entenderlos se lo repetí varias veces y ni caso, su actitud fue en todo momento un tanto extraña yo diría que hasta chulesca sobrada, en un momento determinado le pregunto cuánto costaría el sobrecoste de la tarifa por el cambio y me dicen que también tengo que pagar una comisión de gestión de 35 euros por pasajero cuando yo ya había pagado una tarifa especial para poder hacer el primer cambio sin coste ni penalización, al intentar decírselo o hacérselo saber a la señorita torre esta me interrumpió diciendo que por favor le dejara hablar que ella me había dejado de hablar a mí cuando efectivamente no me había dejado hablar porque no le había contado,le pregunté su nombre e identificación y solo me dijo su nombre ya que su identificación no me la podía dar al final le colgué el teléfono porque me parecía una falta de profesionalidad como la copa de un pino si puedo no volveré a volar más con esta gente aunque ya tenga reservados los billetes ahora mismo. Por cierto la solución que me daba me costaba más barato comprar los billetes de nuevo y eso que tenía la opción de cambiarlo gratuitamente no entiendo cómo puede ser eso. En fin que me tomaron el pelo en la compra del billete y haciéndome pagar más por un servicio que en realidad no están dando."
IBS_0051,Iberia Express,Desconocido,Madrid,Amsterdam,Europe,mayo de 2025,2,"Acabo de ir y volver a Amsterdam y Iberia Express te hace sentir como una auténtica low cost, aunque el precio no fue barato, pero el servicio si lo es. Cuando llegas a Amsterdam, te dejan en la puerta mas lejana posible, y cuando te vas, el checkin lo tienen en la terminal 1A, que está bastante retirada de la terminal 1, a la que tienes que ir con todos los bultos encima, para luego volver hacia el control de seguridad. Viajamos con una mascota pequeña, en cabina, y por lo que pagas, 60€ por trayecto, en lugar de facilitarte alguna comodidad, te obligan a llevarlo dentro del transportín, en tus pies, todo el viaje. Es super incomodo. Sin contar que tienes que reservar por teléfono, con los billetes ya comprados, y que tengas suerte, porque hay un cupo máximo de mascotas por vuelo (parece que tienen que estar a 10 filas unas de otras) y NO puedes hacer checkin por internet, tienes que hacerlo manual en el aeropuerto para pagar por la mascota. En fin, una chapuza."
IBS_0052,Iberia Express,Desconocido,London,Madrid,Europe,marzo de 2025,1,2 horas de espera en Barajas para el equipaje. Dos horas de vuelo. 4 horas en total. Ni explicación ni escusa. Pasan ampliamente de sus clientes.
IBS_0053,Iberia Express,Desconocido,Cairo,Madrid,International,marzo de 2025,1,Vuelo de 5 horas casi y ni un vaso de agua te dan. Asientos que no se reclinan. Nos colocaron en la última fila que no tenía mi ventana. Los asientos con muy poco espacio para las piernas. UNA VERGÜENZA. Todo no vale !
IBS_0054,Iberia Express,Desconocido,Madrid,London,Europe,abril de 2025,1,"No puedo decir cuando viaje porque no llegué a viajar. Iberia Express anuló mi reserva, vendió mi vuelo y ni me devuelve el dinero ni me ofrece un bono de canje. He llamado en los últimos meses más de 10 veces, me dicen que lo están estudiando que entienden que ha sido un error y que me devolverán el dinero. Pero no lo hacen, simplemente me dan largas. Pésimo servicio de atención al cliente y apropiación indevida de 160€. Vergonzoso que esto ocurra en un país como España en el que se suponen los derechos de los consumidores están garantizados, más si cabe en una empresa con el nombre de Iberia. LADRONES"
IBS_0055,Iberia Express,Desconocido,Madrid,Palma de Mallorca,Domestic,abril de 2025,1,"Retraso de 1,30 horas sin ninguna información. Cambio de asiento cuando había pagado para tenerlo reservado y con la tarjeta de embarque desde hacía más de un mes. Personal que hizo el cheking del embarque súper antipáticos."
IBS_0056,Iberia Express,Desconocido,Palma de Mallorca,Madrid,Domestic,abril de 2025,1,Pague para reservar el asiento 10D y tenia la tarjeta de embarque on ese número en mi móvil cuando llegue a la puerta de embarque me lo cambiaron por el 40D sin ninguna explicación y mi asiento se lo dieron a otra persona [UNA GRAN VERGUENZA] primera vez que me sucede esto en los 40 años que llevo viajando por el mundo.
IBS_0057,Iberia Express,Desconocido,Madrid,Lima,International,marzo de 2025,1,El día 8 de marzo tenia un vuelo de Madrid - lima con salida 00:10am y tuvo un retraso de mas de 15H porque el vuelos salió sobre las 15:00pm estoy reclamando la indemnización de los 2 billetes que compre y me responden con un mensaje que dice que no tengo derecho a dicha indemnización. Quería saber si hay mas personas con este tipo de reclamación.
IBS_0058,Iberia Express,Desconocido,Madrid,Ibiza,Domestic,marzo de 2025,2,Horrible atención telefónica. Contrate y pague un seguro para cambio de fecha y además de que tengo que pagar llevo tres días y no hay manera de solucionarlo. Me dicen llama en una hora… otro llama en media hora… además de que sale más barato el segundo vuelo tengo que pagar y a los que te atienden no se les entiende al hablar nada . Una pena de servicio para esta compañía .
IBS_0059,Iberia Express,Desconocido,Madrid,Palma de Mallorca,Domestic,marzo de 2025,1,"Una auténtica pesadilla!!!! Iberia Express me cobró dos veces los billetes de avión. (4 billetes). En el proceso de compra me los cargaron dos veces. La compra la realicé el 19 de diciembre y tras más de 50 llamadas, 20 emails, más de 10 reclamaciones en su sistema de Atención al cliente aún no he recibido ninguna respuesta. Han pasado más de 3 meses, les he mandado los cargos del banco, los números de vuelo, etc y siguen sin darme respuesta. Jamás volveré a comprar con Iberia Express. Venden calidad y son unos mediocres. Su personal de atención telefónica te cuelga el teléfono porque no sabe resolver el caso. Nefasto!!!"
IBS_0060,Iberia Express,Desconocido,Berlin,Madrid,Europe,marzo de 2025,1,Una empresa mala no lo siguiente y atención pésima. Me dejaron comprar vuelo sabiendo que había una huelga día 10 de marzo 2025 en Berlín. Lo compré y llamé porque me enteré al momento y me dijeron que aún no se a cancelado!!! En dos días había una huelga en 11 aeropuertos de Alemania 0 vuelos. Me lo cancelan 12h antes y sin avisar porque no recibo ni mensaje ni email y me metí en la app y lo e visto si no ni me entero. Día 10 solicité mi reembolso. Llamé me dijeron que son de 7 a 15 días. Han pasado 9 y nada volví a llamar y ahora resulta que son de 7 a 28 laborables. IBERIA EXPRESS lo peor no volveré a compar por simple hecho de no ser profesionales y encima tengo que esperar un mes para que me devuelven mi dinero!!!!!
IBS_0061,Iberia Express,Desconocido,Lanzarote,Madrid,Domestic,marzo de 2025,1,"El jueves 6 de Marzo debía volar a las 11:15 a Madrid, embarcamos en el avión y después de una hora nos desembarcan por supuestos motivos técnicos y nos tienen en el aeropuerto hasta las 17h y cancelan el vuelo y nos dejan allí tirados en una isla sin stand de iberia para atendernos y nos teníamos que buscar la vida para conseguir hotel que había muy pocos, pagarlo nosotros todo, hotel, taxi y manutención, llamamos por teléfono y nos dicen que tienen el sistema caído que llamemos dentro de 3 horas y nos reubican en vuelos para dentro de 2 días, Sábado 8 de Marzo porque al día siguiente no había. A los dos días después de pagarme yo todo, el nuevo vuelo de Lanzarote Madrid que debía salir a las 7 de la mañana sale una hora tarde sin ningún motivo y pierdo la conexión Madrid Ibiza de las 11:35 y tengo que esperar hasta las 17:30h que hay otro vuelo y único a Ibiza llegando a las 18:40 a Ibiza a mí casa dos días y 7 horas después, una auténtica vergüenza esta empresa dejándome tirado 2 veces en el mismo viaje,hacen lo que les da la gana con nosotros, NUNCA MÁS IBERIA EXPRESS"
IBS_0062,Iberia Express,Desconocido,Amsterdam,Madrid,Europe,febrero de 2025,1,"Tres días intentando cambiar mi vuelo y horas perdidas al teléfono con el servicio de atención al cliente, que ni siquiera conoce la política de la empresa. Después de casi 10 llamadas en tres días, he hablado con distintos operadores, cada uno dándome una información diferente. La primera me dijo que no podía cambiar mi vuelo (cuando sí es posible dentro de las primeras 24 horas), otro me indicó que solo podía modificar uno de los vuelos y no ambos, otro me aseguró que debía cambiar los dos obligatoriamente. Una operadora incluso intentó cobrarme 300 € más de lo que indicaba la web, alegando que esos eran ""sus precios"" sin darme ninguna explicación. En dos ocasiones, el sistema se cayó y, en la última, la web dejó de funcionar. Conclusión: tras tres días y múltiples llamadas, sigo en el mismo punto, recibiendo respuestas contradictorias de diferentes agentes, pero sin haber podido cambiar mis vuelos. Un desastre absoluto."
IBS_0063,Iberia Express,Desconocido,Paris,Madrid,Europe,febrero de 2025,2,Una vergüenza que el avión llega antes de hora al aeropuerto y las maletas facturadas tardan más de media hora en salir a las cintas…
IBS_0064,Iberia Express,Desconocido,Madrid,Tenerife,Domestic,febrero de 2025,1,"Me dejaron en tierra cuando aún no habían entrado al avión 15 o 20 pasajeros. Las que estaban haciendo el checkin se negaron, cuando en la pantalla informativa ponía última llamada. Y no fuimos antes porque no estaba la pantalla bien y no salía nuestra puerta de embarque. No les costaba nada dejarnos pasar.Seguramente pasaron a otro@s pilotos o azafat@s y ya habrían ocupado nuestros asientos. Una vergüenza. Tuvimos que pagar 100 euros cada uno e ir en el último vuelo."
IBS_0065,Iberia Express,Desconocido,Madrid,Tenerife,Domestic,enero de 2025,1,La peor experiencia de mi vida. Salimos con 2 h. 45' de retraso y no dieron la más mínima información o compensación. Jamás volveré a elegir Iberia Express. Una vergüenza.
IBS_0066,Iberia Express,Desconocido,Bilbao,Lanzarote,Domestic,febrero de 2025,1,"Muy mala atención y mala organización chaquetas y mochilas donde van las maletas de mano y claro las de mano a la bodega y es la segunda maleta de mano que me pierden , y siguen sin espacio arriba por mala organización y me ponen la 3 maleta en la bodega a ver si la tercera no la pierden"
IBS_0067,Iberia Express,Desconocido,Madrid,Buenos Aires,International,febrero de 2025,1,"Absoluta vergüenza. El espacio en cabina para un vuelo de 13 horas es inferior al de la mayoría de vuelos domésticos en Europa para trayectos de 2 horas, incluyendo aerolineas cómo Ryan o Easy jet. No se puede pagar ese dinero por volar 13 horas con el mismo comfort de un autobús urbano. Intentaré evitar volar con Iberia siempre qué me sea posible, ofrecen un servicio inferior a cualquier aerolinea budget."
IBS_0068,Iberia Express,Desconocido,Madrid,Tenerife,Domestic,febrero de 2025,1,"ESTAFA!Mucho cuidado!!!.Te venden tarifas con cambios gratuitos y es un engaño.Te cobran 35 euros por persona de gestión y aunque en la página tu veas que hay plazas para el cambio,ellos siempre te dicen que no hay plazas en tu tarifa para cobrarte más dinero,que incluso puede superar el valor del primer pasaje. Además te tienen 40 minutos al teléfono para hacer la gestión ,para desesperarte y que desistas del cambio. Es curioso que todo el proceso de reserva sea ONLINE y los cambios o resolución de problemas SÓLO TELEFÓNICAMENTE. En ningún momento en el proceso de compra te advierten de los gastos que te van a cobrar por cambiar un vuelo por el que has pagado tarifa GRATUITA y NO tienen oficina en ningún lugar ni en el aeropuerto.Si quieres reclamar SÓLO por teléfono y te toman el pelo ,cuándo no quieren seguir con el tema te dicen que el sistema está caído y que llames en 40 min!!!!!!.Resumen:No pude hacer el cambio y tuve que comprar un billete con otra compañía para poder volar el día que necesitaba de manera urgente.Otra cosa,IBERIA no tiene nada que ver con ellos y no te resuelven ninguna incidencia.Son empresas diferentes según me informaron pero mantienen el mismo nombre para engañar. Tarifa business Canary flex"
IBS_0069,Iberia Express,Desconocido,Lanzarote,Madrid,Domestic,enero de 2025,5,"Ayer volamos con Iberia express ,desde Lanzarote a Madrid en el vuelo de las 19.30,aparte de la puntualidad que siempre ha tenido la compañía, me gustaría destacar la simpatía,y profesionalidad de la tripulación: Jacobo ,Alfonso y por supuesto Virginia,Bubu,Yoana,Daniela y Laura. Muchas gracias por ser como sois,no cambiéis esas ganas de trabajar. Así da gusto volar."
IBS_0070,Iberia Express,Desconocido,Las Palmas de Gran Canaria,Madrid,Domestic,enero de 2025,1,"Viviendo en Canarias,cojo vuelos bastante amenudo y sin duda evitaré volver a viajar con Iberia Exprés. Cuando no es una cosa, es otra. O te escriben para ofrecerte cambiarte la hora de tu vuelo por overbooking o sí o sí te facturan el equipaje por alta ocupación ( Llevo dos horas esperando el equipaje que no quería facturar y rezando porque llegue ) Aparte el avión es incomodísimo, los asientos minúsculos. En fin, volaré con Aireuropa que su servicio me gusta mucho más."
IBS_0071,Iberia Express,Desconocido,Las Palmas de Gran Canaria,Madrid,Domestic,enero de 2025,1,"Cómpro dos billetes para viajar con derecho a cambio y a los pocos minutos me doy cuenta que me he equivocado de día.les llamo y me dicen que no tengo penalización y me ofrecen otro pero a más del doble del precio original y de menos categoría por qué del que yo compré ya no quedan y yo he visto en la página que si hay y muchos pues viajo en más de 3 meses. Llamo a otro tf, atención al cliente y lo mismo. DERECHO A CAMBIO NO ES VERDAD. CUALQUIER ERROR Y PIERDES EL DINERO."
IBS_0072,Iberia Express,Desconocido,Madrid,Palma de Mallorca,Domestic,enero de 2025,1,"Llegue un minuto antes de que cierren las puertas de embarque y no me dejaron pasar, porque dice que tenia que haber llegado 5 minutos antes cuando yo llegue 6 minutos antes y aún así no me dejaron pasar, la verdad que nunca más cogeré un vuelo en esta compañía y tampoco le recomendaré a nadie, salvo que quiera que le roben su dinero y su tiempo"
IBS_0073,Iberia Express,Desconocido,Lanzarote,Madrid,Domestic,enero de 2025,3,"Fue una experiencia normal. Lo que me gusto mucho es el estado de avión y la puntualidad. Los asientos eran bastantes cómodos y parecían nuevos. Tambien había suficiente espacio entre los asientos para las piernas. Lo que me molesto es el comportamiento de las azafatas. La que estaba en la entrada del avión, no saludaba a todos los pasajeros. La salude y no me respondió. La otra con pelo rizado que estaba dentro era peor. Ella abrió un compartimento y me dijo que pusiera mi mochila, pero el compartimento ya estaba lleno. Ella solo se quedo mirándome y no quiso abrir otro compartimento que tenga espacio. Tuve que meter mi mochila de alguna manera. Ella no quiso ayudarme y solo se quedo mirándome. Yo estaba preocupado porque en la mochila tenia mi portátil. Cuando aterrizo el avión, un pasajero estaba sacando su maleta que estaba en el mismo compartimento y casi se cayo mi mochila, pero la agarre. Cuando estaba sentado, esta mista azafata vino a explicarnos que tenemos que hacer en caso de que haya alguna emergencia porque mi asiento estaba cerca de la salida de emergencia. Nos estaba explicando a la misma vez cuando la otra estaba haciendo un anuncio sobre otra cosa y no la entendimos nada. A ella también le daba igual. He volado con vueling, binter y ryanair, pero nunca he visto una azafata así. No se como Iberia Express que es una compañía de renombre puede tener azafatas asi."
IBS_0074,Iberia Express,Desconocido,Madrid,Cairo,International,diciembre de 2024,1,"Un vuelo de casi 6 horas, con horario nocturno y sin asientos reclinables es una vergüenza. El espacio exiguo. No repartieron ni agua. Como Ryanair pero media distancia. Avión sucio. Para este trayecto recomiendo EgyptAir."
IBS_0075,Iberia Express,Desconocido,Madrid,Buenos Aires,International,diciembre de 2024,1,"Viajamos por IBERIA el 28/12/24 de Madrid a Ezeiza y nos perdieron 6 maletas, a día de hoy llevamos 8 días esperando que nos den alguna explicación, tenemos todos los expedientes abiertos que se pueden tener y ninguno sirve para nada. Sabemos que nuestras maletas están retenidas en Ezeiza y no permiten que las recojamos nosotros mismos."
IBS_0076,Iberia Express,Desconocido,Dallas,Madrid,International,diciembre de 2024,1,Maletas perdidas en el vuelo y una semana después nadie puede proporcionar información. Viajé día 22 de diciembre con todos los regalos y nadie hoy día 30 puede decirme dónde está mi maleta.
IBS_0077,Iberia Express,Desconocido,Madrid,Santa Cruz de la Palma,Domestic,noviembre de 2024,1,"Se llama latrocinio directamente y sin anestesia,no contraten tarifa Classic Plus pues ofertan un cambio de fechas sin penalización pero no publicitan que te quieren robar 30 euros directamente por gestión y te aplican unas tarifas desorbitadas excusándose en que el billete se compró con tarifas promocionales y ahora te quieren cascar unas tarifas desorbitadas, total que te sale mucho más barato comprar un nuevo billete, por la mitad..."
IBS_0078,Iberia Express,Desconocido,Madrid,Tenerife,Domestic,diciembre de 2024,2,"Asientos muy estrechos, mucho retraso en el vuelo de ida y en el de vuelta, dos horas y media en la vuelta, y tan solo una pequeña disculpa"
IBS_0079,Iberia Express,Desconocido,Las Palmas de Gran Canaria,Madrid,Domestic,diciembre de 2024,1,"Reservé 1 vuelo con Iberia Express LPA-MAD para diciembre y pagué suplemento para cambio de hora/fecha. Quiero cambiar la hora/fecha del vuelo y no pago penalización por haber pagado el suplemento, pero insisten en que tengo que pagar gasto de gestión de 30€ + diferencia de tarifa. ¿Para qué pago el suplemento de cambio entonces? ¿Por qué no incluyen el gasto de gestión de 30€ ya en el suplemento de cambio cuando se compra el vuelo?... (Porque la única opción para hacer esa gestión es con 1 operador al teléfono) El gasto de gestión solo sin la diferencia de tarifa es más caro que comprarme 1 vuelo completamente nuevo. Y en ningún lugar de la web de la aerolínea aparecen las condiciones de cambio de fecha/hora, por lo tanto entiendo que es recaudatorio. En fin, no es oro todo lo que reluce... aerolínea a la lista con las que no volar."
IBS_0080,Iberia Express,Desconocido,London,Madrid,Europe,noviembre de 2024,1,"Era la segunda vez que Iberia Express guardaba nuestros apellidos en un formato equivocado. No comprenden que otras naciones no tienen doble apellido. Reservamos un vuelo para dos personas separadas, emitieron una tarjeta de embarque para una persona con ambos apellidos. Su representante del centro de llamadas nos dio un número de referencia diferente, pero nunca funcionó en línea. Nos decían que esperáramos pero en vano. Llegamos al aeropuerto sin saber si volaríamos y hasta el último momento seguimos buscando servicios de vuelo alternativos. Por suerte finalmente lograron proporcionarnos tarjetas de embarque en el aeropuerto pero todo el estrés, innumerables llamadas y falsas promesas no valen la pena."
IBS_0081,Iberia Express,Desconocido,London,Madrid,Europe,noviembre de 2024,1,"Recibo cancelación de vuelo camino del aeropuerto, motivos climatológicos dicen. Los vuelos posteriores al mío salen puntuales y la solución que recibo es reubicación en un vuelo DOS días más tarde. En serio? No vuelvo a volar con ellos ni que me regalen el pasaje. Te dejan tirado dos días y buscate la vida. Seriedad nula."
IBS_0082,Iberia Express,Desconocido,Madrid,Las Palmas de Gran Canaria,Domestic,noviembre de 2024,2,"Vuelo con dos horas de retraso. Cuando llegue a las palmas, ya no tenía bus directo y acabe llegando a las mil a mi alojamiento. Como punto positivo, los auxiliares de vuelo fueron encantadores, en especial Laia que realiza su trabajo de 10."
IBS_0083,Iberia Express,Desconocido,Madrid,Marrakech,International,noviembre de 2024,1,"En realidad era clase Business. Que como podéis ver en las fotos, no lo es. El servicio es menos que justo, el personal parece agotado. El avión es viejo y en forma áspera. Los asientos en los negocios son económicos. La economía tiene asientos aún más pequeños. Peor aerolínea por todas partes. Tardía o cancelación y atención al cliente para ser contactado por Internet. Primera y última vez que los usamos. Ayer nos arruinaron las vacaciones y hoy me cobraron por hacer de los cambios una penalización. Básicamente duplicando el costo de la tarifa."
IBS_0084,Iberia Express,Desconocido,Dallas,Madrid,International,noviembre de 2024,1,"¡Consigues lo que pagas! Horrible servicio - de principio a fin. Cancelaron mi vuelo sin avisarme debido a problemas con las tarjetas en su sistema, luego me cobraron $ 2200 más que el vuelo original. No recibes notificaciones sobre el vuelo. Mi puerta cambió 3 veces mientras esperaba y solo lo supe porque la gente cercana me lo dijo. . son una broma. Nunca más volveré a reservar con esta empresa, ¡y tú tampoco!"
IBS_0085,Iberia Express,Desconocido,Madrid,Tenerife,Domestic,noviembre de 2024,3,"La experiencia de ida Tenerife Norte - Madrid, bien, tanto el personal de tierra, cómo en el avión, fuero muy atentos y tuvieron en cuenta el grupo que era. La verdad que me facilitaron mucho las cosas Pero en el viaje de vuelta, una empleada del personal de tierra, la verdad que me amargo lo que había sido unos días maravillosos Viaje con un grupo de 10 personas con discapacidad, al llegar a las máquinas esas que hay para sacar la tarjeta de embarque, la señorita que estaba nos dijo que al ser un grupo, y con esa peculiaridad, nos llamaba a alguien que nos atendiera Llama a una compañera, y nos lleva amablemente hasta un mostrador dónde no había cola, y súper bien Yo estaba en el mostrador, con todos los DNI, y pasaba uno a uno a las personas con las que viajaba, ponían su maleta, y se hacían a un lado. En ese momento llega una señora, del personal de tierra, con muy malos modos a decirme que no podían estar allí, y que teníamos que ir pasando por diferentes mostradores. Yo intentaba explicar con una compañera suya, nos había indicado que fuéramos a ese mostrador, pero no me dejaba hablar, y ya enfadada le dije que eran personas con discapacidad, baje mi tutela, y que de allí no se movían Que triste es encontrar personas con tan poca sensibilidad Personal cómo esa persona, habla muy mal de Iberia Demostró cero empatia, y cero educación"
IBS_0086,Iberia Express,Desconocido,Lanzarote,Madrid,Domestic,noviembre de 2024,1,"Iberia express es un timo, te cobran gastos cuando quieres cambiar vuelo aunque lo venden con cambios sin penalización. LADRONES"
IBS_0087,Iberia Express,Desconocido,Dublin,Madrid,Europe,noviembre de 2024,1,"Cuidado con esta compañia. EL servicio de atencion es pésimo. adquirí un billete con localizador P078C y pague algo más para obtener la tarifa classic en el billete de vuelta que me permitiría un cambio gratuito. Pues he ido a cambiarlo y cobran 35 euros por la gestion, que no se puede hacer en la web y el billete de reemplazo lo ofrecen 3 veces mas caro que el que tienen publicado a la venta en ese momento con la explicación de que claro un billete nuevo siempre es mas barato. Es decir no hay cambio gratis, primero tienes que insistirle en que no te cobre la penalización ya que no te corresponde , pero da igual, al final te piden pagar 260 euros para cambiar el billete que costó 90 por uno que en la web cuesta 90. Si pueden te estafan."
IBS_0088,Iberia Express,Desconocido,Madrid,Tenerife,Domestic,octubre de 2024,1,NO VOLAR - Me estafó fuera de dinero. Nos mintieron varias veces y ahora se niegan a reembolsarnos. Nunca me han tratado tan mal. Mal servicio al cliente.
IBS_0089,Iberia Express,Desconocido,Madrid,Los Angeles,International,octubre de 2024,1,"No vueles Iberia, pagamos espacio extra para las piernas en nuestro vuelo Madrid a LAX y nos cambiaron los asientos, nos separaron asientos aleatorios, y mi queja ha sido totalmente ignorada."
IBS_0090,Iberia Express,Desconocido,Madrid,Santa Cruz de la Palma,Domestic,octubre de 2024,1,"Al comprar los billetes se duplicó un apellido no se si por error de autocompletar con el móvil. Iberia Express no me suprime el apellido extra, Tras 6 llamadas a atención al cliente y dos reclamaciones por escrito tengo que perder los billetes y comprar otros. Esto no ocurre con ninguna compañía. Voy a demandarles por Facua ya que me han dicho que es inconcebible."
IBS_0091,Iberia Express,Desconocido,Madrid,Tenerife,Domestic,julio de 2024,1,"Así que perdimos nuestros vuelos debido a un niño enfermo. Reservamos un nuevo vuelo con Iberia Express, pero lo reservaron para agosto en lugar de julio. Terminamos pagando por un vuelo a TFN y nos sorprendió recibir un cargo mucho mayor de lo previsto. Los recibos que teníamos en el aeropuerto llegaron a 1496 EUROS pero nos cobraron 1658 libras. 72 . Está tomando 4 meses hasta ahora y el departamento de atención al cliente / quejas es posiblemente el peor que he conocido. El personal en el aeropuerto era muy servicial y amable, pero el departamento de quejas / servicio al cliente simplemente siguen cerrando mi queja a pesar de que no se ha resuelto. Todo lo que quiero es una explicación de lo que me han cobrado y explicar la diferencia entre los recibos que tengo y lo que cobraron. Sospecho que nunca tendré esa respuesta."
IBS_0092,Iberia Express,Desconocido,Tel Aviv,Madrid,International,octubre de 2024,1,"Le escribo para expresar mi indignación por el vergonzoso trato que he recibido con respecto a la cancelación de mi vuelo. Desde hace más de un mes, he estado esperando un reembolso de más de 1500 euros, y es absolutamente inaceptable cómo su empresa ha manejado esta situación. Mis mensajes en Facebook han sido completamente ignorados, y cada vez que llamo al servicio al cliente, recibo una respuesta diferente llena de promesas vacías. Ya me han dado la vuelta lo suficiente — ¡esto es robo! Exijo mi dinero de vuelta inmediatamente. Su falta de rendición de cuentas y servicio básico al cliente es exasperante. ¡No descansaré hasta recibir el reembolso que me deben!"
IBS_0093,Iberia Express,Desconocido,Cairo,Madrid,International,octubre de 2024,1,"Es terrible todo El check inm con un empleado solo que no habla español(si...Iberia) malhumorado impresentable La compañera llegó tarde .....lentitud total El avión 4 30 hs en una lata de sardinas asientos pesimos el espacio,no sé reclinan No dan ni agua En fin .....no es recomendable"
IBS_0094,Iberia Express,Desconocido,Cairo,Madrid,International,septiembre de 2024,1,"Horrible horrible horrible No puedo decirlo lo suficiente. Dios no quiera que intentes localizarlos. Los números no funcionan. Atención al Cliente... no hay ninguna... que valga la pena pagar un poco más, que quedarse atrapado con esta aerolínea. Nunca más."
IBS_0095,Iberia Express,Desconocido,Madrid,Manchester,Europe,octubre de 2024,1,Lo mismo que todos los demás Servicio impactante de gente que no quiere hacer este trabajo Sin sonrisas Embarque ignorado y dejar asientos ridículos apretados reservados por lo que ofrece 33 € para cambiar fechas Erm ok Y retrasado 90 minutos dejando Manchester sin tanto como una palabra Actualmente se sentó a bordo en Madrid y retrasado de nuevo Cero información que nunca volvería a usar
IBS_0096,Iberia Express,Desconocido,Madrid,Las Palmas de Gran Canaria,Domestic,septiembre de 2024,1,La atención telefónica está destinada a engañar . En ello son muy buenos . No es un servicio propio de Europa en cuanto a ética.
IBS_0097,Iberia Express,Desconocido,Madrid,Manchester,Europe,agosto de 2024,5,"Pérdida de equipaje En Manchester horrible la atención, no dispone de personal y no habia wifi. Con Iberia, tanto atención al cliente como el departamento de perdida de equipaje FABULOSO. La maleta estuvo varios dias viajando y tardo en llegar pero en todo momento la atención e información por parte de Iberia fue exquisita."
IBS_0098,Iberia Express,Desconocido,Madrid,Naples,Europe,noviembre de 2018,5,"Buen servicio, y extremada puntualidad. Tanto a la ida como a la vuelta llegamos con 15 minutos de adelanto. En ningún trayecto nos llevaron las maletas a bodega, dejaron que las tuviéramos en los compartimentos de la cabina."
IBS_0099,Iberia Express,Desconocido,Madrid,Manchester,Europe,octubre de 2024,1,"¡Qué aerolínea tan horrible... nunca más volveré a volar con Iberia principalmente debido a la terrible tripulación de cabina! Desde que entraron en el avión, la actitud de las tripulaciones de cabina fue totalmente grosera y poco profesional. ¡Honestamente aparecieron como si no quisieran estar allí! La demostración de seguridad fue risible con dos de los tripulantes informando a los pasajeros mientras los otros dos estaban en la cocina, desde donde estábamos sentados, ¡fue casi imposible ver la demostración! Estábamos sentados en la fila 30 a tres filas de la parte trasera del avión, el carro de bebidas estaba montado desde la parte trasera del avión para comenzar el servicio de bebidas desde la parte delantera... . por alguna razón oscura a la fila de delante se le ofrecieron bebidas y luego para nuestro asombro cerraron el servicio de bebidas dejando a los pasajeros restantes sin una bebida... finalmente compramos nuestras bebidas después de preguntar a uno de la tripulación, recibimos nuestra bebida por una azafata muy severa... ¡ella no estaba feliz! Tenemos aerolíneas en el Reino Unido con mala reputación, pero simplemente dejan a Iberia en pie... .. terrible aerolínea horrible!"
IBS_0100,Iberia Express,Desconocido,Madrid,Miami,International,octubre de 2024,1,"LA ATENCIÓN AL CLIENTE DE IBERIA EN MADRID ES LA PEOR QUE HE VISTO EN AÑOS, LA GENTE ES SUPER GROSERA, NO ESTÁ DISPUESTA A AYUDARTE Y CUANDO ES CULPA DE IBERIA POR CUALQUIER RETRASO ENTONCES EL CLIENTE TIENE QUE PAGAR $ PARA QUE TE ATIENDAN COMO PAGAMOS 600. 00 EUROS SOLO PARA PONERNOS EN UNA LISTA DE ESPERA CUANDO SU VUELO DE ALICANTE A MADRID SE RETRASÓ Y NOS HIZO PERDER EL VUELO DE VUELTA A CASA Y POR SUPUESTO ESTO PROVOCÓ GASTOS. SIEMPRE RESERVAN EN EXCESO SUS VUELOS SOLO PARA GANAR DINERO Y LUEGO HACEN QUE EL CLIENTE PAGUE EXTRA SOLO PARA PONERLOS EN UNA LISTA DE ESPERA. SERVICIOS RIDÍCULOS Y UNA AEROLÍNEA TERRIBLE. TODO ELLO SIN DECIR QUE SUS ASIENTOS SON SÚPER INCÓMODOS PARA UN VUELO DE 9 HORAS."
IBS_0101,Iberia Express,Desconocido,Amsterdam,Madrid,Europe,octubre de 2024,1,¡Aléjate de estas aerolíneas! El peor servicio de la historia. Lo personal es antipático y cualquier cosa puede pasar con tu bolso. Muestran que tienen CERO habilidades de organización. ISaty lejos de Iberia Express!
IBS_0102,Iberia Express,Desconocido,Edinburgh,Madrid,Europe,septiembre de 2024,2,"Aeropuerto de Edimburgo nefasto, antiguo, la facturación una vergüenza, de lias 3 personas que atendían, solo una hablaba español, su sistema no admitía poner la numeración de la a tarjeta de Iberia Plus, una vez facturado, tienes que coger la maleta y ponerla en la cinta que está por detrás a unos metros, a Iberia exprés debe de ser la única compañía a la que no le ponen finger, tienes que andar hasta el avión por charcos llluvia y frío, lamentable."
IBS_0103,Iberia Express,Desconocido,Zurich,Madrid,Europe,septiembre de 2024,2,El vuelo debía ser 11. 40 am. Se retrasó una y otra vez y luego se canceló. Que nos digan en español (que no hablamos) que busquemos nuestras maletas en propiedades perdidas (? ) y volvamos a reservar nuevos vuelos. Finalmente voló a las 8. 40 pm. Tuvimos suerte porque algunas personas tuvieron que esperar hasta el día siguiente.
IBS_0104,Iberia Express,Desconocido,Amsterdam,Madrid,Europe,septiembre de 2024,1,"Menuda panda de sirvenguenzas, pasan 55 pasajeros con maleta y lo 75 restantes se quedan sin meter la maleta en el avión. Cada vez peor IAG y las aerolíneas españolas en general. Una basura"
IBS_0105,Iberia Express,Desconocido,Tenerife,Madrid,Domestic,septiembre de 2024,1,"Atencion tod@s. Estafadores profesionales. Lo peor de todas lineas. Venden billete, hacen tarjeta de embarque , recogen maleta y en la entrada te piden certificado de vaijes. Si no lo tienes fuera, hay EXTRAS esperando para ocupar tu asiento. Lo normal que si no tienen tus datos te lo pidan en el mostrador para realizar el checking. BASURAAAAA."
IBS_0106,Iberia Express,Desconocido,Santa Cruz de la Palma,Seville,Domestic,septiembre de 2024,1,"Perdieron nuestro equipaje y aun estamos esperando recibirlo. Y nuestro equipaje, sino todas las personas que iban en nuestro vuelo. Sin duda, no volveré a volar con ellos"
IBS_0107,Iberia Express,Desconocido,Madrid,Berlin,Europe,septiembre de 2024,1,"Compré unos billetes de Madrid a Berlín que pague religiosamente y que misteriosamente nunca llegaron a mi correo electrónico, (en el momento que reciben el pago, automáticamente se envían los billetes) Cuál fue mi sorpresa ?? Al revisar en su pag web mis vuelos, ya que no me mandaron los billetes, observo que los destinos están invertidos, es decir, en vez de figurar lo que yo compré que fue Madrid/Berlin aparecía Berlín/Madrid y viceversa. Llamada inmediata a atención al cliente de IBERIA EXPRESS, respuesta: “efectivamente están invertidos los vuelos, voy a gestionar su reserva” Después de una espera de 5 minutos me dice amablemente que no me preocupe, que tengo la opción de cambiar los vuelos, pero que tiene una penalización, la respondo que me diga cuánto y me dice que 482 euros por billete, cuando los que yo había comprado, pagado y que no llegaron a mandarme me costaron 370 euros cada uno. He tenido que pagar 905 euros más para que solo inviertan los destinos. Y una vez hecho y pagado este cambio me enviaron a mi correo electrónico los billetes al instante, cosa que curiosamente, la otra vez no hicieron. El fallo claramente es de su pag web, ya que cuando yo hice la primera compra el sistema (automático, reconocido por ellos mismos en mi llamada de reclamación) misteriosamente no me envió los billetes. Es vergonzoso y lamentable lo que hace esta compañía. No es la primera vez que tenemos problemas con ellos, pero desde luego, este último es de sentir una impotencia tremenda de ver como te estafan en tu cara. Decir también que curiosamente cuando me han tramitado el cambio los vuelos son prácticamente a la misma hora, lo cual es imposible ya que no tiene ningún sentido cruzar este tipo de vuelos, pues no hay tanta demanda ni afluencia de viajeros en este itinerario según me han informado."
IBS_0108,Iberia Express,Desconocido,Barcelona,Madrid,Domestic,septiembre de 2024,1,"Llegamos al aeropuerto a las 6 para nuestro vuelo de las 7 am, tuvimos que hacer cola durante 27 minutos solo para que nos dijeran que ya no era posible abordar y saludamos. Cero ayuda para navegar cómo ponerse en contacto con alguien. Luego trabajaron a través de la aplicación durante 43 minutos para tener que pagar 958 euros y luego nos gastaron cinco centavos por cada pieza de equipaje. Luego nuestro próximo vuelo que debía salir a las 8: 45 am ni siquiera abordaron hasta las 8 : 50 . Se supone que aterrizará a las 10: 10 en cambio aterrizó a las 10 : 30 , son 11 : 05 y todavía estamos parados aquí esperando la salida del equipaje. Definitivamente no estamos haciendo nuestros 11 : 15 vuelo fuera de este país. NO RESERVE IBERIA a menos que esté dispuesto a llegar varias horas antes y tenga varias horas para esperar un conector. ¡Y el baño del avión no tenía jabón!"
IBS_0109,Iberia Express,Desconocido,Madrid,Lanzarote,Domestic,septiembre de 2024,1,"Compro un billete, pago con bizum, la pagina se queda pillada y me da error, entro en el banco y me han cobrado el bizum pero no tengo numero de reserva ni billetes, llamo a atención al cliente hasta en 5 ocasiones e incompetencia total, la única solución que me dan, es que me espere 7 días laborables para ver si me devuelven el dinero y sino volver a reclamar. Intento poner una reclamación y no me dejan porque no tengo numero de reserva ni billetes, una auténtica vergüenza. Iberia ha pasado a estar a la altura de Ryanair, es una pena que traten así a los nuevos clientes, luego se quejaran de que pierden clientes."
IBS_0110,Iberia Express,Desconocido,Las Palmas de Gran Canaria,Madrid,Domestic,julio de 2024,1,"Malisimaa,no pude volar con ellos y llevo dos meses esperando reembolso, reclamaciones sin contestar y un sin fin de llamadas donde el trato no ha sido correcto y nada asertivo"
IBS_0111,Iberia Express,Desconocido,Rome,Madrid,Europe,agosto de 2024,2,"No me gustó la experiencia con mi equipaje. Llegué al aeropuerto y no pudieron encontrar mi equipaje facturado. Esperé largas colas para reportarlo, me remitieron a esto y ese cinturón aún no lo encontraba. Finalmente localizaron mi equipaje después de unas 4 horas de retraso. Qué triste experiencia porque estaba a punto de presentar reclamaciones de equipaje perdido y salir. Además, no servían tan poco como agua en una taza. Al menos, agua. Pero bueno, mi equipaje es por eso que tienen una baja calificación de mí. Perder tiempo. Nada más."
IBS_0112,Iberia Express,Desconocido,Doha,Madrid,International,agosto de 2024,1,"Estándares de higiene muy bajos. Toliet estaba sucia. Me dijeron que no tienen limpiador. También la manta que conseguí estaba sucia, llena de manchas de comida. ¡Evita esta compañía!"
IBS_0113,Iberia Express,Desconocido,Valencia,Funchal,Europe,agosto de 2024,1,"El peor servicio al cliente que he experimentado. Nuestras maletas nunca llegaron cuando llegamos a nuestro destino. Pocos días después, solo llegó una de las tres bolsas. No tienen absolutamente ninguna información sobre las otras bolsas. No hay nadie que esté dispuesto a ayudar ya que no entienden inglés. Pensé que siendo un destino turístico, especialmente un aeropuerto que se encuentra con varias personas de diferentes lugares del mundo, al menos una persona tratará de acomodarte hablando inglés. Tuvimos que comprar todo lo nuevo, y ahora ni siquiera podemos comunicarnos con ellos para reclamarlo. Nuestras vacaciones consisten literalmente en estar en tiendas para comprar las cosas que necesitamos, tratando de resolver nuestra situación de equipaje y gastar todo nuestro dinero en estas cosas en lugar de disfrutar de nuestras vacaciones. Gracias aerolíneas Iberia por arruinar nuestras vacaciones."
IBS_0114,Iberia Express,Desconocido,Menorca,Madrid,Domestic,agosto de 2024,1,"Además de retrasar el vuelo casi 2 horas, hemos tenido que esperar la maleta 1 hora más (y eso que tenemos otro vuelo a primera hora de la mañana, y hay que lavarlo todo). Pero la “magnífica”experiencia con ellos empieza a la hora de checkin, que su web da muchos errores. Además, como venden más asientos de lo que tienen en el avión, si no te das prisa y no haces el check-in en cuanto lo abren, puedes quedarte sin asiento y tener el vuelo otro día."
IBS_0115,Iberia Express,Desconocido,Porto,Atlanta,International,agosto de 2024,1,"Una de las peores aerolíneas de la historia, cuando se trata de servicio al cliente. El vuelo de mi hija se retrasó de Oporto a Madrid, por lo que comenzó un efecto dominó en el que perdió todos sus vuelos de conexión. Hemos estado tratando de recuperar sus maletas desde agosto. El 3 hoy es agosto. 19th. Hemos hablado con el mal servicio al cliente en varias ocasiones diferentes en las que nos colgaron el teléfono. También pedimos un supervisor y dijeron que no podíamos hablar con un supervisor. NUNCA MÁS VOLANDO IBERIA."
IBS_0116,Iberia Express,Desconocido,Madrid,London,Europe,agosto de 2024,1,"2 vuelos cancelados debido a overbooking, hotel de mala calidad durante la noche, comida terrible y un centro de llamadas que solo habla español y hacer poco para ayudar. Nunca volvería a volar con esta aerolínea."
IBS_0117,Iberia Express,Desconocido,Oviedo,Tenerife,Domestic,agosto de 2024,2,"Si no es por la atención de la tripulación durante el vuelo, no les pondría ni una sola estrella. Penosa la gestión de los vuelos. De Asturias a Madrid, retraso de casi una hora, y encima en Madrid ( con asientos asignados) casi no nos dejan subir al avión para Tenerife norte. Sale retrasado y encima hay que esperar a que alguien salga del aeropuerto para poder estacionar. Y ya como guinda del pastel, nos pierden la maleta. GESTIÓN PÉSIMA POR PARTE DE LA EMPRESA."
IBS_0118,Iberia Express,Desconocido,Madrid,Palma de Mallorca,Domestic,agosto de 2024,1,"El ""cirium"" el que montasteis ayer con 3 horas de retraso en un vuelo de 50 minutos con excusas estúpidas a vuestros clientes. En 2023 no sé, pero en 2024 sois la que llega más tarde del mundo entero y se ríe del cliente en sus narices después de haber pagado un pastón por el billete: de pie hacinados dos horas para embarcar porque cuando preguntabas la azafata en tierra decía ""no sé dónde está la tripulación, ha desaparecido y no nos informan"", al subir al avión ""no sé cuándo despegamos pero faltan unos 30 minutos aún"" y a la media hora el piloto del avión ""no sé cuándo vamos a despegar nos tienen que dar pista"", o sea, debería llamarse ""Iberia no-séxpress"", que si la Dana, que si el perro se ha comido mis deberes. Se me olvidaba, encima en la espera, ""ahora procederemos a la venta de nuestro servicio de venta en el avión"", jajaja, hala, después de torturaros y maltrataros os vamos a sacar más dinero, de traca, ahora que estáis muertos de hambre y de sed soltad la pasta. Ah, eso sí, con un 5%de descuento por el pequeño retraso, o sea, te apuntas a la newsletter del supermercado y te rebajan más. O sea, en serio..."
IBS_0119,Iberia Express,Desconocido,Fuerteventura,Madrid,Domestic,agosto de 2024,1,Llevamos media hora dentro del avión y nos dicen que 20 minutos más una vergüenza Un servicio malísimo Iberia A parte de salir 20 minutos tarde
IBS_0120,Iberia Express,Desconocido,Madrid,Lanzarote,Domestic,agosto de 2024,5,"Viajar con IBERIA EXPRESS en el vuelo 3854 MADRID - LANZAROTE (15-08-24) ha sido una experiencia increible e inolvidable. Era mi 30 cumpleaños, me felicitaron desde cabina, me trajeron un detalle con champán, y me dieron la oportunidad de aterrizar desde cabina con los pilotos. Gracias por su atencion y amabilidad a: SOBREGARGO - SANDRA CHAAR CATARINA RODRIGUEZ CLAUDIA VIGIL LAIA MERCHAN NADIA ABBOUDI Y especial mención a los 2 pilotos que han echo un trabajo espectacular dándome la oportunidad de ver el aterrizaje desde cabina, que no se me olvidará. MUCHAS GRACIAS A TODOS!"
IBS_0121,Iberia Express,Desconocido,Madrid,Lanzarote,Domestic,agosto de 2024,5,"Buenísima atención por parte de toda la tripulación del vuelo, llegada antes del tiempo previsto!!! Además era el cumpleaños de mi pareja y le dejaron aterrizar desde cabina, un detalle por parte de los pilotos, especial mención para ellos!!! Tripulación del vuelo Sobrecargo - Sandra Chaar Catarina Rodriguez Claudia Vigil Laia Nerchan Nadia Abboudi"
IBS_0122,Iberia Express,Desconocido,Madrid,Venice,Europe,julio de 2024,1,"Viejos planos torpes con cinta de papel de aluminio en las alas Sobre aviones trabajados, y con sus servicios de venta de piñatas bloqueando el acceso a baños durante la mayor parte del vuelo"
IBS_0123,Iberia Express,Desconocido,Madrid,Tenerife,Domestic,agosto de 2024,1,"Tratan al pasajero sin información, extravían el equipaje y no te dan respuesta sobre su paradero, el personal de su nueva filial de handling hacen su trabajo acorde a su baja cualificación"
IBS_0124,Iberia Express,Desconocido,Madrid,Seville,Domestic,julio de 2024,1,"Peor aerolínea, cancelaron mi viaje en el último minuto, sin explicación, sin razón. Ofrecieron un boleto de autobús en su lugar para un viaje de 6 horas, o esperar hasta el día siguiente. Horribles servicios."
IBS_0125,Iberia Express,Desconocido,Tenerife,Madrid,Domestic,julio de 2024,1,"Iberia Express, como cualquier otra compañía aérea, oferta distintas tarifas en sus vuelos. Siempre compramos la tarifa ópima porque permite llevar equipaje de mano en cabina y una maleta de hasta 23 kg en bodega. En los últimos años, el mismo día del vuelo, Iberia nos envía un mensaje informándonos de que como el vuelo va lleno podemos facturar nuestro equipaje de mano gratuitamente y llevarlo en la bodega. Primera ilegalidad. En nuestro último vuelo facturamos dos maletas, una de 7,5 kg y otra de 13,5, es decir, 21kg, menos de los 23 kg permitidos para cada pasajero. Colocamos nuestro bolso (3 kg de peso y de dimensiones de 30x15x15) en lo alto y al minuto la azafata preguntó de quién era para que lo lleváramos a nuestro pies y así poder meter en lo alto una maleta de 8 o 9 kg de peso, de un pasajero que había comprado la tarifa económica (20 euros menos). Segunda ilegalidad. Mi señora le dijo a la azafata que le parecía injusto, puesto que la tarifa abonada le permitía llevar el bolso en cabina y le respondió que de lo contrario el pasajero (y muchos otros) debían llevar sus maletas en la bodega. Obviamente, lo que buscaba era que la mayoría del pasaje la apoyara puesto que había comprado la tarifa económica. Nunca habíamos visto una ""bombera"" tan ""pirómana"". Para intentar calmar a mi señora (pese a que estaba haciendo lo correcto y de la forma más civilizada) le dije que la azafata no era más que una mandada y que se limitaba a hacer lo que sus jefes le ordenaban. La tercera ilegalidad y más peligrosa es que a los pies del 80% de los pasajeros viajaban bultos de todos los tamaños y que en el hipotético caso de una evacuación moriríamos más aplastados por el pasaje que por el impacto del accidente aéreo. Si eso ocurre en mi epitafio quiero que aparezca lo siguiente: ""me llamo Tomás Jorge Pérez y fui el pasajero que denunció en infinidad de ocasiones que Iberia, esa empresa que un día fue grande, transporta pasaje como ganado y ha logrado que los borregos que lo integran acepten esas condiciones por ahorrarse 20 míseros euros""."
IBS_0126,Iberia Express,Desconocido,Desconocido,Desconocido,Desconocido,Desconocida,1,"Viajo por trabajo y nunca he tenido una peor experiencia aérea. Iberia Express dejó mi maleta en España y estuve sin ella durante todo mi viaje de 8 días a Irlanda. Me decían que se había perdido, hasta que mencioné que había un AirTag y pude ver dónde estaba, luego fue enviado a Irlanda ese mismo día. Sin embargo, por alguna razón, todavía no pudieron entregármelo en ningún momento de la semana. Finalmente lo recuperé el día que volaba de regreso a casa (tuve que recogerlo en el aeropuerto). Tuve que gastar alrededor de $ 600 de mi bolsillo para ropa, artículos de tocador y equipo de senderismo / clima durante el transcurso de la semana y aún no se han reembolsado. Ha pasado más de un mes desde que les envié la información financiera y los recibos requeridos, y no he recibido actualizaciones. Incluso cuando llamo (la única forma de ponerme en contacto con un humano real) , no me pueden dar ninguna actualización. Esta es absolutamente la experiencia más exasperante que he tenido, y cero responsabilidad."
IBS_0127,Iberia Express,Desconocido,Dublin,Madrid,Europe,julio de 2024,1,"¡¡La peor aerolínea del mundo!! pierde su equipaje y luego pasa 6 horas esperando en una cola para hablar con un agente de servicio al cliente inútil, y todavía no tiene equipaje."
IBS_0128,Iberia Express,Desconocido,Brussels,Miami,International,julio de 2024,2,"Fue mi primera vez viajando con Iberia con mi bebé de 5 meses de Bruselas a Miami. El primer vuelo de Bruselas a Madrid salió bien, el segundo vuelo de Madrid a Barcelona no fue una buena experiencia. Durante el vuelo hice algunas preguntas, pero la azafata parecía demasiado ocupada para tardar unos minutos en responder. También pedí un poco de agua para beber, pero aparentemente tuve que esperar hasta la siguiente ronda de bebidas para obtener un poco de agua, tuve que esperar más de 1 hora para obtener un poco de agua mientras también amamantaba. Tengo que volver pronto a casa, espero tener una mejor experiencia🤞🏾"
IBS_0129,Iberia Express,Desconocido,Madrid,Tenerife,Domestic,junio de 2024,1,"Llevo intentando un mes conseguir las facturas y no hay manera, espero que hacienda pueda ver esto!!! Desde luego no es normal!"
IBS_0130,Iberia Express,Desconocido,Tenerife,Madrid,Domestic,julio de 2024,1,"Cancelaron el vuelo, nos tuvieron fuera del aeropuerto casi 2 horas con un frío y mojando nos para coger un bus que no llevará al Tenerife Sur, embarcaron a pasajeros de 2 vuelos mezclados y sin pedir identificación, al final nos tomaron los datos a boli a los que quedábamos de los 2 vuelos, sin una botella de agua, sin nada de nada y con un retraso de 5 horas, gestión pésima!"
IBS_0131,Iberia Express,Desconocido,Palma de Mallorca,Valencia,Domestic,julio de 2024,1,"Un desastre. Últimamente, cada vez que cojo un vuelo entre Valencia y las Islas (Ibiza o Mallorca) es un desastre de retrasos. El penúltimo (ibiza) con casi 2h. De retraso. Hoy, Mallorca-Valencia, de nuevo 2h de retraso !!! Te dicen que el avión viene con retraso y se quedan tan anchos. Un desastre de compañía"
IBS_0132,Iberia Express,Desconocido,Madrid,Reykjavik,Europe,junio de 2024,1,"¡Terrible! ¡Demencial! Mafiosos! Billetes comprados en la web de Iberia, cartas de embarque de Iberia. A las 10 de la noche sale el avión y tras tres horas de vuelo para en Dublín a repostar dice el piloto, ya que la meteorología es mala. Nos devuelven a Madrid llegando a las 5 de la mañana, tras 7 horas en el avión y nos dicen que en aeropuerto nos atenderán. Sólo nos esperan 2 personas que dicen que son simples emisarios y nos dan un papel recortado con dos números de teléfono. Por supuesto el teléfono de atención al usuario de Iberia Exprés es un laberinto de teclas que pulsar en el menú hasta que llegas al callejón sin salida que te dice que mires en la web a ver si allí está lo que buscas. No cogen el teléfono. Nos vamos gran parte del avión a las oficinas de Iberia. Pero dicen que ellos son otra compañía, que no son Iberia express. Nadie nos atendió, nos dieron las 9 de la mañana y tuvimos que buscar un hotel ya que no somos de Madrid. Y contratar otro vuelo 2 días después, perdiendo 3 de los 8 días. Al día siguiente del vuelo nos llega el email de Iberia informando de la cancelación, que fue algo peor que una cancelación, ya que nos tuvieron 7 horas en el avión y nos devolvieron al punto de destino, dónde nadie se prestó a informarnos, ya que decían que el avión era de Iberia Express, y que no había nadie de Iberia Express en todo el aeropuerto, tan sólo un call center al que llamar!!!! Y que no atendían. Y cada viajero daban informaciones confusas. Con familias, con niños, todos tirados en el aeropuerto…"
IBS_0133,Iberia Express,Desconocido,Madrid,London,Europe,junio de 2024,1,"No tienen vergüenza!! 2 veces volando en 6 meses y 2 overbooking.Con los billetes desde enero comprado Íbamos a una boda , menos mal que fue al regresar . ¿Qué pasa si me dejan en tierra y no llego a la boda o a la mía propia ?que también volé Londres Málaga, menos mal que no fue en Iberia, no lo volaré más. A ver si os quitan esta mala práctica."
IBS_0134,Iberia Express,Desconocido,Madrid,Malaga,Domestic,junio de 2024,3,Los asientos eran cómodos. Tenía una cantidad de descenso de espacio para las piernas y el servicio al cliente era increíble. Pero el avión no estaba tan limpio.
IBS_0135,Iberia Express,Desconocido,Santa Cruz de la Palma,Madrid,Domestic,junio de 2024,1,"PASAJEROS MALTRATADOS!!!! Dejaron 200 personas tiradas en La Palma sin dar ninguna explicación. Estuvimos 6 horas en el aeropuerto ancianos, gente en sillas de ruedas, niños, esperando reubicaran a los pasajeros. Una sola persona para atender a todas las dudas en la puerta de embarque, desesperada, incluso acudió la Guardia Civil. La solución era que cada uno llamáramos a un tlf. y tratáramos de buscar vuelo de vuelta. A final nos llevan a hoteles y al día siguiente, en la calle otra vez sin que Iberiaexprés diera solución de vuelta a casa. Nosotros tuvimos suerte porque la agencia nos cogió vuelo dos días más tarde de vuelta, pero tuvimos que pagar la segunda noche de estancia en el Parador, más de 300 euros y sin salir de allí esperando a que la agencia nos indicara cuando volvíamos; una incertidumbre total. Pero peor suerte tuvieron otras personas que perdieron enlaces. Cuando salimos del Parador, dos días después todavía quedaba otro grupo allí, sin saber cuando les daban vuelo de vuelta. Había historias de todo tipo. Yo soy autónoma y me han causado un perjuicio en mi negocio, porque tenía previsto trabajar el viernes 28 y no pude atender mis clientes. Llegamos a Madrid el grupo que pudimos salir de allí y fuimos al stand de Iberia y la respuesta fue: reclamen Vds. por la web, Iberiaexprés no tiene stand y nosotros personal de Iberia estamos subcontratados. Un desastre, unos MALTRATADORES DE PASAJEROS. Nunca más volaré con ellos!"
IBS_0136,Iberia Express,Desconocido,Ibiza,Madrid,Domestic,junio de 2024,1,"Me obligan a facturar la maleta de mano alegando que no hay sitio, maleta que llevo sin tener candado y sin precintar con el riesgo de que me la abran y me roben o me metan cualquier sustancia, además un rateaso de la leche y claro está todos con maletas y mochilas de mano"
IBS_0137,Iberia Express,Desconocido,Madrid,Vigo,Domestic,enero de 2024,1,"Presunta estafa. Nos cancelaron un vuelo con el pretesto de huelga de controladores en enero 2024. Desde entonces hemos solicitado el reembolso más de 10 veces y la operativa siempre la misma. Te tienen 15 minutos al teléfono y acaban diciendo que en dos semanas recibes un email para verificar el reembolso, que NUNCA se produce. Vuelves a llamar y misma retahíla...saquen ustedes conclusiones pero a mi me parece una estafa"
IBS_0138,Iberia Express,Desconocido,Malaga,Madrid,Domestic,junio de 2024,1,"Les pedí por favor que no me facturasen la maleta, porque tenía una reunión de trabajo, y me la han facturado dejando pasar otras maletas delante. Son unos incompetentes y maleducados"
IBS_0139,Iberia Express,Desconocido,Los Angeles,Milan,International,junio de 2024,1,Obtienes lo que pagas... Aerolínea de descuento equivale a servicio y experiencia de descuento. Comodidad como era de esperar. Baños sucios durante todo el vuelo. Comida mediocre. La aerolínea también perdió mi equipaje... estuve sin mis pertenencias durante 5 días. Tardaron más de 3 días en localizar mi equipaje. NO volveré a volar Iberia.
IBS_0140,Iberia Express,Desconocido,Madrid,Santa Cruz de la Palma,Domestic,mayo de 2024,4,Es un compañía puntual y con un buen trato. Es una buena opción para viajar a la isla de la Palma. Tiene un vuelo directo diario entre Madrid y La Palma y también vuelos semanales entre Barcelona y La Palma. En mi viaje ha sido una compañía muy puntual
IBS_0141,Iberia Express,Desconocido,Barcelona,New York City,International,junio de 2024,1,"¡ABSOLUTAMENTE LA PEOR AEROLÍNEA! DON'T EVER & ME REFIERO A JAMÁS VOLAR ESTA AEROLÍNEA. Fuimos rebotados de un vuelo a JFK, conducido 1 hora a un hotel para pasar la noche y subir a un avión 24 horas después. LEYES DE LA UE - Deberíamos ser compensados $ 600 por boleto. Cumplimentado varias reclamaciones online, siendo siempre aconsejado por Iberia que utilice ""el motivo"" de la reclamación y dando diferentes motivos cada vez. Los pongo al teléfono y hablan en círculos... Tienes que hacer otra reclamación... No podemos encontrar tu número de caso y lo mejor, ""Bueno, te subimos al avión al día siguiente"". ¿Estás bromeando? Ahora me están diciendo ""Solo has esperado 6 días desde tu reclamo. Hay que esperar entre 7 y 14 días"". Esta aerolínea es una broma y están actuando ilegalmente basándose en las leyes de vuelo de la UE. ¿Cómo se salen con la suya? CUANDO COMPRAMOS ENTRADAS CONTIGO ENTRAMOS EN UN CONTRATO CONTIGO Y HAS INCUMPLIDO EL CONTRATO. ¡PAGA IBERIA! La Unión Europea (UE) tiene leyes para proteger a los pasajeros de aerolíneas en caso de cancelaciones, retrasos o denegación de embarque. El Reglamento sobre los derechos de los pasajeros aéreos 2004 [Reglamento (CE) no 261/2004] establece derechos mínimos para los pasajeros y fija importes de compensación y asistencia para cada situación. La aerolínea responsable de la interrupción es responsable de otorgar estos derechos"
IBS_0142,Iberia Express,Desconocido,Fuerteventura,Madrid,Domestic,junio de 2024,1,"Pésimo servicio, compre el pasaje por asuntos de negocio y al hacer el cheque in me informan que el vuelo está sobre vendido lo cual me quedo a expensas si hay asientos puedo volar lo cual tengo una reunión a las 11:00 am como se entenderá pierdo la reunión... Que falta de respeto y abuso hacia los pasajeros... no es mi problema la sobre venta.... eso me ocasiona un daño a mi trabajo y al tiempo de mis clientes.... no recomiendo esta línea son unos ABUSADORES !!!!"
IBS_0143,Iberia Express,Desconocido,Madrid,Palma de Mallorca,Domestic,junio de 2024,1,Mi problema no fue con el viaje sino con la reserva. Cometí un error en la fecha de regreso indicando la misma que la de la ida. Me indican que no hay solución pero me gestionan una nueva reserva para el vuelo de vuelta cuyo coste es de 812€ para 4 personas. El billete de ida y vuelta comprado 10 minutos antes costó menos de 700€ para los 4. Se amparaban en que no había la misma tarifa. No acepté y al día siguiente me busqué en la página de Iberia el vuelo de vuelta por menos de 400€ para los 4. Ante un error por parte del cliente en vez de ayudarle tratan de que gaste el doble de lo que gastaría sin la ayuda solicitada. Asqueroso.
IBS_0144,Iberia Express,Desconocido,Washington DC,Madrid,International,mayo de 2024,1,"Iberia mantiene su tendencia a la baja. Este fue nuestro segundo viaje a Madrid, España en tres años. El vuelo dura más de 7 horas. Nuestro vuelo fue por la noche y detrás de nosotros había una pareja joven con un niño pequeño. El niño lloró y gritó toda la noche. Sé que esto no fue culpa de Iberia; sin embargo, para cubrir el ruido usé los servicios de música y películas a bordo. En 10 minutos de uso, el sistema falló. Hablé con una azafata y señalé la pantalla defectuosa. Prometió volver después de que se completara el servicio de cena. Soy fluida en español y no había excusa en la comunicación. En segundo lugar, no creo que Iberia se preocupe por la comida que sirve a sus pasajeros. En su mayor parte es comida grasienta que sabe horrible. Por ejemplo, para el desayuno tuvimos un bollo duro con una rebanada de jamón seco y añejo con una rebanada de queso, café, té, jugo y una barra KitKat! Este tipo de desayuno son como raciones o comida de prisión. IMHO, Iberia tiene la peor comida de todas las aerolíneas que he volado (desde los años 1960) Haré todo lo posible para evitar Iberia en el futuro."
IBS_0145,Iberia Express,Desconocido,Manchester,Madrid,Europe,mayo de 2024,1,"Tenía la impresión de que había reservado un vuelo a Madrid el 23 de abril para viajar el 15 de mayo. Nunca recibí una confirmación o referencia de reserva. He reservado con otra aerolínea ya que es imposible llegar a su servicio al cliente. El 27 de mayo me quitaron el dinero de mi cuenta bancaria para un vuelo en el que nunca participé y no tienen referencia de reserva. El servicio de atención al cliente no existe, ya que me dijeron que me pusiera en contacto con mi banco. Absolutamente inútil."
IBS_0146,Iberia Express,Desconocido,Panama City,Madrid,International,mayo de 2024,1,"El avión 330-330 voló extraordinariamente bien, pero la comida pasta, podrida total, de hecho hemos cogido salmonelosis, resto escaso, no pasaron con agua, zumos, café en un vuelo de 11horas, desayuno un bocadillo congelado para la basura. Peor imposible"
IBS_0147,Iberia Express,Desconocido,London,Madrid,Europe,mayo de 2024,1,"Compré un boleto flexible. Cancelé más de un mes antes de mis vuelos reservados, así que tengo derecho a un reembolso completo. He telefoneado a la aerolínea 3 veces a mis expensas para reclamar el reembolso. Cada vez que me han dado información contradictoria sobre cuándo se pagaría el reembolso y he recibido £ 0. Definitivamente no elegiría reservar con Iberia Express en el futuro. El servicio al cliente es tan malo como se pone. Cuidado."
IBS_0148,Iberia Express,Desconocido,Lanzarote,Madrid,Domestic,mayo de 2024,1,"La forma en la que iberia express tiene se gestionar tu equipaje deportivo es realmente vergonzoso. Anuncian la posibilidad de facturar equipaje deportivo online por 45€ pero no hay forma de hacerlo y al final acabas pagando 70€ en el aeropuerto. Publicidad engañosa, incluso Ryanair gestiona mejor este área. Elegí iberia para no tener problema con mi equipaje. He hecho una reclamación y su contestación ha sido completamente inútil, ni siquiera daban respuesta. Iberia nunca más"
IBS_0149,Iberia Express,Desconocido,London,Barcelona,Europe,mayo de 2024,1,"Nos obligaron a despachar 2 carriones que debieron ir en cabina y nunca llegaron a destino, llegaron 10 días después, 3 hs antes del vuelo de regreso a mi país. Me ofrecen una mísera suma de dinero, sin explicaciones. Nos arruinaron las vacaciones y como si nada. Lamentable."
IBS_0150,Iberia Express,Desconocido,Madrid,Las Palmas de Gran Canaria,Domestic,mayo de 2024,1,La peor compañía en la que he volado te vende billetes clase plus con asientos ancho y el último día te los cambian y te ponen en low cost con los billetes que han costado 19 euros es una estafa no hay atención al cliente ni se le espera mejor volar con otra compañía disfrutarás del viaje
IBS_0151,Iberia Express,Desconocido,Madrid,Las Vegas,International,abril de 2024,1,"El 27 de octubre de 2023 reservé un billete Premium Economy Flex de ida y vuelta en la web de Iberia Airways desde Las Vegas a Madrid para el 2 de abril de 2024 , regresando el 24 de mayo de 2024 . Elegí un billete Flex porque proporcionaba un reembolso completo para cada vuelo si se cancelaba antes de abordar. El costo total del boleto fue de $ 2328. 60 , se dividen uniformemente entre ir y volver. Volé en el vuelo del 2 de abril a España, pero tuve que regresar a Estados Unidos el 18 de abril en una aerolínea diferente. Luego intenté cancelar mi vuelo Iberia 24 de mayo de Madrid a Las Vegas y descubrí que no había forma de hacerlo en la página web de Iberia o en su App. Llamé a Iberia y le dije al representante que cancelara mi vuelo del 24 de mayo y me reembolsara el costo, aproximadamente $ 1160. Tres días después, Iberia me devolvió a mi tarjeta de crédito la suma de 74 $. 60 . Llamé y me dijeron que lo investigarían y me enviarían una respuesta por correo electrónico dentro de 3 días. Han pasado más de dos semanas y todavía no hay respuesta. IBERIA me está engañando de aproximadamente $ 1100. COMPRADOR CUIDADO CON IBERIA AIRWAYS!"
IBS_0152,Iberia Express,Desconocido,Fuerteventura,Madrid,Domestic,abril de 2024,1,"Aterrizó en Madrid a las 17: 20 . Sus 18: 20 y ningún equipaje todavía... Total falta de respeto hacia el cliente. El vuelo estaba bien, la cabina olía mal."
IBS_0153,Iberia Express,Desconocido,Palma de Mallorca,Madrid,Domestic,mayo de 2024,1,"Lo de express es una broma: 40 minutos de vuelo y 60 dando vueltas antes de aterrizar. El piloto también necesita horas de práctica. Ahora, otra hora esperando equipaje en la T4, paradigma de un aeropuerto nal diseñado y con un servicio de m..... Todo muy ágil para un vuelo de 45 minutos."
IBS_0154,Iberia Express,Desconocido,Madrid,Manchester,Europe,marzo de 2024,1,"Lamentable y surrealista atención al cliente. En marzo solicite un cambio de fechas de vuelo, pero con el mismo equipaje que en la reserva inicial. No figura el equipaje en la nueva reserva. Al reclamar el error del operador de Iberia Express, me comunican que tengo que pagar para incluir el equipaje que tenía en la reserva inicial. Al intentar poner otra reclamación, el formulario online no funciona, se queda bloqueado. No permite introducir fecha de salida. Al llamar por teléfono varias veces esta mañana, después del mensaje automático de que la llamada puede ser grabada, se corta la llamada. Imposible contactar con Iberia Express. Servicio atención al cliente ZERO!!"
IBS_0155,Iberia Express,Desconocido,Dallas,Marrakech,International,abril de 2024,1,"Esta compañía necesita ir a la quiebra lo antes posible. Muy mal servicio. El avión era una basura. Y perdí mi equipaje, además el departamento de reclamo de equipaje no es profesional en absoluto"
IBS_0156,Iberia Express,Desconocido,Madrid,Tenerife,Domestic,abril de 2024,5,"Ahora siempre usamos Iberia Express para nuestros vuelos hacia y desde Tenerife, la opción aquí para elegir la clase de viaje no incluye su clase Business, usamos esta clase por las siguientes razones, la comodidad del asiento es buena al igual que el espacio para las piernas, el asiento medio en clase Business no se usa para que obtenga esa habitación adicional, las comidas están incluidas junto con las bebidas, incluidas las bebidas alcohólicas. Ok, así que hasta la revisión del vuelo, este vuelo fue solo unos minutos tarde en salir, después de alcanzar el nivel de vuelo la comida se sirvió junto con una selección de refrescos o alcohólicos, la comida era muy buenas bebidas (Flor de Cana y coca mi favorita) perfecto. También un vino muy agradable Tripulación de cabina agradable y eficiente. Llegó a tiempo"
IBS_0157,Iberia Express,Desconocido,Berlin,Madrid,Europe,abril de 2024,2,"Trato irrespetuoso a los pasajeros. Al llegar a la puerta de embarque nos obligaron a meter la maleta de mano en la bodega, justificando que no había sitio en el avión. Nos quitaban de malas maneras las maletas y cuando nos quejábamos, porque teníamos que coger un tren después, nos contestaban de malas formas y diciendo que no tenían tiempo para discutir. Hubo una trabajadora en Berlín que se puso a gritarnos y otro trabajador haciendo que no hablaba español y entendía perfectamente, contestando después de forma chula. Deberían de arreglar esa política, puesto que no es culpa de los pasajeros el que no tengan sitio o que faciliten las cosas a los pasajeros que tengan que coger después otro transporte."
IBS_0158,Iberia Express,Desconocido,Manchester,Madrid,Europe,abril de 2024,1,"Por favor, utilice otras aerolíneas si es posible. El vuelo de ida de la mañana cambió a la tarde, el vuelo de regreso se trasladó al día anterior, habló con el servicio al cliente y cotizaron más para transferir el vuelo que reservarlo como uno nuevo! Nuevo vuelo reservado, pero UNO de nosotros fue golpeado en espera como lo sobrevendido - consiguió el último asiento por casualidad. Totalmente estresante y con diferencia los peores sistemas de comunicaciones/TI que hemos experimentado. Terrible experiencia me temo."
IBS_0159,Iberia Express,Desconocido,Naples,Madrid,Europe,abril de 2024,1,"NOS DEJARON SIN VOLAR. Pésimo trato y pésimo servicio de atención al cliente. Llegamos en hora al vuelo y nos niegan la entrada por llevar un documento justificante de la carta de identidad. Después nos enteramos de que el vuelo está en OVERBOOKING y tras reclamar al servicio de atención al cliente nos dicen que nosotros ni siquiera hemos llegado a la puerta de embarque, hecho que es mentira. Dos dias después volvemos a llamar para reclamar ya que hemos tenido que quedarnos en Nápoles gastando dinero en alojamiento y nos siguen sin dar una solución ni compensacion. NO VUELEN CON ESTA AEROLÍNEA"
IBS_0160,Iberia Express,Desconocido,Madrid,London,Europe,marzo de 2024,1,"Pagado para reservar asientos de ida y vuelta. Me registré solo para descubrir que mi número de asiento había cambiado a un asiento de pasillo y se movió más abajo en el avión en el vuelo de regreso. No se pudo hacer nada en el aeropuerto de Madrid, se quejó a Iberia y pidió devolución. Un correo electrónico de confirmación llegó en 3 / 4 / 24 correo electrónico sin respuesta, ningún número de caso, etc. intentó llamar 10 veces, cada vez que me cortan. Algunos servicios al cliente que tienen."
IBS_0161,Iberia Express,Desconocido,Madrid,Paris,Europe,junio de 2023,3,"Servicios de vuelos generalmente cortos, en los que se aplica la política low cost en toda su expresión... no difiere de lo que pasó en otros países europeos con sus aerolíneas tradicionales."
IBS_0162,Iberia Express,Desconocido,Desconocido,Desconocido,Desconocido,Desconocida,2,"Decidimos pasar un fin de semana en Marrakech. MAD - RAK sin contratiempos RAK - ENOJADO un infierno, Habiendo pagado 40 euros por algunos asientos, el mismo día de regreso recibimos un mensaje para recuperar nuestras tarjetas de embarque, habiendo pasado de la fila 6 (de pago, como decía) a la fila 21. Nos obligan a facturar maletas de cabina desde Marrakech y, lo que es peor, a sacar ordenadores y tener que llevar equipos electrónicos en la mano. . . El Servicio de Tierra es una tontería y sólo informan que son instrucciones de la empresa, sin ninguna explicación ni solución alternativa. No hay organización, el trato recibido es un caos e inaceptable. 1/2 paso accede por el dedo y la otra mitad camina por la pista para acceder a la puerta trasera, sin adoptarse ninguna medida de seguridad durante el tránsito. El personal del avión es muy amable y profesional."
IBS_0163,Iberia Express,Desconocido,Dublin,Madrid,Europe,abril de 2024,2,"Iberia da prioridad al que no paga y no factura maleta. Tanto a la ida como a la vuelta de vuelo Madrid-Dublin, no me dejaron meter arriba absolutamente nada, me dijeron que era para los que llevaban maletas. Un señor protestó porque había pagado como yo la facturación de maleta y le mandaron poner como a mí y a los que no llevábamos maleta el abrigo, bufanda, mochila... Todo en el suelo delante de nuestros pies y debajo del asiento de delante. Todo el vuelo con los pies encogidos. En cambio los que no pagaron y no facturaron maleta les dejaron poner la maleta, mochilas, bolsos, abrigos , etc en en la cabina de arriba, y en nuestra cabina pusieron las cosas de personas que iban hasta 10 filas delante de nuestros asientos. Me parece increíble lo mal que Iberia hace las cosas, mejor no pagues que te tratamos mejor. Ese es el mensaje que dan. Prioridad absoluta para los que no se han molestado en pagar."
IBS_0164,Iberia Express,Desconocido,Naples,Madrid,Europe,marzo de 2024,4,"Reconozco que Iberia no fue nuestra prioridad, pero no había otra aerolínea en la ruta para la fecha y hora que necesitábamos, sin embargo, no tengo queja alguna. La aerolínea cumplió con todo. El trayecto era corto y se cumplió según lo esperado. Buena atención en embarque y en cabina. No hubo ninguna dificultad. Eso sí, no son vuelos con amenidades como música, películas, comidas o bebidas. Son vuelos cortos y low cost. En lo particular me bastaba con salir a tiempo y llegar a tiempo sano y salvo. No esperaba mucho, supongo."
IBS_0165,Iberia Express,Desconocido,Marrakech,Madrid,International,marzo de 2024,1,Nos negaban facturación. Vuelo retrasado. App no funciona. Un desastre una vez más. Lamento no haber cumplido mi propósito de no volar más en esta horrible compañía.
IBS_0166,Iberia Express,Desconocido,Barcelona,Palma de Mallorca,Domestic,agosto de 2023,1,"Absolutamente toda la experiencia TERRIBLE. Reservamos un vuelo que decía ‘Vueling Airlines’. Resulta que era operado por Iberia Express. La gente no se da cuenta de que el vuelo no tendrá nada que ver con Vueling. Compramos los boletos con 6 meses de anticipación, pero cuando llegó el vuelo dijeron que no había asientos para nosotros. Nos ofrecieron un asiento para uno de nosotros. OBVIAMENTE nos negamos porque no vamos a dejar a uno de nosotros solo en un país extranjero hasta otro vuelo. Entonces no obtuvimos ninguna compensación porque habíamos rechazado ese escaño. Esto nos costó 6 horas de nuestro tiempo de vacaciones, acaba de pasar en un aeropuerto. Toro absoluto. La peor experiencia de vuelo que hemos tenido. La azafata fue muy grosera. Todos los encuentros del personal fueron desagradables. Nos tienen un vale de 12 euros para ‘gastar en el avión’ - cuando fuimos a usar, dijeron que era para el aeropuerto antes del avión. Absoluta desgracia. NUNCA más volaré Iberia ni ningún vuelo que tenga nada que ver con Iberia. Muy decepcionante. El departamento de atención al cliente/reclamaciones tenía una línea enorme y no nos ofreció soporte después de esperar tanto tiempo y tener una experiencia tan horrenda."
IBS_0167,Iberia Express,Desconocido,Malaga,Santiago de Compostela,Domestic,marzo de 2024,1,"Soy residente en Ceuta, al sacar los billetes se me valida el certificado de residente y un día antes de volar se me exige presentar el certificado en la ventanilla de facturación. El problema viene al viajar en tránsito; me obligaban a salir del aeropuerto para volver a pasar el control y claro viniendo de otro vuelo es un problema; aunque ahí no acaba la cosa. Llamo a atención al cliente y me atiende una señorita la cual, no solo no me busca una solución al problema sino que me deja en espera para que sea yo la que termine con la llamada, le hago saber que no voy a terminar con la llamada hasta que me busque una solución y me colgó el teléfono. En mi opinión una falta de respeto total, además de unos comentarios durante la llamada poco asertivos y empáticos, para trabajar en atención al cliente hay que tener madera para ello y esta señorita se le notaba mas bien amargada. Por suerte no lo dejé pasar, volví a llamar y un chico si que supo solucionarme el problema. Pero a menos de 24 h de volar.... el disgusto me lo llevé igual. Yo no volveré a viajar con esta compañía."
IBS_0168,Iberia Express,Desconocido,Tenerife,Madrid,Domestic,marzo de 2024,1,"Billete comprado hace 2 meses con la bonificación de residente y DNI con dirección en el Archipiélago vigente,Justo a la hora de embarcar me exigen certificado de residencia.Muestro certificado de empadronamiento,de convuvencia y no les sirve. No me permiten volar. Hace 1 semana había volado con Ryanair y cogido ferry para las Palmas sin este requisito. Decepcionante."
IBS_0169,Iberia Express,Desconocido,Santiago,Düsseldorf,International,marzo de 2024,1,"Estafa absoluta y el peor servicio al cliente nunca! Hemos reservado nuestros vuelos con Iberia para volar de Chile a Alemania. Al azar quería comprobar algo sobre nuestro equipaje y resulta que no pude encontrar ningún equipaje incluido en ninguna parte. Ya que incluso teníamos pruebas en forma de una captura de pantalla de nuestra tarifa, incluidos 23 kg de equipaje facturado cada uno, tratamos de ponernos en contacto con Iberia para resolver esto, que era un desafío en sí mismo. Terminamos enviándoles mensajes en Facebook donde coincidieron en que se trataba de un error en su página web (¡no es culpa nuestra! ) , aun así se negaron a añadir el equipaje que se anunciaba con nuestra tarifa en nuestra reserva real! Enviamos mensajes múltiples veces de ida y vuelta e hicimos que el ""equipo apropiado"" revisara la evidencia, aún sin cambios. Luego fuimos a su oficina ""real"" en Santiago tratando de resolver esto en persona, el tipo allí era igual de inútil y dijo que solo podía reservar nuevos vuelos o agregar cosas, pero no podía ayudarnos con nuestra consulta. Así que gastamos tiempo y dinero en ir allí para nada - de nuevo! Una broma absoluta llamar a esto su oficina si el tipo no tiene idea de nada y no puede ayudar. Lo único que hizo fue darnos un número de teléfono para llamar y luego continuó desplazándose en su teléfono. Después de que esto fuera un fracaso absoluto, intentamos llamar al número que el chico proporcionó y parecía haber un atisbo de esperanza, ya que la persona en el teléfono dijo que si enviamos una queja a través de su sitio web y teníamos pruebas del error en el sitio web durante el tiempo de reserva, el equipo correspondiente podría simplemente agregar el equipaje a nuestra reserva sin cargo. Por supuesto, lo intentamos de inmediato. Después de bastantes días, finalmente recibimos un correo electrónico de ellos diciendo exactamente lo mismo que los otros mensajes ... nada que puedan hacer, ya que nuestra tarifa no incluye equipaje facturado / retenido ... de nuevo, esto no es cierto, como se muestra claramente en nuestra captura de pantalla que les proporcionamos que afortunadamente tomamos durante el tiempo de reserva. Es una vergüenza absoluta y un fraude anunciarse y tomar dinero para algo que luego no suministran. Siente como si simplemente tomaran dinero por algo y luego cambiaran las reglas alrededor de él más tarde y te quedaras estancado con un espantoso servicio al cliente que no te lleva a ninguna parte. Como esos boletos son básicamente inútiles para nosotros sin poder llevar equipaje, ahora tuvimos que pagar 392 EUROS adicionales solo por nuestro equipaje que debería haber sido incluido en nuestra reserva original... absolutamente asqueroso! Definitivamente la última vez que volaremos esta terrible aerolínea y nos aseguraremos de correr la voz sobre esto también! (Esta es la primera vez que escribo una crítica negativa sobre algo, ¡pero realmente cruzaron la línea!) He adjuntado nuestra prueba también en caso de que esté interesado. ¡EVITA!"
IBS_0170,Iberia Express,Desconocido,Madrid,Lanzarote,Domestic,marzo de 2024,1,"Llamé al servicio de atención al cliente en busca de ayuda para hacer un cambio en las fechas de un vuelo, pero en lugar de recibir asistencia, me encontré con un agente que fue increíblemente mal educado y poco profesional. No solo me proporcionó la información de manera apresurada y poco clara, sino que también parecía completamente desinteresado en ayudarme a entender las tarifas que me estaba ofreciendo. Cada vez que intentaba hacer una pregunta o solicitar una explicación más detallada, era interrumpido abruptamente y se me aseguraba que ""así eran las cosas"". Lo más alarmante fue que, después de expresar mi desacuerdo con las tarifas, el agente simplemente colgó la llamada sin siquiera intentar resolver mi problema. Para empeorar las cosas, fui transferido automáticamente a una encuesta de satisfacción, lo que me dejó sin la oportunidad de expresar mi insatisfacción directamente con la aerolínea. Por los comentarios que leo en las redes, es evidente que hay un serio problema con el servicio de atención al cliente de Iberia Express que necesita ser abordado de inmediato."
IBS_0171,Iberia Express,Desconocido,Palma de Mallorca,Madrid,Domestic,marzo de 2024,1,"¡ESTE LUGAR ES UNA ESTAFA! ¡NO COMPRES! Necesitaba cambiar de vuelo y el servicio al cliente era terrible. Cobraron más de $70 dólares por llamar a su centro de ayuda para recibir ayuda, donde fueron absolutamente inútiles y no me dieron información. Reserve con cualquier otra aerolínea! Aerolíneas Spirit o un avión con medio motor es una mejor opción."
IBS_0172,Iberia Express,Desconocido,Madrid,Tenerife,Domestic,marzo de 2024,1,"Llevo tres días con una solicitud de equipaje especial llamando a atención al cliente (por llamarlo de alguna manera). Faltan unas horas para el vuelo y aun no se si puedo llevar el equipaje especial o no. Me han dicho que es posible que no me dejen embarcar dicho equipaje.. Vamos que aun no se si mañana volare o no. Estos son las garantías que te puedes encontrar volando con esta compañía tercermundista. Es decir , no hay garantías de nada."
IBS_0173,Iberia Express,Desconocido,Madrid,Tenerife,Domestic,marzo de 2024,5,Últimamente cada vez que viajamos es con Iberia y siempre nos tratan muy bien. En este caso había nubes y apenas se notaban las turbulencias. La tripulación ha sido muy agradable y al peque le ha hecho mucha ilusión poder despedirse de la tripulación completa. Una experiencia muy positiva para nosotros.
IBS_0174,Iberia Express,Desconocido,Tenerife,Madrid,Domestic,marzo de 2024,1,"Se colgó la página cuando estaba haciendo la reserva , me hicieron el cobro de 600€ sin emitir los billetes . Esto fue hace 15 días . Dijeron que obviamente se me devolvería . Que era un fallo que a veces pasaba cuando la página se colgaba . Sigo esperando Mís 600€. Que puedo hacer?"
IBS_0175,Iberia Express,Desconocido,Madrid,New York City,International,febrero de 2024,2,"El avión muy sucio , los baños asquerosos,.he volado en otras compañías como por ejemplo Air France donde las azafatas mantienen el WC limpio."
IBS_0176,Iberia Express,Desconocido,Nice,Madrid,Europe,febrero de 2024,1,"Esta es la peor aerolínea del mundo - Intenta reservar un vuelo - y te encuentras con un sitio web que es totalmente inútil. Es lento, la reserva que haces solo será temporal y es muy difícil de maniobrar para finalizar con éxito una reserva. Hicimos una reserva, obtuvimos toda la confirmación - solo para descubrir que se consideraba una reserva y no una reserva y una vez que intentamos registrarnos, nos enteramos de que la reserva fue cancelada - PERO en recibimos correos electrónicos llamados CONFIRMACIÓN DE RESERVA, y recibimos códigos de RESERVA y correos electrónicos a cada pasajero diciendo confirmación de reserva - que es una total basura compañía - si es solo una ""pre-reserva"" o pre-reserva"" debe DECIRLO. nunca volaremos con Iberia de nuevo - a menos que no haya otra aerolínea disponible para este destino que tenemos que ir. Llamamos a Iberia y pedimos recuperar nuestra reserva - que fue rechazada - por lo que pagamos casi el doble del precio de una nueva reserva. Un buen servicio de atención al cliente habría encontrado una solución ""amistosa"" para el malentendido, pero no así en Iberia. Así que eso es Iberia - sitio web de reservas de empresa inútil y no útil."
IBS_0177,Iberia Express,Desconocido,Marrakech,Madrid,International,febrero de 2024,1,"Decide la Srta. del checking que mete mi trolley de cabina en la bodega porque el avión va lleno y tengo billete del grupo 4 (el más económico), me opongo y me rompe la carta de embarque allí mismo, tuve que transigir y ver como el vuelo no iba para nada lleno. Al aterrizar, nos encontramos unos cuantos pasajeros en la misma situación, esperando nuestros equipajes que tardaron bastante en salir y encima en dos turnos. Muchas gracias, simpática agente de Iberia Express, y luego nos quejamos de ""la otra"" low cost."
IBS_0178,Iberia Express,Desconocido,Madrid,Las Palmas de Gran Canaria,Domestic,enero de 2024,1,"Pagué por la selección de asientos y conseguí un asiento en el pasillo, pero cuando estaba abordando, me cambiaron el asiento y me dieron un asiento central. Cuando les dije que había pagado el asiento, me dijeron que podía llamar al servicio de atención al cliente y pedir un reembolso. Ahora tengo que llamar a un número que nunca contesta. Esto es comportamiento de estafador. Evita esta compañía si es posible y si tienes que usarlos no pagues ningún extra. Porque no mantienen sus contratos."
IBS_0179,Iberia Express,Desconocido,Berlin,Madrid,Europe,noviembre de 2023,1,"Estoy extremadamente frustrado con esta aerolínea. Particularmente, con el servicio al cliente incompetente que proporciona. Está más allá de la comprensión. Mi vuelo entre Berlín y Madrid fue cancelado por un problema técnico. Ya estaba en el aeropuerto, el embarque se había retrasado. Pudimos ver a los técnicos del aeropuerto inspeccionando el motor correcto y discutiendo entre ellos. Finalmente el capitán salió por la puerta de embarque y anunció que, por razones de seguridad, era mejor cancelar el vuelo. . . Hasta este punto, todo estaba bien. Mis vacaciones y reunión familiar se arruinaron, pero está bien. La seguridad es lo primero. Incluso me alegra que el capitán haya mostrado prudencia y cancelado el vuelo. La pesadilla de Iberia Express no tuvo lugar en el aire, sino en tierra. Más precisamente, por teléfono. Para empezar, Iberia Express no tiene una oficina local en el aeropuerto Berlín - Brandenburgo. Solo podíamos contactar con Iberia Express por teléfono; a través de una línea fija en España. No había posibilidad de chatear a través de las redes sociales. Tuvimos que llamar a España. Llamé a España y pedí un vuelo alternativo para llegar a Madrid. Aparentemente, podía viajar al día siguiente por la noche, pero eso ya no era conveniente para mí. El propósito por el que viajaba se arruinó. Así que pedí en su lugar la cancelación de mi ticker y el reembolso de mi boleto. La señora del otro lado del teléfono dijo que el dinero estaría en mi cuenta en una semana. Eso fue el 17 de noviembre. Escribo esta reseña el 22 de enero. He contactado a la aerolínea tres veces. Todavía no recibo mi reembolso. Después de tres llamadas, puedo decir algunas cosas: Iberia Express externaliza su servicio al cliente a un call center de muy bajo presupuesto, probablemente en Venezuela. Los agentes del call center obviamente no son suficientes en número. Están estresados por la cantidad de tiempo que estarán al teléfono y no dudarán en mentirte, siempre y cuando signifique terminar la llamada y pasar a la siguiente. El centro de llamadas me ha mentido repetidamente sobre mi reembolso, e incluso una de mis llamadas no se registró en el sistema. Hacen como si ya hubieran resuelto tu problema, y siempre te pedirán que respondas la encuesta al final de la llamada. Bueno... aquí hay una nueva encuesta: Una estrella a Iberia Express."
IBS_0180,Iberia Express,Desconocido,Madrid,Berlin,Europe,diciembre de 2023,1,"IB 565071 VUELO: I23672 He viajado el pasado 29 de diciembre desde Madrid a Berlín, Alemania y la empresa me ha obligado a facturar mi maleta. Todo bien allí, hasta que en el aeropuerto de Berlín recibo la maleta como la veis en la foto, rota, sin una rueda e inusable. El sistema para dejar una reclamación en el aeropuerto de Berlín estaba defectuoso e insuficiente. He llamado al call center y me han dicho que se harían cargo de daño, pero luego por correo me han dicho que no. Yo les he escribo un correo de vuelta y me han dicho que me responden en 7 días....estamos a 12 de enero, y no hay respuesta. Además viví el despegue más peligroso de mi vida. Pesima experiencia. I traveled on December 29 from Madrid to Berlin, Germany and the company forced me to check in my suitcase. Everything was fine there, until at the Berlin airport I received the suitcase as you see in the photo, broken, without a wheel and unusable. The system for leaving a claim at Berlin airport was defective and insufficient. I called the call center and they told me that they would take care of the damage, but then by email they told me no. I have written them an email back and they have told me that they will respond to me in 7 days....it is January 12, and there is no response. I also experienced the most dangerous takeoff of my life. Terrible experience."
IBS_0181,Iberia Express,Desconocido,Tenerife,Madrid,Domestic,diciembre de 2023,1,"Fuimos 2 amigas, una de ellas con una incapacidad temporal que la hacía depender de la otra y, precisamente a ella, le denegaron el embarque, sin argumentar razón alguna. Billetes y asientos comprados con más de 3 meses de antelación. A pesar de las reiteradas llamadas, no dieron solución alguna. Nos vimos obligadas a comprar nuevos billetes, además de trasladarnos al aeropuerto de Tenerife Norte para poder llegar a destino el día previsto pero 6 horas más tarde. La compañía se exime de cualquier responsabilidad. UNA INDECENCIA."
IBS_0182,Iberia Express,Desconocido,Madrid,Boston,International,agosto de 2023,1,"Una compañía de vuelos terrible, no recomiendo en absoluto, hay que esperar con esta compañía, perdió todo, Tiempo, Equipaje, Vida, No RECOMENDAR"
IBS_0183,Iberia Express,Desconocido,Palma de Mallorca,Madrid,Domestic,diciembre de 2023,5,"El vuelo perfecto como simepre por ahora que he viajado muchas veces con ellos. Pero decir que la señora que habia en facturacion ,fue desagradable,antipatica,estupida. Creo que no le hizo gracia que fuera atrabajar el dia de Navidad,nos pidio el certificado de residencia que segun ella me habrian mandado a mi email,revise delante de ella todos los emails de Iberia y no habia nada,ella insistiendo que tehia que estar. Nos dejo pasar y dijo textualmente:""Tendreis que sacar como sea los certificados ,porque en Madrid os lo pediran y sino tendreis problemas"",casi amenazando. Al llegar a Madrid los saque via internet y antes volvi a revisar los emails y no ponia nada de los certificados. Pues el dia del vuelo de vuelta en Madrid ,nadie nos pidio nada de certificados,dandome la razon de que esa mujer no le hizo gracia trabajar en Navidad y queria amargarnos a nosotros. Esa mujer no tendria que trabajar ahi cara al publico"
IBS_0184,Iberia Express,Desconocido,Madrid,Malaga,Domestic,diciembre de 2023,3,"No es un gran fan de Iberia para empezar, y definitivamente no es un fan de su filial Iberia Express. Estábamos en lo que ellos describen como su sección de clase ejecutiva y fue patético. Los asientos no se reclinaron en ABSOLUTO, la pintura se desprendía en su sección de mamparo, la cabina no parecía limpia en absoluto. Me estremece pensar que su sección de economía era como. Los FA parecían muy excitables y nerviosos. Gracias a Dios que fue un salto muy rápido. Para nada impresionado."
IBS_0185,Iberia Express,Desconocido,Marrakech,Madrid,International,diciembre de 2023,4,"Emitido mi billete RAK - MAD/MAD - AGP en un billete con escala de 18 horas en Madrid. Llamé a Iberia para ver si las maletas se pueden registrar a través de todo el camino a pesar de la larga escala, pero se negaron. Fuimos a RAK para registrarnos, el personal del mostrador dijo que es una necesidad revisar todo el equipaje sin excepción, ya que todo está bajo un solo boleto. Por suerte tengo la costumbre de empacar ropa de día por si acaso... De todas formas el vuelo salió 20 minutos tarde pero llegamos a tiempo. A pesar de ser un expreso tienen concentradores USB lo cual es muy inusual pero un masivo pulgar hacia arriba."
IBS_0186,Iberia Express,Desconocido,Madrid,Fuerteventura,Domestic,diciembre de 2023,1,"Fuimos de viaje en pareja a Fuerteventura. Con Iberia express. Compramos asiento XL. 15 euros cada uno. O sea, 30 euros.Y nuestra sorpresa fue que no nos dieron esos asientos. Realizamos una reclamación y contestación, a veces se cambia de avión. Y no nos han devuelto el dinero. Quiero agradecer a la jefa de azafatas por su gran trabajo y atención. Nos dijo que pasa muy a menudo. Venden asientos que no corresponden"
IBS_0187,Iberia Express,Desconocido,Madrid,London,Europe,noviembre de 2023,1,"Horrible atención al cliente, nuestro vuelo fue cancelado con 4 horas de antelación y cuando nos pusimos en contacto con ellos simplemente dijeron que un reembolso era la única opción, no nos pondrían en otro vuelo u ofrecer ningún tipo de apoyo. Ni siquiera nos reembolsaron y hemos tenido que pasar por el banco para recuperar nuestro dinero, se están cerrando reclamaciones diciendo que un reembolso es suficiente cuando las regulaciones dicen que deberían haber hecho más y nos deben una compensación."
IBS_0188,Iberia Express,Desconocido,Las Palmas de Gran Canaria,Madrid,Domestic,diciembre de 2023,1,"Para Javier Cárdenes que he tenido un problema con ese tio que tienen hay supuestamente para atención al cliente y lo unico que hace es repetir las cosas como si fuera un robot,He hecho una reserva el día 29 de noviembre con una oferta del black friday y hoy dia 5 de diciembre me llaman para decirme que esa reserva se ha cancelado,y que en unos dias me devolverían el dinero,lo de estas gente que trabaja a traves de un telefono es increible que sean tan poco empatico,unos cuantos cursos de hospitalidad les hace falta a mas de uno para que sepan ponerse en el lugar del otro"
IBS_0189,Iberia Express,Desconocido,Madrid,Santa Cruz de la Palma,Domestic,noviembre de 2023,1,"Todavía no he viajado y no sé si lo haré ,desde el comienzo de la compra todo han sido fallos por parte de Iberia express y de Iberia no solucionan nada ,mienten pero bien que se quedan con el dinero No viajen nunca con ellos son una estafa Quiero crear una plataforma de afectados por estas compañías para que paguen por el abuso e indefensión que crean a sus clientes Quien se une ? Cuantos más seamos más conseguiremos"
IBS_0190,Iberia Express,Desconocido,Tenerife,Madrid,Domestic,noviembre de 2023,1,"Compré 3 billetes de ida y vuelta desde Tenerife a Madrid con la tarifa Clasic Plus, la que incluye un primer cambio sin coste. Mi sorpresa fue que al intentar cambiar la fecha del vuelo (solo te lo permiten vía telefónica). Me querían cobrar por gastos de gestión e incremento de tarifa (cuando yo comprobé en la web que la tarifa era la misma), el doble de lo que sale sacarlo de nuevo por la web. Y te dicen que por teléfono ellos trabajan con otros precios. No te queda más remedio que desechar los billetes anteriores y sacar unos nuevos. ¿De verdad a una compañía como Iberia le hace falta realizar este tipo de engaños por ganar un poco más?, ¿no les importa perder clientes?, ciertamente creo que les da igual, si no, no harían esta estafa y atenderían a los clientes como realmente merecen. De verdad si vuelan con ellos, no se les ocurra pagar más por tener la posibilidad de cambio de fecha, de todas formas lo van a perder, a menos que quieran pagar mucho más que por sacar otro nuevo. Voy a reclamarlo a la compañía, pero ya me espero el resultado....me temo que ni responderán, no sé si en AESA podrán hacer algo contra esta estafa, pero lo intentaré también por ese medio y por supuesto a partir de ahora siempre que pueda intentaré evitar esta compañía, y llevo más de 30 años volando con ellos."
IBS_0191,Iberia Express,Desconocido,Las Palmas de Gran Canaria,Madrid,Domestic,abril de 2023,2,"Vuelo con Iberia desde 1.974, 49 años fiel a la compañía , en el vuelo del jueves 6 de abril pasado tuve una muy mala experiencia. Cuando llevábamos una hora de vuelo me dió un apretón y fui al wáter, cuando termine encendí un poco de papel higiénico durante dos segundos para absorber el mal olor y apagándolo con agua del lavabo antes de tirarlo a la papelera, a los cuatro mnts viene una azafata y me dice que si fumé en el wáter, yo le dije que no,le expliqué lo que había hecho y me dijo que la acompañará, me estaban esperando las otras azafatas ( tres y dos personas de paisano que imagino eran de la compañía y volaban gratis,), entonces me dice señalando al suelo donde estaba la papelera volcada con papeles de baño y un cigarrillo sin filtro, le reiteré lo que antes escribí y que ese cigarro no era mío, que me dejara unos guantes para buscar el papel mojado, entonces empezó a recriminarme diciendo que había puesto el vuelo en peligro y bla bla,se enteraron muchos pasajeros y sentí vergüenza e impotencia, soy minusválido y ya iba con dolores que se acrecentaron por el stress de la situación, el resto del vuelo 1,45 lo pasé muy mal y disgustado. Cuando aterrizamos yo por la minusvalía y porque me recogen en silla de ruedas, abandono el avión el último. Estaban las azafatas y el Comandante del avión y le dije "" me parece muy mal y de poca educación de la forma que me han tratado y la vergüenza de decírmelo con pasajeros oyendo y que me imaginaba que usted (al comandante) ya tenía conocimiento del suceso. Me despedí PERO HA SIDO EL PEOR VUELO Y EL PEOR TRATO RECIBIDO EN 49 AÑOS DE USUARIO DE IBERIA."
IBS_0192,Iberia Express,Desconocido,Lanzarote,Madrid,Domestic,noviembre de 2023,1,"EL SÁBADO 28 DE OCTUBRE INTENTÉ 8 VECES COMPRAR 4 BILLETES DE AVIÓN PARA VIAJAR DEL 23 DE DICIEMBRE AL 30 DE DICIEMBRE DE LANZAROTE A MADRID. LO PROBÉ EN VARIOS ORDENADORES, Y NAVEGADORES. LA PÁGINA DABA ERROR TRAS LA ACEPTACIÓN DE LA OPERACIÓN. UNA DE LAS VECES PROBÉ A PAGAR CON TARJETA PREPAGO Y ME LO COBRARON PERO LA PÁGINA SIGUÓ DANDO ERROR Y NO EMITIÓ EL BILLETE. TRAS UN SINFÍN DE LLAMADAS A ATENCIÓN AL CLIENTE, DONDE CADA UNO ME HA DICHO UNA COSA DIFERENTE, DONDE NO ME PUEDEN AYUDAR NI REDIRIGIR A ALGUIEN QUE PUEDA AYUDARME Y HASTA ME HAN COLGADO, YA ESTAMOS A UNA SEMANA DESPUÉS, Y NO ME HAN DEVUELTO EL DINERO. PRIMERO ME DICEN 24 HORAS, OTRA 48 HORAS, OTRAS DE 7 A 10 DÍAS, OTRO QUE SI 20 DÍAS, OTRO QUE LA FECHA DEL CORTE DE MI TARJETA, Y ASÍ SUCESIVAMENTE. SE HAN QUEDADO CON MI DINERO A CAMBIO DE NADA, Y NO SON CAPACES DE DEVOLVERLO SIENDO UN ERROR, Y YO YA NO PUEDO COMPRAR LOS BILLETES. HE HABLADO VARIAS VECES CON MI BANCO, Y ME INDICAN EN CÓDIGO DE OPERACIÓN EN EL QUE IBERIA EXPRESS ACEPTÓ MI DINERO A CAMBIO DE NADA LOS OPERADORES, NO ME OFRECEN UNA SOLUCIÓN PARA PODER PONER UNA RECLAMACIÓN POR LA WEB SIN CÓDIGO DE RESERVA. DESPUÉS DE ROGARLE QUE ME DIJERAN CÓMO RECLAMAR CUANDO NO TIENES BILLETE PERO TE LO HAN COBRADO. ES VERGONZOSO QUE POR UN ERROR DE SU PÁGINA SE QUEDEN CON MI DINERO HASTA SABE DIOS CUANDO, A CAMBIO DE NADA. VAMOS, LO QUE VIENE SIENDO UN ROBO POR TODA LA CARA. ADEMÁS NI TAN SIQUIERA ME OFRECEN FACILITARME UN BILLETE YA QUE ME LO HAN COBRADO. HE PERDIDO HORAS HABLANDO CON EL BANCO Y CON LOS OPERADORES POR FALLOS QUE NO SABEN NI QUIEREN SOLUCIONAR. LO DICHO, ES UN ABUSO Y UN ROBO. VERGONZOSA LA ACTITUD DE IBERIA EXPRESS."
IBS_0193,Iberia Express,Desconocido,Palma de Mallorca,Madrid,Domestic,octubre de 2023,1,"Ten cuidado cuando reserves asientos en esta línea aérea. Pagamos por asientos de la fila 7 y pagamos extra por un asiento más cómodo. ¡Nos colocaron en la fila 33! La parte trasera del avión y no reembolsó nuestro dinero. Pensé que esta aerolínea era mejor que una aerolínea económica, pero me entristece decir que no lo es. Total injusticia y caro para una aerolínea económica. La próxima vez estaré volando otra aerolínea económica que sea más barata ya que el trato es igual o peor."
IBS_0194,Iberia Express,Desconocido,Las Palmas de Gran Canaria,Madrid,Domestic,octubre de 2023,1,"Desde que facturamos hasta que llegamos a destino todo fueron inconvenientes. Nos dieron dos tarjetas de embarque con el mismo nombre , Cuando llegamos a la puerta de embarque nos dice que nos cambian el asiento por la cara ,y cuando ya estamos dentro del avión el asiento que nos habían dado estaba ocupado ,conclusión que después de llegar dos horas antes para coger nuestros asientos e ir dentro de lo justo que ya se va algo cómodo ,,pues al final tuvimos que ir separados y en los asientos del centro letra F..porque después de pagar al final te sientan donde a ellos les da la gana...IBERIA hay que mejorar."
IBS_0195,Iberia Express,Desconocido,Madrid,Ibiza,Domestic,octubre de 2023,1,"Me da mucha pena porque he volado mucho con Iberia a lo largo de mi vida pero no puedo arriesgarme a que esto me vuelva a ocurrir Mucho CUIDADO al comprar por la web de IBERIA Express. Me han pasado 4 cargos como si de 4 vuelos distintos se tratara, 2 cargos de 496€ y otros 2 de 453€. Imaginaros como me quedé cuando lo vi en la App del banco. Recibo un email y que debido a una incidencia técnica diciendo que se me ha comprado duplicado y me devolverían el importe de 3 a 6 días. A los 4 días me pasan otro cargo de 496€ y me hacen un reembolso de 473€. Estoy pensando en bloquear la tarjeta por si me pasan mas cargos, no pueden hacer lo que les da la gana porque introdúzcanos los datos de nuestras tarjetas en su web. Lo peor es que llamas a la Linea de atención al cliente (que se nota que están externalizadas fuera de España) he hablado con 7 de sus “gestores” y cada uno me ha dado una solución diferente… He puesto una reclamación en la web, me ha llegado el típico correo de confirmación y que tienen hasta 20 días sin responder. Y de mientras con más de 1000€ que me deben. Ya le estoy pasando los datos a un abogado, porque esto es de guardia.."
IBS_0196,Iberia Express,Desconocido,Madrid,Amsterdam,Europe,octubre de 2023,1,"Si quieren sentirse aplastados x el sistema, llamen a la atencion al cliente de Iberia. No encontraran solucion a problemas generados por ellos mismos. Imposible cambiar billetes tarifa classic plus en linea, y tampoco x telefono. Mas de 3 llamadas, mas de 1hora con el hilo musical, no saben resolverlo. Es un fraude, xo a ver quien se pelea con Iberia. Una vergüenza."
IBS_0197,Iberia Express,Desconocido,Madrid,Menorca,Domestic,octubre de 2023,1,Reservamos 2 billetes en cabina para nuestros perritos. El precio era de 25€ por perro/trayecto ( consultado por teléfono ) pero nos obligaban a pagar en el aeropuerto no dejaban online…cuando llegamos allí el precio era de 40€ perro/trayecto y nos obligaron a ir en asientos separados después de haber reservado y pagado por ir juntos mi acompañante y yo…el trato súper desagradable con la supervisora Ana ( En Madrid T4 ) que nos amenazó con no dejarnos volar por querer reclamar y buscar soluciones …no volveremos a viajar con esta compañía 🤮
IBS_0198,Iberia Express,Desconocido,Madrid,Tenerife,Domestic,octubre de 2023,1,"Viajo con una mascota en cabina, llamo para ver la disponibilidad (Max 2 x avión) y que casualidad, no es posible. Cambiar el horario del vuelo triplica el precio (+ el billete de la mascota 60€) Ofrecen este servicio ridículo, para obligarte a realizar cambios y ocasionarte más gastos. En el último vuelo, me pasaron dos veces la tarjeta y me duplicaron el cargo, y reclamar es misión imposible. @iberiaexpress compañía TRILERA tendrían que regular más a esta mafia de compañía aérea."
IBS_0199,Iberia Express,Desconocido,Madrid,Manchester,Europe,septiembre de 2023,2,"Preferiría ir Ryanair, ¡ya basta! Esta es mi segunda vez con Iberia Express después de unos años de descanso. Todavía tengo el peor espacio para las piernas. Personal oficiosa y nunca una sonrisa. No había pagado nada de equipaje, solo el tamaño de la bolsa debajo del asiento gratis. Que insisten en que va debajo del asiento, incluso cuando hay espacio libre en las taquillas. Ahí es cuando todo el mundo ha abordado, así que no estamos hablando de asegurarnos de que haya espacio en las taquillas para los pasajeros que aún deben abordar. Gente grosera"
IBS_0200,Iberia Express,Desconocido,Lima,Madrid,International,septiembre de 2023,1,"Estoy decepcionada de esta aerolínea de sus políticas que no informan que documentos debe tener para viajar con ellos, su personal es malo no hay buen trato al cliente, no te brindan ninguna solución todo es malo y su call center es pésimo te cuelgan, te dan una dirección donde supuestamente hay una oficina de la aerolínea no existe les agradeceria que mejoren como empresa y te den todos los beneficios necesario porque se paga por su servicios no es GRATIS y para el colmo se quieren quedar con el dinero de uno, me parece un abuso de su parte y SON UNA PORQUERÍA DE AEROLÍNEA."
IBS_0201,Iberia Express,Desconocido,Berlin,Madrid,Europe,septiembre de 2023,1,Lamentable sin aire ni agua... Aquí más de 30 minutos y encima las azafatas diciendo que lo van a poner
IBS_0202,Iberia Express,Desconocido,Tel Aviv,Madrid,International,septiembre de 2023,5,"Servicio increíble, buena comida, personal amable y cálido (falda española era tan bonita) . Asientos espaciosos y cómodos. ¡Volveremos a volar con ustedes!"
IBS_0203,Iberia Express,Desconocido,Tel Aviv,Madrid,International,septiembre de 2023,2,"LLegamos al aeropuerto cerca del embarque, dimos unas vueltas por el aeropuerto y anuncian por el parlante el cambio de gate. Nos fuimos rápidamente a la puerta de embarque y al llegar no quedaba nadie, el personal de la linea aerea desaparecido. la nueva puerta quedaba muy muy lejos, distancia que con mis bastones no puedo caminar. La linea aerea no me fue a buscar, no ayudó en nada. Mi marido habló con otra gente y logramos llegar. Al llegar a Madrid, no habia para mi silla de ruedas ni nada. Las azafatas me dijeron que caminara por la manga hasta arriba y allí me esperaban para llevarme. Lo hice con esfuerzo y al llegar arriba estaba desierto, no había nadie. A través de unos vidrios nos pusimos a gritar para pedir ayuda hasta que media hora después apareció un señor con una silla. Dijo que había ido hasta el avión y estaba cerrado, todo el personal había desaparecido. Pésima linea aérea. el personal horrible."
IBS_0204,Iberia Express,Desconocido,Santa Cruz de la Palma,Santiago de Compostela,Domestic,agosto de 2023,1,"Me he sentido engañado. Me ofrecieron facturar mi equipaje de mano(partiendo de la base que la maleta era algo superior en dimensiones y pesaba 13 kilos), al ir a facturar, la señorita me obligó a pagar 50 euros por sobrepeso(totalmente legal) Quise irme, ya que se que en el embarque nadie me iba a pesar la maleta, no me lo permitió (ya que ella iba a estar en el embarque (mintió) y ya sabía el peso. Ni siquiera me ofreció liberar el peso con la mochila que llevaba. Si, todo legal, pero por hacer caso a su mail, me tocó pagar 50 euros. En el embarque no habría tenido problemas(tengo fotos de gente con maletas grandes, e incluso 3 bultos) Siempre pensé que no erais una LowCost(y así me lo habéis recalcado varias veces por teléfono) Habeis pasado a ser LowCost y como tal, al hacer una reserva, ya no seréis una de mis prioridades (os anteponía siempre a pesar del precio). Sois una más, y seguro que perderéis en la elección en mi siguiente viaje. Habéis perdido un cliente. Tenéis muchos, no notaréis mi pérdida."
IBS_0205,Iberia Express,Desconocido,Madrid,Las Palmas de Gran Canaria,Domestic,agosto de 2023,1,"Título: Experiencia frustrante y poco profesional con el servicio de atención al cliente de Iberia Express Mi reciente interacción con el servicio de atención al cliente de Iberia Express ha sido una experiencia extremadamente frustrante y poco profesional. Necesitaba solicitar una factura y me vi obligado a llamar, ya que la opción de hacerlo a través de un formulario en línea simplemente no está disponible. Este primer obstáculo es decepcionante, ya que en la era digital se espera que una compañía como Iberia Express ofrezca métodos más convenientes para sus clientes. Sin embargo, la verdadera fuente de mi insatisfacción fue mi conversación telefónica con uno de los operadores de atención al cliente. Después de esperar en línea durante un tiempo considerable, finalmente me atendieron solo para que me dijeran que no podían ayudarme en ese momento debido a una supuesta actualización en curso. Esta falta de previsión y organización es inaceptable por parte de una aerolínea de renombre. Lo más desconcertante fue cuando solicité que me enviaran la factura por correo electrónico, una solicitud que parecería razonable dada la situación. Sin embargo, el operador se negó categóricamente a cumplir con esta simple petición. No puedo comprender por qué una compañía moderna y supuestamente orientada al cliente como Iberia Express no puede proporcionar una solución tan básica y conveniente. La experiencia en su conjunto me dejó con la impresión de que Iberia Express no valora realmente el tiempo ni las necesidades de sus clientes. La falta de opciones en línea para solicitar facturas y la incapacidad de los operadores para ofrecer asistencia adecuada, junto con la negativa a enviar la factura por correo electrónico, dan la sensación de una atención al cliente ineficiente y poco comprometida. En resumen, mi encuentro con el servicio de atención al cliente de Iberia Express ha sido una experiencia lamentable. No solo carecen de soluciones prácticas y modernas para las necesidades de los clientes, sino que también parecen carecer de la capacidad de brindar asistencia oportuna y eficiente. Esperaba mucho más de una compañía de renombre como Iberia Express y, desafortunadamente, esta experiencia ha dejado una impresión negativa duradera en mí."
IBS_0206,Iberia Express,Desconocido,Madrid,Tenerife,Domestic,septiembre de 2022,1,"No llegué a viajar y no se me dio opción a posponer el billete, a cambiarlo o a devolución. Ni siquiera he podido tramitar una reclamación, a pesar de que la ley de navegación aérea les exige prestar esos derechos, me parece un servicio vergonzoso para una compañía de tal entidad. No cumple ni los servicios más básicos. Resultado, 500€ de beneficio para ellos SIN haber prestado ningún servicio. Así es como se consigue ser una empresa de tanta magnitud."
IBS_0207,Iberia Express,Desconocido,Hamburg,Madrid,Europe,septiembre de 2022,1,"Iberia perdió mis 4 maletas. Me dejaron en Madrid sin ropa a toda mi familia, incluido dos niños. Me dijeron que comprara algo de ropa que ellos abonaban la factura, pues 1 año después sigo esperando. No contestan los correos, no contestan las reclamaciones, ni siquiera la de consumo. Cabe destacar que la ultima maleta la recibí dos meses después rota y tampoco se hicieron cargo. Vamos... Que con IBERIA es mejor viajar con equipaje de mano. Me decepcionó que una empresa como es IBERIA tenga un trato tan nefasto al cliente. Mentirosos, ladrones y poco profesionales, sobre todo el personal de atención al cliente. LAMENTABLE."
IBS_0208,Iberia Express,Desconocido,Lanzarote,Madrid,Domestic,agosto de 2023,5,"Quería expresar mi agradecimiento a toda la tripulación del vuelo IB3855 ACE-MAD de las 17:15 del pasado día 20/08/2023 por su atención y disponibilidad, y que así se lo transmitieran. En especial querría destacar a la comandante del vuelo, que estuvo recibiendo a todo el pasaje en ACE a la puerta del avión, así como invitando a ver la cabina de vuelo a todos aquellos niños que bien lo solicitaban, bien miraban con emoción dicha cabina cuando entraban. Con actitudes tan humanas como ésta, estoy seguro que la comandante cumplió el sueño de muchos niños y posiblemente sembró el germen de futuros pilotos para su compañía. Asimismo, la comandante informó de las posibles condiciones del aterrizaje por fuertes térmicas en LEMD, tranquilizando de esta manera a todos aquellos pasajeros que pudieran llegar a tener ""miedo"" ante esta circunstancia del vuelo. Además, una vez aterrizados, se despidió de todos nosotros a puerta de cabina. Ojalá todos los comandantes de la compañía tuvieran este comportamiento. Sin otro particular me despido. Un cordial saludo"
IBS_0209,Iberia Express,Desconocido,Madrid,Palma de Mallorca,Domestic,agosto de 2023,1,"Overbooking, al final subimos. Salimos con retraso y el comandante dos veces dijo que era porque no querían dejar a unos de vacaciones sin sus maletas. A nosotros casi nos dejan sin vacaciones. A la llegada no salen las maletas, de camino a reclamar veo que en una pantalla aparece equipaje perdido vuelo Madrid, allí estaban... Un auténtico desastre y vergüenza que te hagan comenzar así las vacaciones con tu hijo, después de un año intenso de trabajo."
IBS_0210,Iberia Express,Desconocido,Berlin,Madrid,Europe,agosto de 2023,1,"No pienso viajar más con Iberia express. Razones: - Pago por unos asientos que NO ME ASIGNAN ni a la ida ni a la vuelta. Según ellos los vuelos van llenos y nos reubican.... Lo único que puedo hacer es poner una reclamación (viajo con dos niños menores y mi mujer; nos separan). - Todas las maletas se quedan en Berlín a la vuelta. Tenemos un viaje familiar programado y lo tenemos que posponer hasta que nos envíen las maletas, una gracia enorme... Además tenemos que estar en casa porque no nos indican a qué hora las traerán ni el día... TODO MAL"
IBS_0211,Iberia Express,Desconocido,London,Palma de Mallorca,Europe,agosto de 2023,5,"Cuando volé por primera vez con iberia me mostré escéptica debido a las malas críticas en diferentes plataformas. Pero me equivoqué, ya que tenía un vuelo de conexión me detuve en madrid para continuar a mallorca y mis dos vuelos salieron tarde pero llegaron antes de lo previsto, el personal era amable y los casos quedaron sin daños (aparte de una huella en la maleta de mi papá, pero no había daños interiores o exteriores. En realidad no reservé con Iberia, me subieron al vuelo cuando mi vuelo original fue cancelado (con otra aerolínea), así que no sé cuál es el rango de precios, pero como esta es considerada una aerolínea económica, definitivamente recomendaría ya que honestamente hubo pocos o ningún problema, aparte de un pequeño problema donde siguieron cambiando el número de la puerta y luego dijeron que nuestra puerta estaba cerrada cuando no lo estaba, pero eso podría haber sido el problema de los aeropuertos, pero ni siquiera causó mucho problema."
IBS_0212,Iberia Express,Desconocido,Madrid,Barcelona,Domestic,julio de 2023,1,"Es una aerolínea mala, terrible, idiota y estúpida. No me dieron mi caja y tenía un poco de cosas valiosas en mi caja! Cuando lo llamé fueron tan groseros Y cortaron la llamada antes de que pudiera quejarme y el inútil que me atendió le gritaba al cliente."
IBS_0213,Iberia Express,Desconocido,London,Madrid,Europe,agosto de 2023,1,Casi imposible cambiar sus vuelos. Quería empujar mi vuelo hacia fuera y no hay una manera sencilla de hacerlo. Tienes que llamar e incluso entonces otras revisiones han declarado que las llamadas toman más de una hora de espera. No estoy seguro de por qué en esta era no puede haber una simple función de reprogramación con tarifa adicional para compensar.
IBS_0214,Iberia Express,Desconocido,Tel Aviv,Madrid,International,agosto de 2023,4,"El vuelo fue excelente, la comida era agradable (desayuno nos dieron una taza con fruta, yogur y un sándwich con queso búlgaro, el vuelo fue 4. 5 horas. El entretenimiento era agradable, había una variedad de películas a través del teléfono e información sobre el vuelo. Sin embargo, las azafatas a veces me ignoraban cuando trataba de hablar con ellas. Importante Tener en cuenta que el vuelo se retrasó una hora y media pero por problemas en el aeropuerto y no por culpa de la compañía. Sin duda volveré a volar."
IBS_0215,Iberia Express,Desconocido,Madrid,Copenhagen,Europe,agosto de 2023,2,Fatal check in y baggage drop off. Barajas T4 como en cualquier aeropuerto der tercer mundo. Colas inmensas. Y encima han perdido las maletas y estamos crucero. Nos han fastidiado el viaje. Estamos en los fiordos con ropita de verano .... Flipa! Y todo por que el comandante quiso salir a tiempo y dejó todo el equipaje en barajas. Encima el muy perdió el slot y salimos con un cuarto de hora de retraso. ¿Se puede hacer peor?
IBS_0216,Iberia Express,Desconocido,Madrid,Tel Aviv,International,junio de 2023,2,"El vuelo estaba bien. Probablemente no vuelva a volar Iberia Express a menos que haya una diferencia de precio significativa, especialmente en una ruta tan larga (MAD a TLV; aproximadamente 4. 5 horas) , porque el asiento era muy incómodo. Parecía que apenas había acolchado, y el espacio para las piernas era básicamente inexistente (mido 5 '10 "", y mis rodillas se estrellaron contra el respaldo del asiento). El entretenimiento en vuelo estaba bien, aunque limitado. Extrañamente, las azafatas dijeron que nadie podía usar los baños durante el vuelo, y siguieron repitiéndolo, a pesar de no hacerlo cumplir en absoluto. Sé que Israel tiene reglas sobre mantener a todos sentados mientras el avión está en su espacio aéreo, pero no mientras dure el vuelo. Además, la comida kosher no era muy buena (ensalada de atún mexicana? Fue tan bueno como parece. ). En el lado positivo, el vuelo estaba a tiempo, mi equipaje llegó, y las azafatas nos cuidaron bien de lo contrario (incluso anunciaron que la gente podía cambiar de asiento después de que todos hubieran abordado, lo que fue agradable porque había asientos abiertos en la fila de salida)."
IBS_0217,Iberia Express,Desconocido,Ibiza,Madrid,Domestic,mayo de 2023,3,"La alineación basada en el número de grupo y yo era el grupo 2 y el asiento 6 A. Cuando abordé el avión, estaba súper cálido a bordo. La carga de pasajeros fue rápida, nos separamos de la puerta a tiempo y despegamos 10 minutos después. Tenía una gran vista de la isla desde el lado izquierdo del avión. Los asientos no se reclinan y no había servicio a bordo con Iberia Express."
IBS_0218,Iberia Express,Desconocido,Palma de Mallorca,Madrid,Domestic,julio de 2023,1,".muy mal atendido,pues no me dejaron abordar el avión pues tenia un boleto con descuento de residente y al llegar a chequear. Me dijeron que mi.nie de residencia en españa no era suficiente que necesitaba un certificado de residencia les mostré un certificado de empadronado con la dirección de mallorca válido por 6 meses donde resido y me dijeron que no me serviría para demostrar que vivo en la isla en fin perdí mi vuelo de ida y de vuelta y por supuesto mi dinero ,y la jefa de turno me trató muy mal"
IBS_0219,Iberia Express,Desconocido,Madrid,Las Palmas de Gran Canaria,Domestic,julio de 2023,1,"Compré 3 billetes con tarifa CLASSIC PLUS con los incrementos en el precio correspondiente (cada uno a 395€) para tener la posibilidad, si era necesario, de realizar el cambio de alguno de ellos. Al tratar de cambiar uno me pretenden cobrar 30€ por la gestión del cambio + 45€ de penalización por realizar el cambio el día anterior a la salida del vuelo + 110€ por los nuevos pasajes de ida y vuelta (aunque los nuevos aparezcan en internet a 252€ es decir más de 100€ más baratos que los que yo compré)"
IBS_0220,Iberia Express,Desconocido,Paris,Madrid,Europe,julio de 2023,2,Lo barato sale caro. Te cobran si queres despachar una valija normal y si queres elehir asiento. Los asientos son muy incomodos. Como si fuera poco me obligaron a despachar mi valija de mano. Pague por una valija de 23 kg y cuando llegue al aeropuerto me dijeron que el pago que habia realizado era solo por ida. No es logico si uno tiene pasaje de ida y vuelta. En equipaje gaste E 100 ademas del pasaje
IBS_0221,Iberia Express,Desconocido,Tenerife,Madrid,Domestic,julio de 2023,1,"El servicio de catering pésimo, vuelo realizado a las 22 horas y no tenían nada de comer, nefasto pésimo una vergüenza el catering. Las azafatas de 10, pasándolo mal por no poder ofrecer nada, bo tenían ni hielos para la bebida."
IBS_0222,Iberia Express,Desconocido,Ibiza,Madrid,Domestic,julio de 2023,1,"Pésima atención. Nos han hecho facturar el trolley en el embarque, cuando luego estaba casi todo vacío en cabina. Y no dan gran explicación. Voy con 2 niños. Si quiero facturar me voy en Ryanair. Estoy pagando más para nada."
IBS_0223,Iberia Express,Desconocido,Palma de Mallorca,Madrid,Domestic,julio de 2023,1,"ESTAFA y nula atencion al cliente Fecha del acontecimiento 2023-07-09 Compre un billete para el 3 de Agosto, con opción ""cambio de fecha sin penalización""sujeto a tarifa. Pago 35 euros. Intento hoy cambiar la fecha a un vuelo el 2 a 37,95 Euros. Diferencia 5,95. Primera sorpresa: no dejan cambiar online, y pretenden cobrarme 30 euros de ""gastos de gestión"". Tras mucha discusión y una larga espera me dicen que sin gastos. Segunda sorpresa Larga espera mientras ""consultan la tarifa"", consulta que yo he realizado en un segundo., 37, 98 Euros. Cinco euros con 98 mas. Por fin me comunican que tengo que pagar....42 EUROS por el cambio!!!! Porque ""las tarifas suyas de ellos no tienen NADA que ver con las de la web. Esas son si ESTAS COMPRANDO EL BILLETE!!! Es decir, ""no penalizan"", pero MAS QUE DOBLAN EL PRECIO DEL BILLETE. El nuevo billete ""call center obligatorio"" pasa a costar 32+42= 74, es decir, el doble que si tirara el ""CAMBIABLE SIN PENALIZACION"" Y COMPRARA EL QUE TIENEN A LA VENTA POR 37, 95 euros. UNA ESTAFA EN TODA REGLA. Dos horas perdidas para nada! Y su pagina de reclamaciones pregunta de todo lo habido y por haber....y luego no funciona!! .O sea, sin penalización llaman cobrar el doble de la tarifa que figura para el vuelo en internet????? Es indignante e impresentable, en lo sucesivo volare con Air Europa."
IBS_0224,Iberia Express,Desconocido,Dublin,Madrid,Europe,julio de 2023,1,Tras tres llamadas al telefono de atencion al cliente sigo sin tener respuesta a un simple cambio de nombre propio o cancelacion de la reserva de un vuelo para diciembre 2023. Las llamadas son como el dia de la marmota....y no resuelven nada....Vuelos tres veces más caros que los de RyanAir o Airlingus que compré por el mero echo de que son para una menor no acompañada y aquí me ves....con un problema de casi 500€
IBS_0225,Iberia Express,Desconocido,Seville,Madrid,Domestic,noviembre de 2022,1,Increíble intención de estafa cancelan un no quiero reembolsar mi dinero solo un bono Context. Hice una reserva hace un mes hoy cancelan un cambio de más de 4 horas tengo una conexión a EE.UU. no puedo aceptar este cambio. llamo y ofrecen reembolso o aceptar lo digo claramente busco mis mejores opciones antes. Hago mi trabajo cambio las fechas de mis hoteles compro ticks de otros cuando llamo se niegan a reembolsar mi dinero y ofrecen solo un bono porque dicen que acepto sus condiciones. No es cierto en absoluto cómo puedo tomar un vuelo para las 4 pm cuando mi conexión es a las 11 : 55 am? En ese momento actualizo la ley el representante del cliente deja caer el teléfono y termina la llamada. En 3 veces seguidas más de 4 personas tomando 11. 29 pm No puedo resolver nada todavía desde las 2 pm. No se cuanto mas tiempo tome y estrese esta aerolinea causa que me resuelva pero por favor tome un tren no vuele dentro de pais o europa con iberia exprese esto la peor expierence y la peor compañia con el peor servicio al cliente.
IBS_0226,Iberia Express,Desconocido,Paris,Madrid,Europe,julio de 2023,1,La horrible experiencia nunca volverá a volar con esta aerolínea. Pagaré el doble por no volver a volar con ellos.
IBS_0227,Iberia Express,Desconocido,Madrid,Palma de Mallorca,Domestic,julio de 2023,1,"Quería viajar con mi mascota, por lo que llamé previamente para asegurarme que habían plazas disponibles para los vuelos que deseaba comprar (porque en la web especifica que pagas el transporte del animal en el aeropuerto previa validación de aforo). La operadora me confirma que hay disponibilidad en ambos vuelos. Los compro, llamo para reservar la plaza del perro y no hay aforo disponible.... Me toca pagar la diferencia de precio de otro vuelo (más caro que en la web....), pago por teléfono según me va indicando el chico y sorpresa.... No me añade las dos maletas que compré para facturar. Vuelvo a llamar y (después de 15 minutos de nula conversación y todo esperas) me dicen que reclame el abono del pago de las maletas por la web de Iberia!!!!!! Nefasto servicio. Y buscad teleoperadores con más sangre...."
IBS_0228,Iberia Express,Desconocido,Madrid,Las Palmas de Gran Canaria,Domestic,junio de 2023,1,"Ayer suspendieron un vuelo sin justificación aparente a las 14:40 y nos tuvieron en el aeropuerto hasta las 23:55. En concreto, solo nos ofrecieron una comida. Yo que estoy con una enfermedad y discapacidad llegue con fatal. Tengo hasta fotos como termine. Nos dijeron que nos fuéramos por si lo adelantaban. y no nos dieron una solución rápida. Trato inhumano. Niños pequeños chillando ya del cansancio y sin solución."
IBS_0229,Iberia Express,Desconocido,Madrid,Lanzarote,Domestic,junio de 2023,1,"No gasteis el dinero en la tarifa classis plus pensando en que quizas tengais que hacer un cambio. Segun su web esta tarifa incluye un cambio sin coste, pero es MENTIRA, luego te cobran gastos de gestión, de penalización y de cambio.... TE SALE MAS BARATO COMPRAR DOS BILLETES NORMALES."
IBS_0230,Iberia Express,Desconocido,Berlin,Madrid,Europe,junio de 2023,1,"Cuando aceptas una reserva de vuelo se bloquea y cuando vuelves a intentarlo el precio a subido unos cuarenta euros. Cada vez lo intentas cambia de precio, al alza claro. Hoy contratamos un vuelo lo aceptan. Dan el ok y vuelves a consultar y el precio a subido una barbaridad. Con la reserva del vuelo aceptada, vas a consultas y dice que no existe. Después de varios intentos conseguimos hablar con Iberia Express y dicen que a ellos si les aparece la reserva del vuelo y que en unas 24 horas nos darán una respuesta. Lo dicho unos sinvergüenzas y estafadores. Lo lo malo es que no hay nadie que proteja contra estos abusos."
IBS_0231,Iberia Express,Desconocido,Copenhagen,Madrid,Europe,mayo de 2023,1,"Esta calificación va 100% a su falta de servicio al cliente. Sin chat, sin email, sin formulario. Solo es posible comunicarse por teléfono, para hablar con alguien en inglés roto que parece que no se molestó en ayudar. Resultado: Mi billete de vuelta se fue por el desagüe, más de 200 €."
IBS_0232,Iberia Express,Desconocido,London,Madrid,Europe,mayo de 2023,1,"Esta aerolínea tiene posiblemente el peor servicio al cliente de cualquier aerolínea de Europa Occidental que he encontrado. Peor que cualquier otra aerolínea económica con la que haya tratado. Iberia debería avergonzarse de compartir su nombre con ellos. Recibí un correo electrónico dos horas antes de mi vuelo de regreso para decir que fue cancelado sin más información y que NUNCA se me enviaron más comunicaciones. Solicité un reembolso y no he recibido confirmación de esto y cuando llamé a su línea de servicio al cliente para obtener información, la persona murmuró una frase y luego ME COLGARON después de que le pregunté si podían confirmar que el reembolso estaba siendo procesado. Tampoco han respondido a ningún correo electrónico sobre la compensación obligatoria de la UE y me temo que tendré que pasar por las autoridades aéreas para ello. Nunca los volveré a volar y aconsejaría a cualquiera que lo considere volar una aerolínea de coste normal o una de presupuesto más establecido como Ryanair, Vueling o Easyjet. Hay una razón por la que tienen críticas terribles en tantos sitios en línea (trustpilot, etc. ). Comportamiento horrible de una aerolínea y nunca los volaré de nuevo."
IBS_0233,Iberia Express,Desconocido,Madrid,Lanzarote,Domestic,mayo de 2023,1,"Canceló el vuelo, no nos dieron motivos, la tripulación salió del avión jactándose varios de ellos de que se iban a su casa. 8h en el aeropuerto con niños y gente mayor sin darnos ni agua, ni explicación alguna, ni reubicación de vuelo...Es una vergüenza, todos llamando y ni caso, a mi amiga si la reubicaron y a mí no alegando que no había asientos DISPONIBLES (para ella si), me dieron la posibilidad de bisness class pagando la diferencia (500€), finalmente mi amiga viaja en el vuelo del día siguiente a la cancelación (el cual según ellos no había asientos, pero luego si, solo uno en bisness) y había ASIENTOS VACÍOS. DE VERGÜENZA, he viajado con Ryanair, easyJet, aireuropa y jamás me había pasado así, jamás en ningún sitio me habían negado información y reubicación. Os dejo unas imágenes de los damnificados, las colas eran inmensas."
IBS_0234,Iberia Express,Desconocido,Madrid,Las Palmas de Gran Canaria,Domestic,mayo de 2023,1,"No lo recomiendo ! Me cancelaron la reserva sin avisar, tuve que volver a comprar billetes teniendo ya abonado alojamiento y otros servicios. Me dejan hacer chekin del vuelo de vuelta pero no de ida. Compré plazas reservadas ya que íbamos con una niña y queríamos ir juntos, pues al llegar nos cambian los asientos sin ninguna explicación!....asientos super estrechos e incómodos.....no creí que podría decir esto pero prefiero otras low costo ya que sé a qué atenerme no como está que es sorpresa más sorpresa.... queríamos llevar equipaje de mano por tener concertado traslado y a la mitad de nosotros nos metieron maletas en bodega habiendo sitio de sobra en cabina...de pesadilla! A mi no me ven más el pelo está compañía"
IBS_0235,Iberia Express,Desconocido,Madrid,Tenerife,Domestic,mayo de 2023,2,"No se neofito en esto de los vuelos y se que las compañías utilizan oferta-demanda para subir precios pero últimamente cada vez que busco un precio de un vuelo como cliente de IberiaExpress (me identifico obviamente) me ofrece un precio que luego sube artificialmente, al volver a cargar la página para ver si se trata de un error vuelve a subirlo y así hasta el infinito. Está claro que es una estrategia comercial pero mas propia de un mercadillo de feria que de una empresa que se considera ""seria"". Como es lógico he intentado poner una reclamación y me encuentro que no hay manera de hacerlo, por lo que hago lo que me da la gana y luego no dejo que se quejen. Muy feo IberiaExpress."
IBS_0236,Iberia Express,Desconocido,Seville,Madrid,Domestic,mayo de 2023,2,"Vuelo carisimo, se entiende que es un puente, donde te quitan la maleta de mano para meterla a bodega como si eso fuese Ryanair, sin explicar el porque solo a ti y a unos pocos mas se la quitan. Vuelo llegando a Madrid a las 22 y pico de la noche y espera de la maleta de mas de media hora..asi que preparate para llegar a tu casa nunca..."
IBS_0237,Iberia Express,Desconocido,Madrid,Santa Cruz de la Palma,Domestic,abril de 2023,2,"Como la mayoría de las aerolíneas de bajo presupuesto, cobran por absolutamente todo. Llegaron con un carro de servicio en un vuelo de 3 horas. Le pedimos café de abeto. Eran 5€. También fue el peor café que he tomado. Era agua caliente, con un paquete de sabor a café instantáneo añadido. Los asientos eran incómodos, muy poco relleno. Podías sentir el marco del metro. Habíamos pagado por asientos reservados con prioridad de embarque, pero había un grupo grande, así que nos pidieron una verificación de pasaporte y nos dieron nuevas tarjetas de embarque con diferentes asignaciones de asientos. Estaban en la parte delantera del avión, pero todos los asientos eran idénticos, así que al final no importó. Solo volvería a usarlo, en un vuelo muy corto, o en un vuelo que no tuviera otra aerolínea reconocible."
IBS_0238,Iberia Express,Desconocido,Copenhagen,Madrid,Europe,abril de 2023,1,"Use la app para realizar la compra de mi billete, y realice el pago que al parecer por problemas de Iberia no se procesó. Pero yo recibi confirmacion en la aplicación que el pago se realizo con exito. En la application podia ver la reserva. Hoy (un mes después) me dió error al intentar ver los vuelos y cuando llame al servicio al cliente fue cuando me informaron que mi vuelo fue cancelado. Y que la única solución era comprar otro vuelo. Que ahora están el doble de caros. Y al parecer la única forma de crear una queja es rellenando un formulario en el cual no puedes expresar cual es el motivo de la queja. Desgraciadamente un pésimo servicio. Actualmente puedo ver mi reserva en el teléfono, y no pone que esté cancelada."
IBS_0239,Iberia Express,Desconocido,Paris,Madrid,Europe,abril de 2023,1,"El sitio web no funciona como debería, y la plataforma de pago bloquea tu dinero durante casi 7 días por cualquier transacción fallida, ten cuidado cuando compres boletos a través de esta empresa ya que el servicio al cliente no te da solución pero esperando entre 1 a 7 días hábiles, bloquean tu dinero durante 7 días no es broma."
IBS_0240,Iberia Express,Desconocido,Las Palmas de Gran Canaria,Madrid,Domestic,abril de 2023,2,Mal organizado y el personal muy antipáticos Decepción Total y sin ayuda ninguna y encima con bebés Sin ayuda por parte del personal en el Embarque
IBS_0241,Iberia Express,Desconocido,Madrid,Santa Cruz de la Palma,Domestic,abril de 2023,1,"menudos ladrones , permiten cambios de billetes por el triple de importe que lo compre, saliendo más barato comprar uno nuevo , que cambiar el que ya tenia , se aprovechan de la situación que no has más compañías que den este servicio directo, Mi cas: el billete inicial me costo 72 y cambiar solo un trayecto de dicho vuelo me costaba 300 y soy estudiente NO HAY DERECHO !!!!!!!!!!!!!!!!!!!!!!!!"
IBS_0242,Iberia Express,Desconocido,Fuerteventura,Buenos Aires,International,abril de 2023,1,"Esta opinión es para prevenir una sorpresa al comprar pensando que es el mismo paquete, no tiene nada que ver Iberia Express con Iberia, o sea si sacan un pasaje por Iberia Express pensando que ante algún problema con la combinación de un vuelo internacional van a reconocer la anomalía, no es así, pierden el vuelo y el dinero."
IBS_0243,Iberia Express,Desconocido,Tenerife,Madrid,Domestic,abril de 2023,1,"Para que posibles interesados tengan toda la información que Iberia Express no facilita con precisión y transparencia: Adquirí un billete en la tarifa business flex, que supuestamente no tiene restricciones, por si tenía que cambiarlo. En la información de la web, como puede verse, está tarifa, a diferencia de otras indica que los cambios son permitidos sin penalización, y los reembolsos también salvo no presentación al vuelo. Pero con una política que considero absolutamente engañosa, y en contra de lo que dicen en la información de la tarifa al comprar, al intentar cambiar el horario del vuelo de ida, al no permitir hacerlo en la web, llame al teléfono de atención, y me indican que el cambio, aún siendo en dicha tarifa, ¡cuesta 30 euros por trayecto y pasajero!, por gastos de tramitación. Increíble. Es decir, las tarifas de Iberia Express que al comprar en la web indiquen que no tienen gastos de cambio o reembolso, no es cierto. En caso de tener que hacerlo, te van a cobrar, en vuelos nacionales como es mi caso, 30 euros por trayecto y pasajero, de lo que te informan cuando llamas al servicio de atención telefónica, al no permitir hacerlo en la web. Y a saber la cantidad en vuelos internacionales."
IBS_0244,Iberia Express,Desconocido,Tel Aviv,Madrid,International,abril de 2023,1,"Familia de cuatro. El control en línea no estaba disponible, así que no se sentaron juntos aunque llegando al aeropuerto 3. 5 horas antes. El personal fue desagradable e incluso gritó a los pasajeros sin razón. No hay espacio para las piernas, está arrugado. ¡Me despertó uno de los mayordomos abriendo la mesa y colocando la vergonzosa bandeja de comida con un golpe en mi rodilla! ¡Nunca más volaré con ellos! ¡Deberían avergonzarse!"
IBS_0245,Iberia Express,Desconocido,Madrid,London,Europe,abril de 2023,1,"El personal español de ibéria express me paró 4 veces porque era rumana recibí en el último minuto un mensaje de texto que mi maleta de mano que estaba incluido en su alto precio para facturarla. Después de eso, les mostré a todos el estado del estatuto y la identificación que tengo derechos indefinidos para salir, permanecer en el Reino Unido. . no tienen ni idea de qué identificación o código de acción que necesita ingresar en el Reino Unido volando desde España y me detuvieron una y otra vez 4 veces que tomaron mi identificación llamaron a todos los supervisores una y otra vez 4 veces, Racismo que estaban diciendo cuando llamaban a su supervisor ""Tengo aquí un rumano que está volando a uk de una manera y me mostró un peper y la identificación, pero no sé si está bien o no este código "" Les dije que lo peor que puede pasar será en uk no me permita entrar en el país si este papeleo no está bien .. hostigamiento, racismo , juzgar al personal de Iberia Express .. por mi salud mental nunca repetiré volando con esta aerolínea española IBERIA EXPRESS .. NO RECOMENDARÁ A NADIE QUE VUELE CON IBERIA EXPRESS AIRLINES"
IBS_0246,Iberia Express,Desconocido,Madrid,Palma de Mallorca,Domestic,marzo de 2023,1,"mi reserva era M2CGR. Un Madrid Mallorca. Lo intento cambiar para un mes despues a Madrid Menorca con precio similar y con las aplicaciones de penalizacion, si lo hago con Atención al Cliente me sale 10% mas caro que tomar ese vuelo sin descuendo alguno desde internet con ellos mismos. ALUCINANTE!!!!!"
IBS_0247,Iberia Express,Desconocido,Madrid,Manchester,Europe,enero de 2023,2,"Pagué un asiento en clase ejecutiva para una amiga que viajaba de Madrid a Manchester en la última etapa de su viaje desde Cuba. Esto en el entendimiento de que tendría, entre otros beneficios, acceso al Iberia Lounge de Madrid. A su llegada a la Sala VIP, se le negó el acceso a pesar de que ni siquiera se le pidió que mostrara su pasaporte o tarjeta de embarque para demostrar su identidad o su derecho de acceso. Fue simplemente NO, no calificas. Mi amiga, al estar fuera de su zona de confort en un país desconocido, no tenía la confianza para impugnar la decisión. He escrito a Iberia express en 3 ocasiones, pero lo único que obtengo es una respuesta genérica y un rechazo que no responde a ninguna de mis preguntas... “Le pedimos que trate este incidente como un hecho excepcional, y le aseguramos que hemos remitido el asunto a la persona afectada para que pueda tomar las medidas necesarias para evitar este tipo de comportamientos en el futuro”. Además, sentado en la primera fila del avión antes de la salida, mi amigo, hispanohablante, escuchó a la tripulación de cabina referirse a algunos pasajeros de una manera vulgar y descortés a sus espaldas. La comida era terrible y ella dice que prefiere caminar a usar Iberia Express de nuevo!"
IBS_0248,Iberia Express,Desconocido,Madrid,Berlin,Europe,febrero de 2023,4,"Tomamos el vuelo de Madrid a Berlín y tuvimos el servicio económico, el personal fue servicial con nuestro equipaje, incluso nos preguntan si necesitamos otro tipo de ayuda para abordar el avión. Durante el vuelo obtuvimos algún servicio extra de la azafata que nos proporcionan mantas extra, estuvieron muy atentos durante el vuelo. Por qué no cinco estrellas porque nuestro equipaje no llegó a tiempo cuando llegamos a Berlín y tuvimos que esperar un par de horas, espero que puedan gestionarlo mejor en los próximos vuelos."
IBS_0249,Iberia Express,Desconocido,Madrid,Berlin,Europe,febrero de 2023,1,"Peores asientos sin espacio para las piernas. Tripulación de cabina inabordable Inodoros simplemente asqueroso no limpiado en absoluto. El vuelo se retrasó debido a la desviación de ruta, pero no se proporcionó información durante el vuelo Bolsos de los pueblos movidos por la tripulación de cabina sin informar a los pasajeros así que el caos mientras buscan bolsos No se proporciona agua gratis. No justifica el costo del boleto Prefiere volar EasyJet mucho mejor"
IBS_0250,Iberia Express,Desconocido,Madrid,Ibiza,Domestic,febrero de 2023,1,"Cambio vuelos Iberia Express Tras realizar la compra de unos billetes TFS-MAD/MAD-TFS (128,94€ por persona) el día 5/02/2023 llamamos a la compañía a los 5 minutos para realizar un cambio por una equivocación en la dirección. Nos comenta que no se puede cambiar nada más que vía telefónica y con una penalización + gastos de gestión por pasajero de 75€ pero que antes de la fecha del vuelo (2/04/2023) podemos hacer el cambio de fecha y ciudad (conversación grabada). Tras hablar hoy 16/02/2023 con la compañía para hacer el cambio a unos vuelos a Ibiza del 3 al 8 de noviembre, por teléfono me dice que el coste de los vuelos es de 175€ por persona ida y vuelta cuando en ese momento los estoy viendo en la web por 88€ siendo miembro del club express, CASI EL DOBLE DEL VALOR DE LO QUE CUESTAN. Por tanto, si los vuelos son 88€, con la penalización de los 75€ sería un total 163€ y dado que ya he pagado los 128,94€ habría que abonar una diferencia de 34,06€. La persona que me atiende el teléfono refiere que ella no ve los vuelos a ese precio y que el cambio, me saldría por un precio aproximado de 75€ de penalización + los 128,94€ ya pagado vuelos antiguos + 47€ de la diferencia con los nuevos vuelos (conversación grabada). Solicito hacer el cambio por web y me dicen que no es posible, solicito hacer reclamación por teléfono y no es posible, solicito hablar con alguien superior y no es posible. Su solución (literalmente dicho): compra los nuevos billetes que te saldrá más barato que hacer el cambio. Resumen: verdadera vergüenza y poca humanidad."
IBS_0251,Iberia Express,Desconocido,Berlin,Madrid,Europe,enero de 2023,1,Por una huelga en el aeropuerto de Berlín dejaron a mi hijo dos dias allí tirado hasta que pude conseguirle un vuelo dos dias después. Ni se hacen cargo del hotel ni de los gastos de manutención. He puesto dos reclamaciones y se las han pasado por el forro. Ellos se nutren de que no acudimos a un abogado por no compensarnos los gastos. Tenemos derecho a indemnización. Son unos caciques de la peor clase. La culpa es nuestra por usar su aerolínea. Un engaño es suficiente. No se dejen engañar.
IBS_0252,Iberia Express,Desconocido,Fuerteventura,Seville,Domestic,enero de 2023,1,"Nos hemos llevado más de 2 horas en el aeropuerto de Madrid porque el vuelo hacia escala ahí y de las 8 que debería de haber salido el vuelo hemos salido a las 10 y media y encima mareándonos cambiándonos de puerta de embarque en varias ocasiones. Vuelo denigrante, me habían comentado que Iberia era una compañía pésima y visto y comprobado."
IBS_0253,Iberia Express,Desconocido,Berlin,Madrid,Europe,enero de 2023,1,"Me negaron el embarque al vuelo número IB 3673 esta mañana desde Berlín - Madrid. La señora de la puerta me dijo que necesitaba una mascarilla pero no la tenía conmigo, solo la tenía en mi equipaje facturado, así que fui a comprar una rápidamente en el próximo café. Cuando llegué de vuelta a la puerta de embarque tuvieron problemas con otros pasajeros de que no tienen suficiente asiento en el vuelo, no entendí el problema pero al final esperé allí para abordar y me dijeron que ya cerraron la puerta y mi equipaje facturado está siendo transportado de regreso desde el avión. Me parece indignante por una máscara que al final compré por 4 euros. Me negaron abordar en el vuelo. Llegué a tiempo al aeropuerto donde hice el check-in a las 5: 30 ¡Así que no llegué tarde! El personal no estaba organizado, así que ahora tuve que reservar otro vuelo por 110 € con escala en Londres y también perdí 60 € por mi alojamiento en Madrid. Lo mínimo es que reciba un reembolso completo por el vuelo que se me negó abordar."
IBS_0254,Iberia Express,Desconocido,Madrid,Santa Cruz de la Palma,Domestic,noviembre de 2022,1,"Despues de haber comprado tres billetes, he intentado hasta 5 ocasiones que me den mi factura para mi contabilidad y es imposible. Llamas a un teléfono, porque no se puede pedir online (sí señores, en 2022 no se puede pedir online) y te dicen que te llegará en un día, pero es mentira. He hecho esta operación 5 VECES y aun no tengo la favtura. Me dan ganas de denunciarles pero me cuesta mucho perder mi valioso tiempo. NUNCA MÁS VIAJARÉ CON ELLOS. ESPERO QUE ENTREN EN QUIEBRA."
IBS_0255,Iberia Express,Desconocido,Madrid,Ibiza,Domestic,enero de 2023,2,"Hice cola para el embarque del grupo 2 en la puerta. Fui del grupo 3 pero tengo una tarjeta de oro a través de OneWorld (del que Iberia forma parte). Si usted es titular de una tarjeta de oro, se le da prioridad de embarque en la puerta. Estaba embarazada de 6 meses y tenía dolor en los pies/tobillos hinchados y necesitaba sentarme. Llegué al frente de la cola y el personal de la puerta fue tan grosero conmigo. Anunciaron a todos que estaba tratando de saltarme la cola y siguieron manejándome para que volviera. Animaron a la gente a moverse delante de mí y me sentí totalmente ridiculizado. El cartel del grupo 2 tenía un logotipo de OneWorld, lo que significa que los miembros prioritarios de OneWorld también pueden hacer cola. Traté de explicarles con calma y mostrarles mi tarjeta de viajero frecuente. Nunca he experimentado groserías y abrasividad como ella. Finalmente admitieron que podía abordar. Hice una denuncia a través de Iberia y me enviaron un correo muy defensivo sin disculpas. Pero admitieron que yo era elegible para abordar en el grupo 2. Hay muchas cosas que no me importan y que puedo mirar más allá, pero la grosería flagrante como cliente pagador no es una de ellas."
IBS_0256,Iberia Express,Desconocido,Madrid,Amsterdam,Europe,enero de 2023,4,Agradable vuelo en A 320 . Buena relación calidad-precio - el billete era extremadamente barato. Me gustó el IFE disponible a través de WiFi en sus dispositivos.
IBS_0257,Iberia Express,Desconocido,Tenerife,Ibiza,Domestic,enero de 2023,1,"Lo primero, hacen un vuelo compartido con ONCE compañías, la mayoría de ellas con escalas en Madrid y abre sólo dos mostradores de facturación. Caos y retraso de más de media hora. En el embarque, nos obligan a facturar nuestras maletas de mano sin dejarnos tiempo a pensar y llenas de objetos valiosos. Nos las etiquetan mal. El coordinador dice literalmente, que el equipaje de los vuelos de conexión no va a llegar “ni de coña” y tan a gusto nos obliga a entregarlas. Nos pierden la que habíamos facturado y las dos de mano. Esa misma tarde envían a nuestro destino final la maleta que habíamos facturado ROTA. Las otras dos siguen desaparecidas y nadie nos da asistencia. Por supuesto los vamos a denunciar y no vamos a volver a volar con ellos."
IBS_0258,Iberia Express,Desconocido,London,Ibiza,Europe,julio de 2022,1,Reservamos un vuelo caro con esta aerolínea. Perdieron mi equipaje y llevo 3 días sin ropa en Ibiza. Después de mis vacaciones me quejo contra la empresa porque también dañaron mi bolso. Nunca tuve una respuesta ni ninguna disculpa o compensación. ¡No vueles con Iberia Express!
IBS_0259,Iberia Express,Desconocido,Malaga,Madrid,Domestic,enero de 2023,1,"No puedo decir nada malo del vuelo o de la tripulación. Todo fue correcto. El lío que hacen en los últimos meses es con el equipaje de mano. Aunque en el billete dice que tienes derecho a un bolso y una maleta de mano, eso no garantiza nada. En los últimos 6 vuelos que he tenido en la entrada del avión hay una persona con un fajo de pegatinas que prácticamente a la fuerza te quita tu maleta. Este vuelo el 1 de enero hubo una chica especialmente agobiada (le tocó trabajar un festivo), enfadada y estupida (la única frase que repetía era:""No me digáis nada, lo estoy gestionando perfectamente bien""). Pues, su perfecta gestión terminó en que ha quitado las últimas 30 o 35 maletas sin importar que la gente tenía conexiones con otras compañías, dietas especiales, medicamentos y etc. Su argumento al final fue: ""o entregáis las maletas o cerramos esta puerta y el avión se va"". Así que, si tiene el vuelo con iberia express y le toca el grupo de embarque 3 o 4, ya puede despedirse de su maleta de mano, a bordo no entrará."
IBS_0260,Iberia Express,Desconocido,Fuerteventura,Madrid,Domestic,diciembre de 2022,1,El avión estaba lleno de gente y no pusieron prácticamente el aire acondicionado por lo que había mucho calor. Además no había prácticamente espacio en los asientos por lo que se me hizo un viaje larguísimo. Por último cuando recojo mi maleta veo que se les ha caído y está rallada y llena de tierra. Les muestro una foto para que vean el estado de una maleta que se ha utilizado 3 veces.
IBS_0261,Iberia Express,Desconocido,Lanzarote,Madrid,Domestic,diciembre de 2022,1,"El viaje mas horroroso de mi vida, facturacion a las 12h en aeropuerto se origen y recogida de equipaje a las 12,45h en aeropuerto de Madrid. Despues de 12 h, de retraso la explicacion que da Iberia es que por motivos medicos el avion tuvo que aterrizar en Sevilla y esperar a que llegase un avion medicalizado desde Madrid. Considero que este retraso no corresponde a la realidad de la situacion. Tambien destacar la poca sensibilidad del personal dando por hecho que con 1 vale de 15€ para comer estaba todo solucionado. En resumen me gustaria manifestar mii mas absoluto descontento por esta situacion. Harw una reclamacion aunque se que no servira para nada porque se buscaran alguna argucia legal para no indemnizar a nadie."
IBS_0262,Iberia Express,Desconocido,Madrid,Ibiza,Domestic,diciembre de 2022,1,"Horrible,tuve un retraso del equipaje,que me ocasionó una serie de gastos pequeños,pero gastos. Al poner la reclamación me han dicho que no me corresponde,sin tener en cuenta las circunstancias.Servicio NEFASTO."
IBS_0263,Iberia Express,Desconocido,Tenerife,Madrid,Domestic,diciembre de 2022,1,"Durante 6 horas, demostradas telefónicamente con el personal por cuestiones de cambios de billete, etc....algo TAN SENCILLO se convirtió en la PELICULA DE TERROR PEOR VISTA. Podría adoptar 13 documentos, demostraciones, y demás. Esto lo haré ante Consumo. ¿VERDADERAMENTE AL OTRO LADO DE LA ATENCIÓN AL CLIENTE ESTÁN TRABAJANDO O RIÉNDOSE DE NOSOTROS?. Esto es la peor experiencia, por no hablar de las Tarifas (dentro de la legalidad de los cambios habituales, etc). SIN DUDA, TOMARÉ DECISIONES LEGALES."
IBS_0264,Iberia Express,Desconocido,La Coruna,Las Palmas de Gran Canaria,Domestic,noviembre de 2022,1,"Todo es muy bonito cuando Llegas al aeropuerto y dicen que no existen barreras arquitectonicas para gente con minusvalia. Pero cuando pierden tu maleta con tus enseres y medicación llamas a Iberia y te cuelgan porque tienes dificultad para hablar. Aparte tuve que coger Business por mis problemas de movimiento. Yo dependo de una persona para todo y a veces esa persona no puede llamar por telefono en mi lugar. ¿Donde está la integracion de Iberia? Pura fachada. Las personas con dificultades nos quitan el derecho de protestar. Viva la ""integracion de la diversidad funcional"" en Iberia."
IBS_0265,Iberia Express,Desconocido,Malaga,Munich,Europe,noviembre de 2022,1,"Nos han dejado sin avión y hemos perdido días de viaje. Un celíaco, alérgicos y en total 25 adolescentes deseando llegar a su destino."
IBS_0266,Iberia Express,Desconocido,Madrid,Las Palmas de Gran Canaria,Domestic,septiembre de 2022,1,"Cada vez está mucho peor lo de viajar en avión, cada cosa que compres tiene un precio, y no se trata de abaratar el producto, porque siempre influye en la calidad del servicio. No puedes facturar maletas sin un coste, en muchos ocasiones desproporcionado, y luego te encuentras que ni te puedes casi mover, por el escaso espacio entre butacas."
IBS_0267,Iberia Express,Desconocido,Las Palmas de Gran Canaria,Madrid,Domestic,octubre de 2022,1,"Son unos ladrones, pague una cuota extra para derecho a un cambio y me querían cobrar 360 euros por penalización cuando un billete nuevo me salía 69 euros e discutido, he llamada mil veces e solicitado aunque sea un bono para otro viene y me dicen que no cuando la ley marca que solo me pueden descontar un 20 por ciento, que diferencia con Vueling esa sí que es una buena compañía te da la opción de cambio por pocos euros incluido de nombre. No vuelen con Iberia express. Ahora lo he denunciado a consumo."
IBS_0268,Iberia Express,Desconocido,Tenerife,Madrid,Domestic,octubre de 2022,1,"Experiencia lamentable. Cuando compré los billetes con Iberia Express pensé que tendría la garantía de calidad y confianza que siempre ofrece Iberia. Pero… qué va… es una línea low cost normal e igual de pésima q las demás. Y mucho más cara que Ryanair o Vueling! He tenido una serie de problemas en el vuelo que me hacen pensar que nunca volveré a utilizar esta aerolínea y por supuesto no la recomendaré jamás; además de quejarme en todas las redes sociales y medios que estén a mi disposición. Compré asientos seleccionados pagando la tasa correspondiente. Pero cuando hice el checking me cambiaron los asientos y me asignaron los que les dieron la gana. ENGAÑO total. Por teléfono te dicen que lo arregles en el aeropuerto. En el aeropuerto, que te quejes online y que lo comentes en el avión. En el avión, que no pueden hacer nada. Total: que nadie te soluciona el problema que ELLOS mismos han generado y te tienes que aguantar. El vuelo salió con más de una hora de retraso. Nos cambiaron dos veces de puerta de embarque y estuvimos dando paseos por todo el aeropuerto. Con el consiguiente trastorno si llevas además dos niños pequeños contigo…. Nos piden disculpas y te tienes que aguantar. Intenté facturar una mochila a última hora, puesto q la saluda del vuelo iba con una hora de retaso. Me dijeron que era imposible porque el mostrador de facturación ya se cerró a la hora prevista y nadie me atendió. Esto me provocó tener que perder varias botellas de vino que había adquirido y cuyo importe tuve que dar por perdido también… nos piden disculpas y te tienes que aguantar. La experiencia con Iberia Express ha sido para no repetir. Deja muy mal sabor de boca tratándose de Iberia y perjudica notablemente la imagen de la compañía. A ver si mejoran y esta y otras muchas quejas sirven para que alguien tome cartas en el asunto, depuren responsabilidades y compensen de alguna forma a los afectados."
IBS_0269,Iberia Express,Desconocido,Santa Cruz de la Palma,Madrid,Domestic,octubre de 2022,1,"Espero ayudar a alguien que tenga paciencia para leer el siguiente texto, me ha quedado un poco largo... El 24 de septiembre de 2022, ya en el aeropuerto, Iberia Express cancela el vuelo de regreso a Madrid desde La Palma, debido al ciclón tropical Hermine. Este hecho parece en principio enturbiar levemente unas fantásticas vacaciones, cosas del clima que resultan incontrolables... pues bien, Iberia Express se encargó de convertirlas en un auténtico infierno. El personal de la compañía nos sugiere (casi nos ruega) buscar alojamiento por nuestra cuenta, ya que tienen que buscar para todos los pasajeros y les va a resultar imposible. Así lo hacemos, nos lo agradece y nos indica que nos avisan por correo electrónico con la reubicación en otro vuelo, que es probable que volemos el lunes siguiente y que tendremos prioridad sobre la venta nueva. Nos pasamos el domingo y el lunes llamando a los teléfonos que nos indicaron de atención al cliente (y algún otro que encontramos en Google)... una locución que no permite hablar con un agente, por lo que decidimos usar la opción de comprar billetes (nos decíamos: ""malo será que no lo cojan para vender...""). Media hora esperando cada vez, imposible hablar con ellos, lo que provoca en nosotros una incertidumbre y una desesperación importantes. Decidimos, por tanto, acudir al aeropuerto el martes 27 por la mañana. Nos dicen que nuestro vuelo no figura como cancelado, sino como cerrado (resulta que habíamos vuelto a Madrid sin incidentes en un avión que ni siquiera llegó a la isla). Se habían desentendido y olvidado completamente de los pasajeros que quedamos en La Palma. Después de echar la mañana y de recibir contestaciones inadmisibles por parte del personal de Iberia Express en la cinta de facturación, conseguimos vuelo para el sábado 1 de octubre. Una semana de gastos es inasumible, además de los correspondientes días de vacaciones en una isla en la que no paraba de llover por el temporal, lo que nos obliga a buscar un vuelo con Ryanair (nada barato) que nos devuelva antes a Madrid. La broma nos sale a 600 euros extra a cada uno. Decir que su ""Customer Care Service"" es malo es ponerlos por las nubes: apenas existe. El trato de su personal ante un problema generado por ellos es absolutamente denunciable. Sus directrices y recomendaciones el día de la cancelación fueron directamente mentira. Insisto: reza para que no te pase nada si vuelas con Iberia Express."
IBS_0270,Iberia Express,Desconocido,Santa Cruz de la Palma,Madrid,Domestic,septiembre de 2022,1,"El sábado 24 de septiembre 2022, Iberia express decide cancelar el vuelo de regreso La Palma - Madrid de mis vacaciones por la tormenta Hermine. Hasta ahí una faena, pero comprensible. El personal de la compañía nos dice q si podemos buscarnos alojamiento por nuestra cuenta, q lo hagamos pq tienen q buscar para todos los pasajeros y es mucho. Nos lo buscamos por nuestra cuenta y nos indican q nos avisan por correo electrónico con la reubicación en otro vuelo, que es probable que volemos el lunes siguiente y que tendremos prioridad sobre la venta nueva. Tras dos días llamando y llamando a la compañía y sin poder hablar con nadie, decidimos personarnos en el aeropuerto el martes 27 por la mañana y nos dicen que nuestro vuelo no figura como cancelado. Se habían olvidado completamente de los pasajeros en la Isla!!!!!!! Nos hacen reserva tras mucho pelear para el sábado 1 octubre, una semana después con todos los gastos que eso ocasiona, vendiendo billetes durante 6 días nuevos y sin reubicarnos Es una absoluta negligencia y estoy tramitando la reclamación correspondiente de todos los gastos. Además tengo problemas en mi empresa puesto que no tenía más días de vacaciones. No voy a parar hasta que no me indemnicen. No volveré a volar con esta compañía sin protocolos que deja a sus pasajeros tirados en el destino."
IBS_0271,Iberia Express,Desconocido,Naples,Madrid,Europe,septiembre de 2022,1,"Mi papá de 88 años llegó tarde al mostrador para pedir su asistencia, y aunque todavía faltaban 40 minutos para que el vuelo saliera, nadie le ayudó, le dijeron que perdió el vuelo y que tenía que estar dos horas antes. Aunque imploró viajar le dijeron que no y de malas maneras. Luego pidió ayuda para cambiar o comprar otro billete y lo marearon por todo el aeropuerto y nadie lo ayudada, ni en el mostrador de Iberia ni en información. Tuvo que buscar un hotel a las 20h en Nápoles para no quedar a la deriva. Que falta de humanidad con las personas mayores, es una vergüenza, tanto iberia como los del aeropuerto napolitano,"
IBS_0272,Iberia Express,Desconocido,Tenerife,Madrid,Domestic,septiembre de 2022,5,"IBERIA EXPRES""PEDIR UNA FACTURA: Llamo por teléfono (910384824/910760777)para pedir una factura y me dicen que tengo que llamar al 11890, al preguntarle si es de pago me cuelga, vuelvo a llamar para que me den un email para pedir la factura y me dicen que no la puedo pedir por emal que tengo que llamar al 11890, al contestarle que me había informado que ese numero es de pago, y me volvieron a colga,ES DE VERGUENZA, vaya atencion al cliente. Preguntando a los amigos me dieron este número 900424424 y me hicieron la gestion sin problema"
IBS_0273,Iberia Express,Desconocido,Madison,Paris,International,septiembre de 2022,1,"Compre el vuelo, cuando estuve haciendo el pago. El sistema interno me cambió los itinerarios del vuelo automáticamente mismo destino fechas opuestas. Les llamé, les escribí, le hice la disputa por PayPal, les busque por todos lados. Nadie me supo resolver ni me hicieron el cambio ni el refund. Son unos ladrones, les llamé exactamente 10 minutos después de confirmar el pago, el dinero ni lo usaron, el pago estába pendiente.. como es posible que no puedan ofrecer cambio, reembolso, bono, ticket abierto. Nada! Queriendo cobrarme cambios de penalidady gestión de 90 euros, más ""diferencia de tarifa"" que no es más que un nuevo vuelo. Alguien debe demandarlos y tumbarles la mafia que tienen. Le escribí incluso a la persona encargada de la compañía y me ignoró completamente. Rechazan esta aerolínea y evitenla de ser posible"
IBS_0274,Iberia Express,Desconocido,Santa Cruz de la Palma,Madrid,Domestic,junio de 2022,1,"volamos con Iberia Express a La Palma, amigos y familiares para un evento. el día 06 nos envían un correo diciendo que nuestro vuelo había sido cancelado y que se nos había asignado un vuelo nuevo un día antes de lo programado. en vez de volar el sábado 11, la alternativa que nos dieron era volar el viernes 10 por la mañana. Llamamos corriendo para que nos explicasen el porque del cambio y que no podíamos volver antes del sábado porque justo el evento era el viernes 10, y bueno la persona que nos atendió, primero insistió en que tenia que ser el vuelo del viernes, luego le preguntamos varias veces el porqué de la cancelación y nos contesto que el avión estaba lleno y luego que habían modificado la fecha de salida y que ese avión ya no salia ese día. esperamos un rato y nos confirma que hay un vuelo el domingo 12 por la tarde. le preguntamos que si los gastos del día extra en La Palma lo cubrían ellos o el que cubría cuando hay una cancelación y tenemos que quedarnos un día más, contestó que todo esos gatos y la indemnización los podíamos reclamar a través de la web (formulario de reclamación) o en una ventanilla de iberia express. sabiendo esto y en si no nos quedaba de otra, aceptamos el vuelo del domingo 12, llega el domingo y aprovechamos a ir a la ventanilla de iberia express para poner la reclamación y nos contesta el señor que atendía, que no sirve de mucho rellenar la reclamación en papel, que el formulario de la web es el que tramitan y es mas rápido, ""pero como veáis"", le dijimos que no perdíamos nada por rellenar este, le pedimos un bolígrafo y no tenían, unos chicos que estaba ahí rellenando una reclamación nos dejaron el suyo pero aun así para todos los que eramos tuvimos que comprar mas.. terminamos de rellenar todo el formulario se lo damos al chico, nos lo sella y nos entrega una copia. por esa parte todo OK, llegamos a Madrid y enviamos todos el formulario de reclamación online de iberia express y aquí empezó el jueguito de cansar al cliente con los automensajes "" somos los mejores del mundo en la puntualidad pero en su caso nuestras intervenciones se vieron limitadas por circunstancia ajenas por este motivo y de acuerdo a una ley que no tiene nada que ver con lo que usted esta reclamando no podemos ofrecer una compensación "" esto nos llego a la mayoría de los que fuimos, a otros si que se la aceptaron a la primera, volvimos a insistir e iban aceptado la de los demás, al final solo quedamos mi hermano y yo para que nos den la compensación, han pasado dos meses y seguimos insistiendo a través de correos y formulario.. MI DUDA ES: ¿PORQUE ALGUNOS SI ACEPTÁIS A LA PRIMERA Y OTROS NO, NI AUNQUE LLEVEN 20 RECLAMACIONES? no se yo si son los nº 1 en la puntualidad, pero podemos confirmar que si sois muy perros con el tema de las reclamaciones aunque no tengáis nada que alegar para llevar razón , lo atrasáis lo máximo para que nos cansemos y no pagar, en esto podemos confirmar que si son los mejores del mundo."
IBS_0275,Iberia Express,Desconocido,Madrid,Menorca,Domestic,agosto de 2022,5,"Tengo un vuelo programado para este domingo, día en que Iberia Express comienza su huelga de tripulantes. Estaba bastante tensa por la incertidumbre que me causaba el no saber si mi vuelo se cancelaría o no y que probablemente me enteraría en el mismo aeropuerto. Ayer recibí un email de iberia comunicándome que mi vuelo no se vería afectado lo que me apreció un magnífico servicio al cliente!! Al menos piensan en los usuarios afectados. Gracias."
IBS_0276,Iberia Express,Desconocido,Madrid,Amsterdam,Europe,agosto de 2022,1,"Nos han dejado tirados en el aeropuerto por overbooking involuntario, habiendo comprado el billete hace como 6 meses. Nos han dado un vuelo ya para el dia siguiente, habiendo perdido todo lo que teniamos pagado y organizado para ese día en el destino. Por si alguien no lo sabe, esta práctica consiste en vender más plazas en el avión de las que hay en realidad, por si hay cancelaciones, una práctica en mi opinión muy despreciable. No repetiré nunca más con esta compañía, y espero que gracias a esta opinión todo el mundo busque alternativas en compañías que no dan este nefasto servicio."
IBS_0277,Iberia Express,Desconocido,Madrid,Las Palmas de Gran Canaria,Domestic,agosto de 2022,1,"Utilice la app para añadir maletas a los 3 billetes que compre y se quedó enganchado un check en equipaje de 32 kilos además de las 3 maletas ida y vuelta que compre a los 10 minutos me llega la factura llamo a IBERIA ME CONTESTAN QUE NO ME DEVUELVEN EL DINERO es una indefensos total la app no funciona y ellos se quedan con el dinero, los voy a meter una reclamación a través de la OCU MENUDOS sinvergüenzas"
IBS_0278,Iberia Express,Desconocido,Madrid,Miami,International,junio de 2022,1,"Mi maleta llegó 72h tarde , me tuve que comprar ropa y cosas de aseo, tuve que acudir a mis reuniones de trabajo y mas tarde no tenia ropa para pasar el dia , durante mas de dos días nadie me supo decir donde estaba. Presente todos los tickets de la pharmacy del ha pup cepillo de dientes colonia crema , y la ropa que tuve que comprar en Zara , una tienda española y barata y no me han rembolsado nada de todo este costo. Una vez que llego , las 3 ruedas estaban rotas y aun despues de la reclamación nadie a tomado medidas en una autentica vergüenza!"
IBS_0279,Iberia Express,Desconocido,Oviedo,Tenerife,Domestic,julio de 2022,5,"Tercer año que vuelo con ellos a Tenerife y no tengo nada que objetarles. Puntualidad tanto a la ida como a la vuelta, wifi gratis a bordo si te registras en su pagina con entretenimiento a bordo de series, películas, periódicos, revistas, juegos y el saber por donde va pasando el avión en todo momento con indicación de temperatura exterior, altura y hora de llegada. Este año toco un avión mayor que otros años debido a la demanda, ha sido un A321 de los cuales estaba en mejor estado el de la vuelta que el de la ida. Seguiré volando con ellos mientras los precios no los suban ya que éste año los han subido bastante en comparación con años anteriores pero aún así han sido más económicos que Vueling y Binter. Un saludo."
IBS_0280,Iberia Express,Desconocido,Madrid,Dublin,Europe,agosto de 2022,1,"Con el check in hecho anulan el vuelo a media hora de embarcar. Nadie te explica nada, ni un correo electrónico ni nada. He llamado cuatro veces y en tres ocasiones me han pasado a la encuesta, valores, que han contado. La solución final: te devuelvo el importe del billete o viajas 3 días después, da lo mismo todo lo que tengas ya pagado. Unos impresentables. Peor que Ryanair, evito esa aerolínea pero esta es peor. No sé cómo Iberia se permite tener esta empresa en el grupo. Por mi parte desearía que desapareciese totalmente. No se puede tratar a las personas de esta forma."
IBS_0281,Iberia Express,Desconocido,Madrid,Dublin,Europe,agosto de 2022,1,"Cancelan una hora antes del vuelo, cola donde tardan 15 minutos con cada viajero, solo 2 personas en información. Impresentables. Acaban con la ilusión de un viaje , de encontrarte con tu familia."
IBS_0282,Iberia Express,Desconocido,Madrid,Las Palmas de Gran Canaria,Domestic,julio de 2022,2,"Compras un billete en Iberia, a precio de Iberia, pero vuelas con Iberia Express... En un vuelo de 3 horas no te ofrecen ni un vaso de agua. Asientos de plástico, poco espacio y media hora de retraso en la salida."
IBS_0283,Iberia Express,Desconocido,Lyon,Madrid,Europe,julio de 2022,1,"Tras más de una hora de retraso en el viaje Madrid - Lyon, dos días más tarde en el viaje de regreso, nos indican un retraso de nuevo superior a una hora. Son unos impresentables. Nada serios y muy irrespetuosos con los horarios. Nos han hecho esperar en un pasillo sin ventilación a todos los pasajeros del avión. Nada recomendables!!!!"
IBS_0284,Iberia Express,Desconocido,Amsterdam,Madrid,Europe,julio de 2022,1,"me cancelan un vuelo, no me dan soluciones y el telefono de atencion al cliente me miente y me cuelga"
IBS_0285,Iberia Express,Desconocido,Tenerife,Madrid,Domestic,septiembre de 2021,5,"He viajado con ellos desde TFN hacia MAD y viceversa , los aviones limpios y bastantes cuidados por dentro , buen servicio por parte de la tripulación de cabina y vuelo bastante ameno."
IBS_0286,Iberia Express,Desconocido,Reykjavik,Madrid,Europe,julio de 2022,1,"Reserve un vuelo con ellos y al recibir un correo electrónico con la confirmación del vuelo veo que han cambiado la fecha, no es la primera vez que me sucede con ellos. Llamas…te contesta un operador…te confirman que puedes cambiar el vuelo y te mantienen esperando durante un mínimo de 15 minutos para supuestamente calcular tu penalización. Aquí está lo mejor: Mi vuelo costaba 160 euros. Me aplican una penalización de 30 euros + 60 por la diferencia de vuelo + 150 euros porque comentan que tienen que hacer un cambio en la tarifa contratada. La conclusión es que me sale más barato comprar un billete nuevo que cambiar el actual. Entiendo que es compañía Low Cost, pero he viajado siempre con Ryanair y jamas he tenido problemas como con ellos en un solo vuelo. Incluso Play airline da muchísimo más la cara y permite más facilidades. Me parece nefasta la atención al cliente, no recomendaría viajar con esta aerolínea."
IBS_0287,Iberia Express,Desconocido,Madrid,Lanzarote,Domestic,julio de 2022,3,El día 2 de julio pedí un reembolso de 100€ y aparte que cobran 30€ por según la gestión para hacerme el reembolso ya van más de 15 días como si fuera regalado es mi dinero y lo quiero aparte que le quitan dinero al cliente se dan bomba para devolver el dinero
IBS_0288,Iberia Express,Desconocido,Venice,Madrid,Europe,mayo de 2022,1,"Viajamos des de venecia-madrid vuelo IB3243 y tuvimos un aterrizaje pésimo en Madrid, viajamos con una bebe , entre el miedo y el mal cuerpo nos hemos olvidado un porta trajes con 1 traje y un vestido… la única solución que nos han ofrecido en el aeropuerto en atención al cliente de iberia fue una reclamación en su sitio web… pusimos 4 no 1… 2 meses después imposible recuperar nuestras pertenencias y no tenemos ningún tipo de solución por parte de la aerolínea! Vergonzoso! Que se quede la tripulación o los de la oficina de objetos perdidos nuestra pertenencias y no nos facilite ningun tipo de informacion/solucion!"
IBS_0289,Iberia Express,Desconocido,Madrid,Reykjavik,Europe,julio de 2022,1,"Es una lástima que Iberia haya caído tan bajo en su oferta de vuelos. Ningún asiento de la clase turista se reclina, y el espacio entre filas es exiguo. Un vuelo de cuatro horas, como fue este, resultó insufrible. La cena no estaba incluida, pero tampoco llegó ningún tipo de comida cuando las azafatas llegaron con el carrito a mi fila. Luego me enteré de que no habían repuesto nada de lo que se había consumido en el vuelo anterior. Penoso y vergonzoso."
IBS_0290,Iberia Express,Desconocido,Las Palmas de Gran Canaria,Madrid,Domestic,junio de 2022,1,Después de 10 llamadas con 10 operadores es imposible conseguir cambiar el segundo apellido de una menor que por error está en la reserva . Nefasto gestión no dan soluciones a los clientes
IBS_0291,Iberia Express,Desconocido,London,Madrid,Europe,junio de 2022,1,Solo queremos cambiar de fecha un billete que se supone es felixible y nos ha costado por ello mucho más caro y ahora resulta que el cambio es de 30 euros pero nos quieren cobrar de gestión 120 euros o similar. Increible!!! tres horas al teléfono. En el call center hay gente que no es de Iberia Express y no tienen acceso a toda la información. Actualicense porque esto es de juzgado
IBS_0292,Iberia Express,Desconocido,Madrid,Tenerife,Domestic,junio de 2022,2,Nos programo el bueno a una hora y llego a otra totalmente distinta muy mal por ello lo puntuó de esta forma
IBS_0293,Iberia Express,Desconocido,Madrid,Ibiza,Domestic,junio de 2022,1,Un desastre no se lo recomiendo a nadie dos días seguidos retrasos unos inconpetentes siempre tirados
IBS_0294,Iberia Express,Desconocido,Tenerife,Madrid,Domestic,julio de 2021,5,"Todo bien,no tuve ningún problema,viajaba con animales y niños y las azafatas me ayudaron en todo momento ."
IBS_0295,Iberia Express,Desconocido,Madrid,Amsterdam,Europe,junio de 2022,1,"Se me ponen los pelos de punta solo de pensar el disgusto que nos han dado desde el departamento de Atención al Cliente de Iberia Express. Una tomadura de pelo y unos empleados que nos esquivan y no nos dan soluciones ante unos vuelos que costaron 451€. La historia ha sido así: 1. Compramos unos vuelos de Madrid a Ámsterdam para 4 personas y tras esperar unas horas no nos llegaba ningún correo de confirmación a pesar de que el pago estaba confirmado y el dinero retenido. 2. Al no tener ningún correo, ni siquiera con el número de la reserva, no podíamos encontrar nuestros vuelos, así que decidimos llamar a Iberia Express. En primera instancia, una mujer nos atendió explicándonos que la interfaz de la página web de Iberia Express podía haber fallado, nos sugirió esperar unos minutos para VOLVER A COMPRAR LOS VUELOS si no nos llegaba nada al correo, y nos aseguró que luego, de haberlos cobrado dos veces por parte de la compañía, se nos podía devolver el importe por ""DUPLICIDAD"". Esperamos diez minutos y además de subir el precio unos 40€ por pasajero (que imagino que esto será cuestión de algoritmos, no de la trabajadora de Iberia), volvemos a llamar, porque claro: no nos parece normal que por un error que no es nuestro, tengamos que pagar más por los vuelos. 3. Volvimos a llamar muchas veces y cada vez nos atendió alguien distinto, parecía que se iban pasando las llamadas entre ellos, y varios nos sugirieron comprar los vuelos de nuevo. Pero, señores de Iberia Express, ¿CÓMO ME VAIS A DEVOLVER LA COMPRA DE LOS VUELOS POR DUPLICIDAD SI NO ES LA MISMA COMPRA? LA DUPLICIDAD EXISTE CUANDO EN UNA MISMA COMPRA HAY UN FALLO Y SE COBRA DOS VECES, NO CUANDO YO HAGO DOS COMPRAS DIFERENTES Y EXIJO QUE ME DEVUELVAN UNA DE ELLAS. 4. Llamamos a nuestro banco para ver qué pasaba con ese dinero, y nos confirman que la compra está hecha y el pago ACEPTADO. Así que decidimos esperar un poco más para ver qué pasaba. 5. Hoy mi madre ha vuelto a llamar un total de 11 veces a diferentes números de Iberia, nadie sabía cómo gestionarlo, cómo comprobar que nuestra reserva estaba hecha, NADA. Y lo peor, es que todos y todas ponían excusas como ""no, es que yo estoy aquí para darte información y te la estoy dando, no puedo hacer otra cosa desde aquí"". 5. Al final, tras llamar a números que nos decían, hemos dado con una chica que ha tardado TRES MINUTOS en comprobarlo todo con seguridad, nos ha dado el localizador de la reserva y hemos podido acceder a nuestros vuelos. IBERIA EXPRESS, esto es una falta de respeto y educación hacia un cliente que ha depositado su confianza en vuestra aerolínea y la estáis perdiendo TODA haciendo que nunca queramos volver a comprar con vosotros. No os vamos a estropear la reputación con este mensaje porque somos una familia normal que simplemente quería ir a ver a su hija en su Erasmus, pero desde luego, ya podéis mirar mejor quién trabaja en vuestro departamento de Atención al Cliente, porque a nosotros nos ha tocado una buena panda de incompetentes. Espero que esta reclamación sirva de algo y por lo menos llegue a alguien que trabaje en vuestra compañía para que podáis gestionar esto de cara a otros clientes. Muchas gracias."
IBS_0296,Iberia Express,Desconocido,Madrid,Las Palmas de Gran Canaria,Domestic,junio de 2022,1,"Vuelo I23834 MAD-LPA. Es la tercera vez seguida que cojo el último vuelo de conexión Madrid-Gran Canaria y sale con retraso, con la diferencia de aterrizar a las 23:40 (hora prevista) a hacerlo a las 01:00 de la madrugada, teniendo que ir a trabajar al día siguiente. Ni disculpas, ni por supuesto indemnización (por que se cuidan muy y mucho de no pasar de las 2 horas de retraso). Desde luego, conmigo que no cuenten más, para ir con sillones que no se reclinan y con las mismas incomodidades que otras low cost como Ryanair, prefiero al menos llegar a la hora indicada."
IBS_0297,Iberia Express,Desconocido,Dublin,Madrid,Europe,junio de 2022,1,"Viajamos con dos mascotas en cabina (2 gatos). Compramos los vuelos en Febrero para un vuelo en Junio. Cuando viajas con mascotas, tienes que hacer el check in en el aeropuerto. Llegamos al aeropuerto 3 horas antes, estuvimos en la cola 2 horas. Cuando nos atendieron, nos dijeron que nuestros billetes eran ""STANDBY"", es decir, teniamos 50% de posibilidades de volar porque la aerolinea habia vendido más billetes de la cuenta. No he pasado más estrés en mi vida. Pagamos 40e por una maleta adicional y facturamos 2 de mano gratuitas. Una semana después las maletas están aún en Dublin y se supone que llegan hoy a Madrid. Pagamos 50e por cada gato, pensamos que nos sentarían en algún sitio aparte o con algo más de espacio porque los animales tienen que ir en los pies. Nos sentaron en asientos 10B y 10D - Para que nos entendamos... En mitad de un montón de gente y separados. El transportín, siendo de las medidas que piden, no cabía (ni por asomo) debajo del asiento. Así que 3 horas y media de viaje con los gatos en las piernas e intentando molestar lo menos posible al resto de pasajeros. Un servicio telefónico en el cual la persona que ha contestado solo estaba deseando colgar el teléfono. Me han confirmado que no hay forma de solicitar devolución por los 40e que pagamos de maleta (""porque la maleta ha volado"") o compensación por no tenerlas aquí aún después de una semana. Una semana en la cual habrán estado en el aeropuerto de Dublin en cualquier pasillo. Una vergüenza. Lo peor sin duda lo del STANDBY que nos causó un estrés que no puedo ni describir.. pero vas sumando cosas al viaje y no hay una cosa que se salve. Espero que esto le sirva a alguien si está pensando en viajar con ellos. Para nosotros, primera y última vez."
IBS_0298,Iberia Express,Desconocido,Las Palmas de Gran Canaria,Madrid,Domestic,junio de 2022,1,"El peor servicio de atención al cliente que he visto en toda mi vida. Maleducados, cuelgan el teléfono, parece ser que solo están para vender, pero soluciones ninguna. No entiendo como una compañía aérea puede tener contratado o subcontratado a una pandilla de ineptos. Sinceramente dejaré de volar con ellos porque soluciones ninguna, al final es tirar el dinero."
IBS_0299,Iberia Express,Desconocido,Barcelona,Miami,International,mayo de 2022,1,"La peor compañía que conozco hasta ahora, me dejaron esperando al teléfono y tardaron más de 40 minutos para cambiar la fecha de un vuelo, además es teléfono de cobro, tuve que pagar como 15€ en llamada, una vergüenza, No compraré más billetes en iberia"
IBS_0300,Iberia Express,Desconocido,Madrid,Tenerife,Domestic,mayo de 2022,1,"El vuelo se retrasó, me ha tocado dormir en el aeropuerto, perdí todo el dinero de mis reservas a ver cómo amanece por la mañana y ninguna solución por parte de la compañía. Todo pésimo"
IBS_0301,Iberia Express,Desconocido,Las Palmas de Gran Canaria,Madrid,Domestic,mayo de 2022,1,"Me vendieron un vuelo sobrevendido Que significa? Vendieron mas entradas al vuelo que asientos disponibles por lo que no pude hacer mi viaje SIN AVISAR CUANDO LO ESTAS COMPRANDO , directamente traen un avión más pequeño en vez de uno grande y ya Más todo lo que corresponde eso ; mi perdida de tiempo y dinero , problemas en el trabajo , donde me hospedo etc etc Te quedas esperando a la lista de espera sino para el siguiente vuelo 13 horas mas tarde a ver si entras con suerte en ese y asi durante dias Gracias rata iberia express SI ESTAS A TIEMPO NO COMPRES TU VUELO AQUI"
IBS_0302,Iberia Express,Desconocido,Tenerife,Madrid,Domestic,mayo de 2022,1,"Lamentable es poco. El pasado sábado 14 de mayo tenía un vuelo con esta compañía de Tenerife Norte a Madrid, a las 19:15 horas. Llegamos y ya ponía ""delayed"" con salida estimada a las 22:40... Había otros cuatro vuelos más a Madrid con retraso, pero todos eran gestionados por Iberia. Nos dieron un vale de comida por 6 € (que en el aeropuerto te llega para una botella de agua y un bocadillo compartido), y gracias a que la gente lo reclamó... Si fuera por ellos ni un sorbo de agua nos daban. Al final, el vuelo salió casi a las 23:30. Aterrizamos en Barajas a las 3 de la mañana y tuvimos que aguantar el pitorreo del comandante que se puso a contarnos bobadas para que nos ""riéramos"". Lamentable, como digo. Y reclamas el reembolso del billete y te ponen la excusa de que fueron ""causas ajenas"". Que cuenten la verdad de lo que pasó con el vuelo de por la mañana, que la pobre gente tuvo que volar con nosotros a las 11 y pico de la noche. Sin una explicación. Había volado hace muchos años con Iberia y no me había pasado esto, aunque nunca fueron puntuales. Sin embargo, con Ryanair, que se supone que no es una compañía seria, nunca he tenido ningún problema. Pues ya tengo claro con quién volaré y con quién no."
IBS_0303,Iberia Express,Desconocido,Tenerife,Madrid,Domestic,abril de 2022,1,He comprado dos billete y han cambiado la salida del aeropuerto del vuelo sin avisarnos (desde Tenerife Sur a Tenerife Norte). A mi compañero le han devuelto la totalidad del billete y a mí nada. Servicio de atención al cliente telefónico completamente inútil. Una empresa que debería cerrar por su incapacidad.
IBS_0304,Iberia Express,Desconocido,Las Palmas de Gran Canaria,Madrid,Domestic,abril de 2022,1,"Desde la página web de Iberia express, cuando terminas el proceso de pago, te hacen entender que ha habido un problema de pago y no se ha podido hacer la reserva. En mi caso volví a hacer otra reserva más, con el mismo resultado. Al tercer intento ya pude finalizar la compra. Mi sorpresa es que veo los cargos retenidos en mi cuenta y a los 2 días me llaman para aclarar la situación. Me comunican que van a proceder a la anulación de las reservas erróneas y liberar los cargos retenidos por esas reservas. Pues bien, a los 3 días veo dos cargos en mi cuenta de dos reservas distintas, que me dijeron que iban a anular. No se puede reclamar desde la pagina web, los teléfonos son argumentos automatizados y no puedes reclamar vía web por que lo único que te permite reclamar son incidencias de vuelos ya realizados. Una vergüenza!!"
IBS_0305,Iberia Express,Desconocido,Madrid,Seville,Domestic,abril de 2022,1,"La atención al cliente es lamentable, no ofrecen ningún tipo de solución. Cuando intentaba hacer el check-in la trabajadora que me atendió fue desagradable y no me ayudo a encontrar mi número de billete. Se limitó a leer un email por encima que finalmente lo tenía, pero que me ha hecho perder el vuelo porque se supone que no tenia el número de billete. No me dejaron hacer ni el check-in online ni allí en el mostrador. Un desastre, pero bien que se han cobrado mi asiento. Todos tenemos prisa, pero creo que en el mostrador se necesita un poco más de amabilidad y sobre todo de querer ayudar."
IBS_0306,Iberia Express,Desconocido,Madrid,Tenerife,Domestic,abril de 2022,1,"Mi hija ha comprado un pasaje de Madrid tenerife, le mandan un mensaje que le han cambiado la hora de su viaje, llamo para poder cambiar el pasaje por que dicha hora no le viene bien y me dicen que si me lo cambian pero pagando una penalización de 60€ y 30€ de gestión ósea que para cambiar un pasaje me cobran 95€ un monto mucho más que el costo del pasaje que compro mi hija, pero al cambiarle la hora ahí si no le dan un abono al pasajero por disponer de sus horarios, es de verdad una vergüenza que se burlen de los usuarios."
IBS_0307,Iberia Express,Desconocido,London,Madrid,Europe,abril de 2022,1,Aterrizamos antes de a las 12:00 de la noche y tardaron 90 minutos en hacer la entrega de las maletas una broma si tienes que trabajar al día siguiente
IBS_0308,Iberia Express,Desconocido,Madrid,Lanzarote,Domestic,marzo de 2022,5,"Soy cliente habitual de Iberia por lo que aveces me toca hacer algún tramo con la Express que es la que hace el medio radio normalmente, siempre todo perfecto tanto en Bussines como en Turista cualquier problema siempre me lo han solucionado muy rápido tanto indemnizaciones como devoluciones de dinero, cabe destacar que todas las incidencias me las gestiona Iberia plus oro que tienen un trato encantándor y solución rápida para todo en la misma llamada"
IBS_0309,Iberia Express,Desconocido,Madrid,Melilla,Domestic,marzo de 2022,3,"El vuelo se desarrolló de forma normal, hasta la llegada a Melilla donde había bastantes turbulencias y un fuerte viento que nos impidió aterrizar el el aeropuerto de destino. La comandanta actuó de forma responsable y nos dirigió al aeropuerto mas cercano de Málaga y mas tarde nos trasladaron en otro avión hacia el aeropuerto de Melilla, nuestro destino primero."
IBS_0310,Iberia Express,Desconocido,Madrid,Berlin,Europe,febrero de 2022,1,"Venden más billetes de las plazas que tienen los aviones,la atención al cliente es lo peor que he encontrado en la vida y tratan a los clientes de pena. A esta gente le da igual timarte y dejarte en tierra y no van a solucionar ninguno de los problemas que puedas tener. Nunca más..."
IBS_0311,Iberia Express,Desconocido,Madrid,Santa Cruz de la Palma,Domestic,diciembre de 2021,1,"Llevo varios meses reclamándome la devolución de un seguro, cobrado indebidamente y solo son capaces de darme largas."
IBS_0312,Iberia Express,Desconocido,Madrid,Palma de Mallorca,Domestic,enero de 2022,4,"La comida estaba bien pero era un poco rara, las azafatas daban un buen trato,el asiento era cómodo y lo que no me gustó fue el espacio entre los asientos."
IBS_0313,Iberia Express,Desconocido,Madrid,Palma de Mallorca,Domestic,enero de 2022,5,"Las azafatas eran muy amables , la comida muy rica, la clase ejecutiva era muy cómoda!! - Por cierto viajábamos en el A321-251NXneo EC-NJI."
IBS_0314,Iberia Express,Desconocido,Madrid,Las Palmas de Gran Canaria,Domestic,agosto de 2021,1,"En agosto del 2021 intenté sacar un vuelo a La Palma, con un seguro asociado, desde la página web de Iberia Express. Al intentar el pago del billete, me lo rechazó la página web pero el seguro si que me lo cobraron ¡Maravilloso, tenía un seguro sin vuelo! Desde entonces estoy hablando con Iberia y 6 meses después, me dicen que hable con la aseguradora. ¡IBERIA EXPRESS SON UNOS ESTAFADORES!"
IBS_0315,Iberia Express,Desconocido,Tenerife,Almeria,Domestic,enero de 2022,3,20 días y 10 llamadas después aún sigo esperando que me envíen una factura. La atención al cliente por teléfono ha sido pésima y no me han dado ninguna solución más que “volver a emitir” la factura. Estoy muy descontenta con el servicio.
IBS_0316,Iberia Express,Desconocido,Madrid,Naples,Europe,agosto de 2021,1,"Cambian las fechas del vuelo un mes antes del mismo, me obligan a cancelar mi viaje y todavía estoy esperando a que me devuelvan el importe del billete. No tienen ni teléfono ni e-mail de contacto y solo puedes comunicarte con ellos a través de una web."
IBS_0317,Iberia Express,Desconocido,Santiago de Compostela,Bilbao,Domestic,enero de 2022,1,Cargos dobles por compras de vuelos. Una estafa. No es posible que se produzcan estos cargos y que el cliente no pueda hacer uso de su dinero.
IBS_0318,Iberia Express,Desconocido,Madrid,Las Palmas de Gran Canaria,Domestic,diciembre de 2021,1,"Viajamos a Madrid desde Gran Canaria, y tanto a la ida como a la vuelta la organización para el embarque un verdadero desastre. Quitando a los pasajeros que viajan en primera o preferente, los que se sientan en la cola del avión, entran los últimos, por lo que se tienen que cruzar con todas las personas que están dentro. Y no solo eso, sacas la tarjeta de embarque, y cuando vas a entrar, con el pretexto de que han cambiado de avión, te reubican, separando a toda la familia. Un desastre"
IBS_0319,Iberia Express,Desconocido,Santa Cruz de la Palma,Madrid,Domestic,enero de 2021,1,"Lo que me pasó con esta empresa y con su servicio de atención al cliente no tiene nombre solo puedo describir lo que me han provocado como alergia y asco. Alergia a volver a contratar un vuelo con ellos y asco a su servicio de atención al cliente. Tenía un bono por una cancelación de un vuelo con escala y cuando quise hacer uso del bono para contratar el mismo vuelo con escala descubro que IberiaExpress había eliminado casi todos los itineriarios con escala a menos que lo compraras en Iberia pero allí mi bono no servía. Un bono inútil y dinero robado. Pero lo peor fueron las llamadas, las reclamaciones, pérdidas de tiempo y las burlas de su servicio de atención al cliente."
IBS_0320,Iberia Express,Desconocido,Tenerife,Madrid,Domestic,diciembre de 2021,1,Personal maleducado. Problemas con el vuelo por overbooking y el personal te trata como si tuvieran ellos la razón con toda su arrogancia. Una equipo de sin vergüenza que no tiene iguales. Descanse o a cualquiera coger un vuelo con esta compañía inglesa
IBS_0321,Iberia Express,Desconocido,Madrid,Santa Cruz de la Palma,Domestic,noviembre de 2021,1,"Mi vuelo se ha cancelado por el volcán de la Palma, y al llamar por teléfono me pasaban de un departamento a otro con esperas interminables. El servicio telefónico es una vergüenza. Me decían que debía llamar al 900424424, y era el número al que estaba llamando! He llamado 12 veces y por fin, he dado con un teleoperador que me ha querido reembolsar mi dinero. Otros me decían que me daban un bono con el importe del vuelo para gastar cuando quiera en iberia express. Definitivamente, aunque iberia express esté más barato que otras compañías, no pienso volar con ellos"
IBS_0322,Iberia Express,Desconocido,Madrid,Las Palmas de Gran Canaria,Domestic,noviembre de 2021,1,"Te dejan en tierra porque venden más billetes y ni si quiera te dan para que puedas comer, alojarte o te indemnizan. Pides ayuda y te dicen que lo hagas por internet. Reclamas te dicen que tienen 7 días hábiles para contestarte, pero debe de ser qye los cuentan de otra manera pues ya llevan 14 . En fin para no repetir jamás."
IBS_0323,Iberia Express,Desconocido,Madrid,Las Palmas de Gran Canaria,Domestic,noviembre de 2021,1,"unos estafadores, no lo recomiendo para nada, en cuanto hay un mínimo problema, aunque no haya sido culpa tuya, agárrate los machos porque te has quedado sin los billetes o sin el dinero y si se te curre denunciar te da lo mismo, AESA les cubre las espaldas, una pena, mejor gastar un poco mas e ir en una compañía decente que al final lo vas a agradecer ** he rellenado todos los campos pero no pude viajar ya que me anularon los billetes según ellos para poder devolverme el dinero, ya después venga a esperar y claro no me devuelven el dinero, lo del reembolso una mentira , y además me dejaron sin poder usar los billetes, lo he denunciado a AESA y les dan la razón, cuando tengo incluso llamadas grabadas en la que reconocen que es su culpa y que me van a devolver el dinero, pues nada unos y otros ESTAFADORES"
IBS_0324,Iberia Express,Desconocido,Manchester,Madrid,Europe,octubre de 2021,1,"Teníamos un vuelo de Manchester a Madrid que cancelaron DOS VECES. Al intentar recuperar nuestro dinero, nos dicen que se ha hecho una transferencia a una cuenta que no es la nuestra. No encuentran nuestro pago. Y todo esto tras decenas de horas malgastadas por teléfono y con un servicio al consumidor pésimo. Un auténtico robo. No os fiéis de que lleve “Iberia” en el nombre, es la peor línea aérea de Europa (y he viajado en Aeroflot)"
IBS_0325,Iberia Express,Desconocido,Santa Cruz de la Palma,Vigo,Domestic,diciembre de 2020,1,"Tuve dos vuelos cancelados por el COVID uno era de Iberia Express. Mientras con otra compañía aérea fue todo como la seda, con Iberia Express descubrí la peor cara de Iberia y su horroroso servicio de atención al cliente. Me ofrecieron un bono para usar más adelante que no se puede utilizar porque Iberia Express eliminó después la mayoría de los vuelos con escala. Resulta que el vuelo cancelado era con escala y cuando quiero comprar el mismo vuelo no puedo salvo que compre dos billetes por separado. Reclamé varias veces y reclamé por escrito para que me devolvieran el dinero o lo cambiaran por un bono de Iberia pero todo fue inútil, te dejan colgado al teléfono, te pasan de unos a otros y te toman el pelo. Un pérdida de tiempo y dinero."
IBS_0326,Iberia Express,Desconocido,Santa Cruz de la Palma,Vigo,Domestic,diciembre de 2020,1,"Nunca me había pasado algo semejante, llamé para cancelar y que abonara el vuelo cosa que accedieron tras explicar la situación pero fue un engaño porque, tras dos meses, sigo esperando a que lo hagan. Grabé la llamada y tengo pruebas, volví llamar al cabo de dos mese pero se hacen los locos y se burlan. La compañía está dirigida por mala gente."
IBS_0327,Iberia Express,Desconocido,Madrid,Berlin,Europe,octubre de 2021,1,"Hemos reservado vuelo en diciembre para ir a Berlín. Baraja vamos varias opciones, y al reservar nos equivocamos de día. En lugar de reservar vuelo para el día 15 lo hicimos para el 16 de diciembre. Nos hemos dado cuenta al día siguiente y he llamado toda la tarde para solucionarlo a Iberia express. He tenido que llamar aproximadamente 8 veces, porque no me atendían, y se terminaba cortando sola la llamada. Cuando he conseguido contactar me han dicho que tengo que pagar 65 € por pasajero y somos 5 personas, más gastos de tramitación. Y me he dado cuenta al día siguiente, queda más de 2 meses para el viaje. Es una vergüenza como Iberia se aprovecha, saben que tienen la sartén por el mango y lo hacen saber. Ryanair tiene dos cambios gratuitos hasta 7 días antes del vuelo. Será el último viaje que haga con Iberia por supuesto. Siento engañada y es una auténtica vergüenza. 👎"
IBS_0328,Iberia Express,Desconocido,Lanzarote,Madrid,Domestic,octubre de 2021,1,"Octubre 2, 2021- Iberia Express IB3853 Reservation Code LMZTO- vuelo de Lanzarote a Madrid- 11;05 am tratado de hacer contacto con Customer Service de Iberia Express pero ha sido imposible; la razón ha sido el maltrato sufrido por mi esposa, mi hijo y yo por parte de la empleada del Check in de esta compañía en el aeropuerto de Lanzarote el 2 de Octubre pasado. Tuvimos el despiste de no llenar el affidavit para nuestra entrada a nuestro pais (Estados Unidos) a pesar de que teníamos todos los otros documentos desde vacunación, tests, y códigos QR. Esta persona nos dijo con total rabia y desprecio que nos apartaremos, le preguntamos si podia ayudarnos o alguien de la oficina de la compania y nos dijo que absolutamente no que era nuestra responsabilidad y que si perdíamos el vuelo así aprenderíamos, todo esto al frente de una larga fila de pasajeros. Nosotros somos personas mayores y pasamos un gran bochorno por la actitud de esta señora, gracias a un pasajero pudimos bajar la forma a llenar y así pudimos resolver después de casi una hora de angustia en que ningún empleado de esta compania nos ayudo. Esta persona debería trabajar en un corral con puercos y no con seres humanos, su prepotencia, agresividad y desprecio por los que le pagamos su sueldo no la hace merecedora de estar en esa posición."
IBS_0329,Iberia Express,Desconocido,Palma de Mallorca,Madrid,Domestic,septiembre de 2021,2,"Ib Express es mi compañía favorita, pero últimamente voy con Aireuropa por el dto. Familia numerosa. La Web de Ib.Ex. no me permite reservar si solicito el dto. He llamado a att. Cliente, y ni caso."
IBS_0330,Iberia Express,Desconocido,Palma de Mallorca,Madrid,Domestic,septiembre de 2021,1,"He viajado a varias decenas de paises y nunca me han tratado tan mal como Iberia Express. Solo he viajado 2 veces con ellos y la experiencia no puede ser peor. En la primera ocasión me ""secuestraron"" la maleta en el embarque bajo amenaza de ""no volar"", luego sobraba sitio en los maleteros. Ahora, teniendo ya mi tarjeta de embarque, me cambian el asiento ""porque sí"" y tengo que ir separado de mi familia. En mi asiento inicial ponen a una señora que viaja sola."
IBS_0331,Iberia Express,Desconocido,Palma de Mallorca,Madrid,Domestic,septiembre de 2021,3,"Hemos llegado a nuestro destino sin que nadie nos spidiera identificación a la entrada al vuelo. Mala organización de las colas, todo el mundo apelotonado al lado del checking. Entrada lenta aun sin pedir Dni a NADIE."
IBS_0332,Iberia Express,Desconocido,Menorca,Madrid,Domestic,septiembre de 2021,1,"Dentro de sus condiciones, está la selección de asientos gratuitos 24 antes de la salida del vuelo y es mentira. Los puedes intentar seleccionar 100 veces y no lo conseguirás, te dan ellos los q les da la gana. Vamos, se pasan su condiciones por los co... Pensé q aunq low cost era iberia, y es peor q Ryanair. Les falta quedarse sin combustible. Vergonzoso."
IBS_0333,Iberia Express,Desconocido,Ibiza,Tenerife,Domestic,septiembre de 2021,5,"Buena atención y puntualidad, además de enviar información de los requisitos COVID del lugar de destino"
IBS_0334,Iberia Express,Desconocido,Madrid,Palma de Mallorca,Domestic,agosto de 2021,1,"Acabo de hablar con atención al cliente y admite que Iberia express es una compañía low cost y por ello no me devuelve el dinero de una compra que he efectuado y que 1 min mas tarde me he dado cuenta de que el mes estaba equivocado. He llamado inmediatamente y me dicen que no devuelven el dinero, ni bono ni nada. Que pague una amonestación para poder cambiarlo que cuesta más que el propio billete. No compraba con Ryanair por estas cosas y ahora se une Iberia Express a la lista negra."
IBS_0335,Iberia Express,Desconocido,Mexico City,Madrid,International,agosto de 2021,1,"Llevo días enteros llamando sin parar para gestionar un cambio de vuelo desde México y no hay nadie que conteste el teléfono, por la página no puedo generar ningún cambio. El whatsapp automatizado no hace más que darle vueltas al asunto sin resolver nada, no hay ninguna red social que contesten, simplemente no hay manera de comunicarse. Es muy desesperante el servicio que dan a los clientes, jamás le recomendaría a nadie comprar en esta aerolínea, comunicarse con ellos es como hablar con la pared, muy arrpentida de haber comprado con ellos."
IBS_0336,Iberia Express,Desconocido,Madrid,Tenerife,Domestic,julio de 2021,5,"Viaje con total normalidad y comodidad, así como con una gran puntualidad. Recomendable al 100% ya que cumple con todo."
IBS_0337,Iberia Express,Desconocido,Oviedo,Tenerife,Domestic,julio de 2021,5,"Segundo año que viajo con ellos y todo fenomenal, lo mejor la puntualidad aunque esta vez no haya sido así en el viaje de regreso pero no ha sido por culpa de ellos. El vuelo al que me refiero era un Tenerife-Asturias y estaba llegando bien el avión al aeropuerto norte de Tenerife pero de repente apareció una niebla espesa y ese vuelo junto a otros 4 se tuvieron que desviar al aeropuerto sur. Nos avisan por megafonía de que recojamos nuestro equipaje salgamos al aparcamiento donde nos espera un bus para el traslado al aeropuerto sur. Ya en el sur volver a dejar las maletas, pasar nuevamente el control de seguridad y traslado al avión en jardinera. Todo ello se traduce en 2:30 horas de retraso pero la culpa vuelvo a repetir fue de las inclemencias del tiempo. Iberia Epress agilizó todo el proceso de una muy buena forma. Es más ese avión tenía que regresar desde Asturias a Tenerife y la compañía les puso otro avión para que no siguiera acumulando retraso. En el vuelo de vuelta me conecté al wifi del avión desde mi tablet en la página de Iberia Express y el vuelo me ha resultado más liviano. Desde esa página tienes juegos, series, películas, revistas y una opción de información del vuelo donde en todo momento vas viendo por donde estás, la velocidad y la altura a la que estamos volando y alguna cosa más. Para conectarse es tan fácil como registrarse en su página web y eso ya lo puedes hacer a la hora de hacer la reserva y así tienes un descuento por registrarte. Esta vez reservé asientos delanteros y tengo que decir que la distancia para las piernas es algo mayor. Mientras tengan la ruta de mis vacaciones seguiré volando con ellos."
IBS_0338,Iberia Express,Desconocido,Fuerteventura,Madrid,Domestic,julio de 2021,3,"El vuelo Madrid - Fuerteventura y vuelta todo muy bien, las azafatas muy amables y pendiente de los pasajeros pero al recoger mi maleta en la T4 estaba rota, fin de vacaciones y de mi maleta. El personal que se ocupa del translado de las maletas podrían tener más cuidado a la hora de cargarlas y descargarlas ya que las necesitamos para viajar más no solo un viaje"
IBS_0339,Iberia Express,Desconocido,Madrid,Menorca,Domestic,junio de 2021,1,Reservados desde marzo billete y mascota en bodega y 1 semanas antes del vuelo no tenían ninguna reserva del animal. Tuvimos que volver ha hacerla. Al llegar el precio de pago de mascota fue de 3 veces más de lo que nos dijeron por que te hacen pagar en el aeropuerto en vez de antes como unos billetes normales con lo cual te meten en el mismo momento el precio que quieren antes de embarcar. Luego en el aeropuerto de destino dejaron a la mascota abandonada en una zona que no te avisan y tuvimos que recurrir a la Guardia Civil que nos localizarom al animal. La última que viajó con ellos ni lo recomiendo. Fatal fatal.. Después de todo lo que pagamos por un vuelo que vale 20 euros pagamos 500...una verguenza
IBS_0340,Iberia Express,Desconocido,Madrid,Las Palmas de Gran Canaria,Domestic,mayo de 2021,1,"Reservo mi mascota en cabina y al llegar al aeropuerto resulta que no tenía la reserva hecha y que el cupo estaba lleno. Tuvimos que volar la pareja separados, comprar otro billete en otra compañía para que al final en ese vuelo solo fuera una mascota. Tienen tal desastre que no se entienden ni ellos, lo que deduzco que pasó es que mi mascota se la pusieron a otra reserva. El resultado fue muchos nervios y 300€ de gasto extra, a parte de volar separados, con dos taxis diferentes, etc... No he recibido ni una disculpa"
IBS_0341,Iberia Express,Desconocido,Tenerife,Madrid,Domestic,mayo de 2020,1,"En 2020 reservé vuelos que cancelaron por Covid y conseguí bonos para otra reserva. Como la situación no mejoró y no me veo viajando de momento, llamé hoy a Atención al Cliente para pedir la devolución de dinero. Hablé en alemán con una Sra (11.30 hrs hora canarias ) que me dijo que como opté en su día por los bonos, ya no me pueden devolver el dinero. No me acuerdo de haber leído esta info en su día y le pedí de re-enviarme ese mail con la info de la cancelación, pero me dijo que no guardan estos mails y que no era posible (pero si me pudo decir el día y la hora exacta en la cual opté por los bonos). Si hubiera sabido eso, jamás hubiera optado por los bonos y encima me suena de haber leído de que si no gasto estos bonos durante el año, me devuelven el dinero (no estoy 100% segura, pero tampoco creo que me lo invento). Hablamos de 95 euros que para mi es mucho dinero y me parece muy fuerte y muy miserable que no te devuelven el dinero, aunque no cumplieron con el contrato (sé, que es fuerza mayor, pero al final del día tenia un contrato con ellos).Estoy en contacto con la oficina de consumidores, también pondré las hojas de reclamaciones. A la Sra en el teléfono no le importaba mucho cuando le dije que pondré una reclamación y tampoco me ofreció alguna ayuda o alternativa. Supongo que a los responsables no les llega ese comentario en Tripadvisor, pero a los que leen eso, les puedo aconsejar de NUNCA aceptar un bono de Iberia Express, siempre pedir la devolución de dinero."
IBS_0342,Iberia Express,Desconocido,Madrid,Tenerife,Domestic,enero de 2021,5,"Viaje el 22/01 una excelente tripulación ANA Y LUIS incluyendo al comandante, una atención excelente muy amables, mucho profesionalismo en su trabajo demasiados atentos nos trataron extra excelentes y ya que termine mi curso de tripulante de cabina seguiré su mismo ejemplo felicidades"
IBS_0343,Iberia Express,Desconocido,Ibiza,Madrid,Domestic,julio de 2020,1,Me cobraron unos billetes que nunca emitieron. Me quedé sin vuelo y sin el dinero. Llevo literalmente 6 meses luchando con teleoperadores que solo me dan largas y no me solucionan nada. Las reclamaciones por escrito han sido ignoradas.
IBS_0344,Iberia Express,Desconocido,Madrid,Dublin,Europe,enero de 2021,1,"Debido al temporal nuestros vuelos han sido cancelados. El primero fue el lunes 11, debido al temporal un monton de vuelos habían sido cancelados. Nos acercamos al mostrador de Iberia y nos dicen que Iberia express es otra compañía (pero todo lo gestionas con Iberia), no existe mostrador ni nada para darte info. Finalmente conseguimos un vuelo en lista de espera para el miércoles 13. Hoy después de estar en el aeropuerto y marearnos con las horas del vuelo, retrasos, puertas de embarque etc han cancelado el vuelo sin dar ningún tipo de explicación. Hoy el aeropuerto ha tenido muchas salidas por lo que funcionaba yo diría que al 70/80%. Para colmo no hemos recibido ningún mensaje por parte de Iberia express, tal y como ellos dicen que harán cuando llamas al número de at.cliente. Después de 2 h de espera en l cola de Iberia ellos dicen que no dan una solución porque Iberia express es otra compañía. Nos vuelven a dar un número de teléfono para reclamar. Este número está saturado y no cogen el telefono. Vale que haya un temporal pero... Iberia e Iberia expresss podian gestionar esto un pcoo mejor."
IBS_0345,Iberia Express,Desconocido,Madrid,Naples,Europe,julio de 2020,2,"Les da exactamente igual, que tengas unas vacaciones preparadas, previstas y pagadas. Que no haya ninguna prohibicion de viajar por ningun motivo, que ensaras que serian unas vacaciones inolvidables... Van ellos y te lo chafan. Lo dicho les da lo mismo. Hicieron sus cuentas (lista de pasajeros, prevision de gasto, billetes vendidos, etc...) y como no les saldrían las cuentas (beneficio) , SUSPENDEN EL VUELO y se quedan tan panchos. Eso si te avisan pocos dias antes, para fastidiarte aun más de lo previsible y para rematar, no te devuelven el dinero, te dan un bono y ... GUARDADO LO TENGO PARA VER SI UN DIA ME DA POR VIAJAR CON ELLOS. L A M E N T A B L E"
IBS_0346,Iberia Express,Desconocido,Palma de Mallorca,Barcelona,Domestic,diciembre de 2020,1,"Ni se os ocurra comprar un billete por teléfono, es una verdadera estafa. Te tienen en espera mas de 20 minutos. Es una verdadera tomadura de pelo. Sale mas cara la llamada telefónica que el billete. Los trabajadores que te atienden son penosos, parece que tengan la orden de hacer esperar. Me dieron el billete de vuelta con el horario equivocado. Para arreglar algo tan sencillo como un error suyo fue algo absolutamente surrealista. Por teléfono no hubo manera, un locura. En fin, sin enrollarme más, acudir a otra compañía mientras queden. Saludos."
IBS_0347,Iberia Express,Desconocido,Madrid,Tenerife,Domestic,noviembre de 2020,5,Buen trato y profesionalidad de las tripulaciones. Medidas covid correctas y adaptadas a la legislación.
IBS_0348,Iberia Express,Desconocido,Santiago de Compostela,Madrid,Domestic,octubre de 2020,1,"Esta compañía nos ha llevado y traído a y de Santiago de Compostela. A la ida parecen dejar los asientos alternos ""para evitar el Covid"" a nosotros nos ponen junto a un señor ajeno, existiendo 3 filas libres detrás. Pedimos cambiarnos a una fila mas atrás y nos dicen que solo una, ""por la distribución de pesos"", sin comentarios. A la vuelta uno a cada lado del pasillo, existiendo también asientos libres par ir juntos y dejar la distancia, por cierto en el vuelo en correspondencia íbamos petados. Poca experiencia, que sonrojara a muchos veteranos. Cuando tengan problemas laborales, espero que no nos molesten, ya saben manifestaciones, pitadas, firmas... Yo firmare si, pero para que les bajen el sueldo y trabajen de verdad."
IBS_0349,Iberia Express,Desconocido,Madrid,Santiago de Compostela,Domestic,octubre de 2020,1,"Llegas a destino y falta la maleta, cuando vas a reclamar ya lo saben. Te dicen que vendrá en el vuelo de la noche, pero no te lo repartirán hasta el día siguiente. Por las propias necesidades, decides ir a por ella al aeropuerto, Te dicen que guardes todos los resguardos de los gastos. Cuando haces la reclamación y les pides los reintegros te responden que como se entrego el mismo día no tienes derecho a nada, ni gastos de desplazamiento ni nada. ¿Tienen aeropuerto en Sierra Morena?"
IBS_0350,Iberia Express,Desconocido,Madrid,Tenerife,Domestic,diciembre de 2019,1,"Denuncio el cobro de 60 € de forma abusiva por Iberia Express por gastos de gestión de nombres de dos pasajeros. El problema fue el volcado de los nombres de los dos pasajeros frecuentes y no del cliente que rellenó de forma correcta el formulario. Está clarísimo que el cliente no le va a poner a su hijo su propio nombre y a su marido su segundo apellido. La única explicación plausible es un fallo de la WEB al hacer el volcado de los nombres de los pasajeros frecuentes al añadirlos en la reserva. A pesar de exponer la situación en dos horas desde que advertimos el error y por supuesto antes de 24 horas , no nos dejaron otra salida que pagar los 60 €. Los billetes no estaban emitidos pero su respuesta es la siguiente: El billete emitido es el contrato de transporte entre la compañía aérea y el cliente. La sustitución de un apellido por otro distinto o la omisión de uno de ellos es considerado como modificación de la titularidad, por lo que no es posible acceder a su petición."
IBS_0351,Iberia Express,Desconocido,Madrid,Lanzarote,Domestic,Desconocida,2,"Para los pocos vuelos que operan actualmente, un desastre. Para empezar compre los billetes online y en la compra aparecía la política de equipaje, tanto de mano como facturado. Cuando llegamos al aeropuerto, nos dicen que el equipaje facturado no entra y tenemos que pagar allí mismo 40 euros por maleta. Bonita forma de hacer negocio, engañando a la gente. Después, una vez en Lanzarote, decidimos quedarnos unos días más y cambiar el billete. Misión imposible. Tienes que hacer la solicitud por la web y se ponen en contacto contigo ""a la mayor brevedad posible"". Se ve que ahora deben estar hasta arriba de trabajo, porque han pasado varios días...y nada. Llamas a un número de teléfono de atención al cliente, por supuesto de tarificación especial, para de nuevo no ayudarte nada, y decirte que el cambio de vuelo solo se puede hacer online. Y como dato curioso, en el aeropuerto de Arrecife no hay stand de Iberia...donde hemos llegado. En fin, Iberia express, en época de poco trabajo, en vez de mejorar la atención al cliente y su experiencia, la empeoran."
IBS_0352,Iberia Express,Desconocido,Palma de Mallorca,Madrid,Domestic,octubre de 2020,1,"Iberia despues de tener un protocolo de embarque, desembarque exigiendo medidas de seguridad al pasaje durante el vuelo, en el desembar en Madrid, subieron a todo el avión en un autobús completamente lleno, sin respetar la distancia de seguridad y las medidas de aforo. Es vergonzoso la poca seriedad, tanto riesgo y exigencias para después apilar a todo los pasajeros en un autobús, pudiendo llevar a rampa el avion."
IBS_0353,Iberia Express,Desconocido,Madrid,Lanzarote,Domestic,septiembre de 2020,3,"He puesto turista pero íbamos en Business, vuelo Iberia operado por express. Los asientos no se podían reclinar, no se podía comer nada y no había hielo para bebidas calientes. Estamos hablando de un viaje de más de dos horas. Pagamos billete de vuelo regular con un servicio cutre , lo de operado por Iberia express ya lo he entendido, es como una estafa."
IBS_0354,Iberia Express,Desconocido,Ibiza,Madrid,Domestic,septiembre de 2020,2,"Viaje de Ibiza a Madrid en plena segunda ola de la pandemia del Covid y todos los pasajeros íbamos en las últimas diez filas del avión, estando el resto VACÍO. No entiendo como en plena pandemia nos apiñan a todos al final, pudiendo haber volada guardando la distancia de seguridad de sobra, tu en tu fila y la de delante y la de atrás vacías sin problema. Cuando se dan cuenta, las azafatas empiezan a mover gente, con la mala suerte de que sólo pueden pasar hacia delante a cuatro pasajeros por que el avión despega. Tan sólo te Dan una toallitas para que te limpies las manos al entrar al avión (cosa que haces si quieres) y te obligan a viajar con mascarilla (algo es algo). Algo positivo, que viajaba sola y me acomodaron sola en la fila y creo que el resto de pasajeros si iban dos, pues solo dos por fila. Aún sabiendo que el vuelo iba vacío, le pedí a la chica del mostrador que me cambiará el asiento, pasándome algo más adelante y su contestación fue, que eso tenía que pagarlo. Confiaba en Iberia, pero es cierto que ayer me decepcionaron."
IBS_0355,Iberia Express,Desconocido,Madrid,Las Palmas de Gran Canaria,Domestic,septiembre de 2020,1,"Nunca habia viajado con esta compañia, pero mi hermana me la recomendó y quise probar. Viajé a Madrid por tratamiento dental , debido a eso me vi obligada a cambiar el vuelo porque se me complicó el tratamiento. Cuando quise cambiar de vuelo mediante la página web , me indicaba que habia un error y si el error persistía me pusiera en contacto por teléfono. Cuando llamo por teléfono me atiende una chica y me dice que me hacian el cambio por una cantidad de dinero, se cortó la llamada. Llamo al día siguiente y me atiende un chico, bastanta desagradable , y me dice que los cambios de vuelo no se pueden cambiar el destino, y yo le digo que hablé con una compañera y me dejaba hacerlo por tanto dinero , me vuelve a decir lo del destino casi gritandome y encima me cuelga. Alfinal me dijeron 3 opiniones distintas y no me dieron solucion y me colgaron. No la recomendó por su atención al cliente."
IBS_0356,Iberia Express,Desconocido,Santiago de Compostela,Madrid,Domestic,marzo de 2020,1,indignante que una compañia como iberia a dia de hoy desde marzo me estén ignorando para darme mis vales o mi dinero por unos vuelos que tenia durante el confinamiento por covid. He llamado 5 veces para reclamarlos y no tengo ni vales ni respuesta alguna. Los empleados tampoco parecen muy cualificados y en alguna llamada hasta me han colgado. No esperaba esto de iberia. Tenia otros vuelos con air europa y enseguida me dieron mis vales. Lo denunciaré a consumo.
IBS_0357,Iberia Express,Desconocido,Madrid,Tenerife,Domestic,agosto de 2020,5,"Viajamos con Iberia express a Tenerife a finales de agosto . Check-in sin problemas , compramos el billete un día antes , nos asignaron asientos juntos a mi marido y a mi . Nos pasaron los 4 kgs extra de equipaje de bodega sin ningún coste adicional , también nos facturaron las maletas de mano sin ningún coste . Fueron muy puntuales y el personal muy serivicial. Recomiendo esta low cost, es una de las mejores ."
IBS_0358,Iberia Express,Desconocido,Ibiza,Madrid,Domestic,septiembre de 2020,1,"Normalmente la experiencia de viaje con Iberia Express había sido hasta ahora muy positiva. En esta ocasión nos hemos visto afectados por el retraso en la entrega del equipaje en nuestro viaje de vuelta de Ibiza a Madrid en la tarde del domingo 30 de agosto. Después de esperar más de 20’ a que saliera nuestra maleta facturada cuando ya no quedaba ninguna otra por salir, realizamos la correspondiente reclamación en el mostrador de Iberia y nos indicaron que en un máximo de 48 la tendríamos en casa. Hubiera sido peor el extravío en el viaje de Ida, pero las molestias por tener que reponer algunos artículos y medicamentos para los primeros días son inevitables. Finamente recibimos la maleta el miércoles (72 horas más tarde) con la desagradable sorpresa de encontrarla totalmente manchada de grasa y con rozaduras. Tras reclamarlo al departamento correspondiente la respuesta de Iberia Express ha sido: “...En cuanto al deterioro que menciona, los equipajes facturados sufren durante su manipulación y traslado —no solo por las instalaciones aeroportuarias— un desgaste inevitable que ha de considerarse lógico por el normal uso de la maleta y del que no podemos hacernos responsables...” Por tanto por un error en su gestión del equipaje tengo que limpiar (difícil siendo grasa) o reponer la maleta a mi cargo. Una pena que, teniendo una buena impresión de esta compañía durante todos estos años y siendo portador de la tarjeta Iberia Plus, lo estropeen al no dar ninguna alternativa más que nos aguantemos. Habrá que tenerlo en cuenta para los siguientes viajes"
IBS_0359,Iberia Express,Desconocido,Las Palmas de Gran Canaria,Madrid,Domestic,agosto de 2020,1,"Ni la peor de las lowcost ofrece tan mal servicio, tomé 4 vuelos con iberia express ylas 4 veces tuve problemas para seleccionar asientos, incluso una vez duplicaron el cobro de los asientos. Llamé por teléfono al número de pago que es el único que tienen y nunca dan solución. No lo recomiendo para nada, pésimo servicio."
IBS_0360,Iberia Express,Desconocido,Madrid,Menorca,Domestic,agosto de 2020,5,"Muy recomendable como compañía de bajo coste. Puntuales, profesionales y a precios competitivos. Billete con maleta incluida. La prefiero a cualquier otra de su rango"
IBS_0361,Iberia Express,Desconocido,Madrid,Paris,Europe,agosto de 2020,1,"Me cancelaron el vuelo que compré con la promesa de recolocarme en otro vuelo. Nunca me recontacteron, asique un mes después de esperar los llame para tener noticias . Me dicen que ya no tienen ningun vuelo hasta el 1 de septiembre pero luego descubro que es falso, que los siguen vendiendo por internet para agosto!. He pedido reembolso dem dinero y sigo esperando después de varios meses. Ni un triste mail que confirme cuándo me devolverán el dinero. Servicio de atención telefónica pésimo. Nunca más con Iberia Express"
IBS_0362,Iberia Express,Desconocido,Las Palmas de Gran Canaria,Madrid,Domestic,agosto de 2020,2,"Los asientos son inaguantables para un vuelo de tanta duración. Es mejor casi volar con Ryanair, que sale más barato y es igual de mala."
IBS_0363,Iberia Express,Desconocido,Madrid,Tenerife,Domestic,agosto de 2020,1,"Es mentira que estes seguros los aviones no es que estén sucios están horribles, cómo desinfectas sobre sucio? Alguien sabe? Y la vuelta llegan y en 15 min estábamos embarcando. Es covid free? Imposible y para colmo llegas a la t4 en día de lluvia en agosto y te mandan a autobús en vez de finger sin nadie controlando... íbamos más del máximo . Una vergüenza"
IBS_0364,Iberia Express,Desconocido,Madrid,Lanzarote,Domestic,agosto de 2020,1,Hace un mes cancele nuestro viaje de vacaciones a Lanzarote y me ofrecieron ingresarme el dinero en un bono del que yo dispondría para viajar con ellos hasta el 31.12.2021. Aun no me han contestado. Me mandaron información del vuelo para el embarque les dije que lo había cancelado y me dijeron que era el protocolo pero que no me preocupase y siguen sin ponerse en contacto conmigo para darme un código o algo tangible en donde yo vea reflejado mi dinero.
IBS_0365,Iberia Express,Desconocido,Madrid,Fuerteventura,Domestic,agosto de 2020,1,"El avión es un sito cerrado y aún llevando mascarillas, el vuelo era completo, no se respetaba la distancia de seguridad, con la machacona insistencia en guardar dicha distancia en el aeropuerto. FATAL, FATAL. En ese vuelo nadie se nego a llevar mascarilla, pero me cuentan que otros vuelos de Iberia e iberia express, recomiendan llevar mascarilla, pero si alguien se niega no intervienen. Me consta que mucha gente ha suspendido su viaje a Canarias por las pocas garantías de seguridad que ofrece esta compañía"
IBS_0366,Iberia Express,Desconocido,Oviedo,Tenerife,Domestic,julio de 2020,4,"Estas vacaciones he volado con Iberia Express y sólo tengo buenas palabras para ellos. Compré los billetes meses antes de viajar y debido al tema covid siempre temí porque se anulasen los vuelos cosa que no se hizo pero que a pesar de ello me ofrecieron la posibilidad de cambiar fechas o de darme un vale por el importe del viaje para gastar en año y medio, no hizo falta de nada porque los vuelos se realizaron. Vuelo de ida puntualidad y llegada a destino antes de la hora y en el de vuelta retraso de media hora pero llegada a destino en hora. Equipaje de cabina facturado en bodega gratuitamente. Aviones muy limpios. Servicio a bordo inesistente como en todas las compañías por motivos covid. Un saludo."
IBS_0367,Iberia Express,Desconocido,Fuerteventura,Madrid,Domestic,julio de 2020,1,"Por llevar animal en cabina no se puede hacer cheking online. Una vez alli, me dice la mujer que mi reserva está cancelada, cuando tengo el correo de confirmación y me dejé 20€ al hacer la reserva en el 901 donde te obligan a llamar. Me dieron dos códigos de reserva. Pues en facturación uno aparece cancelado y otro ni aparece. Con sus dos cjones me obligan a llamar desde el mostrador otra vez para solucionarlo. Y a 10 minutos de perder el avión me lo soluciona por fin llamando con su teléfono la mujer del mostrador. Ya que mis llamadas se ""cortaban"" todo el rato. Otros 15€ en llamar.Por otro lado tengo otro vuelo en dos días y también le aparecía cancelado a la mujer. Ahora me toca hacer lo mismo para ese vuelo. Cojo el avión por los pelos y ahora ya en Madrid me pierden la maleta. A la mii er da iberia express. Que p u t a pesadilla."
IBS_0368,Iberia Express,Desconocido,Madrid,Bogota,International,junio de 2020,1,Pésimo servicio. Gastamos 140 euros en llamadas. Todo porque compramos dos tiquetes con un call center y al solicitar los billetes electrónicos nos dijeron que solo estaba pago uno. Después de llamar muchas veces por fin pudieron solucionar y lo que pasó fue que cobraron 3 veces el mismo billete y agotaron el saldo de la tarjeta. Ahora esperar el reembolso. Además de que nos tocó pagar con dos tarjetas de crédito diferente. Mejor dicho hice el pago de 4 tiquetes y solo íbamos a pagar dos. Tienen un personal que no tiene ni idea de lo que hace. Exigo una respuesta por parte de Iberia
IBS_0369,Iberia Express,Desconocido,Madrid,Tenerife,Domestic,junio de 2020,1,"Son unos sinvergüenzas y tienen un trato lamentable. Me inscribí en su club de Iberia express para tener mejores facilidades,entre las que se incluía bloquear el precio durante 24h. Cuál es mi sorpresa cuando al intentar tramitar la compra en los enlaces que indica, me redirige a una página donde pone que no tengo ningún billete reservado, sin embargo si entro en mi cuenta sí aparecía aunque a saldo 0 y sin darme la opción a comprarlos tampoco. Ante esta situación, decido llamar al servicio de atención al cliente. Tras 10 minutos de espera, el chico que me coge la llamada, me deja hablar 2 segundos y me pasa con una encuenta de calidad, para después colgarme el teléfono. Pensando que ha podido ser un error, llamo de nuevo. En este llamada el resultado es exactamente el mismo. Intento llamar una tercera vez y tras más de 25 minutos en espera decido que ya está bien de la tomadura de pelo. Si esta es la forma en la que tratan quienes quieren reservar con ellos, no me quiero imaginar lo que harán una vez que ya les hayas pagado. Sin duda no sólo no volveré a tener en cuenta a esta compañía para el futuro sino que desaconsejare a todos mis conocidos que la utilicen. Lamentable."
IBS_0370,Iberia Express,Desconocido,Madrid,Dublin,Europe,agosto de 2019,3,"Como siempre deja mucho que desear, la tripulación desagradable, parece que les debes dinero, esto no es una compañía formal, a ver si toman ejemplo de otras muchas más que hay en el mundo."
IBS_0371,Iberia Express,Desconocido,Amsterdam,Madrid,Europe,marzo de 2020,3,"Aunque el personal trata de ser amable no te ayudan mucho cuando haces alguna petición tanto como en el mostrador del aeropuerto como en el avión ya que , no deja de ser una línea económica y por lo mismo la calidad del servicio no es muy buena, además los asientos de los aviones son muy incómodos!!! Casi no hay espacio en los asientos y además ningún asiento de clase económica se reclina."
IBS_0372,Iberia Express,Desconocido,Madrid,Las Palmas de Gran Canaria,Domestic,diciembre de 2019,5,"Iberia express siendo una compañia de bajo precio, ofrece un buen servicio y muy puntual. He viajado mucho con ellos y lo seguiré haciendo."
IBS_0373,Iberia Express,Desconocido,Buenos Aires,Madrid,International,febrero de 2020,2,"Un desastre, el personal tenia mal trato, parecia que nadie tenia ganas de trabajar, el asiento muy incomodo, no la recomiendo para nada. Nos cancelaron el vuelo y no nos daban opcion de cambio. No atendian el telefono."
IBS_0374,Iberia Express,Desconocido,Madrid,Lanzarote,Domestic,marzo de 2020,4,"Un magnifico vuelo con gran puntualidad , excelente el Comandante. Los emplead@s de cabina con un comportamiento exquisito a la hora de colaborar para colocar el equipaje de cabina. Seria MUY DESEABLE que la compañia sea mas rigurosa a la hora de controlar el equipaje de mano , he observado varios equipajes que sus medidas NO CORRESPONDEN A LAS AUTORIZADAS para ir en cabina. Aconsejo a los viajeros que cumplan con las dimensiones del equipaje autorizado por la compañia para que se pueda acomodar en cabina. ."
IBS_0375,Iberia Express,Desconocido,Madrid,Las Palmas de Gran Canaria,Domestic,marzo de 2020,5,"Personal muy agradable. En todo es similar a Iberia: puntualidad, limpieza... Los productos que venden no son excesivamente caros, para un avión. En el viaje de vuelta, que no iba del todo lleno, nos trataron fenomenal: nos dieron ventanilla y pasillo y dejaron libre el asiento del centro."
IBS_0376,Iberia Express,Desconocido,Stuttgart,Madrid,Europe,enero de 2020,4,"No tuvimos ningun problema con la aerolinea, tanto el check in, el vuelo, el personal, fue bueno en todo momento, incluso llegamos 10 min antes de lo previsto a nuestro destino, siempre que viajo suelo coger esta aerolinea porque nunca he tenido problemas con ellos."
IBS_0377,Iberia Express,Desconocido,Madrid,Las Palmas de Gran Canaria,Domestic,febrero de 2020,5,"Llegamos antes de la hora prevista, y la tripulación muy amable. Decidí no elegir butaca, y me tocó en la parte delantera."
IBS_0378,Iberia Express,Desconocido,Mexico City,Tel Aviv,International,febrero de 2020,5,"recomendable esta linea por sus servicios y atenciones, nunca habia usado esta linea de Iberia pero quede maravillado para mis proximos viajes volverla a tomar."
IBS_0379,Iberia Express,Desconocido,Madrid,Palma de Mallorca,Domestic,marzo de 2020,5,"Emabarque empezó a su hora. La atencion por tripulación de cabina muy amable y atentos en todo momento. Despegue de madrid en hora, aterrizaje en Palma de Mallorca antes de hora."
IBS_0380,Iberia Express,Desconocido,Tenerife,Madrid,Domestic,marzo de 2020,5,"Fue un vuelo muy agradable con unos pilotos y sobrecargos realmente simpáticos. El avión iba lleno y aún así, el vuelo fue puntual."
IBS_0381,Iberia Express,Desconocido,Almeria,La Coruna,Domestic,marzo de 2020,3,"Vuelo sin incidencias. Atención correcta de la tripulación. Puntualidad excelente. Por el tamaño del avión he tenido que facturar la maleta pequeña, ante la advertencia del personal de facturación de que no cabría en el compartimento de cabina."
IBS_0382,Iberia Express,Desconocido,Leon,Almeria,Domestic,febrero de 2020,4,"Muy buen viaje tanto de ida como el de vuelta, el comandante daba explicaciones por donde pasábamos ."
IBS_0383,Iberia Express,Desconocido,Las Palmas de Gran Canaria,Madrid,Domestic,Desconocida,4,"Vuelo IB3829. GCLP-LEMD. GRAN CANARIA - MADRID BARAJAS. Boeing 320 en clase turista con espacio más que aceptable entre asientos, cosa que no ocurre en la mayoría de los aviones de otras compañías aéreas. Asientos no reclinables pero para la distancia y tiempo de vuelo no tuvo tanta importancia."
IBS_0384,Iberia Express,Desconocido,Madrid,Porto,Europe,marzo de 2020,4,"Viajar con Iberia express me da tranquilidad, seguridad y confianilidad. El personal es muy atento y profesional y, a diferencia de otras low cost, es la más confiable. Solo les sugeriría un poquito más de espacio entre los asientos. Generalmente son viajes cortos, pero para mi que soy alta, es un poquito incómodo. Pero no me impide elegirla"
IBS_0385,Iberia Express,Desconocido,Tenerife,Madrid,Domestic,marzo de 2020,1,"Súper apretados ... muy poco espacio entre butacas, colas enormes para facturar... mejor otras compañías ...."
IBS_0386,Iberia Express,Desconocido,Las Palmas de Gran Canaria,Madrid,Domestic,febrero de 2020,3,Mi vuelo se canceló por cuasa de la calima. Era algo inevitable que todo el mundo entiende y entendió. Lo que nadie puede entender es que fuese necesario hacer cola ante una ventanilla para prefuntar todos lo mismo. Habria sido mucho mas razonable y practico reunir a todos los pasajeros en una zona del aeropuerto e informar a todos al mismo tiempo de las novedades y alternativas. Por este motivo se merecen un CERO en organizacion. Por otra parte un 10 a todo el personal por su paciencia y amabilidad.
IBS_0387,Iberia Express,Desconocido,Bilbao,Madrid,Domestic,febrero de 2020,3,"Tuve que viajar con Iberia y tuve las siguientes experiencias: 1. Un vuelo cancelado; 2. Pérdida de maletas; 3. Sin respeto por el asiento comprado, una experiencia en cada uno de los vuelos que tuve. La verdad no me atreví a un 4to. vuelo con Iberia"
IBS_0388,Iberia Express,Desconocido,Madrid,Naples,Europe,febrero de 2020,5,"asi es a pesar de todo continua siendo puntual, para mi la mejor en vuelos de este tipo y no tengo nada en particular con la empresa, si no que la experiencia que tengo con iberia no puedo quejarme en absoluto, ahora me refiero al vuelo salida y llegada, en la parte administrativa no tengo experiencia ninguna y eso que vuelo hace tiempo con la empresa ni negativo ni positivo, en fin cuestion de suerte por decir. gracias"
IBS_0389,Iberia Express,Desconocido,Tenerife,Madrid,Domestic,enero de 2020,1,"compre un vuelo con derecho a reembolso por cancelacion , lo tu vuve que cancelar hace dos meses y todavia estoy esperando el reembolso, su respuesta es que tienen mucho trabajo y tengo que esperar . la verdad que no volvere a comprar con iberia expres. ademas no tiene telf gratuito sino un 901 que cada vez que llamo para pedir me reembolso me cobran la llamada para que me digan que me espere , que no hay otro modo de hacerlo."
IBS_0390,Iberia Express,Desconocido,Madrid,Frankfurt,Europe,febrero de 2020,3,El vuelo fue correcto sin mas. El avion salio con algunos minutos de retraso pero el retraso fue reducido durante el vuelo.
IBS_0391,Iberia Express,Desconocido,Mexico City,Valencia,International,Desconocida,1,"Dos veces que he volado con Iberia y dos inconvenientes graves que he sufrido. Independientemente del servicio que ofrecen durente el vuelo que no es el mejor. Lá primera vez que viajé (2018) México-Valencia con escala en Madrid cancelaron la conexión Madrid-Valencia sin previo aviso e Iberia no ofreció alternativas de transporte ni reembolso de dinero. La segunda vez que viajé (2020) no llegó la maleta a destino porque se había quedado en origen. Me llegó al domicilio indicado dos días después con faltantes de ropa; Iberia no se hace responsable. Conclusión: es informal y sus empleados son una panda de ladrones los cuales están respaldados por las propias políticas de Iberia... me pregunto, ¿se repartirán el motín empresa y ladrones?"
IBS_0392,Iberia Express,Desconocido,Madrid,Nice,Europe,febrero de 2020,3,"Día 21-2 (viernes) vuelo de las 15,15horas. Todo perfecto llego con adelanto de 10 minutos a Niza. Un detalle muy ""guarro"" entramos en cabina en el grupo ""4"" (los últimos) teníamos los asientos 3A 3By 3C. Cuando llegamos y abrimos nuestro lugar de equipaje vimos que estaba libre y cabían perfectamente nuestras 2 pequeñas maletas (una encima de la otra). Pero un empleado de vuelo nos indicó que ese lugar lo habían reservado para un VIP que estaba por llegar, y que lógicamente tenía su lugar asignado encima de su asiento. Nos metieron las maletas hacia el centro avión y a la llegada tuvimos que andar mendigando y pidiendo por favor que nos dejaran ir ""contracorriente en el estrecho pasillo"". Los empleados de vuelo no se distinguen por su amabilidad y buen hacer, de hecho un robot haría su trabajo mucho mejor."
IBS_0393,Iberia Express,Desconocido,Madrid,Tenerife,Domestic,enero de 2020,5,Un buen vuelo sin ningún contratiempo. tanto en la salida como en la llegada fue puntual. los auxiliaresde vuelo muy atentos.
IBS_0394,Iberia Express,Desconocido,Tenerife,Madrid,Domestic,enero de 2020,4,"Aunque jamás he tenido ningún problema con Iberia hasta el momento que acudí a la supervisora del aeropuerto de Tenerife norte a resolver simplemente una duda que tenía, mejor no lo hagais nunca, os encontrareis con una "" persona "" lo entrecomillo por no decir otra cosa, beligerante , prepotente y que ni tan siquiera te deja explicar tu duda. En fin un mal trago que mejor no pasar."
IBS_0395,Iberia Express,Desconocido,Madrid,Rome,Europe,Desconocida,3,Vuelo entre semana Madrid Roma en temporada baja. Avión casi al completo. Te bajan las maletas a bodega si entras de los últimos aunque había sitio en el avión. Deberían asegurarse de esto ya que después el Roma tardaron bastante en salir las maletas.
IBS_0396,Iberia Express,Desconocido,Naples,Madrid,Europe,Desconocida,4,"Vuelo con embarque muy pronto, casi 1h antes. Llegada justo a tiempo y casi nadie en el avión así que solos en los asientos de 3 y si querías te podías tumbar en otros porque no había nadie. En Nápoles vas al avión en autobús así que no preocuparse por embarcar al final."
IBS_0397,Iberia Express,Desconocido,Madrid,Las Palmas de Gran Canaria,Domestic,enero de 2020,4,Un buen viaje en un Airbus 321 (bastante grande). Correcta puntualidad. Algo justo el espacio entre filas de asientos.
IBS_0398,Iberia Express,Desconocido,Madrid,London,Europe,enero de 2020,2,"Humillante, desagradable y sin profesionalidad. Este servicio es un auténtico desastre y los empleados no parecen recibir formación en cuestiones fundamentales. Eso sí, ningún tipo de retraso"
IBS_0399,Iberia Express,Desconocido,Las Palmas de Gran Canaria,Madrid,Domestic,febrero de 2020,1,"Una vez más como en ocasiones anteriores compro a través de Internet mis billetes para ir de viaje con las amigas y sorpresa vaya cachondeo los de Iberia Express me lo han cobrado 3 veces por un importe de 1000 € y ahora no me lo quieren devolver hasta dentro de 21 días que resuelvan el expediente. INDIGNANTE, NUNCA MÁS, la contestación es que me lo devuelven en 21 días en principio, y yo les digo que cuando entre mis gastos quien atiende los gastos de demora por no psgar en tiempo?? NUNCA MÁS ADIOS IBERIA EXPRESS, PÉSIMA GESTIÓN DE ACTUACIÓN. En la página dice ""error ha surgido un problema inténtalo de nuevo"" y ahí está el rollo por cada intento hicieron un cargo."
IBS_0400,Iberia Express,Desconocido,Madrid,Palma de Mallorca,Domestic,febrero de 2020,1,"Me he dejado el bolso en el avión porque la azafata me lo ha quitado porque iba sentada en la fila del medio. Nunca llegó bolso y al salir me he dado cuenta. Cuando he querido volver no me han dejado y me han dicho que reclamarse fuera. Después de tenerme un buen rato esperando, me han dicho que el bolso ha aparecido pero q no podian devolvermelo porque era tarde y no me lo podían sacar. Que vuelva mañana a ver si sigue, que mi bolso lo dejan encima de una mesita. Me parece una vergüenza."
IBS_0401,Iberia Express,Desconocido,Las Palmas de Gran Canaria,Madrid,Domestic,enero de 2020,3,"Mala organización para subir al avión, normalmente en las compañías de aviación se respeta los grupos, acá no se respetó y fue un caos la entrada al avión; como el avión era chico las maletas de mano la sacaron y las mandaron abajo por ese aluvión de gente que nos dejó atrás. Además, en las tres horas de viaje a Madrid, nos dieron un vaso de agua, y lo que no habíamos visto en otros vuelos, que cobraran la comida y la bebida a precios importantes, y además se dedicaran a promocionar elementos de belleza. Cuando tuvimos alguna duda sobre el vuelo los días anteriores, llamamos a atención al cliente, y no atendió nadie en varias oportunidades y a distintas horas, y por asistente virtual, no responde una pregunta larga, porque dice que es un robot y que se diriga a una persona (que no atiende). Nada que ver con el servicio que brinda Iberia en viajes internaciones, por eso elegimos esa empresa, que por ser de Iberia, pensé que sera más seria."
IBS_0402,Iberia Express,Desconocido,Palma de Mallorca,Las Palmas de Gran Canaria,Domestic,Desconocida,4,"He viajado este mes con iberia exprés, en general le doy un notable, sobre todo en puntualidad, sin enbargo muy incómodo, sobre todo si eres una persona alta o eres un poco obesa, no es mi caso, pero mi hijo es muy alto y mi marido un poco obeso y se de que hablo. En distancias vortas se soporta pero en trayectos de mas de 2 horas no vendria mal unos centímetros más de anchura."
IBS_0403,Iberia Express,Desconocido,Pamplona,Tenerife,Domestic,enero de 2020,3,"Vuelos tranquilos con pequeña escala en Madrid, la anchura entre asientos cada vez más escasa, para personas altas o con sobrepeso, los asientos son muy justos."
IBS_0404,Iberia Express,Desconocido,Madrid,Tenerife,Domestic,enero de 2020,1,"En el día de ayer compré 4 billetes para mis dos hijos, mi mujer y yo, cuál es mi sorpresa que cuando voy a mirar el email de confirmación de los vuelos y los datos del mismo resulta que mi nombre aparece dos veces con mis apellidos duplicados y el nombre de mi hijo pequeño no aparece, cuando antes de confirmar e introducir los datos de la tarjeta me cercioré de que todos los datos estaban bien. Llamo de inmediato al teléfono de atención al cliente( 901 de pago) indicando que hay un error informático y que por favor cambien el nombre y me dicen que no pueden hacer nada, que al ser una compañía lowcost no se admiten cambios, le indico que no es ningún cambio, que es un error informático y me indican que la única solución es comprar otro billete para mi hijo( alucinante y vergonzoso) le indico que quiero devolver los billetes, ya que estoy dentro de las 24h dentro del plazo de devolución y me dicen que no se pueden devolver( por supuesto denunciable) que es lo que voy a hacer. No tengo palabras para describir como le permiten a una compañía como Iberia tener esa política de venta. He realizado una reclamación por el único sitio que se puede y hoy voy a la OMIC para presentar una denuncia contra esta compañía. Si se piensan que me voy a rendir la llevan clara. Con lo fácil que es subsanar un error de cambio de nombre y encima que el error ha sido de su página web, que por cierto es una auténtica basura, con lo que ha sido IBERIA en España. Recomiendo que jamas compre nadie billetes con esta compañía, ya que sin haber cometido ni un solo error en la compra, ellos directamente hacen que lo sea, para sacarte más dinero, de verdad que escribo estas palabras y todavía no me creo lo que estoy viviendo."
IBS_0405,Iberia Express,Desconocido,Madrid,Mykonos,Europe,agosto de 2019,4,"Es una compañia que funciona muy bien, y se aprecia poco que es low cost. Decir que he volado a las 5 de la madrugada, tanto a la ida como a la vuelta, y eso optimiza el precio. Buen vuelo."
IBS_0406,Iberia Express,Desconocido,Madrid,Paris,Europe,enero de 2020,5,"Quería felicitar a toda la tripulación del vuelo I23742 Madrid a París CDG del día 18 de Enero a las 20:55. Es especial a Wyra y su equipo, que tuvieron un trato excepcional con mi acompañante que tiene miedo a volar. Un trato excelente. Mi más sincera enhorabuena, he volado en muchas aerolíneas pero nunca había tenido un trato similar."
IBS_0407,Iberia Express,Desconocido,Santiago de Compostela,Madrid,Domestic,enero de 2020,1,"Reservé unos billetes durante 24 horas en la web ya que se supone que hay esa opción...A las dos horas de haberlos reservado intenté comparlos ya, y al intentar efectuar el pago, la página me daba un ""error inesperado"". Me remitieron de un número de teléfono (901 y 807, claro) a otro sin darme ninguna solución más que comprar otros billetes a un precio más elevado, no los que ya tenía reservados, porque no tienen ningún servicio que gestiones las compras a través de la web, y no les constaba que hubiera un error en la web. Yo intenté la compra a través de 3 dispositivos diferentes, distintos buscadores y 3 redes de datos diferentes...así que creo que es evidente que el problema sí estaba en su web. Pero como tampoco hay un formulario ni departamento de reclamaciones de ""reservas""...pues eso...un timo. No pude comprar los billetes que supuestamente había reservado durante 24 h."
IBS_0408,Iberia Express,Desconocido,Madrid,Las Palmas de Gran Canaria,Domestic,Desconocida,4,Tanto el vuelo de ida como el de vuelta salieron algo tarde pero llegaron puntuales ya que ponen el horario con margen (te pone que tarda 2h55 y luego tarda bastante menos). Vuelos correctos y bien de precio en esta época del año al menos.
IBS_0409,Iberia Express,Desconocido,Madrid,Brussels,Europe,noviembre de 2019,4,"Los asientos muy justos, la atención buena.La recogida de maletas fue rápida sin demora. Es la segunda vez que vuelo con iberia exprés, pero perfecto. tuve un incidente sin importancia sobre equipaje y me lo solucionaron inmediatamente."
IBS_0410,Iberia Express,Desconocido,Madrid,Santiago de Compostela,Domestic,diciembre de 2019,4,"un avión A-320 se llena rápido para un vuelo de 1 hora. Las aeromozas en ejecutiva atienden bien, eficientes, rápido. Nos dejaron una maleta en Madrid, pero a primera hora del día siguiente estaba en el hotel."
IBS_0411,Iberia Express,Desconocido,Madrid,Berlin,Europe,enero de 2020,1,"La peor elección para viajar,atención al cliente nefasta.Intenta volar con cualquier otra compañía!!"
IBS_0412,Iberia Express,Desconocido,Madrid,Seville,Domestic,enero de 2020,1,"Me parece una poca vergüenza que, teniendo mis billetes comprados con 4 meses de antelación me pongáis en otra fila y en otro asiento diferente de mi pareja. Los 2 billetes comprados al mismo tiempo y no entiendo cómo habéis hecho eso,es la primera vez que me ocurre vaya. Primera y última vez que vuelo con ésta compañía de mie***. Habia asientos libres juntos y le pedí a las azafatas si podría cambiarme para estar junto a mi pareja y no me dejaron, a ver qué mie*** les molestará si estában libres.. en fin, no pienso viajar más con esta compañía"
IBS_0413,Iberia Express,Desconocido,Palma de Mallorca,Madrid,Domestic,enero de 2020,1,Me parece increíble como se está prostituyendo el trasporte aéreo mido 1’81 de altura y no quepo en el asiento
IBS_0414,Iberia Express,Desconocido,Madrid,Copenhagen,Europe,diciembre de 2019,4,"Un vuelo comodo, y llegando puntual. El único fallo es que el entretenimiento online a bordo fallo y como son casi tres horas de vuelo fue un fastidio. Pero al regreso todo fue bien y llegamos con media hora de adelanto."
IBS_0415,Iberia Express,Desconocido,Berlin,Madrid,Europe,diciembre de 2019,3,"La atención del personal fue excelente pero no tanto el funcionamiento de su aplicación, donde no me permitía realizar el check-in ni descargar mi billete a pesar de ser usuario y tener la tarjeta de Iberia Express. Uno de los pros que tiene la compañía es que, si quieres, puedes facturar tu equipaje de mano sin coste para tener más comodidad."
IBS_0416,Iberia Express,Desconocido,Madrid,Tenerife,Domestic,enero de 2020,1,"La página web es una autentica basura, no hay manera de gestionar los vuelos ni solicitar cambios , no se puede tramitar nada en condiciones , da mil errores, espero que el día de tramitar el check in ... hasta el momento la peor web de vuelos con la que me he encontrado, solo por lo mal que va no volveré a viajar con ellos."
IBS_0417,Iberia Express,Desconocido,Madrid,Palma de Mallorca,Domestic,agosto de 2019,1,"Compré un billete para viajar el 1 de agosto a Palma de Mallorca. Además compré la facturación de una maleta en bodega y un asiento concreto en pasillo. Sin avisar me asignaron otro asiento, sin disculparse, sin reintegrarme el dinero del asiento y sin derecho a explicaciones por la aptitud de la compañia aérea. No se trata de un daño irreparable, pero si tienes la sensación de tomadura de pelo total."
IBS_0418,Iberia Express,Desconocido,Madrid,Amsterdam,Europe,diciembre de 2019,3,"Espacio muy justo y deberían ser mas exigentes con el tamaño de las maletas de cabina, como te toque un grupo de embarque de los últimos olvídate de llevar nada de nada en cabina, va todo a bodega. Por lo demás destacar la puntualidad en la llegada que no en la salida."
IBS_0419,Iberia Express,Desconocido,Madrid,Tenerife,Domestic,enero de 2020,4,"el check in on line es un acierto , lo `puedes hacer antes y te evitas colas y esperas innecesarias en el aeropuerto"
IBS_0420,Iberia Express,Desconocido,Madrid,Berlin,Europe,enero de 2020,1,"La atención al cliente de esta compañía nada tiene que ver con la de su hermana mayor IBERIA, solo han tomado el nombre porque el resto se les ha olvidado por el camino. Personal sin formación sin conocimientos y probablemente atendiendo telefónicamente desde Sudamerica. 3 días para realizar una solicitud para viajar con mi perra y todavía a la espera, solicito hablar con un supervisor y claro , no esperes hablar con nadie porque no te van a pasar. Redactas una reclamación y luego me toca re redactarla porque tienen un máximo de caracteres, para más inri una vez puesta , recibes un mail que te dice que te contestarán en un máximo de 21 DÍAS!!! 21 ni mas ni menos, madre mía que chiste por favor. Voy a pegar aquí mi reclamación por si alguien se encuentra en la misma tesitura que sepa que no es un caso aislado... desde luego el personal no esta formado ni cualificado. El viernes 10 de enero procedo a reservar un billete de ida a Berlín desde Madrid para la posterior confirmación de que puedo viajar con mi perra (labrador 30 kilos) aproximadamente de unas 9 a 12 horas después. Cuando vuelvo a llamar para confirmar que tengo la reserva a las 14:40 del 10/01/2020 , la señorita Ana me indica que ya esta aprobada la mascota y que puedo proceder directamente al pago. Una vez realizo el pago y me solicita datos sobre mi mascota me indica que en 24 horas tendremos confirmación de que mi mascota puede volar... mi completa sorpresa dado que minutos antes me confirmaba que estaba todo Ok, de todos modos ella me garantiza que si que es posible y que no va a haber ningún problema, pero no responde a mi pregunta de que sucede en caso de no ser aprobada. Bien , el sábado 11/01/2020 a las 18:24 me atiende Damian, y me indica que no se había hecho la solicitud de mi perra y que me tiene que volver a pedir todos los datos para que el aeropuerto confirme la posibilidad de volar con mi perra, mi desconcierto absoluto y después de 40 minutos de llamada me dice que en 24 horas tendremos respuesta, que ya se ha tramitado correctamente la solicitud y me indica el código de reserva interno XXXX para que sus compañeros me den el OK a la mascota con mayor facilidad . Dejo pasar el domingo y el Lunes 13/01/2020 a las 12:20 la señorita Daniela Castaño me indica que no se ha indicado el peso de la mascota y que tiene que volver a enviar la solicitud y que en 24 horas tendremos la confirmación, de modo que ya me enfado porque me parece una tomadura de pelo que cada vez sucede lo mismo y solicito hablar con un supervisor a lo que se niega y me dice que si quiero quejarme lo haga a través de la página de Iberia Express. Me dice que no es culpa de ellos. Después de unas 8 a 10 llamadas he podido comprobar que las personas que atienden el teléfono están desinformadas y se contradicen en ocasiones con la información de unos compañeros a otros, además de no tramitar correctamente la solicitud y ocasionarme una perdida de tiempo importante ya que en cada llamada entre los tiempos de espera suman alrededor de 40 minutos cada una. Me parece poco profesional y solicito hablar con un supervisor para que aclare la situación porque no me parece normal, gracias."
IBS_0421,Iberia Express,Desconocido,Madrid,Alicante,Domestic,diciembre de 2019,3,"Es una verdadera pena como Iberia, tanto la original como la express, han copiado métodos de los cost ""enlatando"" a los clientes, y si esa es mi sensación con 1,70 de altura, no quiero imaginar lo que será para personas por encima de esta. Una vez que subes al avión, No hay diferencia entre una linea como estas y la lamentable Vueling"
IBS_0422,Iberia Express,Desconocido,Madrid,London,Europe,septiembre de 2019,3,"Ambos vuelos estuvieron bastante bien, en especial en de vuelta que era en un avion de mas categoria y eso se notaba"
IBS_0423,Iberia Express,Desconocido,Madrid,Tenerife,Domestic,diciembre de 2019,2,"Si tienes oportunidad siéntate en salida emergencia. De lo contrario, si mides de 1,80 o más lo vas a pasar francamente mal. No hay espacio para las piernas."
IBS_0424,Iberia Express,Desconocido,Tenerife,Madrid,Domestic,diciembre de 2019,4,"La bienvenida y facilidad de embarque fueron buenos. El espacio, suficiente. Viajar con niños siempre es una aventura pero los auxiliares de vuelo no se ofrecieron a las madres o padres para entretener al niño o niña para evitar las llantinas lógicas de la diferencia de presurización en la cabina."
IBS_0425,Iberia Express,Desconocido,Madrid,Tenerife,Domestic,diciembre de 2019,1,"El día antes del viaje al hacer el checkin on line no nos permitía, llamamos a los números de teléfono de la página web, nos dijeron a entender que éramos imbeciles, que estábamos llamando a Iberia, no a Iberia express, que era como si volaremos con ryanair y llamaros a Iberia..insisto, los números de contacto sacados de la página de Iberiaexpress.. finalmente tuvimos que ir al aeropuerto a solucionar su problema con un localizador que nos habían facilitado ellos mismos.. un trato sin educación y sin solución... siempre que pueda evitare volar con Iberia/iberia express. Al final nos gastamos 4 euros en llamadas a teléfonos 901, más 4 euros del parking de aeropuerto, además de intentar solucionarlo a las 11 de la noche Gracias"
IBS_0426,Iberia Express,Desconocido,Tenerife,Madrid,Domestic,noviembre de 2019,5,Nos atendieron muy bien durante el viaje. Necesitamos varias cosas y nos la suministraron y con toda la sonrisa del mundo. El personal de cabina muy atento y profesional. En tierra el personal del aeropuerto muy eficaz a la hora de embarcar. El vueno entretenido y con una duracion de 2h 45 m. un vuelo casi perfecto.
IBS_0427,Iberia Express,Desconocido,Berlin,Madrid,Europe,diciembre de 2019,1,"Resulta que compré por skyscanner un vuelo en Iberia xpress y al poner la tarjeta para pagar el vuelo, me cobran 73 euros por el billete pero justamente pone que ha habido un error y que no se emite el billete!!!y me lo cobraron en mi cuenta al momento!!! Hasta 3 veces lo hice pensando que seria un error y no pasaria nada! Pues no!! El total del dinero de momento se lo han quedado ellos!! Y dicen que no han recibido nada cuando el dinero ya se ha cobrado de mi cuenta... me huele a que son estafadores de verdad!! Tampoco hacen nada por solucionarlo. Llamaré mañana de nuevo!! Fuera ladrones!!no compréis aqui por favor!! ;)"
IBS_0428,Iberia Express,Desconocido,Toulouse,Madrid,Europe,diciembre de 2019,5,"En comparación con mi experiencia con Ryanair, como del cielo a la tierra. Me ha gustado la experiencia con ellos. Repetiré"
IBS_0429,Iberia Express,Desconocido,Madrid,Las Palmas de Gran Canaria,Domestic,diciembre de 2019,1,"Perdí mi vuelo a Gran Canaria por congestión en la facturación llegando con Dos horas y media de antelación, hablo con uno de los trabajadores de la compañía para comunicarle mi situación y comienzan a pasarse la pelota de unos a otros, no me facilitan ni tan si quiera poner una reclamación, y la solución según ellos:""pues comprate otro billete"" dejándome más de 24 horas tirado por Madrid... Un trato pésimo por parte del personal y para lo caro que es coger un vuelo con la compañía no te facilitan nada las cosas."
IBS_0430,Iberia Express,Desconocido,Tenerife,Bilbao,Domestic,diciembre de 2019,4,"A pesar de que el espacio entre los asientos sigue siendo pelin escaso, la atención del personal ( avion y tierra) es buena y las continuas comunicaciones por medio del móvil hacen que los trasbordos intermedios sean mas faciles"
IBS_0431,Iberia Express,Desconocido,Palma de Mallorca,Madrid,Domestic,diciembre de 2019,2,Lo mismo que Vueling pero en color rojo. Paga más si quieres algo ''decente''. Ojalá Norwegian tire hacia adelante.
IBS_0432,Iberia Express,Desconocido,Lanzarote,Madrid,Domestic,diciembre de 2019,3,"Hemos volado con nuestros bebés de cuatro meses. La agente de facturación parecía recién llegada, pero bueno todo el mundo tiene que aprender alguna vez, lo cual no me importa, pero se hizo lenta. Además no había fila específica para facturar con bebés como si ocurre en otros aeropuertos. He de decir que la atención a bordo ha sido correcta. El tripulante de cabina nos hizo el viaje más cómodo al desplazar a la tercera persona de la fila hasta una salida de emergencia para que tuviéramos más espacio y facilidades para estar los dos adultos con dos bebés, también por motivos de seguridad según le comentó a la viajera. Los asientos de esta unidad eran los que llaman slim, muy finos, no cómodos pero tampoco incómodos, pasables para dos horas. El espacio muy justo para una persona de 1,90 como yo pero suficiente para las que sean un poco más bajitas. Tienen un streaming con contenido que puedes ver en tu propio dispositivo gratuitamente y cargadores vía USB bajo el asiento. Se les notaba una prisa desmedida por salir de Lanzarote, lo cual hicimos con 30 minutos de retraso llegando a Barajas 15 minutos tarde. Volamos en el Airbus 320. El piloto apenas comentó nada, solo que habíamos llegado a Barajas. La salida un poco extraña porque ya en la misma curva de entrada a pista aceleró antes de situarse en ella, como digo se notaba la prisa. El problema llegó al aterrizar en Madrid. Nos ponen finger y cuando vamos a salir preguntamos dónde nos darian El carro para los bebés y la desinformación fue total, nos mandaron al final del finger a preguntar a una persona que tampoco tenía ni idea si nos lo darían en la puerta del avión, al bajar las escaleras del finger junto al autobús, en las cintas de equipaje o donde así que tuvimos que volver al avión a por él. Nuestra sorpresa fue que al traérnoslo nos habían quitado/ robado unos mosquetones que teníamos enganchados para sujetar el bolso, los cuales no eran fácil de poner o quitar al estar ajustado por lo que no pudo ser ningún pasajero ni caerse solos. Es inadmisible que te roben cosas los agentes de handling. Lo que tampoco entendí es que habiendo entre el pasaje 8/10 bebés con sus carros y dos personas con movilidad reducida pongan el finger pero luego te obliguen a bajar dos tramos de escaleras con todas tus pertenencias, carros y bebés a cuestas. Fuimos a poner una reclamación por el robo y el trato pero la fila era tan grande que desistimos, solo había dos personas desbordadas ante no menos de 70 personas. Probablemente vuelva a volar con ellos pero no tendré tanta confianza."
IBS_0433,Iberia Express,Desconocido,Madrid,Santa Cruz de la Palma,Domestic,octubre de 2019,4,Cómodo vuelo con un aceptable espacio entre asientos y agradable servicio por parte del personal de cabina.
IBS_0434,Iberia Express,Desconocido,Madrid,Las Palmas de Gran Canaria,Domestic,septiembre de 2019,4,"Un vuelo casi perfecto!!!..y recomendable. La tripulación muy amable. Puntualidad, tanto en la ida como en la vuelta. Los despegues y aterrizajes perfectos y el vuelo inmejorable. Lo único que añadiría es que inviten a un café, por los precios que cobran ya podrían incluirlo. Lo que no me parece correcto es que después de adquirir los billetes, cobren por elegir asiento y/o ventanilla o por querer viajar junto a la persona con la que se viaja. Tampoco me pareció correcta la atención de la persona que nos atendió al regresar al coger la tarjeta de embarque, cuando al terminar de atender a las personas que estaban delante, nos adelantamos un poco y nos dijo muy groseramente que nos mantuviéramos en la línea marcada hasta que el indicara lo contrario porque le estábamos agobiando...cuando tenía metros de distancia por los cuatro costados...después nos indicó que en un banco es lo que se hace y le contesté que no es comparable y que sobraba su comentario."
IBS_0435,Iberia Express,Desconocido,Madrid,Paris,Europe,diciembre de 2019,5,"Muy buena experiencia, fueron puntuales en la ida y vuelta. El vuelo rapido y sin complicaciones. La tripulacion muy correcta y amables y dispuestos a ayudar en todo."
IBS_0436,Iberia Express,Desconocido,Madrid,Seville,Domestic,julio de 2019,1,"02.06.2019 hago una compra ida y vuelta Madrid-Sevilla, en Iberia Express para el 09.07 y vuelta 20.07.2019,por 64,44€. localizador LRKK58. El dia 07.06 y 11.06 se realizó un cargo a cuenta de la tarjeta,propiedad de mi hija, sin conocimiento ni consentimiento por 9.98€ y luego 55,75€, ambos con fecha valor 02.06.2019. Me contestaron que se trata de otro pasaje a nombre de otra persona, usando ilicitamente los datos de la tarjeta por falta de seguridad en el programa. (osea, en el programa de cobros de Iberia Express?) fuí a la Guardia Civil, a Omic, y hasta ahora no contestan con la solución a la devolución, si tengo que ir a los juzgados iré,las veces que hagan falta, y lo haré de conocimiento en todas las redes sociales. No viajen con Iberia Express, !QUE NO LE TIMEN!"
IBS_0437,Iberia Express,Desconocido,Madrid,Santa Cruz de la Palma,Domestic,agosto de 2019,5,Muy buen viaje y aterrizaje. Perfecto y recomendable. Solo falta que te den un café. Sería genial...
IBS_0438,Iberia Express,Desconocido,Lanzarote,Santiago de Compostela,Domestic,noviembre de 2019,5,"Servicio impecable para el vuelo del que se trataba, todo en orden y muy correcto bajo mi punto de vista."
IBS_0439,Iberia Express,Desconocido,Seville,Madrid,Domestic,octubre de 2019,5,"Viaje en clase businnes y en vuelos tan cortos no es mucha la diferencia, pero el trato es maravilloso, todo muy organizado y a tiempo. No tengo ninguna queja."
IBS_0440,Iberia Express,Desconocido,Madrid,Rennes,Europe,septiembre de 2019,4,"Mi primera experiencia con esta compañía y ha sido muy satisfactoria. La percepción que tenía es que los precios eran caros pero en esta ocasión el precio obtenido -99,66€ ida y vuelta- me parece muy satisfactoro. Puntualidad absoluta en los 2 trayectos. Muy buena atención de la tripulación."
IBS_0441,Iberia Express,Desconocido,Tenerife,Madrid,Domestic,noviembre de 2019,4,Puntualidad y trato abordo pero la facturacion en la T4 Madrid fue caótica por lo que recomiendo hacer checking días antes para no llevarte una sorpresa.
IBS_0442,Iberia Express,Desconocido,Burgos,Barcelona,Domestic,noviembre de 2019,4,"Encantada de poder disfrutar de un aeropuerto que parece que está de ""adorno"" dsd mi ciudad. Lastima que no haya mucha oferta. El vuelo maravilloso, apenas 50 min y poder ver Burgos dsd el aire, al aterrizar la vista de La Cartuja de Miraflores una pasada. El gran problema: la inexistencia de autobuses. Si no tienes quien te recoja €10 de taxi. Repito en febrero."
IBS_0443,Iberia Express,Desconocido,Madrid,Lanzarote,Domestic,octubre de 2019,4,"Buena atención en vuelo y en tierra, asientos cómodos aunque estrecho para las piernas y buena puntualidad."
IBS_0444,Iberia Express,Desconocido,Madrid,Lanzarote,Domestic,noviembre de 2019,4,"Excelente servicio, cómodos asientos y la distancia entren asientos es muy aceptable, y la la atención de su tripulación es muy buena y atenta a todo. recomiendo esta Aerolínea para los vuelos con la península."
IBS_0445,Iberia Express,Desconocido,Granada,Madrid,Domestic,noviembre de 2019,5,"Viaje en clase ejecutiva, atencion y vuelo excelente, personal con mucha profesionaldad en todo sentidoi"
IBS_0446,Iberia Express,Desconocido,Las Palmas de Gran Canaria,Madrid,Domestic,octubre de 2019,1,"Asientos hiper estrechos, apenas cabe una persona de altura media y un poco de sobrepeso. Además de que el billete pese a ser canario no salió nada económico. A veces creo que si pasara algo no podríamos abandonar el avión en caso de que ello fuera posible porque quedaríamos encajonados. En resumen, viajamos peor que sardinas en lata."
IBS_0447,Iberia Express,Desconocido,Madrid,Berlin,Europe,agosto de 2019,5,"Volamos con Iberia fenomenal, todo estupendo sin embargo volvimos con Ryanair y no lo recomiendo, costes por todo constantemente molestando con ventas, pilotaje bastante peor que el otro. RECOMIENDO IBERIA, y si dios quiere este año volaré con ellos"
IBS_0448,Iberia Express,Desconocido,Madrid,Seville,Domestic,octubre de 2019,5,"Puntualidad, amabilidad, comodidad, vuelo agradable, aviones nuevos, limpieza correcta, en fin una muy buena experiencia, repetiria, sin duda."
IBS_0449,Iberia Express,Desconocido,Madrid,Tenerife,Domestic,septiembre de 2019,3,"una de las cosas que menos me gusta, nada más despegar enseguida empiezan las azafatas con el carrito para ofrecer, bebidas comidas, etc, por lo que si tienen que ir al baño lo tienes claro y algunos comandantes de vuelo son bastantes secos"
IBS_0450,Iberia Express,Desconocido,Madrid,Alicante,Domestic,noviembre de 2019,4,"Un vuelo más que correcto, tripulación atenta al pasaje y su comodidad. Un vuelo corto que Se pasa volando :)."
IBS_0451,Iberia Express,Desconocido,Tenerife,Madrid,Domestic,noviembre de 2019,1,"Compre un billete en Iberia, no express sino Iberia, a precio de Iberia. Haces el check in en la pagina de Iberia, y finalmente viajas en la low cost. Me dicen que Iberia no opera en Canarias, pero billetes si venden. Ya en el vuelo lo habitual, posiblemente la aerolinea con menos espacio entre asientos, incluidas otras low cost, en mi caso mido 193 cm, y gracias a la amabilidad de otro pasajero puede viajar, ya que literalmente no entraba en el asiento. Si la pueden evitar evítenla, aunque solo sea por evitar la tomadura de pelo."
IBS_0452,Iberia Express,Desconocido,Madrid,Paris,Europe,noviembre de 2019,2,un vuelo con suficientes incomodidades para abordar sin el uso de tobogan y dentro del avion las aisntos estan demasiado pegados mala atencion de las aeromozas y no hay ningun servico mas que snacks y refrescos pagados or separado. las espectativas son malas
IBS_0453,Iberia Express,Desconocido,Madrid,Tenerife,Domestic,diciembre de 2019,3,"esta compañía aérea es low cost oculta tras el nombre de nuestra compañía de bandera. desde el principio el embarque se realiza por clases, los últimos en embarcar nunca tienen sitio para ls maletas. los asientos son estrechos y no me refiero al espacio con el de delante que también, si no estrechos de ancho, no se reclinan y no tienen conexión para cargar, obvio que tampoco wifi aunque sea de pago, eso si... un portal muy escaso de información. en fin, he volado con ellos porque era lo más barato al buscar el vuelo, pero no es para nada cómodo."
IBS_0454,Iberia Express,Desconocido,Madrid,Santiago de Compostela,Domestic,agosto de 2019,5,Puntualidad y seriedad! Agilidad al embarcar! Todo dentro del horario establecido . Y muy buen vuelo!
IBS_0455,Iberia Express,Desconocido,Madrid,Las Palmas de Gran Canaria,Domestic,noviembre de 2019,4,"El espacio es más amplio que los de Ryanair. El equipaje de mano es gratis y la maleta facturada es mucho más barata que Ryanair. La facturación rápida y el personal tanto el de tierra como el del avión, muy amables."
IBS_0456,Iberia Express,Desconocido,Santiago de Compostela,Amsterdam,Europe,diciembre de 2019,5,"Viajamos puente de diciembre a Amsterdam con Iberia express y todo perfecto Repetiremos seguro Puntuales, amables, eficientes y ayudando e informando al viajero"
IBS_0457,Iberia Express,Desconocido,Las Palmas de Gran Canaria,Prague,Europe,noviembre de 2019,4,La tripulacion de esto vuelo muy buenos amables; fueron puntuales y se llego ante de oras.los citios visitados muy vonitos
IBS_0458,Iberia Express,Desconocido,Madrid,London,Europe,septiembre de 2019,4,"excelente,tanto en facturacion como atencion a bordo,puntualidad precisa,incluso 20 mintos antes de tiempo"
IBS_0459,Iberia Express,Desconocido,Madrid,Naples,Europe,septiembre de 2019,5,Buen servicio abordo. Personal muy atento las salidas delos vuelos tanto ida como vuelta fueron en tiempo
IBS_0460,Iberia Express,Desconocido,Madrid,Paris,Europe,diciembre de 2019,1,LO BARATO SALE CARO. Me obligaron a facturar el equipaje de mano y me lo destrozaron. Después he perdido el tiempo con el MAL FUNCIONAMIENTO DE LA ASISTENCIA tanto telefónica como a través de los formularios de contacto de la web.
IBS_0461,Iberia Express,Desconocido,Madrid,Bari,Europe,septiembre de 2019,4,"En mi experiencia es la única compañia low cost en la que he volado que merece la pena. Hay distintas tarifas que no engañan en las prestaciones que ofrecen. Es puntual. Como en este caso , ofrecen nuevos destinos de interés, y no los trillados de siempre. Vuelan a aeropuertos principales cuando hay más de uno, y no al más lejano. El detalle negativo, no exclusivo de las líneas de bajo coste, es el escaso espacio de los asientos, una tortura para las personas muy altas o corpulentas. Menos mal que los vuelos no suelen ser a destinos muy lejanos"
IBS_0462,Iberia Express,Desconocido,Madrid,Tenerife,Domestic,diciembre de 2019,4,"Reservamos 2 Yorkshire hace aproximadamente un mes. Cuando llegamos al aeropuerto y vamos a facturación, la cara de la persona que nos atiende es todo un poema. finalmente nos dice que no aparece la reserva de las 2 mascotas. Primer susto, que finalmente queda solucionado (menos mal que no iban otras 2 mascotas, porque el máximo en cabina son 2 animales. Somos residentes canarios y el billete nos salió por unos 32 euros. Cuando llega el momento de pagar, nos piden 100 euros, es decir 50 euros por cada Mascota. Creo que no hace ni dos años, costaba 25 euros. Me parece un atraco, porque el animal en su cesta y obligatoriamente todo el vuelo en el suelo, no creo que les produzca mas desgastes, que nosotros que utilizamos los asientos que se desgastan. Podría algún directivo de Iberia, explicar porque suben un 100 % el precio? Podrían explicar porque si somos residentes canarios, nuestras mascotas no tienen también algún descuento? Me parece un auténtico robo con mayúsculas. Salvo eso, Iberia presume de puntualidad y la verdad es que no hemos tenido problemas en ninguno de los vuelos que regularmente hacemos."
IBS_0463,Iberia Express,Desconocido,Madrid,Tenerife,Domestic,septiembre de 2019,4,"Me gusta la compañía. Quizá los sitios los han vuelto a dejar con poquisimo espacio. Práctica usual en muchísimas compañías. Si tuviera que hacer un viaje transoceánico me lo pensaría, pero creo que los aviones que vuelan más horas van diferentes. Para un vuelo de 2 horas y pico, es soportable. En el día de mi vuelo hacia Tenerife tenían una especie de huelga y no tenían servicio a bordo. ¡Fue magnífico!. Todo el mundo sentado, las azafatas sin dar noticias por los micrófonos, ni paseos por el pasillo. El pasaje durmió y todo fue paz. No fue así el vuelo de regreso que no tuvo paz ni un momento. Imagino que esto no culpa de la compañía sino del tipo de pasaje que toque."
IBS_0464,Iberia Express,Desconocido,Madrid,Paris,Europe,febrero de 2019,5,"Excelente, muy buenos, te hacen sentir bien y el precio muy bueno, lo recomiendo ampliamente, vale la pena viajar ligero con ellos."
IBS_0465,Iberia Express,Desconocido,Madrid,Tenerife,Domestic,julio de 2019,5,"Nunca habia viajado con iberia express, recomiendo esta compañía por sus buenos precios, unos vuelos muy tranquilos y seguros sin duda repetiré con esta compañía muchas gracias"
IBS_0466,Iberia Express,Desconocido,London,Madrid,Europe,octubre de 2019,1,"Adquirí un vuelo en la web de Iberia para ir de Sevilla a Londres con escala en Madrid. El vuelo Londres - Madrid operado por British Airways. Ese vuelo se retrasa en pista mas de una hora con lo que pierdo a conexión con Sevilla; De hecho al llegar la misma compañía Iberia me proporciona el billete a Sevilla, aunque el siguiente vuelo es al día siguiente. Cuando voy a reclamar los gastos de pernoctar en una ciudad por el retraso IBERIA SE DESENTIENDE porque dice que al ser un vuelo operado por British Airways... Ellos no tienen nada que ver. Y se quedan tan panchos. Por muchas reclamaciones que he puesto...NADA. Los gastos los he tenido que pagar yo. Reclamarle a British es bastante imposible, si no probadlo. Paginas en bucle que te impiden llegar a explicar lo que te ha pasado Moraleja: cuando compreis un vuelo en Iberia que lo opera otra compañía... Estaréis vendidos. IBERIA NO SE HACE CARGO AUNQUE LE HAYAIS COMPRADO A ELLOS EL BILLETE Y EL NUMERO DE VUELO SEA DE SU COMPAÑIA"
IBS_0467,Iberia Express,Desconocido,Madrid,Tenerife,Domestic,diciembre de 2019,5,"No había volado nunca con Iberia Express y a decir verdad, la experiencia ha sido muy buena. Primero, hay pocas compañías que vuelen a Tenerife Sur a ese precio y segundo, muy puntuales, sin problemas en el vuelo y todo muy correcto. Es cierto que los asientos no son reclinables pero merece la pena."
IBS_0468,Iberia Express,Desconocido,Athens,Madrid,Europe,Desconocida,3,"Definitivamente un vuelo estándar, aviones pequeños por lo general, algo antiguos. El servicio muy regular, muy poco amigable la tripulación a excepción del capitán. Si bien el tramo fue corto eh estado en otras aerolíneas con snacks o incluso entretenimiento a bordo"
IBS_0469,Iberia Express,Desconocido,Alicante,Ibiza,Domestic,noviembre de 2019,4,Buen vuelo en general con un poco de retraso a la vuelta debido a las inclemencias del tiempo cosa que no se puede evitar. En general siempre que he volado con Iberia positiva la experiencia
IBS_0470,Iberia Express,Desconocido,Las Palmas de Gran Canaria,Madrid,Domestic,noviembre de 2019,3,"A pesar del ligero retraso en la salida, el vuelo fué correcto y llegamos a destino en hora. El personal de cabina muy atento y amable. Como casi todas las compañías, adolecen de falta de espacio entre asientos y la gente de 1,80 cm o más lo pasa un poco mal para sentarse comodamente."
IBS_0471,Iberia Express,Desconocido,Madrid,Berlin,Europe,noviembre de 2019,4,"Atencion buena, puntualidad, comodidad, y precio acorde. Hubo una azafata un poco seca, y no llevaban cambio de 50 euros pero por lo demas todo bien."
IBS_0472,Iberia Express,Desconocido,Madrid,Tenerife,Domestic,noviembre de 2019,3,"El vuelo duró menos de 3 horas que se hicieron muy incómodas debido a la incomodidad por el escaso espacio entre los asientos. No soy un persona alta y aún así me cuesta pasar todo el trayecto con los pies en ese espacio, menos mal que iba por el lado pasillo y podía estirar los pies."
IBS_0473,Iberia Express,Desconocido,Tenerife,Madrid,Domestic,noviembre de 2019,3,"No tienen control con el tamaño del equipaje de mano, dejan pasar con enormes maletas con un tamaño superior al permitido por la compañia, y despues no hay sitio para los demas"
IBS_0474,Iberia Express,Desconocido,Madrid,Frankfurt,Europe,diciembre de 2019,1,"MERCADILLOS NAVIDEÑOS FRUSTRADOS. Todo el año ahorrando, montando un plan con tus amigos y tus hijos para que llegue Iberia decida cancelar 3 vuelos con motivo de la huelga francesa. ¿Por qué los vuelos de Iberia son los únicos que se cancelan y el resto de las aerolíneas siguen volando? ¿Qué cara se te queda cuando el resto de tus amigos pueden volar a Frankfurt con el resto de aerolíneas y a ti te han cancelado el vuelo?. ¿Contamos las correspondientes pérdidas económicas de hotel y vuelo de vuelta con otra compañía o los llantos de las niñas porque no pueden ir con sus amigas? y cuando te preguntan ¿Por qué? ¿Qué les dices? Ya tengo dos amigas en Frankfurt con sus familias mientras yo miro cada vez que mi vuelo de las 19:55 está cancelado. No puedo expresar la decepción que siento con esta aerolínea que además de hacernos perder un montón de dinero ahorrado durante todo el año ha destrozado la ilusión de una familia por ver los mercadillos navideños junto con sus amigos."
IBS_0475,Iberia Express,Desconocido,Madrid,Tenerife,Domestic,noviembre de 2019,3,"Tubimos media hora de retraso a la vuelta de tenerife, sin que en los paneles o en el embarque alguien nos diera noticia alguna"
IBS_0476,Iberia Express,Desconocido,Palma de Mallorca,Madrid,Domestic,noviembre de 2019,5,Después de muchos años sin volar en Iberia debo destacar la amabilidad del personal de cabina y la puntualidad del vuelo (fue el primero de la mañana)
IBS_0477,Iberia Express,Desconocido,Madrid,Lima,International,noviembre de 2019,3,"fue un viaje sin contratiempos y con buena atención de su personal, muy amables y preocupados por la seguridad de cada uno."
IBS_0478,Iberia Express,Desconocido,Madrid,Amsterdam,Europe,noviembre de 2019,1,"Hace una semana realicé un pago de tres maletas adicionales en mi vuelo. En un principio el sistema dio error y no se realizó el cobro, lo intente una segunda vez y volvió a dar error, a la tercera vez lo conseguí. Sorpresa. Me cobraron las tres veces. Reclame a atención al cliente y no me han contestado aún al email, por teléfono tampoco te dicen nada. Incompetentes"
IBS_0479,Iberia Express,Desconocido,Fuerteventura,Madrid,Domestic,noviembre de 2019,5,"Un servicio perfecto, ningún problema con la aerolinea. El personal de tierra y de a bordo muy atento. Muy puntual."
IBS_0480,Iberia Express,Desconocido,Madrid,Turin,Europe,octubre de 2019,4,"El vuelo fue puntual tanto a la ida como a la vuelta, me gustó que el avión sólo tenía dos asientos por fila en lugar de tres, por lo que es más cómodo para viajar en pareja, sin tener que ir en el asiento de en medio . Igualmente me gustó que fuimos con el equipaje de mano, y en vez de subirlo al avión, lo metieron en la bodega a pie de pista, sacándolo cuando llegamos."
IBS_0481,Iberia Express,Desconocido,Madrid,Birmingham,Europe,noviembre de 2019,1,"El pasado día 3 de noviembre, adelantaron la salida del vuelo Birmingham con destino MADRID, sin avisarnos. Ni mail, ni push up, sms, o llamada. Al llamarles no nos pidieron ni disculpas. Tras dejarnos tirados, su web no permite consultar el estado de la reclamación, tuvimos que comprar un vuelo de vuelta por nuestra cuenta, buscarnos hotel y perder todo un día. Es la compañía menos seria con la que he volado. Lamentable el trato dispensado al cliente."
IBS_0482,Iberia Express,Desconocido,London,Madrid,Europe,Desconocida,4,"Como cualquier otra compañía de bajo coste. Dispone de poco espacio para las piernas. La atención correcta, y la comida si la quieres la pagas. Cuando llegamos a Madrid nos dejaron en medio de la nada y nos mandaron en un bus a la terminal."
IBS_0483,Iberia Express,Desconocido,Tenerife,Madrid,Domestic,noviembre de 2019,3,"Antes de que terminaran de desembarcar los pasajeros del vuelo que llegaba, ya estaba preparado el embarque, sin tiempo para hacer la limpieza. Y se noto, claramente. Pañuelos de papel usados sin recojer, chicle pegado en la bandeja, restos de suciedad en la butaca, etc. Respondí a la encuesta de la compañía ofreciendo las fotos pero no se han puesto en contacto conmigo."
IBS_0484,Iberia Express,Desconocido,Madrid,Edinburgh,Europe,octubre de 2019,4,"El vuelo fue puntual y sin problemas.El embarque prioritario, perfecto, y el trato a bordo bien. Los asientos turista comodos."
IBS_0485,Iberia Express,Desconocido,Palma de Mallorca,Madrid,Domestic,noviembre de 2019,1,"Lamentable atención al cliente y personal mal educado. Venden un 10% por encima de la capacidad del avión y después de haber comprado los billetes ida y vuelta con 2 meses de antelación, cuando llegas a facturar, te dicen que no tienes sitio pues hay sobre venta y cómo no has hecho chef-in online , te quedas fuera esperando si alguien falla y te pueden reubicar en el vuelo que tenéis comprado y pagado, tratas de explicar que no puedes esperar otro vuelo porque tienes que estar en Madrid a una hora concreta para algo concreto y directamente y de mala forma te dicen, que esas son las normas y que las has aceptado cuando has comprado el vuelo y que para la próxima vez factures online. La falta de educación de atención y de respeto al cliente por parte del personal de esta compañía es total y absoluta y lo más lamentable es que en Baleares dependemos mucho para la conectividad de Iberia, es una vergüenza, lo mal que trabajan y su falta de empatía y profesionalidad"
IBS_0486,Iberia Express,Desconocido,Stuttgart,Madrid,Europe,octubre de 2019,4,"Fui el pasado mes de Octubre, hacia Madrid, con Iberia Express, y tanto el control del aeropuerto, en la puerta de embarque y el vuelo fueron agradables sin ningún problema. Uso mucho esta compañia para hacer este tipo de vuelos y si lo coges con tiempo sale barato y compensa, lo unico malo es que por ejemplo los fines de semana no vuela."
IBS_0487,Iberia Express,Desconocido,Madrid,Tenerife,Domestic,noviembre de 2019,5,"Saque los billetes con tiempo, por lo que el precio era aceptable, la puntualidad fue total, servicio en vuelo correcto. Yo procuro volar en esta compañía porque nunca he tenido problemas."
IBS_0488,Iberia Express,Desconocido,Valencia,Tenerife,Domestic,mayo de 2019,3,"Desde hace varios años , viajamos a Tenerife Norte, en varias épocas del año,y elijo Iberia porque dispone de horarios más cómodos, y precios competitivos buscando muy detenidamente según fechas. Es una lastima , que después de organizar el mismo itinerario , con tiempo y estando prácticamente en orden toda la documentación , cuando llega el momento del viaje , desde el primer momento , aparece la sensación de siempre de incertidumbre. La web de Iberia , ofrece la relación de vuelos a Tenerife Norte ,con escala en Madrid , directos es complicado localizarlos , ya que son muy pocos. Nuestra salida es desde el aeropuerto de Valencia , y normalmente según la puntualidad de la salida del vuelo con destino obligado a Madrid , una vez llegamos para coger el próximo vuelo en la terminal de turno que comunican , el tiempo disponible para cruzar corriendo y con tremendo estrés , se acorta y en varias ocasiones , la perdida del vuelo ha estado a punto de suceder, o el retraso que se presenta en el nuevo vuelo. El problema del equipaje , casi siempre ocurre , cuando pasa a manos de los ESPECIALISTAS encargados de trasladar las maletas del avión procedente de Valencia con destino a Tenerife , o procedente de Tenerife con destino a Valencia, igualmente vuelve a pasar por Madrid, y allí es donde se origina el tremendo SARAO CON DESORDEN A DOQUIER. Es un desastre que se repite , siendo una incomodidad difícil de digerir , cuando llegas al destino de Tenerife y al final de la espera las maletas no aparecen y de nuevo a la att, del cliente a emitir la correspondiente reclamación de turno,y durante varios días sin ropa ni objetos personales , hasta que un dia , aparecen para su entrega. Como normalmente , ocurre esta incidencia , siempre tenemos la esperanza de que salgan en el tren de equipajes. En el viaje de Mayo del año en curso, tuvimos la suerte de que no hubo incidencias y tanto la ida como la vuelta , estuvo en orden la entrega en los dos destinos . En mi próximo viaje a Tenerife en el 2020 , he logrado adquirir excepcionalmente los vuelos directos, espero que sea más relajado y sin incidencias. Aconsejo que contraten el seguro de equipajes, ya que cada vez , la responsabilidad de los operarios , es más distante y creo que debemos velar por nuestros intereses."
IBS_0489,Iberia Express,Desconocido,Tenerife,Madrid,Domestic,noviembre de 2019,1,"Vuelo de Tenerife a Madrid, con mi billete, sin facturar y maleta de cabina reglamentaria. Llego al avión y no me dejan subirla, la respuesta de la azafata Ana. F (maleducada), que no es su problema, que hay gente que lleva dos maletas y llenan el avión. Es decir, en lugar de controlar que cada uno cumpla con una maleta reglamentaria, algunos suben dos y a otros nos obligan a facturar. Y la respuesta: “no es mi problema, es culpa de las azafatas de tierra, yo soy de vuelo” alucinante. Llevo volando con Iberia Express años con bastante frecuencia, y nunca me he encontrado con semejante respuesta carente de profesionalidad, qué pena..."
IBS_0490,Iberia Express,Desconocido,Madrid,Lanzarote,Domestic,noviembre de 2019,1,"Saque pasaje ida y vuelta para ir a buscar un cachorro. Dos dias antes de la salida del vuelo me dicen que rechazan el vuelo de mi perro porque es un cruce de pitbull (cosa incierta, se trataba de un bullterrier miniatura) por mas que les explique que era otra raza solo me dieron la opcion de tratar de solucionarlo en el aeropuerto. Trato vergonzoso alli me dijeron que al ser terrier no podia viajar que viajara yo y dejara el animal. Si quereis viajar con mascota buscad otra compañia y sino tambien"
IBS_0491,Iberia Express,Desconocido,Malaga,Madrid,Domestic,octubre de 2019,3,"Cuando fui a embarcar en Málaga, debo decir que me quede sorprendido del trato tan malo que me dieron. Estuve desde las 7:30 en la cola para facturar, hasta las 8:40 no conseguí hacerlo y aún quedaba bastante gente detrás. Fui directo al arco de seguridad y de la cola que había casi pierdo el vuelo. Llegue a la puerta de embarque a las 9:02 y recibi una pequeña reprimenda del personal de la puerta, lo cual respondi todo y que tendria que venir más gente detras pero me trataron como si de un loco se tratara, pues bien, vino alguna otra persona más detrás. El avión usado era pequeño y las piernas me tocaban con el otro asiento, vamos incomodidad absoluta. En el vuelo de vuelta, se supone que el avión era el mismo pero sin saber el motivo, habia un poco más de espacio entre piernas y no tocaba con el otro asiento. El trato fue totalmente distinto, siempre amable y educado. Además cuando el comandante aterrizó, lo veias en la puerta despidiendose de todos los pasajeros, lo cual se agradece que hasta el piloto intente tener un trato lo más cercano posible. El vuelo fue puntual."
IBS_0492,Iberia Express,Desconocido,Madrid,Tenerife,Domestic,octubre de 2019,4,"Vuelo sin retrasos, sin incidencias, trato correcto en la facturación, en el embarque y en el personal de cabina."
IBS_0493,Iberia Express,Desconocido,Madrid,Munich,Europe,noviembre de 2019,1,"Demasiados equipajes algunas personas por lo que otras no pueden subir con su propia maleta obligados a tener que esperar a la salida en la cinta sin aviso previo, y esperar más tiempo del previsto sin haber solicitado este servicio. De vergüenza."
IBS_0494,Iberia Express,Desconocido,Santander,Las Palmas de Gran Canaria,Domestic,octubre de 2019,5,"Este año el próximo lunes volaré la vez 16 con esta compañía, y muy contento por todo y seguiré utilizandola"
IBS_0495,Iberia Express,Desconocido,Fuerteventura,Madrid,Domestic,octubre de 2019,4,"Volé en business,puntualidad perfecta,atención magnífica y catering acorde con una compañia low cost top.Ninguna queja en cuanto a limpieza y modelo de avión"
IBS_0496,Iberia Express,Desconocido,Naples,Madrid,Europe,octubre de 2019,1,"4 días antes me fracturé el peroné, intenté contactar con Iberia a través del tlf para avisos de personas con movilidad reducida, imposible hablar con una persona!! una máquina te hace marcar un número tras otro hasta la desesperación!! Reserve asiento con una silla de ruedas dibujada, creí que así tendría más espacio, no es así, simplemente son plazas en las que prefieren colocarte, no podía estirar la pierna en el pasillo: carros y azafatos pasan sin mirar. Después de un viaje incomodísimo sentada en la cola del avión, al aterrizar me dicen que salga por delante y voy con mis muletas italianas, cuando ya he llegado, perdón no, salga por atrás. Es para llorar!!"
IBS_0497,Iberia Express,Desconocido,Las Palmas de Gran Canaria,Madrid,Domestic,septiembre de 2019,4,"me han casi obligado a facturar el equipaje de mano, pero habían otros viajeros que subieron a cabina con una mochila,maleta pequeña y un bolso de mano, mientras nosotros viajabamos con una maleta pequeña. Si obligan a los pasajeros a facturar que revisen antes de subir que con el equipaje que llevemos tuvimos casi media hora esperando en la cinta para recoger,gracias nos esperaban ,sino perdíamos la guagua(autobus) que nos llevaba."
IBS_0498,Iberia Express,Desconocido,Madrid,Berlin,Europe,julio de 2019,4,"Contraté este vuelo de Iberia Express para viajar a Berlín por el consejo de un amigo y francamente muy encantado. Primero, el trato y embarque de Iberia, que ha mejorado y lleva mejorando un montón desde hace unos años. Segundo, el vuelo (o mejor dicho el avión) está diseñado para que sea lo más cómodo posible aumentando el espacio entre asiento y asiento simplemente con cosas como que los asientos no se pueden reclinar (mejor, porque siempre hay alguno que parece que lo que alquila es una cama no un asiento) y que el respaldo es más fino (sin perder comodidad). En cuanto a Tegel, es un aeropuerto un tanto especial puesto que en lugar de tener una gran sala donde desembarcan todos los viajeros tiene como un montón de salitas pequeñas, con lo que sólo estábamos los de este vuelo recogiendo las maletas. Muy cómodo y práctico. Una vez sales tienes en seguida el bus del aeropuerto TXL que te lleva directo a Alexanderplatz."
IBS_0499,Iberia Express,Desconocido,Naples,Madrid,Europe,octubre de 2019,5,"en linea con los ultimos vuelos de Iberia, puntual y sin problemas ni de embarques ni de horarios, y hasta las maletas salen con cierta rapidez en Madrid/Barajas..."
IBS_0500,Iberia Express,Desconocido,Madrid,Tenerife,Domestic,septiembre de 2019,5,"Compañía aérea low-cost con buen servicio general, y lo más importante, con un grado de puntualidad encomiable. Totalmente recomendable"
IBS_0501,Iberia Express,Desconocido,Las Palmas de Gran Canaria,Madrid,Domestic,septiembre de 2019,3,"La verdad es que me ha sorprendido la rapidez con la que se realizó el embarque con relación a otros vuelos que he realizado con la misma compañía. Por contra, es una lástima que todo lo que se gana en tiempo llegando antes de la hora prevista a destino, se pierda en la recogida de las maletas, donde tuvimos que esperar alrededor de 45 minutos."
IBS_0502,Iberia Express,Desconocido,Madrid,Athens,Europe,septiembre de 2019,5,Fue un vuelo cómodo con gran atención del personal pero con poco espacio para las piernas si eres alto. Nos sirvieron comida al ser charter para un vuelo de un crucero y toda ella tanto a la ida como a la vuelta fue de buena calidad.
IBS_0503,Iberia Express,Desconocido,Seville,Madrid,Domestic,octubre de 2019,5,"La mejor opción para viajar a Madrid. Económico, los aviones son más amplios que los de otras Low-cost. Puntuales. La tripulación agradable y el servicio de atención al cliente muy bueno. Repito siempre."
IBS_0504,Iberia Express,Desconocido,Madrid,Tenerife,Domestic,septiembre de 2019,3,"Un vuelo corto de menos de tres horas. Avión normal, personal de cabina normal con los servicios normales en ese tipo de vuelo. Puntualidad perfecta tanto a la ida cómo a la vuelta. Volveré a utilizar esta línea sin duda alguna."
IBS_0505,Iberia Express,Desconocido,Seville,Madrid,Domestic,octubre de 2019,3,El vuelo fue barato pues lo compré con mucho tiempo de antelación. La tripulación ha sido muy amable. Llegamos antes de lo previsto. El espacio para los pasajeros no es muy amplio. Menos mal que el vuelo dura poco porque se puede llegar a hacer incómodo
IBS_0506,Iberia Express,Desconocido,Vienna,Madrid,Europe,septiembre de 2019,2,"Muy impuntual, salio hora y media tarde, apenas llegamos al otro avión de conexión por que los pasajeros tuvimos que protestar para que estacione en la misma terminal y no perder al otro vuelo, llegamos corriendo, no nos cargaron las valijas que llegaron 24 hs despues. Un desastre, ni un vaso de agua te dan.."
IBS_0507,Iberia Express,Desconocido,Madrid,Tenerife,Domestic,septiembre de 2019,4,"lo pereo que llevo durante el vuelo es el poco espacio que tienen los asintos, los encuentro que van muy juntos y apenas puedes moverte y ya no digo nada si te toca ventanilla si tienes que salir, moletas a los dos pasajeros que van a tu lado"
IBS_0508,Iberia Express,Desconocido,Madrid,Edinburgh,Europe,septiembre de 2019,3,"Es una pena que los aspectos positivos que puedes percibir en esta aerolínea (puntualidad, amabilidad del personal, ...) se vean mermados con los negativos (reducido espacio para las piernas, ...) con lo que, finalmente, te haga valorar el viaje como INCOMODO."
IBS_0509,Iberia Express,Desconocido,Madrid,Tenerife,Domestic,octubre de 2019,5,Volamos de madrid a Tenerife y volvimos . Todo fue perfecto desde facturar hasta llegar al destino . El vuelo salió a su hora tanto la ida como la vuelta y nos facturaron gratuitamente el equipaje de mano . Una experiencia muy positiva repitiéremos !!!!
IBS_0510,Iberia Express,Desconocido,Madrid,Las Palmas de Gran Canaria,Domestic,octubre de 2019,5,"Muy buena aerolinea, solo había volado con Iberia en vuelos internacionales, comparando vuelos y precios fue el mas económico de todas las low cost. Y super puntuales!"
IBS_0511,Iberia Express,Desconocido,Madrid,Manchester,Europe,octubre de 2019,1,"Horrible no, lo siguiente. No hay aire acondicionado en el avion. No APU, no GPU. Espacio reducido para piernas. Asiento incomodo no requinable. Contratas vuelo con Ib y te meten en esa porqueria. Nada contra el personal. Es peor que un viaje en autobus en los años 40"
IBS_0512,Iberia Express,Desconocido,Las Palmas de Gran Canaria,Berlin,Europe,septiembre de 2019,3,"Viajé con mi pareja a Berlín cogiendo un total de 4 vuelos con la compañía. Sobre el personal no tengo ninguna queja al contrario son bastante agradables pero los aviones son otra historia... entiendo que al ser una compañía low cost tengan que optimizar el espacio al máximo pero considero que eso debe tener unos límites ya que el ancho de los asientos y espacio para poner las piernas es demasiado pequeño en mi caso no hubo problema pero mi pareja que mide 1,90 no podía prácticamente sentarse de una manera mínimamente aceptable chocando sus rodillas con el asiento delantero además si quieres salida de emergencia tienes que pagar un plus yo creo que ya que se pagan unos vuelos que aunque más económicos no es que sean muy baratos deberían de poner en los mismos a la gente alta, ancha etc de manera gratuita."
IBS_0513,Iberia Express,Desconocido,Las Palmas de Gran Canaria,Madrid,Domestic,septiembre de 2019,1,"El día 19 de septiembre intenté comprar billetes de las palmas a madrid en su página web. No los emitió pero si los cobro. Entiendo que por un fallo del sistema. Tengo dos cobros en dos tarjetas por sucesivos intentos de 157 euros, pero no tengo billetes. Comuniqué la incidencia en el momento y la he seguido comunicando después pero nada. QUE TENGO QUE HACER PARA QUE ME DEVUELVAN EL DINERO, MÁS DE 300 EUROS. Porque por teléfono nadie sabe muy bien que hacer y cada uno me dice lo que buenamente se le ocurre. Saludos."
IBS_0514,Iberia Express,Desconocido,Tenerife,Madrid,Domestic,septiembre de 2019,1,"1. la señora del mostrador de facturación me ordena con desdén facturar el equipaje de mano porque según ella no hay espacio en el avión. 2. Le comento que no estoy de acuerdo con el contenido ni las formas de lo que me comenta y se pone a chillarme y de forma respondona a decir excusas sin sentido. Todo delante de mi hijo menor. ya que facturo una maleta accedo a facturar la que no deseo facturar porque llevo trajes imprescindible para un acto. 3. Llego al subir al avión vemos que hay sitio de sobra para varias maletas. 4. En Barajas tras 1h. de espera a que salga la maleta de la cinta y a que me atiendan en el mostrador de atención al cliente de Iberia me dicen que la maleta se ha quedado en Santa Cruz de Tenerife. Abro incidencia y no me ofrecen medicamentos, ni kit de pernoctación. Soy diabética tipo1 y he visto en su web que te lo ofrecen. 5. Estoy sin nada de ropa. Incurro en gastos extra, ya que aunque cogo taxi a Atocha pierdo el enlace con el tren. Nervios, problemas con el azúcar,... 6. No hay forma de poner una reclamación por la web ya que la página te echa. Para reclamar la atención del personal de tierra. Espero que mi maleta llegue a donde estoy desplazada y los voy a llevar a juicio por la atención recibida con todos los gastos justificados. No pienso volver a volar con ellos, aunque imagino que todas las compañías son iguales. ¿Pero cómo pueden negarte realizar una reclamación? ¿En qué país vivimos que permite esto? Estoy totalmente indignada. Ninguna transparencia, todo lo contrario a atención al cliente,....."
IBS_0515,Iberia Express,Desconocido,Madrid,Copenhagen,Europe,agosto de 2019,3,"Un vuelo normal y sin sobresaltos. Con las limitaciones lógicas de este tipo de aerolinea y de vuelo. Asientos incómodos. Nos hicieron las 2 tarjetas de embarque ""ami nombre"" y nadie se dió cuenta hasta subir al avión. Tuvimos que hacer todo el camino de vuelta, con todo lo que ello conlleva.Tenemos el pasaporte sellado 2 veces el mismo día, como salida.Casi lo perdemos."
IBS_0516,Iberia Express,Desconocido,Madrid,Paris,Europe,octubre de 2018,5,"un viaje corto cómodo aunque el avión era pequeño fue agradable. al salir bajamos a la pista y arribo un bus abierto para llevarnos hasta el aeropuerto. Me gusto que llegamos a tiempo para tomar nuestra siguiente conexión y el precio fue definitivamente lo mejor. Cuando pagas tan poco, tener comodidad y un buen vuelo es lo mejor en vacaciones."
IBS_0517,Iberia Express,Desconocido,Tenerife,Madrid,Domestic,Desconocida,3,"La verdad que hay muy poco espacio entre los asientos casi no podía moverme ya que casi rozaba con mis rodillas el asiento delantero, mido 1,79, y la verdad que me sentí algo agobiado y bueno a la vuelta pedí el asiento en la salida de emergencia para tener algo más de espacio"
IBS_0518,Iberia Express,Desconocido,Santiago de Compostela,Fuerteventura,Domestic,septiembre de 2019,5,"Es una compañía puntual, buen servicio a bordo, personal de vuelo agradable, amable y educado. Llegamos con antelación al aeropuerto de destino"
IBS_0519,Iberia Express,Desconocido,Vigo,Tenerife,Domestic,septiembre de 2019,4,"Viaje de ida y vuelta perfecto, puntualidad, amabilidad y estado impecable de las aeronaves- Airbús A 3320."
IBS_0520,Iberia Express,Desconocido,Santiago de Compostela,Madrid,Domestic,septiembre de 2019,4,"Puntualidad británica, el personal muy atento y educado, buena compañía y buen servicio. Como siempre muy bien."
IBS_0521,Iberia Express,Desconocido,Bordeaux,Madrid,Europe,agosto de 2019,1,"La verdad estoy muy decepcionada. Las maletas del vuelo se quedaron en Burdeos por un problema que hubo en el avión, llegando a Madrid, se tardaron una hora después de la llegada para avisarnos. Según el staff de Iberia nos iban a entregar la maleta el mismo día, que fue viernes, deje todos mis datos. Mi maleta aparecía en entrega desde el sábado por la tarde pero nunca llegó a mi hotel, yo tuve que ir para mi maleta el lunes, el servicio cliente Iberia no ofrece nada de compensación y ya no contesta a mí email, no les importa que te quedes sin tus cosas durante tres días. Tomaba está aerolínea desde hace mucho pero el servicio está cada vez peor. Yo pago un servicio y al final yo soy afectada durante tres días. NO VOLEN CON IBERIA."
IBS_0522,Iberia Express,Desconocido,Madrid,Tenerife,Domestic,septiembre de 2019,5,El vuelo fue agradable y llegó puntual. Era el más económico que llegaba al destino a una hora razonable
IBS_0523,Iberia Express,Desconocido,Nantes,Madrid,Europe,septiembre de 2019,1,"En la vuelta de ida todo bien, normal. A la vuelta leímos con mucho cuidado la web del equipaje ya que queríamos llevar unas botellas de vino. ESPECIFICAMENTE dicen que facturan las maletas de mano SIN coste. Al llegar al mostrador 45 min antes del embarque la señora que atiende (que ni español y un pésimo pero PÉSIMO inglés) nos dice que hay que entregar la maleta para que la bajen a bodega en la puerta del avión... ya va, eso no es facturación... la idea de FACTURAR es no pasar por seguridad (que además dice en la web que una de las ventajas de facturar gratis es pasar más fácil por seguridad). Total que nos dice que si queremos facturar la mini maleta de mano son 40€!!! Nos tocó botar las botellas de vino que obviamente no pasan seguridad y llevarnos un enfado importante. PUBLICIDAD ENGAÑOSA. Si no se puede facturar gratis no hay problema, pero no digan que si y luego salgan con esta mentira!!!"
IBS_0524,Iberia Express,Desconocido,Palermo,Madrid,Europe,septiembre de 2019,2,"El personal de cabina bastante desagradable, sin ganas. Llegaron a cerrar el uso de uno de los baños obligando a 140 posibles usuarios a utilizar el baño de cola. Al intentar utilizar el otro simplemente te decían que estaba cerrado y que no iban a abrirlo."
IBS_0525,Iberia Express,Desconocido,Madrid,Naples,Europe,septiembre de 2019,4,"La facturación, en el aeropuerto, perfecta, así como el embarque. Personal eficiente y educado. Llegada a la hora prevista."
IBS_0526,Iberia Express,Desconocido,Madrid,Santiago de Compostela,Domestic,Desconocida,3,Dejo mucho que desear. Por razones climatológicas nuestro avion llegó 1 hora tarde a la manga. Claro nadie dijo nada ni nadie daba información. Parece un poco vergonzoso este tipo de deralles. La comodidad está bien. La atención prácticamente nula. Volamos con otro equipo de iberia a bordo y se le presto más atención a ellos que a nosotros. Al llegar a santiago no teníamos maleta. Apareció 4 días después.
IBS_0527,Iberia Express,Desconocido,Madrid,Santorini,Europe,agosto de 2019,3,"Pues otra vez con retraso, lo peor de todo que compras un billete con Iberia y te meten con Iberia Express, el embarque es la mejor compañía que lo realiza por grupos"
IBS_0528,Iberia Express,Desconocido,Madrid,Santa Cruz de la Palma,Domestic,agosto de 2019,1,"Pagamos un dineral por ir tres personas a Santa Cruz de la Palma. Cuando entramos en el avión un agobio que para que, el asiento de delante encima prácticamente de nosotros. Si la persona que iba delante se quería echar para atrás (algo lógico) entonces ya no podías ni ponerte de pie. Tardamos un montón en despegar. Primero nos dijeron que una rueda del avión estaba un poco desgastada y que había que cambiarla (40 minutos ) , después que no nos dejaban despegar....llegamos a nuestro destino con hora y media de retraso. Y el precio del billete no se abarató en absoluto (una pasta los billetes ). Y luego hay que oír que el medio de transporte más rápido y cómodo es el avión. Mentira !!!!!!!! Con Iberia es horroroso volar Si tuviera que volver a volar y me ofrecen Iberia, prefiero quedarme en mi casa"
IBS_0529,Iberia Express,Desconocido,Las Palmas de Gran Canaria,Madrid,Domestic,septiembre de 2019,4,"Asientos correctos, con espacio para estirar algo las piernas y no son muy estrechos, un grupo de ocho amigos que pudimos ir juntos al cambiar en la web los asientos. Correcto, puntualidad bien y atención correcta."
IBS_0530,Iberia Express,Desconocido,Madrid,Las Palmas de Gran Canaria,Domestic,agosto de 2019,4,"Tdo muy correcto y muy protocolario Los asientos muy prietos la video consola bien, aunque cuando la tocaba movia el cabezal del asiento de alante"
IBS_0531,Iberia Express,Desconocido,Madrid,Seville,Domestic,mayo de 2019,5,Aunque el vuelo estuvo retrasado no fue atribuible a la linea sino por trabajos en el terminal de destino. Nos mantuvieron al tanto del problema y siempre informados.
IBS_0532,Iberia Express,Desconocido,Santa Cruz de la Palma,Madrid,Domestic,septiembre de 2019,5,"He volado hoy en el vuelo IB3845 junto con 18 amigos y nos hemos bajafo todos alucinados con el trato q nos ha regalado ek comandante Figueroa,eso es una persona contenta con su trabajo asi es un gusto volar e incluso al final del vuelo estaba en la puerta despidiéndonos a todos. FELICITO A IBERIA POR CONTAR CON GENTE ASÍ ESO ES LO QUE MARCA LA DIFERENCIA. GRACIAS"
IBS_0533,Iberia Express,Desconocido,Madrid,Heraklion,Europe,septiembre de 2019,5,"De mis lineas low cost peferidas. Comandantes excelentes y nunca hemos tenido problemas. Lo peor de este vuelo a Heraclion son los horarios, pero es el único que hay directo y para mi es prioritario (llegas a las 3am y sales a las 5am)."
IBS_0534,Iberia Express,Desconocido,Madrid,Port of Spain,International,abril de 2019,4,Buenas tardes Alguien sabe si es gratis de elegir el asiento durante check in? espero su respuesta gracias
IBS_0535,Iberia Express,Desconocido,Madrid,Tenerife,Domestic,agosto de 2019,5,"Partiendo la base de que es una lost cost., el trato es impresionante al igual que el comportamietno . No hay un control tran estricto del tamaño ,peso o dimensiones. Fue puntual , cumplio las espectativas y me resulto sumamente agradable.."
IBS_0536,Iberia Express,Desconocido,Madrid,Fuerteventura,Domestic,agosto de 2019,5,"Si me es posible volare siempre con Iberia, (puntual ) y buen trato, normalmente siempre se acortan los vuelos."
IBS_0537,Iberia Express,Desconocido,Madrid,Las Palmas de Gran Canaria,Domestic,agosto de 2019,4,"En esta compañía nos han tratado estupendamente, el viaje de ida fue muy cómodo con unos asientos estupendos y con entretenimiento en la pantalla frente a cada pasajero. La comida de ninguna clase esta incluida en el vuelo pero puedes tomar lo que sea a unos precios bastante decentes. Al realizar el check inn el día de antes (anteriormente no se puede realizar gratuitamente) te asignan los asientos que ellos quieran y no me digas porque siempre me ponen en la ultima fila del avión. Por lo demás son puntuales y muy amables."
IBS_0538,Iberia Express,Desconocido,Tenerife,Madrid,Domestic,agosto de 2019,1,"Ha sido tan mala experiencia que no sé por dónde empezar. Primero, la denegación de embarque por falta de verificación de mi residencia canaria. Según el sistema, no aparecía mis dos apellidos, aunque llevo viajando, como mínimo 6 años, haciendo uso de la verificación telemática de Fomento. Segundo, un pésimo servicio al cliente en aeropuerto Tenerife Sur por personal de Iberia+Iberia express, cero comprensión (te quedas en tierra y punto) cero alternativas y cero empatía. Para rematar la experiencia, hago reclamación y cuando voy a consultar el estado de la incidencia (porque no he tenido respuesta), el sistema indica que el número de referencia no está registrado. En resumen, NO RECOMIENDO que viajen con esta compañía, problemas antes de viajar, en el mostrador de check-in y en reclamación."
IBS_0539,Iberia Express,Desconocido,Madrid,Las Palmas de Gran Canaria,Domestic,septiembre de 2019,4,"Ojalá fuesen todos los vuelos en esa aeronave. Espaciosa, cómoda y con entretenimiento a bordo gracias a las pantallas táctiles. Se nos pasó el tiempo super rápido."
IBS_0540,Iberia Express,Desconocido,Madrid,Manchester,Europe,junio de 2019,5,Cuanto mas vuelo con ellos mas me gusta esta compañía... Puntualidad británica y atención excelente de la tripulación
IBS_0541,Iberia Express,Desconocido,Madrid,Dublin,Europe,agosto de 2019,4,"En Dublin fuimos al avión andando por la pista. Ni finger, ni bus. Al entrar al avión habían separado a todo el mundo y fuimos pidiendo todos cambiar el asiento entre nosotros. A un grupo los pusieron en todas las filas a uno extraño al grupo."
IBS_0542,Iberia Express,Desconocido,Madrid,Nantes,Europe,julio de 2019,3,Buen viaje. Trato agradable de personal. Puntual en llegada y salida. Calidad acorde con precio de vuelo.
IBS_0543,Iberia Express,Desconocido,Madrid,Cork,Europe,septiembre de 2019,5,"Buena atención y siempre con el horario correcto,nunca se retrasan y eso es importante a la hora de tener que coger otros transportes para llegar al destino."
IBS_0544,Iberia Express,Desconocido,Santa Cruz de la Palma,Porto,Europe,Desconocida,5,"Viajamos todos los años fuera de nuestra isla y siempre que esta en nuestro destino elegimos Iberia, me gusta viajar en esta compañía porque me da confianza, es muy puntual, seria...su personal es atento y amable hasta ahora nuestros viajes son muy amenos y agradables.Llevo varios años viajando y por el momento no puedo decir nada dedagradable de esta compañía."
IBS_0545,Iberia Express,Desconocido,Madrid,Tenerife,Domestic,junio de 2019,4,Buen viaje . Son muy puntuales . Siempre viajo con esta compañía y me da confianza. Su personal son agradables
IBS_0546,Iberia Express,Desconocido,Madrid,London,Europe,julio de 2019,2,"Saqué mi billete de avión on line. Como me daba la opción de facturar una maleta lo hice. Al introducir mis datos bancarios la pantalla desapareció. Volví a hacer la misma operación y lo mismo. Desaparece la pantalla sin salir ninguna información de haber realizado la compra. Al imprimir el billete tampoco salía la información de haber facturado 1 maleta. Me fui a mi cuenta bancaria y tampoco había cargo. Entonces llamé un montón de veces al teléfono de atención al cliente, de cobro, no hay gratis, y me informaron de que había comprado 2 maletas. Le conté la situación y solicité me anularan una de ellas. Me dijeron que NO lo hacían. Me cobraron 2 maletas, 60 euros de esta manera. Es un ATRACO. Intento poner una reclamación y de momento no se abre la pestaña DE RECLAMACIONES. Es una tortura. Total decepción en el servicio y no VUELVO a volar con esta compañía."
IBS_0547,Iberia Express,Desconocido,Madrid,Lanzarote,Domestic,septiembre de 2019,4,"Puntualidad y personal muy bien. Los espacios entre asientos cada día mas reducidos, aunque aun soportables para mi estatura"
IBS_0548,Iberia Express,Desconocido,Madrid,Fuerteventura,Domestic,julio de 2019,3,"El viaje estuvo bien , fue puntual , incluso llegamos antes de lo previsto , asientos muy pequeños , aunque eso ya se sabe cuando vas en estos aviones mas baratos . por lo demas bien"
IBS_0549,Iberia Express,Desconocido,Madrid,Palma de Mallorca,Domestic,septiembre de 2019,5,La tripulación es muy profesional. Para una persona que tiene miedo a los aterrizajes diré que ni a la ida ni a la vuelta se notó apenas el choque de las ruedas al tocar pista.
IBS_0550,Iberia Express,Desconocido,Madrid,Berlin,Europe,agosto de 2019,4,"El vuelo muy bueno, todo puntual y muy comodos, el precio de los mejores que encontramos comparando con otras aerolinias."
IBS_0551,Iberia Express,Desconocido,Madrid,Fuerteventura,Domestic,agosto de 2019,5,"Eel vuelo fue cómodo como suele serlo en esta compañía. Llegó antes de la hora fijada. El embarque, muy bueno"
IBS_0552,Iberia Express,Desconocido,Madrid,Las Palmas de Gran Canaria,Domestic,agosto de 2019,5,"Aunque parezca increible, tanto a la ida como a la vuelta el vuelo, salio con una puntualidad britanica y llegamos unos 10 minutos antes de la hora prevista. Asi si."
IBS_0553,Iberia Express,Desconocido,Madrid,Menorca,Domestic,agosto de 2019,3,"El precio de los billetes fue bueno, y el vuelo fue correcto y puntual. Pero tuve un problema en la facturación. POr suerte llegué al aeropuerto cn 2 horas de antelación. Viajamos 6 personas. Resulta que mi nombre estaba incorrecto en la reserva y mi segundo apellido se puso tambien como primero. Era un error clarísimo de transcripción (viendo mi DNI y los apellidos de mis hjos que venian conmigo, el carnet de familia numerosa, etc...) Para resolverlo tenia que ir a la oficina de IB Express....que no tiene en el aeropuerto. Había que llamar por teléfono. TRas media hora de hablar, de hablar con las personas de factuación de Iberia, supervisor, etc...y pagando cmo un 30% más del precio del billete....me lo cambiaron (por supuesto mi familia pasó el control y pasó a sala de embarque mientras yo gestionaba ese error) Pero cuando lo resolvieron y me dieron la tarjeta de embarque, se equivocaron y me dieron la de mi hijo repetida, con lo que no pude pasar el control de equipajes, y tuve que volver al mostrador de facturación. Pero el vuelo ya estaba cerrado, y me mandaron a otro de Last Minute, donde por suerte me dieron la tarjeta correcta....y de ahí a correr (con maleta incluida, ya que no pude facturarla): control de equipajes, y por toda la T4 hasta la puerta del avión, donde llegué con 4 mn de antelación al cierre de puertas!!! Ufff!!! RESUMEN: un error debería subsanarse más rápido y mucho más barato!!!!"
IBS_0554,Iberia Express,Desconocido,Madrid,Athens,Europe,agosto de 2019,4,"El 20 de agosto volé con Ibeira Express de Madrid a Atenas en un Airbus A321. El avión es amplio, y la distancia con el asiento delantero, para una persona alta como yo, era confortable (sin ser nada del otro mundo, iba cómodo). El vuelo fue muy tranquillo y el wifi del propio avión funcionaba de maravilla. El personal atento y amable. La única pega: salimos con un retraso de 40min imputable al denso tráfico aéreo en Atenas (según nos comentó el Comandante). Repetiré con esta compañía."
IBS_0555,Iberia Express,Desconocido,Madrid,Tenerife,Domestic,agosto de 2019,5,"Hola comentaros que de momento siempre viajo con Iberia expres, y siempre he tenido buen vuelo con ellos, Puntales tanto en embarque como en llegadas. El personal de cabina muy atentos y amables."
IBS_0556,Iberia Express,Desconocido,Madrid,Copenhagen,Europe,agosto de 2019,4,"Viaje corto y correcto, sin incidencias. Cómodo y rápido, me gusta viajar con Iberia. Precio ajustado, lo que no me gustó fue que la página web para comprar los billetes fue lenta y se caía constantemente tuber diferentes problemas y al final tarde por teléfono 30 en que solucionaran la compra. Además al tener problemas con la página cambiaban los precios, subieron varias veces"
IBS_0557,Iberia Express,Desconocido,Madrid,Las Palmas de Gran Canaria,Domestic,septiembre de 2019,4,"Muy mejorable la limpieza del avión, el respaldo de delante tenía un chicle pegado y líquido salpicado. Cuando nos bajamos ya subían los siguientes... En la facturación en la T4 penosa gestión de colas que provoca que tengas que irte a ultimo minuto tras más de 20 minutos esperando y preguntando cómo proceder a gente que solo pasea en su trabajo y se equivoca en su estimación de tiempos de cola. Llegada 10 minutos antes de la hora programada. Servicio correcto."
IBS_0558,Iberia Express,Desconocido,Madrid,Nantes,Europe,agosto de 2019,5,Gran atención por parte del personal de cabina y todo en orden. Salimos a la hora y llegamos con 10 minutos de antelación. Todo muy cómodo y mu fácil. Nantes en si merece la pena pero además es un buen punto de partida para alquilar y visitar el Valle del Loira como hicimos en nuestro caso fijando nuestra base de operaciones en Amboise.
IBS_0559,Iberia Express,Desconocido,Madrid,Tenerife,Domestic,septiembre de 2019,2,"Los asientos ""slim"" (delgados) son horrorosos, no se pueden reclinar. La única ventaja que tienen es que se puede levantar el brazo que está junto al pasillo."
IBS_0560,Iberia Express,Desconocido,Madrid,Valletta,Europe,julio de 2019,4,"Volamos a Malta con Iberia Express por cuestión de precio no era la opción más barata pero se ajustaba a nuestro presupuesto,el vuelo agradable,puntual y el personal de cabina muy atento, nosotros volamos con está compañía aérea siempre que podemos."
IBS_0561,Iberia Express,Desconocido,Fuerteventura,Madrid,Domestic,agosto de 2019,3,"El embarque a cambiado y ahora entran primero los pasajeros de delante lo que retrasan a todos , lo más rápido es que empiecen a entrar los viajeros que se sientan atrás al igual y por lógica los primeros en abandonar el avión son los que están sentados en las primera fila y en orden hacia atrás como si se hace. Otra es el negocio tan abusivo que se hace de bebidas y comidas abordo , al final nos vemos llevando una cestilla como antaño con las viandas para hacer el viaje más llevadero. Yo compré la posición de los asientos en la zona de atrás porque los primeros en embarcar son estos ,al igual que los últimos en salir también lo son y por estar más cerca de los servicios y Iberia a cambiado ( no se si otras compañías lo han cambiado también ) el sistema provocando un gran lío de embarque ."
IBS_0562,Iberia Express,Desconocido,Madrid,Reykjavik,Europe,agosto de 2019,1,"Tenía un viaje planeado a Islandia, desde enero, para agosto. Pagué, me retiraron el dinero de la cuenta y unos días después me envían un correo en el que pone todo confirmado, peeero al final del correo pone, con el mismo tipo de letra, que hay algún problema con asientos/maletas o billetes, que nos pongamos en contacto con elloa. La verdad es que este final de página me pasa desapercibido hasta el día que llego al aeropuerto donde me dicen que mis billetes fueron cancelados por no llamarles. Sin embargo, en ningún lado pone que podía ser cancelado y en ningún momento me han devuelto el dinero. En mi página personal de Iberia Express ha aparecido en todo momento ""Próximo viaje a Reikiavik"" e incluso ""Próximo viaje Reikiavik - Madrid"" Hemos reclamado y 1 mes después todavía no tenemos contestación ni por supuesto nuestro dinero. Así que ahora empezamos con las reclamaciones en AESA. Jamás volveré a viajar con ellos"
IBS_0563,Iberia Express,Desconocido,Madrid,Heraklion,Europe,agosto de 2019,5,Muy buena opción para volar a destinos de verano con horario que permite fácilmente la conexión desde otros puntos de España con Madrid.
IBS_0564,Iberia Express,Desconocido,Madrid,Las Palmas de Gran Canaria,Domestic,agosto de 2019,4,"Embarque cómodo por tener todo preparado, personal atento. Tardaron en exponer cuál era la puerta de embarque. Asientos pequeños y con poco espacio (A mi vecino no le cabía el ordenador)"
IBS_0565,Iberia Express,Desconocido,Berlin,Madrid,Europe,agosto de 2019,3,"En la facturación de equipaje en Berlín, Iberia nos obligó a facturar también el equipaje de mano, sin razón aparente; otros pasajeros sí pudieron subir a cabina con sus equipajes de mano y había sitio para más maletas. A la recogida del equipaje en Madrid, una de las maletas había sufrido un roto en el tejido. Acudimos a Reclamaciones de Equipajes y nos dijeron que por un roto no hacían nada, tendría que ser por un desperfecto mayor. Si lo deseábamos, podíamos poner una reclamación. Así lo hicimos y después de mes y medio, sin noticias de Iberia. Todo un ejemplo en el cuidado de la clientela...y soy pasajero habitual de Iberia desde hace muchos años. De nada me ha servido. Gracias Iberia."
IBS_0566,Iberia Express,Desconocido,Madrid,Edinburgh,Europe,septiembre de 2019,5,"Fue un vuelo muy agradable, a la vuelta tuvimos que adelantar el viaje y sin problemas...luego en el avión pedimos un par de cosas y como no aceptaban la tarjeta, nos lo regalaron... Ninguna queja respecto a iberia"
IBS_0567,Iberia Express,Desconocido,Madrid,Valverde,Domestic,agosto de 2019,5,"Me sorprendieron gratamente 2 cuestiones que no teníamos contratadas en nuestro billete (3 pax): 1) Facturación gratuita de todo el equipaje de mano (llevábamos 3 troley de cabina) y ademas por el mostrador de Business. 2) Es la única compañía low cost que te asigna los asientos juntos aunque no hayas pagado nada por ello, si claro esta es posible en función de la ocupación y el timing del checking del pasajero. Otras compañías y lo digo por experiencia, intencionadamente te separan si no pagas ...una vergüenza que debería estar prohibido por CONSUMO. Del resto que decir...puntualidad y comodidad. Sobre la comida nada que decir porque no dan nada, si quieres algo lo pagas y a mi modo de ver es caro en todas las compañías. Iberia siempre es recomendable, ojala no rebajen sus estándares con los vientos nuevos de British."
IBS_0568,Iberia Express,Desconocido,Madrid,Venice,Europe,septiembre de 2019,5,Mi opinión es positiva sobre el vuelo. Muy tranquilo y comodo. Sin duda lo volvería a volar con Iberia
IBS_0569,Iberia Express,Desconocido,Madrid,Fuerteventura,Domestic,septiembre de 2019,4,Vuelvo a volar con esta compañía salida en hora y llegada antes de la hora prevista. Atención en cabina realmente buena.
IBS_0570,Iberia Express,Desconocido,Lanzarote,Madrid,Domestic,septiembre de 2019,5,Normalmente vuelo con Iberia pues no he tenido hasta la fecha ningún imprevisto o problema con ellos. Me gusta su puntualidad y el espacio entre los asientos aunque sea en turista no son tan estrechos como los de otras compañías
IBS_0571,Iberia Express,Desconocido,Madrid,Tenerife,Domestic,febrero de 2019,5,"como siempre es un placer viajar con ellos, cumplen con el horarios de salida y llegada, no hay contra tiempos a la hora de chequear ni de embarcar."
IBS_0572,Iberia Express,Desconocido,Madrid,Edinburgh,Europe,julio de 2019,5,"No es la primera vez que vuelo con estq compañía pero he de decir que este vuelo ha sido uno de los mejores. Además de que el avión era bastante nuevo, los asientos más cómodos y contabas con wifi a bordo para ver películas o escuchar música desde una plataforma, el trayecto fue bastante bueno y nada brusco ni el despegue ni el aterrizaje. Además, a pesar de no ir en asiento de salida de emergencia, los asientos eran más amplios, lo cual también se agradece. Con respecto al equipaje genial también :)"
IBS_0573,Iberia Express,Desconocido,Edinburgh,Madrid,Europe,agosto de 2019,5,"Muy buena atención a la hora de facturar (Tarjeta Silver). Agilidad en la hora del embarque. Atención muy amable. Puntualidad exquisita. Eso sí, tener que pagar 3,00 euros por un café solo me pareció excesivo."
IBS_0574,Iberia Express,Desconocido,Madrid,Lanzarote,Domestic,agosto de 2019,4,La puntualidad y profesionalidad de pilotos y tripulación se puso de manifiesto tanto a la ida como a la vuelta. No recuerdo el nº de vuelo pero viajé el 29 de julio a las 1125 desde Madrid y regresé el 6 de agosto a las 1130h aprox.
IBS_0575,Iberia Express,Desconocido,Madrid,Heraklion,Europe,agosto de 2019,1,"Al efectuar el pago por PayPal dio conforme y recibimos el billete electrónico. Sin embargo en Nuestras Reservas no aparecía el vuelo. Tuvimos que llamar al tfno 901 muchas veces, con el coste añadido que supone y nos dijeron que no existía esa reserva y que tampoco teníamos resevado el asiento ni la maleta, a pesar de tener todos los justificantes de pago. Menos mal que teníamos bien guardado el billete electrónico EMITIDO POR IBERIA EXPRESS. y menos mal que no se había completado el vuelo. Tuvieron que emitir de nuevo todo y no se pudo siquiera hacer el check in on line. El vuelo de regreso tuvo el mismo problema. Explicación de la compañía: ""la web falla mucho !!!!!!"""
IBS_0576,Iberia Express,Desconocido,Amsterdam,Madrid,Europe,julio de 2019,5,Puntuales como siempre. Espacio de sobra para el equipaje. Personal de vuelo muy amable. Puedes acceder al wifi de la compañia y ver series
IBS_0577,Iberia Express,Desconocido,Lanzarote,Madrid,Domestic,agosto de 2019,1,"Una experiencia horrible. Que tu último día de vacaciones te digan que han vendido tus billetes y que vuelas 8 horas más tarde pero que te compensan económicamente y te dan unos vales para comer, a mi jamás me compensará el llegar a mi casa a las 5 de la mañana en lugar de a las 20:00 de la tarde. Una verguenza!"
IBS_0578,Iberia Express,Desconocido,Madrid,Palma de Mallorca,Domestic,julio de 2019,4,"TODO FUE CORRECTO, El check in desde el movil 24 horan antes perfecto con eleccion de asientos gratuita, la facturacion tambien bien y muy rapida con las maquinas que solo tienes que presentar el billete, el vuelo bien y recogida de equipaje tambien correcta. Todo esto tanto en la ida como el la vuelta. Ademas con buenos precios. Lo recomiendo y por supuesto lo volvere a usar."
IBS_0579,Iberia Express,Desconocido,Tenerife,Madrid,Domestic,septiembre de 2019,4,"Puntualidad, precio y servicios acorde con lo que se oferta. Es cómodos los servicios ofertados son muy buenos"
IBS_0580,Iberia Express,Desconocido,Madrid,Amsterdam,Europe,mayo de 2019,5,"Todo fue muy sencillo, el personal muy amables y un 10 en puntualidad y conducción de la nave. Repito pronto"
IBS_0581,Iberia Express,Desconocido,Madrid,Mykonos,Europe,septiembre de 2019,5,"ünico vuelo directo a Mykonos para estas fechas, los horarios no son los más cómodos ya que los vuelos salen / llegan de madrugada pero merece la pena."
IBS_0582,Iberia Express,Desconocido,Tenerife,Madrid,Domestic,septiembre de 2019,4,"Es una buena compañia para viajar, personal amable y cariñoso con los niños (ibamos con 2). Volveremos a usar esta compañia para volar"
IBS_0583,Iberia Express,Desconocido,Las Palmas de Gran Canaria,Punta Cana,International,Desconocida,3,Hola les voy a contar lo que nos está pasando somos un matrimonio con una niña de 13 años que salimos de Gran Canaria el día 1 de septiembre facturamos tres maletas que venían directas a punta cana nosotros hacíamos escala en Madrid luego cogimos un avión compartido con evelop osea iberia y evelop bueno de las tres maletas llegaron 2 y llevamos 9 días sin ropa tres personas desde el primer día le he reclamado a evelop y a iberia y también en punta cana nadie sabe dónde está nuestra maleta ya no podemos seguir llamando porque cada llamada a España me cuesta 2 dólares el minuto lo más que me molesta es que nadie se ponga en contacto con nosotros aunque sea con email mi hermana ha intentado investigar en iberia de Gran Canaria y dicen que tenemos que ir nosotros a poner la reclamación a ver como señores de iberia vamos a ponerla si estamos en punta cana hasta el 15 de septiembre y le dice que nos podemos gastar en ropa 50e diarios aquí estamos en el paraíso es el mejor viaje que hemos hecho pero resulta que en playa bavaro no hay ni ropa interior para comprar y una camiseta de propaganda te cuesta 50dolares unos 40e ahora mismo no podemos invertir tanto dinero aunque iberia lo pague cuando lleguemos a España les aconsejo que si vuelan a punta cana traigan solo equipaje de mano porque esta gente de iberia te da solución solo que tienes que esperar que es poco tiempo y que no somos los primeros que les pasa eso bueno ahí lo dejo
IBS_0584,Iberia Express,Desconocido,Madrid,Berlin,Europe,agosto de 2019,1,"Primero sufrimos un retraso, de una hora, por motivo de la tormenta y cuando nos dirigimos hacia la pista de despegue el avión para de repente y comienza a salir humo y un fuerte olor a keroseno y nos apremian a taparnos nariz y boca con las manos. Vienen los bomberos y equipos de emergencia y tras otro largo parón, nos informan que el avión no puede volar y tiene que ser revisado. Nos desembarcan y a las 24h.(la salida era para las 19.45) nos comunican que el vuelo se cancela y sobre las 06 de la mañana, seguramente nos llevarán a Berlin. Hacemos una reclamación a Iberia y nos dicen que lo sienten y que causas ajenas le impidieron volar y que no tenemos derecho a nada y esperan seguir viéndonos volar con Iberia. CARADURAS."
IBS_0585,Iberia Express,Desconocido,Madrid,Naples,Europe,agosto de 2019,3,"El primer problema con la contratación de la maleta en cabina. Tuvimos que hacer varias llamadas y cuando llegamos nos habían anulado la misma y tuvimos que comprar una en el aeropuerto. Por lo demás, vuelo sin problema."
IBS_0586,Iberia Express,Desconocido,Naples,Madrid,Europe,agosto de 2019,3,"En la terminal de Napoles un caos. Llegas y no sabes cual es el mostrador de facturación. Luego nos cambiaron la puerta de embarque y finalmente estuvimos media hora esperando para cruzar y montar en el avión, vino un autobus cuando no era necesario porque sólo era cruzar una carretera. Luego demora, según la tripulación, por culpa del control aéreo en Barajas. Por lo demás, el vuelo bien."
IBS_0587,Iberia Express,Desconocido,Madrid,Lanzarote,Domestic,julio de 2019,2,"Habíamos ido en Semana Santa de 2019 a Niza con nuestro pequeño bichón maltés y nos cobraron la tarifa de 25 euros por trayecto. El 25 de julio de 2019, fuimos a Lanzarote, también con el perrito y nos cobraron 50 euros por trayecto, LA PAGINA WEB NO ESTABA ACTUALIZADA y todavía marcaba una tarifa de 25 euros. A la llegada a Lanzarote, en el propio aeropuerto, en la empresa que lleva la información de Iberia y otras aerolíneas, pusimos una reclamación , y nos contaron que a ellos no les comunicaron nada, que se dieron cuenta de que el programa informático de check in no admitía el check in, llamaron y les dijeron que eran 50 y en la hoja de tarifas para mascotas que tenían ellos con bolígrafo estaba tachado el 25 y puesto 50. Que clase empresa cambia una tarifa y la DUPLICA, sin apenas dar información a sus propios empleados. Una vergüenza no tener actualizada la información y una cara dura impresionante doblando la cuota. . Lo que me iba suponer 50 euros me supuso 100 ... si lo sé antes, a lo mejor, decido ir sin mascota. Por cierto de aquella reclamación que puse, no se han puesto en contacto conmigo de ninguna forma, vanos que les importa poco A la vuelta a Madrid el 6 de agosto de 2019, en el check in nos toco una becaria y fue todo super lento, de esto no me quejo , entiendo que todos tenemos que aprender y algunas veces el aprendizaje ha de ser en tiempo real cara al publico. tenia un compañero al lado que la daba apoyo en todo momento. el caso es que hubo problemas con la facturación de una maleta y en vez de llamar ellos para preguntar si era un error nos dijeron que llamáramos nosotros a la central para confirmar que tipo de tarifa teníamos si incluía la maleta o no . No nos cogían el teléfono y no teníamos cobertura para consultarlo on line, nos apartaron la maleta y siguieron a lo suyo, hasta que nosotros pudimos confirmar que era un error, nos sentimos fatal , no nos ayudaron en nada y nos trataron como si quisiéramos hacer trampas y ellos nos hubiesen pillado"
IBS_0588,Iberia Express,Desconocido,Lanzarote,Madrid,Domestic,septiembre de 2019,3,"El vuelo fue normal pero el espacio de los aviones cada vez es menor, yo mido 1,90cm y casi no entro en los asientos, las rodillas me tocan en el asiento delantero. No entiendo como en una sociedad donde la gente es cada vez más alta los aviones los hacen mas pequeños (por lo menos el espacio de los asientos). Viaje bastante incomodo y mas si te toca una señora gruesa que ocupa su asiento y parte de tu espacio vital del tuyo."
IBS_0589,Iberia Express,Desconocido,Madrid,Reykjavik,Europe,agosto de 2019,1,"Los horarios de Madrid-Keflavik( Islandia) son aterradores. El personal nada amable y nada colaborador. El avión mal insonorizado, un ruido de motores espantoso y la distancia con la fila delantera de los asientos mínima, apenas caben las piernas. Ya podían aprender de líneas aéreas como Emirates, aviones maravillosos y personal atentisimo, te ayudan de verdad."
IBS_0590,Iberia Express,Desconocido,Madrid,Valletta,Europe,agosto de 2019,3,"Normal, todo normal. Incluso nos hicieron desembarcar en el último momento... temas técnicos, pues yo que sé. El caso es que terminamos 2 horas más tarde... Un desastre ¿¿??"
IBS_0591,Iberia Express,Desconocido,Madrid,Lanzarote,Domestic,julio de 2019,2,"Ha sido la primera vez que volaba como tal en esta compañía ""low cost"" por decir algo ya que sus precios no son precisamente low cost aunque si un poquito más bajos que otrs compañías aereas. A la hora de comprar lo billetes por la web y al llegar a la página anterior para pagar aparecían dos cantidades distintas que nadie ha sabido explicarme por qué era así y a qué respondía esa diferencia. Pues bien, debí pararme más de lo permitido por la pagina para pasar a pagar y el caso fue que tuve que volver a empezar. Cuando llego a la ultima página antes de pagar, me aparecen unas cantidades más elevadas que las anteriores (no pasó mas de 5 minutos desde que salí de la página hasta que nuevamente entré para realizar lacompra. El caso es que por miedo a que se acabaran las plazas, seguí adelante y compré los billetes. Al día seiguiente, ya por curiosidad, volví a hacer la misma operación y me aparecieron las mismas cantidades que aparecieron cuando intenté reservar por primera vez. Volví a hacerlo una segunda vez y volvio a ocurrir lo mismo, salio un precio más elevado que en la primera búsqueda. El caso es que me cobraron unos 70 euros de más. Realicé una reclamación sobre ello y alcabo de bastantes días recibí su contestación denegandome dicha reclamación con un texto ""tipo"" que tienen establecido para estos casos. Realmente la contestación no respondía en nada a las preguntas que les realicé. Contestaron como si lo hubiera hecho un robot, sin sentido y sin verguenza por su parte por no molestarse a contestar a las preguntas que les hice. Así que si eso no es un ""robo"" que alguien lo califique como quiera pero no es normal que el precio varíe porque sí al hacer una segunda intentona de compra de billetes con una diferencia de poco más de 5 minutos. No hubo más que quedarme con cara de ""bobo"" por la respuesta dada y sin 70 euros en mi bolsillo. Animo a quién le haya pasado lo mismo a que haga pública su opinión por este medio. Definitivamente, la primera y la última vez que viajaré con esta compañía que se vanagloria de ser de las que menos retrasos tienen en los vuelos. De paso, les invito a que quiten asientos de los aviones y podamos estar un poco mas cómodos ya que ni te puedes mover en él y los que tenemos una altura mayor que la media, tenemos que tener las piernas en el pasillo si es que tienes la suerte de que te asignen un asiento en el pasillo."
IBS_0592,Iberia Express,Desconocido,Madrid,Las Palmas de Gran Canaria,Domestic,agosto de 2019,4,"Siempre es un placer viajar desde Gran Canaria a la Península con Iberia, puntualidad y servicio bastante bueno."
IBS_0593,Iberia Express,Desconocido,Palma de Mallorca,Madrid,Domestic,Desconocida,1,"Despues de 2 dias de huelgas oficiales (30 y 31 de Agosto) nos tocó sufrir el esperpento de otra huelga esta ya encubierta. Senoras paseandose con sonrisitas de robot mientras la cola de facturación aumentaba y aumentaba... Problema técnico y sonrisita. Nos asignaron 4 puertas en 1 hora y media de retraso, pareciamos los de aterriza como puedas corriendo por los pasillos... y mas sonrisitas y perdonen es culpa de AENA (mami ha sido el no yo). Pasajeros perdiendo sus enlaces y más sonrisitas q lo sentian q ellas no podian hacer nada. Y a 10 minutos de tener q indemnizarnos con 250 € tachan, despegamos."
IBS_0594,Iberia Express,Desconocido,Madrid,Lanzarote,Domestic,julio de 2019,3,"Avión muy normalito, asientos muy justos, no podías mover las piernas,si se echaban para atrás el asiento te daba en la cara asi..."
IBS_0595,Iberia Express,Desconocido,Madrid,Tenerife,Domestic,agosto de 2019,3,"el vuelo en si correcto. Pero el vuelo costó caro, inclui equipaje en bodega y eleccion de asientos. Puesto a la hora de hacer el checkin, no tenia incluido el equipaje en bodega y me tocó pgar 15euros por maleta, y los asientos a la ida me los asignaron bien, pero a la vuelta un desastre, nos separaron. He reclamado todo a IBERIA EXPRESS"
IBS_0596,Iberia Express,Desconocido,Madrid,Palma de Mallorca,Domestic,julio de 2019,3,"El servicio de la tripulación al pasajero a bordo es nulo, es invisible. A excepción del pasajero que compra algo a la tripulación."
IBS_0597,Iberia Express,Desconocido,Valencia,Madrid,Domestic,Desconocida,1,"Saque pasaje por iberia servicio común y decía prestado por Iberia Express, realmente es pésimo. Los asientos uno pegado al otro no tenes lugar para nada. A pesar que yo no contrate Low Cost el servicio so lo era. Salvo un caso de fuerza mayor jamás volvería a volar con ellos"
IBS_0598,Iberia Express,Desconocido,Madrid,Lanzarote,Domestic,agosto de 2019,4,"Primer vuelo con esta opción de la compañía Iberia. No me gustó tener que pagar por facturar el equipaje de bodega, en el vuelo los asientos no podían reclinarse. Por contra no sientes la presión de otras low cost sobre bolso o medidas exactas del equipaje de cabina, nos ofrecieron facturar gratis este equipaje. En Barajas hay máquinas gratuitas para imprimir tu tarjeta de embarque si no la llevas impresa. El vuelo de ida y el de vuelta también, salieron en hora y llegaron ambos con diez minutos de adelanto. Si viajas con niños no embarcas antes como en otras compañías."
IBS_0599,Iberia Express,Desconocido,Madrid,Santa Cruz de la Palma,Domestic,julio de 2019,4,"Bien en general,sin ningun contratiempo ni a la hora de facturar ni a la llegada a destino,durante el vuelo perfecto."
IBS_0600,Iberia Express,Desconocido,Madrid,Berlin,Europe,agosto de 2019,4,"Trayecto Madrid-Berlín y vuelta. Sin problemas, llegando antes de la hora prevista. Todo muy bien. Sin incidencias."
IBS_0601,Iberia Express,Desconocido,Madrid,Tenerife,Domestic,julio de 2019,5,"Volamos de noche y a pesar de que salimos con retraso de unos 40m porque el vuelo anterior al despegar tuvo un imprevisto con un pajaro y hubo que revisar la pista, llegamos a destino solp 10 min tarde porque variaron la ruta para cumplir con su política de puntualidad. El comandante nuy agradable nos informó largo y tendido de cada detalle. Un vuelo perfecto y sin turbulencias. El avión aunque era sencillo era cómodo..volveria a repetir sin duda"
IBS_0602,Iberia Express,Desconocido,Madrid,Berlin,Europe,agosto de 2019,5,"Era la primera vez que volaba con esta aerolínea y la verdad es que la experiencia fue excelente. No llevábamos el check-in hecho desde casa, así que lo hicimos en los mostradores de la T4 de Madrid Barajas y la atención, amabilidad y trato fueron inmejorables. Respecto al vuelo fue puntual a más no poder y la tripulación de cabina excelente. Realmente, la próxima vez que tenga que reservar un vuelo miraré la posibilidad de hacerlo con esta aerolínea porque la experiencia que he tenido con ella ha sido muy muy buena. Totalmente recomendable."
IBS_0603,Iberia Express,Desconocido,Fuerteventura,Madrid,Domestic,agosto de 2019,4,"Embarque puntual, vuelo sin incidencias, tripulación amable. Llegamos puntuales y recogimos el equipaje en poco tiempo"
IBS_0604,Iberia Express,Desconocido,Madrid,Tenerife,Domestic,julio de 2019,5,"Yo volando no me la juego, Iberia siempre es una garantía de seguridad y puntualidad, incluso llegando antes de la hora prevista. Perfecto para facturar y sin problemas con el equipaje de mano. A veces compensa pagar un poco más y que no te dejen con el culo al aire o te pongan problemas porque quieren cobrarte lo que te ahorraste en los billetes. El catering a bordo poca variedad y carillo pero siempre sienta bien un capuchino y algo para picar, este año echamos de menos la chapara de pollo. El personal a bordo de 10."
IBS_0605,Iberia Express,Desconocido,Tenerife,Oviedo,Domestic,agosto de 2019,5,"Para empezar nuestro viaje tomamos el vuelo de Iberia express de Tenerife a Oviedo , como siempre tienen una puntualidad de salida asombrosa con lo cual pudimos tomar el bus al llegar sin ningún problema de llegar solo unos minutos más tarde significa perder el Bus y tener que esperar una hora por el siguiente, Iberia Express cuenta además con un personal joven y muy agradable en sus vuelos ."
IBS_0606,Iberia Express,Desconocido,Madrid,Santa Cruz de la Palma,Domestic,agosto de 2019,1,"Llamo a atención al cliente, indico que tengo que llevar mi vestido de novia, que hago lo que.tenga que hacer...respuesta no sé, factura otro equipaje, pero qué hago si es un equipaje especial...respuesta, no sé...."
IBS_0607,Iberia Express,Desconocido,Zagreb,Valencia,Europe,agosto de 2019,5,"A pesar de un retraso de 20 min compañía, personal y vuelo excelenre. Sin incidencias respecto a lo que se espera de un vuelo."
IBS_0608,Iberia Express,Desconocido,Madrid,Fuerteventura,Domestic,agosto de 2019,1,"Precios abusivos para el servicio que dan Asientos malos ,estrechos con poca distancia y avión sucio al subir, hay que limpiar los asientos Es peor que otras líneas de bajo coste. Cobran nad que si fueras en Iberia de verdad Les tenían que meter mano en la competencia y cerrarlos"
IBS_0609,Iberia Express,Desconocido,Madrid,Lanzarote,Domestic,agosto de 2019,4,"El embarque en Madrid siempre es caótico, da igual con el tiempo que llegues. Una vez conseguido facturar el equipaje el vuelo salió a su hora, sin incidencias, además nos tocó salida de emergencia con lo que fué un viaje realmente cómodo, a pesar de las apreturas propias de agosto"
IBS_0610,Iberia Express,Desconocido,Tenerife,Madrid,Domestic,Desconocida,1,"El vuelo salió con más de dos horas de retraso, sin que dieran ninguna explicación, sólo que había salido de Madrid mss tarde, según llegó el vuelo vaciaron fé pasajeros y llenaron sin limpiar ni nada"
IBS_0611,Iberia Express,Desconocido,Madrid,Tenerife,Domestic,Desconocida,2,"Poco espacio para las piernas y aterrizaje brusco , imposibilidad de conectarse con su wifi, a pesar de que se venden como compañía low cost, tienen precios altos, sobre todo para la calidad que dan. Uno piensa que al volar en Iberia va a encontrar una mayor calidad"
IBS_0612,Iberia Express,Desconocido,Tenerife,Madrid,Domestic,agosto de 2019,1,"Este viaje ha sido cuanto menos una odisea. Lo que se planteaba como nuestra vuelta de vacaciones, ha resultado ser un retraso de unas cuantas horas, negarnos la entrada al avión (después de haber hecho la reserva del vuelo con unos meses de antelación, después de facturar, después de pasar el control y después de la cola para embarcar) y todavía, que se rían de nosotros. Cuando estamos a punto de entrar en el avión, nos dicen las personas de la compañía encargadas del embarque que mi pareja y yo tendremos que esperar a que pasen todas las personas de ese vuelo para después ver si hay algún sitio para que nosotros pudiéramos volar. Después de esperar largo y tendido, nos avisan de que solamente queda una plaza libre dentro de la cabina, quedándonos tres personas fuera de la misma y por lo tanto, quedándonos sin volar. Cabe mencionar que el trato in situ, fue buena. Intentaron calmar nuestros nervios, que evidentemente estaban a flor de piel, y ante todo nos dijeron que seríamos indemnizados por los daños causados, pagándonos una cuantía de dinero a cada pasajero y ofreciéndonos un vale para comer a cada uno de nosotros (12 € pex). Lo peor no es eso. Nos redirigieron a un vuelo que salía unas 4 horas y media más tarde comunicándonos que, a nuestra llegada al destino, buscásemos un mostrador de Iberia para reclamar el dinero de la indemnización. Una vez en Madrid, nos dirigimos a un mostrador de Iberia y nos dicen que tendríamos que dirigirnos a la segunda planta del aeropuerto para reclamar el importe de la reclamación (todo esto, con unos modales que dejaron muchísimo que desear). A la llegada al segundo mostrador, una señora un tanto más amable, nos comunica que nuestra reclamación tendrá que ser puesta por vía telefónica ya que en ese mostrador solo se tramitan las reclamaciones de los billetes comprados por Iberia, no por Iberia Express. Una vez que nos disponemos a llamar al teléfono facilitado, y pasando por las pertinentes operadoras, se pone al teléfono una mujer que pregunta por el número de billete. Después de dejarme en espera unos 15 minutos, comenta que no hay ninguna incidencia con respecto a ese número de vuelo. Finalmente, y después de discutir con la misma mujer el hecho de que para poner la reclamación ella necesitaba un número de bono (algo que no pidió desde el principio) y no un número de billete, finaliza con que para poner nuestra reclamación tendremos que rellenar un formulario online. En resumen, espero no volver a repetir en mi vida con esta compañía."
IBS_0613,Iberia Express,Desconocido,Madrid,Nantes,Europe,Desconocida,4,"Nuestro vuelo con Iberia fue muy bueno, un vuelo tranquilo y sin ningun incidente. Lo único que no me gusto mucho, es que las azafatas de la puerta de embarque en Nantes no hablan Español, solo Frances e ingles, por lo que mi recomendación es que tambien hablasen español, había muchos españoles en el vuelo y no todos hablaban ingles o frances y a algunas personas les resulto complicado entenderse con ellas. Por lo demás, todo correcto."
IBS_0614,Iberia Express,Desconocido,Madrid,Fuerteventura,Domestic,agosto de 2019,5,Es la compañia con mas comodidad y la mejor atencion a sus pasajeros..siempre es un placer viejar con iberia 😜
IBS_0615,Iberia Express,Desconocido,Madrid,Palma de Mallorca,Domestic,julio de 2019,1,"Al comprar los billetes me dio error en su página web, no me enviaron la confirmación de los billetes debido al error y días después comprobé que me los habían cobrado. Fue un error suyo y aun así no te reembolsan el dinero, a pesar de reclamar miles de veces. Se lavan las manos, imposible hablar con una persona física, todas las reclamaciones por mensaje... Una vergüenza."
IBS_0616,Iberia Express,Desconocido,Las Palmas de Gran Canaria,Madrid,Domestic,junio de 2019,1,"El embarque lo hicieron muy despacio y termino pasada la hora prevista. Acto seguido nos tuvieron apartados en las pistas 55 minutos por que decían que en Madrid tenian una pista cerrada y que teniamos que llegar a una determinada hora. Al llegar a Madrid estubimos retenidos una hora en el avion por que decían que no había autobuses para desembarcar. Sabiendo como sabían a que hora llegabamos y no había autobuses en el Aeropuerto Internacional Adolfo Suarez Madrid Barajas T4. Los niños en brazos de sus padres, desesperados, llorando, desquiciados. Los padres cabreados ,indignados, con los nervios perdidos. Una vergüenza de Iberia y Aena. Mal trato total. Ni en el peor Aeropuerto de Guinea Bissau."
IBS_0617,Iberia Express,Desconocido,Berlin,Madrid,Europe,julio de 2019,1,"sinceramente, Iberia es cada vez se acerca más al nivel de su competencia low cost irlandesa (para no mencionar su nombre). en el boarding, despues de los de business / familias con niños (hasta alli bien) llaman a los que NO llevan maleta de cabina y entran la gente con las mochilas incluso más grandes que una maleta de cabina. Tampoco reconocen si tienes el status de Iberia Plus Plata (que deberian embarcar despues del primer grupo de business / familias con niños). La numeracion de las filas no está bien ""colocada"" porque parece que te ha tocado la fila anterior. Los asientos para una persona de 1,85 m (como yo) muy estrecho y sin espacio entre las piernas y el asiento anterior. Todo bien encajado. La limpieza del avion tampoco destaca. Todo esto, ni con la amabilidad del personal se puede mejorarlo."
IBS_0618,Iberia Express,Desconocido,Tenerife,Oviedo,Domestic,julio de 2019,3,"Vuelo normal atención normal, lo único que efectúe una reserva anticipada de asientos, con cargo adicional, y a la hora de embarcar, me cambian la fila,y la posición de un asiento. Estoy pendiente de la respuesta a la reclamación."
IBS_0619,Iberia Express,Desconocido,Las Palmas de Gran Canaria,Leon,Domestic,julio de 2019,4,"Hasta la fecha siempre has sido muy puntuales, la atención durante el vuelo excepcional, sin duda lo recomiendo."
IBS_0620,Iberia Express,Desconocido,Trondheim,Madrid,Europe,Desconocida,3,"Creo que fue bastante bien el vuelo, el servicio muy bien, aunque continuamos como a la ida, creo que era el mismo avión y el hueco para poder poner las piernas era escaso para el tamaño de las mías. No pongo las fotos, porque son idénticas a las del viaje de ida."
IBS_0621,Iberia Express,Desconocido,Valencia,Malmö,Europe,Desconocida,2,"El vuelo no estuvo mal, lo malo fue el sitio que tienen los pasajeros de su asiento al de delante, que es muy poco. Yo mido 1'80m y es muy estrecho. (Ver fotos, en la primera se ve como estaban clavadas las piernas y en la segunda, las marcas que me quedaron en las rodillas). La atención muy buena, fue el inicio de unas vacaciones en un crucero por los fiordos noruegos."
IBS_0622,Iberia Express,Desconocido,Madrid,Nantes,Europe,agosto de 2019,1,"Sólo Iberia express es capaz de dejarte sin vuelo y sin dinero.Atención al cliente desesperante, muchas llamadas, muchas mentiras y ningún resultado.Sólo te queda ir a los juzgados y denunciar. Es entonces cuándo te das cuenta de que Iberia Express es una habituak allí. Son unos verdaderos estafadores!!!!!"
IBS_0623,Iberia Express,Desconocido,Madrid,Tenerife,Domestic,julio de 2019,4,"Desde que lo han cogido los ingleses, ha bajado la calidad,mucho, antes te daban unos cacahuetes,en un vuelo cortito como este,pero ahora todas o casi todas las aerolíneas hacen lo mismo,"
IBS_0624,Iberia Express,Desconocido,Madrid,Lyon,Europe,septiembre de 2018,5,"He viajado con esta compañía en varias ocasiones y he de recomendarla,hacen de un buen vuelo (no parece una tombola) como 3n otras compañías de lowcost. En una ocasion n9 pude usar eo billete de ida pero n me pusieron pegas en usar el de vuelta,llame unos dias antes y me lo solucionaron rápidamente. La unica pega son los precios de su club iberia express se supone que tienes descuentos y cual es mi sorpresa que al coger un viaje que hare próximamente me ahorro unos eurillos en la pagina de iberia,asi que comparar bien antes de comprar. Por lo general recomendable para mi la mejor lowcost en la que he viajado."
IBS_0625,Iberia Express,Desconocido,Edinburgh,Madrid,Europe,agosto de 2019,1,"Parece ser que se estropeó el servicio de check-in online, lo que impidió facturar telemáticamente a todos los pasajeros. Esto derivó en colas de 2 horas en los puestos de iberia express, donde a ratos solamente atendía una persona. La espera fue tortuosa porque el sistema de embarque funcionaba a ratos. Lo peor fue que cuando conseguimos facturar y pasamos el control de la policía, ya nos estaban dando última llamada en la puerta de embarque y tuvimos que llegar corriendo al avión, a pesar de haber llegado más de dos horas antes al aeropuerto. Las cosas se pueden hacer de muchas formas y creemos que Iberia Express pudo haberlo hecho mucho mejor."
IBS_0626,Iberia Express,Desconocido,Madrid,Lanzarote,Domestic,agosto de 2019,5,"Viaje bastante cómodo, con sitio razonable para ser un low cost. Llegó antes de tiempo y fue un vuelo muy agradable. Repetiremos."
IBS_0627,Iberia Express,Desconocido,Tenerife,Madrid,Domestic,julio de 2019,4,"Compañia usual para los desplazamientos a Madrid desde Canarias. Es una compañia seria, bastante correcta con el trato de atencion al cliente. Suele salir en hora y si hay alguna modificacion del horario lo suelen notificar con meses de antelacion. Puedes elegir tu asiento depende de la tarifas que hayas elegido como el resto de las low cost Da un buen servicio en relacion calidad precio por los destinos que oferta."
IBS_0628,Iberia Express,Desconocido,Madrid,Fuerteventura,Domestic,julio de 2019,5,"Asientos más cómodos y más espacio entre asientos.. Bastante puntual y acceso a entretenimiento, yo vi una película y unos cortos y el tiempo se te pasa rápido"
IBS_0629,Iberia Express,Desconocido,Palma de Mallorca,Havana,International,julio de 2019,5,"Excelente vuelo, desde la pericia de la tripulación al mando del avión como de la tripulación de servicio de sobrecargos, incluyendo una buena calidad del servicio de atención al pasajero."
IBS_0630,Iberia Express,Desconocido,Madrid,Tenerife,Domestic,julio de 2019,5,Muy buen vuelo de ida y de vuelta. Todo en hora y la atención en el vuelo muy buena. El único pero es que nos recomendaron facturar el equipaje de mano a la vuelta sin cargo y las maletas tardaron 30 minutos en salir. Lo demás fenomenal.
IBS_0631,Iberia Express,Desconocido,Madrid,Mykonos,Europe,Desconocida,1,"Iberia express, Es como ir en un autobús, los asientos son rígidos y además no se reclinan, un desastre en el embarque, cambios de puertas a última hora, de un lado al otro del aeropuerto. Cada día se paga más y los servicios y las comodidades son menos."
IBS_0632,Iberia Express,Desconocido,Fuerteventura,Madrid,Domestic,agosto de 2019,2,"Se han sumado a la práctica ABUSIVA y arbitraria de exigir pagar extra si te quieres sentar con tu familia. Incómodo antes, durante y después del vuelo, hasta para los que viajan solos, porque genera constantes peticiones de cambio de puesto, idas y venidas, llanto, etc."
IBS_0633,Iberia Express,Desconocido,Madrid,Las Palmas de Gran Canaria,Domestic,julio de 2019,4,"En principio no valoramos lo nuestro comparando con otras de afuera,si es cierto que siempre mejorable.......pero el trato,vuelo,aviones muy correctos.......no estoy de acuerdo con la política nueva sobre todo en maquinas tarjetas embarque de separarte con las personas que vas......o pasa por caja.....después ves en el avión la gente intentando cambiar asientos realmente le sale rentable por la perdida de tiempo y descontento. También he notado últimamente no le dan tiempo de limpiar avión correctamente. Pero insisto cuando pruebas otras compañías diferentes .....te das cuenta de lo nuestro."
IBS_0634,Iberia Express,Desconocido,Madrid,Tenerife,Domestic,agosto de 2019,1,"Buenos dias! El equipo de iberia ha decidido dejar la maleta para el siguiente vuelo, cosa que deberian preguntar y no tenernos esperando horas. El servicio pesimo, desde que hemos facturado nos han dado problemas para todo. No puede ser que una aerolinea tan comun tenga tan mal servicio. Encima tenemos que pagar de mas para meter la maleta y nos la pierden y a ver quien nos la trae. Espero que mejoren mucho"
IBS_0635,Iberia Express,Desconocido,Madrid,Lanzarote,Domestic,julio de 2019,4,"Casi todo perfecto solo que nos rompieron una maleta, algo demasiado habitual en los vuelos de cualquier compañía se trata bastante mal los equipajes no sé si por las prisas o falta de personal o simplemente desidia."
IBS_0636,Iberia Express,Desconocido,Madrid,Lanzarote,Domestic,julio de 2019,4,"Todo normal, salimos y llegamos a la hora, tanto a la ida como a la vuelta. Si no pagas no te dan ni agua, pero casi es mejor para que nos suba más el precio del billete. Conviene hacer la reserva con la máxima antelación posible."
IBS_0637,Iberia Express,Desconocido,Malaga,Nice,Europe,agosto de 2019,1,"Me parece un abuso que la mitad de los pasajeros llegáramos sin nuestro equipaje desde málaga a Niza .Iberia es nefasta ,como una compañía puede permitirse este fallo ,como un piloto puede despegar sabiendo que le falta maletas .Y luego cuando llegas a Niza lo único que tienes es una maquina para reclamar. Pero que pasa que el presidente de Iberia no ve las críticas o esta retrasado ."
IBS_0638,Iberia Express,Desconocido,Santander,Reykjavik,Europe,julio de 2019,2,"Fatal. Me dieron el vuelo desde el primer momento. Primera cosa: Teniendo vuelo con Iberia de Santander a Madrid, y con Iberia Express de Madrid a Reykjavik, no pude facturar el equipaje todo el trayecto. Tuve que recogerlo y refacturarlo. Razón: los vuelos no están en la misma reserva. Y you digo: las dos compahías son Iberia, su principal hub mundial está en la T4, que es donde se produce el cambio, y entre los dos vuelos hay 5 horas, tiempo suficiente para el cambio. No voy a decir que viajo mucho y todo eso, pero he podido facturar otras veces en vuelos conectados sin que fueran de la misma compañia y en aeropuertos que no eran precisamiente su sede principal de operaciones. Segund problema: en Madrid al refacturar me dicen que tengo que pagar otra vez la facturacion de las maletas, que no les consta que lo haya hecho. Les da igual que les muestre la reserva y que la tarifa que me permite elegir asientos lleva asociado siempre una maleta en bodega. Nada. Que si pueden contactar con Iberia Expres. Por supuesto que no, ""nosotros somos Iberia y sol hacemos el handling, no tenemos nada que ver con esa compañia ni tenemos porqué contactar con ella. Si usted quiere, aqui está el teléfono"". Por supuesto el telefono de atencion al usuario de Iberia Exprés es un laberinto de teclas que pulsar en el menú hasta que llegas al callejón sin salida que te dice que mires en la web a ver si allí está lo que buscas. Ja. Después que el supervisor de facturación insinuara varias veces que estaba mintiendo, tratando de colarme, sugiriera que era un medio delincuente (debe ser que los pasajeros de Iberia Exprés somos todos así), me manda otra cola al mostrador de Iberia de atención al usuario, que tras larguísima cola me responde en tono interrogatorio que porqué me quiero colar sin pagar, que son solo 150 euritos por el equipaje y que total, los recuperaré si tanta razón tengo. Tan pronto como llego a casa, hago la reclamación online para pedir la devolución del dinero cobrado dos veces. Respuesta? Nada en los primeros diez días. En realidad existe Iberia Exprés? En Barajas dicen que es una cosa virtual, los del handling de Iberia, que salvo los aviones que tienen una pegatina que pone esto, no hay oficinas, atencion al usuario ni nada. No se si será un rumor o es cierto. Continuará..."
IBS_0639,Iberia Express,Desconocido,Madrid,Tenerife,Domestic,julio de 2019,4,"Buen trato en la recepcion de la maletas, buen trato en el control de puertas, y buen trato durante el viaje. Los chicos y chicas de cabina, muy profesionales pese a su corta edad. El trato en tierra cuando llegamos al aeropuerto muy bien con las maletas. El avion con los asientos un poquito apretados. El vuelo en si bastante tranquilo hasta que llegamos al aeropuerto que desde que efectuo la aproximacion hasta un momento antes del aterrizaje parecia una zaranda en el aire. El aterrizaje perfecto pese al dichoso viento. Muy contento."
IBS_0640,Iberia Express,Desconocido,Madrid,Tenerife,Domestic,julio de 2019,4,"No sólo tuvimos la suerte de salir y llegar en hora, esto es de agradecer, además la tripulación era joven, amable y súper simpática. todo esto hace agradable el viajar. No estaría mal que las compañías volvieran a incentivar que se facturen las maletas. es increíble lo que cargan algunos. tripulación un 10"
IBS_0641,Iberia Express,Desconocido,Hamburg,Madrid,Europe,julio de 2019,3,Estuvimos mas de media hora dando vueltas con sus correspondientes turbulencias sobre el aeropuerto de Madrid. Si hay tráfico aéreo prefiero retrasar la salida no estar dando vueltas en el aire.
IBS_0642,Iberia Express,Desconocido,Zadar,Madrid,Europe,Desconocida,1,"Vuelo Zadar-Madrid que salió después de varios avisos de embarque, con 2h40 de retraso... Lo justo para que no sean las 3h con las cuales te tienen que indemnizar (con 400 euritos en este caso). Te dan a última hora un sándwich cutre y un botellín de agua... Te tienen encerrado otra media hora en el avión... Y llegas cuando ya no hay transporte público en Barajas y te tienes que pagar un taxi del cual nadie se hace cargo por supuesto. Para comprar los vuelos además, los tuvimos que comprar por separado porque si los cogíamos juntos salía 50€ más... Muy raro."
IBS_0643,Iberia Express,Desconocido,Oviedo,Las Palmas de Gran Canaria,Domestic,julio de 2019,1,"Con la fama tiene Iberia....no vuelvo viajar con esta compañia.Primero,me cobraron el vuelo,2 veces.3 semanas tardaron en devolverme el dinero,despues de haberles llamado 14 veces por telefono,con la consiguiente ""hermosa"" factura telefonica que tuve que abonar y un sinfin de correos,que por fin,se dignaron a contestar.Por si fuera poco,despues de pagar por los asientos, 34€ ida y vuelta,con ventanilla incluida,nos sentaron donde les dio la real gana.He puesto una reclamacion hace 10 dias.....y sigo esperando.Lo dicho,unos sinverguenzas en MAYUSCULAS."
IBS_0644,Iberia Express,Desconocido,Fuerteventura,Madrid,Domestic,julio de 2019,4,"La compañía Iberia Espress es muy puntual, incluso llega con antelación al destino. Pero los asientos son muy delgados y comienzan a ser incómodos. A la vez, el espacio entre asientos es muy estrecho y permite poca movilidad."
IBS_0645,Iberia Express,Desconocido,Las Palmas de Gran Canaria,Madrid,Domestic,julio de 2019,3,"Aunque tengo la opción de ir con equipaje de mano, me dieron la opción de facturar en business mi equipaje para no subirlo al avión. Puesto que luego tenía un vuelo de conexión opté por esta alternativa. El espacio entre las butacas es un poco justo (como en las compañías Low cost y como en muchos Airbus 319. El embarque y desembarque es relativamente ágil, aunque se nota que la mayoría de los pasajeros son vacacionales y no por trabajo y eso se nota en menos costumbre al volar. La atención del personal la justa. Personalmente no encuentro muchas diferencias con Iberia."
IBS_0646,Iberia Express,Desconocido,Palma de Mallorca,Madrid,Domestic,julio de 2019,5,"debo valorar la atención y puntualidad de este vuelo directo a Madrid, las azafatas muy atentas y siempre con una sonrisa de amabilidad. tienen un diez 10"
IBS_0647,Iberia Express,Desconocido,Madrid,Alicante,Domestic,Desconocida,1,"Dos retrasos en un solo día con la compañía. El primero desde Gran Canaria a Madrid; y el segundo de Madrid a Alicante, con un retraso de 55 minutos. Aunque dicen ser la compañía líder en puntualidad..."
IBS_0648,Iberia Express,Desconocido,Trondheim,Madrid,Europe,julio de 2019,5,"Fue un vuelo muy placido sin ninguna novedad y para mi esa es la mejor de las noticias, el espacio el normal o por lo menos a mi me lo pareció y como quedaron algunas plazas libres hubo gente que incluso pudo cambiarse sin problemas, pero creo que lo mejor de todo el trato de la tripulación, da gusto tratar con gente profesional"
IBS_0649,Iberia Express,Desconocido,Madrid,Lanzarote,Domestic,julio de 2019,3,"La facturación en Barajas fue caótica. Los asistentes de Iberia te sugieren que es mejor usar las máquinas para facturar y el sistema es un desastre. Te dejan elegir asiento pero luego te lo cobran, por lo que luego tienes que pasar por los puestos de facturación para que te vuelvan a asignar los asientos (íbamos con dos niños, el programa informático no nos dejaba sentarnos juntos) El vuelo fue con retraso"
IBS_0650,Iberia Express,Desconocido,Tenerife,Pamplona,Domestic,julio de 2019,1,"Hola buenas tardes la verdad que me parece excesivo lo de haber subido el precio del billete para mascotas al doble de lo que se pagaba antes el trayecto que hacía de Tenerife norte- Madrid, y Madrid-Pamplona ida y vuelta me costaba 50 euros el billete, y ahora el mismo trayecto lo he pagado al doble, y pienso que es excesivo pagar el doble por llevar a mi mascota en el suelo del avión y en el mismo asiento en el que yo voy, viajando incomodamente, pienso que ya que estoy pagando ese precio, deberían dejar que el sueldo que vaya a ocupar la mascota, el asiento vaya libre y yo en el asiento de al lado ocupandolo. Gracias"
IBS_0651,Iberia Express,Desconocido,Madrid,Lyon,Europe,agosto de 2018,3,"He usado esta compañías para ir/volver de múltiples destinos en Europa (Lyon, París, Ámsterdam...) y me ha quedado claro que la diferencia entre Iberia e Iberia Express está en la chapa y pintura de los aviones que utilizan, nada más. Iberia Express NO ES UNA LOW-COST. Iberia y British Airways se fusionaron de forma efectiva en 2011 creando IAG, y se repaten vuelos y detsinos. Dentro de Iberia hay 3 ""compañías"" Iberia, Iberia Express e Iberia regional (también llamada air nostrum) pero deberían verse indistintamente como un reparto de servicios de Iberia (ejemplo: vuelos de corto radio y poca demanda los cubren los CRJ-1000 de Air Nostrum, vuelos a Heathrow se alternan A-319/320 de Iberia con algunos A-320 de British Airways). A efectos de pago de billete, cuesta lo mismo (podéis comprobarlo en google flights o en la web de Iberia - única para las 3 verisones citadas de esta compañía de bandera) pagar tu billete con Iberia Express que con Iberia, los vuelos son en código compartido, por eso lo de...¿a quién pretenden engañar? El interior de la cabina de pasajeros presenta prácticamente la misma decoración (salvo en las toallitas reposacabezas) y buena parte de la flota es ya viejuna. Lo que dan ganas de denunciar es que mienten sobre lo de WiFi a bordo. Primero con el modo avion depsues del despeque te puedes conectar a una re dde netretenimiento a borod que te muestra la ruta a gran escala, sin detalles, pero no te permite usar nada más que contenido propio (de pago); es decir, nada de whatsapp, instagram, youtube... Sobra decir que las instrucciones de seguridad se dan al viejo estilo, en vivo y en directo ya que no hay ni pantallitas colectivas a lo largo del avión. El espacio entre filas...horrible (mido 186 cm), pero aún así...pone 76 cm pero me dan ganas de llevar metro y demostrales que no...alguien de más de 1,70 se va a sentir incómodo, si tuvieran que indemnizar por daños en las rodillas...otro gallo les cantaría. Es ridículo que pongan un colgador por si llevas taqueta cuando apenas puedes colocar las piernas en una posición que no te cause dolor... Por supuetso, nada de comida a bordo incluída, precios carillos de carrito de avión, ni mejor ni peor que otras aerolíneas. Cierto es que son puntuales y llegan a la hora incluso si salen tarde, supongo que tener monopolizada la T4 de Barajas tiene sus ventajas. La tripulación hay de todo...gente que te explica que a los bebés se les sienta en filas con 4 en vez de 3 máscaras de oxígeno en los paneles sobre los asientos (soy muy curioso y me gusta poner a los TCPs a prueba) y otra que no sabe ni que zona estamos sobrevolando. El handling es muy normalito, sin alabanzas ni quejas al respecto. Con ello y con todo, es la que mejores horarios ofrece desde Madrid, por lo de tener monopolizado medio aeropuerto, marca España...típico. Por tanto, la aconsejo si tenéis un presupuesto de 100 E/trayecto (suplementos de 15 por maleta en bodega y de 12 por eleccion de asiento no incluídos, se compran a parte durante el proceso de compra online) y queríes un horario cómodo y necesitáis ser puntuales y confiáis en la marca Iberia. En definitva, es d ebastante confianza, pero repleta de defectos para lo caros que vende los billetes, por tanto comparad alternativas antes de comprar, según los intereses de cada uno."
IBS_0652,Iberia Express,Desconocido,Edinburgh,Madrid,Europe,julio de 2019,2,"La página es pésima (hay que incluir todos los datos para el check-in, que recomiendo hacerlo un día antes del viaje, por cualquier eventualidad). No incluye - o no lo vi- el link para pagar el equipaje en bodega, por lo que uno se confía y lo tiene que abonar en el embarque (cada valija cuesta cuarenta libras). Ciudado. Por lo demás, una aerolínea mas: hay que pagar todo lo que se consuma a bordo..."
IBS_0653,Iberia Express,Desconocido,Madrid,Las Palmas de Gran Canaria,Domestic,julio de 2019,2,Espacio muy pequeño entre asientos. No dieron ni agua. Podían dar algo en un vuelo de tres horas aunque sea doméstico o
IBS_0654,Iberia Express,Desconocido,Berlin,Madrid,Europe,junio de 2019,4,"Volé con Iberia Express de Berlín a Madrid, aunque ya había volado con ellos a Lanzarote hace 4 años... Considero que para ser una compañía catalogada como ""low cost"" es de las mejores junto con Easy Jet... Evidentemente no ofrecen nada de comer gratis, todo de pago, pero el personal es muy amable, los asientos son cómodos y para un trayecto corto de poco más de 2 horas hacen un buen servicio... Volvería a volar con ellos sin problema..."
IBS_0655,Iberia Express,Desconocido,Madrid,Berlin,Europe,julio de 2019,5,El vuelo se desarrolló sin incidencias.Salida y llegada puntual y el proceso de embarque fue ordenado.
IBS_0656,Iberia Express,Desconocido,Madrid,Lanzarote,Domestic,julio de 2019,1,"Llegas al aeropuerto y te fijas en el cartel anunciador para ver los mostradores de embarque. Te diriges a los indicados y haces cola. Cuando llevas un rato aparece una persona con uniforme de Iberia Express y te pregunta por la tarjeta de embarque. Como no la llevas te indica que debes sacarla en los puestos automáticos y que si no vayas a los ""mostradores de por allí"". Sacas la dichosa tarjeta de embarque que no te permite el viajar junto a tu pareja (posibilidad de hacerlo previo pago de 24 euros) y vuelves a la cola. Al rato aparece el mismo uniformado y te pregunta si tienes las etiquetas del equipaje. Al decirle que no te vuelve a indicar que debes sacarlas en el mismo puesto automático anterior. Las sacas, vuelves a la cola y por fin llegas al mostrador. El empleado te hace ver que no has colocado las etiquetas al equipaje. Logro facturar y me dirijo a la puerta de embarque y por deducción veo que soy del Grupo 3 cuando ponen unos carteles y miro mi billete (en el mostrador de facturación ninguna indicación). Y cuando me voy acercando a la puerta del avión me asalta una duda: "" ¿me preguntarán si se pilotar?, y si respondo afirmativamente me conminarán a llevar yo mismo el avión?"
IBS_0657,Iberia Express,Desconocido,Tenerife,Madrid,Domestic,julio de 2019,1,"Habíamos comprado asientos y nos los cambiaron sin previo aviso y sin dar ninguna solución. Avión sucio, nada más llegar al aeropuerto nos embarcaron y estaba lleno de basura y suciedad (asientos y suelo). Nos sentimos enlatados, todo estrecho e incómodo. No vuelvo a volar con Iberia Express."
IBS_0658,Iberia Express,Desconocido,Berlin,Madrid,Europe,julio de 2019,5,"Extraordinario, puntualidad absoluta y excelente trato por parte de la tripulación. Un vuelo sin ningún tipo de contratiempo y llegada a Barajas antes de su hora."
IBS_0659,Iberia Express,Desconocido,Madrid,Santa Cruz de la Palma,Domestic,junio de 2019,5,"facilidad para facturar el equipaje y además me facturaron gratuitamente el de mano, puntualidad, y a la vuelta llegamos con media hora de antelación a Madrid."
IBS_0660,Iberia Express,Desconocido,Madrid,Santiago de Compostela,Domestic,mayo de 2019,5,"Vuelo relativamente corto en tiempo, pero muy agradable y con una muy buena atención y servicio. Recomendable!!"
IBS_0661,Iberia Express,Desconocido,Madrid,Lanzarote,Domestic,julio de 2019,4,"Puntuales, con buen servicio. Incluye una maleta en bodega por cada pasajero. Bastante hueco en los maleteros para el equipaje de mano. La recogida de maletas en Barajas fue muy caótica, pero es debido a la falta de personal en ciertos horarios."
IBS_0662,Iberia Express,Desconocido,Fuerteventura,Madrid,Domestic,Desconocida,2,"Te piden que llegues a los aeropuertos con dos horas de antelación y no hay nadie en los mostradores de facturación que además están situados en una zona sin asientos para esperar cerca. Cuando aparecen las señoritas se lo toman con calma, además una era en prácticas y la colocan en la fila de turista, lo que aún retraso más la facturación. Por cada una de turista facturaban 3 de business. El vuelo traía retraso y no daban ningún tipo de explicación. Al final salió con una hora de retraso. La tripulación nada agradable, sobre todo un chico que decía las cosas muy borde. El avión venía sucisimo tanto los asientos como el suelo."
IBS_0663,Iberia Express,Desconocido,Madrid,Cork,Europe,julio de 2019,2,"Elegí el vuelo porque soy viajero muy frecuente de Iberia y nos llevaba directamente a Cork desde Madrid. Pero Iberia Express es una versión cutre de la ya de por si baja calidad de Iberia. El avión estaba sucio nada más entrar. Comida y papeles por el suelo, los asientos con restos de comida, debimos limpiarlos antes de sentarnos. Asientos estrechos y pegados tanto al de delante en donde la sensación de agobio lantuvieron hasta una niña de 7 años. La tripulación de cabina, TODA,debía tener un mal día, atención distante, fria. Antes al menos sonreían o traian algo a los niños. Cutrez por todos lados. Se cogen estos vuelos por llevarte directamente, pero somos ganado para ellos, directivos y tripulación."
IBS_0664,Iberia Express,Desconocido,Madrid,Lanzarote,Domestic,julio de 2019,3,Merece la pena volar con Iberia. Frente a compañías de bajo costo es más recomendable por la puntualidad y el servicio a bordo. Lamentablemente el espacio de cada asiento es cada vez más pequeño
IBS_0665,Iberia Express,Desconocido,Madrid,Menorca,Domestic,julio de 2019,1,"Vuelo Madrid-Menorca I23816 06:50 Comentar de cara al aeropuerto, que las puertas K96 creo recordar, en la señalización si no recuerdo mal ponía K60, y por intuición, tienes que averiguar, que después de la 60 llegará la 96, esto no está indicado bien, y genera duda, de hecho hubo gente que se fue en la dirección opuesta. Lo que en principio iba a ser un día de cumpleaños genial, y un viaje planeado, se convirtió en medio pesadilla. Siempre que vuelo, me gusta elegir el asiento y la fila, es algo que normalmente la gente que tiene un poco de respeto a volar suele hacer. En este caso concreto, lo que más nos molestó fue, que pagamos un extra por elegir asiento, y como era la primera vez que volaba el peque, quise que fuera especial, que no se sintiese agobiado y elegía la fila 5 A-B-C (No Business). Pues bien, tras intentar realizar el checking por la aplicación móvil, y darnos fallos, no nos quedó otra que realizarlo en el aeropuerto. Nuestra sorpresa llegó cuando vimos que la fila que seleccioné y pagué por ella y su asiento (5-A-B-C), nos lo habían cambiado y movido 13 filas más atrás, y asientos opuestos (18 E-D-F). Nos dijeron en el checking, que al ir a embarcar se lo comentáramos a la tripulación, por si había posibilidad de cambio. Al ir a embarcar, le comentamos lo sucedido a la tripulación, y nos dijo que como iba lleno, que no se podía hacer nada, que lo único reclamar los asientos, aún así, nos molestó como a conocidos de la tripulación, los metieron en business, este detalle al principio no lo di importancia, que se hizo de manera discreta y total, no tenía ganas de amargarme el cumpleaños. Para colmo la fila 18 es el ala, así que os digo lo que vio el niño, es decir NADA de NADA, aparte de los ruidos, y para colmo mi asiento estaba en mal estado y cuando te apoyabas no se quedaba recto del todo y se echaba para atrás..... El avión no disponía de carga de USB en los asientos, aunque la anunciaban, tras una hora y media de espera con el niño en el aeropuerto, y los dispositivos con baja batería, os podeis imaginar como me sentó el no disponer de carga, otro mosqueo más. A continuación os comentaré el viaje de vuelta: Al ir a realizar el checking de vuelta para el I23815 08:50 de Menorca a Madrid, el mismo fallo con la aplicación móvil, y lo curioso fue, que en principio nos dio los asientos elegidos, Fila 5A-B-C, y al ir a imprimirlos, se queda bloqueada la aplicación y tenemos que volver a empezar, dando como resultado otra vez, los asientos de la ida 17E-D-F. En esta ocasión y tras un retraso en el embarque de 30 minutos, vuelvo a insistir en que si se puede hacer algo, y darnos otros asientos, en esta ocasión el vuelo iba más vació y había más asientos para elegir, pues bien, la misma respuesta, que no, que lo reclame. Lo más indignante fue, cuando la persona que fue en el de ida, nos la encontramos en el de vuelta, y tras darle a elgir asientos como los de la salida de emergencia (del lado E·-D-F), en la parte trasera del avión, y algún otro más, de repente vemos como se lo llevan a business por todo el morro, esto fue una verdadera vergüenza, y fue la gota que colmó el vaso, a ver si lo entiendo, nosotros pagando NO tienes derecho a un cambio de asiento, y los conocidos SI????, en fin penoso, vamos que no volvemos a volar con Iberia Express. Para finalizar, tras reclamar el importe extra pagado por la elección de asientos, efectivamente nos lo han devuelto, pero sin una explicación del porqué del cambio, y mucho menos, del porqué unos viajeros tienen trato especial y otros no, y el porqué se consiente esto. Y por otro lado, lo que podría haber sido un gran viaje, se convirtió en una pesadilla, que a su vez, produce una impotencia de no hacer nada, y una posterior indignación debido a cero explicaciones del porqué de todo lo descrito. Pensaba darle 4 estrellas, pero le quito tres, porque no le puedo quitar más y dejarlo en cero, porque desde luego, es la última vez que me toman el pelo en esta compañía, no pienso volver a volar con ella por el momento, ni se la pienso recomendar a nadie, qué confianza me va a dar el volver a volar con ellos, que seleccione un asiento y el día del vuelo me lo cambien..... Si la compañía necesita más datos acerca de esta queja, no tiene mas que ponerse en contacto conmigo y se los facilitaré, porque como comprenderán, no puedo exponer documentación personal por este medio. Pero como siempre os digo, la decisión es vuestra y sólo vuestra, tal vez tengas mejor experiencia, o quién sabe, lo mismo un día vuelvo a probarla y salgo encantado, aunque no creo que cambie de parecer tan fácilmente, mucho tendría que cambiar."
IBS_0666,Iberia Express,Desconocido,Madrid,Naples,Europe,julio de 2019,1,"El otro día durante una compra de unos vuelos Madrid-Nápoles-Madrid me aparece una tarifa la cual acepto y procedo al pago, verifico los datos en la pasarela de pago y todo correcto, pago mediante tarjeta y recibo un mail de confirmación en el que se indica la misma cantidad. Al revisar en mi cuenta bancaria veo que se me han cargado 17,70€ de más, pongo reclamación en su web (la única manera de poder hacerlo), al poco recibo un mail indicándome que aunque tengo razón, se debe a un fallo en la web y que toman medidas para que no ocurra de nuevo, que lo lamentan pero que dejan la cosa como está... Me llaman a los 4 días indicándome que efectivamente se han equivocado y me solicitan mi número de cuenta para ingresarme los 17,70€ cobrados indebidamente. A la semana recibo la transferencia bancaria y del total a devolver me ingresan 9,50€, contacto con ellos nuevamente y su respuesta es que yo acepté los términos y los precios de la tarifa y que no procesan mi solicitud... Me lo podría creer de otra aerolínea, pero jamas pensé que Iberia caería tan bajo..."
IBS_0667,Iberia Express,Desconocido,Madrid,Palma de Mallorca,Domestic,junio de 2019,5,"esta linea iberiaha sido muy puntal, todo su personal muy amable. me gusto mucho volvería a volar con esta linea"
IBS_0668,Iberia Express,Desconocido,Las Palmas de Gran Canaria,Madrid,Domestic,enero de 2019,4,"Antes de empezar, adelanto que me da pavor volar, y que, si puedo, obvio el medio de transporte aéreo. Voy en avión porque es la única manera de pasar las vacaciones de Navidad con la familia política. Con respecto a Iberia Express, no tengo queja. El personal es súper amable, sobre todo con gente como yo... El vuelo fue agradable, y muy puntual en la llegada. Solemos hacer el mismo trayecto en las mismas fechas todos los años, y la verdad es que muy bien. El precio no es exagerado, ya que hablar de barato en estos tiempos no es fácil... Repetiremos"
IBS_0669,Iberia Express,Desconocido,Seville,Madrid,Domestic,mayo de 2019,1,Oberbuking de 24h en Sevilla y ningún responsable para poder hablar con hablar con el; tras 2 meses transcurridos y 2 reclamaciones seguimos a la espera de una solución a nuestra reclamación.
IBS_0670,Iberia Express,Desconocido,Madrid,Malmö,Europe,mayo de 2019,3,"El servicio en tierra con respecto a la facturación y equipaje muy bueno y rápido, pero el servicio en tierra por teléfono resultó malo, llamé unos días antes para enterarme de cómo iba lo del equipaje y la operadora no dió con mi vuelo porque yo no tenía localizador, solo el número del vuelo pues viajábamos en paquete con una línea de cruceros; lo poco que pude organizar para entender el embrollo es que esto es Iberia Express, la información la da Smygroup a través de Pullmantur, que tampoco ninguno daba razones, al final contestó la de Smygroup con una pedantería que provocaba anular el viaje, el meollo de la cuestión es que en la hoja informativa donde estábamos anotados juntos 2 pasajeros solo dice ""equipo facturable: 20kg""... tal cual, más nada, pues nosotros que viajamos tanto y sabemos que cada línea tiene sus particularidades en cuanto a equipaje y cobro del mismo, y que eso varía mucho de continente a continente, en vuelos internacionales y/o domésticos, pues necesitábamos aclarar un poco el tema para no llevarnos sorpresas, que ya las hemos tenido y no son del agrado de nadie, que llegado el día tengas que pagar por equipaje porque no tuviste forma de aclararlo,eso no puede pasar, y la aclaratoria espero que les sirva para MEJORAR , la información debe decir "" Equipaje facturable: 20Kg x pax"" y si quieren añadir lo que ya sabemos pero sirve de recordatorio: ""equipaje de cabina 8kg 55x40x20"", ¿lo ven? smygroup? Pullmantur? O Iberia Express? Quien quiera que haga estas hojas de información, agarren datos, siempre se puede mejorar, lo hago para colaborar, estas informaciones no están para que quien las escribe lo haga según su manera de pensar tácitamente, están para ayudarnos a nosotros, LOS CLIENTES.Con respecto al vuelo, salió a tiempo, buen vuelo, excelente aterrizaje, el avión bien, espacio justo, la tripulación un encanto, el servicio bueno, el snack de buena calidad, el vuelo cómodo, mejor que otros aviones similares."
IBS_0671,Iberia Express,Desconocido,Madrid,Palma de Mallorca,Domestic,julio de 2019,5,Cómo siempre compañía fiable y con tiempo se puede conseguir precios muy competitivos. Nos dieron oportunidad de facturar las maletas de cabina sin cargo adicional y embarcar antes. Puntual como siempre. Un 10
IBS_0672,Iberia Express,Desconocido,Madrid,Hamburg,Europe,abril de 2019,5,"Horario perfecto, atención impecable. Viajamos de mañana a la ida, muy puntual, regresamos de tarde combinando con trenes en ambas ciudades."
IBS_0673,Iberia Express,Desconocido,Madrid,Tenerife,Domestic,julio de 2019,5,Excepcional todo. Desde la facturación hasta el embarque. Luego en cabina laa azafatas muy profeaionales. El avion correcto.
IBS_0674,Iberia Express,Desconocido,Las Palmas de Gran Canaria,Madrid,Domestic,julio de 2019,3,Poco espacio en tres las piernas.le pedí una almohada antes de despegar ya que tengo problema de cervicales y todavía estoy esperando gracias por nada... tanto ala ida como ala vuelta.. prefiero Vueling o norwegian.
IBS_0675,Iberia Express,Desconocido,Berlin,Madrid,Europe,julio de 2019,5,"Para ser una low cost tiene buen servicio y detalles que la destacan del resto, no son tan exigentes con el equipaje de mano como el resto, volvería a viajar con ellos dentro de Europa"
IBS_0676,Iberia Express,Desconocido,Madrid,Palma de Mallorca,Domestic,febrero de 2019,5,"Todo bien! Puntualidad, comodidad, atención... Puedes llevar equipaje de cabina y los espacios están amplios"
IBS_0677,Iberia Express,Desconocido,Madrid,Tenerife,Domestic,junio de 2019,4,"Sexto año consecutivo en el que usando mis alas, (las de Iberia Express) realizo éste trayecto, que tantas emociones y satisfacciones me está dando. Más que recomendar usar ésta aerolinea, creo que os debéis obligar a vosotros mismos a usarla. Ningún problema con el equipaje, ningún problema con la maleta de mano, mochila, bolso, nada, todo se resume en facilitar al pasajero su embarque y su viaje. Muchas gracias a todo el personal de Iberia express en concreto y al del resto de la compañía, que en la sombra, hace éstos vuelos posibles. Gracias."
IBS_0678,Iberia Express,Desconocido,Lanzarote,Madrid,Domestic,julio de 2019,3,"Aunque al igual que su hermana mayor se llame Iberia, no deja de ser la compañía low cost de la marca. Lo mejor sin duda, la puntualidad en la salida del vuelo y la llegada con antelación al horario previsto."
IBS_0679,Iberia Express,Desconocido,Madrid,Las Palmas de Gran Canaria,Domestic,Desconocida,4,"Vuelo muy cómodo con tripulación muy amable, muy puntual el vuelo de vuelta en un avión más grande y cómodo con película incluida, limpieza y profesionalidad. Poner un punto negativo al servicio de comida porque no les quedaba casi comida de ningún tipo puesto que no recargaron existencias en el aeropuerto de Gran Canaria."
IBS_0680,Iberia Express,Desconocido,Madrid,Badajoz,Domestic,junio de 2019,5,"Siempre digo lo mismo, pero Iberia es la mejor compañía del mundo. Su relación calidad-precio es inigualable. Las diferencias con otras compañías de bajo costo son mínimas si lo haces con tiempo, y el servicio no tiene comparación."
IBS_0681,Iberia Express,Desconocido,Madrid,Tenerife,Domestic,enero de 2019,4,"Vuelo correcto, sin incidencias. Salida casi a su hora, un vuelo muy comodo por no tener turbulencias, el trato de la tripulacion muy educado"
IBS_0682,Iberia Express,Desconocido,Prague,Paris,Europe,junio de 2019,4,"Puntual, ordenado e incluso comprando previamente boleto con despacho de valija en bodega me salió más económicos que otras opciones."
IBS_0683,Iberia Express,Desconocido,Madrid,Tenerife,Domestic,junio de 2019,5,Salida muy puntual. Avion lleno y sin incidencia alguna. Llegada a tiempo. el vuelo estaba reservado con mucha antelación. Ida y vuelta a tenerife por poco mas de 60 €. Asiento entre las piernas justito. El unico PERO...es por qué se deja subir a tanta gente con maletas pequeñas. Deberian ir todas a bodega. Gente reservando espacio. Retrasos en el acceso. Maleducad@s que quitan para poner...en fin. Siempre igual.
IBS_0684,Iberia Express,Desconocido,Madrid,Las Palmas de Gran Canaria,Domestic,Desconocida,4,"Buena aeronave, (A321), puntualidad, tripulación atenta, vuelo corto, buen precio y buena información durante todo el trayecto. Por poner alguna pega, la dificultad para acceder al wifi a bordo. Sin dudarlo, volvere a volar con ellos."
IBS_0685,Iberia Express,Desconocido,Bordeaux,Madrid,Europe,junio de 2019,4,"La aerolínea es muy de andar por casa, con vuelos variados. pero los aviones son muy pequeños y la verdad que no dan ningún detalle. Es un iberia low cost, como cualquier otra compañía."
IBS_0686,Iberia Express,Desconocido,Madrid,Nantes,Europe,junio de 2019,5,"El vuelo muy puntual, tanto a la ida como a la vuelta, y el vuelo como se podría esperar de una compañía como Iberia."
IBS_0687,Iberia Express,Desconocido,Oviedo,Madrid,Domestic,febrero de 2019,3,Vuelo con retraso por culpa de las obras en Barajas. Nos hizo perder enlace a Florencia en febrero de 2019
IBS_0688,Iberia Express,Desconocido,Madrid,Santa Cruz de la Palma,Domestic,Desconocida,5,"Todo perfecto, la facturación, el embarque, la puntualidad, el trato recibido de las mejores compañias, solo mejoraria la limpieza que es muy justa, ya que los asientos y las mesitas suelen estar sucios. Por favor q desinfecten las mesitas de cada asiento q estan muy sucias."
IBS_0689,Iberia Express,Desconocido,Madrid,Tenerife,Domestic,julio de 2019,3,"Mi hijo de 8 años viaja solo y el coste del servicio de acompañamiento es de 70€ por trayecto, ¡más caro que el billete!. En cambio si viajas dentro de la península es coste por trayecto es de 45€. No entiendo dicha discriminación, cuando el servicio ofrecido es exactamente el mismo. Hay que resalta el buen trato del personal que es muy importante y de agradecer."
IBS_0690,Iberia Express,Desconocido,Madrid,Fuerteventura,Domestic,junio de 2019,4,Iberia funciona bien. A la ida estupendamente. Todo en hora. Al regreso se retrasó un poco la salida pero luego recuperó y no llegamos tarde.
IBS_0691,Iberia Express,Desconocido,Palma de Mallorca,Madrid,Domestic,junio de 2019,4,La verdad es que ya viajé con esta compañía y todo son satisfacciones por el trato por su amabilidad y sobre todo por la puntualidad asi como la compañía grande IBERIA que es en la que suelo hacer vuelos mas largos siempre que puedo trato de coger un vuelo de ambas compañías para mi siempre han estado correctas.
IBS_0692,Iberia Express,Desconocido,Madrid,Rome,Europe,junio de 2019,3,"Llegar temprano es importante para embarcar con seguridad ,si el vuelo va lleno ,te facturan la maleta gratis Buen trato Normal y acequible Low cost"
IBS_0693,Iberia Express,Desconocido,Paris,Madrid,Europe,junio de 2019,3,Practico y con servicio estandar a buen precio. Servicio de bebida y snack aceptable. Una buena opcion.
IBS_0694,Iberia Express,Desconocido,Madrid,Valletta,Europe,mayo de 2019,3,"El vuelo desde Madrid fue perfecto, la organización desde el aeropuerto no se puede pedir más, otra cosa fue la vuelta desde Valletta los servicios de la compañía no son buenos los empleados no hablan ni un mínimo de español para poder solventar el más mínimo problema."
IBS_0695,Iberia Express,Desconocido,Madrid,Naples,Europe,mayo de 2019,5,"Puntual, ordenada, limpia, cercana. Me gusta Iberia, sobre todo por su formalidad y sus buenos pilotos. El personal de cabina es correcto, a pesar de lo estresantes que resultan los vuelos y el trato con los pasajeros."
IBS_0696,Iberia Express,Desconocido,Madrid,Hamburg,Europe,junio de 2019,4,"El vuelo desde Hamburgo a Madrid salio con retraso porque no le daban pista para el despegue, despues de eso llegamos antes de la hora que estaba concertada. El servicio de cabina, muy agradables."
IBS_0697,Iberia Express,Desconocido,Madrid,Palma de Mallorca,Domestic,julio de 2019,1,"Esto es un aviso para todas aquellas personas que utilizen esta compañia aerea. Aquellas personas que pretendan recoger su tarjeta de embarque en el momento de la facturacion de sus maletas, les aconsejo que la obtengan el dia anterior por internet para que no se encuentren con una sorpresa como la que me encontre yo en el dia de ayer 8 de Julio. La persona del mostrador de facturacion, una vez facturadas las maletas me comunico que me entregaba la tarjeta de embarque ""en espera"", ya que resultaba que la compañia habia vendido mas billetes que asientos tenia el avion. Tuve la suerte que al acudir al mostrador de embarque y al ser de los primeros en reclamar pude tener acceso a asiento, pero me consta que otras personas se vieron perjudicadas y tuvieron que viajar en otros vuelos posteriores. Como es posible que me hagan esto cuando yo habia comprado el billete hacia un mes?, esto es una estafa y por esto quiero hacer esta advertencia a todas aquellas personas que utilizen esta linea aereA. Luego mos quejamos de las compañias de bajo coste y tenemos a Iberia que realiza esta estafa. NO HAY DERECHO. Saludos para todos."
IBS_0698,Iberia Express,Desconocido,Madrid,Las Palmas de Gran Canaria,Domestic,marzo de 2019,5,"Totalmente recomendable, se diferencia de otras compañías en la opción de entretenimiento a bordo con películas, series, música, etc."
IBS_0699,Iberia Express,Desconocido,Madrid,Menorca,Domestic,julio de 2019,5,"Vuelo desde madrid T.4 con destino menorca (Mahon), facturamos una maleta con ellos comprado el billete desde su página y sin ningún problema. Llegamos 10’ antes de la hora macada. Por poner una pega, en madrid no dijeron la puerta de embarque y tuvimos que esperar a que dieran la información por pantalla."
IBS_0700,Iberia Express,Desconocido,Madrid,Berlin,Europe,junio de 2019,5,Me parece una compañia ha tener en cuenta. Llegamos antes del horario previsto a Berlin. Al regreso a Madrid igual. Personal atento en todo momento.
IBS_0701,Iberia Express,Desconocido,Menorca,Madrid,Domestic,junio de 2019,3,Cuándo compré el servicio pagué por un asiento en la fila de emergencia pero al hacer el check un eso no figuraba en la computadora. Tuve que mostrar la confirmación de la compra en mi correo para que me dieran el boarding correspondiente. Por lo demás TODO BIEN.
IBS_0702,Iberia Express,Desconocido,Madrid,Fuerteventura,Domestic,Desconocida,4,"Es una compañía que es de fiar. Muy buena gestión en check in web, en facturación equipaje y en puerta de embarque. La separación de los asientos parece que es más grande respecto a otros viajes. El avión muy limpio. Y aunque salimos con retraso, llegamos en hora."
IBS_0703,Iberia Express,Desconocido,Madrid,Cork,Europe,julio de 2019,5,"Cumpliendo expectativas, como siempre. Iberia no defrauda.Facilidad de checking online y facturación rápida, pudiendo facturar con bastante antelación, y gratis las maletas de cabina, si quieres."
IBS_0704,Iberia Express,Desconocido,Madrid,Lanzarote,Domestic,julio de 2019,2,"El vuelo era a las 8:55, llegamos al aeropuerto con dos horas de adelanto, las cuales invertimos en sacar personalmente nuestra tarjeta de embarque en los puestos automáticos, hacer cola para facturar las maletas. Pero a mitad de cola se nos indica que también tenemos que sacar en las máquinas las etiquetas de las maletas. ¿ Próximamente tendremos que llevar la maleta al avión?. Se nos asignan los dos asientos distantes, a nosotros y a todo el avión. Cobrar 28 euros por tal vez tener los asientos juntos ¿ hubo personas que lo pagaron y no lo tuvierion? Es vergonzoso."
IBS_0705,Iberia Express,Desconocido,Madrid,Malaga,Domestic,febrero de 2019,4,"Siempre utilizo esta compañía para viajar dentro de la Península, tienen buenos precios y sobre todo la puntualidad. Y sí te registras tienes siempre descuentos."
IBS_0706,Iberia Express,Desconocido,Madrid,Ibiza,Domestic,junio de 2019,1,"No volare mas con Iberia, desde que fue adquirida por British el servicio se ha deteriorado lamentablemente, siendo una compañía de costo alto no es de recibo que se produzcan retrasos de mas de una hora sin explicación, tanto al ir como al regreso de Ibiza ib 8910 dia 16 y 8911 dia 30 junio. Antes habíamos sufrido cambios de horarios y asientos dos veces desde que se compraron los billetes.Al final volamos cuando y donde ellos quisieron. El día 3 de Junio volamos a Atenas también con mas de hora y media de retraso tanto en la ida dia 3 como en la vuelta el día 14 de junio.Las disculpas del comandante no son suficientes.No volare mas con Iberia."
IBS_0707,Iberia Express,Desconocido,Madrid,Tenerife,Domestic,mayo de 2019,4,"muy buena relacion calidad precio, super amables toda la tripulación , limpio, cómodo y hemos repetido para viajar a copenhague"
IBS_0708,Iberia Express,Desconocido,Madrid,Las Palmas de Gran Canaria,Domestic,marzo de 2019,4,"El personal es muy amable y cuando compras el billete solo tienes que comprar el asiento si viajan varios y quieres ir juntos, sino donde te toque. Vuelos con mucha puntualidad."
IBS_0709,Iberia Express,Desconocido,Madrid,Copenhagen,Europe,junio de 2019,5,"Sacamos los billetes de Madrid a Copenhague con 10 meses de antelación a muy buen precio, no hubo cambios y el vuelo fue puntual"
IBS_0710,Iberia Express,Desconocido,Madrid,Naples,Europe,junio de 2019,4,"Estuve viendo vuelos en internet e Iberia Express nos salía más barato que Ryan Air, ya que estos últimos cobraban por llevar la maleta. Con Iberia Express al ser aviones más pequeños, tardas menos tiempo en bajar del avión. Comparando esta compañía con Ryan Air, puedo decir que mi vuelo salió más barato, ya que no pagué ningún extra"
IBS_0711,Iberia Express,Desconocido,Palma de Mallorca,Ibiza,Domestic,julio de 2019,3,Solo indicar que me reconocieron en la propia compañía que estuvimos a punto de no volar todo el grupo porque pueden vender un 10% más del Tito al de plazas
IBS_0712,Iberia Express,Desconocido,Madrid,Reykjavik,Europe,junio de 2019,5,"Puntualidad, amabilidad y sobre todo el servicio de intranet de la compañía para entretenimiento del pasajero, destacando la selección de películas de actualidad que aunque ya había visto en el cine no me importó repetir: Bohemian Rhapsody a la ida y La favorita a la vuelta. Así las 4 horas y 20 minutos de vuelo se hacen más llevaderas para los que no nos dormimos."
IBS_0713,Iberia Express,Desconocido,Madrid,Santiago de Compostela,Domestic,junio de 2019,4,"Se nota la anchura y calidad de los asientos respecto a otras low cost. Calidad a precio ajustado, sin renunciar al espacio para los pies."
IBS_0714,Iberia Express,Desconocido,Madrid,London,Europe,Desconocida,5,"Con toda la confianza que da Iberia, aunque el espacio entre filas de asientos siguen siendo minúsculas, pero bueno, no es tan caro mejorar el espacio por un pequeño suplemento. Te dejan más equipaje de mano que en otras compañías. El vuelo muy puntual. Tienes la plataforma de entretenimiento a bordo que puedes disfrutar desde tu Smartphone, tablet u ordenador. Te hacen descuentos y te dan puntos si te apuntas a su programa de fidelización. Además de la elección de asiento gratuita y algunas ventajas que vienen muy bien. El check-in on line disponible varios días antes. Buenos precios, personal muy amable, numerosos destinos, buenos horarios."
IBS_0715,Iberia Express,Desconocido,Tenerife,Madrid,Domestic,agosto de 2018,5,Viajamos en familia con una niña pequeña y tuvimos embarque preferente. La atención a bordo exquisita y los horarios se cumplieron.
IBS_0716,Iberia Express,Desconocido,Madrid,Palma de Mallorca,Domestic,Desconocida,4,Muy puntual tanto el vuelo de ida como el de vuelta. Excelente trato al pasajero. Personal muy amable. Uno de mis lugares de preferencia para viajar es Alcudia en donde me hospedo en un hotel con encanto wue es el Petit Hotel Can Simó. Los vuelos no perturbaron mi satisfacción
IBS_0717,Iberia Express,Desconocido,Madrid,Berlin,Europe,abril de 2019,5,"Muy puntual, incluso llegamos antes de tiempo, el avión limpio y la atención de los auxiliares muy correcta"
IBS_0718,Iberia Express,Desconocido,Madrid,Copenhagen,Europe,julio de 2019,5,"El vuelo ha transcurrido bien, se ha embarcado en tiempo y hora. Los asiestos son comodos y con espacio suficiente"
IBS_0719,Iberia Express,Desconocido,London,Madrid,Europe,julio de 2019,5,Muy agradable llego antes de su hora y partió a la que tenía asignada embarque rápido que más se puede pedir
IBS_0720,Iberia Express,Desconocido,Madrid,Nice,Europe,mayo de 2019,1,"Tenia una reunión en un pueblo de la región de Niza unos 10 dias antes del Festival de Cannes. No podía adelantar la fecha ni retrasarla para después del Festival por la agenda de mis compañeros. De todas formas quedaban 10 días hasta el comienzo del festival. Había asientos libres en el avión, pero el precio era exhorbitante - unos 660 euros, si no recuerdo mal. El avión era un Embraer o un Bombardier (estrecho y de un único pasillo). La distancia entre las filas de asientos era ridícula. Mido 1,74m pero no cabía de ninguna forma. Cómo pudiéron cobrar ese precio tan abusivo, cuando una semana antes viajé en el mismo trayecto por unos 170 euros?"
IBS_0721,Iberia Express,Desconocido,Las Palmas de Gran Canaria,Santiago de Compostela,Domestic,julio de 2019,1,"Fuimos de Las palmas-Madrid-Santiago de Compostela 03/07/2019 Salió el avión más tarde de la hora,las maletas facturadas directas.llegamos a Santiago y no llegan las maletas se quedó en Madrid😱 Nos la entregaron por la tarde ya que llegamos a las 10 de la mañanas a Santiago. Vuelta 08/07/2019 lo mismo Santiago de Compostela-Madrid-las Palmas,maletas directas,estábamos montados en el avión y nos dicen q por razones meteorológicas salimos 50 min.más tarde😡 Con una 👧😔llegamos a las palmas 03 de la mañana del día 9 y sorpresaaaaa las maletas de la dejaron en Madrid😡😡😡tengo q viajar a Fuerteventura a las 10 de la mañana del día siguiente,así q toca rezar para que me lleguen las maletas a tiempo.De verdad de Vergüenza, y a callarte porque no puedes hacer más que esperar."
IBS_0722,Iberia Express,Desconocido,Amsterdam,Madrid,Europe,junio de 2019,3,"Vino desde Madrid con Una hora de retraso por averia, no les dio tiempo para hacer limpieza y se notaba. Al final redujeron el vuelo unos 15 minutos."
IBS_0723,Iberia Express,Desconocido,Madrid,Santa Cruz de la Palma,Domestic,junio de 2019,4,"El vuelo salió de Barajas el viernes 28/06/19 con 40 minutos de demora! Fue un buen vuelo, personal amable y precios caros tanto de los pasajes como de la oferta de bebidas a bordo."
IBS_0724,Iberia Express,Desconocido,Madrid,Las Palmas de Gran Canaria,Domestic,julio de 2019,1,"Compré un billete de tarifa Classic que indica equipaje en bodega y selección de asiento en check in. Siempre pido seleccionar asiento porque viajo con un niño de 2 años. Pues cuando voy a hacer el check in, me asignan el asiento aleatoriamente y no me dejan seleccionarlo, llamé a un teléfono de atención al cliente y no me dieron solución sino que tenía que ir al aeropuerto, después de más de 10 minutos discutiendo, decidí que al día siguiente que era el vuelo, iría temprano y pediría que me lo arreglasen. Cuando voy, en Iberia lo intentaron pero no podía si no pagaba 20 o 26 euros, y cuando les enseñé la reserva que ponía “Selección de asiento en check in”, me dicen que eso quiere decir la asignación automática 😳😳😳😳 ¿De verdad eso es selección de asiento en check in? ¿Alguien de Iberia Express ha tenido un diccionario en sus manos alguna vez? Como creo que no, les pongo la definición de selección que figura en la RAE y la cual he tardado 5 segundos en buscar “Acción y efecto de elegir a una o varias personas o cosas entre otras, separándolas de ellas y prefiriéndolas.” En definitiva, que les pondré una reclamación en consumo por mentirosos y usureros."
IBS_0725,Iberia Express,Desconocido,Madrid,Nantes,Europe,junio de 2019,5,"Todo resultó muy bien. La facturación, el embarque, la atención en vuelo y la recogida de equipajes. Al ser un vuelo corto, la comodidad del vuelo fue buena."
IBS_0726,Iberia Express,Desconocido,Madrid,Nantes,Europe,junio de 2019,3,Francamente no es la primera vez que viajo con Iberia expres y ha sido como siempre.Esta vez ha salido con 10 minutos de adelanto y tanto el vuelo como los empleados todo ha estado bien.
IBS_0727,Iberia Express,Desconocido,Santorini,Madrid,Europe,junio de 2019,3,"El servicio en Madrid mucho mejor que a la vuelta. en Tira no había mostrador de Business y había una cola infernal, pero claro que el aeropuerto tampoco ayuda ya que facturas en un sitio y luego te tenías que llevar la maleta a otro. En cabina como simpre muy bien."
IBS_0728,Iberia Express,Desconocido,Paris,Madrid,Europe,junio de 2019,1,"Atrás queda la idea de que Iberia era la envidia de las aerolíneas...nada mas lejos de la realidad, este invento de low cost de mentirijilla que se han inventado no es mas ni menos que una mala copia de lo que fué Iberia. Tras tenernos retenidos 20 minutos en un bus sin aire acondicionado esperando para subir al avion.Luego con una hora de retraso sale el vuelo hacia Madrid...sin mas explicaciones que el Handling ha sido un desastre. A la llegada a destino...chachan la maleta de mi hijo rota,al obligarnos a facturar porque había exceso de equipaje de mano en el avión...pues si yo hubiera llevado mi maleta d mano encima no se hubiera roto...al poner la reclamación...por que un empleado inepto no quiere abrir un PIR..hablo con una supervisora y me cuenta la pelicula de que como no está perforada...que ponga una reclamación...que ya me contestaran. Bueno yo ni de broma recomiendo esta compañía."
IBS_0729,Iberia Express,Desconocido,Madrid,Santa Cruz de la Palma,Domestic,agosto de 2018,2,"He hecho este trayecto durante años y salvo excepciones el personal de cabina suele estar poco atento a las familias con niños. Hemos acumulado todo tipo de anécdotas: overbooking, separarnos tras tener asientos asignados, rotura del carro de bebé, mal cobro de maleta adicional... Todo por un precio de Iberia normal pero con una gestión de Ryanair."
IBS_0730,Iberia Express,Desconocido,Las Palmas de Gran Canaria,Madrid,Domestic,junio de 2019,2,asientos justos para poder poner media pierna la otra como es mi caso en el pasillo baños 1 para doce privilegiados y 2 para 170 desgraciados
IBS_0731,Iberia Express,Desconocido,Madrid,London,Europe,junio de 2019,5,"Ambos vuelos, tanto el de ida como el de vuelta fueron muy puntuales. L@s azafat@s muy atentos y simpaticos. El sistema de entretenimiento a bordo esta muy bien, y hay bastante variedad para no aburrirse."
IBS_0732,Iberia Express,Desconocido,Tenerife,Valencia,Domestic,junio de 2019,1,"Las azafatas se comportaron de modo negligente, con un grupo de personas que viajaban en la parte trasera del avión y que gracias a las azafatas ocuparon asientos delanteros sin haberles sido asignados, el mal comportamiento de las azafatas junto a las personas que fueron cambiadas de asientos, al incumplimiento de no llevar el cinturón puesto durante el viaje, sentándose en clase busines, ir por el avión como si fueran por su casa sin acatar las normas del avión, la pasividad de las azafatas por no llamarles la atención, el no poder trabajar de uno de los viajeros ya que era imposible y un cúmulo de acontecimientos y más cosas que me voy a reservar para otras ocasiones que vuele con iberia."
IBS_0733,Iberia Express,Desconocido,Madrid,Las Palmas de Gran Canaria,Domestic,junio de 2019,3,"El embarque caótico a pesar de tener los asientos reservados on line. No entiendo lo de grupos 1-2-3-4 .Nunca tiene uno sitio para el equipaje encima de su asiento.Tuve que colocarlo al final del avión a pesar de que mi asiento era el num 12 A. Entonces, problemón para desembarcar. A la ida una hora metidos en el avión esperando orden de despegue. A la vuelta mas de media hora dando vueltas sobre Toledo ect. hasta recibir orden de aterrizaje.Estas cosas no son previsibles?"
IBS_0734,Iberia Express,Desconocido,Madrid,Las Palmas de Gran Canaria,Domestic,junio de 2019,4,"Tanto la ida como la vuelta bien, sin retrasos, embarque a la hora prevista, el avión de vuelta era enorme y no nos enteramos ni del despegue ni del aterrizaje."
IBS_0735,Iberia Express,Desconocido,Palma de Mallorca,Madrid,Domestic,junio de 2019,3,"El embarque más lento que he visto en años!! Y viajo 2-3 veces al año. Entiendo que el embarque es prioritario para niños, gente con necesidades específicas, business, etc.., PERO luego se sigue con los asientos finales.....de lógica! Siempre lo he hecho así. Pero con Iberia no, primero embarcan grupos 2 y 3 y atascan toooodo el pasillo, de manera que los que van de la fila 20 para atrás (más de 35 filas) pues a esperar más de 10 minutos para que el resto de pasajeros se haya colocado junto a sus maletas."
IBS_0736,Iberia Express,Desconocido,Madrid,Valletta,Europe,junio de 2019,3,"El horario lo cumplieron tanto en la ida como en la vuelta, los asientos muy juntos lo que los hacia muy incomodos, el personal de vuelo bastante antipaticos"
IBS_0737,Iberia Express,Desconocido,Madrid,Tenerife,Domestic,junio de 2019,5,"Vuelo cómodo, llegamos con 20 minutos de adelanto, facilidad para el cheking. Incluso a la vuelta llegamos tarde al embarque y todo fueron facilidades."
IBS_0738,Iberia Express,Desconocido,Seville,Madrid,Domestic,julio de 2018,2,"Soy miembro de Iberia desde pequeña, me gusta la empresa, la compañía, el personal que trabaja suele ser amable y profesional, suele, aunqueno siempre es así... Pero, aquí está mi pero a la compañía de bajo coste de Iberia, esos aviones hay que cambiarlos, renovarlos y por favor, mido 175, no quepo en los asientos, mis piernas no caben, los asientos están mas juntos que en Ryanair. Entiendo la alta competencia entre otras lowcost y el tener que salir a delante es complicado, pero no a costa de la relativa comodidad de los pasajeros, el peor viaje que hice con Iberia Exprés, fue de Madrid a Sevilla, se retrasó el vuelo cuatro o cinco horas, en mayo de 2017, el 29, después de llegar de un vuelo de 13h, mal durmiendo y agotada por el cambio de horario. Tenía mi vuelo a las 16h, hasta casi las ocho no salió otro avión y para colmo el avión, no es por ofender ni mal criticar, pero parecía el avión de los picapiedra. Igual me pasó el año pasado, aunque parecía tener mejoras de mantenimiento, crujia el avión por dentro y el espacio era el mismo, ridículo, no quepo. Me imagino el coste tan enorme que tiene mantener una flota de aviones, mas los sueldos de los trabajadores, mas la competencia de otras lowcost y el ajuste de precios, pero se pueden ir solucionando cositas poco a poco, por favor, mas espacio entre asientos y que no se echen para atrás, a ser posible. Renfe tiene un sistema en el que los asientos se reclinan ligeramente sin que molesten al pasajero de atrás, el asiento no se mueve, pero la parte interna si. Coger ideas de otras compañías está bien, sería genial esas cositas e ir poniéndolas en práctica poco a poco, avión por avión, al ritmo que la compañía pueda. Ánimo Iberia exprés, a ver si mi próximo viaje digo otra cosa por aquí, seguiré apoyando a la compañía."
IBS_0739,Iberia Express,Desconocido,Madrid,Trieste,Europe,junio de 2019,4,"Es la primera vez que viajo con iberia express, y ha sido una buena experiencia. El avión super nuevo, la comida a bordo nada que ver con otras compañías y la tripulación genial.volveria a viajar con ellos"
IBS_0740,Iberia Express,Desconocido,Las Palmas de Gran Canaria,Palma de Mallorca,Domestic,junio de 2019,2,"De los peores viajes que he realizado, tengo 190cm de estatura y eso es un castigo si viajas con Iberia la distancia entre asientos es mínima, vas encajonado y apenas tienes espacio para sentarte y reza para que el pasajero delante tuya no intente darle para atrás a su respaldo. La atención por parte de la tripulación es escasa, si quieres un vaso de agua te compras un botellin al precio de una garrafa. Eso sí se preocupan mucho en que son muy puntuales. En fin una experiencia negativa que por desgracia ya la había sufrido el día anterior al venir de Madrid a Las Palmas de vacaciones"
IBS_0741,Iberia Express,Desconocido,Barcelona,Madrid,Domestic,junio de 2019,5,"Excelente atención y puntualidad. Lo único que el baño no estaba del todo limpio, cosa que no es cuestión de la aerolínea sino de la gente que hacemos uso de los mismos, pero deberían controlarlo."
IBS_0742,Iberia Express,Desconocido,Madrid,Lanzarote,Domestic,junio de 2019,4,"Nunca había volado con esta compañia, Iberia Express. Siempre me habían dicho que era una cía de bajo coste y por lo tanto, suponia con servicios y trato malo, al igual que otras compañías de bajo coste que todos conocemos. Pero la experiencia para ese vuelo, supero mis expectativas de forma muy positiva. El vuelo que nos llevaba hasta Madrid se retrasó y Iberia Express espero unos minutos para que pudiéramos embarcar."
IBS_0743,Iberia Express,Desconocido,Madrid,Valletta,Europe,junio de 2019,1,"El sistema te asigna asientos de forma separada aun habiendo sitio en el avión para forzar a q pagues el extra de asiento. Lamentable no, lo siguiente. Si puedo evitar esta compañia lo haré"
IBS_0744,Iberia Express,Desconocido,Tenerife,Madrid,Domestic,mayo de 2019,3,"En la facturación me asignaron la última fila, mido 1,90 y casi no me podía ni mover, así que a seguir metiendo viajeros en lata"
IBS_0745,Iberia Express,Desconocido,Madrid,Tenerife,Domestic,junio de 2019,4,"No parece una lowcost, tiene los mismos servicios de Iberia. Son puntuales, retrasarse es la excepción. La tripulación es amable, el menú de a bordo está muy bien xa ser comida de avión. Si hay algo que decir es: 1) no son estrictos en el equipaje de mano, con lo cual muchas veces, aun no habiendo facturado, la maleta de cabina va en bodega y hay que recogerla en destino, lo cual es una puñeta, 2) deberían, por la paz del resto de pasajeros, concentrar a las familias con críos en la parte trasera del avión."
IBS_0746,Iberia Express,Desconocido,Madrid,Donostia - San Sebastian,Domestic,mayo de 2019,5,"Un vuelo muy cómodo, el avión es muy practico y puedes documentar en la puerta de abordaje, el servicio es muy amable y tiene entretenimiento abordo"
IBS_0747,Iberia Express,Desconocido,Tenerife,Madrid,Domestic,mayo de 2019,3,Solo he volado una vez con esta compañía y ha transcurrido todo de forma normal. Buen trato tanto en facturación como durante el vuelo.
IBS_0748,Iberia Express,Desconocido,Paris,Madrid,Europe,junio de 2019,3,"El 12/06/2019 tomamos este vuelo para conectar en Madrid con el vuelo IB 6841 a Buenos Aires, anunciado on time, subimos al avión en tiempo y forma, allí comenzaron a demorarse para despegar, al llegar sin ninguna pre caución por parte de Iberia para ayudarnos en Barajas a alcanzar el vuelo, corrimos 2*7 minutos, tomamos un tren de conexión a las puerta S y al llegar con el avión aún con la rampa de accesoermaneció con las puertas cerradas y sin personal que nos facilitara el ingreso, para reprogramar el vuelo al día siguiente, en medio de un total desorden, con sólo 2 ventanillas habilitadas (de 7) con personal lerdo para atender a decena de pasajeros, tardamos más de 2 horas en lograr el vouchers de Hotel, luego casi una hora en que el bus nos lleve, conclusión nos bañamos a las 3,30 horas, dormir y levantarnos a las 7;30 hs para hacer tiempo en volver a Barajas. La atención del personal de cabina del vuelo Paris=Madrid y del de tierra en Barajas lo describo con una sóla palabra: Asco. El"
IBS_0749,Iberia Express,Desconocido,Las Palmas de Gran Canaria,Madrid,Domestic,mayo de 2019,5,"viaje comodo, pese a que el avion estaba lleno, la tripulacion amable el comandante nos indicaba por donde era la ruta y el tiempo que tardariamos en llegar, y sobre todo y lo mejor la puntulaidad."
IBS_0750,Iberia Express,Desconocido,Berlin,Tenerife,Europe,Desconocida,5,"Vivo en Berlin y en Tenerife y vuelo constantenente entre ambos lugares. Tambien con Lufthansa Business Class. En comparacion con Iberia son pésimos. Las valoraciones negativas de los usuarios alemanes no son comprensibles y estan inventadas. Debe de ser pq son alemanes... Siempre encantado de volar con Iberia, con ellos me siento como en casa."
IBS_0751,Iberia Express,Desconocido,Seville,Madrid,Domestic,junio de 2019,1,"Reservamos la tarifa clásica online, la cual decía que incluía maleta facturada, al llegar al mostrador para hacer el check in, nos dijeron que la maleta no estaba incluida y que ellos (Iberia) no respondían ante dicho suceso, sin más opción tuvimos que pagar €40 por maleta."
IBS_0752,Iberia Express,Desconocido,Madrid,Las Palmas de Gran Canaria,Domestic,mayo de 2019,3,"Vuelo doméstico muy folclorico, los viajeros suben con comida y bebida y el vije, especialmente hacia la isla se transforma en un verdadero picnic"
IBS_0753,Iberia Express,Desconocido,Las Palmas de Gran Canaria,Madrid,Domestic,junio de 2019,3,"Es una pena que una compañía que vuela regularmente sin retrasos tenga una pagina web tan sumamente espantosa. He tenido que ir al aeropuerto personalmente antes de viajar en ocasiones porque no podía hacer el check-in. Si haces el check-in, nunca te llegan las tarjetas de embarque por mail aunque lo solicites. Si compras asientos, y facturas despues, cuando te sacan las tarjetas de embarque te dan los asientos que les sale de los coxones. Es, con muchiiiiiiiiisima diferencia, la peor web que existe y los pobres empleados de tierra de Iberia, que no de Iberia Express, andan todo el día arreglando los desaguisados de esta soberana basura de paqína. Ahora llevo intentando sacar unos billetes de avion y la página debe estar caída, pero ni siquiera te avisan. Un pu**desastre."
IBS_0754,Iberia Express,Desconocido,Madrid,Helsinki,Europe,Desconocida,5,"El mayo volamos con Iberia express a Helsinki y la vuelta desde Malmoe a Madrid y los dos vuelos fueron excelentes, tanto en el despegue como en el aterrizaje. El personal de cabina bastante amable. Por mi experiencia volar con Iberia es una garantía."
IBS_0755,Iberia Express,Desconocido,Tenerife,Madrid,Domestic,mayo de 2019,3,"Excelente en puntualidad, peroooooo... .-Del catering que ofrecen previo pago como es lógico, faltaban muchos artículos porque el avión es el que previamente vuela de Madrid a TN y en ese vuelo lo han consumido casi todo. Por supuesto no lo repusieron ¡Vergonzoso!. Eso sí fueron muy amables dando explicaciones. .- Digo que me gustaría medir 120 cm. porque aunque no soy muy alto, las rodillas van dando en el asiento delantero. Creo que los pasajeros no se merecen eso. En cualquier caso es de las compañías que me resultan más agradables porque los defectos que he puesto son comunes a casi todas y al menos en esta el personal de vuelo es más educado."
IBS_0756,Iberia Express,Desconocido,Madrid,Fuerteventura,Domestic,mayo de 2019,1,"Compre la selección de asiento, la facturación de dos maletas y el embarque prioritario. Al sacar la tarjeta de embarque por error pone grupo 4 (últimos que embarcan). Intento explicarlo a la chica de la puerta de embarque y no me atiende, enviándome al final de la fila. Pongo una reclamación y me dicen que les consta que tuve el asiento seleccionado y no procede la devolución, cuando yo reclamo el importe del embarque prioritario y no del asiento. Tengo el cargo de lo pagado con la tarjeta de crédito y las tarjetas de embarque erróneas.. Que más quieren? Muy mala experiencia con la atención al cliente. No así con las azafatas del avión que fueron amables y correctas en todo momento."
IBS_0757,Iberia Express,Desconocido,Las Palmas de Gran Canaria,Madrid,Domestic,mayo de 2019,3,"Espeialistas en arruinar las vacaciones, mis dos últims regesos, gracias a su organización, y no voy a entrar en detalles, horribles."
IBS_0758,Iberia Express,Desconocido,Zurich,Tenerife,Europe,mayo de 2019,5,"No tengo dificultad en volar con Iberia, es mas, suelo hacer durante el ano una media de cuatro viajes, sirviendome siempre de la misma compania. Acumulo avios con mis compras y viajes, sirviendome de la tarjeta oro, facil de obtener y asi cangearlos por vuelos o descuentos en el precio. Hasta ahora no he tenido ningun contratiempo, los errores en el embarco de equipaje u otra complicacionno se me han dado, ademas eso es una cuestion que siempre se puede dar en cualquier linea. El personal, amable y respetuoso, como todos los que se dedican a tratar con el publico."
IBS_0759,Iberia Express,Desconocido,Las Palmas de Gran Canaria,Madrid,Domestic,mayo de 2019,2,"Un viaje del IMSERSO que se supone que tiene reservadas las plazas del grupo (según nos dijeron en el vuelo de ida) , nos dejaron para el siguiente vuelo por haber vendido billetes de más. No está mal la experiencia con esta línea, en el anterior se dejaron las maletas en Madrid, las mandaron dos días después."
IBS_0760,Iberia Express,Desconocido,Madrid,London,Europe,mayo de 2019,5,"era la 13 vez que viajaba a Londres, y en esta ocasión me acerqué a Oxford y Liverpool, que no conocía. Cada vez que voy a Gran Bretaña, además de Londres, procuro visitar alguna ciudad."
IBS_0761,Iberia Express,Desconocido,Madrid,London,Europe,mayo de 2019,4,El vuelo muy cómodo y el personal muy amable.la mejor relación calidad precio.preocupacion Cero respecto a la maleta de cabina
IBS_0762,Iberia Express,Desconocido,Madrid,Las Palmas de Gran Canaria,Domestic,mayo de 2019,4,"llegar entrar y partir , el viaje se me hizo corto el comandante del avión explico todo a la perfección la tripulación de cabina muy atenta y correcta"
IBS_0763,Iberia Express,Desconocido,Seville,Madrid,Domestic,mayo de 2019,4,"Buena línea salió a tiempo, no ofrecen nada de beber o comer en el vuelo. Personal amable, pero nada fuera de lo normal. Atentos en el check in."
IBS_0764,Iberia Express,Desconocido,Las Palmas de Gran Canaria,Madrid,Domestic,mayo de 2019,2,"Habíamos comprado selección de asientos, y cuando llegamos a la puerta de embarque un Azafato Muy Amable jjjj , nos dice que Iberia express nos han cambiado los asientos y que si queremos pongamos una reclamación, que el no puede hacer nada más , lo considero un abuso de poder y daños morales , Abusadores"
IBS_0765,Iberia Express,Desconocido,Palma de Mallorca,Madrid,Domestic,mayo de 2019,4,El proceso de facturación muy rápido ya que habíamos hecho el checking-on line (que te ofrece unos asientos determinados y sólo puedes cambiarlos previo pago). El vuelo fue muy puntual. Asientos muy incómodos. La oferta de comida y bebida (previo pago también) bastante cara.
IBS_0766,Iberia Express,Desconocido,Dublin,Madrid,Europe,mayo de 2019,2,"Dos comentarios: uno sobre el vuelo de ida el sabado 4 de Mayo y otro sobre el de vuelta el dia 11 de Mayo de 2019. En la ida, al ir a colocar mi bolsa de la máquina de fotos en el maletero ( medidas 30x15x10 centimetros) me dijeron que tenia que llevarla debajo del asiento aunque estaba vacio el maletero porque ""pueden venir viajeros con trolleys mas grandes y hay que ponerlos ahí"". Protesté, puesto que venian viajeros con bolsas y trolleys, claramente excedian las medidas permitidas en cabina y dije al azafato que si premiaban a quienes no cumplian las normas de la compañia y penalizaban a los que si la cumpliamos. Tuve que hacerlo y llevar todo el vuelo mi maquina en los pies. A la vuelta había una averia en el tren de aterrizaje y despeus de mas de media hora de retraso nos informaron que vendria el ingeniero en una hora y luego veriamos si lo reparaban en un rato o en otra hora. A las dos horas vino el ingeniero y accedimos al avion mientras un mecanico reparaba el tresn. Luego nos enteramos que el ingeniero ""tenia mucho lio y no vino hasta mas de una hora despues"". La reparacion eran 10 minutos. Esto no es una queja por la solucion dada, sino porque es poco serio que una compañia como Iberia, tenga mas de dos horas retenido un avion por una reparacion de 10 minutos porque el ingeniero ""estaba liado"". ¿No hay mas ingenieros en un aeropuerto internacional?. Soy socio de Iberia Plus y he realizado varios cientos de vuelos con Iberia durante los ultimos 30 años."
IBS_0767,Iberia Express,Desconocido,Manchester,Madrid,Europe,mayo de 2019,1,Volaba entre manchester y madrid. Estábamos atrapados 3 horas en el avión sin poder despegar. Salimos del avión y no había representantes de iberia para explicar la situación. Nadie hablaba castellano. Hubo un problema en el aeropuerto pero todas las otra lineas (incluso ryanair) han cancelado sus vuelos y han llevado sus clientes a un hotel. Iberia fue ultima en cancelar - al final no llegábamos al hotel hasta las 2 de la madrugada. Tuvimos que volver al aeropuerto primera hora el día siguiente y esperar cola durante muchas horas. Ahora Iberia no quiere compensar los clientes. Nefasta. Jamas vuelo con esta compañía.
IBS_0768,Iberia Express,Desconocido,Madrid,Fuerteventura,Domestic,abril de 2019,5,"Fue un vuelo tranquilo. Muy buena puntualidad. El personal, amable. Me ha producido una excelente impresión."
IBS_0769,Iberia Express,Desconocido,Madrid,Fuerteventura,Domestic,febrero de 2019,1,"Ojo con las maletas. A mi me la rompieron por tres sitios y después de hacerme comprar una maleta y presentar la factura con su correspondiente parte de la incidencia, me dicen que no es responsable por la apertura de la misma por motivos de seguridad, cosa que no es cierta, y además no presentan prueba alguna. Un abuso mas del grande con el consumidor pequeño. Vergonzoso que Iberia trate así a sus clientes pero me aseguran que es habitual."
IBS_0770,Iberia Express,Desconocido,Madrid,Copenhagen,Europe,mayo de 2019,5,"Muy buena atención tanto en el aeropuerto, al facturar el equipaje, como a bordo de la nave. Cumplió los horarios previstos estrictamente."
IBS_0771,Iberia Express,Desconocido,Tenerife,Madrid,Domestic,abril de 2019,2,"Esta compañía juega a los datos con los pasajeros. A las pruebas me remito: en el viaje de ida: MAD_TFN, a mi pareja y a mi nos tocaron asientos separados, pero es que a una parte de pasaje le ocurría los mismo, hubo que hacer trueques de asientos para que algunas parejas pudieran ir juntos. A la vuelta había overbooking, y nos dejaron en tierra a nosotros dos y a cinco pasajeros más. Nos cambiaron a un vuelo posterior, nos asignan los asientos, a tres del grupo (una madre y sus dos hijas) les dan asientos juntos, pero a los otros cuatro nos emparejaron cruzados, y eso que pedimos ir juntos, hicimos el cambio entre nosotros para ir con nuestras parejas. No me cabe duda de que es política de empresa asignar asientos aleatoriamente con el fin de que paguemos la tarifa por elegir asiento."
IBS_0772,Iberia Express,Desconocido,Rome,Madrid,Europe,Desconocida,3,"Con la experiencia previa 1 semana antes esta mejoro. Habia mas espacio para las piernas, no entretenimiento y no reclinaban los asientos. Salio un poco retrasado pero al final llego antes de la hora."
IBS_0773,Iberia Express,Desconocido,Madrid,Rome,Europe,Desconocida,2,"Habia volado previamente con Iberia con buena experiencia y en esta oportunidad me decepciono. Empezaron a embarcar un poco tarde, mandaban al azar maletas a bodega y no por falta de espacio (de hecho al final sobro espacio). Espacio muy estrecho entre los asientos, de hecho casi no entraban mis piernas y cuando le pedi un vaso de agua a la sobrecargo, me dijo q fuera con ella a buscarlo, teniendo q explicarle que estaba en el medio de otros dos pasajeros, trayendomelo finalmente."
IBS_0774,Iberia Express,Desconocido,Naples,La Coruna,Europe,abril de 2019,5,"Salvo que me modificaron la hora de salida desde Nápoles (adelantaron el vuelo mas de cuatro horas) lo que significo una muy larga espera para la combinación en Barajas, todo perfecto al momento del viaje. El personal, sobre todo el del tramo Napoles/Madrid un lujo"
IBS_0775,Iberia Express,Desconocido,Oviedo,Tenerife,Domestic,abril de 2019,3,"Atención escasa en la terminal de Asturias, y no muy buenos modos de alguno de ellos. Eramos 4, y nos pusieron en distintas filas 2 a 2, siendo dos adultos y dos niños. En el viaje, amabilisimos y puntualidad, tanto en la ida como en la vuelta. El personal de tierra en Tenerife muy bien, con una atención muy esmerada. Comenté la situación de la ida, y aquí nos pusieron en la misma fila, 3 y 1 con el pasillo separándonos."
IBS_0776,Iberia Express,Desconocido,Tenerife,Barcelona,Domestic,octubre de 2018,3,"Bastante buen vuelo. La tripulación amigable y el avión limpio a pesar de ser un vuelo extremadamente barato. Mucho mejor que muchas compañías ""económicas"" que eventualmente le roban dinero a todas partes."
IBS_0777,Iberia Express,Desconocido,Las Palmas de Gran Canaria,Madrid,Domestic,mayo de 2019,2,"Son punteros en desorganizacion de embarque, asientos viejos, avión que limpian por encima entre vuelos, personal con aires de superioridad y edición y atención rozando límites de carencia, si no tienes importe exacto, y no quieres pagar con tarjeta, pués no comes, porque así lo deciden ellos, en un viaje con la hora de comida por medio. En fin, que me quedo desde hoy con Norwegian y con Aireuropa totalmente"
IBS_0778,Iberia Express,Desconocido,Seville,Madrid,Domestic,mayo de 2019,1,"Dejaron fuera a dos compañeros, al final uno de ellos viajó pero al otro lo dejaron en tierra, le querían hacer viajar de noche y conectar con otro vuelo por la mañana del día siguiente pudiendo haberlo acomodado en el directo Sevilla Las Palmas porque decían que no había hueco. El compañero fue al mostrador compró un vuelo a un precio excesivamente alto para turista y pudo viajar en el directo que decían que no había plazas para que viajara. Se ve que esta compañía no mira por los usuarios a los que trata como ganado y mira solo por su beneficio monetario."
IBS_0779,Iberia Express,Desconocido,Turin,Las Palmas de Gran Canaria,Europe,abril de 2019,3,"dentro de lo mas normal del mundo.... un poco de retraso, aerolinea con todos los defectos de todas...poca comididad de los aviones y con muy poca tecnologia"
IBS_0780,Iberia Express,Desconocido,Florence,Madrid,Europe,abril de 2019,4,"Salida y llegada puntual, el vuelo muy tranquilo y ameno, el Comandante iba informando de por donde íbamos, buen asiento y buena limpieza, a mí entender la relación calidad precio inmejorable. Por buscarle algún inconveniente, para los que lo utilizamos con frecuencia Iberia Express, decir que si reservas el vuelo con bastante antelación suelen modificar los horarios."
IBS_0781,Iberia Express,Desconocido,Madrid,Fuerteventura,Domestic,mayo de 2019,1,"@IberiaExpress nos cobra por cada asiento, luego los revende, no nos deja usarlos y además nos obliga a reclamar todo a la vuelta. Estoy de viaje (06-05-2019) con Iberia Express (vuelo I2 3901) y no puedo estar más descontenta. Elegimos viajar con IberiaExpress en lugar de otra compañía que también hacia el viaje (Ryanair) y era más barato por la calidad del servicio. ¡¡¡Qué decepción!! De los peores servicios aéreos que he tenido. Tanto a la ida (vuelo I2 3906) como a la vuelta nos han cambiado los asientos sin consultarlo y a mucho peores, aún habiendo hecho el checkin días antes y haber pagado 6€ por cada asiento. De los asientos 7 a y b nos han modificado a los asientos 27 e y f. Hemos pedido que nos den los asientos que contratamos y nos dicen que no pueden porque el avión va lleno. Si yo he comprado/alquilado estos asientos, ¿por qué no puedo usarlos? ¿Por qué hay otras personas sentadas en ellos? ¿Han pagado ellas también por los mismos asientos? Nos confirman que @Iberia ha vuelto a vender los mismos asientos que ya nos había vendido. ¿Cuántas veces los vende @IberiaExpress? ¿Es legal? Como usuarios, ¿qué defensa tenemos? En el aeropuerto nos han comentado que es habitual, pasa con asiduidad. Para colmo cuando nos hemos sentado mi asiento estaba sucio, tanto el asiento como el suelo y al reclamarlo me han dado una toallita húmeda para que yo lo limpiara (hay unas 5 azafatas para 30 filas de asientos). Ni nos han dado nuestros asientos ni nos han dado otra opción que la de reclamar a nuestra llegada. En el aeropuerto de salida (Fuerteventura) no tenían mostrador, tan sólo de la compañía que factura y embarca a los pasajeros, con trabajadores eficientes y muy amables. Así que @IberiaExpress nos cobra por cada asiento, luego los revende, no nos deja usarlos y además nos obliga a reclamar todo a la vuelta. Tanto en el viaje de ida como en el viaje de vuelta. Si vas a viajar con Iberia piénsalo, yo he decidido no viajar más con ellos."
IBS_0782,Iberia Express,Desconocido,Madrid,Nice,Europe,abril de 2019,4,"Tomando en cuenta que viajamos en plena semana santa con paros en el aeropuerto, el abordaje del avión fue rápido y a tiempo. Para salir si tardamos un poco más por problemas en el aeropuerto, mal clima y el paro. Hicimos check-in en la página 1 día antes y pudimos seleccionar los asientos que queríamos, logramos estar juntos y en un vuelo de 3 puestos íbamos solos mi pareja y yo porque habían puestos libres y las personas pudieron moverse libremente. El avión era bastante pequeño y no había mucho espacio para las piernas o equipaje debajo del asiento. Lo bueno es que tenían wifi y opciones para ver durante el vuelo de la galería que ofrecían en su web, lo malo los costos de los snacks y bebidas (no había ningún tipo de bebida incluida en el precio del boleto). A pesar del retraso en la salida, el vuelo solo llegó a su destino 20 min más tarde de la hora pautada."
IBS_0783,Iberia Express,Desconocido,Valletta,Madrid,Europe,julio de 2018,1,"Un absoluto timo, decepcionante para ser una compañía tan reconocida. Compre unos billetes y me cobraron el triple de lo que valían. Después de casi un año que ha pasado ya y de miles de reclamaciones me siguen sin devolver el dinero...."
IBS_0784,Iberia Express,Desconocido,London,Madrid,Europe,mayo de 2019,1,"He comprado tres billetes, dos con una tarifa que te permite reservar asiento y otro con una tarifa básica, pagando 12 euros por reservar el asiento que nos permitiera viajar juntos y 5 horas antes de la salida del vuelo te comunican que por cambio de avión te modifican los asientos asignando otros al azar separados. He solicitado el reembolso de los 12 euros y me han dicho que no procede. Elegí Iberia pensando que es una compañía sería, pero me he dado cuenta que es más cara y el servicio es igual que las demás."
IBS_0785,Iberia Express,Desconocido,Amsterdam,Madrid,Europe,agosto de 2018,4,"Cancelaron nuestro vuelo porque había mucho viento y los vuelos de KLM no iban a salir y nos ofrecieron adelantarnos el vuelo sin tener que pagar más. Si comparamos las dos aerolíneas, nos hubiese gustado más viajar en KLM ya que ofrecen muchas más cosas por el mismo precio. Trato de las azafatas muy bueno. No salió con retraso y llegamos antes de la hora prevista."
IBS_0786,Iberia Express,Desconocido,Madrid,Lanzarote,Domestic,mayo de 2019,1,"Nos sentamos en la segunda fila de emergencia y, detrás, dos niños de entre 6 y 8 años. Sus padres iban en la fila posterior a la de los niños, la madre con auriculares todo el viaje, sin prestar atención ninguno de los dos sobre el comportamiento más que inapropiado de sus pequeños. Los niños daban patadas constantemente tanto a los asientos como a los respaldos de nuestra fila, en un vuelo de más de dos horas termina siendo insufrible. Le comentamos la situación a la tripulación y, a pesar de dirigirse a los padres, éstos dieron una breve indicación a los niños (en portugués, así que no sé qué fue) y volvieron a lo suyo, pasando completente de sus hijos... No sirvió de nada, pues a los 3 minutos ya estaban igual. Junto a los críos iba un adulto de su mismo grupo (no era su padre) que igualmente se desentendió de todo, con sus auriculares y su tableta. un viaje pésimo por culpa de la falta de educación de otros pasajeros."
IBS_0787,Iberia Express,Desconocido,Madrid,Tenerife,Domestic,abril de 2019,3,Cada vez van a peor. Quieren hacer una empresa de viaje económico y resulta que es la única compañía que vuela en ese rango horario y te los tienes que tragar. Mal organizado tema equipaje y siempre con retraso
IBS_0788,Iberia Express,Desconocido,Lanzarote,Madrid,Domestic,abril de 2019,1,"No puede se peor el servicio y no que decir tiene el espacio entre las filas de los asientos, cada vez lo reducen más, con lo que las prestaciones que ofrecen son malísimas"
IBS_0789,Iberia Express,Desconocido,Oviedo,Malaga,Domestic,junio de 2018,5,Nosotros viajamos con iberia express hace un año. El viaje fue muy bueno y la atención de los auxiliares de vuelo excelente.
IBS_0790,Iberia Express,Desconocido,Valencia,Seville,Domestic,marzo de 2019,4,"Vuelo muy rápido de aproximadamente una hora. Tuve la suerte de que me asignaran un asiento preferente, por motivos de espacio. Y el viaje fue estupendo. Un trato exquisito. Por parte del personal de abordo. Acompañado que el trayecto es rápido, en total , un vuelo magnífico ."
IBS_0791,Iberia Express,Desconocido,Tenerife,Santiago de Compostela,Domestic,abril de 2019,4,"bien los vuelos pero se retraso en la slida y en el transbordo en madrid , no llegaron las maletas, como era a la vuelta era ropa sucia. pero es un engorro. La carrera por la terminal con un niño es una pasada."
IBS_0792,Iberia Express,Desconocido,Fuerteventura,Madrid,Domestic,abril de 2019,4,"Como es habitual, Iberia llega antes de tiempo y eso se agradece mucho. Los aviones son bastante incómodos y la salida de emergencia ya no la puedes coger sin pagar, ni siquiera 24 horas antes. Una de las azafatas en este vuelo era bastante borde, creo que pocos se salvaron de su mala leche."
IBS_0793,Iberia Express,Desconocido,Tenerife,Madrid,Domestic,abril de 2019,4,"Vuelo sin problemas, puntual en salida y llegada. Las maletas salieron rapidamente, no como en nuestro viaje de ida que tardaron bastante."
IBS_0794,Iberia Express,Desconocido,Jerez De La Frontera,Menorca,Domestic,abril de 2019,3,"La puntualidad mas o menos respetable; la comodidad ya deja algo que desear por la estrechez de los asientos, así como la limpieza. El personal si estuvo muy bien, así como el despegue y el aterrizaje"
IBS_0795,Iberia Express,Desconocido,Madrid,Berlin,Europe,abril de 2019,3,"El vuelo fue muy cómodo. La atención por parte de la tripulación muy correcta, pero debido a unn cambio del avión a última hora, nos recolocaron a todo el pasaje. A pesar de haber hecho el check in online, a la hora de embarcar nos cambiaron de asiento. Para mi pareja y para mí, no hubo mayor problema, pero hubo familias a los que separaron. Comentar también, que no habían limpiado el avión y habia botellas y basura (no mucha, pero ahí estaba) del anterior vuelo."
IBS_0796,Iberia Express,Desconocido,Madrid,Palma de Mallorca,Domestic,marzo de 2019,4,"Solo con 15 minutos de retraso. Tan solo un problema importante para mí, mido 1,80 m. y el espacio entre asientos sobre todo en las filas traseras es insufrible."
IBS_0797,Iberia Express,Desconocido,Malaga,Palma de Mallorca,Domestic,abril de 2019,4,"Vuelo de ida vuelta a palma de mallorca, muy bien en todos los aspectos. Puntualidad, limpieza, amabilidad, y lo mas destacable la suabidad en el despegue y aterrizaje en el vuelo de vuelta."
IBS_0798,Iberia Express,Desconocido,Madrid,London,Europe,diciembre de 2018,2,"Los asientos son cada vez más pequeños. Viajo a menudo con Iberia Express y suelen adjudicarnos el grupo 3 de embarque .Aunque se puede llevar una maleta pequeña a bordo,en cuanto han subido los primeros pasajeros, te hacen entregar la maleta para que vaya en bodega."
IBS_0799,Iberia Express,Desconocido,Madrid,Fuerteventura,Domestic,abril de 2019,5,"Era la primera vez que viajaba con esta linea. Hace años cuando viajábamos con IBERIA nos encontrábamos con unas azafatas muy encopetadas, con unas sonrisas muy falsas. La diferencia es que los nuevos auxiliares de vuelo (o al menos a mi me lo parecen) son muy cercanos y amables, y solucionan todos los problemas. Por ejemplo, yo padezco una minusvalía, y pasé de los primeros, algo que agradecí en el alma, pues esperar cola, sujetándome con mi bastón es un sufrimiento. También pasan los primeros quienes solo tienen una mochila normalita, y no una maleta de cabina. Nos tomamos un café (pagando claro) pero eso es lo que hay ahora con todas las compañías. Me pareció que no chocaba tanto las rodillas con el asiento delantero, lo que es muy de agradecer. Y hubo turbulencias, pero el equipo tranquilizó a los pasajeros, y el viaje fue muy agradable. Lo prefiero mil veces a Rayanair. Y para el futuro, y como no voy a dejar de viajar en Low Cost, tendré muy en cuenta a Iberia Express"
IBS_0800,Iberia Express,Desconocido,Madrid,Tenerife,Domestic,abril de 2019,4,Vuelo con salida y llegada puntual. Avión más cómodo que los de air Europa y Vueling. Todos ellos no ofrecen prácticamente nada más que el saludo a la llegada y a la salida. Mientras que binter canarias da agua y chocolatina por vuelos de 25 minutos. Deberían mejorar el servicio en general todas y ofrecer aviones más amplios y limitar las maletas abordo a una solamente.
IBS_0801,Iberia Express,Desconocido,Madrid,Bologna,Europe,abril de 2019,4,Todo perfecto! Salimos y llegamos a la hora y el resto como cualquier compañía de bajo coste aunque siempre prefiero Iberia.
IBS_0802,Iberia Express,Desconocido,Madrid,Tenerife,Domestic,abril de 2019,5,Facturación rápida y muy eficaz consiguiendo un lugar de pasillo que pedimos y en la parte delantera del avión. Atención excelente en en interior del vuelo. Puntualidad y espacio suficiente para las piernas. Amabilidad para dejar que colocara mi bolsa en el compartimiento superior. Despedida a la salida agradable y tripulación excelente. Siempre quiero viajar con Iberia y con Iberia Express.
IBS_0803,Iberia Express,Desconocido,Madrid,Tenerife,Domestic,abril de 2019,2,"El asiento entre los asientos es ridículamente insultante por su estrechez. Mido 170 cm y peso 75 Kgr y 66 años. Todo el vuelo con las rodillas pegadas en el respaldo delantero, sin poderlas estirar. Suciedad en el aseo y un trato por parte del llamado ""tripulación de cabina"" con falta de consideración y respeto hacia una joven madre que llevaba en brazos a un bebé de muy corta edad. Iba llorando todo el tiempo, probablemente por dolor en los oídos por la presión de la cabina (mi botella de agua mineral estaba cerrada y vi como se aplastaba ante la presión de la cabina). Soy físico y es una forma que tengo de controlar el exceso de presión en cabina. Por otra parte debo de decir que resulta inútil que las azafatas nos muestren las salidas de emergencia y nos enseñen cómo colocarnos el chaleco salvavidas; en caso de emergencia, nadie puede abandonar el aparato ante los nervios y miedo. En un vuelo normal no puedes ni ir al aseo, así que en situación de emergencia no lo quiero ni pensar. Y estas condiciones se repitieron en el vuelo de vuelta. Ah, y no te garantizan el que puedas ir sentado junto a tu mujer. De las dos maletas de lona, una con una pequeña grieta. Muchas veces no es posible evitar el avión, pero sí que se puede evitar el volar con compañías de low cost que no respetan a sus clientes en los espacios. ¿Cual va a ser lo próximo, quitar todos los asientos y viajar, tipo bus urbano, todos de pie agarrados a los maleteros? Si no lo hacen es porque las azafatas no podrían pasar con el carrito vendiendo sus productos. Pero lo pensarán. Al tiempo."
IBS_0804,Iberia Express,Desconocido,Madrid,Santa Cruz de la Palma,Domestic,abril de 2019,3,"Vuelo sin complicaciones. Cabe destacar wifi gratuito durante el vuelo cosa que otras compañías de low cost no tienen y que funcionó a la perfección El único problema fue la entrada al avión, con un equipo de tierra terrible que no lo supo gestionarla con el retraso consiguiente."
IBS_0805,Iberia Express,Desconocido,Madrid,Naples,Europe,abril de 2019,4,"A parte de las estrechuras de los asientos propias de todas las compañías aéreas low cost, el embarque fue rápido, los tripulantes de cabina muy amables y serviciales, la puntualidad más que correcta y muchos más pros que contras. La atención del personal administrativo fue estupenda: unos amigos que venían con nosotros perdieron sus billetes unos días antes de iniciar el viaje. Como yo había sacado los billetes paratodos, llamé al teléfono de atención al cliente y en un momento me enviaron copia de los billetes ¡con teléfono gratuito! ¡sin demoras para prolongar la conversación! En fin, un servicio muy bueno. Otra cosa importante: salimos de la T4, con lo que no se pierde el tiempo que lleva ir a otras terminales peor conectadas. Los únicos problemas vinieron de la incompetencia del personal del aeropuerto napolitano: tardaron en sacar las maletas 50 minutos y otro tanto en cargarlas en el viaje de vuelta (desde mi ventanilla vi el ritmo al que trabajaban y era una vergüenza)."
IBS_0806,Iberia Express,Desconocido,Tenerife,Madrid,Domestic,abril de 2019,1,"Acabo de comprar unos billetes en Iberia express y me confundí de fecha al ser la vuelta a las 2 :45 de la madrugada cambia el día, la fecha era para mediados de junio y estamos a 21 de abril , eran tres billetes y pretenden cobrarnos 95 euros por cada billete si lo queremos cambiar, cuando los tres billetes se compraron juntos, son unos aprovechados y no tienen ningún tipo de empatía con el cliente, por qué lo único que tienen que hacer es una gestión en las plazas. Servicio de atención y de ayuda al cliente deplorable."
IBS_0807,Iberia Express,Desconocido,Marseille,Seville,Europe,Desconocida,1,Vuelo de baja calidad respecto al precio del billete muy elevado. Las tripulación poco amable....para no decir nada. El wifi a bordo no va.... Dentro del avión todo es de pago como en un low-cost..... No lo recomiendo.
IBS_0808,Iberia Express,Desconocido,Jerez De La Frontera,Menorca,Domestic,abril de 2019,3,Vuelo chárter contratado por Mundiplán para un viaje del Imserso. Avión completo con aprovechamiento máximo de asientos. Resultado un vuelo con pasajeros enlatados sin espacio para moverse.
IBS_0809,Iberia Express,Desconocido,Madrid,Hamburg,Europe,marzo de 2019,4,"El vuelo y la atención de la tripulación bien. Lo único, que eramos un grupo y al hacer la facturación on line no había posibilidad de elegir los asientos, de forma que todos estuvimos separados. Ocurrió también con otro grupo escolar y hubo algo de lío pues todos los chicos/as estuvieron pidiendo al resto de pasajeros el cambio de asiento."
IBS_0810,Iberia Express,Desconocido,Madrid,Paris,Europe,abril de 2019,1,"El día 12 de abril viajabamos a París seis personas entre ellas una niña y un niño con autismo, hace 2 meses reserve los asientos , fila 7 siempre intento coger asientos delanteros porq el niño se pone muy nervioso atrás, mi sorpresa llega cuando vamos a montar al avión después de facturar y nos cambian a la fila 24 y dejan solo a un miembro de la familia en la fila 7, pido explicaciones y no me dan ninguna, les explico las necesidades del niño Y me mandan callar y me po ha donde dicen ellos, mi sorpresa es q en los asientos q tenia asignados desde hace meses están ocupados por una familia q ha cogido los vuelos recientemente. Es una vergüenza viajo varias veces al año y ni una explicación"
IBS_0811,Iberia Express,Desconocido,Palma de Mallorca,Madrid,Domestic,abril de 2019,2,"Hice una reserva con ellos eligiendo la opción de tarifa classic aunque a la hora de reservar me salía el precio de la express y en el e-mail de confirmación de la reserva me salía efectivamente como tarifa express. Llamé a atención al cliente que encima es un número de tarificación especial para contarles mi problema y me dijeron que pusiera una queja. Rellené todos los datos para la queja/reclamación incluyendo una captura de pantalla en que se veía claramente que estaba comprando una tarifa classic. La contestación me llegó días después diciendo algo que ya sabía: que en mi reserva solo está la tarifa classic. Me hicieron perder tiempo y dinero por un problema suyo y encima no solucionaron nada, obligándome a comprar de forma adicional las maletas facturadas. Además me indicó la web después de que deberé de llevar mi certificado de viaje, en ninguna otra compañía de bajo coste me la han requerido. Conclusiones: pésima atención al cliente."
IBS_0812,Iberia Express,Desconocido,Madrid,Tenerife,Domestic,abril de 2019,5,Excelente. La puntualidad es una marca de la casa. Incluso en el viaje de vuelta llegamos 15 minutos antes del horario previsto.
IBS_0813,Iberia Express,Desconocido,Madrid,Oviedo,Domestic,abril de 2019,3,Vuelo tranquilo de vuelta a casa desde la capital despues de un vuelo transoceanico sin mucha mas historia.
IBS_0814,Iberia Express,Desconocido,Las Palmas de Gran Canaria,Madrid,Domestic,Desconocida,1,"Compañía pésima. Trato ennel mostrador de facturación muy desagradable. Con pasajes comprados desde enero y tras más de una hora en cola, se niegan a facturar y nos envían a otra cola para la reclamación. Por supuesto, la selección de las víctimas de forma aleatoria. Parece ser que es la política habitual de esta compañía, con los consiguientes daños y perjuicios que acarrean al consumidor, que si contrata un vuelo a una hora detrrminada es por alguna razón."
IBS_0815,Iberia Express,Desconocido,Las Palmas de Gran Canaria,Madrid,Domestic,Desconocida,1,"Pésima de esta compañía. Trato al cliente falto de educación por personal de facturación. Billetes comprados desde el 4 de enero con asientos reservados y en cola durante más de una hora, para decirnos al llegar al mostrador que no podíamos salir en ese vuelo (así, sin más) con los evidentes daños y perjuicios que ello nos comporta pues teníamos programado y reservado un Tour."
IBS_0816,Iberia Express,Desconocido,Las Palmas de Gran Canaria,Madrid,Domestic,octubre de 2018,1,"5 meses después de una denegación de embarque por fallos concatenados en su aplicativo y en su personal de tierra, aún no han hecho efectiva la indemnización y les reclamas y te van dando largas (en el aeropuerto que por teléfono, por telefono que a la web, por la web......) PATÉTICO. Cada vez vuelan más bajo. Por eso será lo de low. Hasta que sean Zero."
IBS_0817,Iberia Express,Desconocido,Amsterdam,Madrid,Europe,abril de 2019,1,"LADRONES de maletas,no saben dónde se encuentran los equipajes y no se molestan.El propio personal de Iberia habla pestes de su propia empresa y descargan su ira contra pasajeros.No ayudan,no responden mails,ni mensajes.Dan un teléfono 901 al que por millones de veces que se llame no solucionan.ES DENUNCIABLE lo que hacen,la ley debería cerrar una empresa de esta calañan."
IBS_0818,Iberia Express,Desconocido,Amsterdam,Madrid,Europe,abril de 2019,1,"Auténtica pandilla de SINVERGUENZAS.Pierden equipajes y se desentienden,dan un teléfono 901 (de alto coste de llamada)que aunque se insista,no contestan,no hacen búsqueda de maletas perdidas a saber en qué país,no cubren gastos.Son unos desvergonzados,además de perder maletas,el trato es vejatorio,ni siquiera tienen la decencia de buscar o llamar al aeropuerto de origen para investigar lo sucedido.El mismo personal habla pestes de su propia empresa,IBERIA e IBERIA Express,están muy quemados,y ¿por eso el pasajero debe pagar con su ira?.No hay derecho a que existan empresas de esta calaña,debería actuar la ley contra ellas.Seguimos sin saber quién ha robado equipajes y ellos pasan de todo.DEBERÍAN aprender respeto lo primero y a cobrar su ira contra otros,no contra el pasajero.POR NADA DEL MUNDO elijan Iberia o Iberia express,son unos mafiosos que sólo buscan dinero a toda costa,dando igual condiciones"
IBS_0819,Iberia Express,Desconocido,Amsterdam,Madrid,Europe,abril de 2019,1,"Lo más abominable nunca visto.Pierden todo el equipaje,durante días no dan noticias de qué sucede,no se hacen cargo de nada.servicio patético del personal que incluso habla fatal de esta ""aerolínea"" si es que se le puede denominar tal.Ni siquiera tienen teléfono donde contesten quejan,no responden a nada,no se responsabilizan de coste alguno.Es denunciable que exista una empresa que sólo genera problemas a pasajeros,tripulación maleducada con un inglés tan pobre que no entienden a pasajeros.Tiran comida del carrito y ni se disculpan.No ofrecen siquiera información,todo hay que mirarlo en web.Es la peor compañía nunca vista.No vuelen si no quieren llegar con gran retraso,perder equipajes,que te tiren por encima comida,baños guarros,inglés patético,"
IBS_0820,Iberia Express,Desconocido,Paris,Madrid,Europe,marzo de 2019,4,"Servicio low cost, rápido, eficaz y a un buen precio. El vuelo super puntual, tanto a su salida de origen como a su llegada a destino. Un vuelo tranquilo sin incidente, temperatura en cabina optima. Recomiendo esta compañía si se viaja sin equipaje en bodega. El espacio en el asiento es algo más amplio en en vuelos de Air Europa. Para vuelos de corto recorriendo es ideal."
IBS_0821,Iberia Express,Desconocido,Malaga,Madrid,Domestic,marzo de 2019,5,Hice con Iberia Express la primera etapa de mi vuelo Malaga Miami. La puntualidad muy buena saliendo de Málaga rabiosamente a tiempo y llegando a Madrid con 10 minutos de adelanto. Iberia Express continúa haciendo gala de su puntualidad y en este caso me permitió enlazar con mi siguiente vuelo sin problemas aunque sólo tenía 1:15 h de conexión. La atención en tierra al hacer el checkin fue amable y muy correcta. Todo mi equipaje llego a destino sin problemas. Recomendable aerolínea
IBS_0822,Iberia Express,Desconocido,Barcelona,Las Palmas de Gran Canaria,Domestic,marzo de 2019,3,"Es una pena que la calidad de esta aerolínea comience a parecerse extremadamente a las aerolíneas de low cost... a veces un caramelo es la diferencia, otras es la funcionalidad."
IBS_0823,Iberia Express,Desconocido,Madrid,Tenerife,Domestic,marzo de 2019,3,"Da igual que llegues la primera a la fila para embarcar o la última, te quitan el equipaje de mano para llevarlo a bodega. No pasaría nada si el servicio de recogida de equipaje fuera eficiente, pero como no es así, te toca esperar 30 min tras desembarcar para que recoger tu maleta. Si tenéis que conectar con otros vuelos o trenes, olvidaros de hacerlo. No sabes cuando vas a terminar."
IBS_0824,Iberia Express,Desconocido,Las Palmas de Gran Canaria,Madrid,Domestic,marzo de 2019,4,En esta ocasion el avion no estaba completo y la atencion fue mejor que en otras ocasiones. habia espacio en la parte superior para portar el equipaje de mano y no fue necesario que viajara debajo del asiento delantero.
IBS_0825,Iberia Express,Desconocido,Madrid,Las Palmas de Gran Canaria,Domestic,marzo de 2019,2,"A pesar de tratarse de un vuelo de Iberia Expres (que normalmente no estan mal), en este caso, el avion dejaba mucho que desear, limpieza nula del vuelo anterior, especialmente sobre los asientos y en la bandeja donde la revista. El trato del personal normal sin sobresalir para nada. habia que pagar casi por un vaso de agua."
IBS_0826,Iberia Express,Desconocido,Madrid,Rome,Europe,octubre de 2018,4,"Al viajar en clase turista económica no puedes esperar gran cosa. La atención al cliente ha bajado muchas escaleras desde que los vuelos se abarataron pero, al menos con Ibetia, tienes la casi seguridad total de que llegarás en el horario previsto y hasta es posible que puedas tener cerca tu equipaje de mano sin pagar más."
IBS_0827,Iberia Express,Desconocido,Madrid,Fuerteventura,Domestic,marzo de 2019,4,Todo fue de maravilla embarque rápido salida y llegada a su hora. Personal de vuelo muy atentos y serviciales.
IBS_0828,Iberia Express,Desconocido,Berlin,Madrid,Europe,febrero de 2019,2,"El billete incluía equipaje de cabina. Sin embargo, en el vuelo de vuelta a Madrid nos hicieron facturar el equipaje de manera discrecional. Fue al hacer el checking y antes de ir a las puertas de embarque. Luego vimos que hubo gente que vino más tarde y si le dejaron subir el equipaje al avión. Si el avión es pequeño y saben que el equipaje de mano no va a caber, no deberían dejar subir ninguno, y no hacer diferencias. He volado con Iberia express otras veces y Tengo que decir que he recibido un buen trato, no como esta última vez"
IBS_0829,Iberia Express,Desconocido,Tenerife,Madrid,Domestic,marzo de 2019,2,"Dos trabajadores de Iberia, una pareja, entraron en el avión a última hora. El varón intentó que me levantaran de mi asiento, el cuál yo había comprado, es decir, pagué un dinero a parte por selección de asiento. Él decía que era trabajador de Iberia y que el capitán le había indicado que ese era su asiento y el de su señora. La situación fue muy desagradable, con la edad que tengo (casi 50) nunca había vivido una situación tan desagradable. Si bien, la tripulación se portó de maravilla y la sobrecargo le dijo que yo había pagado por ese asiento y no me iba a levantar. Ahora me he encontrado con el problema de que mañana viajo a las 14 horas y hasta hace 2 minutos no he podido sacar la tarjeta de embarque. Me decía que el nombre era incorrecto o el código de reserva. Nadie me ha dado solución. Incluso he subido al aeropuerto esta tarde, pero ya no había nadie en facturación. No he podido generar la tarjeta de embarque por Iberia Express, ni por Iberia. Iberia Express sigue dándome problemas, si bien, al final me ha funcionado por el auto check-in online Iberia. Igualmente, la opción de pagar por embarque prioritario en esta ocasión no funcionó."
IBS_0830,Iberia Express,Desconocido,Madrid,Naples,Europe,Desconocida,5,"No es la primera vez que viajo con Iberia Express, y no será la última. Puntualidad, profesionalidad y amabilidad tanto a la ida a Nápoles como a la vuelta a Madrid. Hasta la fecha, en todas las compañías del grupo IAG que he volado me he sentido muy cómodo. Seguiré repitiendo con ellos."
IBS_0831,Iberia Express,Desconocido,Manchester,Madrid,Europe,marzo de 2019,4,"La atención en España, perfecta. Pero en Manchester horrible. En España todo lo decian en Español y en Inglés. Pero en Manchester, todo en inglés. Y eso que el vuelo venia lleno de españoles tanto o más que de ingleses. Y daba igual que les preguntases en español. A la hora del embarque todo en inglés. ¿Acaso se quieren cargar la linea? Qué simpático fue Aznar vendiendo Iberia a los ingleses"
IBS_0832,Iberia Express,Desconocido,Madrid,Las Palmas de Gran Canaria,Domestic,marzo de 2019,5,"En viajes de medio alcance como es Madrid-Las Palmas prefiero no jugármela y apostar sobre seguro. Por eso siempre que vuelvo a mi tierra elijo Iberia/Iberia Express. Ya he tenido demasiadas malas experiencias con otras aerolíneas y prefiero pagar algo más por mi comodidad. El truco, como cualquier viaje en avión, está en reservar lo antes posible para pillar una buena tarifa. A la vuelta vine con mi padre (de movilidad reducida) y el trato fue simplemente exquisito desde que llegué al aeropuerto hasta el parking en Madrid. Mi padre fue atendido con amabilidad y delicadeza durante todo el viaje y la prioridad a la hora de embarcar así como el servicio a la llegada fueron excelentes. La puntualidad de Iberia Express es reconocida y la comodidad de los asientos es aceptable."
IBS_0833,Iberia Express,Desconocido,Hamburg,Madrid,Europe,octubre de 2018,1,"PESIMO EN TODO: pagué pasaje con equipaje. Fui el primero en hacer el checkin. Me dijeron que no podía llevar el carryon conmigo porque ""ya no había lugar para colocarlo en el porta maletas"". Me negué y lo llevé conmigo (medicinas y objetos de valor). El avión era lo más incómodo que nunca volé. Mido 1.76m y mis piernas no tenían lugar. Reclamé a la sobrecargo: me dio la razón y me pidió encarecidamente que hiciese un reclamo por escrito porque el personal de cabina ya está harto de oir quejas. Las bebidas y appetizers eran más caros que en el aeropuerto y de tamaño microscópico. Nunca más."
IBS_0834,Iberia Express,Desconocido,Barcelona,Madrid,Domestic,marzo de 2019,3,"Volamos de BCN a MAD, los asientos están muy pegados. El snack que te dan es muy pobre. Los precios están acordes al servicio brindado."
IBS_0835,Iberia Express,Desconocido,Tenerife,Madrid,Domestic,mayo de 2018,3,"Calidad precio muy buena. Los nuevos aviones tienen cargadores USB en los asientos y mediante un wifi gratuito se puede acceder auna gran gama de peliculas,series,revistas... El precio y la calidad del catering a bordo es TERRIBLE. MUY RECOMENDABLE que lleves tu propia comida. Muy puntuales."
IBS_0836,Iberia Express,Desconocido,Madrid,Copenhagen,Europe,febrero de 2019,4,"En general bien, puntual y servicio correcto. La única pega es que después de pagar para reservar asientos no lo respetaron."
IBS_0837,Iberia Express,Desconocido,Madrid,Palma de Mallorca,Domestic,marzo de 2019,4,"Todo el viaje ha ido según estaba previsto, incluso me ha sorprendido que se han respetado los horarios establecidos, a la hora de embarcar, salir y aterrizar. El personal muy amable. La única pega el espacio algo justo..."
IBS_0838,Iberia Express,Desconocido,Madrid,Trondheim,Europe,junio de 2018,4,Fue un acierto volar con Iberia. El trato exquisito. El espacio entre butacas es bastante aceptable para lo que hay en otras compañías.
IBS_0839,Iberia Express,Desconocido,Madrid,Rome,Europe,febrero de 2019,3,"IBERIA da confianza, pero cada día un poco menos, nos cambiaron de IBERIA a IBERIA EXPRESS, las comodidades del vuelo ya no existen, menos mal que es un vuelo corto porque no te dejan espacio."
IBS_0840,Iberia Express,Desconocido,Madrid,Naples,Europe,febrero de 2019,5,"Vuelo rápido y agradable entre Madrid y Nápoles, puntualidad y buen servicio. El vuelo me resultó corto y muy placentero. El servicio fue atento y agradable. ¡¡¡Enhorabuena!."
IBS_0841,Iberia Express,Desconocido,Stuttgart,Madrid,Europe,febrero de 2019,2,"Nosotros somos una familia de 4. Cuando compré los pasajes por su pagina web, no pude elegir asientos en la misma fila, a pesar de que los compré con meses de anticipación, es decir, el avión aún estaba vacío. Después entendí que es una estrategia para hacerte pagar más, si es que quieres modificarlos en una fecha posterior. Muy desagradable. Al final, nos tuvimos que venir los cuatro uno detrás del otro."
IBS_0842,Iberia Express,Desconocido,Madrid,Las Palmas de Gran Canaria,Domestic,marzo de 2019,5,"Corrección durante todo el proceso, pre vuelo y vuelo, si a esto añadimos la puntualidad el resultado un proceso perfecto."
IBS_0843,Iberia Express,Desconocido,Basel,Madrid,Europe,febrero de 2019,4,"Volé en Bussines, y estuve en la sala Vip del aereopuerto de BAssel,!Que es una pasada¡¡¡. Por lo demás en un vuelo de mas o menos 2horas, no hay mucho que contar"
IBS_0844,Iberia Express,Desconocido,Madrid,Nice,Europe,febrero de 2019,4,"tanto la salida como el regreso se operó con bastante puntualidad ,incluso llegamos bien de tiempo, a pesar de un problema en Barajas de pistas por unas obras, del que el comandante en todo momento nos tuvo informados, algo de agradecer ."
IBS_0845,Iberia Express,Desconocido,Madrid,Paris,Europe,febrero de 2019,5,"Iberia ha mejorado mucho su servicio. Mi experiencia en los últimos vuelos con esta línea aérea ha sido buena. Salida/Llegada a tiempo. Trato amable del personal de facturación y personal de vuelo. Con la aplicación Iberia on board puedes ver peliculas, series, juegos.. una gran cantidad de entretenimiento para hacer tu vuelo más ameno."
IBS_0846,Iberia Express,Desconocido,Madrid,Lanzarote,Domestic,marzo de 2019,1,"Cancelan tu billete sin avisarte. El Domingo pasado cuando me dirigía a embarcar al avión en Madrid me dicen que mi billete ha sido cancelado y que no puedo entrar en el avión porque hay overbooking y mi asiento ha sido cancelado yo tengo mi tarjeta de embarque en vigor por eso he podido pasar todos los controles y mi asiento asignado no lo puedo creer me dejan la última que no arme escándalo sin explicarme nada y de muy malas formas me ofrecen ir a un mostrador en el que tengo que esperar más de una hora a que me atiendan con un numerito mientras veo como mi vuelo despega y yo en tierra sin ningún tipo de explicación! A continuación me dicen que ellos no pueden ayudarme porque mi billete es de Iberia express no de de Iberia me ofrecen un número de teléfono en cual estoy 1h y 20 min, esperando a que me atienda un responsable porque lo único que me ofrecen inicialmente es un vuelo para dentro dos días posteriores. Me parece un maltrato cómo tratan a sus clientes y una tomadura de pelo todo el sistema que hacen para alejarte de la puerta de embarque si mi asiento estaba cancelado porque no me han avisado, yo he pagado mi plaza y me la quitan y se la vende a otra persona. Que clase de estafa es esta?"
IBS_0847,Iberia Express,Desconocido,Madrid,Las Palmas de Gran Canaria,Domestic,febrero de 2019,1,"Un vuelo apretado, incómodo con asientos duros, especialmente diseñado para llegar a destino con un estupendo dolor de espalda."
IBS_0848,Iberia Express,Desconocido,Madrid,Santorini,Europe,septiembre de 2018,1,"Me cambiaron el vuelo y me anularon los asientos comprados sin devolverme el dinero, lo reclame a la aerolínea y ni siquiera me contestaron."
IBS_0849,Iberia Express,Desconocido,Madrid,Las Palmas de Gran Canaria,Domestic,marzo de 2019,1,"Viaje pésimo, salimos con más de una hora de retraso y ni siquiera nos pidieron disculpas, ni dieron explicaciones. Esto nos obligó a coger un taxi porque sino no llegábamos a otro viaje que teníamos. Los asientos son pequeñísimos, no te puedes mover ni un milímetro sin molestar a la persona que llevas al lado."
IBS_0850,Iberia Express,Desconocido,Madrid,Tenerife,Domestic,enero de 2019,3,Un vuelo más Destacar la puntualidad P.D. Que no te rompan la maleta que vas a tener muchgos problemas para que te la pagen
IBS_0851,Iberia Express,Desconocido,Madrid,Las Palmas de Gran Canaria,Domestic,enero de 2019,3,"Los precios no son malos, pero el servicio y la comodidad, es nefasto. Atentan contra la salud de los pasajeros. Pues se debe tener en cuenta este punto al instalar la separación entre las filas de asientos."
IBS_0852,Iberia Express,Desconocido,Lanzarote,Madrid,Domestic,febrero de 2019,4,"Hacen alarde de su puntualidad y, en el caso de los dos viajes que acabo de hacer con ellos, han sido escrupulosamente puntuales. Admiten gratis una maleta facturada y equipaje de mano. En lo que sí se nota que se trata de vuelos low-cost es que la asignación de asientos la hacen de forma aleatoria y, si se quiere escoger asiento, hay que pagar una tasa adicional. Y considero que esto es algo arbitrario, escasamente rentable para la Compañía y que enardece a los pasajeros. Por último, no ofrecen comida, ni bebida gratis a bordo. Lo que venden tiene, como es tristemente habitual, unos precios desorbitados."
IBS_0853,Iberia Express,Desconocido,Madrid,Paris,Europe,febrero de 2019,4,Vuelo puntual cómodo horario cómodo para mi al menos por no tener alguna opción de mucha prisa y muy placentero
IBS_0854,Iberia Express,Desconocido,Copenhagen,Madrid,Europe,marzo de 2019,1,"El día 19 de octubre de 2018, se compraron telefónicamente 2 billetes con la compañia IB para volar el 4 de marzo Copenhague-Madrid 15:35 (código de reserva KAV5CR y número de vuelo I2 3731). De esta reserva tenemos email con la confirmación del vuelo y los datos del mismo. Hoy día 4 de marzo, nos hemos dirigido al mostrador de facturación de IB en Copenhague y se nos ha requerido la tarjeta fisica con la que se realizó el pago de los billetes. Esa tarjeta expiraba en marzo y el banco me mandó una nueva (mismo número de cuenta pero distinta numeración de tarjeta), por lo que la vieja deja de tener validez, queda bloqueada y como tal se tiró en el momento de recibir la nueva. Segun personal del mostardor necesitaban la tarjeta física. ING nos ha dado el número de la tarjeta antigua y todos los detalles necesarios de esa transacción (código de autorización, refencia, día del cobro). En el mostrador nos siguen diciendo que no es válido, que necesitan la tarjeta física. En ningun momento en el email de confirmacion que recibimos de IB en el momento de comprar el billete se hace referencia a que debe presentarse la tarjeta de pago en el momento del checking. Hemos llamado a IB al 913894375 a las 14:51. La respuesta por parte de la persona que nos atendió es coger otros billetes por 800€ cada uno. Incluso nosotros le dimos la opción de volver a cargarnos el importe de los billetes en esa misma tarjeta y ya luego presentaríamos los papeles necesarios del banco para que se nos devolviera ese importe. Todo con tal de poder viajar. Finalmente, no se nos ha dejado volar, no se nos ha facilitado nada y todo han sido pegas tanto en el mostrador como telefonicamente. Hemos tenido que buscarnos los medios para encontrar vuelo de regreso a Madrid. Hemos tenido que pagar otro vuelo con escala en Barcelona por importe de 635€ ambos billetes (Vueling VY1873 localizador XF8VFT). Solicito reembolso de esos billetes y explicaciones coherentes de lo ocurrido con Iberia. A vuestra disposicion para cualquier aclaración o documentacion a aportar."
IBS_0855,Iberia Express,Desconocido,Tenerife,Oviedo,Domestic,febrero de 2019,5,"mucha puntualidad, tanto de salida como llegada, buena atención durante el vuelo, solicite ventanilla y me fue concedida"
IBS_0856,Iberia Express,Desconocido,Paris,Madrid,Europe,Desconocida,3,"El vuelo bien y la atención buena muy agradables, pero el espacio de los asientos es muy pequeño, yo mido 1,70 y justita, mi hijo con 1,80 ni os cuento. En cuanto te mueves se reclina para atrás con las lógicas molestias para el pasajero de dicho asiento. Recomiendo por el precio."
IBS_0857,Iberia Express,Desconocido,Dublin,Madrid,Europe,marzo de 2019,4,"Volamos ayer con ellos, dos adultos y tres niños y todo el personal de cabina fue muy amable. El avión estaba muy limpio y en buenas condiciones. El único inconveniente es que uno de los lavabos no funcionaba y sólo había uno para todo los pasajeros, pero como el vuelo iba a la mitad de ocupación no fue un problema. Lo recomiendo"
IBS_0858,Iberia Express,Desconocido,Seville,Madrid,Domestic,febrero de 2019,4,"Buen trato de los auxiliares y buen vuelo, cumpliendo horarios. Los asientos cómodos y la limpieza correcta."
IBS_0859,Iberia Express,Desconocido,Tenerife,Madrid,Domestic,febrero de 2019,4,"Buen servicio del personal de tierra, tanto en la salida en Tenerife Norte, como a la llegada en Madrid Barajas."
IBS_0860,Iberia Express,Desconocido,Madrid,Tenerife,Domestic,diciembre de 2018,2,"Las últimas veces que he volado con Iberia Express a Tenerife siempre pasa lo mismo. No me caben las piernas entre los asientos. A mi hijo tampoco. El vuelo se hace muy incómodo y nada agradable. Medimos menos de 1,90 metros. Siempre me dicen que pague el asiento XL, el de emergencia. A veces no está disponible y por otra parte no se explica tener que pagar más para ir minimamente cómodo. Solo cojo Iberia por el precio. Por lo demás no lo recomiendo"
IBS_0861,Iberia Express,Desconocido,Madrid,Zurich,Europe,febrero de 2019,5,"Puntualidad y tripulación también. Engorroso embarque, tanto grupo es un caos.. Y cuando por fin estás sentada, no te caben los pies, porque hay q guardar la mochila, pc o bolso debajo del asiento. Soy de estatura media, y me llegaban las piernas a la bandeja. Fueron 2 horas de vuelo muy incómodas. El constante paseo de la tripulación vendiendo de todo tampoco ayuda, no puedes estirar las piernas ni en el mini pasillo.. 😣"
IBS_0862,Iberia Express,Desconocido,Madrid,Santa Cruz de la Palma,Domestic,febrero de 2019,4,"Son puntuales, los aterrizajes son suaves, unos profesionales. En nuestro vuelo hemos tenido un percance. Había mucha calima en la Palma y han decidido aterrizar en Tenerife. Ahí es donde han fallado un poco con la gestión de la situación. Nos han retrasado bastante y gente que han optado coger un Ferry se quedaron sin mucha opción. Nosotros hemos llegado por los pelos para coger el ultimo Ferry que salía a las 19:00. Entre una cosa y otra nos han hecho perder casi 5 horas en esperas de noticias y demás."
IBS_0863,Iberia Express,Desconocido,Madrid,Nice,Europe,febrero de 2019,4,"El viaje de ida bien, puntual, con corrección. En el viaje de vuelta el comandante era super amable, muy atento, en un principio nos informó que llegaríamos antes de la hora y posteriormente nos contó que por el gran tráfico que había en el aeropuerto no sería así, que tendríamos que esperar el aterrizaje... fue muy amable, un 10 para el comandante."
IBS_0864,Iberia Express,Desconocido,Tenerife,Madrid,Domestic,enero de 2019,5,"bastante bueno, y la relación precio calidad estupenda. suelen ser bastante puntuales, y si no lo son te gratifican, en general es una compañía muy recomendable, por lo menos desde Canarias a la península."
IBS_0865,Iberia Express,Desconocido,London,Madrid,Europe,enero de 2019,5,"Excelente atención, correcto embarque, buen precio y adelanto en la llegada sobre el horario previsto."
IBS_0866,Iberia Express,Desconocido,Madrid,Venice,Europe,mayo de 2018,1,"Te compras los billetes a la vez que tu acompañante y cuando los vas a imprimir el día antes de volar descubres que vais separados , que si quereis ir juntos tienes que pagar ...... Por supuesto no pagamos, porque podíamos vivir 2 horas sin ir juntos pero lo peor de todo fué que a la vuelta el vuelo venía medio vacío y nos sentamos juntos pidiendo permiso a la tripulación , sin pagar un duro ...... UN ABUSO ..y si hubiesemos pagado ???? para matarles. y para colmo de todo esto nos obligan a meter nuestro equipaje de mano en la bodega a la ida y a ala vuelta que no había necedidad porque sobre todo a la vuelta el avión no venía con todas las plazas ocupadas... UN DESPROPÓSITO.sI PUEDO EVITARLO NO VOLVERÉ A VIAJAR MÁS CON ESTA COMPAÑÍA"
IBS_0867,Iberia Express,Desconocido,Madrid,Las Palmas de Gran Canaria,Domestic,febrero de 2019,5,"Muy buena atencion. Hasta mejor que Iberia. Vuelo comodo, puntual, avion confortable, limpieza adecuada, atencion del personal adecuada"
IBS_0868,Iberia Express,Desconocido,Madrid,Palma de Mallorca,Domestic,agosto de 2018,3,"Cuando viajo con Iberia Express, tengo claro que se trata de la versión económica de la compañía, pero hay cosas que me hacen volver a viajar con ellos, 1. Puntualidad en la salida, 2. Rapidez en el acceso al vuelo y 3. El viaje , me refiero al entretenimiento en cabina, tienen una aplicación gratuita para ir conectado con ellos, con posibilidades de ver cine o música que siempre viene bien para llevar mejor el tiempo del vuelo. Como mejora, EL ESPACIO ENTRE BUTACA ES MÍNIMO MÍNIMO, es algo que mejoraría con urgencia. Pero después de viajar en otras compañías, el problema de las butacas es el mismo, por lo que en igualdad de condiciones, prefiero Iberia"
IBS_0869,Iberia Express,Desconocido,Berlin,Madrid,Europe,noviembre de 2018,1,"Después de una incidencia (8 horas de retraso en el vuelo desde Berlín a Madrid), y presentada varías reclamaciones a la compañía, no responden y tampoco hay forma de contactar con ellos. No existe ningún número de teléfono de atención al cliente ni posibilidad de contactar."
IBS_0870,Iberia Express,Desconocido,Madrid,Paris,Europe,diciembre de 2018,4,"Muy buena aerolínea y muy competitiva, pero recordar que es de bajo costo y en consecuencia hay detalles que afrontar. La recomiendo y volveré a tomar en viajes cortos."
IBS_0871,Iberia Express,Desconocido,Madrid,Tenerife,Domestic,abril de 2018,4,"sale bastante puntual y suelen ser vuelos comodos. El problema si eres familia es que suelen trocearte los asientos y debes pagar mas si quieres agruparte junto, aunque entiendo que las Low Cost les estan haciendo daño y ahora se paga por todo y hay que sacar dinero."
IBS_0872,Iberia Express,Desconocido,Madrid,Las Palmas de Gran Canaria,Domestic,febrero de 2019,1,"Llega el avión con 40 minutos de retraso, en el embarque, las azafatas se lían y arman la cola, en el viaje bastante malo, tanto así que un pasajero se desmallo, parecía que volavamos en la montaña rusa, al llegar al aeropuerto 2 vueltas a la pista por que no sabía donde aparcar, la verdad algo dantesco. También es cierto que a la ida del martes a las 15:00 fue un buen vuelo, un gran piloto."
IBS_0873,Iberia Express,Desconocido,Madrid,Las Palmas de Gran Canaria,Domestic,febrero de 2019,4,La tripulación de Iberia sigue siendo con diferencia una de las más profesionales. Llegamos antes de la hora prevista. Seguiré volando con Iberia seguro.
IBS_0874,Iberia Express,Desconocido,Madrid,Las Palmas de Gran Canaria,Domestic,febrero de 2019,3,Todo normal gracias a Dios. El embarque se realizó a su hora y la llegada fue en hora prevista. A veces hay problemas con el equipaje de mano.
IBS_0875,Iberia Express,Desconocido,Rome,Madrid,Europe,febrero de 2019,3,Por mas que estaba al tanto que en estos vuelos solo puedo viajar con una maleta de mano con medidas reglamentarias para cabina....como lo hice...me discutian que la maleta superaba el tamaño. No era asi..
IBS_0876,Iberia Express,Desconocido,Madrid,Naples,Europe,febrero de 2019,2,"Salimos con más de 45 min de retraso, y aunque nos decían que más o menos estaríamos a la hora prevista, llegamos tarde. El calor que hacía dentro del avión era insoportable y no hablo ya del poco espacio de los asientos... realmente una experiencia negativa. La vuelta también fue con Iberia y solamente por salir a la hora y que la temperatura era agradable, la sensación fue otra."
IBS_0877,Iberia Express,Desconocido,Madrid,Las Palmas de Gran Canaria,Domestic,febrero de 2019,4,Los asientos bastante más cómodos que en Ryan.... Al ir a facturar me pasaba 3 kilos que ME PERDONARON!! Además de ofrecerme que facturara la maleta de mano GRATIS!!
IBS_0878,Iberia Express,Desconocido,Madrid,Berlin,Europe,febrero de 2019,2,"Por qué habiendo dos servicios en el avión para todo el pasaje turista tienen que tener cerrado uno la tripulación? Porque los dos servicios de delante son para clase bussines y no puedes acceder a ellos. Muy mal la tripulación, no me gusto nada"
IBS_0879,Iberia Express,Desconocido,Las Palmas de Gran Canaria,Madrid,Domestic,febrero de 2019,4,"Compañía muy puntual, aunque los asientos son muy reducidos, todos los demás elementos a puntuar son positivos"
IBS_0880,Iberia Express,Desconocido,Madrid,Santa Cruz de la Palma,Domestic,febrero de 2019,3,"En el vuelo de ida, fuimos encajonados, como sardinas en lata. En el de vuelta, yo tuve que facturar mi maleta de mano, en tanto que mi mujer la llevó en cabina. Por lo demás, las cuestiones típicas de las compañías pseudo bajo precio. La página de entretenimiento que anunciaban tener no funcionaba."
IBS_0881,Iberia Express,Desconocido,Madrid,Seville,Domestic,febrero de 2019,3,"Tomamos el vuelo desde madrid hasta Sevilla, el vuelo salió puntual, la aeronave un poco antigua, no funcionaban los usb y las tripulantes de lo más antipáticas, se ve que les gusta mucho su trabajo Llegó en horario, resto normal"
IBS_0882,Iberia Express,Desconocido,Madrid,Berlin,Europe,febrero de 2019,5,"Vuelo cómodo, y tanto en la ida como en la vuelta llegamos antes de lo previsto al destino. Aerolínea económica y bastante recomendable."
IBS_0883,Iberia Express,Desconocido,Alicante,Nice,Europe,febrero de 2019,3,"La experiencia fue desagradable al principio pues de entrada nos pidieron 40 euros por persona por facturar el equipaje. Luego tuvimos problemas meteorológicos y llegamos con varias horas de retraso, obviamente no aplicables a la compañía."
IBS_0884,Iberia Express,Desconocido,Madrid,Paris,Europe,febrero de 2019,4,Una muy buena relación calidad precio y una puntualidad excelente. La aeroliniea cuenta cin un servicio de entretenimiento por medio de comunicacion wifi
IBS_0885,Iberia Express,Desconocido,Madrid,Berlin,Europe,febrero de 2019,4,"En la linea de las compañias de bajo coste actuales, pero con un poco menos de mercantilismo. Atención correcta y tan solo intuir que las auxiliares de aeropuerto se quedarán sin trabajo por la mecanización del check in."
IBS_0886,Iberia Express,Desconocido,Berlin,Madrid,Europe,febrero de 2019,4,"Volamos desde Berlín a Madrid el pasado 1 de Febrero con Iberia Express. En principio estábamos muy contentos al comprobar que volábamos desde Berlín Tegel y no desde Schönefeld, ya que el aeropuerto de Schönefeld es un completo caos y es horrible tomar un avión desde allí. Tegel ( la terminal A) es un aeropuerto muy cómodo. Tienen un filtro de seguridad cada dos puertas de embarque, por lo que apenas te encuentras colas y la parte más incómoda de volar pasa enseguida....pero nuestra sorpresa fue al enterarnos que Iberia Express salía desde la Terminal C... peor que Schönefeld! El primer problema fue la kilometrica cola en el filtro, después de casi 15 minutos esperando para entrar en la primera puerta del filtro, nos preguntan el vuelo y se lo indicamos, a lo que nos contestan que el vuelo va lleno y que debemos facturar nuestras maletas( las cuales cumplían a rajatabla las normas del equipaje de mano) por lo que nos dicen que abandonemos y hagamos la cola ( también kilometrica) en facturación, le comento que nuestras maletas están dentro de normativa y de muy malas maneras nos dice que no es su problema y que él sólo cumple órdenes, pero que así no pasamos el filtro. Al final nos toca ir a la cola de facturación y media hora más tarde nos toca. Nosotros ya teníamos nuestras tarjetas de embarque emitidas desde el día anterior, con dos ventanillas y sentados juntos y hacia delante ya que viajamos con niños. Nuestra siguiente sorpresa fue que la agente de facturación nos reemite las tarjetas de embarque y nos cambia los asientos, sentándonos en las últimas filas del avión y separados. Nuestro cabreo fue monumental y ella insistiendo que no podía volver a cambiarlas...en fin! Horrible! Luego cambiaron la puerta y nos mandaron a la otra punta....El servicio del aeropuerto de Berlin es horrible! Por suerte la tripulación de Iberia Express se portó de maravilla, en especial la Jefa de Cabina y nos arreglaron lo de los asientos a bordo. El vuelo fue genial, el entretenimiento a bordo nos encantó y el aterrizaje, con muchísimo viento en Madrid, fue perfecto! El viaje de vuelta el 7 de Febrero fue también muy bien pero lamentablemente el entretenimiento a bordo no funcionó, pero aún así recomiendo Iberia Express!"
IBS_0887,Iberia Express,Desconocido,Madrid,Las Palmas de Gran Canaria,Domestic,enero de 2019,5,"Me gusta volar con Iberia Express porque, aunque es una low cost más (equipaje de mano en bodega a menudo), menos espacio entre asientos, sin elección de asiento gratuito... suele funcionar bien y tiene una puntualidad aceptable."
IBS_0888,Iberia Express,Desconocido,Madrid,Birmingham,Europe,enero de 2019,4,"Comodo, rapido y sin complicaciones, bajan la maleta de cabina a bodega si no hay espacio, seria mas comodo que la entregaran a pie de pista cuando bajaramos del avión, para no perder tiempo esperando a que salga el equipaje, pero por lo demás bien."
IBS_0889,Iberia Express,Desconocido,Las Palmas de Gran Canaria,Madrid,Domestic,febrero de 2019,3,"Sinceramente creo que debe ser obligatorio repartir un vaso de agua en cada vuelo a cada pasajero. Cuando vuelas en vuelos internos por China, te dan al entrar una botella de agua. Cuando vuelas en vuelos entre islas, por ejemplo de Gran Canaria a Tenerife, te reparte un vaso de agua a cada pasajero, en un vuelo de menos de 45 min. Imagina todo lo que pueden hacer en un vuelo de 2 horas."
IBS_0890,Iberia Express,Desconocido,Madrid,Prague,Europe,febrero de 2019,5,"Buen servicio ofrecido. Luego de tomar este vuelo entendí el porque Iberia es la más puntual del mundo. El piloto anuncia por parlantes que hay demoras por el transito aéreo en Francia, solamente nos dice que lo van a arreglar yendo mas rápido. La cuestión el vuelo era de 2 hs y media y se demoro 40 minutos en salir, luego de esta demora el avión fue más rápido y tardo solamente 1 hora y 45 min por lo tanto llegue antes de lo pactado. La verdad me sorprendió."
IBS_0891,Iberia Express,Desconocido,Madrid,Venice,Europe,febrero de 2019,5,Volamos el lunes 10 a las 8.40. La tripulación estuvo de 10. Mi mujer se sintió indispuesta y le atendieron con gran amabilidad
IBS_0892,Iberia Express,Desconocido,Madrid,Seville,Domestic,diciembre de 2018,3,El espacio se notaba más reducido que con el vuelo de conexión que era de Iberia (no Express). En puntualidad y atención del personal muy similar a la compañía aérea principal
IBS_0893,Iberia Express,Desconocido,Madrid,London,Europe,enero de 2019,5,"Está claro que los espacios entre asientos son escasos, pero qué más voy a pedir por un vuelo de ida y vuelta a Londres por menos de 70€? Y lo que más valoro: la puntualidad. Salir a la hora prevista y llegar a la hora prevista para poder enlazar con otros transportes. Lo demás, para un vuelo de dos horas escasas, carece de importancia para mi"
IBS_0894,Iberia Express,Desconocido,Madrid,Las Palmas de Gran Canaria,Domestic,enero de 2019,3,"Para el precio que tiene, no se le puede pedir más . Mi única queja es que si no llevas embarque prioritario y eres del grupo 3 es posible que te bajen la maleta a bodega si va lleno el avión"
IBS_0895,Iberia Express,Desconocido,Palma de Mallorca,Havana,International,enero de 2019,4,"Un buen viaje en sentido general, excelente trato y servicio por parte de la compañía aérea. Excelente puntualidad."
IBS_0896,Iberia Express,Desconocido,Madrid,Las Palmas de Gran Canaria,Domestic,enero de 2019,3,"Cada vez se inventas algo para cobrar, ahora se han inventado EMBARQUE PRIORITARIO, yo no lo solicite y no se lo que cobran. Otra cosa es que si llevas mochila, te obligan a llevarla entre las piernas y los troiler arriba. no me parece bien esta postura de la compañia"
IBS_0897,Iberia Express,Desconocido,Madrid,London,Europe,febrero de 2019,2,"Avión viejo y sucio, pero no sucio de que hoy no lo hubieran limpiado. Ahí había mierda de años. Plásticos ennegrecidos moquetas deshilachadas, ventanas grasientas. La revista de la compañía sucia, grasienta y rota. Una autentica vergüenza que esta compañía pasee los colores de la bandera de España por el mundo. Y para colmo, en el viaje de vuelta IB3714 el avión no terminó en el finger sino que nos transportaron a la T4 en jardineras. Había un montón de fingers libres, es supongo un punto más en la cutrez imperante en Iberia."
IBS_0898,Iberia Express,Desconocido,Madrid,Bologna,Europe,enero de 2019,4,"Todo correcto, puntual y buen servicio. Los aviones son un poco pequeños, pero la realidad es que el espacio útil de cada plaza es mayor que el de otras compañías low-cost."
IBS_0899,Iberia Express,Desconocido,Las Palmas de Gran Canaria,Madrid,Domestic,febrero de 2019,4,"Excelente en puntualidad, trato amable. La distancia entre asientos sería mejorable, aunque entiendo que es una cuestión de costes. Sin embargo, el avión iba medio vacío. ¿Sería posible indicar la preferencia de pasillo o ventanilla en el embarque sin coste?"
IBS_0900,Iberia Express,Desconocido,Madrid,Fuerteventura,Domestic,Desconocida,1,"Interlocutoras sin empatia hacia los clientes, malas profesionales y mal educadas. Después de tener los billetes, por un error en una vocal de mi nombre, me cuesta cambiarlo 30 €, y para remate, tengo el billete donde pone una maleta facturada, y me dicen que no, y me toca pagar 10€. Ladrones!!!"
IBS_0901,Iberia Express,Desconocido,Madrid,Berlin,Europe,febrero de 2019,1,"Reservé unos vuelos Madrid-Berlin ida y vuelta por unos 150€, lo que parecía un buen precio. Este precio no incluía la maleta facturada, que nos costó 25€ por maleta y trayecto. Y el remate fue, que al hacer el checkin, te cobran 10€ por elegir asiento en cada trayecto, sin posibilidad de ser gratuito aleatoriamente. Curiosamente en ambos trayectos nos hicieron facturar el equipaje de mano alegando falta de espacio en la cabina. Los embarques fueron absolutamente caóticos, saliendo con bastante retraso. En resumen, condiciones de aerolínea de bajo coste a precio elevado de Iberia de toda la vida. No volveremos a viajar con ellos nunca más."
IBS_0902,Iberia Express,Desconocido,Madrid,Tenerife,Domestic,septiembre de 2018,4,"En el aeropuerto de Madrid, Terminal 4, el servicio de facturación fue rápido y sin contratiempo. A la hora de embarcar, pese a que el vuelo iba completo, no tuvimos problemas porque el personal asignan a los pasajeros la forma de entrar dependiendo de la numeración de los asientos. El despegue fue puntual y sin incidencias durante el trayecto, finalmente la llegada al aeropuerto de Tenerife sur, se produjo con quince minutos de antelación al horario previsto. La única pega que le pongo es el reducido espacio que hay entre los asientos, para algunas personas puede ser molesto."
IBS_0903,Iberia Express,Desconocido,Tenerife,Madrid,Domestic,enero de 2019,2,"Aunque sea un vuelo low cost, no tendría que ser incomodo, mido aprox 182 cm y mis piernas, y sobre todo las rodillas sufren lo que no está escrito cuando no puedes moverte en 3 horas que dura el vuelo. Otras Compañias semejantes que operan en estos vuelos son mucho mucho más cómodas"
IBS_0904,Iberia Express,Desconocido,Las Palmas de Gran Canaria,Madrid,Domestic,enero de 2019,4,Le pondria 5 puntos si la distancia entre asientos fuera algo mas espaciosa y la entrega de la maleta en Madrid T-4 fuera mas rapida.
IBS_0905,Iberia Express,Desconocido,Berlin,Madrid,Europe,Desconocida,5,"El avión era nuevo, el personal muy amable y atento y super puntual la salida y llegada (incluso unos minutos antes) Por supuesto que la comida es de pago, pero se puede bajar una app y disfrutar de contenido a bordo a través del celular"
IBS_0906,Iberia Express,Desconocido,Madrid,Reykjavik,Europe,febrero de 2019,1,"Iberia express me cobra la reserva por PayPal, pero luego me manda un mail que, justo al final, me dice que no puede confirmar la reserva. Debo llamarles en 24 horas para que no anulen la reserva (ya cobrada) a un teléfono de pago, faltaría más, donde me piden más datos (que ya tienen), datos de paypal, durante casi diez minutos... Que paga el cliente, por supuesto. Unos timadores"
IBS_0907,Iberia Express,Desconocido,Madrid,Tenerife,Domestic,agosto de 2018,4,"Hicimos un viaje que me gusto mucho y me lo pase muy bien.En el vuelo de ida muy bien pero en el de vuelta con complicaciones... Llamaron a las familias que viajaban con niños o en primera clase y nos metieron unos ladrones en el avión, por eso nos atrasaron el vuelo y no llegamos puntuales,las azafatas muy amables.En la ida llegamos antes de tiempo,en resumen muy bien."
IBS_0908,Iberia Express,Desconocido,Tenerife,Madrid,Domestic,enero de 2019,5,"Viajo habitualmente con Iberia Express y la puntualidad, en prácticamente todas las ocasiones, es inmejorable. Aspecto muy importante en un viaje."
IBS_0909,Iberia Express,Desconocido,Madrid,Naples,Europe,diciembre de 2018,3,"El espacio entre butacas no puede ser mas escaso, solo iriamos peor si nos ponen unos encima de otros"
IBS_0910,Iberia Express,Desconocido,Berlin,Madrid,Europe,enero de 2019,4,De las compañías low costa es la que mas agusto voy. la que mas comodidad y admas no e stan estricata a la hora de llevar la maleta de mano y un bolso donde meter las cosas que llevas a mano.
IBS_0911,Iberia Express,Desconocido,Seville,Madrid,Domestic,enero de 2019,3,"A una puntualidad exquisita no se le puede hacer reproches. Pero a un espacio entre asientos que sigue siendo modelo ""encajonese usted mismo"" se le debe poner muchos peros. Amen de ello, limpieza de cabina la justa."
IBS_0912,Iberia Express,Desconocido,London,Madrid,Europe,enero de 2019,2,Es lamentable que en un vuelo de 2hs y media mas las esperas al despegar y aterrizar cadi 3hs y media y mas alla de ser una low cost no puede ser que ni siquiera te den un vaso de agua. Incomprensible
IBS_0913,Iberia Express,Desconocido,Seville,Tenerife,Domestic,enero de 2019,3,"Puntual, entramos por letras, dejan poner muchos bultos en el maletero y puede no haber sitio para los últimos. Asientos con poca comodidad al ser muy fina la almohadilla. Por lo demás bien, salimos puntuales y llegamos incluso un poco antes de la hora,"
IBS_0914,Iberia Express,Desconocido,Madrid,Tenerife,Domestic,diciembre de 2018,2,"Una verdadera verguenza, deberian de viajar los directivos de Iberia en estos vuelos. Las PERSONAS no entran en los asientos del poco espacio que tienen. La gente iba de pie por la incomodidad de no entrar. El paripé de las normas de seguridad aérea, es un cuento. 1 en caso de aterrizaje/amaraje forzoso, es IMPOSIBLE DE ADOPTAR LA POSICIÓN QUE INDICAN LA NORMAS CLARO SACAR EL CHALECO SALVAVIDAS DE DEBAJO DEL ASIENTO.... TAREA IMPOSIBLE. El Ministerio de Transportes, Turismo y Comunicaciones debería INSPECCIONAR estas prácticas. Por cierto, el precio encima no es barato. Y que no le pase a nadie como me paso a mi, que una jovencita, se atrevió a reclinar el asiento. UNA VERGUENZA como siempre en este trayecto."
IBS_0915,Iberia Express,Desconocido,Tenerife,Madrid,Domestic,enero de 2019,3,Viaje en business.buena atención y excelente trato humano. Pésima comida y retraso en entrega de equipaje en barajas
IBS_0916,Iberia Express,Desconocido,Tenerife,Madrid,Domestic,Desconocida,5,"Como siempre puntualidad, comodidad y buen servicio. Ofrecen wifi a bordo, bebidas, snack. Amplia información a bordo. Rápido embarque, check-in anticipado. Económico con muy buen servicio. Lo tengo claro, siempre volare con Iberia. Lo recomiendo"
IBS_0917,Iberia Express,Desconocido,London,Madrid,Europe,Desconocida,1,"Viaje de gatwick a Madrid domingo 20/01/2019 a las 10:50. cerraron el mostrador de embarque en las narices de un grupo de 10 personas con sus maletas facturadas a bordo del avión por un abuso de autoridad del personal de seguridad que demoró a una viajera del grupo ralentizando su trabajo hasta el límite al ver a un grupo esperando mientras decía que veía perder aviones a diario. El personal de Iberia express en lugar de permitir el paso al grupo al avion, grupo que estaba en la puerta de embarque a la hora, ha gastado tiempo localizando bajando las maletas que sabían que eran nuestras.han tardado dos horas en devolverlas sin darnos información Durante ese tiempo. Después nos han acompañado a volver a pasar por control de pasaporte.la pesadilla ha durado 4 horas mientras no podíamos sacarnos otro billete al desconocer cuando terminaria todo ese caos y sin poder arriesgarnos a perder otro vuelo.al llamar a La compañía respondió ofertando vuelo de más de 400 euros por persona. Tras varias horas hemos comprado nuevos billetes escala incluida, dando una vuelta por Europa desde Londres a Madrid a incluyendo el gasto de taxi a heatrow que han sido 160 libras más."
IBS_0918,Iberia Express,Desconocido,Las Palmas de Gran Canaria,Madrid,Domestic,enero de 2019,2,"Siempre que vuelo con Iberia pasa lo mismo.... un caos de embarque. La gente se pone a la cola como en todas las compañías y ahí empieza el lío.... empiezan a llamar por grupos, la gente se amontona y empieza la desorganización y el cabreo de la gente. Sorprendido me quede cuando mandan embarcar primero a la gente sin equipaje de mano, empiezan a pasar pasajeros con mochilas más grandes que las maletas y el personal de tierra les permite el paso... a estas alturas no sabemos diferenciar un bolso de un equipaje de mano??? Una pareja que estaba a mi lado (con un enfado considerable) que tenían el grupo 3 dijeron que no iban a esperar a embarcar los últimos cuando estaban de los primeros en la cola, y cuál es mi sorpresa cuando pasan con el grupo 1 sin ningún problema ni control del personal de embarque, la gente se empieza a colar, el resto se enfada... una auténtica vergüenza!! Y si tienen que bajar maletas a bodega por falta de espacio, da igual que hayas llegado el primero que el último, si tienes el grupo 3 más vale que tengas suerte. Un auténtico desastre!!! El avión algo viejo pero por lo menos la tripulación tanto de ida como de vuelta muy amables y educados aún que en el vuelo de ida a Gran Canaria nos quedamos que no dábamos crédito cuando se pone el comandante a explicar la ruta, metodología, etc... y empieza a indicarnos donde está El Valle de los Caídos... no dábamos crédito a lo que estábamos escuchando... Mientras no organicen mejor los embarques... para pensarse volar con ellos."
IBS_0919,Iberia Express,Desconocido,Madrid,Las Palmas de Gran Canaria,Domestic,enero de 2019,3,"El espacio con el asiento delantero es mínimo, una persona de 1’80 ya va incómoda. No entiendo que se deje viajar con tanto equipaje en cabina, se llenan los compartimentos de maletas y el personal nos hace dejar abajo las mochilas o bolsas de mano. Así cualquiera que lleve un maletón va cómodamente y los que facturamos y solo entramos en cabina con un bolso tenemos que ponerlo debajo del asiento con la incomodidad que esto supone para las piernas en ese espacio tan limitado. No lo veo justo."
IBS_0920,Iberia Express,Desconocido,Madrid,Tenerife,Domestic,agosto de 2018,4,"low cost con precios un poco más altos que el resto pero el espacio en los asientos está muy bien, la puntualidad suele ser decente, el trato con la tripulación es normal y y nadie te molesta vendiendo constantemente cosas."
IBS_0921,Iberia Express,Desconocido,Madrid,Fuerteventura,Domestic,enero de 2019,1,"Caro y penoso, por el trato ,y el precio que es como si volaras en bissnes Vas en Ryanair y es igual o mejor Espacio de asientos penoso y a los tripulant@s que los eduquen"
IBS_0922,Iberia Express,Desconocido,Naples,Madrid,Europe,enero de 2019,4,"las segundas marcas de las grandes compañias areas como Iberia, BA, Air France,...han abaratado precios a base de dar menos servicios o cobrarlos. Iberia Express da un servicio suficiente, la atencion del personal es muy buena y la puntualidad positiva. Asi, para vuelos cortos, alrededor de 2 horas de vuelo, el resultado final es satisfactorio"
IBS_0923,Iberia Express,Desconocido,Madrid,Tenerife,Domestic,enero de 2019,2,El único aspecto positivo fue la puntualidad. La desaconsejo. La relación calidad-precio es muy mala.
IBS_0924,Iberia Express,Desconocido,Santiago de Compostela,Rome,Europe,noviembre de 2018,5,"He volado varias veces con ésta compañía, y en todas ellas´; tanto mi esposa como yo, salimos muy satisfechos, por su buen orden de embarque, puntualidad, limpieza y trato humano del personal de cabina y de mostrador. El único punto ""negativo"" a resaltar, es que el personal de cabina no habla español. te entienden lo que les dices, pero yo a ellos no. EN GENERAL EXCELENTE."
IBS_0925,Iberia Express,Desconocido,Budapest,Madrid,Europe,enero de 2019,4,"Puntualidad excelente, chek-in fácil de hacer, servicio correcto en el vuelo. El único inconveniente no es culpa de la empresa sino de los viajeros, que meten más bultos de los permitidos y los portaequipajes se llenan enseguida. Debería haber más control de las maletas que sube cada viajero o más conciencia de éstos."
IBS_0926,Iberia Express,Desconocido,Marrakech,Madrid,International,noviembre de 2018,5,"El vuelo desde Marrakech a Madrid por Iberia fue excelente, muy puntual, y esto era muy importante para nosotros que luego tomabamos un vuelo desde Madrid a Argentina. El servicio también dentro del avión y su tripulación fue muy bueno"
IBS_0927,Iberia Express,Desconocido,Madrid,London,Europe,Desconocida,1,"No vuelvo a viajar con esta compañía. El trato que se da a los viajeros es un absoluto desastre. Te hacen estar 40 minutos haciendo cola para poder entrar de los primeros con tu equipaje de mano y ellos deciden que va todo a bodega por la alta ocupación. Entras y resulta que está todo vacío y que los que llegan los últimos si pueden viajar con su maleta. Por otro lado el espacio, que casi es mejor no nombrarlo. No volveré a viajar con ellos, siguen sus propias normas sin respetar a los viajeros."
IBS_0928,Iberia Express,Desconocido,Madrid,Fuerteventura,Domestic,diciembre de 2018,3,Menos que normal. Cada vez los pasajeros tienen menos espacio y dependiendo de la duración del vuelo puede ser bastante molesto las estrechezes.
IBS_0929,Iberia Express,Desconocido,Tenerife,Madrid,Domestic,enero de 2019,4,"El viaje, avion, tripulacion y servicio correcto, puntualidad correcta. Asientos confortables, poco espacio entre asientos"
IBS_0930,Iberia Express,Desconocido,Madrid,Santa Cruz de la Palma,Domestic,diciembre de 2018,5,"todo muy bien, muy puntuales, todo correcto. el avión es relativamente cómodo, seguire viajando con iberia express"
IBS_0931,Iberia Express,Desconocido,Madrid,Berlin,Europe,diciembre de 2018,3,"El vuelo fue puntual, a pesar de que salimos con algo de retraso llegamos a la hora prevista. El piloto fue muy amable y nos comunicó varios detalles sobre el vuelo y la ruta que seguiríamos. Los vuelos directos siempre son una ventaja pero a medida que hay mayor competitividad entre compañías para abaratar tarifas y por tanto costes, los espacios para las piernas se van empequeñeciendo. No sé si fue solo una impresión o es que de verdad el espacio era más pequeño. En el vuelo de ida nuestros asientos aún fueron reclinables pero en el de vuelta ni siquiera eso. Lo que cada vez me gusta menos es el hecho de que cobren por facturar equipaje porque eso significa que en cabina irá la mayoría del equipaje del vuelo, es decir, que no puedes ni dejar tu abrigo en el portaequipajes superior. Ni que decir tiene que si quieres tomar algo es bajo coste."
IBS_0932,Iberia Express,Desconocido,Barcelona,Rome,Europe,noviembre de 2018,5,"Impecable en el servicio, puntualidad, comodidad, muy buen trato a bordo. Algo que no depende de la aerolinea es que al bajar del avion e ir a retirar las maletas, tardaron 20 minutos en la cinta para entregarlas, y yo tenia muy justo el horario del transfer, a tener en cuenta este detalle que yo no supe preveer."
IBS_0933,Iberia Express,Desconocido,Madrid,Lanzarote,Domestic,noviembre de 2018,4,"Viajé con mi marido y mis dos perritos en noviembre. La verdad es que el vuelo fue puntual, y el trato a mis perritos fue muy bueno. Por pedir, que el billete de los perros, teniendo en cuenta que viajan encima o debajo de mi, restándome espacio a mi misma, fuese más económio ya que no es que haya un sitio específico para gente que viaja con mascotas."
IBS_0934,Iberia Express,Desconocido,Madrid,Lanzarote,Domestic,diciembre de 2018,3,"Elegimos Iberia por estar cansado de Ryanair pero este vuelo fue terrible, desde el momento de la señal de poder desabrochar los cinturones fue que las azafatas pusieron los carritos para vender en los pasillos y hubo un atasco para ir al baño, primero había que esperar que ellas terminaran de vender pero debido a la presión de los pasajero no tuvieron otra opción que dejar pasar al baño. Es imposible descansar por el ajetreo que genera la venta de comida... la verdad alucine fue el viaje más cutre que he tenido en esta aerolínea. 100% feria en el aire."
IBS_0935,Iberia Express,Desconocido,Madrid,London,Europe,noviembre de 2018,5,excelente servicio muy puntuales tripulacion muy agradable y servicial como siempre con Iberia. precio muy economico.
IBS_0936,Iberia Express,Desconocido,Madrid,Las Palmas de Gran Canaria,Domestic,octubre de 2018,5,Se agradece viajar sin sobresaltos. Buen servicio. Puntualidad. En esta época de contratiempos.. retrasos.... inseguridad.....es un valor encontrar una Compañía que dé confianza. Repetiré.
IBS_0937,Iberia Express,Desconocido,Madrid,Paris,Europe,diciembre de 2018,5,Fue muy sencillo el check ing y no hubo retiro de equipaje ya que viajamos solo con equipaje de mano
IBS_0938,Iberia Express,Desconocido,Madrid,Palma de Mallorca,Domestic,diciembre de 2018,1,No lo recomiendo para nada nos juzgaron por ser “CHINOS “ Muy mal educados y a él tampoco le gustaría que se lo hicieran
IBS_0939,Iberia Express,Desconocido,Tenerife,Rome,Europe,agosto de 2018,5,"El avión era un Airbus nuevecito, con mucho espacio para las piernas, lo que para mí es muy importante porque viajo con mi perrita y tengo que poner el transportín en el suelo. La tripulación muy amable y un vuelo sin incidencias.De las pocas low cost que admiten animales; repetiré en las próximas vacaciones."
IBS_0940,Iberia Express,Desconocido,Madrid,Lanzarote,Domestic,diciembre de 2018,3,"Normal, ni bien ni mal. llevaba salida de emergencia, por lo que fui cómodo. lo habitual no ofrecían agua ni nada de comer."
IBS_0941,Iberia Express,Desconocido,Madrid,Venice,Europe,diciembre de 2018,3,"No facturamos. Pudimos llevar en cabina una maleta cada uno de las dimensiones reglamentarias y además una mochila cada uno sin problemas cosa que en otras Low Cost no te permiten o te ponen muchos problemas. El embarque bien organizado por grupos. El personal amable y el trato correcto. A la ida cogimos asiento en salida de emergencia para más espacio pero para un vuelo corto de poco más de 2 horas realmente creo que no merece la pena. A la vuelta no lo cogimos y tampoco hay mucha diferencia aunque el espacio en los asientos es bastante escaso, como en todas. El precio de los pasajes cogidos con unos tres meses de antelación, bastante barato. En resumen todo bien. Si hay posibilidad en otra ocasión elegiría Iberia sin problemas, mejor que otras Low Cost."
IBS_0942,Iberia Express,Desconocido,Madrid,Tenerife,Domestic,Desconocida,1,"En este vuelo descubrí como logra ser la low cost más puntual: con una muy poco ética política de equipajes. Estas en el aeropuerto super temprano para que no te facturen la maleta y aún así lo hacen a mitad de la cola habiendo sitio libre en el avión aún. Finalmente parte de esos huecos los utilizan los últimos en llegar e incluso hay huecos vacíos en el despegue. Ya no se respeta ni el orden de la cola. Que criterio discriminatorio aplican para a pesar de llegar 2 horas antes al aeropuerto tengas que esperar 1 hora en destino esperando maletas? La reacción de la tripulación fue de desentendimiento total y falta de comprensión. Te ignoraban incluso. Una vergüenza! Aun que después del trato que le dieron hace poco a una compañera embarazada, que esperar de ellos..... Te trata mil veces mejor Ryanair con todo lo cutre que ya se sabe que es pero por lo menos no es discriminatoria y racista!"
IBS_0943,Iberia Express,Desconocido,Madrid,Las Palmas de Gran Canaria,Domestic,noviembre de 2018,4,"El vuelo muy bueno. La ida sin incidencias;La vuelta, tuvimos hora y media de retraso. La explicación fue que había salido con retraso y era el que nos volvía a llevar a Madrid."
IBS_0944,Iberia Express,Desconocido,Paris,Madrid,Europe,diciembre de 2018,2,"Todo fue correcto, despegue, atención, y aterrizaje, pero en lo primordial que es el lugar donde vienes sentado más dos horas es pésimo, sillones súper estrechos, no podía sentarme normal, tenía que abrir las piernas y aún así molestaba a los otros pasajeros, muy mal por Iberia."
IBS_0945,Iberia Express,Desconocido,Madrid,Tenerife,Domestic,diciembre de 2018,3,"Vuelo regulas de iberia espress a Tenerife sur. Salimos con mas de media hora de retraso( por las condiciones metereologicas en Madrid nos dijeron). Elegi este vuelo por ir al sur, la mayoria te dejan en el norte. Las plazas del avion para mi gusto demasiado estrechas. He volado a la isla con Ryan Air y cor Air Europa y no he notado una gran diferencia en calidad. Consejo: adquirir los billetes con muchos meses de antelacion, te ahorras una pasta."
IBS_0946,Iberia Express,Desconocido,Madrid,Las Palmas de Gran Canaria,Domestic,noviembre de 2018,4,"Calidad Precio muy aceptable. Puntualidad exquisita. Repetiré sin duda. La garantía de saber que vuelo con una compañía solvente me da tranquilidad. Sin problemas con el equipaje, aunque lleves una maleta y una mochila de dimensiones considerables (en cabina) no se meten contigo. En otras compañías me hubiera costado más facturar el exceso de equipaje que el billete en sí (doy fe porque ya me lo quisieron hacer en una ocasión en Ryanair)."
IBS_0947,Iberia Express,Desconocido,Seville,Madrid,Domestic,diciembre de 2018,2,La mejor manera de probar a viajar enlatado. La proximidad del asiento delantero hacía prácticamente imposible abrir un portátil sobre la mesita. Al menos fue un vuelo puntual. Están muy lejos de lo que venden en su publicidad.
IBS_0948,Iberia Express,Desconocido,Madrid,Malaga,Domestic,noviembre de 2018,4,Atención correcta y a disposición del pasajero con adecuada comodidad y una profesional atención del personal de a bordo. Vuelo corto y puntual.
IBS_0949,Iberia Express,Desconocido,Tenerife,Madrid,Domestic,diciembre de 2018,2,"En el viaje de ida (Madrid-Tenerife Norte) tuvimos retraso a causa, dijeron, de la niebla. Los comentarios entre los viajeros sobre la estrechez entre los asientos y la dureza e incomodidad de los mismos no se hizo esperar. Este avión iba más limpio y sus instalaciones parecían menos viejas. El viaje de vuelta fue peor, en lo que a instalaciones y limpieza se refiere, como he dicho al rellenar los distintos campos."
IBS_0950,Iberia Express,Desconocido,Las Palmas de Gran Canaria,Madrid,Domestic,diciembre de 2018,4,"Buena aerolínea, muy puntual y el personal muy servicial. Lo peor la T4, tardamos más de 90 minutos en recoger las maletas."
IBS_0951,Iberia Express,Desconocido,Madrid,Granada,Domestic,agosto de 2018,2,"Más de una hora de espera. Tuvimos que acceder al avión sin protección ante el diluvio que caía, teniendo que dejar el equipaje de mano antes de subir las escaleras del avión. Avión pequeño y estrecho. No voy a comentar el vuelo porque entiendo las condiciones climatológicas que en ese momento se producían, pero decir que el piloto tuvo las agallas suficientes para aterrizar en Granada. Eso fué lo único bueno."
IBS_0952,Iberia Express,Desconocido,Tenerife,Madrid,Domestic,diciembre de 2018,4,"La verdad que me llevé una mala experiencia en tierra ya que al intentar acceder al avión que por cierto estaba puntual,,, había comprado asientos xl al lado ventana de salida de emergencia para tener prioridad en el embarque y no me permitieron entrar de los primeros..La sorpresa fué cuando llego a mis asientos y veo que la gente de los otros asientos xl si estaban sentados. de ahí que fuera del avión poca profesionalidad.Dentro todo perfecto y dentro de los horarios. El regreso en primera clase muy cómodo y se te pasa el tiempo sin darte cuenta. Muy recomendable."
IBS_0953,Iberia Express,Desconocido,Madrid,Las Palmas de Gran Canaria,Domestic,diciembre de 2018,4,"Deberian organizar el tema de equipaje de mano de otra manera, no a la hora de subir al avion, colas para que 1 sola persona nos pusiera etiquetas para ir en bodega y luego habia sitio en los maleteros del avion. Esto solo me ocurrio a la ida."
IBS_0954,Iberia Express,Desconocido,Madrid,Las Palmas de Gran Canaria,Domestic,mayo de 2018,4,Todo bien. Fue in viaje confortable y salvo en el regreso que se demoro un poco por demoras de algún pasajero.
IBS_0955,Iberia Express,Desconocido,Madrid,Reykjavik,Europe,Desconocida,5,Precios bastantes buenos para una línea muy puntual. En los 3 vuelos ida y vuelta que he utilizado esta línea el personal ha sido muy amable. Y por norma general siempre llega antes de tiempo. Muy recomendable.
IBS_0956,Iberia Express,Desconocido,Madrid,Las Palmas de Gran Canaria,Domestic,diciembre de 2018,4,"Generalmente puntual y con buen servicio a bordo. Se ha convertido en usual el retirar el equipaje de mano a los últimos pasajeros que embarcan, pasándolo a bodega y quedando después espacio libre en cabina. ¿No sería más facil hacer asequible desde un principio que los pasajeros puedan facturar sin coste?. Así se evitarían los inconvenientes causados."
IBS_0957,Iberia Express,Desconocido,Madrid,Palma de Mallorca,Domestic,noviembre de 2018,2,NUNCA SABES SU POLITICA DE MALETAS DE MANO A BODEGA. Debería conocerse previamente esta política de forma transparente y seria.
IBS_0958,Iberia Express,Desconocido,Madrid,Las Palmas de Gran Canaria,Domestic,diciembre de 2018,5,"Vuelo perfecto en facturación, embarque y puntualidad, además sobraban asientos y me pude acomodar por sugerencia de la azafata en un asiento de salida de emergencia mucho mas espacioso."
IBS_0959,Iberia Express,Desconocido,Las Palmas de Gran Canaria,Madrid,Domestic,diciembre de 2018,5,"Vuelo perfecto. La facturación en el aeropuerto de Gran Canaria fue rapidísima, y el embarque en hora previsto. Se llegó antes de tiempo y el vuelo no tuvo complicaciones. Se nos cambio de asientos por disponibilidad a otros mejor situados."
IBS_0960,Iberia Express,Desconocido,Madrid,Lanzarote,Domestic,agosto de 2018,4,"La verdad es que fue todo muy normal, como tiene que ser, ya que las novedades suelen ser la mayoría de ellas todas malas. El embarque fue rápido, el vuelo bien y un poco antes del tiempo estimado de llegada, que puedes pedir más. Iberia me da siempre seguridad y sobre todo la cogí ya que en otras compañías por las fechas que yo viajaba podían tener problemas de huelga, así que no arriesgue."
IBS_0961,Iberia Express,Desconocido,Madrid,Rome,Europe,septiembre de 2018,5,"Pese a que puede, en ocasiones ser un poco mas caro que otras compañias, merece la pena. Llevar el equipaje de mano en cabina, ahorra los tiempos de espera para su recogida. Destaca la absoluta puntualidad en los horarios, siempre que he viajado con ellos.Absolutamente recomendable"
IBS_0962,Iberia Express,Desconocido,Madrid,Naples,Europe,diciembre de 2018,5,No solo tener la seguridad de la profesionalidad del personal basta para que un vuelo sea confortable de inicio a fin. Tanto el personal de tierra como la tripulación colaboraron para que todo resultara excelente. Ademas puntualidad rigurosa!!
IBS_0963,Iberia Express,Desconocido,Amsterdam,Madrid,Europe,diciembre de 2018,4,"INo deja de ser una opcion de low cost, en este caso de Iberia. El precio era bastante competitivo, el avion logicamente pequeño, pero el personal muy amable. Recomendable para trayectos cortos!"
IBS_0964,Iberia Express,Desconocido,Santiago de Compostela,Madrid,Domestic,diciembre de 2018,4,Viaje se Santiago a Madrid por motivos de trabajo. Destacar la organización y la puntualidad de los vuelos.
IBS_0965,Iberia Express,Desconocido,Madrid,Tenerife,Domestic,septiembre de 2018,3,"las condiciones del avion muy buenas pero como siempre iberia se tiene que retrasar y no entiendo el porque de esta situacion. Un pequeño detalle nosotros llevabamos las maletas embaladas de casa y nos lo hicieron quitar, es la primera vez que me ocurre y me parecio de lo mas bochornoso porque la azafata de tierra fue un poco borde. Lo hacen para que gastemos dinero alli? pues me parece lamentable señores."
IBS_0966,Iberia Express,Desconocido,Madrid,Zurich,Europe,diciembre de 2018,4,"buen espacio entre asientos y sobre todo la novedad de tener ""intranet de iberia "" en el vuelo, películas, entretenimientos para los niños."
IBS_0967,Iberia Express,Desconocido,Vigo,Madrid,Domestic,noviembre de 2018,4,"Me gusto su organización y su puntualidad ,he viajado en varias compañías distintas ,la que prefiero es esta."
IBS_0968,Iberia Express,Desconocido,Madrid,Palma de Mallorca,Domestic,Desconocida,3,"Buen servicio en general pero tuvimos retraso de 40 minutos ya que el avion llegó tarde de otro vuelo anterior. Eso es lo peor, por lo demas todo bien. Una vez que llego el avion el embarque fue bastante rapido y recuperó algo de tiempo en el vuelo."
IBS_0969,Iberia Express,Desconocido,Madrid,Las Palmas de Gran Canaria,Domestic,octubre de 2018,4,El vuela despegó con puntualidad. La atencion en cabina buena. Los asientos cómodos sin más para un vuelo de un par de horas. Facture una maleta y fue sencillo y rápido. Volveré a volar con esta compañía
IBS_0970,Iberia Express,Desconocido,Seville,Madrid,Domestic,noviembre de 2018,4,"Iba totalmente tranquila, un vuelo mucho mas espacioso que otras aerolineas low cost. Organizacion buena y a los tripulantes los entiendo ;)"
IBS_0971,Iberia Express,Desconocido,Palma de Mallorca,Tenerife,Domestic,Desconocida,5,"Con iberia express tuvimos que coger 2 vuelos para llegar a Tenerife!!! Fueron puntuales en idas y vueltas y fue un gustazo volar. Nunca habia topado con puntualidad, siempre he sufrido demoras y mi primera vez en iberia express fue de lujo."
IBS_0972,Iberia Express,Desconocido,Madrid,Las Palmas de Gran Canaria,Domestic,octubre de 2018,3,"Hay muy poco espacio en los asientos,me sentiento comprimido en el avion,no existe atencion,ni ayuda. El viaje comienza en el vuelo,un vuelo agradable,deja una sensacion diferente."
IBS_0973,Iberia Express,Desconocido,Madrid,Fuerteventura,Domestic,noviembre de 2018,2,"El espacio entre asientos de Iberia Express es de los mas reducidos del mercado, sobre todo para un vuelo que dura mas de 2 horas y media. La comodidad de los asientos también deja mucho que desear, ya que se han convertido en tablas de planchar duras y estrechas. Francamente incomodo!"
IBS_0974,Iberia Express,Desconocido,Athens,Madrid,Europe,Desconocida,1,"El vuelo, además de tener un espacio entre asientos claramente insuficiencia, el trato del personal de vuelo fue estrambóticamente deficiente. Estaba sentado en fila 15, aproximadamente en el centro del avión, y se pusieron a repartir unos sándwiches y bebida. Después de esperar más de media hora en repartir las 14 filas precedentes, la auxiliar de vuelo se dirige a mis compañeros de viaje de izquierda y derecha, ignorándome incluso evitando el contacto visual, y cuando la auxiliar de vuelo iba a pasar a la fila siguiente sin haberme dirigido la palabra, tuvo que ser uno de ellos quién le advirtió: "" y a el no le sirves?"" A lo que repitió lo que ya desde la fila 10 venía diciendo.. ya no quedaban sándwiches, ofreciendo unicameral bolsitas de cacahuetes aunque al ofrecer la bebida, la personalizó : solo cerveza y ""agüita"". Creo no son formas de hablar a un adulto de 55 años. Mucho me temo que no era esa auxiliar de vuelo la responsable, sino de algún superior que permite ese trato y esa dejadez en el servicio, y que tampoco sabe tener una intendencia mínima para un vuelo en el que saben desde hace días el número de personas que van en el."
IBS_0975,Iberia Express,Desconocido,Madrid,Berlin,Europe,diciembre de 2018,3,"Señores de Iberia Express han pensado alguna vez que las personas necesitamos un mínimo de espacio entre asientos?? Un horror de vuelo, 3 horas sin moverte para no deshacer la postura....lo mismo si me muevo no entro otra vez.... Tengo que decir que la tripulación excelente, amables y muy buenos colocando los equipajes en los maleteros..esa es otra señores un bulto en cabina, no tres"
IBS_0976,Iberia Express,Desconocido,Madrid,Paris,Europe,noviembre de 2018,5,"El vuelo con Iberia Express bien, sin incidentes ni quejas; sin embargo la terminal 3 del aeropuerto Charles de Gaulle horrible. Debería actualizarse y evitar la pérdida de tiempo en los controles, facturación, etc."
IBS_0977,Iberia Express,Desconocido,Madrid,Palma de Mallorca,Domestic,diciembre de 2018,4,"Esta compañía ofrece una opción económica para viajar a Mallorca, estricta con la puntualidad, no recomiendo llevar mucho equipaje, se complica la cosa."
IBS_0978,Iberia Express,Desconocido,Madrid,Cagliari,Europe,agosto de 2018,4,Ofrece muchos vuelos a buen precio en horarios cómodos y sin escalas. Los aviones son algo incómodos por el pequeño espacio que queda entre las filas.
IBS_0979,Iberia Express,Desconocido,Madrid,Las Palmas de Gran Canaria,Domestic,Desconocida,4,"Mi primer viaje con Iberia y en este caso con Iberia Express me ha resultado cómodo, dispone de Wifi durante el viaje y el personal es atento, pero deberían de estar más atentos con aquellos pasajeros que no apagan sus móviles durante el aterrizaje y el despegue ya que había algunos que no hacían caso a las recomendaciones de apagarlo. Por lo demás he de decir que todo bien,muy similar a Air Europa o Spanair"
IBS_0980,Iberia Express,Desconocido,Fuerteventura,Madrid,Domestic,noviembre de 2018,4,"A pesar de la poca demora al embarcar, llegamos a la hora indicada al aeropuerto de destino, me gustó mucho poder facturar una maleta en bodega y así poder ir ligera de peso en cabina."
IBS_0981,Iberia Express,Desconocido,Tenerife,Madrid,Domestic,octubre de 2018,1,"Si bien teníamos claro que no correspondía comida , que debiamos pagarla , te muestran una carta que no condice con lo que te traen. En la tabla mostraba distintos fiambres y quesos, pero resulta que los quesos los cobran a parte. Realmente unos chantas. Pedimos un jugo de naranja, lo pagamos y nos sirvieron menos de la mitad del vaso. Es un negocio redondo Y lo peor que en otro tramo de vuelo de ida de Tenerife a Algabre , con conexion Madrid, mi única valija quedó en Tenerife, y me la devolvieron a las 36 horas. Fuimos por 4 dias a la playa , y perdi un dia y medio, ya que toda mi ropa estaba en la valija y lo peor es que ademas llevaba medicación para mi gastritis y quede si ella ya que alli nadie te vende sin receta. No entendí por que no la trajeron en el próximo vuelo que era a 4 horas de diferencia y no 36. Nunca mas viajo en Iberia"
IBS_0982,Iberia Express,Desconocido,Madrid,Miami,International,diciembre de 2018,4,"Un vuelo cómodo, se hace un poco largo. Tuvimos retraso en la salida, debido a una maleta cargada sin su dueño. El retraso no lo recuperó nunca. El paso por emigración con VISA de ESTA ha mejorado mucho y ahora se hace rápido."
IBS_0983,Iberia Express,Desconocido,Tenerife,Madrid,Domestic,diciembre de 2018,4,En general Iberia Express es una compañia puntual y si sale algo mas tarde recupera el retraso durante el vuelo. El servicio a bordo es bueno.
IBS_0984,Iberia Express,Desconocido,Madrid,Palma de Mallorca,Domestic,diciembre de 2018,3,"Esta compañía tiene buen precio, lo que ya la hace atractiva. A destacar la puntualidad y personal amable."
IBS_0985,Iberia Express,Desconocido,Madrid,Brussels,Europe,septiembre de 2018,4,"Puntual y buen servicio, llegó a tiempo.Lo único malo fue que las maletas que subes al avión sin documentar si no caben las mandan abajo."
IBS_0986,Iberia Express,Desconocido,Madrid,Trondheim,Europe,julio de 2018,3,"Los horarios de salida y llegada se cumplieron sin retrasos, el personal de cabina muy atentos, pero el espacio del asiento bastante reducido, muy incómodo."
IBS_0987,Iberia Express,Desconocido,Madrid,Las Palmas de Gran Canaria,Domestic,diciembre de 2018,4,"Me vine de vacaciones con mi familia, un bebé y un niño de tres años, y la verdad es que las plazas son bastante amplias y encima con servicio de entretenimiento para móviles y tablets, por un precio medio de 50€ ida y vuelta!!!!!"
IBS_0988,Iberia Express,Desconocido,Tenerife,Madrid,Domestic,diciembre de 2018,5,Llevo varios año utilizando Iberia para mis vuelos a la Península desde Tenerife y siempre los vuelos son puntuales. Muy raras vez he llegado tarde al destino.
IBS_0989,Iberia Express,Desconocido,Copenhagen,Madrid,Europe,septiembre de 2018,5,"Fantástico, servicio, comodidad, precio, bueno todo lo que puedo decir de Iberia es que es magnifica"
IBS_0990,Iberia Express,Desconocido,Amsterdam,Madrid,Europe,diciembre de 2018,5,"El pasado puente de diciembre volé con iberia Express desde Amsterdam a Madrid, y la verdad es que fue un viaje perfecto. El embarque fue rapido y cómodo, y aunque a mi no me tocó facturar la maleta, es cierto que a algunas personas sí les tocó hacerlo, pero por lo menos no fue pagando como en Ryanair, donde desde hace un mes hay que pagar si o si por llevar el equipaje de mano (25€) si no has pagado embarque prioritario. La verdad es que una de las azafatas no fue la más simpática del mundo, pero por todo lo demás muy bien! Yo si puedo elegir, ya siempre vuelo en Iberia Express por Europa."
IBS_0991,Iberia Express,Desconocido,Madrid,Las Palmas de Gran Canaria,Domestic,Desconocida,5,Para viajar por Europa utilizo mucho Iberia Express como compañía low cost y la experiencia siempre ha sido excelente. Es poco común que lleguen con retraso y la calidad de la tripulación (pilotos sobre todo) es muy buena. Te admiten una maleta de mano y no ponen tantas pegas como Ryanair. Muy recomendable.
IBS_0992,Iberia Express,Desconocido,Madrid,Palma de Mallorca,Domestic,Desconocida,4,"Los últimos vuelos nacionales los he realizado con Iberia Express y me ha parecido un servicio apropiado. Ventajas: Ante todo la gran puntualidad tanto en la salida cómo en la llegada. Además, los precios son muy ajustados y el trato al cliente correcto. Inconvenientes : Al ir los vuelos muy llenos, se tarda un buen rato en desembarcar. Por otra parte, las salidas y llegadas en Madrid son desde la T4, lo que puede suponer una molestia adicional, especialmente para las personas mayores. En cualquier caso, me parece una opción francamente interesante."
IBS_0993,Iberia Express,Desconocido,Berlin,Madrid,Europe,noviembre de 2018,5,"El aeropuerto de Tegel es céntrico y pequeño. Lo recomiendo mucho más que el de Schonefeld que está en el quinto diablo. Iberia ha logrado operar desde Tegel a pesar de ser una Low Cost y esto se agradece. El servicio fue muy bueno y el vuelo puntualísimo: llegó incluso 15 minutos antes de lo previsto. Lo recomiendo mucho, a pesar de que tuvimos la mala suerte de que nos tocara una sala de embarque heladora con las puertas todo el rato abiertas. Y Berlín, estupendo wie immer."
IBS_0994,Iberia Express,Desconocido,Las Palmas de Gran Canaria,Madrid,Domestic,Desconocida,3,"No está mal, pero podrían mejorar. Me encanta lo de la puntualidad, que casi siempre lo consiguen, al menos en los vuelos que he realizado, sin embargo, nos llevan como sardinas en lata, lo de los asientos parece una broma, no son más estrechos porque ya sería un insulto. Los aviones son Airbus que siempre han dado buen servicio y rendimiento, y, hablando de los precios pues lo de siempre, son baratos pero no todos En fin , vuelo con ellos porque la compañía me inspira confianza."
IBS_0995,Iberia Express,Desconocido,Granada,Madrid,Domestic,noviembre de 2018,4,"UN avion pequeño muy cómodo, vuelo de low cost, sin servicio a bordo, adecuado para vuelos cortos. Igualmente la atención del personal muy buena en todos los lugares."
IBS_0996,Iberia Express,Desconocido,Tenerife,Madrid,Domestic,diciembre de 2018,1,"Es una lástima que una compañía low cost amparada con el nombre de Iberia de un servicio tan nefasto. Los asientos más finos que un folio, incómodos hasta decir basta y el servicio de catering lamentable. Íbamos en la fila 30 y al llegar a nuestra fila tan solo quedaban dos botes de noodles ( de dudoso aspecto), para calentar en microondas...teniendo en cuanta la hora del vuelo (14h), me parece increíble la falta de previsión en cuanto al servicio de catering. Es una pena las rutas de Iberia que se han pasado a Iberia express. Dudo mucho que repita!!!"
IBS_0997,Iberia Express,Desconocido,Madrid,London,Europe,diciembre de 2018,4,"Iberia Express, una inteligente elección, con aeronaves nuevas, buena tripulación y asientos con un espacio suficiente , y ha un precio muy competitivo. Puntuales y serios"
IBS_0998,Iberia Express,Desconocido,Madrid,Tenerife,Domestic,abril de 2018,5,Todo ha sido sorprendente. La calidad y el trato ha sido de un vuelo de linea no de low cost. Nos han tratado estupendo. Recomiendo con creces!
IBS_0999,Iberia Express,Desconocido,Tenerife,Madrid,Domestic,octubre de 2018,1,"Iberia ya no vuela a Tenerife Norte, por lo que ahora solo vuela Iberia Express. Las diferencias son notables, antigüedad y experiencia de la tripulación de cabina, mayor en Iberia que en su low cost y calidda del servicio, pero lo más incómodo es el espacio es el espacio entre asientos. En Iberia express una persona de más de 1,70 apenas tiene espacio entre las rodillas y la butaca de delante. Si cumplen estas características y lo pueden evitar busquen una alternativa. Yo vuelo en Air Europa o Norwegian siempre que puedo."
IBS_1000,Iberia Express,Desconocido,Madrid,Dublin,Europe,Desconocida,5,"Volamos unas amigas a pasar el fin de semana a Dublín del 19 al 21 de octubre y la verdad es que, sacando el billete con antelación el precio fue más que bueno, no nos cobraron por el equipaje de mano y podíamos llevar el bolso. En ambos vuelos hay que destacar la exquisita puntualidad de salida y de llegada"
IBS_1001,Iberia Express,Desconocido,Madrid,Dublin,Europe,Desconocida,3,"Fue un vuelo puntual, tanto a la hora de salida como de llegada. El personal muy amable pero los asientos son muy pequeños e incómodos. Desde mi punto de vista son más incómodos que los de la compañía Ryanair."
IBS_1002,Iberia Express,Desconocido,Madrid,Nice,Europe,septiembre de 2018,4,"Profesionalidad y calidad por encima de todo. Se trataba de un avion pequeño, Bombardier CRJ1000, que es incomodo para el equipaje de mano. A pesar de ello el avión impecable, el personal profesional. recomendable 100%"
IBS_1003,Iberia Express,Desconocido,Madrid,Naples,Europe,agosto de 2018,5,"Línea con puntualidad exquisita y los billetes a un buen precio, siempre que los adquieras con tiempo o aproveches las ofertas"
IBS_1004,Iberia Express,Desconocido,Santiago de Compostela,Madrid,Domestic,octubre de 2018,5,"Fue viaje ida+vuelta y resultó bastante cómodo y sin contratiempos, tanto los vuelos como los momentos de revisión de equipaje de mano, ""scaner corporal"" y embarque. Además en los 2 trayectos llegamos con minutos de antelación y nos regalaban la opción de facturar pero solo llevábamos equipaje de mano. Lo ""malo"" fue que siempre nos da error la compra online y acabamos llamando a Iberia para que un operador formule el pago correctamente."
IBS_1005,Iberia Express,Desconocido,Madrid,Oslo,Europe,Desconocida,1,"Llevo volando muchos años, pero nunca habia visto menos espacio para las piernas que en el avion de iberia express. A la llegada a Madrid, a pesar de que era de madrugada tuvimos que esperar mas de cuarenta y cinco minutos para que salieran las maletas. No vale todo para ofrecer prdcios bajos"
