id,airline,origin_user,origin,destination,flight_type,travel_date,rating,review_text
IBE_0001,Iberia,Desconocido,Madrid,Tenerife,Domestic,abril de 2026,1,"In April of 2025, I was utilizing Iberia for a connection flight from Madrid to Tenerife to go to my best friend's wedding. Several month before I get an email saying that changes were required for my flight. I called and they said no changes were necessary and my trip was all set. Fast forward I take my United flight to Madrid, and try to check in for my flight with Iberia. They didn't have any record of my flight and I spoke with 6 different people trying to get it sorted out. The first 5 people were incompetent, and refused to provide assistance. Eventually, I was told that I wasn't listed on the flight I was originally booked for. They put me on stand by and by the grace of god, people didn't make their flight and I was able to board. Iberia never boarded my luggage and I arrived at Tenerife without any clothing for the wedding I was attending. I was told that if I needed to buy clothes they would reimburse me. I have called Iberia claims department 5 different timed over the last year trying to get my reimbursement, and every time I spoke with someone they said their was a problem with my payment and they had to re-initiate it. I have yet to receive my funds. I highly recommend finding an alternative airline. En abril del 2025, utilicé los servicios de Iberia para un vuelo de conexión de Madrid a Tenerife para ir a la boda de mi mejor amigo. Varios meses antes recibí un correo electrónico diciendo que se requerían cambios para mi vuelo. Llamé y me dijeron que no era necesario ningún cambio y que mi viaje estaba listo. ,tomé mi vuelo de Estados Unidos a Madrid y intenté facturar mi vuelo con Iberia. No tenían ningún registro de mi vuelo y hablé con 6 personas diferentes tratando de resolverlo. Las primeras 5 personas eran incompetentes y se negaron a prestar asistencia. Finalmente, me dijeron que no estaba en la lista del vuelo para el que estaba reservado originalmente. Me pusieron en espera y por la gracia de Dios, algunas personas no tomaron su vuelo y yo pude abordar. Iberia pero mi equipaje nunca llegó a Tenerife y porsupuesto llegué a Tenerife sin ropa para la boda a la que asistía. Me dijeron que si necesitaba comprar ropa, me reembolsarían. He llamado al departamento de reclamaciones de Iberia 5 veces diferentes durante el último año tratando de obtener mi reembolso, y cada vez que hablaba con alguien me decían que había un problema con mi pago y que tenían que volver a iniciarlo. Todavía no he recibido mis fondos. Recomiendo encarecidamente encontrar una aerolínea alternativa."
IBE_0002,Iberia,Desconocido,Las Palmas de Gran Canaria,Denver,International,febrero de 2026,1,"Me perdieron la maleta y ya hacen 2 semanas desde que pasaron los 21 dias y aun no son capaces de enviar el correo para empezar el proceso de indemnización. Llamo todos los dias y lo unico que me dicen es que tengo que esperar y que envian un mensaje para que den mas urgencia al caso, pero nada... Es absurdo el tiempo que tardan. Sigo sin maleta y sin indemnización"
IBE_0003,Iberia,Desconocido,New York City,Madrid,International,abril de 2026,1,"Iberia maltrata a sus clientes, incluso siendo Platino. Ha cambiado a toda mi familia sin avisar los asientos de un vuelo de larga duración por la noche sin tener en cuenta la tipología de asientos reservados previamente (en mi caso 2 meses antes) ni la fidelidad como cliente Platino. Nos han colocado en asientos peores al final del avión y separados sin ninguna causa justificada y sin dar ninguna solución."
IBE_0004,Iberia,Desconocido,Milan,Madrid,Europe,abril de 2026,1,"Horas antes me cambian el asiento según dicen por cambio de avión. Pagué mi selección de asiento 16e po sentarme justo donde elegí por otro 14 filas más atrás, ocasionandome, estrés, perdida de tiempo para imprimir la nueva tarjeta de embarque y tiempo para ponerles la debida reclamación de reembolso. Iberia = aiBIRRlA=desastrosos y estafadores"
IBE_0005,Iberia,Desconocido,Madrid,Milan,Europe,abril de 2026,1,"Unas horas antes nos cambian los asientos que ya habíamos pagado, por otros atrás del avión de peor calidad, a mis tres hijos menores separados. Si es por cambio de aeronave como dicen, que nos den los asientos lo más parecido a como los teníamos pagados. Siempre es en detrimento al viajero, con el dineral que cobran. Desastrosos."
IBE_0006,Iberia,Desconocido,Desconocido,Desconocido,Desconocido,abril de 2026,1,"ultimamente Iberia es un desastre. me deben una devolucion desde hace 1 mes. Excusas siempre. he llamado como 15 veces Por otro lado pedir facturas es terrible. Si coges un vuelo, reservas asiento y facturas equipaje, son 3 facturas que tienes que pedir de manera individual a traves de su web y tardan mas de una semana en enviarlas. Para ir a Cádiz o a Donosti prefiero 1000 veces coger un tren. Muy mal servicio. Cada vez peor."
IBE_0007,Iberia,Desconocido,Alicante,Buenos Aires,International,marzo de 2026,1,Este es mi segundo vieje en el que mi equipaje me llega demorado. La primera vez me dijeron que 48hs y llego a los 4 dias. Me dijeron que podia hacer los gastos de primera necesidad y me reconocieron la mitad de lo que gaste. Ahora me dijeron que lo recibiria al otro dia antes de las 11 y ahora me dicen que todavia no fue embarcado en Madrid
IBE_0008,Iberia,Desconocido,Barcelona,Caracas,International,febrero de 2026,1,"Luego de tratar de gestionar un cambio de fechas, de un pasaje que inicialmente fue cancelado por suspensión de vuelos entre España y Venezuela, se acepta en priera instancia el cambio a otra fecha, ahora trato de cambiar esa fecha pese a que en mi tarifa ida Confort y vuelta optima me indica que en el 1er tramo no pago diferencia y que en el segundo debo pagar una penalización de 180 y como no me permite realizar la gestión online 35 euros de gestión, se hizo imposible ya que me quieren cobrar una cambio de tarifa de 3200€, siendo que verifico a través de la página oficial de iberia ""t.co/CYsX0f9x5l"" coloco las fechas y me arroja un total de 1126,86€ con una tarifa confort de ida y optima de vuelta. A todas esta he realizado 2 llamadas de 1:15min cada una y en la primera llamada hablo con un chico que me indica que no debía realizar ningún pago por cambio de tarifa sino únicamente el monto correspondiente a la penalización y al servicio de gestión 215€ que fueron debitados de mi cuenta a través de mi tarjeta antes de confirmar el cambio la llamada se va a la central me atiende una chica me procesa el cambio antes de verificar el cambio se cae la llamada, vuelvo a llamar y después de 40 min, me dicen que debo pagar 3000€ por el cambio de tarifa más la penalización más el servicio de gestión, me indica la persona que no hay evidencia de ningún cargo a mi tarjeta, solicito la grabación de la llamada y me indican que el monto esta retenido pero que no saben porque concepto y como se gestionó este cargo, me dice que la grabación de la llamada no podrá ser gestionada porque el departamento NO LO AUTORIZA y que ellos me contactaran si deciden validar el cambio de fecha o hacer la devolución del dinero. Claro no me presentan la transcripción de la llamada porque en ella esta claramente cuando el primer operador CESAR me dice que solo deberé pagar los 215 por el cambio de fecha y procede a realizar el cargo. Quiero que se me respete la acción realizada del cambio de fecha solicitado CÓDIGO DE RESERVA: 85EL9X"
IBE_0009,Iberia,Desconocido,Tenerife,Madrid,Domestic,marzo de 2026,1,"Horrible las experiencias con Iberia Para la compra de los billetes,no te llegan al correo,no llega la reserva y llamas a atención al cliente y no saben darte una solución,mucho tiempo al teléfono para nada,cada vez peor."
IBE_0010,Iberia,Desconocido,Madrid,Sao Paulo,International,marzo de 2026,1,"Si pudiera dar -1000 lo haría, la peor compañía aérea que he visto en mi vida, las chicas de Iberia del aeropuerto de Madrid son mas incompetentes que he visto en mi vida, primera y última vez, prefiero 100x pagar más caro y volar con AirFrance. Buscaré mis derechos en el juzgado. La escala era de una hora y por culpa del terminal ser súper lejos y el control de inmigración tardar tanto, llegando allí a tiempo, no me han dejado embarcar y encima me hicieron comprar un vuelvo nuevo"
IBE_0011,Iberia,Desconocido,Bogota,Madrid,International,marzo de 2026,1,"Me siento agredida por parte de Iberia, me destrozaron las maletas y me cambiaron el vuelo 3 días después y con otra compañía, no me ofrecieron hotel ni me ofrecieron ninguna compesacion por los inconvenientes yo necesitaba viajar por mi trabajo, me dirigi a las oficinas del aeropuerto y me trataron muy mal que llamara por teléfono que ellos no podían hacer nada me parece falta de respeto y poca credibilidad de cara al cliente malicima la atención y en general el personal que poco profesionales."
IBE_0012,Iberia,Desconocido,Palma de Mallorca,Menorca,Domestic,marzo de 2026,1,"Hace años que soy miembro del programa de fidelización de iberia plus. Desde hace unos meses, por trabajo tengo que realizar de seis a diez vuelos mensuales por motivos de trabajo. Decidí sacarme la visa de iberia con la idea de mejorar rápidamente de nivel entre vuelos y puntos conseguidos a través del gasto con la tarjeta. Después de seis meses volando con esa frecuencia, resulta que un tercio de mis vuelos no han sido registrados en el programa, lo que supone que desde hace unos tres meses debería ser tarjeta oro pero no han contabilizado los vuelos. LLevo desde diciembre presentando reclamaciones y cada vez me piden más documentación. La propia compañía me pide números de billete, códigos, fechas, y ya lo último las tarjetas de embarque, como si ellos no tuvieran toda esa información disponible. Remarcar además que la mayoría de los vuelos se han reservado a través de la página de iberia, con mi perfil y pagados con la propia visa de iberia. No deben estar interesados en que aumentemos el nivel del programa. Un auténtico desastre."
IBE_0013,Iberia,Desconocido,Madrid,Guatemala City,International,marzo de 2026,1,"Compré tarifa con derecho a cambios ilimitados. Nunca pude gestionar los cambios desde la página web porque daba error. La única forma que tienen establecida para hacer cambios es a través de una llamada telefónica. Los teléfonos de la página web están desactualizados y nadie responde. En el aeropuerto no tienen personal de la empresa. La empresa contratada no puede resolver nada. Ahí conseguí el número de teléfono que sí sirve. Pude hacer el cambio, pero me cobraron 10 veces más de la tarifa estipulada en la página web (que yo ya había pagado) y nadie me explicó cómo ni por qué. Al hacer el check in, no pude seleccionar comida vegana. Conclusión: trata abusivo y violento, tratan a las personas con total desprecio por sus vidas y su tiempo."
IBE_0014,Iberia,Desconocido,Desconocido,Desconocido,Desconocido,marzo de 2026,1,"Pagamos la mejora del asiento , delantero y ventanilla y lo sentaron en cualquier lado , se pagó 60 dólares son unos estafadores !!!! Nadie te escucha nunca más IBERIA"
IBE_0015,Iberia,Desconocido,Barcelona,Guatemala City,International,marzo de 2026,1,"MAL MANEJO DE RECLAMACION!!!! 1052820894 IBERIA me cobró el ticket dos veces y recuperar lo pagado de doble se hace casi imposible porque IBERIA sigue mandando me formularios que no se refieren a mi caso, És muy desagradable lo que están haciendo!!!!! No tratan quejas particularmente sino te mandan formularios que no tienen nada que ver con el caso referente. Así evitan devolver el dinero pagado doble!!!!! No creo que más viajaré con IBERIA, todavía estoy luchando con formularios sin referencia y respuestas automáticas!!!! Quiero avisar a todo mundo de hacer cuidado haciendo una reserva con IBERIA. Quien quiera con mucho gusto le informo sobre los detalles! peter@globalanimalexchange.eu +34 618 786 159 Peter Bossenecker Caldes d´Estrac Barcelona España IBERIA charged me twice for my ticket, and getting a refund is nearly impossible because IBERIA keeps sending me forms that have nothing to do with my case. What they're doing is very unpleasant! They don't address complaints individually; instead, they send forms that are completely unrelated to the case. This way, they avoid refunding the money I've already paid! I will never travel with IBERIA again. I'm still struggling with forms that have no context and automated responses! I want to warn everyone: BEWARE OF THIS ORGANIZATION! I'd be happy to provide more details to anyone interested! peter@globalanimalexchange.eu +34 618 786 159 Peter Bossenecker Caldes d'Estrac Barcelona Spain"
IBE_0016,Iberia,Desconocido,Desconocido,Desconocido,Desconocido,marzo de 2026,2,"Desde la atención por teléfono hasta las azafatas y comisario de abordo son totalmente incompetentes , para nada serviciales y amables , la comida horrible , teníamos el asiento de adelante en económico premiun y no pudimos dormir de las carcajadas y conversación de las azafatas , una falta de respeto total .les pedí agua en dos oportunidades y me mandaron a sentar que luego me la daban ,todavía estoy esperando… Próximo viaje buscaré otras compañías ya que el vuelo también es parte de disfrutar el viaje y con esta compañía no lo logré , y no es el primer viaje , son muchos y cada día está peor , una lástima"
IBE_0017,Iberia,Desconocido,Havana,Madrid,International,marzo de 2026,1,"Para dar eso de comer mejor nada,ya que se reposta en Dominicana por lo menos algo comestible y no un pollo duro con arroz con gri y un Donuts incomible,para no hablar del desayuno sin palabras. No repito ni loco"
IBE_0018,Iberia,Desconocido,Madrid,Vienna,Europe,marzo de 2026,1,"Se me cobra dos veces el importe de la reserva, tengo que llamar para poner una reclamación, perder mi tiempo yendo al banco a reclamarlo a traves de ellos viendo que la señorita que tienen subcontratada en colombia lo unico que hace es pedirme datos y decirme que ya me responderan. Comprar en iberia significa que igual pierdo 500, 1000 o 2000 euros tratandose de vuelos hasta que ellos quieran devolvermelo porque tienen que comprobar que me puedo hacer cargo? Pero que otra empresa funciona asi? Como puede ser que una empresa así de grande y seria tenga estos problemas con la gestión del cobro. Hasta la chica del banco me ha dicho que a ella tambien le pasó."
IBE_0019,Iberia,Desconocido,Bilbao,Milan,Europe,marzo de 2026,1,"Tras hacer el check in la noche antes y haberme confundido en el apellido de la compañera con quien viajaba, volabamos de madrugada, una señorita me cambiaba 3 letras del apellido, luego fue todo NO, NO, cada agente y el supervisor decìan cosas diftes. Tuve que comprar otro vuelo!! INDECENTE!!LADRONES!! NADA PROFESIONALES!! NO LO RECOMIENDO. te dejan tirado si tienes un problema."
IBE_0020,Iberia,Desconocido,Madrid,Buenos Aires,International,marzo de 2026,2,"Compre un asiento el 24D , hago la facturación y me dice 24D. Después de una hora me notifican que lo cambiaron al 29H, sin mi consentimiento. Cuando reclamo me dinero, me dicen que no corresponden. ES UN FRUADE DE PARTE DE IBERIA. PARA QUE COMPRAR Y PAGAR, SI DESPUÉS TE ASIGNAN EL ASIENTO QUE QUIREN"
IBE_0021,Iberia,Desconocido,Madrid,Galapagos Islands,International,febrero de 2026,1,"Perdieron mi maleta. Tardaron 5 días en mandármela, y no me la mandaron al hotel, sino al aeropuerto mas cercano. Me costó mas de 100€ ir a por la maleta, y cuando avisé de que no iba a conseguir factura por esos costes, me dijeron que no me preocupase, que se pagaría igualmente. ¡Sorpresa! Ahora esos costes no van a ser reembolsados porque no hay facturas. Realmente es una vergüenza el dinero y tiempo que me ha costado que ELLOS hayan perdido mi maleta. Nunca mas volaré con ellos."
IBE_0022,Iberia,Desconocido,Rovaniemi,Madrid,Europe,febrero de 2026,1,"Da asco y vergüenza, después de cancelar el vuelo a última hora, nos ponen un hotel, salimos al día siguiente. A la hora de pagar, TODAS las pegas del mundo. Justo nos ha venido que nos devuelvan el dinero del hotel y el desayuno, porque de la indemnización ni hablamos, pese que así lo recoge la ley. Critican a compañías lowcost, IBERIA es lo mas bajo y cutre que hay Una y no mas, no se llevan un sólo euro mio ni de nadie de mi familia"
IBE_0023,Iberia,Desconocido,Madrid,Paris,Europe,marzo de 2026,1,"Con este escrito quiero visibilizar el trato institucional que esta recibiendo mi hermano y su mujer por parte de IBERIA, ante una situación personal extremadamente delicada. Tenían seis billetes para viajar en Semana Santa en familia . Sin embargo, su hijo (mi sobrino) de 6 años ha sido diagnosticado con sarcoma de Ewing y se encuentra actualmente en tratamiento oncológico. Disponemos de informe médico oficial que desaconseja de forma expresa cualquier desplazamiento. A pesar de la gravedad de la situación y de haber aportado la documentación médica correspondiente, IBERIA únicamente nos ofrece un bono con fecha limitada, cuando el tratamiento de su hijo supera ampliamente ese plazo. Esta solución no responde a la realidad médica que estamos atravesando. Solicitamos el reembolso íntegro de los billetes por causa médica grave de un menor, apelando no solo a criterios legales, sino también a la sensibilidad y responsabilidad social que debe presidir la actuación de una compañía aérea de referencia. Hasta la fecha no hemos recibido una solución efectiva. Únicamente hemos recibido correos automáticos en los que se nos insta a reabrir incidencias o a contactar telefónicamente con el servicio de atención al cliente. Resulta difícil expresar el desgaste que supone, en plena hospitalización de un hijo con cáncer, dedicar el escaso tiempo disponible a realizar llamadas reiteradas en las que se nos indica que repitamos trámites ya realizados días atrás. Tras innumerables llamadas y la presentación de dos reclamaciones por escrito explicando detalladamente nuestra situación, seguimos sin obtener respuesta resolutiva. Empresas como Civitatis, MyTopTour, así como instituciones como el Museo del Louvre y la Torre Eiffel, han cancelado las actividades contratadas y han procedido al reembolso inmediato en el medio de pago original, mostrando comprensión ante la situación. Sin embargo, IBERIA continúa ofreciendo una respuesta que no se corresponde con la gravedad del caso. Nos sorprende profundamente la postura adoptada por una compañía que, en sus campañas publicitarias, recalca su empatía y la prioridad del cliente. Confiamos en que este escrito sirva para visibilizar la situación de desamparo que estamos viviendo como usuarios y para que se adopte una solución justa y acorde con las circunstancias."
IBE_0024,Iberia,Desconocido,Desconocido,Desconocido,Desconocido,marzo de 2026,1,"Mi hijo de 15 años tenía vuelo directo de Boston a Madrid el días 6/03/26 con Iberia cambiaron el vuelo dos veces con menos de 14 días de antelación adelantándoselo primero 48 horas después 24 8 horas antes de su vuelo lo cancelaron finalmente voló con american haciendo escala en Londres sufriendo graves perjuicios escolares y aumentando la duración del viaje en 6 horas teniendo en cuenta que mide 1,99 y tuvo que volar en turista Iberia responde ye ni tiene derecho a indemnicacion y me envian un mail diciendo que su vuelo ha llegado puntual a su destino. Me parece increible la desfachatez de la compañia tratandose de un menor que viaja solo el poco compromiso y la poca fiabilidad de Iberia. Antón Ruiz de Aguiar código de reserva P4WNZ"
IBE_0025,Iberia,Desconocido,Las Palmas de Gran Canaria,Madrid,Domestic,marzo de 2026,1,"No hay oficina de Iberia en el aeropuerto, atención al cliente nula, para todo la palabra es no, no puedo ayudarte ve a ver cómo lo gestionas. Te mandan a un teléfono que te contesta la Inteligencia artificial (para mi inteligencia anormal) no te solucionan nada. Como había overbooking, a la mínima que pueden ""que pase el siguiente"". Fin de la historia nosotros nos quedamos en tierra y nuestros asientos ya tenían otro cliente Reserva cancelada sin ayuda y te enteras en la puerta de embarque. La supervisora de la compañía debería dedicarse a otro oficio que no esté cara al cliente. NO VUELVO A VOLAR CON IBERIA EN MI VIDA."
IBE_0026,Iberia,Desconocido,Barcelona,San Jose,International,enero de 2026,2,"Vuelo retrasado más de 4 horas. Sin ninguna compensación ni explicación en Madrid. Vamos al mostrador y nos atienden fatal (cualquier quejas online , no hay derecho a ninguna compensación ni comida, vaya que no molestaramos ). A la vuela hacemos reclamación online. Después de muchos intentos ya que la página da errores constantes conseguimos entrar la reclamación. Nos mandan un @ de ok y nos mandan a otra página a rellenar que siempre da error. Vaya una perdida de tiempo y una página inoperativa. Llamas al telefono en caso de problemas y te dejan colgado. Un maltrato y supongo una manera de que las perssonas dejen de reclamar. Una verguenza de compañia. No la utilizaré más."
IBE_0027,Iberia,Desconocido,Milan,Madrid,Europe,marzo de 2026,2,"Acabo de volar esta noche con Iberia y, aunque el vuelo tuvo un pequeño retraso (lo cual no fue un problema para mí), la experiencia a bordo ha sido muy decepcionante. Iberia ha cambiado los asientos de sus aviones y, lamentablemente, para peor. Han reducido notablemente el espacio para las piernas y los asientos ya no tienen reclinación: son completamente fijos. En la práctica, es exactamente el mismo tipo de asiento que se encuentra en aerolíneas low cost como Ryanair o EasyJet. La sensación es clara: han sacrificado comodidad para añadir alguna fila adicional y maximizar ingresos, pero a costa de la experiencia del pasajero. Lo más preocupante es que Iberia sigue cobrando tarifas que no son low cost. Además, ya no se incluye agua ni ningún tipo de servicio a bordo incluido. En resumen, si no viajas en clase Business, no existe hoy ningún beneficio real que justifique elegir Iberia frente a una low cost más económica. Siempre estuve dispuesto a pagar un poco más por volar con Iberia por comodidad y calidad percibida. Después de esta experiencia, sinceramente, esa diferenciación ha desaparecido. Muy decepcionado con la dirección que ha tomado la compañía"
IBE_0028,Iberia,Desconocido,New York City,Madrid,International,febrero de 2026,5,"Yo volé desde Nueva York a Madrid, un vuelo nocturno, y la verdad que tuve una muy buena experiencia, los tripulantes de cabina nos dieron un excelente trato y te hacían sentir como en casa jajajajaja Yo 100% la recomienda ría pero he de decir que los asientos los he visto más cómodos pero bastante bien comparado a otras aerolíneas Nos dieron un pack con una almohada y una mantita que era súper calentita y la comida de 10"
IBE_0029,Iberia,Desconocido,Madrid,Lima,International,febrero de 2026,1,"Cabina Business sucia y desgatada. Servicio a bordo indigente a pesar de lo que publican. No vuelen con IBERIA, cualquier otra aerolinea no puede ser peor"
IBE_0030,Iberia,Desconocido,Budapest,Madrid,Europe,febrero de 2026,1,Pague por un asiento XL y me recolocan en un asiento fila 9 que no lo es. Ni siquiera me dicen algo. La azafata me dice que eso no es culpa suya. Desde atención al cliente que nos han tenido que recolocar. ¿A quien reasignaron nuestras plazas? ¿Por que no dan una explicación y devolución del importe?
IBE_0031,Iberia,Desconocido,Buenos Aires,Malaga,International,febrero de 2026,1,"Mal trato del personal ,demasiado estrés, poco comunicativo"
IBE_0032,Iberia,Desconocido,San Juan,Madrid,International,febrero de 2026,1,"En enero 2026, compre unos pasajes directo con Iberia para un vuelo en junio 2026. Por razones ajenas el codigo de la reserva no sale y me sale este mensaje Lo sentimos No se ha encontrado este código de reserva. Verifica si es correcto e inténtalo de nuevo. Si persiste el error, deberás contactar con quien realizó tu reserva. He llamado en varias ocaciones(4 veces) y me dicen lo mismo, estan trabajando con el sistema y que intente manana y no aparece mi reserva. Ayer converse con un representante y me dijo lo mismo y le comunique que esa vercion de excusa ya me la habian dicho y no sucede nada y no me ayudan. La primera vez se tolera, pero la 4 vez ya es mentira por parte de ellos y el interes de no ayudarme y pasar la papa caliente a otro persona de servicio al cliente es evidente. Interesante a demas que cuando me pasan para la encuesta de servicio me la pasan en lenguage chino como para que no ponga mi verdadero sentir. Yo lo que quiero es poder ver mi vuelo en la pagina y no me han ayudado. Es triste que la unica opcion que tengo para viajar directo es con ustedes, si no me iba con otra linea aerea. Su personal de servicio al cliente claramente se ve que no quieren ayudar."
IBE_0033,Iberia,Desconocido,Madrid,Palma de Mallorca,Domestic,febrero de 2026,2,"Horrible, para facturar las maletas, a una hora de salir el vuelo, solo hay una persona en los mostradores para ello. Y esta forma de proceder, lamentablemente es habitual. La facturación de equipaje, servicio nulo."
IBE_0034,Iberia,Desconocido,Madrid,New York City,International,febrero de 2026,1,"Pongo 1 estrella porque no puedo poner 0. Iberia canceló mi vuelo original MAD/JFK la noche anterior a la salida, y lo que siguió fue una gestión desastrosa y una falta de humanidad absoluta. A pesar de ser la aerolínea operadora y, por tanto, la responsable legal de mi asistencia, me dejaron totalmente desamparada. Tras 15 horas de incertidumbre (desde las 20:00h del día anterior hasta las 11:30h del día del vuelo) donde tuve que gestionar mi propia reubicación por teléfono mientras iba al aeropuerto, el personal de Iberia en Madrid me aseguró que al llegar a la escala en Miami tendría hotel y traslados. Fue una mentira. Al aterrizar en Miami a las 20:45h, no había nadie de Iberia. El personal de guardia y atención telefónica se negó a ayudarme, alegando que 'no tenían medios fuera de Europa' y que debía pagarlo todo yo. Me dejaron sola, de noche y en un país desconocido, obligándome a pernoctar en el aeropuerto por pura negligencia. Es una vergüenza que una aerolínea de este tamaño ignore sus obligaciones legales y abandone a una pasajera a su suerte. No vuelen con ellos si esperan que alguien responda ante un problema."
IBE_0035,Iberia,Desconocido,Donostia,San Sebastian - Pereira,International,febrero de 2026,1,Nos saquearon las maletas nos sacaron todos los detalles que llevábamos y los zapatos el servicio pésimo no hay reposa pies en un vuelo de 10 horas no cuentan con oficina en Pereira a la hora de hacer el reclamo de lo ocurrido te cancelan el viaje y no te dan solución horrible la experiencia no recomiendo la aéreolínea para nada
IBE_0036,Iberia,Desconocido,Madrid,Dakar,International,febrero de 2026,2,Un vuelo de más de 4 horas en un avión demasiado pequeño para el tiempo de vuelo y ocupación (estaba totalmente lleno)... convirtiéndose en una experiencia muy incómoda.
IBE_0037,Iberia,Desconocido,La Coruna,San Salvador,International,febrero de 2026,1,"Equipaje adicional que se compra en el sistema no les aparece en el Sistema y no saben hacer nada. No tienen profesionalismo, te hablan con prepotencia y no buscan una solución."
IBE_0038,Iberia,Desconocido,Bogota,Madrid,International,septiembre de 2025,2,"Me cobraron dos veces las sillas pues inicialmente una T de crédito no pasó, por tal motivo pasé la otra …. Se lavan las manos diciendo que el Banco debe devolver pero cada banco solo tiene una transacción. Ellos son los que tienen el doble cobro Me colgaron el teléfono varias veces"
IBE_0039,Iberia,Desconocido,Desconocido,Desconocido,Desconocido,febrero de 2026,1,"Cancelaron mi vuelo de luna de miel, sin previo aviso. No ofrecieron alternativas el mismo día, incumplieron UE261 y me forzaron a viajar al día siguiente. Sin dejarnos opción, cuando la normativa establece reubicación lo antes posible, incluso con otras aerolíneas. No solo nos generaron gastos adicionales que no planeábamos, si no la carga y desgaste emocional que nos dejaron, en este momento tan especial. Un viaje que fue planeado con mucho tiempo de anticipación. Más allá de cualquier compensación económica, nadie devuelve el desgaste, el estrés ni un día de luna de miel. Viajo seguido y entiendo que pueden pasar imprevistos, pero lo que marcó la diferencia fue la falta total de asistencia y de soluciones proactivas. No volvería a elegir Iberia y no la recomiendo para viajes importantes donde necesitás respaldo real cuando algo sale mal."
IBE_0040,Iberia,Desconocido,Montreal,Tromso,International,febrero de 2026,1,"Mi experiencia con Iberia fue, sin exagerar, una de las peores experiencias de servicio al cliente que he tenido en mi vida. Reservamos un viaje de luna de miel desde Montevideo hacia Tromsø, Noruega, con meses de planificación. Menos de 24 horas antes del viaje, el vuelo Madrid–Tromsø fue cancelado. Lo más grave no fue solo la cancelación, sino cómo Iberia manejó la situación: Nunca recibimos un email ni notificación oficial informando la cancelación. El vuelo seguía apareciendo como activo en el check-in web. Nos enteramos únicamente porque descargamos la app de Iberia para intentar agregar el boarding pass. Pasamos más de 4 horas hablando con el call center, pagando llamadas internacionales, y la mayor parte del tiempo escuchando música de espera. Un agente incluso nos prometió devolvernos la llamada en minutos porque había encontrado alternativas con otras aerolíneas… nunca volvió a llamar. Otro agente confirmó que había opciones disponibles, pero nos dijeron repetidamente que “no aparecían en su sistema”. Cuando pedimos hablar con un supervisor, la única solución que nos ofrecieron fue que viajáramos por nuestros propios medios entre ciudades europeas para intentar alcanzar otra conexión, lo cual es completamente absurdo cuando se trata de un vuelo cancelado por la aerolínea. Finalmente, el supervisor terminó cortando la llamada sin resolver el problema. Al día siguiente fuimos a la oficina de Iberia en Montevideo, donde una representante confirmó que probablemente se podría haber conseguido una mejor alternativa si el caso se hubiera resuelto antes… algo que justamente no ocurrió por la falta de asistencia telefónica. El resultado: • Perdimos una noche de alojamiento ya paga • Perdimos parte del itinerario de nuestra luna de miel • Perdimos horas enteras intentando resolver un problema que no generamos nosotros • Nadie supo explicar jamás cuál fue la causa real de la cancelación Entiendo que los vuelos pueden cancelarse. Lo que no es aceptable es la falta total de comunicación, asistencia y responsabilidad frente al pasajero. Después de esta experiencia, sinceramente no volvería a elegir Iberia ni la recomendaría para viajes importantes."
IBE_0041,Iberia,Desconocido,Madrid,Mexico City,International,enero de 2026,1,"Como consecuencia de un fallo técnico, los pasajeros fuimos abandonados en la terminal hasta las 4 de la madrugada, sin información veraz, sin asistencia adecuada y sin una gestión mínimamente profesional de la situación. La posterior reasignación de vuelos fue un despropósito absoluto: caótica, arbitraria y abusiva, tratándonos como meros números y no como clientes que han pagado un servicio. La situación se agravó todavía más cuando el vuelo que finalmente se nos asignó dos días después, con una escala de cuatro horas en Frankfurt, sufrió un retraso adicional de casi dos horas con todos los pasajeros ya embarcados y encerrados en el avión. Durante ese tiempo, el capitán se limitó a mencionar vagamente la existencia de “un problema burocrático”, sin ofrecer una sola explicación concreta, sin detalles y sin el más mínimo respeto por los pasajeros, que permanecimos incomunicados e ignorados. La atención al cliente de Iberia es directamente inaceptable. Tras más de ocho horas intentando contactar con un agente humano, la única respuesta fueron sistemas automatizados inútiles. Los bots de Iberia resultan incluso peores que los de aerolíneas de bajo coste como Ryanair, algo especialmente grave en una compañía que presume de ser una aerolínea de referencia y que aplica algunas de las tarifas más altas del mercado. Existe una desconexión total entre los precios que cobra Iberia y el servicio que ofrece. La gestión de esta incidencia, la falta de información, el desprecio por el tiempo de los pasajeros y la absoluta ineficacia de su atención al cliente sitúan a la compañía entre las peores del sector en términos de trato al usuario. Es inadmisible que una empresa de estas dimensiones juegue de esta manera con el tiempo, el dinero y la paciencia de sus clientes. Esta experiencia no solo genera un perjuicio económico, sino una pérdida total de confianza en la compañía."
IBE_0042,Iberia,Desconocido,Madrid,Santiago de Compostela,Domestic,febrero de 2026,1,"A la ida,retrasado.A la vuelta, retrasado porque no hay tripulación. 1 mes ,12 vuelos..10 en Argentina,sin fallo.Los dos de España,una calamidad"
IBE_0043,Iberia,Desconocido,Madrid,Buenos Aires,International,enero de 2026,3,"Viaje en economy premium que aunque mas cara, tiene asientos reclinables. Eran los asientos 1 1 J y L, puerta de emergencia. Justo frente a la cocina, el ruido es insoportable todo el viaje: ruidos por servicio lógicos, pero luego del servicio las azafatas lo toman de lugar de reunión, hablando y riendo toda la noche sin sentido, sin parar, no me parece aceptable. Debieran comprender que ellas/os estan trabajando, pero los pasajeros deseamos dormir."
IBE_0044,Iberia,Desconocido,Ibiza,Valencia,Domestic,enero de 2026,5,"Tenía que haber vuelto el domingo en la noche con ibérica, se cancelo el vuelo por culpa del mal tiempo, tormenta eléctrica, granizo y viento muy fuerte. Se cancelo el vuelo y la compañía nos realojó en hoteles y se hizo cargo de todo. Realmente ha sido algo que no me esperaba. Otros pasajeros se quedaron en el aeropuerto de ibiza porque la compañía los dejo tirados. De verdad que un vuelo excelente, un despegue suave y un aterrizaje aun mas suave. Realmente no me esperaba que la compañía nos alejara en hotel, desayuno y pagará taxis de ida y vuelta. Estoy muy contenta."
IBE_0045,Iberia,Desconocido,Buenos Aires,Madrid,International,enero de 2026,1,"Es la aerolínea más ladrona, estafadora e irresponsable que existe. Viajo constantemente y la única aerolínea que me ha estafado DOS veces es IBERIA. La ultima vez fue hace dos semanas; he hecho el reclamo TRES VECES y las tres veces me han respondido un mensaje copiado y pegado sin dar lugar a mi reclamo que es totalmente valido, ya que pagué por un servicio para viajar cómoda con mi bebe de 10 meses y no solo no lo obtuve, sino que además viajé en pésimas condiciones, incomoda con mi bebe en un vuelo de 12 horas. Las azafatas y la encargada de cabina Maria Cañadas, unas maltratadoras que ni siquiera por verte viajar con un bebe empatizaron y respondieron a mi reclamo. Y como siempre, uno paga y esta empresa bochornosa hace lo que quiere con el dinero de uno y despues no hay donde reclamar, ni nadie que responda algo coherente. Está claro que fue la última vez que viajo con ustedes. VERGÜENZA DAN!"
IBE_0046,Iberia,Desconocido,Madrid,Bogota,International,enero de 2026,1,"Retraso de vuelo y pérdida de equipaje Mi vuelo sufrió un retraso superior a 4 horas. Llegué al aeropuerto de Madrid alrededor de las 7:30 a. m., realicé el registro de mi equipaje y mi vuelo estaba programado para salir a las 12:15 m; sin embargo, abordé el avión aproximadamente a las 4:00 p. m. Debido a este retraso, mi vuelo de conexión en Quito fue reprogramado, lo que ocasionó una espera adicional de 6 horas en dicho aeropuerto para finalmente llegar a mi destino, Bogotá. La desinformación por parte de la aerolínea fue pésima. En Madrid me aseguraron que mi equipaje llegaría directamente a Bogotá, pero en Quito me indicaron que debía recogerlo en la banda 6, donde nunca apareció. Han pasado 8 días desde mi viaje y hasta el momento no he recibido ninguna respuesta sobre el paradero de mi maleta, a pesar de haber presentado la reclamación correspondiente y enviado varios correos. La aerolínea no responde en absoluto. No recomiendo esta aerolínea. La considero demasiado irresponsable. El personal en Quito carece de empatía y de capacidad para resolver inquietudes, hay una clara falta de atención al usuario y una nula coordinación y centralización de la información entre las distintas sedes o ciudades. Viajen por KLM excelente servicio...."
IBE_0047,Iberia,Desconocido,Madrid,Buenos Aires,International,enero de 2026,1,"La peor compañía. Hemos pagado por premium economy y 2 horas antes, cambian el avión....porque no estaba lleno....y nos mandan a economy y como sardinas.... Puro timo... NUNCA MAS CON IBERIA"
IBE_0048,Iberia,Desconocido,Madrid,Jerez De La Frontera,Domestic,enero de 2026,1,"Hoy he pasado la peor experiencia,en viajar con esta compañía les explico; Mi vuelo de Asturias a Madrid según el itinerario tenía que llegar a las 2y 35 pm a Madrid ,y llego a las 3y 10 ,cuando yo tenía que hacer transbordo hacia Jerez de la Frontera a las 3 y 15 en la puerta para embargar y en esta puerta llegué a las 3 y 25 pm no me dejaron abordar me dijeron que fuera a atención al cliente para ver si me podían cambiar de vuelo y en atención al cliente después de haber echo una fila de 20 minutos estos me dieron un teléfono para llamar ,llamé y me atendieron luego de 5 o 6 minutos me pidieron mis datos y me dijeron que me quede a la espera hasta que comprobaran mis datos esto tardo más de 15 luego me dijeron que no era posible el reembolso porque el sistema dijo que yo había tardado más de 50 minutos cuando todo esto fue por culpa de ellos IBeria no viajó más con ellos fatal no la recomiendo😡"
IBE_0049,Iberia,Desconocido,Tenerife,Madrid,Domestic,junio de 2025,4,"Muy buena experiencia, embarque rapido, azafatas muy amables. Aunque no ofrecian comida ni tampoco mucho entretenimsiento en el vuelo."
IBE_0050,Iberia,Desconocido,Madrid,Munich,Europe,enero de 2026,1,Son unos estafadores contratas ma tarjeta iberia card para tener descuento y cuando vas a pagar no deja da error y llamas a atención al cliente y te dicen que lo pagues si descuento. Cuando todos los meses te pasan la cuota de la tarjeta. Es una estafa
IBE_0051,Iberia,Desconocido,Madrid,Valencia,Domestic,diciembre de 2025,1,"Viaje desde Colombia cali destino valencia. Me dijeron que mi maleta llegaría a velencia. Pero en madrid que fue mi escala y por fuerza mayor no pude abordar el avión de madrid a valencia. Al dia siguiente fui a reclamar mi maleta a objetos perdido. Y resulta que me dijeron que debía comunicarme con la aerolínea de iberia y hasta el sol de hoy no me responden por mi maleta. En ella traeia mi ropa, cosas importantes etc."
IBE_0052,Iberia,Desconocido,Lanzarote,Madrid,Domestic,enero de 2026,1,"Nos cambiaron el vuelo con un horario 4 horas diferente, por este motivo tuvimos que cambiar el horario de nuestro tren posterior. Nos obligaron a facturar nuestro equipaje de mano. No nos permiten hacer el check in on line. Viajamos dos personas, y nos dan a ambos asientos centrales y en filas separadas. Un despropósito... Si tienen opción, elijan otra compañía.."
IBE_0053,Iberia,Desconocido,Madrid,Bogota,International,enero de 2026,1,"Nunca compres billetes con ""Cambio Gratis"" Es una metira. Cuesta 200 euros más y cuando necesitas cambiarlo te cobran la diferencia con tarifa plena de un solo trayecto. Si tu encuentras una tarifa más barata te dicen que no hay cupo porque los cupos para cambios son diferentes. Es una verdadera estafa.. Un robo sobre la mesa."
IBE_0054,Iberia,Desconocido,Venice,Madrid,Europe,enero de 2026,1,"Pasajes super caros para el avion que vuela de venezia madrid, chiquito te hacen dejar hasta las mochilas abajo por que no hay lugar. Nadie te sabe dar una respuesta para nada . El peor viaje de mi vida."
IBE_0055,Iberia,Desconocido,Melilla,Madrid,Domestic,enero de 2026,1,"Una de las peores aerolíneas en términos de servicio al cliente. Me ha pasado ya incontables veces y en muchos destinos diferentes, sigo viajando con ella porque tienen el monopolio de Melilla y básicamente es la aerolínea que opera aquí, pero tal vez empiece a moverme en barco. Pagas asiento y no te lo ponen, tienen retrasos de más de 5 horas en viajes grupales y a algunos miembros les devuelven el dinero y a mí me dicen que me peine, en fin, nefasto."
IBE_0056,Iberia,Desconocido,Frankfurt,Madrid,Europe,diciembre de 2025,1,"Me denegaron el embarque en un vuelo de Iberia operado por Air Nostrum con salida a las 6:30 am porque habían permitido más mascotas en el avión de las permitidas—yo viajaba con un perrito de 1,9 kg con reserva en el billete comprado. La explicación que me dieron es que me había tocado a mí porque los otros pasajeros tenían conexiones con otros vuelos en Madrid. Tuve que esperar más de 6 horas en el aeropuerto. No respetaron la normativa europea (petición de voluntarios, asistencia, indemnización, información de los derechos del pasajero, etc.). También me han denegado la reclamación hecha a través de su página web. Ser cliente Iberia Plus tampoco ha importado. No esperaba esta falta de profesionalidad. No recomiendo viajar con Iberia por su falta de seriedad."
IBE_0057,Iberia,Desconocido,Tenerife,Milan,Europe,diciembre de 2025,1,"Vuelo del 31/12/2025 desde Tenerife Norte. Un día antes, el check-in online fallaba constantemente con errores. Llamamos al servicio al cliente y nos dijeron que era un ""error del sistema"", que no podían emitir tarjetas de embarque y que teníamos que ir al mostrador del aeropuerto. Esto nos obligó a llegar 4 horas antes (perdiendo el último día de playa planeado en vacaciones), con angustia de no saber si volaríamos. Al llegar, nos exigieron mi permiso de residencia italiano para emitir las tarjetas... ¡en un vuelo dentro de la UE! Ya había pasado controles en el vuelo de ida desde Italia. Nadie explica por qué no se puede hacer online si tanto quieren verificar documentos. Iberia demuestra una total falta de consideración por los pasajeros: sistemas defectuosos que fuerzan desplazamientos innecesarios y controles extras sin base legal. No es la primera vez que tengo problemas graves con ellos (antes me cancelaron un vuelo perdiendo días de trabajo). Servicio al cliente inútil y actitud de ""pasar de todo"". La peor aerolínea con la que he volado. Evítenla si pueden, no vale la pena el estrés."
IBE_0058,Iberia,Desconocido,Seville,Buenos Aires,International,octubre de 2025,1,"El 29 de octubre teníamos un vuelo Sevilla – Buenos Aires, con conexión en Madrid. El vuelo Sevilla -Madrid (IB1752) salida a las 9h10’ y llegada a las 10h10’ es cancelado, una vez embarcados (HUBO QUE DESEMBARCAR), por una cuestión técnica. Fue reprogramado como IB175R partiendo de Sevilla a las 18h10’ llegando a Madrid a las 19h10’ (9horas después de lo previsto) con lo cuál no pudimos tomar el enlace que teníamos a las 12:15 PARA EL VUELO HASTA BUENOS AIRES (IB0107). Cuando llegamos a Madrid hubimos de soportar una espera de hora y media para ser atendidos en mostrador. Nos reubicaron para Buenos Aires en vuelo IB0105 que partió al día siguiente, 30 de octubre, a las 11h35’. Nos proporcionaron un voucher para pasar la noche en el Hotel MELIÁ PRINCESA (se adjunta archivo), pero nos llevaron a MADRID AIRPORT SUITES, AFFILIATED BY MELIA, después de tenernos esperando unos 45’ para llevarnos en el autobús al sitio, cuando los clientes todos estábamos en la parada y el conductor también estaba allí. Cuando llegamos, a las 11 de la noche; ya el restaurante lo habían cerrado y nos dieron una bolsa con un bocadillo y una fruta. Estaba claro que nos hicieron esperar para encontrar el restaurante cerrado. Y las condiciones de la habitación del Hotel eran horribles, hacía muchos años que no estaba en una habitación similar, con enorme suciedad en las paredes y el mobiliario deprimente, aparte estuve toda la noche matando mosquitos, porque estaba inundada de ellos. HORROROSO. Creo que pasajeros que estaban desde las 7 de la mañana en el aeropuerto, después de pasarse todo el día en esas condiciones NO se merecen ese trato. Y más teniendo adjudicado otro Alojamiento nos llevan a uno totalmente diferente, de una categoría ínfima. Con ello no deseaba una habitación de lujo, pero si al menos decente. Por último, para el traslado al aeropuerto al día siguiente hubimos de tomar un transporte por nuestra cuenta ya que el que nos ofrecieron salía a las 7 de la mañana (sin el desayuno) y no nos daban otra opción. (adjunto factura) En definitiva, una atención impropia de una compañía como Iberia. Ha dejado mucho que desear. Creo que pasajeros que se llevan horas y horas en aeropuerto, porque un avión se avería, se merecen al menos un trato digno. Les he tramitado una queja, y la única respuesta que me dan es que sienten que la habitación no fuese de mi gusto. Está claro que no han leído si quiera lo que les comunicaba."
IBE_0059,Iberia,Desconocido,Madrid,Barcelona,Domestic,enero de 2026,1,"El vuelo se ha retrasado una hora además de que no había sitio para todas las maletas de cabina, nos han hecho salir de la fila de embarque para documentar las maletas las cuales han tirado por una banda, si tenías algo de valor o frágil no se han cuidado para nada no recomiendo esta aerolínea para nada no es barata ni es un buen servicio debería darles vergüenza"
IBE_0060,Iberia,Desconocido,Madrid,Buenos Aires,International,enero de 2026,1,"Han duplicado mi cargo en la tarjeta , la reclamacion me dicen que tengo que esperar un mes para poder reclamar . SIN VERGUENZAS"
IBE_0061,Iberia,Desconocido,Havana,Madrid,International,diciembre de 2025,1,"Mi experiencia con Iberia ha sido muy negativa. Tras realizar una gestión legítima con un billete, se produjeron varios cargos duplicados/triplicados en mi cuenta, lo que derivó en que mi dinero quedara bloqueado durante días, dejándome prácticamente sin acceso a mis propios fondos. Lo más grave no es solo el triple cobro, sino la falta total de protección al cliente: el dinero se retira de inmediato, pero cuando ocurre un error, la responsabilidad recae completamente en el cliente, que debe esperar 7 días y hoy es mi día 8 sin soluciones claras ni respuestas eficaces. En fechas festivas, esta situación es aún más grave, ya que uno queda literalmente sin dinero disponible por una mala gestión ajena. Considero este procedimiento inaceptable para una aerolínea internacional. Iberia debería revisar urgentemente sus procesos de cobro y autorización, así como ofrecer una atención al cliente real y resolutiva. No recomiendo esta experiencia y, lamentablemente, tendré mucho cuidado antes de volver a volar con esta compañía."
IBE_0062,Iberia,Desconocido,Madrid,New York City,International,diciembre de 2025,1,"NO COMPRES TARIFA CONFORT, es una estafa y no aplican los beneficios ni de la prioridad de embarque ni del asiento. Luego nadie se hace responsable de nada pero te han sacado el dinero. ESTAFA. Y eso me lo hacen siendo viajero frecuente. Última vez que me ven además de denunciar en la oficina de consumo."
IBE_0063,Iberia,Desconocido,Madrid,Milan,Europe,diciembre de 2025,1,"Es la peor aerolínea con diferencia!!!! Quieren cobrar por todo, no puedes hablar con ningún operador que te solucione nada porque están todos en Colombia. Fuimos al aeropuerto y tampoco existen, tienen subcontratado a otra empresa las gestiones, y por cada gestión te cobran 35€ diciéndote que ellos son una empresa externa a Iberia. Si quieres viajar con tu trolley en cabina tienes que pagar 12€ por persona y por cada trayecto. Si no pagas para elegir asiento te ponen separado de tu familia y en el centro de una fila. Si intentas cambiarlo son 22€/por persona y por trayecto... Hemos tenido que cambiar el vuelo de vuelta porque nos dejaban ir con nuestra perrita pero nos denegaban el vuelo de vuelta con ella. Para solucionarlo, más gastos de gestión, de horario, de aeropuerto... Es vergonzoso tener una aerolínea así en nuestro país. Sale mejor volar en cualquier compañía, incluso low cost, que con ellos. Hemos volado con Alitalia, Aegean Airlines y compañías de otros países y en ninguna son tan rastreros como ellos, nos fue mil veces mejor. Qué pena que seas español y que la peor compañía aérea del mundo sea española!!!!!!"
IBE_0064,Iberia,Desconocido,Desconocido,Desconocido,Desconocido,diciembre de 2025,1,"Me encanta esta compañía en la que el piloto te dice que ha llegado 15 minutos antes y luego te mandan un mail para reiterarlo. Señores, palmadita en la espalda si no fuese porque la recogida del equipaje en la cinta tardó una hora y cuarto en ponerse en funcionamiento. A partir de ahí, ya fueron todo prisas para coger mi enlace al tren AVE que lo cogí faltando 5 minutos de su salida. Gracias por la experiencia que nos hacen vivir con estas incoherencias. Por cierto, no es la primera vez que me pasa y ya van dos (la anterior sí que perdí el tren). Pero ya no me vuelve a pasar más. Prefiero otras compañías que aunque se retrasen un poco no esperas una eternidad para recoger el equipaje."
IBE_0065,Iberia,Desconocido,Barcelona,Miami,International,agosto de 2025,1,"Un ebgaño total y persistente con el tema de los avios! Hice 5 viajes! Jamas adjuducaron 1 solo avio pese a las reclamaciones multiples! Tampoco pagan la ibdemnizacion por vuelo retrasado mas de 4 horas, tital- engaño y mentiras por todos lados. Indignante!"
IBE_0066,Iberia,Desconocido,Santiago,Paris,International,junio de 2025,2,"Tuve una mala experiencia. En escala en Madrid retrasaron el vuelo de 24h porque tuvieron un problema con el avión. Y luego no querían dar la compensación diciendo que era por causas meteorológicas. Fuimos en grupo y se la dieron solo a algunos, súper injusto. Además las maletas las pusieron en un vuelo equivocado y se demoraron 1 día más y la mía llegó rota y jamás dieron compensación. Sin embargo, el punto positivo es que la comida es rica."
IBE_0067,Iberia,Desconocido,Barcelona,Bogota,International,diciembre de 2025,1,"Compre un paquete de Avios porque me daban el más puntos, bien mi sorpresa es que es un timo los avíos no tienen casi valor cuando vas a pagar y no hay vuelos para pagar libremente con avíos solo los que ellos eligen y en las fechas que les va bien a iberia no compren avíos no sean burros como yo"
IBE_0068,Iberia,Desconocido,Santiago,London,International,diciembre de 2025,1,"Terrible. Teníamos un vuelo de escala de chile a inglaterra el dia 16 de diciembre, con escala en españa, y el vuelo se atraso 1 hora y 40 minutos. Antes de entrar a el avión, nos pidieron los asientos, y luego al entrar, nuevamente. Mi madre dio el nombre de nuestros 3 asientos, y cuando ibamos a pasar con ella, una azafata nos da una actitud como si le hubieramos ofendido personalmente. De que ""Ey, pero si no les hablo me pasan encima! Necesito sus asientos!"" Y eso que mi madre ya dio los nuestros. Pasamos, el portal de conexion se caía todo el rato. y al llegar a españa, eran ya las 7 pm y ya se había ido el vuelo a inglaterra. Perdimos el vuelo y reagendamos para Gatwick el día 18 a las 9 AM. Lo tuvimos que cambiar nuevamente, ya que resulta que Iberia mandó nuestras maletas a Heathrow. Cambiamos los pasajes a Heathrow y al pasar a embarcar nos dijeron que los pasajes no funcinaban y teníamos que esperar hasta las 9 para ir a Gatwick. Hemos estado esperando como 12 horas para la escala cuando inicialmente debería haber sido max 1 hora porq los empleados de Iberia no saben hacer su trabajo."
IBE_0069,Iberia,Desconocido,Madrid,Barcelona,Domestic,diciembre de 2025,1,Es un desastre. Perdieron el equipaje y no se hacen cargo. He llamado y no hacen más que pasarme de un operador a otro tirándose la pelota y nadie resuelve.
IBE_0070,Iberia,Desconocido,Mexico City,Milan,International,septiembre de 2025,5,"Excelente opción, solo los asientos tienen muy poco espacio, volamos en la opción económica, el servicio y la atención de parte del personal de Iberia es muy bueno, el capitán avisa todo en tiempo, el vuelo fue puntual."
IBE_0071,Iberia,Desconocido,Tel Aviv,Santiago,International,diciembre de 2025,1,maltrataron a mi mama solamente por antisemitismo. le lanzaron las maletas en el piso y le dijeron que es judia sucia . la comida pesima. es el pero aerolinea
IBE_0072,Iberia,Desconocido,Madrid,Amsterdam,Europe,diciembre de 2025,1,"A causa de un fallo en su web se me cobró el billete tres veces, y después se me volvió a cobrar 35 euros por reclamar, una por cada billete excedente, total 70 euros por un fallo suyo"
IBE_0073,Iberia,Desconocido,Ibiza,Madrid,Domestic,noviembre de 2025,1,"El pasado noviembre viajé con Iberia haciendo trasbordo en Mallorca. El vuelo de conexión se canceló y nos dejaron abandonados en Mallorca sin ninguna solución ni reubicación. Tuve que regresar a Ibiza por mi cuenta y, posteriormente, no se hicieron cargo de ningún gasto. Cada vez son peores en la gestión de estos casos."
IBE_0074,Iberia,Desconocido,New York City,Madrid,International,diciembre de 2025,1,"Una vez más problemas con iberia... Problemas para hacer el checkin en la ida (40 minutos al teléfono)... Problemas en el checkin de la vuelta (los dos billetes de dos pasajeros se imprimen con el mismo nombre ""error informático""). El vuelo de vuelta de retrasa y se pierde la conexión... Reubicación 9 horas más tarde. Problemas para hacer la reclamación online, vuelve a informar un mismo nombre en ambos billetes ""error informático"" y toca hacerla en papel después de esperar 3 comas de mostrador..."
IBE_0075,Iberia,Desconocido,Paris,Madrid,Europe,diciembre de 2025,1,Compras business y te ponen en la misma cola que Grupo 2? Para cuando cambiar los asientos business y ponerlos en cola del avión??
IBE_0076,Iberia,Desconocido,Madrid,Havana,International,diciembre de 2025,1,"Cuento de la mortadela y el lomo. Si te dan a elegir entre mortadela y lomo al mismo precio, ¿alguien elegiría mortadela? Pues eso me paso el otro dia en un vuelo a la habana, solo que me cobraron precio de lomo y me dieron mortadela, sin darme a elegir o rebajarme el precio Compro billete de Iberia, luego la compañia que realiza de verdad el vuelo es Privilege, avión con interiores penosos, reposabrazos desgastados, lavabos indecentes, pantalla de entretenimiento a bordo que parece una play station antigua, Tripulación asistente altiva y sin empatía. Un desastre todo Iberia debería cuidar más a sus pasajeros. porque con esta oferta, nunca volaría si pudiera elegir otra"
IBE_0077,Iberia,Desconocido,Barcelona,Bogota,International,noviembre de 2025,1,"Horrible experiencia con el vuelo, que ya comenzaron haciendo mal la facturación de las maletas y dándome una tarjeta de embarque que no correspondía, después pierden mi equipaje, y aún siguen sin encontrarlo, bloquean mis llamadas y no responder por ningún medio. La peor compañía con la que he viajado."
IBE_0078,Iberia,Desconocido,Madrid,Mexico City,International,diciembre de 2025,1,"Iberia es insatisfacción y frustación asegurada. Tiene todo lo malo de una low cost y de una aerolinea de “categoría”. Pago un billete business oda y vuelta con extra de flexibilidad. Decido cambiar el vuelo de vuelta con de 3 meses de antelación. Supuestamente al pagar el extra de flexibilidad en mi billete original tendría 1 cambio de fecha sin penalización. Bien, pues lo llamen como lo llamen me terminan cobrando 1693€ por cambiar el billete. Y diréis, claro! Es que viajas en business. Bien pues si, pagué el business de origen pero es que si decido cambiarlo por economy, me cobran 300€ adicionales! Por otro lado viajo con un carryon y cual es mi sorpresa (incluso en business) me obliga a facturar la maleta alegando que pesa 13.5kg. Mentira! El peso de iberia en la fila embarque pesa de más. Me jodier•n una maleta de aluminio de 1500€. Desde luego Iberia es una aerolinea que va a peor. Actúan como estafadores."
IBE_0079,Iberia,Desconocido,Madrid,Havana,International,diciembre de 2025,1,"Una vergüenza Iberia.Los vuelos que van de Madrid hacia La Habana Cuba, son vuelos chárter, los asientos llenos de suciedad y son aviones viejos que pertenecen a la compañía privilege style.Se va uno a ciegas sin saber ese engaño, ya que el corte ingles cuando vende el billete de avión no informan la nueva estafa.Un cliente menos que tienen,una hora ya en el avión y no sale del arepuerto porque tienen que revisar detalles técnicos, obvio es un avión tiene hasta las alas tiene oxidadas.Si tienen familia no arriesguen sus vidas con esta compañía, ni pierdan su dinero como muchos que hemos sido engañados."
IBE_0080,Iberia,Desconocido,Algiers,Madrid,International,diciembre de 2025,1,"Mala gestión , me cancelan el vuelo un día 8 de diciembre y al final me redirigen a otro vuelo con escalas al día siguiente , ese vuelo no me dan las tarjetas de embarque , llamo atc y no gestionan nada ya que están continuamente enviándome links los cuales te dirigen a una página web vacía , intentas ponerle la reclamación y hacen lo mismo , te atiende siempre un tal Daniel y este señor lo único que hace es que al finalizar la llamada te indica que por favor le pongas buenas puntuaciones sin resolverte el problema , una decepción total con esta compañía que se supone que es una de las mejores del mercado , no volveré a viajar con Iberia"
IBE_0081,Iberia,Desconocido,Rome,Madrid,Europe,diciembre de 2025,5,"Hola, me gustaría poner una buena reseña de la azafata violeta joven guapa y 29 años más o menos, que me trató muy bien durante el vuelo y me encantaría conocerla. Fue un vuelo de Roma a Madrid entre las horas 9:00 de la noche y 11 más o menos"
IBE_0082,Iberia,Desconocido,Madrid,Bogota,International,diciembre de 2025,2,"He tenido un problema con una tarjeta regalo, iberia no ha conseguido solucionarlo o no ha qierido porqie se ha quedado con 245 euros que nadie me va a devolver. Ha sido un robo y la atención al cliente pesima, me cerraban llamadas me decian qie escalaban el caso y nada no habia ningun tipo de avance. Me decian que me trasladaban a un gerente me dejan 40 minutos en espera y cierran la llamada. No ha sido posible reservar con ofertas porque no han atendido ninguna de las reclamaciones hechas. Es un servicio al cliente pesimo, es una verguenza que sea la compañia de bandera. El peor trato al cliente que haya visto. No hagais tarjetas regalo o bonos con iberia es un robo."
IBE_0083,Iberia,Desconocido,Madrid,New York City,International,noviembre de 2025,4,"Mi experiencia con Iberia es positiva. Los asientos en clase turista son relativamente cómodos, hay bastante oferta de entretenimiento en las pantallas y la comida me ha parecido buena. El trato de la tripulación también ha sido correcto. Lo recomiendo."
IBE_0084,Iberia,Desconocido,Barcelona,Montevideo,International,diciembre de 2025,1,"Nueva mala experiancia que se suma ya a las varias que tuve con esta empresa. El servicio de esta aerolinea va de mal en peor, yo no se la recomendaria a nadie. Mejor busquen otras opciones. He pagado un vuelo de Barcelona a Montevideo 1700 euros!! He hecho la reserva hace meses y hoy, 15 dias antes del vuelo me dicen que el avion tiene un retraso de 7 horas y no me van a pagar compensacion alguna, es eso o obtener la devolucion que poco puedo hacer para viajar hoy a ultimo momento con otra compañia (si pudiera lo haria). Un desastre, nunca mas los elegiré"
IBE_0085,Iberia,Desconocido,Madrid,Dakar,International,noviembre de 2025,1,"Servicio al cliente penoso y lamentable. Te ponen un wasap que no solucionan nada o te mandan un numero de telefono que no te cogen nunca y acabas colgando, en fin"
IBE_0086,Iberia,Desconocido,Chicago,Madrid,International,noviembre de 2025,5,Viajo una media de 4 veces al año desde USA a España y sólo viajo con Iberia. Muchas ventajas si te unes a iberia plus. Un placer siempre
IBE_0087,Iberia,Desconocido,Malaga,Madrid,Domestic,noviembre de 2025,1,Fatal desde que ingresamos al aeropuerto hasta que llegamos Madrid fatal con mis mascotas salió tardé me hicieron gastar en un taxi por culpa de un enpleada fatal no lo recomiendo si quieres mala atención esta es tu aerolínea fatal pésimo un desastre
IBE_0088,Iberia,Desconocido,Barcelona,Buenos Aires,International,noviembre de 2025,1,"Si puedes, ne viajes con Iberia. Mi vuelo fue atrasado de casi 20h, no proporcionaron Hotel para la mayoria de nosotros dejandonos tirados una noche, una mañana y una tarde entera en el aeropuerto y ahora se niegan a pagar lo que corresponde por Ley sin motivación ninguna! Niegan existencia de causas extraordinarias, y aún así niegan que corresponda la indemnización. Hemos llegado casi 24h después a Argentina causandonos problemas enormes y la compañía no quiere hacerse cargo de nada, encima habíamos sacado pasaje con ellos y nos hicieron viajar con Level. Una vergüenza."
IBE_0089,Iberia,Desconocido,Madrid,Munich,Europe,noviembre de 2025,2,"Una experiencia nefasta. Compramos billetes de Iberia a precios de Iberia y nos cambian a la compañía Air Nostrum, ya empezamos mal. Volar en un asiento 27 a la ida y una vuelta en el asiento 25, con el motor del avión prácticamente pegado a esos asientos. El avión era Iberia regional, a la ida y a la vuelta, por lo que ni de lejos está hecho para un viaje internacional. Es pequeño y viajar al lado del motor durante tanto tiempo con un ruido ensordecedor y una vibración tan fuerte y constante es horrible. Sufres la hipercontaminación acústica que junto con la vibración, acabas con el cerebro como derretido y mal cuerpo para el resto del día. Estos viajes no son precisamente baratos como para viajar en esas condiciones. No deberían vender billetes para asientos tan incómodos."
IBE_0090,Iberia,Desconocido,Madrid,Nice,Europe,noviembre de 2025,1,"Es la peor compañía con la que he viajado. Estén ustedes muy atentos porque aplican una política de antifraude que es en sí un fraude. Me explico: voy al mostrador para realizar el check in para viajar de Costa Rica a España y me niegan el viaje porque no llevo conmigo la tarjeta con la que pagué el billete, una compra en línea realizada con tres meses de antelación. Agragar además la mediocre e irrespetuosa atención que recibí por parte de una de las trabajadoras del mostrador y de la supervisora que no me aydaron en nada. - No puede usted volar porque no trae con usted la tarjeta del banco con la que compró el billete online. Ni siquiera me habían avisado mediante un correo electrónico de que debía presentarme con dicha targeta. ESTAFADORES DE PRIMERA. Ahora no quieren regresarme el dinero de los billetes, además. NUNCA vuelen con IBERIA."
IBE_0091,Iberia,Desconocido,Madrid,Montevideo,International,noviembre de 2025,2,"Decepcionante. Los asientos del AIRBUS A300-200 son extremadamente angostos, incómodos. Es muy estresante salir de cada asiento curvando rodillas, agarrándose del respaldo anterior, molestando y sacudiendo a quien viaja adelante. Luego, ir por los pasillos cada vez más angostos en estas naves, resulta una tarea de cuidado para no golpear a otros pasajeros. Mi mochila y mi carryon antes de este año pasaban cómodamente por ahí. Este año el carryon es mas pequeño y sin embargo golpea los asientos a cada lado del pasillo. Esta experiencia se repitió en el vuelo Madrid-Montevideo; Montevideo-Madrid, y también en los vuelos del A320 Zurich- Madrid y A319 Madrid-AMS. Ah! la comida para diabético: buena. No es todo. Iberia no encontró mi valija al llegar a Amsterdam. PIR AMSIB 14250 el 8-10-25. Estuve 25 días de viaje sin mi ropa, calzado, abrigo y medicamentos, que tuve que reponer y perder mucho dinero en compras que no hubiera necesitado. IBeria compensó con apenas 139 dólares, Aún no repuso lo que yo gasté. Daré cuenta en este espacio cuando Iberia lo haga"
IBE_0092,Iberia,Desconocido,Madrid,Mexico City,International,noviembre de 2025,1,"PÉSIMO SERVICIO ! Llevo una semana con mi maleta perdida y lo único que dicen es que hay que esperar. Esperar qué? No tienen idea de dónde está la maleta por la que pagué la cuota que ellos establecen! Piensa bien si decides viajar con ellos. Al llegar a México éramos varias personas a las que, sin ningún tipo de pena, nos dijeron: su maleta se quedó en Madrid! Muy mal."
IBE_0093,Iberia,Desconocido,Bilbao,Santiago de Compostela,Domestic,octubre de 2025,1,Para el precio que tiene la puntualidad es pésima. La mayoría de los vuelos que he cogido con iberia se retrasan y alguno que otro se cancela
IBE_0094,Iberia,Desconocido,Athens,Madrid,Europe,octubre de 2025,1,"El pasado 25 de octubre tome un vuelo de la compañía Iberia entre Atenas y Madrid (IB0836) en compañía de mi madre y mis suegros, el cual inicio con normalidad, pero al cabo de un tiempo se empezó a tener una sensación térmica muy elevada, pese a decirle a la asistente de vuelo en 3 ocasiones la situación… y el ambiente hostil que se estaba generando en la cabina no se produjo ningún cambio. Al ser un vuelo “corto” 3 horas, la aerolínea no suministro ningún tipo de bebida, todo es por catálogo. Creo que están jugando con la salud de los pasajeros y ponen en riesgo la vida de los usuarios adultos mayores o con problemas cardiovasculares, a quienes la deshidratación que generan con este uso irregular y de mala fe de la temperatura de cabina puede descompensar. Recomiendo a todos (as) evitar esta compañía para sus vuelos… por su salud y comodidad"
IBE_0095,Iberia,Desconocido,Madrid,Buenos Aires,International,noviembre de 2025,1,"Servicio en tierra un cero. Para cambiar mis datos personales me envian links, mails, etc. He llamado por lo menos 10 veces. Links que no funcionan, mails que ko llevan a nada y solo para cambiar mi datos personales: dirección, teléfono. La atención telefónica es amable pero el resultado es cero."
IBE_0096,Iberia,Desconocido,Madrid,Valencia,International,noviembre de 2025,1,"La peor compañía del mundo atención al cliente nefasta compras billetes y duplican los pagos teniéndote importes semanas ,NO VOLEIS CON ELLOS son una estafa de aviones viejos"
IBE_0097,Iberia,Desconocido,Madrid,Tenerife,Domestic,noviembre de 2025,1,"Viajamos con el Imserso y, cuando faltaban más de la mitad de las personas por facturar, a mí me dan la fila 20 y a mi mujer la fila 40. Me gustaría que a la payasa que nos atendió, la traten igual que nos ha tratado a nosotros a partir de que cumpla los 60"
IBE_0098,Iberia,Desconocido,Malaga,Barcelona,Domestic,noviembre de 2025,1,"Compré unos tiquetes ida y vuelta para mí y mi bebé de un año y dos meses. Mi motivo del viaje es muy importante porque hay que hacer unas revisiones médicas en el destino al que voy. Y resulta que yo cogí la tarifa confort con toda la intención de poder llevar cómoda a mi hija y que mi hija se pueda mover en el trayecto. Pues resulta que ni Iberia se hace cargo de lo que compre y mucho menos el avión que opera porque supuestamente lo opera B Vueling. Nadie te da razón. Todo el mundo se tira la pelota. Luego no te quieren regresar tu dinero. Lo que estas compañías no saben es el esfuerzo tan grande que uno hace para comprar sus tiquetes porque a mí me tocó financiarlo. Y resulta que yo tengo que viajar incómoda, no me respetaron mi tarifa y mucho menos tuvieron en cuenta que voy con una bebé de cierta edad que va en mi regazo pero es una bebé muy grande y tiene apenas la edad para ir encima mío. Es un pésimo el tratamiento que me dan por vía telefónica de lo peor. Iberia de lo peor. Y vueling igual no 😔 se para q ve de algo q no cumplen si luego los asientos los eligen ellos y de mas."
IBE_0099,Iberia,Desconocido,Miami,Madrid,International,septiembre de 2025,2,Mi esposa y yo viajamos con Iberia desde Miami a Madrid el 15 de Septiembre 2025. Cuando solicité los avíos correspondientes me informaron solo pueden darse con el número del Pase a Bordo que no conservaba. Mi experiencia es que otras aerolíneas los acreditan automáticamente cuando efectivamente vuelas según lo reservado.
IBE_0100,Iberia,Desconocido,Punta Cana,Madrid,International,octubre de 2025,1,"Hice un vuelo por trabajo a Punta Cana… Hice un vuelo por trabajo a Punta Cana con Iberia. Por enfermedad me ingresaron en un hospital y perdí el vuelo de vuelta. Las opciones que daban para otro billete, eran quedarme allí 10 días o un mes. Compré un nuevo vuelo a Madrid con Iberia para llegar a casa ante la falta de soluciones. Cuando voy a pedir el reembolso de los avíos y las taxas que había pagado por el vuelo que no pude tomar, me dicen que no pueden hacer nada. ME HAN DEJADO TIRADO EN OTRO PAÍS SIN DARME SOLUCIÓN. Llevo años viajando con ellos y ahora mismo, voy a tirar sus tarjetas a la basura. Editar Eliminar"
IBE_0101,Iberia,Desconocido,Madrid,Milan,Europe,noviembre de 2025,1,"Cada 15 días, aproximadamente, después de septiembre (y desde el año pasado al menos 10 veces Madrid-Turín, siempre con las mismas fechas y usando Iberia Plus), vuelo Madrid-Malpensa a través de la web oficial de Iberia con la tarjeta Iberia Plus, o llamando al número español 91336 (donde me atienden con IA en inglés). A pesar de tener Iberia Plus y pagar entre 300 y 400 euros cada vez, con equipaje de mano (10 kg), me obligan a facturar la maleta en lugar de llevarla en cabina, haciéndome esperar entre 30 y 40 minutos para embarcarla y otros tantos para recogerla al llegar (tanto a la ida como a la vuelta). Incluso si la rompen (y tengo un parte de daños), a Iberia no le importa la fidelidad de sus clientes habituales ((Porque a veces viajo con mi marido, mi hijo y mi mascota). Hay una total falta de respeto hacia mí y hacia los demás pasajeros, haciéndonos esperar en fila o sentados en el avión durante retrasos de 10 a 45 minutos, siempre, siempre, o incluso una hora. Además, al facturar, como no pagué por el asiento, me envían un billete de vuelta en la fila 37, lo que supone media hora extra para embarcar y también para desembarcar. ¿Acaso no les alcanza con 300-400 euros para incluir el asiento? Estimados directivos de Iberia, los asientos deberían asignarse según criterios democráticos: deberían asignarse según el orden de compra, especialmente si no se llevan maletas de más de 10 kg o si se viaja con tripulación. ¿No queremos darnos cuenta de que estas son prácticas abusivas que deberían ser sancionadas? ¿Por qué los más pobres, que se ven obligados a viajar sin ropa, tienen que hacer cola durante una hora para embarcar y recoger maletas de 10 kg (equipaje de mano), que están rotas debido al maltrato de los trabajadores de Iberia, y que además tienen que permanecer de pie durante 30-40-35 minutos, incluso si tenemos cierta edad, en grupos de 4 o sin asignación, para embarcar? ¿Por qué, además de todo eso, tenemos que sentarnos en los peores asientos del avión (uno en la fila 37; si no abren las salidas de la parte trasera, se tarda 30 minutos en salir, y encima hay que aguantar el hedor del único baño para más de 150 personas, porque el de delante es solo para clase business (6-8-10 pasajeros)? ¿Por qué siguen existiendo estas diferencias sociales tan arcaicas? ¡Porque Iberia, que representa a mi país y, por tanto, también a mí, gana muchísimo más! ¡Qué vergüenza! ¡Qué vergüenza para ustedes, los de Iberia, y para todos los políticos que lo permiten! Yo, como pasajero habitual, no tengo más remedio que volar con otra compañía."
IBE_0102,Iberia,Desconocido,Oviedo,Granada,Domestic,noviembre de 2025,2,"Para empezar el vuelo ya llegó con retraso a Asturias, pero lo peor vino después al llegar a Madrid para volar a Granada. Nos hicieron subir al avión pero nos tuvieron 50 minutos dentro. La explicación es que había mucho tráfico aéreo, pero en la terminal 4 no había un solo avión. En fin un desastre."
IBE_0103,Iberia,Desconocido,Madrid,Malaga,Domestic,noviembre de 2025,1,"Un servicio nefasto sobre todo cuando tu maleta no la cargan desde el lugar de origen, y tienes que esperar a que cuando ellos puedan te la cargan,teniendo en cuenta lo importante que es esta para los pasajeros y para la experiencia del viaje que es el motivo por el cual se viaja, sin duda alguna no volveré a viajar con ellos."
IBE_0104,Iberia,Desconocido,Granada,Madrid,Domestic,octubre de 2025,1,"Me retrasaron el vuelo y tengo una conexión y para mí era muy importante llegar a una determinada a mi destino ,cosa que no lograré,vergonzoso.Sin duda,esta compañía no se la recomiendo a nadie"
IBE_0105,Iberia,Desconocido,Havana,Milan,International,octubre de 2025,1,"La experiencia fue pésimo,perdi mi vuelo de conexión porque el primer vuelo se atraso 2 horas,y luego cuando llegue a mi destino,mi equipaje no llegó,pasé 4 dias para poder recuperar lo."
IBE_0106,Iberia,Desconocido,Madrid,Mexico City,International,octubre de 2025,1,"Me perdieron una de mis maletas grande, la habia documentado, traia todos mis recuerdos y compras, ropa, souvenirs, equipo electronico, tardaron 20 dias en localizarla y cuando me la entregaron faltaba mucho de mis articulos nuevos, muy listos por que lo mas viejo lo dejaron, no me respondieron por la perdida argumentando que la maleta no estaba dañada..pero si violaron mi candado TSA, no son cuidadosos con el equipaje tengan mucho cuidado. Cuando levante el reporte habia 10 personas mas con el mismo problema de perdida de equipajes"
IBE_0107,Iberia,Desconocido,Buenos Aires,Barcelona,International,octubre de 2025,1,"La peor experiencia de mi vida. Es una aerolínea nefasta . Me cancelaron el vuelo de ida estando en el aeropuerto. Nos tuvieron mas de 5 horas en el aeropuerto sin respuestas. Nos trataron mal. Luego el viaje de regreso a Bs As me lo retrasaron mas de 12 horas, y al momento de embarcar me lo vuelven a cancelar. Como si eso fuese poco me perdieron la valija. Perdí dias de trabajo, alojamientos y excursiones. No pueden existir aerolíneas que le falten el respeto así a la gente. A mi me perjudicaron en todos los aspectos posibles. No compren nunca pasajes con esta aerolínea que seguro les trae problemas y les arruina el viaje."
IBE_0108,Iberia,Desconocido,Madrid,Bogota,International,octubre de 2025,4,"La reserva con Iberia tuvo sus matices: En el vuelo de ida durante el check in permitió hacer selección gratuita de asientos, lo que facilitó escoger un buen lugar dentro de los disponibles. Para el vuelo de regreso fue todo lo contrario: en el check in la asignación de asientos no tuvo oportunidad de elección (no entiendo por qué) y nos dejaron en la antepenúltima fila (ahí el avión se mueve mucho y marea además de estar siempre escuchando a quien entra y sale de los baños). También para la comida solo quedaba una opción (una horrible pasta que nada que ver). Eso hizo algo incómodo el viaje de regreso. El tema es que si se quiere escoger, toca pagar más, como todo."
IBE_0109,Iberia,Desconocido,Madrid,New York City,International,octubre de 2025,1,"Vergüenza de compañía, acepto que un vuelo se cancele a unas horas de su salida, pero la incapacidad de esta compañía para gestionar nada es lamentable, totalmente tercermundista."
IBE_0110,Iberia,Desconocido,Desconocido,Desconocido,Desconocido,octubre de 2025,1,Trolleys cabina a bodega y luego dejan a mitad avión con mochilas tamaño trolley. Salida maletas eternas . No dan ni un vaso de agua o café. Unos cutres
IBE_0111,Iberia,Desconocido,Buenos Aires,Barcelona,International,septiembre de 2025,1,"El 9 de septiembre de 2025 mis padres, ambos de 76 años, fueron impedidos de embarcar en el vuelo IB2604 Buenos Aires–Barcelona por el personal de Iberia, pese a tener toda su documentación en regla y un billete de salida del espacio Schengen hacia Nueva York dentro de los 90 días. Los obligaron, bajo presión y con el embarque a punto de cerrar, a comprar de urgencia dos nuevos pasajes de regreso a Argentina: uno por Trip.com (que Iberia rechazó por no tener aún el número de billete) y otro por Avianca (porque sí lo emitía al instante), gastando más de 1.600 € innecesarios. Tras semanas de reclamos, Iberia se niega a hacerse cargo. Trato inhumano, nula empatía y cero responsabilidad con pasajeros mayores. No volveremos a volar con Iberia."
IBE_0112,Iberia,Desconocido,Madrid,Las Palmas de Gran Canaria,Domestic,octubre de 2025,1,Iberia dice que tienen derecho a sobrevender el 30% del avión y causar un overbooking de un 30%.. Hay que ir hasta el embarque para ver si pueden hacer algo. Indignarse.
IBE_0113,Iberia,Desconocido,Madrid,Lisbon,Europe,octubre de 2025,1,"He viajado varias veces con Iberia, y en todos los vuelos te obligan a facturar la maleta porque tiene prevista alta ocupacion. Si pagas más, no hay problema y puedes llevar la maleta encima. Las compañías hacen lo que quieren para robarles el dinero a los clientes."
IBE_0114,Iberia,Desconocido,Malaga,Madrid,Domestic,octubre de 2025,1,Iberia de lo peor .salimos de Málaga con retraso y llegamos a Madrid y el avión nos dejó en tierra y después esperar 10 horas para el próximo vuelo
IBE_0115,Iberia,Desconocido,Milan,Madrid,Europe,octubre de 2025,1,"Vuelo IB670 de hoy 18-10-2025,me dan una maleta deteriorada con un apoyo lateral arrancado y después de una hora de espera para poner la reclamación , me indican que no es posible ponerla porque ese deterioro creado en el transporte no lo cubren , me indica que lo haga en la web pero que no va a servir de nada, insisto en ponerla y no me lo me permite , intento ponerla en la web y me pide el parte del aeropuerto , además de lamentable , esperpéntico por si lo lee algún responsable mi código de reserva es el JD2CF del vuelo IB0670 con llegada a las 16,45 PM"
IBE_0116,Iberia,Desconocido,Prague,Madrid,Europe,septiembre de 2025,2,Nos hicieron facturar maletas por ser un supuesto vuelo de alta ocupación para luego ver sitios libres y maleteros vacíos en la mitad del avión hacia atrás. Perdimos tiempo en la espera del equipaje
IBE_0117,Iberia,Desconocido,Lanzarote,Madrid,Domestic,octubre de 2025,1,"Que decepción tan grande me he llevado con esta aerolínea y con parte de su personal de tierra tan inhumano y desagradable. Evitare utilizar esta aerolínea. Compre el vuelo 1 mes y medio antes en el vuelo de las 7 am, después debia coger otro vuelo al llegar a Madrid pero no lo compré enlazado. Cuando llego y voy a facturar me comunica el azafato de tierra que la compañía ha sobre vendido vuelos en ese horario y que estaré en lista de espera a ver si sobra algún asiento o me reubican en el vuelo de las 11 am. Me comenta que debi haber hecho el check in on line para asegurar mi asiento (yo pensaba que reservando y pagando ya era suficiente seguro para volar) Tuve que esperar a que todos los pasajeros embarcaran, junto con otras 8 personas más a ver si nos daban asiento.....como era por lista de espera ""sobraron"" 2 asientos, pasó una señora y el siguiente era un chico. Yo tenia un vuelo programado a América central a las 14.45 y lo único que me dice la azafata de tierra es que no vuelva a hacer eso y lo cogiera enlazado. Ni un perdón ni un disculpa. Que sobre vendan no es culpa de nosotros los clientes. El primero me habló como que tuve culpa por no haber hecho check in on line y la otra por no haber cogido el vuelo enlazado, aun encima la culpa es del cliente. Pude coger el siguiente vuelo y no tuve que gastarme 1.000 euros extras gracias al último chico que escuchando mi situación me cedió su lugar. Se lo agradezco en el alma. Evitare esta compañía cada vez que sea posible."
IBE_0118,Iberia,Desconocido,Palma de Mallorca,Madrid,Domestic,octubre de 2025,1,"La app no es para nada intuitiva, no te deja acceder a la reserva si no pones una y otra vez los datos de dicha reserva , no puedes comprobar qué equipaje has contratado porq no lo encuentras, por miedo vuelves a contratar otro, el chat otra ... no te solucionan nada y te tienen con mensajitos media hora preguntándote la misma cosa veinte veces y nada, una compañía como Iberia debería mejorar ésto"
IBE_0119,Iberia,Desconocido,Bogota,Madrid,International,octubre de 2025,1,"Además de que salimos con 1 hora de retraso. Al llegar me informaron que mi maleta, junto a las de unos 30 pasajeros más, se había quedado en Bogotá. Que no las habían podido meter a las bodega del avión por “el mal tiempo” , Habráse visto. Que teníamos 2 opciones: esperar 4 horas a que llegase el siguiente vuelo o dar nuestros datos para hacernos llegar el equipaje a nuestro domicilio. La mayoría nos quedamos esperando las 4 horas que luego se convirtieron en más de 5 horas porque las maletas nunca fueron puestas en el carrusel del vuelo en que llegaron. Solo cuando fuimos de nuevo ac reclamar al servicio al cliente, nos las entregaron. Sin mencionar las caras amargadas de algunas azafatas que creo que piensan que servir a los latinoamericanos es una humillación, No muestran ni un ápice de cordialidad. Son una calamidad."
IBE_0120,Iberia,Desconocido,Madrid,London,Europe,octubre de 2025,4,"Salió con más de una hora de retraso a la ida, que luego se remontó en parte en el avión. A la vuelta llegamos media hora antes de la previsto. El embarque y el trato en ambos vuelos bastante bien."
IBE_0121,Iberia,Desconocido,Madrid,New York City,International,agosto de 2025,1,"Buenas a casi todos (menos a Iberia) Como decía al principio llamarles gentuza es un piropo. Este año hicimos las bodas de plata, y para celebrarlas nos fuimos mi mujer y mis dos hijos (uno de ellos menor) a New York y Republica Dominicana. Años ahorrando para que gran parte de esas ilusiones esta gentuza se las carga, y son tan buenos siendo inútiles, que ya las perdieron en el primer destino. Allí nada más perderla, se lo dijimos a la responsable de Iberia, familia directa de estos ineptos. Por cierto era la única que no hablaba español en persona, pero por teléfono mientras hablaba con el novio de turno, no se la daba mal. , tuvieron todas las vacaciones llamándoles, yendo de compras por ropa, bañadores, maquillaje y demás. Y ya y por ser un poco más breve, cuando llegamos a España y nos comparamos unos cepillos de dientes, una maquinilla de afeitar, unas planchas y cuatro cosas más, que por cierto ahora tenemos por duplicado, resulta que aparece la maleta después de 21 días y dicen que no tenemos derecho a nada. Te cierran canales de comunicación, opciones de hacer justicia y te dejan con una impotencia terrible. Pu… gentuza. Si alguien sabe algún otro canal para poderles apretar a estos personajes, aquí estoy. Y que recuerden que todo vuelve multiplicado por…"
IBE_0122,Iberia,Desconocido,Madrid,Buenos Aires,International,octubre de 2025,1,"Vuelo101 sábado 4 de octubre 2025 - Nos acercamos a check in en barajas a las 17 hs aproximadamente con pasajes en Business con salida de vuelo a las 23,59 hs, emitidos aproximadamente el 1 de Agosto, despacho parte de mi equipaje sin inconveniente alguno, cuando despachamos el de mi esposa la empleada dice que su asiento esta Stand By, preguntamos porque nos dice que seguramente el vuelo esté sobrevendido por Booking. Que debemos ir a puerta de embarque y ahí nos dirán si hay lugar o debe ir en económica o esperar nuevo vuelo al día siguiente. Después nos dicen que en business hay 3 asientos bloqueados, que no saben el motivo que estiman que es por desperfectos en los mismos. Mi duda es si no estarían reservando para otros pilotos o personalidades. En salón Vip nos dicen que tipo 22 hs nos darán novedades, cosa que a esa hora, ni a las 22,30, ni a las 23 las tuvieron. A las 23,15 me acerco nuevamente y me dicen que si que el asiento está confirmado. Si no me hubiera acercado alguien se hubiera preocupado por avisarnos. Un empleado nos dice que es habitual que esas cosas sucedan casi a diario."
IBE_0123,Iberia,Desconocido,Madrid,Montevideo,International,octubre de 2025,1,"Viajó cada año en esta compañia porque sólo hay dos opciones para ir visitar a mi familia desde España. IBERIA es una de ellas y en apariencia sería un poco mejor. El tema es que cada año va a peor. Desde la comida, fideos con una salsa gelatinosa que me hizo votimar,las azafatas que te tratan como ganado y ni sonrien, parece que estamos siempre molestandolas y hacen todo apuradas y tirando te las cosas, y los baños un asco, 13 hs de vuelo con el avión repleto y sin un repaso en todo el viaje. Una Verguenza, nos tratan como animales y pagamos como Reyes 1800€ por un vuelo transatlántico en estas condiciones. Es inhumano, el desayuno a última hora antes de aterrizar una media Luna vieja con una lancha del tamaño de un dedo, de jamón, fría, sin queso, seca, al igual que el café y té frío. Yo me pregunto: cuanto hace que los directores de esta compañia no utilizan la tarifa económica y comprueban el servcio?. Como? Impresentables!!!!!! Nada esta bien, absolutamente Nada!!! Y pensar que daba gusto todo antes. PENA E IMPOTENCIA."
IBE_0124,Iberia,Desconocido,Buenos Aires,Madrid,International,octubre de 2025,1,"El flamante A350 puede ser la última virgueria en la aviación pero una auténtica pesadilla para el viajero de clase económica. No sé cuántas filas de más han puesto, pero es una auténtica tortura e indignidad para el pasajero, con una estrechez e incomodidad que ni la peor low cost en un vuelo de corto o medio recorrido, pues imaginaros las 12 horas de un vuelo trasatlántico. La tripulación es atenta pero todo el resto, comidas, extras, etc muy limitado."
IBE_0125,Iberia,Desconocido,Madrid,Buenos Aires,International,junio de 2025,1,"Dejo de ser Cliente de Iberia (Por mas de 6 Años viajo 1 o 2 veces al año entre España y Argentina). No resuelven nada. Si compras LOWCOST Level y por algun motivo necesitas modificar fecha, etc, es un robo todo y te cobran hasta el doble. Nunca solucionan nada. En el banco siempre figura el dinero retenido 7 dias por dupulicado en los billetes !. Una barbaridad. Iberia has perdido un cliente. Viajare por Aerolineas Argentina o Aireuropa."
IBE_0126,Iberia,Desconocido,Madrid,Las Palmas de Gran Canaria,Domestic,octubre de 2025,1,"Iberia express se ha convertido en el Ryanair español, asientos incómodos,filas de gente sin saber como hacer el check in, han sustituido personas por maquinas, ahora sí quieres viajar tienes que hacerlo todo tú mismo, hasta facturarte, me parece la depreciación de los puestos de trabajo, las máquinas no van a hacer que vayamos más rápido, pero creo que el trato humano ha desaparecido y me da pena, prefiero pagar más e ir con otra compañía, como ya hice en su momento con la mencionada Ryanair, soy de las que les gusta comprar productos nacional, pero prefiero gastar más en otra compañía aunque no sea española por la calidad de los servicios."
IBE_0127,Iberia,Desconocido,Cartagena,Seville,International,noviembre de 2024,1,"Los incompetentes quince dias al viaje habian confirmado, llame a la aerolinea para confirmar y me.dijeron que ai estaba, el dia de mi vuelo noviembre 21 me dicen que.no habia vuelo de.nada no podia creer como el error de alguien le cuesta tanto a uno"
IBE_0128,Iberia,Desconocido,Madrid,Lyon,Europe,julio de 2025,1,"En el mes de Enero del 2025 me puse a organizar un campamento de verano para mis hijos pequeños a Francia, decidiéndome por uno en los Alpes para lo cuál había que volar a Lyon. Una de las razones principales de escoger este campamento en lugar de otros muchos es que la organización organizaba todo el transporte de los niños en un autobús desde el aeropuerto hasta Grenoble y de ahí un tren hasta el campamento. Todo ello estaba incluído en el precio, y siendo yo una madre de familia numerosa de categoría especial (5 hijos) es muy importante para nosotros controlar los gastos con antelación para las actividades de verano de mis hijos ya que sólo dispongo que de un presupuesto determinado para los 5 en verano. Los niños debían despegar con Iberia a las 10.05 por lo que a las 8.05 estábamos en el aeropuerto . La llegada estimada del vuelo eran las 11.55 y el autobús se iba a las 13h hacia la estación de Grenoble. A eso de las 8.45 Iberia anunció un retraso, inicialmente de duración indeterminada, y tampoco nos dieron ninguna explicación sobre el motivo de este retraso. Cuándo nos acercábamos para preguntar al personal de tierra por el vuelo, lo único que nos decían es que estaba retrasado, no sabían de cuánto, que incluso era posible que se tuviese que cancelar y que tampoco sabían la razón. FInalmente a eso de las 11 anunciaron que el vuelo saldría a las 12 llegando con ello 2 horas tarde a Lyon. En ese momento ya pude dar una información certera a la organización del campamento con quién estaba en contacto desde las 9 de la mañana pero estos me dijeron que no podían esperar 2 horas a los niños dado que tenían a todo el resto de niños esperando en el autobús y con plazas ya cogidas de tren. Me tuve que poner entonces frenéticamente a buscar un modo de transporte seguro para mis hijos, ambos menores de edad, de 12 y 15 años, y por fin encontré un servicio de transporte que pudo hacerse cargo de los niños a la llegada, llevarles a la estación de Grenoble y desde allí arreglarles otro transporte al campamento. Este servicio sobrevenido me costó 250 euros, además del parking que tras 4 horas fueron casi 30 euros, y los desayunos de los 3 que a las 11 estaban ya hambrientos. La razón del retraso del vuelo fue según información posterior de la compañia porque ""la tripulación asignada para realizar este trayecto no se pudo presentar a la hora prevista"", es decir por un motivo interno de la propia compañía. Cuándo solicité la devolución de estas cantidades sobrevenidas de los campamentos de mis hijos, me quedé totalmente estupefacta cuándo me contestaron ""le informamos que tras el estudio de las facturas aportadas, no corresponde el reembolso por gastos en destino, así como tampoco el del parking"" Por supuesto, me sentí terriblemente maltratada e incluso abusada económicamente y por esa sensación de ser tratada tan injustamente, recurrí su mensaje y solicité de nuevo la devolución de esos gastos, mostrándome flexible pidiéndo dicha devolución ""aunque fuese bajo forma de un vale o bono para usar en siguientes viajes"". De inmediato la compañia me contestó ""Hemos tenido la oportunidad de revisar su caso y dadas las circunstancias en que se produjo la incidencia del vuelo debemos ofrecerle la misma resolución que en nuestro escrito anterior."" Yo tengo un presupuesto asignado para los viajes de estudios de verano de cada uno de mis 5 hijos. Organizo las cosas con mucho tiempo de antelación y estudiando muchas opciones para poder precisamente controlar los gastos y de esta forma viajar todos. De lo contrario una familia de 7 personas no podríamos acceder al mundo de los viajes. Por ello me siento tratada de forma totalmente irrespetuosa, injusta y despectiva de mis necesidades e incluso creo que es discriminativo porque si antes sólo determinadas categorías sociales podían viajar y ahora está más al alcance de todos, yo tendré reparo de volver a hacerlo si de golpe en un día y por problemas internos de la compañia he de desembolsar más de 300 euros extra para el viaje de 2 de ellos. Esto no debería ser así y me siento profundamente decepcionada de que una compañia con la trayectoria y categoría de Iberia demuestre tan poco respeto y empatía hacia sus usuarios."
IBE_0129,Iberia,Desconocido,Madrid,Funchal,Europe,septiembre de 2025,1,"DECEPCIONADOS. Si compras el billete básico te obligan a facturar el Equipaje de mano. Eso sí, te ofrecen la opción de pagar el ""Priority Pass"" y entonces puedes llevar tu equipaje de mano contigo ."
IBE_0130,Iberia,Desconocido,Buenos Aires,Madrid,International,agosto de 2025,1,"Viajé de Buenos Aires a Madrid en clase TURISTA PREMIUN, con la expectativa de tener más espacio , comodidad , mejor atención y mejora en el menú, tal como se divulga en el sitio web de la empresa. Nada de ello se cumplió , para poder salir del asiento, aun estando en asiento de pasillo, hay que ser CONTORSIONISTA , imposible pasar , el equipo de diseño de este modelo de avión debería hacer la experiencia de viajar 13 horas en estas condiciones. por lo demás : comida , entretenimiento, atención.....y bueno se puede perdonar. Y al llegar no tenía asignada manga , o sea que todos los pasajeros , luego de 13 horas de viaje tuvieron que bajar por escalerilla con su maleta de cabina, mochila, y demás, a excepción de quienes pidieron asistencia con antelación .Conclusión : la última vez que elijo Iberia y no recomiendo, bajo ningún punto, viajar con esta compañia."
IBE_0131,Iberia,Desconocido,Madrid,San Jose,International,septiembre de 2025,1,"Una vergüenza de compañía, tenemos un bono emitido por ellos para gastar y llevamos diez días intentando comprar los billetes, la compra da fallo y ni poniendo cinco casos de reclamaciones nadie de Iberia nos ayuda"
IBE_0132,Iberia,Desconocido,Madrid,Buenos Aires,International,septiembre de 2025,1,"El 9 de septiembre hice un cambio de vuelo en la web de Iberia. La página mostraba el importe como “precio final” y en el chat pedí varias veces el precio total. En ningún momento me informaron que esa cantidad era adicional al billete que ya había pagado previamente. Tras pagar, descubrí que el coste real del billete casi se duplicaba. Reclamé a Iberia apenas dos horas después solicitando la cancelación o un reembolso en crédito, pero me lo denegaron. Considero que la información no fue clara ni transparente y que esto induce a error al cliente."
IBE_0133,Iberia,Desconocido,Miami,Oviedo,International,septiembre de 2025,1,"Como siempre pésimo, la peor aerolínea, atrasos de horas en los vuelos, tercer viaje me pierden la maleta, no se hacen responsables de nada."
IBE_0134,Iberia,Desconocido,Santiago,Madrid,International,agosto de 2025,1,"El avión despegue y aterrizaje estupendos pero cada vez minimizan aún más el espacio para los pasajeros y es peor que viajar como sardinas en lata Los baños insalubres , la comida incomible Debierais poner más agencion en la calidad de servicio, los de coach también son pasajeros , no carga, y todos aquellos que viajamos en económica somos los que hacemos rentable su vuelo. Llegué a alambrada, apenas se puede caminar en los pasillos de estrechos y con extrema dificultad acceder al asiento de l ventana Ojalá hagan algo para dan un POQUITO DE MYOR COMODIDAD A LOS PASAJEROS , horrible y el viaje de regreso PEOR AÚN , mismas incomodidades horrorosas, la azafatas bien pesadas y nos tuvieron 30 minutos con todos adentro , caldeados con 35 grados afuera y un infierno adentro del avión cero aire acondicionado , UNA VERGÜENZA y condiciones subhumanas a más de 44 grados centígrados"
IBE_0135,Iberia,Desconocido,Lima,Madrid,International,septiembre de 2025,1,Rompieron mi maleta y me tuvieron tres horas y media en barajas para poder dar el parte. Perdí mi ave. Intenté hacerlo vía Internet y no me dejaron. Llamé a atención al cliente y me dijeron que era la única manera. Es vergonzoso. Tengo 68 años y 3 horas de pie en una cola.
IBE_0136,Iberia,Desconocido,Boston,Madrid,International,septiembre de 2025,1,"No reservaron nuestro vuelo y no pudimos entrar pese a haber pagado. Tuvimos que atrasarlo, muy mala experiencia no volvería a ir en está aerolínea"
IBE_0137,Iberia,Desconocido,Oviedo,Las Palmas de Gran Canaria,Domestic,septiembre de 2025,5,"He volado por primera vez y ha sido una muy buena experiencia con conexion oviedo- madrid- las palmas de gran canaria, ida y vuelta, maxima puntualidad, comodidad, viajabamos una familia de 5 y nos sentaron 3 juntos y 2 unos delante de otros y sin escoger asiento, la atencion de la tripulacion super agradable y atenta en todo momento, fue nuestro primer viaje y repetiremos con la misma compañia sin duda alguna. Calidad y precio muy buena. Ventanilla🥰"
IBE_0138,Iberia,Desconocido,Rome,Madrid,Europe,agosto de 2025,1,"Nos perdieron una de las maletas, retraso de 2horas, nos cambiaron a un avión de la compañia Privilege y para colmo ni en el vuelo de ida ni el de vuelta nos dejaron entrar con equipaje de mano, alegaban alta ocupación, nos hicieron facturar. La maleta llegó a Madrid a los 10 días, un desastre todo. Atención al cliente después de muchas mentiras y 15 llamadas(mañana y tarde) nos decía que estaba la maleta asignada ya al transportista y que llegaría a lo largo del día, así hasta 10dias ,nos arruinaron el viaje y las vacaciones. Adjunto las 15 llamadas y casi 140minutos de conversaciones. Nos prometían una indemnización y todo fue mentira."
IBE_0139,Iberia,Desconocido,Madrid,Miami,International,agosto de 2025,1,"Iberia peor que una low cost. Vergüenza de compañía. No solo nos deniegan el embarque a mi hijo y a mí una vez pasado y sellado el control de pasajeros cuando ya estábamos en el finger, sin motivo alguno. Sino que además nos extravian el equipaje y estamos todas nuestras vacaciones sin él. Después de tenerme mareada con abrir expedientes de un lado a otro, para nada, se lavan las manos con la denegación de embarque y con el extravío del equipaje nos quieren dar una cantidad que solo cubre el importe de la maleta y dos cepillos de dientes. Que vergüenza de aerolínea. Esto no va a quedar así, nos tratan como a ganado. Mi tiempo libre y mis vacaciones son sagradas y hasta lo último que pueda hacer voy a ir a por ellos. Volar con ellos se ha convertido en una lotería. No pongo fotos porque están nuestros datos personales. Pero las tarjetas de embarque están perfectamente selladas por el control de seguridad."
IBE_0140,Iberia,Desconocido,Miami,Madrid,International,septiembre de 2025,1,"A la hora de hacer el check-in, el sistema no nos lo permite. Hablamos con atención al cliente y nos explica que es porque, ¿seguramente?, tengamos que presentar alguna documentación en el mostrador del aeropuerto. Al llegar al aeropuerto de salida, después de nuestro vuelo de conexión nos encontramos con una situación de caos y mala gestión. nuestro caso era el mismo que el del resto de los pasajeros. Cambio de avión y de todos los asientos. Nuestra clase ha desaparecido y nos reubican en una inferior. Al hacer la reclamación en destino, ninguna solución por teléfono y al reclamar por la página web, se despachan con una nota de disculpa dándola por cerrada. Servicio al cliente tercermundista. Mejor elegir otras compañías con reputación contrastada."
IBE_0141,Iberia,Desconocido,Madrid,Catania,Europe,septiembre de 2025,1,"Compré el billete con cuatro meses de antelación. Una semana antes nos notifican que el vuelo lo opera otra compañía llamada Privilege que desconozco de dónde sale, cuando mi elección era Iberia y no está compañía con la que me veo obligada a volar por no tener otra alternativa por parte de Iberia . Cuando llega la hora del embarque y siempre, según Privilege, siguiendo instrucciones de Iberia, no nos dejan subir el equipaje de mano a pesar de , según pudimos comprobar, ir los portaequipajes bastante vacíos, Siempre vuelo con Iberia y esto nunca me había pasado. Seguro este será mi último vuelo con Iberia"
IBE_0142,Iberia,Desconocido,Madrid,Puerto Limon,International,septiembre de 2025,1,"No me dejaron volar por un error suyo y la atención al cliente fue pésima, encima se llevaron mi maleta mientras a mi me dejaron en tierra y no me dieron solución ninguna"
IBE_0143,Iberia,Desconocido,San Juan,Barcelona,International,septiembre de 2025,1,"Increíblemente, Iberia canceló nuestro asientos, los cuales fueron debidamente pagados desde el inicio de la reserva. Hicimos la reclamación y nos informaron que se comunicarían con nosotros de 24 a 72 horas. Sin embargo, nunca nos llamaron. Así las cosas, generamos entre 3 y 4 llamadas adicionales para darle seguimiento a nuestra reclamación e intentar resolver la situación y, simplemente, nos informaron que no se podía hacer nada porque ya otros pasajeros habían comprado los mismos asientos. Les explicamos a los distintos agentes de servicio la situación y uno de ellos le levantó la voz a mi esposo y le colgó la llamada. En resumen, no existe servicio al cliente alguno, empatía ni voluntad de ayudar a los pasajeros. Simplemente, no volvemos a viajar por esta aerolínea."
IBE_0144,Iberia,Desconocido,Pamplona,Buenos Aires,International,agosto de 2025,1,"El día 6 viaje desde Pamplona a Buenos Aires.Al facturar el equipaje me correspondía pagar 2 kg de exceso de equipaje..Paso la tarjeta mi pareja y según la señora de Iberia daba error , luego pasé la mía y su respuesta fue la misma Antes de embarcar le compramos a la empleada de Iberia que nos habían pasado los cargos en las app de nuestros respectivos bancos ..Ella nos respondió que se nos devolvería los cargos..Hasta hoy ..He llamado a atención al cliente he realizado dos reclamaciones y nada , son de lo peor .Es decir, la persona que me atendió me dejaba pasar con exceso de equipaje y además nos aseguro que los cargos se nos devolverían..Iberia ante esto no hace nada, solo vueltas , y así seguimos s..sin resolver nada .Indignante vuestra atención"
IBE_0145,Iberia,Desconocido,Dublin,Madrid,Europe,septiembre de 2025,1,"Compañía tercermundista. Asientos estrechos, incómodos y sin espacio para las piernas. Te obligan a facturar el equipaje de manos. El check in online no funciona. Fatal."
IBE_0146,Iberia,Desconocido,Istanbul,Barcelona,Europe,agosto de 2025,1,"Teniendo una reserva confirmada con IBERIA, y llegando con antelación de 2h y media al aeropuerto de Estambul para hacer el CheckIn, esta compañía no nos permitió volar. Nos negó la asistencia para poder regresar en un plazo razonable (nos ofrecían un vuelo 12 días después). Argumentaron una ""afectación"" el la reserva de la que nunca nos indicaron de qué se trataba exactamente. Tuvimos que comprar unos billetes alternativos con otra compañía y resolver toda la intendencia (comida, alojamiento, transporte) para regresar a España al día siguiente. 10 días después no ha sido posible que atiendan la reclamación que hemos hecho y nos remiten a la compañía que operaba el vuelo. El trato recibido ha sido absolutamente inaceptable al desentenderse tanto de su contrato con nosotros como de la reclamación posterior."
IBE_0147,Iberia,Desconocido,Las Palmas de Gran Canaria,Madrid,Domestic,septiembre de 2025,2,"Frío congelador a las 7 de la mañana, no hay espacio para colocar las piernas. Recogida de equipaje. Llevamos más de hora y media esperando"
IBE_0148,Iberia,Desconocido,Madrid,Oviedo,Domestic,septiembre de 2025,2,"La azafata de tierra más antipática que he visto en mi vida. Hablándome mal sin haber hecho nada, se nota que no quería trabajar."
IBE_0149,Iberia,Desconocido,Madrid,Havana,International,agosto de 2025,1,"Cero como experiencia de compra. Cambie las fechas de un vuelo al que había añadido una maleta extra. Al cambiarlo me devolvieron el precio del coste extra y para mí sorprenda, al añadir la maleta en el billete nuevo, me costaba más que cuando la añadí en el primer billete o si comprase un billete nuevo desde cero. Entiendo que las plazas del avión fluctúen en precio según la demanda pero el cargo de las maletas extras/servicios deberían ser las mismas. Son unos sinverguenzas y es un robo"
IBE_0150,Iberia,Desconocido,Olbia,Madrid,Europe,septiembre de 2025,2,Muchísimo frío y poco espacio para las piernas. Los azafatos solo atienden a los de preferente y no ofrecen ni comida ni bebida a los demás
IBE_0151,Iberia,Desconocido,Madrid,Vigo,Domestic,septiembre de 2025,1,"Viajé en los vuelos IB 0272 (São Paulo–Madrid, 31 agosto 2025, 19:15) e IB 0467 (Madrid–Vigo, 1 septiembre 2025, 11:30) con mi sobrino Alberto. Llegamos con retraso, pero lo más grave es que Iberia extravió ambos equipajes y aún no los hemos recibido. Nuestro número de referencia es VGOIB46824. Estoy alojado en el B&B Hotel Vigo y Alberto en la Academia Celta de Vigo. No tenemos ropa ni artículos de higiene. El personal del hotel llamó tres veces a Iberia y prometieron entrega inmediata, pero nada se ha cumplido. Esta situación es inaceptable. He presentado reclamaciones formales, he mencionado mis derechos bajo el Convenio de Montreal y el Reglamento (CE) 261/2004, y aún así Iberia no ha respondido ni entregado nuestras pertenencias. Mi consejo: eviten volar con Iberia si valoran sus pertenencias y su tiempo. Estoy evaluando elevar esta queja ante AESA y medios legales si no hay solución inmediata."
IBE_0152,Iberia,Desconocido,Split,Madrid,Europe,agosto de 2025,5,"Brutal!! Excelente de toda la tripulación el trato recibido de principio a fin. En atención, en servicio, en comodidad, en amabilidad… DE 10!!! Alexandra azafata, un trato más allá del deber."
IBE_0153,Iberia,Desconocido,Madrid,La Coruna,Domestic,septiembre de 2025,1,"Desastre organizativo, muy mal,fatal.Llegue al aeropuerto de conexión y me cambiaron el vuelo porque ""no había llegado el avión""pero yo llegué a las hora prevista,me cambiaron de vuelo pero conseguí subir al mío,AUNQUE las maletas vinieron en el siguiente vuelo,y ahora tengo que esperar a que lleguen, deleznable"
IBE_0154,Iberia,Desconocido,Paris,Madrid,Europe,agosto de 2025,1,"Una de las azafatas de este vuelo, ha sido irrespetuosa y muy desagradable en la gestión del equipaje de mano, sin preguntar si habíamos metido una maleta, nos quería hacer bajar nuestro único bulto que era una mochila, y cuando se ha dado cuenta del error no solo no ha pedido perdón sino que nos ha increpado. Sin palabras para una aerolínea puntera en nuestro país."
IBE_0155,Iberia,Desconocido,Mexico City,Madrid,International,agosto de 2025,4,"Iberia cumple con lo básico aunque destacaría la puntualidad y seguridad. Su sistema de reservaciones requiere mejoras para hacerlo más sencillo sobretodo cuando hay conexiones con otras aerolíneas. El personal de documentación en aeropuertos es muy eficiente. Hay poco espacio para las piernas, lo que es bastante malo. La calidad de la comida es demasiado básica y una comida completa para más de 10 horas de vuelo es nada. La atención a bordo es muy transaccional, sin calidez. Tienen buenas conexiones dentro de Europa lo que la hace una muy buena opción. La pantalla de entretenimiento cuenta con muchas opciones y el seguimiento al vuelo en pantalla es también muy bueno. En el vuelo de regreso faltó una maleta, la cual me fue entregada al día siguiente sin mayor contratiempo. Iberia puede mejorar mucho para convertirse en una gran aerolínea. Definitivamente volvería a volar con ellos."
IBE_0156,Iberia,Desconocido,Barcelona,Miami,International,septiembre de 2024,1,"Primero pague una maleta extra y pague vía Bizum, me lo descontaron y jamás me confirmaron el pago, llame 6-7 veces a atención al cliente y no me daban respuesta. mande 4 correos con mi numero de caso y el comprobante de Bizum y simplemente me ignoraron. Tuve que volver a pagar a maleta por otro método de pago, Luego el avion no te daban ni manta ni comida y unos precios altísimos por comida de mala calidad. NO usare Iberia en mi vida."
IBE_0157,Iberia,Desconocido,Buenos Aires,Madrid,International,mayo de 2025,4,"El embarque preferente evita speras, largas filas y colocar tu equipaje de mano sin despacharlo a bodega. Los asientos son mucho mas cómodos que los de económica, fundamentalmente con mayor separación, y el servicio a bordo es algo mejor. La diferencia de precio no es muy significativa y vale la pena para un vuelo transatlantico de 12 horas"
IBE_0158,Iberia,Desconocido,Madrid,Mexico City,International,agosto de 2025,1,"No nos respetaron los asientos que compramos, y no nos hicieron devolución, su página para reclamos no es accesible. El espacio de asientos es muy incómodo, no lo recomiendo"
IBE_0159,Iberia,Desconocido,Alicante,Madrid,Domestic,agosto de 2025,1,"IBERIA PESIMO. tube un problema con mi pasaporte y solo llegué con 50min. de margen. me dejaron en tierra limitandose a decir que la culpa era mia por llegar tarde y que el vuelo estaba cerrado. perdí mi combianacion a USA. el la web de iberia pone que cierran 45 minutos antes pero es mentira , cierran cuando les da la gana y no les importa nada que pierdas el vuelo . por poca empatia se merecen un 0 . por trabajo tendré que volver a viajar con ellos pero en cuanto tenga ocasion y sea culpa de ellos les pondré una queja"
IBE_0160,Iberia,Desconocido,Santiago,Barcelona,International,agosto de 2025,2,"Compras en Iberia luego no te dicen que embarque es en counter de level con una fila enorme y lenta que no permite el check in automático de maneras ni tampoco preferencia a adulto mayor de 83 años , luego vuelo retrasado por casi 2 horas y la información es casi nada , luego al embarcar misma situación filas enormes y sin ninguna consideración por el adulto mayor , tampoco disponible mantas ni audífonos de verdad un engaño y muy bajo nivel de servicio muy muy diferente a LATAM que otorga un servicio de excelencia, no volvemos a volar en estas condiciones !!!"
IBE_0161,Iberia,Desconocido,New York City,Madrid,International,agosto de 2025,1,"Aún estamos a la espera de una solución por una situación ajena a nuestra voluntad. Estamos en un crucero, y por culpa de un huracán, no podemos llegar el día previsto a nuestro destino. Ese mismo día teníamos los vuelos, y la opción que nos dan es de cambiarlos, pero añadiendo una penalización de 150€ por persona, más la diferencia de 1000€. Dicen que por ser más caros al cogerlos un día antes, pero en sus páginas web ofrecen vuelos por 370€. Estamos desesperados, perdiendo días de disfrutar de nuestras vacaciones, porque están jugando con nosotros. Aún por encima, le decimos: “¿Qué hacemos si no tenemos ese dinero? ¿Nos quedamos a la deriva?” A lo que nos responde “Sí, no os queda otra”. La falta de seriedad y de humanidad de los agentes y supervisores con los que hemos hablado nos ha sorprendido para mal. Llevamos toda la vida viajando con Iberia, pero probablemente no lo volvamos a hacer. Nos acabarán dando un “premio de consolación”, seguramente, pero hemos perdido dos días de nuestra vida, con ansiedad y desesperados por la falta de empatía de los que representan, a través de la atención al cliente, a esta empresa."
IBE_0162,Iberia,Desconocido,Miami,Madrid,International,agosto de 2025,1,"La atención de Iberia es nefasta, nosotros somos 7 y por causas meteorológicas que van en contra de nuestra voluntad no podemos llegar a nuestro vuelo y la única solución que nos da Iberia es que paguemos más de 1000 euros por persona para poder volver. Resumiendo que si no tenemos ese dinero que nos quedamos en el Caribe sin poder volver por que ellos no dan ni una solución. Vamos que si tenéis pensado volar con ellos aseguraros bien de que no vais a tener problema por que si no me lavó las manos"
IBE_0163,Iberia,Desconocido,Guayaquil,Madrid,International,agosto de 2025,1,"Nunca más en IBERIA Compré turista confort para seleccionar los asientos. Compre en la web de Iberia. Tenía derecho a seleccionar los asientos y, ya que el primer tramo es operado por Latam, no pude seleccionar los asientos, aun pagano bastante más de la tarifa más económica. No me dieron ninguna solución, y aunque llamé a Iberia no me permitieron seleccionar los asientos. De verdad una estafa ya que compré en la web de Iberia y con tarifa aumentada."
IBE_0164,Iberia,Desconocido,Tenerife,Madrid,Domestic,agosto de 2025,1,"VIAJE DESDE TENERIFE SUR A MADRID, DESPUES TENIA QUE ENLAZAR PARA LLEGAR A ASTURIAS, YA QUE IBA AL ENTIERRO DE UN FAMILIAR DIRECTO. EL BILLETE QUE COMPRE LLEGABA A LA T4 Y AHI ENLAZABA CON ASTURIAS, PUES SALIO CON 45 MINUTOS DE RETRASO Y LLEGO A LA T2. CUANDO LLEGUE A LA PUERTA DE EMBARQUE NO ME DEJARON PASAR PORQUE LA ACABABAN DE CERRAR. TOTAL QUE TENIA QUE HABER LLEGADO A ASTURIAS A LAS 08.45 HORAS Y LLEGUE A LAS 18.30 HORAS, NO PUEDE ASISTIR AL FUNERAL Y ME TUVE QUE PASAR EN EL AEROPUERTO DE BARAJAS DESDE LAS 07.30 HORAS HASTA LAS 15.45 QUE SALIO EL OTRO AVION Y ESO ROGANDO PORQUE PRETENDIAN PONERME EN EL VUELO DE LAS 22.00 HORAS."
IBE_0165,Iberia,Desconocido,Oviedo,Rome,Europe,agosto de 2025,1,"Viajamos a Roma desde Asturias el 9 de agosto y nuestra maleta no llegó. Recibí un correo de Iberia informando de que me la llevarían al hotel. Mentira. El días de regreso fui a lost and found del aeropuerto de fiumicino y la encontré allí hecha una porquería. La recuperé y la volví a facturar con destino Asturias. Al subir al avión nos obligaron a facturar nuestras 2 maletas de cabina, cosa a la que intenté resistirme primero por el precedente de la otra maleta y segundo porque allí llevaba medicinas necesarias para ese día. La antipática azafata me obligó a darle mi maleta y la tiró por un tobogán vertical desde la cabina del avión. CONCLUSIÓN: Esta vez de regreso nos perdieron las 3 maletas, menos mal que me había guardado las llaves del coche porque si no al llegar a avilés estaríamos tirados a 120 Km de casa. Al final me llevaron las maletas a casa. deterioradas por mal trato y una de ellas sin una rueda. Pasamos una semana sin la maleta en Roma y luego el disgusto de perder todo lo que teniamos en nuestra maletas de cabina que debería haber viajado con nosotros en la cabina. No volveré a volar con esta compañía"
IBE_0166,Iberia,Desconocido,Madrid,Miami,International,agosto de 2025,5,"✈️ REVIEW – Iberia Vuelo 0337 (Madrid → Miami, 4:15 pm) Hoy he volado en el vuelo IB0337 de Iberia, procedente de Madrid con destino Miami, y tengo que decir que he quedado gratamente sorprendido. Usualmente viajo con American Airlines, pero esta experiencia con Iberia ha superado mis expectativas. Desde el momento del embarque hasta el aterrizaje, el personal de cabina se comportó con un profesionalismo impecable, combinado con un trato cálido, respetuoso y genuinamente amable. Se percibe que no solamente hacen su trabajo… sino que les importa el bienestar del pasajero. 👏 Quiero destacar especialmente: • La amabilidad y buena disposición del equipo en todo momento • La voluntad de complacer al pasajero, incluso con pequeños gestos que marcan la diferencia • La forma cariñosa y humana en la que interactúan con los clientes • La sensación de estar realmente atendido, y no simplemente “transportado” Este vuelo me ha recordado que viajar puede ser una experiencia agradable cuando el personal pone corazón en lo que hace. Iberia ha ganado un nuevo pasajero — sin duda volveré a volar con ustedes. ⭐️⭐️⭐️⭐️⭐️ Cinco estrellas. ¡Gracias por un servicio excelente!"
IBE_0167,Iberia,Desconocido,Doha,Madrid,International,agosto de 2025,3,"Muy deficiente, el personal de iberia con pocas ganas de trabajar, falta de organización y rejuvenecimiento del personal. Todos enfadados y muy malas contestaciones"
IBE_0168,Iberia,Desconocido,Hamburg,Madrid,Europe,agosto de 2025,1,"Experiencia terrible. Mal trato, espera infinita, cobros adicionales, aviones incómodos y miles de aspectos negativos más. Terrible."
IBE_0169,Iberia,Desconocido,Barcelona,Buenos Aires,International,agosto de 2025,1,El vuelo desde Barcelona salio con retraso. Tenía una hora para ir de la T4 a la T4s de Barajas y tuvimos que ir corriendo para no perder la conexión con el que iba a Buenos Aires. Unos nervios tremendos! Mi maleta no llegó conmigo sino al día siguiente en otro vuelo. Una horrible experiencia que volvió a vivir a los pocos días mi pareja. Imperdonable.
IBE_0170,Iberia,Desconocido,Madrid,Stockholm,Europe,julio de 2025,1,"¿Atención al cliente? Iberia ni se molesta. Te piden toda la documentación posible, facturas, certificados, fotos, hasta pruebas de ADN si hace falta… Te hacen gastar dinero, tiempo y paciencia. ¿Y qué recibes a cambio? Respuestas vacías. Cero soluciones. Una política clara: ""Si el cliente se queja, ignóralo hasta que evolucione en piedra."""
IBE_0171,Iberia,Desconocido,Madrid,Paris,Europe,agosto de 2025,1,"Es inadmisible. Creo que no he tenido un vuelo con esta compañía en el que no haya fallado algo. Retrasos constantes, personal maleducado, hay un problema y te cuentan mentiras.... Etc etc etc..."
IBE_0172,Iberia,Desconocido,Milan,Madrid,Europe,agosto de 2025,1,"Pésima aerolínea, atrasos injustificados, nula información del personal, personal prepotente y sarcástico. Nunca preferir esta opción."
IBE_0173,Iberia,Desconocido,Madrid,Manila,International,agosto de 2025,1,"Iberia, sin previo aviso, me cobró por partida doble el precio de unos vuelos, que ascendían a casi 1500€. Al llamar le echaron la culpa al banco, alegando que es una retención, pero los trabajadores del banco lo negaron y dijeron que es una practica habitual de la compañía. De hecho, pagué con una tarjeta que he usado en muchísimos otros establecimientos y con otras aerolíneas y nunca he tenido este problema. Sin embargo, es la segunda vez que me sucede con esta aerolínea. Ni siquiera con las lowcost había vivido algo similar. Y encima me tocará esperar casi dos semanas, con 1500€ menos en la cuenta, hasta que se me devuelva ese dinero, si es que se me devuelve. Nunca más vuelvo a viajar con Iberia."
IBE_0174,Iberia,Desconocido,Rio de Janeiro,Barcelona,International,agosto de 2025,1,"Estimados señores de Iberia, Deja muy a desechar Iberia . Los azafatos y los servicios en general . Quiero presentar una reclamación formal por el mal servicio recibido y la pérdida de equipaje en mi reciente viaje con Iberia, con itinerario Barcelona – Río de Janeiro – Barcelona. En el vuelo de regreso a Barcelona, el día 9 de agosto de 2025, llegamos día 10 a nuestro destino sin nuestras maletas (3 bultos facturados). Esto nos obligó a esperar casi 2 horas y 30 mint horas para poder realizar el Parte de Irregularidad de Equipaje (PIR) en el aeropuerto, sin ningún tipo de atención prioritaria, a pesar de viajar con un bebé de menos de 2 años y otro hijo pequeño de 6 Apis un viaje de 24 horas . Durante la espera, mi bebé lloraba de hambre en la cola y mi otro hijo, después de un vuelo largo, estaba cansado, estresado y con hambre. No recibimos asistencia ni compensación inmediata. Al llegar a casa en pleno domingo, con todo cerrado, no teníamos ni la leche ni las pertenencias básicas de los niños, lo que generó una situación muy difícil para toda la familia. Ya que hemos viajado con el básico en cabina. En cuanto al servicio a bordo, lamentablemente, la atención por parte de la mayoría de la tripulación fue muy deficiente case todos están ya con edade avanzada y te atende sin ni unas ganas parece que tiene ganas de jubilar pero la compañía no puede mandar embora por idenizacion es esta la sensación que dar por el trato que te dan abordo : respuestas cortantes, habla con un mínimo de educación actitud poco colaborativa y falta de empatía hacia los pasajeros, especialmente familias con niños y personas con problemas de movilidad lo que aconteceu en el vuelo de ida a Río he visto como tratatabam a un pasajero que no entendía lo que hablaba solo hablaba en español a un vuelo a brasil mínimo que se haga entender el pasajero con mobilidade. No colaboran nada muy poco simpáticos trabaja parece que trabajan obligados . Te dar corte aste pedir algo . Nunca me sentí así en una compañía . Respecto an mis equipaje que no llegarán Solicito: 1. Compensación económica conforme a la normativa vigente por el retraso en la entrega del equipaje. 2. Reembolso de los gastos ocasionados por la falta de nuestras pertenencias esenciales a la llegada. 3. Una respuesta formal a esta queja y un compromiso de mejora en la atención al cliente. Adjunto copia de los PIR correspondientes a las maletas extraviadas y los billetes del vuelo. Atentamente, Sheila Paulino"
IBE_0175,Iberia,Desconocido,Boston,Barcelona,International,agosto de 2025,5,"Agradecimiento a la supervisora Franchesca Marie Pedro Ortiz. Queremos expresar nuestro más sincero agradecimiento a la supervisora Franchesca Marie Pedro Ortiz por su excelente atención y profesionalidad durante nuestro vuelo con la compañía LEVEL Boston – Barcelona el dia 5 de agosto. Habíamos comprado asientos en la fila 8, pero en el momento de facturar se nos asignó la fila 23, a pesar de haberlos pagado previamente. El personal del mostrador nos indicó que dichos asientos estaban bloqueados. Viajábamos con una persona mayor con dificultades para moverse por el pasillo y necesitábamos asientos más adelantados. La señorita Franchesca, con mucha paciencia, educación y empatía, gestionó la situación y nos consiguió exactamente los asientos que necesitábamos. Gracias a su atención, el viaje fue mucho más cómodo y agradable. Nos gustaría que Iberia reconociera y valorara su dedicación al cliente. La Valoración es para la supervisora no para la compañía aérea que nos vendió unos asientos inexistentes."
IBE_0176,Iberia,Desconocido,Madrid,Tenerife,Domestic,julio de 2025,1,"Hola, mi opinión es sobre el club iberia plus. Es lo peor que se ha echo nunca. Nefasto servicio. Peor es imposible que pueda ir, pero siempre consiguen que pueda ir peor. Como la ley de Murphy. Mi tarjeta funcionaba bien hasta que en julio me fui de viaje, y al comenzar el mes de agosto se ha vuelto inoperativa. Recibo un msg de que se han modificado los parámetros y si yo no hubiese sido que llame a un teléfono. Llamo a este número y me dicen que todo está correcto, pero yo no puedo entrar en mi web. Ellos me dan link para cambiar contraseña, pero no puedo pq se bloquea el acceso, hablo con teléfono, chat, ibot, correo de contacto, es decir con todos y nadie resuelve nada. Utilizo mi móvil para todo,con múltiples compañías y ningún problema, pero en iberia es todo lo contrario. No me resuelven el problema y así llevo más de 5 días. Una vergüenza de servicio IBERIA CLUB. Pensaba volar en agosto pero lo haré con otra compañía."
IBE_0177,Iberia,Desconocido,Barcelona,Buenos Aires,International,enero de 2025,1,"Los avios son una estafa. Para sacar vuelos tanto la App como la web siempre te da error y no deja sacar billetes. En cambio si los quiero comprar sin avios, a precio normal, la página no pone ningún problema. Trabas para no usar los avios."
IBE_0178,Iberia,Desconocido,Madrid,Panama City,International,agosto de 2025,2,"Me parece una auténtica vergüenza que una aerolínea como Iberia, que presume de pertenecer a una alianza global y de ofrecer estándares de calidad “premium”, recurra a este tipo de prácticas tan lamentables. Puedo llegar a entender que, en determinadas situaciones, tengáis que operar con un Airbus A330-200 algo más antiguo. Pero lo que no es aceptable bajo ningún criterio es que estéis operando rutas de largo radio con aviones como el Boeing 777 de más de 20 años, alquilado a Privilege Style, una compañía que claramente no cumple con los mínimos estándares esperados por un pasajero que paga por un vuelo Iberia. Ese avión no solo está anticuado, sino que ni siquiera ha sido actualizado por dentro. El interior está completamente obsoleto, los asientos incómodos, y en muchos casos ni siquiera funcionan las pantallas de entretenimiento a bordo. ¿En qué momento decidís que eso es aceptable para una aerolínea que cobra más de 1000 euros por un asiento en clase turista? Resulta completamente inaceptable que se venda un billete bajo la marca Iberia, con precios de aerolínea premium, y el producto que se ofrezca sea una experiencia claramente de bajo coste o incluso inferior. No tiene sentido que el cliente no sea informado con claridad de que el vuelo será operado por una compañía como Privilege Style, que por cierto es conocida precisamente por ser una solución de emergencia “barata”, sin estándares de confort ni servicio. Y lo peor es que probablemente esta operación os salga más barata a vosotros, como compañía, mientras los pasajeros somos los que pagamos más por menos. Esto no es una incidencia puntual: es una decisión consciente y sistemática que afecta gravemente la experiencia del cliente y atenta contra la confianza que uno pueda tener en una aerolínea de bandera. Sinceramente, me parece una estafa moderna, encubierta en el nombre de “operaciones externas” o “colaboraciones”. Si Iberia quiere seguir siendo una compañía mínimamente respetable, debe dejar de operar vuelos con estos aviones anticuados, sin renovar interiores, sin servicios adecuados, y sin una transparencia total."
IBE_0179,Iberia,Desconocido,Tel Aviv,Buenos Aires,International,septiembre de 2024,1,"Viajamos con Iberia recientemente y fue, sin exagerar, una de las peores experiencias que hemos tenido en años de viajes internacionales. 1. Cobro abusivo por equipaje adicional: Pagamos 56.000 pesos argentinos por una segunda maleta, que según Iberia equivalía a 100 USD. Pero el cargo final en la tarjeta fue de más de 140 USD, porque usaron una tasa de cambio falsa, no informada al cliente, mucho más baja que el dólar oficial, MEP o blue. Encima de eso, tuvimos que pagar comisiones de conversión por cada transacción. ¡Una estafa completa! 2. Cancelación de vuelo sin compensación: Nuestro vuelo fue cancelado. Nos enviaron a un hotel por solo un par de horas, y nos hicieron deambular por el aeropuerto durante horas con un padre mayor y con discapacidad. No ofrecieron asistencia real ni empatía. 3. Discriminación y falta de respeto: La policía del aeropuerto en Madrid trató a mi padre con desprecio. Se negaron a dejarme acompañarlo porque ""caminaba bien"", ignorando que era su único apoyo. Sentí trato antisemita e ignorante. 4. Cambios injustificados en los asientos: Pagamos por asientos juntos, pero tras la cancelación, nos separaron sin reembolso, sin respeto a lo que pagamos. Cuando intentamos pedir ayuda, el personal fue sarcástico y despectivo. 5. Maltrato en el check-in de vuelta: En Madrid, el personal del check-in – especialmente uno llamado “Franco” y una mujer de clase Business – se burlaron de nosotros abiertamente, nos negaron asistencia y nos trataron con una mezcla de arrogancia y desprecio. Ni siquiera aceptaban efectivo. 6. Falta de transparencia, atención ni disculpas: Ni una sola disculpa. No recibimos compensación por el daño moral ni económico. El servicio al cliente es inexistente. Iberia no solo estafa a los clientes, sino que maltrata, discrimina, y desinforma, especialmente si eres turista, adulto mayor o necesitas asistencia. Conclusión: Iberia representa todo lo que está mal con las aerolíneas europeas hoy: deshumanización, avaricia, mal servicio y arrogancia colonial disfrazada de eficiencia. Si tienes otra opción: ¡no vueles con Iberia!"
IBE_0180,Iberia,Desconocido,Tenerife,Madrid,Domestic,julio de 2025,1,"No podemos quedarnos mirando como las compañías aéreas destruyen nuestros derechos amparándose en una ley que va en contra del consumidor. Overbooking, palabra inventada para vender más asientos que las personas que caben en el avión. Compras un vuelo y al no reservar asiento no subes al avión. Te destrozan las vacaciones, te separan de tu familia y ellos ganan muchísimo dinero a costa tuya. Un fraude amparado en la ley. Esto es España. Tus derechos no sirven."
IBE_0181,Iberia,Desconocido,Santiago,Bilbao,International,julio de 2025,1,"Compré y reservé asientos XL en el tramo Madrid a Santiago de Chile y nos cambiaron autimaticamente a asientos aleatorios de un menor precio. Nos comunicamos por whatsapp, atención al cliente via telefonica y nadie nos resolvió el problema. Nos dijieron ademas por whatsapp que en el mostrador en el aeropuerto deberian respetar nuestra compra cosa que no sucedio. Esto es inaceptable, arruniaron nuestra experiencia de viaje. Pagar algo no significa tener asegurados los pasajes. Mi hermano Gonzalo LLona y yo Andrés LLona exigimos una devolución y una compensación por lo que nos hicieron pasar."
IBE_0182,Iberia,Desconocido,Ljubljana,Madrid,Europe,julio de 2025,1,"Nos obligan desde el momento del checkinga a primera hora a facturar equipaje de cabina, aunque hayamos cambiado los asientos con un extra.Vemos que el vuelo tiene todavía plazas a la venta y no dan opción desde la web a cambiar el grupo de embarque (se que lleva coste adicional) . El agente, a través de WhatsApp sin solución ni conocimiento necesarios para darte una solucion. También vergonzoso que viniendo en business tengas que pagar por selección de asientos. En este viaje cada vez que hemos intentado solucionar algo con los agentes de Ibera..excepto el error primero es un auténtico desastre, falta de educación y conocimiento"
IBE_0183,Iberia,Desconocido,Doha,Madrid,International,julio de 2025,2,"Teníamos vuelo con Qatai pero estaba asociados con iberia asique nos tocó el primer avión con iberia, los asientos y el espacio no tienen nada que ver con Qatai quw son mucho mas comodos y espaciosos el vuelo con el personal fue bien muy atentos pero a la vuelta las azafatas súper bordes,encendía la luz para que vinieran y ni venían ni estaban atentas , nos tocó desayuno unos bocadillos que no estaban ni calientes, la azafatas ni te preguntaba de que lo querías cuando en el otro pasillo de al lado al menos preguntaban. Sobraron asientos y tube que buscar manta y cojin nuevo porque estaban sucias 2 de las que había cojido la manta llena de manchas y las fundas de cojin sucias de maquillaje y a saber que más!!!."
IBE_0184,Iberia,Desconocido,La Coruna,Madrid,Domestic,julio de 2025,1,"Hice una compra de un billete para realizar un viaje por motivos laborales para el mes de noviembre,la compra la hice el 7 de julio de 2025 efectuando el pago a través de bizum. Ha habido alguna incidencia entre Iberia y Bizum,porque me han hecho el cargo, me lo han anulado y finalmente me lo han vuelto a pasar, he hablado con me entidad bancaria y me han dicho que por su parte esta todo correcto que el cargo se ha hecho correctamente como bien se detalla en banca online. He llamado en repetidas ocasiones desde el 8 de julio, en la primera llamada que hago pongo la incidencia y me reportan que contactaran conmigo lo antes posible, espero 4 días más y vuelvo a llamar me dicen que todavía esta la reclamación en curso y que me toca esperar un plazo de 7 días desde que se puso la reclamación a lo que le pregunto a la operadora si me puede pasar con algun supervisor para ver si me puede facilitar algo más de información y me responde que no que como no han pasado los 7 días no me puede pasar con ningún supervisor.... Vuelvo a llamar el pasados los 7 días el 24 de julio y me vuelven a decir lo mismo,pero esta vez,si me pasan con una supervisora la cual me comunica que en el plazo de 72 horas se pondrán en contacto conmigo el departamento de cobros para solucionar la incidencia, ya que como le indico desde el día 7 de julio tengo retenido por ellos el dinero del billete y no tengo billete. A 27 de julio aún no he tenido ningún tipo de respuesta siguiendo mi dinero retenido por ellos y sin tener billete de viaje. He realizado muchos viajes con diferentes compañías aéreas por motivos laborales y de ocio y nunca me había encontrado en tal situación. UNA AUTÉNTICA VERGÜENZA DE COMPAÑÍA."
IBE_0185,Iberia,Desconocido,Madrid,Bordeaux,Europe,julio de 2025,1,"Tras contratar un billete para mi hija de 15 años asegurándome en reiteradas ocasiones llamando a atención al cliente que a mi se me daría una tarjeta de embarque provisional de acompañamiento de menor, volviendo a llamar incluso el mismo dia del viaje y dando siempre todos los datos de la reserva al volver a hacer la consulta, al llegar y preguntar, una chica de iberia me dice en persona que si, que se entrega, y que me.dirija al mostrador 850, alli un empleado de bastante malas formas me dice que ya no se dan por orden de la policia, al tener 15 años l niña. Bien, voy a la policia y me dicen que ellos no han dado ninguna orden de ese tipo y que la compañia es la responsable y la que decide si se otorga el pase provisional o no. Vuelvo al mostrador, lo explico y vuelven a negarme, llamo a iberia, por telefono me dicen de nuevo que si, que se da en persona, me dirijo a atencion al cliente y me lo niegan de nuevo intentando venderme en ambas ocasiones el servicio de acompañamiento me menores que se da hasta los once años creo y que mi hija no necesita. Me parece alucinante que nos engañen de esta manera jugando con niños, y con el disgusto y llorera que ha tenido que soportar mi hija al tener que moverse sola buscando su puerta de embarque sin tiempo ni para comer. Me parece tremendo que me aseguren en tantas ocasiones que me lo dan, que se hace siempre, y que una vez alli lo nieguen, y de esas maneras tan altaneras y esos aires de superioridad, lamentable Iberia, inimaginable"
IBE_0186,Iberia,Desconocido,Las Palmas de Gran Canaria,Pamplona,Domestic,abril de 2025,5,"Vuelo cancelado con escala en Madrid. IBERIA despues de mas dos meses, ni ha devuelto el valor del billete ni la compensacion por vuelo cancelado, a pesar de estar marcado por las normas de la aviación civil de la comunidad europea. Se han cubierto todas las solicitudes ante la compañia IBERIA pero sin tener resultado. Espero que mi opión llegue a todo el que use los servicios de Iberia, y lo tenga en cuenta para sus sucesivos viajes."
IBE_0187,Iberia,Desconocido,Montevideo,Santiago de Compostela,International,julio de 2025,1,"Tuve una muy mala experiencia con Iberia respecto a un reembolso prometido. Durante un incidente con mi equipaje, me comuniqué con el Call Center de Iberia en más de una ocasión. Me autorizaron expresamente a realizar gastos en productos de higiene y medicamentos. Me aseguraron que no existían ni topes ni mínimos, y que podía hacerlo aun estando en mi país de origen. Confiando en esa información, realicé los gastos. Cuando presenté la solicitud de reembolso, me lo rechazaron sin justificación válida. Apelé la decisión e incluso adjunté el registro de las llamadas, indicando fecha, hora y el contenido exacto de lo que me comunicaron los agentes de Iberia. A pesar de toda esta evidencia, se negaron nuevamente a reintegrarme el dinero. Me parece inaceptable que una aerolínea de esta magnitud desinforme a sus clientes, genere expectativas y luego no se haga responsable de sus propios errores. Esta situación demuestra una falta total de seriedad, transparencia y respeto al pasajero."
IBE_0188,Iberia,Desconocido,Valencia,Palma de Mallorca,Domestic,julio de 2025,1,"Pésima atención antes del embarque, terminamos perdiendo los tres pasajes y después no me atendían el teléfono, terminé comprando un nuevo boleto en Aireuropa que si nos supieron atender"
IBE_0189,Iberia,Desconocido,Barcelona,Buenos Aires,International,julio de 2025,1,"Lo de Iberia es una vergüenza absoluta. Compré un billete, me estafaron, y no tienen oficinas donde dar la cara. Fui al aeropuerto y me dijeron que ‘todo es por teléfono’. Llamo por teléfono y nadie sabe nada. Te pasean, te mienten y te dejan sin solución. Es un sistema diseñado para eludir responsabilidades. Una estafa organizada disfrazada de aerolínea."
IBE_0190,Iberia,Desconocido,Madrid,Amsterdam,Europe,julio de 2025,1,"Cuando me dispongo a embarcar con mi equipaje de mano, me dicen que tiene que ir a bodega y le colocan su pegatina. Hasta ahí bien. Lo que no me esperaba es que la azafata de tierra nos dice que la acompañemos por el finguer hasta una ventanita donde nos invita a lanzar nuestra maleta....cuando le pregunto si esto no lo hace personal del aeropuerto me responde que no hay personal de carga y que no va a ser ella la que lance las maletas, se lesione su espalda y se tenga que dar de baja. Después nos invitó a salir de nuevo a la terminal para colocarnos en la cola. No me esperaba esa respuesta, espero que en unos años no nos hagan limpiar el avión al entrar o salir, porque no haya personal de limpieza. Igual es una práctica habitual de Iberia o de otras aerolíneas pero no me ha gustado la manera de contestar de la azafata de tierra, entendiendo este desempeño puede no estar incluido en su puesto."
IBE_0191,Iberia,Desconocido,Bogota,Madrid,International,julio de 2025,1,"EL SERVICIO AL CLIENTE ES PÉSIMO. ES LO DE SIEMPRE, DE INICIO TE CUBREN TODO Y CUANDO PASA ALGO JUSTO ESO NO TE LO CUBREN POR ALGÚN MOTIVO QUE SE SACAN DE LA MANGA. PAGAS UN EXTRA POR VOLAR CON ELLOS PERO A LA HORA DE LA VERDAD ES IGUAL QUE LAS AEROLINEAS LOWCOST."
IBE_0192,Iberia,Desconocido,Paris,Madrid,Europe,julio de 2025,5,"El vuelo fue excelente, aunque a última hora nos cambiaron el asiento pues el avión era otro modelo distinto del que iba a ser en un principio según nos explicaron. Esto provocó retraso en el despegue pero aún así llegamos a Madrid a la hora en punto El avión bastante cómodo . Es la primera vez que vuelo con ellos y sin duda volveré siempre que pueda a elegir esta compañía"
IBE_0193,Iberia,Desconocido,Buenos Aires,Barcelona,International,junio de 2025,1,"Vuelo cancelado sin explicación, dos días de retraso y ni un euro de compensación. El día 5 de junio de 2025 tenía reservado un vuelo directo de Buenos Aires a Barcelona con LEVEL, operado por Iberia, por el que pagué 800 euros. Me presenté en el aeropuerto a tiempo, y allí, sin previo aviso ni explicación concreta, nos informaron de que el vuelo estaba cancelado. No se nos ofreció ni justificación ni asistencia adecuada. Tuvimos que esperar más de tres horas en una cola para recibir una respuesta, en medio del caos y la falta total de información. Me dijeron en el aeropuerto que me compensarían por parte de Iberia, pero a día de hoy, más de un mes después, no he recibido ni un solo euro de devolución ni la compensación legal correspondiente. He reclamado por todos los canales posibles (teléfono, formularios, correos a Iberia, LEVEL y hasta Vueling) y ninguna de las tres compañías se hace responsable. Se pasan la pelota entre ellas y nadie responde nada concreto. Estoy amparado por el Reglamento (CE) 261/2004, que establece una compensación de 600 euros por cancelaciones de vuelos largos fuera de la UE operados por aerolíneas europeas, y no se trató de ninguna causa extraordinaria. Lo sé, lo viví, y lo he consultado. Esto no es solo una falta de profesionalismo. Es una estafa al consumidor, una falta de respeto y una vulneración total de los derechos del pasajero. Estoy decidido a seguir reclamando por todas las vías legales y también a contar esta historia públicamente para que nadie más vuelva a confiar en Iberia. Vergonzoso. Inaceptable. Irresponsable."
IBE_0194,Iberia,Desconocido,Madrid,Los Angeles,International,julio de 2025,1,Iberia es horrible en un vuelo pusieron a un menor en standby porque era mayor de 13 ( y una menor con ansiedad tdah y hiperactividad ) y le dejaron hacer el checking antes por su edad. Nos dieron una recompensa y nos pusoeron en premium economy por la situacion el avion 3 h tarde (la tripulacion no sabia que ocurria) eran fallos tecnicos al b bordar nos dijeron que nos bajarían una clase y les importó la situacion y nos rompieron el billete nuestro asientos originales ademas al bordar nos subimos al camion y volvimos a la terminal despues de 20 minutos dentro y parado. No quieren solucionar el problema y nos mintieron porque nos dijeron una mentira de que ocurria al avion. Iberia es una desgracia . Y son poco amables
IBE_0195,Iberia,Desconocido,Madrid,Buenos Aires,International,julio de 2025,2,"Más de 10 años con I erial para comprobar que son tan cutres como Ryanair. El nuevo tongo de Iberia: si sacas tarifa básica con equipaje de mano te fuerzan despacharlo de forma gratuita alegando alta ocupación. Si te hubieras sacado cualquiera de las tarifas turistas más caras NO te lo piden. TOTAL: buscan, con este tipo de incomodidades que rozan la ilegalidad, manipularte para que la.proxima compres tarifas más caras. Un avión tiene, de toda la vida, lugar para un equipaje por persona. Como monetizar la situacion: si te compras la turista cara podes venir con 3 bolsas, como veo cada vez que viaje (que es mucho) y si pagaste la barata que te den y te voy a incomodar hasta que pagues más la próxima. IMPRESENTABES. Averiguaré como denunciar esta situación que confirma la miseria del ser humano sin límites e su ambición. Asco"
IBE_0196,Iberia,Desconocido,Madrid,Paris,Europe,julio de 2025,1,". Muy mala calidad de servicio , sistema no funciona para sacar billetes tarjeta de embarque, chekon haces por internet, pero en aeropuerto te obligan hacer otra vez , rueda de avión está roto , se enteran ablabhora de volar , antes no sé ocurrió hacer r vision ."
IBE_0197,Iberia,Desconocido,Barcelona,San Salvador,International,junio de 2025,1,Pésimo no recomendable jamás buscar otras aerolíneas me han cancelado el vuelo cuando era un vuelo de emergencia y encima me perdieron mis maletas llevo 16 días sin la primera maleta después de llorar y llorar suplicando ir en otro vuelo me lo han reprogramado para el siguent3 día donde me volvieron a perder la otra maleta me daban vuelos donde las conexiones no llegan un desastre no dan información de dónde está mi maleta no saben nada no vuelvo a volar nunca con Iberia y recomiendo no viajar con ellos Porq son un absoluto desastre
IBE_0198,Iberia,Desconocido,Madrid,Milan,Europe,julio de 2025,1,Horrible experiencia. Como una aerolínea low cost. Basura. No merece la Pena la diferencia de precio para el Servicio tan malo que dan.
IBE_0199,Iberia,Desconocido,Palma de Mallorca,Madrid,Domestic,julio de 2025,1,"La señora de avanzada edad del mostrador de Palma de Mallorca es lo peor que me pasó en la vida, no me aceptó mi descuento de Recidente, por lo tanto no me daba la tarjeta de embarque, ya todo pagado, como no tienen oficinas hay que hacer la gestión telefónicamente, donde te atienden unos colombianos que no sé dónde MI.. son, con una pereza para hablar que te dan ganas de romper el teléfono. Casi pierdo un vuelo internacional por la inoperancia de esta gente"
IBE_0200,Iberia,Desconocido,Madrid,Toulouse,Europe,julio de 2025,1,"Nunca más volaremos con Iberia,no quisieron cambiar de nombre de pasajero,cuando ya estaba todo pagado,la persona que tenía que ir no podía por un imprevisto y ni siquiera nos dieron la opción de pagar un plus por cambio de nombre,o facilidades,no entiendo porque no puede acompañarle otra persona si ya estaba todo pagado así que lo perdimos todo ya que no iba a dejar a mi hija volar sola,una vergüenza."
IBE_0201,Iberia,Desconocido,Malaga,Guayaquil,International,junio de 2025,1,"Iberia te propone vuelos con muy poco margen de tiempo en las escalas y si corres puede que llegues al nuevo embarque, lo que no llega nunca es tu equipaje y ya te han fastidiado el viaje, sin ropa, sin útiles de aseo te pasas hasta 72 horas llamando y visitando el aeropuerto de destino y si tienes mucha suerte puede que consigas tu equipaje pero como cubren a correr tu denuncia encima no te poner el PIR y estas perdido, preguntas por Whasapp a equipajes y como no tienes PIR olvidaré y reza para que te aparezcan las maletas. Una Canallada su comportamiento. OJO CON IBERIA"
IBE_0202,Iberia,Desconocido,Havana,Madrid,International,junio de 2025,1,"Compras un billete en Iberia y cuando subes al avión te das cuenta que estas volando con Wamos una empresa chartera, vaya sorpreson, un A330 viejo, viejisimo y te lo cobran a precio de Airbus A350-900 una vergüenza, es increible como Iberia se burla de sus pasajeros."
IBE_0203,Iberia,Desconocido,Madrid,Zagreb,Europe,junio de 2025,1,"Hice una reserva en diciembre de 2024 para un vuelo en septiembre de 2025, y el 26 de junio de 2025 me mandan un correo cancelando el vuelo. He tenido que comprar otro en otra aerolinea y ahora más caro. Yo no puedo cancelarlo pero ellos sí cuando les da la gana y sin explicaciones. Una verguenza"
IBE_0204,Iberia,Desconocido,Washington DC,La Coruna,International,junio de 2025,2,"Iberia ya no es la companhia que era. Los nuevos aviones son super pequenhos, apenas hay espacio ni de alto ni de ancho. La calidad de la atencion es depende del azafato que te toque. La comida que proporcionan es escasa y cutre. Mi vuelvo ofrece una conexion de Madrid a Corunha con una escala de 50 minutos imposible de coger, porque ya solo de la T2 a la T4 hay 50 minutos y 15 minutos antes cierran la puerta de embarque. Puse una reclamacion porque no pude coger el vuelo de Madrid - A Corunha a la hora estipulada por no llegar a la conexion por un retraso del primer vuelo. Me rehubicaron en otro vuelo pero en la reclamacion solo recibi una respuesta disculpandose. Ademas apenas habia personal para atender a las multiples reclamaciones que hubo ese dia en el aeropuerto de Madrid. Cojo muchas veces vuelos a EEUU porque vivo alli pero Iberia lo voy a evitar sin duda, aunque antes fuese una de mis primeras aerolineas."
IBE_0205,Iberia,Desconocido,Badajoz,Madrid,Domestic,mayo de 2025,1,"El 22 de mayo Iberia me cobró como adulto el billete de mi hija de 6 años. Pagué 84€ cuando tenía que haber pagado la mitad (42€). Cuando reclamo me piden 35€ por gastos de gestión. Increíble. Al comprar el billete no apareció en ningún momento la opción de ""niño"" o ""menor"". Además cuando iba a comprar el billete me apareció el mensaje de que solo quedaban 3 plazas y, cuando lo compré, veo que va medio avión vacío. En conclusión, veo que existe una clara falta de ética en Iberia. IBERIA ENGAÑA."
IBE_0206,Iberia,Desconocido,Madrid,Bilbao,Domestic,junio de 2025,1,"No cuidan a los clientes, les da igual que lleves de alta en la compañía más de 20 años, tener tarjeta oro y viajar con ellos todas las semanas"
IBE_0207,Iberia,Desconocido,Madrid,Malaga,Domestic,junio de 2025,1,Mala experiencia salimos del aeropuerto con un retraso de media hora y llegando al aeropuerto de Málaga sorpresa la maleta con cual he venido no la encuentro! Pongo reclamación en el aeropuerto y me dice que después de 24seguro recibo la maleta. Pasan más de 24 horas llamo al numero que me han facilitado y me dicen que tengo que esperar para que me llamen y que tengo que estar pegada al teléfono son casi las 8 de la tarde y mi maleta no apareció. He llamado otra vez y me dicen qué hasta las 12 de la noche me pueden llamar a entregar la maleta . Y no fui la única persona que se quedó sin las maletas en el mismo vuelo fueron varias personas. Y así pasó mis vacaciones sin ropa y esperando la maleta
IBE_0208,Iberia,Desconocido,Palma de Mallorca,Madrid,Domestic,junio de 2025,2,"Nunca habia esperado tanto para recoger la maleta. He estado mas tiempo esperando a recoger maleta que lo que ha durado el vuelo. Probablemente 1:30h de espera para que saquen las maletas al corredor, con 300 personas esperando. Cuando fui a atención al cliente obviamente “no pueden hacer nada”. Al final salgo del aereopuerto con mi maleta casi 3 horas después desde que el avion despegó, y en teoria de Mallorca a Madrid se tarda 1 hora."
IBE_0209,Iberia,Desconocido,Madrid,Rome,Europe,marzo de 2025,5,"Nosotros perdimos el vuelo porque nos líamos con la terminal, y el chico nos doy un billete para el próximo vuelo, más o menos 1 hora más tarde a cero coste. Seguiré volando con ellos sin duda"
IBE_0210,Iberia,Desconocido,Barcelona,Phuket,International,junio de 2025,1,"Nuestra experiencia con Iberia ha sido un auténtico desastre. Tuvimos la mala suerte de que nuestro vuelo hacia Phuket coincidía con una escala en Doha, justo cuando surgieron tensiones internacionales en la zona. Teníamos programado el vuelo para el 24/6 a las 9:15 am, pero se canceló únicamente nuestro vuelo, dejándonos completamente tirados. Después de pasar una hora al teléfono con atención al cliente, nos ofrecieron una alternativa para esa misma noche con un itinerario surrealista: Barcelona - Atenas - Abu Dhabi - Phuket. Nos dijeron que llamáramos más tarde por si surgía alguna otra opción. Al llamar dos horas después, nos confirman que esa es la única alternativa disponible y que, si queremos, la reservan. Aceptamos, pero nunca recibimos el correo de confirmación. Al volver a llamar, nos dicen que no se efectuó el cambio y que esa opción ya no está disponible. Nos ofrecen entonces salir el día 26 a las 16 h con el mismo trayecto original: Barcelona - Doha - Phuket. Aceptamos. Pero el día antes, sin ningún aviso, desaparece el segundo tramo del vuelo de nuestra reserva. Llamamos de nuevo y nos informan que ese vuelo ya no existe. Nos proponen volar el 27, pero sin garantías de que no vuelva a pasar lo mismo. Finalmente, hemos solicitado el reembolso y comprado billetes con otra aerolínea (a ultima hora, costando casi el doble). Estamos valorando emprender acciones legales. El trato recibido fue desagradable, nos colgaban el teléfono mientras buscábamos soluciones, y cada llamada duraba una hora. Resultado: una pérdida total de tiempo, dinero y, sobre todo, de la ilusión por un viaje que teníamos muchas ganas de hacer."
IBE_0211,Iberia,Desconocido,New York City,Madrid,International,junio de 2025,1,Me perdieron mi maleta que había facturado y pagado. El servicio de reclamación de equipaje perdido es nefasto. Ya ha pasado una semana y sigo esperando noticias. Ni siquiera la tienen localizada. Después de pagar por la facturación de equipaje podrían tener un mejor servicio.
IBE_0212,Iberia,Desconocido,Madrid,Jerez De La Frontera,Domestic,junio de 2025,2,"Hago todos los meses este vuelo y necesito factura porque es de trabajo. Pedir factura es un proceso incómodo y tedioso cuando debería ser algo fácil e inmediato. La mitad de las veces la web no funciona, la app no reconoce el número de vuelo, hay que llamar por teléfono... En fin, es una factura y debería ser fácil."
IBE_0213,Iberia,Desconocido,Madrid,Manchester,Europe,junio de 2025,4,"Aunque es más caro que otras compañías de bajo coste, se nota en detalles como que se puede llevar trolley sin coste extra, o que al hacer el check in se reservan los asientos juntos. Bien de tiempo a la ida y a la vuelta ligero retraso porque hubo muchas turbulencias. Mal el servicio de atención al cliente web puesto que tuve una incidencia con mi usuario y tras varios días no me han dado respuesta."
IBE_0214,Iberia,Desconocido,Barcelona,Denpasar,International,junio de 2025,1,Son unos estafadores hice un cambio por internet del vuelo de vuelta y no lo hicieron efectivo cuando llame para reclamar me decian que los vuelos estaban completos despues de mucho buscar pretendian cobrarme mas del doble del precio. No viajeis con Iberia son unos piratas.
IBE_0215,Iberia,Desconocido,Barcelona,Madrid,Domestic,marzo de 2025,1,"Fue el día del apagón, iberia es una caca, fui al aeropuerto y no fueron capaces de reservarme primera clase por teléfono, fue un call center en no sé dónde que no saben ni hablar, no hay oficina de Iberia en el aeropuerto, pésima compañía, la peor"
IBE_0216,Iberia,Desconocido,Madrid,San Jose,International,junio de 2025,2,"Tanto en mi viaje de San José a Madrid el 29 de mayo como el de regreso el 14 de junio, solicité café como usualmente lo hago cuando viajo a España. En el viaje de ida me indicaron que por primera vez o tenían café, di la oportunidad para el viaje de regreso y cual fue mi sorpresa que igual, me dijeron que no había. Además en un viaje de Florencia Italia a Madrid, compré los boletos en Iberia y cual fue mi sorpresa de que quien brindó el servicio era Vueling una línea de bajo costo, así sin explicación ni más."
IBE_0217,Iberia,Desconocido,Quito,Madrid,International,junio de 2025,1,"El peor de los servicios No me dejaron embarcar faltando 2 horas, por que, la persona en el mostrador no quiso ayudarme a verificar el titular de la tarjeta que estaba presente y no pude realizar mi check, no conformes con eso no me Austin solución y no me ayudaron ni a reubicarme en otro vuelo y tampoco me reembolsaron nada de mi vuelo Son unos ladrones y el servicio nefasto"
IBE_0218,Iberia,Desconocido,Madrid,Naples,Europe,junio de 2025,5,Gracias al personal de Iberia! Era el cumple de mi hermana y fueron super amables y tuvieron un detalle con ella!! Fueron eficientes tambien
IBE_0219,Iberia,Desconocido,Madrid,Havana,International,junio de 2025,1,"No recomiendo ir a Cuba en Iberia porque tienen contratado un avión de la compañía Wamos, y es un cacharro que no puedo explicar la comida nefasta unos macarrones que daban ganas de vomitar una ensalada de quinoa que deberían comersela ellos para ir y para regresar una zanahoria rallada como si fuéramos conejo ni una mantequilla para el pan ni nada el baño más pequeño no podía ser casi ni cabíamos en él, la ida habían pocas personas a la vuelta el avión estaba lleno hasta arriba que no cabía ni una persona más. La oferta de entretenimiento seis películas que son las mismas ida y vuelta, espacios pequeños para inclinar el asiento el de atrás del último asiento pegado al baño si el de adelante inclina su asiento te comes la mesa. Demasiadas horas de viaje de La Habana a Madrid para estar en un avión demasiado incómodo. Si pides que te cambien los macarrones por ejemplo por albóndigas te dicen que las albóndigas se han acabado señores dueños de esta compañía ustedes tienen que llevar una reserva si todo el mundo quiere el mismo plato."
IBE_0220,Iberia,Desconocido,Barcelona,Madrid,Domestic,junio de 2025,1,"La peor aerolínea, trato al cliente nefasto y encima te meten en un avión con lista de espera.. osea, overbooking. Y se quedan tan tranquilos..mientras yo veo como se me cancelan todas mis visitas en Madrid. Además, ya habiendo intentado hacer check-in 24h antes y su web no me dejaba.. sorpresa al llegar al aeropuerto.. Encima en mostrador, el operador, que el no trabaja para Iberia.. y me estaba dando las tarjetas de embarque.. un circo de compañía"
IBE_0221,Iberia,Desconocido,Madrid,Havana,International,abril de 2025,1,"He tenido que cancelar mi viaje porque he tenido un accidente grave 4 semanas antes, con operacion y escayolas durante 2 meses. No se habia dejado subir en el avion con las escayolas que tenia por un vuelo tan largo. Estuvo incredible como dificil se puso eso para cancelar el vuelo, y el comportamiento indigne de Iberia ! Mande todo mi informe del hospital, me han dicho que me van a dar bonos, pero dos días antes del vuelo, de bonos nada, pero se me mandaba información como que se ""habia cambiado el avion, y tenia que revisar mis asientos""!! Yo he llamado durante estas 3 semanas y se me respondia despues de hacerme esperar a veces una hora, que ""el dia siguiente"" voy a recibir mis bonos. Todo mentiras! Por fin, el dia antes de mi vuelo, sin confirmación que se lo habia cancelado, escribió en la pagina Facebook de Iberia, varias veces, para hacerle reaccionar. Funciono, porque la noche misma recibió mis bonos, pero Iberia me prohibió el acceso a su pagina Facebook!! Por suerte que Iberia es una compañía mediocre y no un gobierno, porque la libertad de expresión no saben lo que es! Es comico y patético! Por fin me quitaron ""gastos de gestion"" de los bonos que me mandaron, y pidió una factura o un documento que enseña de manera clara estos gastos de gestion, porque tengo un seguro de viaje que me rembolsa estos gastos en caso de cancelación. Hasta hoy (tres mes mas tarde), me han negado de dar esta factura, responden ellos que ""no dan eso"" ! Asi que me hacen perder el beneficio del seguro de viaje que tengo pagado, porque sin eso, no puedo quejarme de nada. Que compañía mas mala! La atencion al cliente esta abajo de todo lo que se puede imaginar....Voy a tener que utilizar estos bonos, porque tienen una validez limitada, desde que voy a poder viajar, pero va a estar la ultima vez con esta compañía que tiene tan desprecio para sus clientes, ademas fieles, porque tengo tarjeta Iberia Plus desde muchos años, ya he viajado con ellos con largos vuelos muchas veces, y te tratan como perros, cuando te pasa algo independiente de tu voluntad que te impide viajar. Esta compañía es indigna de toda confianza. A huir!"
IBE_0222,Iberia,Desconocido,Tenerife,Madrid,Domestic,mayo de 2025,1,"Sufrimos un overbooking y nos ubicaron al final como pudieron. Al llegar a Madrid mi maleta no salió. Puse reclamación en el mostrador dejándoles la dirección del hotel donde íbamos a estar. En toda la semana no contactaron conmigo, no supe nada. Al regreso al aeropuerto, después de seis días de viaje, me acerco de nuevo al mostrador a preguntar si sabían algo de la maleta, me dicen que no saben nada y que vayamos a objetos perdidos a mirar. Pues allí estaba la maleta!, toda la semana en objetos perdidos y sin haber hecho nada por enviármela o comunicarme algo!."
IBE_0223,Iberia,Desconocido,Mexico City,Madrid,International,mayo de 2025,1,"MUY MALA EXPERIENCIA, APARECEN EN MOSTRADOR PARA DOCUMENTAR CASI DOS HORAS ANTES CUANDO NOS PIDEN ESTAR EN VUELOS INTERNACIONALES DESDE 4 HORAS DE ANTICIPACION. LUEGO VUELO RETRASADO CON MAS DE 10 HORAS SIN DAR EXPLICACIONES COHERENTES Y ESO HASTA DESPUES DE TRES HORAS QUE NOS TRAIAN DE UNA SALA A OTRA, POR FIN APARECEN Y DICEN QUE EL AVION ESTA EN REPARACION, DEPUES QUE NO CONSEGUIAN LLANTA DEL AVION Y POR ULTIMO COMO A ESO DE LAS 5 DE LA TARDE ( EL VUELO OFICIALMENTE SALIA A LAS 11:25 DE LA MAÑANA) SALIERON A MOSTRADOR CUANDO TODOS LOS PASAJEROS YA ESTABAMOS MUY MOLESTOS, COMENZARON A INFORMAR POR PARTE DEL PERSONAL DE IBERIA QUE NO HABIA TRIPULACION PARA EL VUELO. LUEGO QUE YA VENIA LA TRIPULACION POR LA AVENIDA REFORMA EN CDMX Y QUE AHORITA LLEGABAN. PASADAS LAS 9 DE LA NOCHE NOS DIJERO QUE YA IBAMOS A ABORDAR Y NOS CONDUJERON AL AVION EN CAMION, NOS BAJARON COMO A 30 METROS DE LAS ESCALERAS PARA SUBIR AL AVION ESTABA LLOVIENDO, SUBIMOS AL AVION TODOS MOJADOS.....MUY MUY MALA EXPERIENCIA. TAMIEN NUNCA AVISARON A TODOS LOS PASAJEROS QUE TENIAMOS UN VALE DE COMIDA YO ME DI CUENTA HASTA EN LA NOCHE QUE ESTABAMOS A PUNTO DE ABORDARPOR PARTE DE OTROS PASAJEROS QUE LO HABIAN EXIJIDO, ESTO SE HUBIERA ECHO EXTENSIVO A TODOS LOS PASAJERO BOCEANDO POR EL MOSTRADOR A LO QUE TENIAMOS DERECHO, MIENTRAS UNO TUVO QUE GASTAR DE MAS EN LAS HORAS DE ESPERA. ESPERO QUE LA AEROLINEA RESPONDA CON LA COMPENSACION POR RETRASO Y POR SU MAL SERVICIO . MONICA G.H."
IBE_0224,Iberia,Desconocido,Madrid,Montevideo,International,mayo de 2025,1,Un desastre la aerolínea llevamos más de 2 horas de retraso la verdad lamentable no informa nada malo en todo sentido espantoso
IBE_0225,Iberia,Desconocido,Buenos Aires,Madrid,International,mayo de 2025,1,"El vuelo salió puntual (al mediodía) y técnicamente estuvo correcto con muy poca (por suerte) turbulencia. En clase económica los asientos siguen siendo más que incómodos para un viaje de + 12 horas, estrecho el lugar para colocar las piernas, proveyeron de almohadas y mantas rojas. El inconveniente surgió cuando a poco a elevarnos a altura crucero informaron que no contaban con agua caliente para ningún tipo de infusión ni para final de cena ni desayuno Leo atentamente todos los comentarios de los servicios que ocasionalmente debo utilizar y no es la primera vez que Iberia despacha los aviones sin agua caliente, argumentaron que era un ""problema técnico"" Al preguntar a una de las azafatas si había experimentado dicha anomalía manifestó que era su 4 * vuelo sin infusiones calientes, insistí si era política de la empresa hacerlo, ya que por parientes muy cercanos que habían volado a diferentes lugares por Iberia les había pasado lo mismo. No tuvo respuesta acorde a lo preguntado evadió con argumentos poco creíbles Cena: muy mala calidad y cantidades mezquinas, las 2 opciones fijas como siempre Desayuno: de terror...... bebidas frias con un emparedado frizado incomible y totalmente desechable sólo de presentación, casi todo el pasaje cercano a mi butaca lo devolvió sin tocarlo siquiera. La empresa tendría que reveer la forma de atender al pasajero clase económica y no castigarlo/despreciarlo de esa manera ya que "" NO VIAJO GRATIS "" pagó su asiento. El personal no fue carismático ni agradable ni cordial, entre el horario cena/ desayuno NO ofrecieron absolutamente nada de nada para hacer más placentero el viaje, viajaba mucha gente de tercera edad y no fueron considerados. El entretenimiento normal: algunas películas más actuales, el resto como siempre De mi ultima experiencia en Iberia (años anteriores) a ésta más que presente la frase: LA PANDEMIA ARRUINO EL MUNDO Iberia tomó nota al pie de la letra y la cumple a rajatabla No creo que utilice nuevamente esta aerolínea habiendo otras No la recomiendo"
IBE_0226,Iberia,Desconocido,Madrid,Panama City,International,febrero de 2025,5,"El 19 de febrero de 2025 tuve que hacer a Panamá uno de los viajes más difíciles de mi vida. Tenía que viajar para el funeral de mi mamá. Viajaba sola con mi hijo de 3 años. Al llegar al avión una de las azafatas me vio sumamente triste y me acompañó hasta el asiento. Unos minutos después mi hijo comenzó a vomitar. Se me acercó la jefa de tripulación y me preguntó que pasaba. Le dije quizá un resfriado que tenían todos los niños en la escuela. Me preguntó si podía viajar y le dije que tenía todas las medicinas conmigo, que no podía perder el vuelo y le expliqué la situación. Todo el viaje estuvieron pendientes al 100% de mi hijo y de mi. Yo no dormí y venían a darnos agua, comida adicional, blankets, lo que necesitáramos. Entre tantas cosas que pasaban, un arete se me cayó y se pusieron a ayudarme a buscarlo y aunque no lo encontramos, se aprecia el esfuerzo genuino. Antes de aterrizar llamaron a servicios del aeropuerto y le explicaron que mi hijo se había estado sintiendo mal y que yo anímicamente no tenía fuerzas. Al aterrizar me dijeron que esperara y esperaron conmigo que llegara una silla de ruedas a buscarnos a ambos. Una amiga entró a buscarnos donde se recogían las maletas y ambas azafatas se quedaron con nosotras hasta que recogiéramos el equipaje. Me había encontrado con vuelos muy difíciles con Iberia y su personal (gritando de lado a lado, con historias personales a toda boca entre ellos), con un caso en el que me rompieron la maleta y me pagaron solo 100€ para reponerme la maleta después de muchos años!!!! Incluso el vuelo de regreso cambiaron el avión y pusieron uno súper incómodo para un vuelo tan largo… más sin embargo… ese vuelo de ida me hizo volver a confiar. Agradecer a todo el personal en ese vuelo, en especial a Arantxa y a Belen. Sus abrazos y atención hicieron realmente la diferencia en un momento tan difícil. muchísimas gracias!"
IBE_0227,Iberia,Desconocido,Caracas,Madrid,International,mayo de 2025,1,"Lamentable servicio, atención al cliente no resolutiva, la mas cercano a una estafa, para nada recomendable, después de años en esta compañía que era la preferida, les recomiendo ahorrarse el mal rato. Si hay devoluciones de dinero ellos preferirán un cambio favorable de moneda, aunque no hayan hecho ningún servicio. Además, de tener modus operandi, para cuando uno reclama y no atenderte, o hacer como ""si tu móvil no se escucha"", pero eso si al inicio de la llamada te oyen perfecto. ABSTENERSE."
IBE_0228,Iberia,Desconocido,Madrid,Bogota,International,junio de 2025,1,"El vuelo fue cancelado por Iberia porque yo estoy en Madrid y el tiquete fue comprado con una tarjeta de un amigo en Estados Unidos. Desde el 2 de mayo solicitamos el reembolso y un mes después no hemos recibido el dinero. Tanto la entidad de la tarjeta como Paypal, plataforma usada para la compra nos dicen que no hay ninguna orden de reembolso en sus sistemas. Le he escrito unas 4 o 5 reclamaciones a Iberia explicándoles todo, tengo las imágenes para probar todo, pero siempre me responden lo mismo y no muestran un interés real en resolver el problema. Dicen que el reembolso fue hecho y que esperan que vuelva a usar su aerolínea. Ya compré tiquetes con otra aerolínea y no volveré a volar con Iberia, además de que me dedicaré a darles mala publicidad como voluntario."
IBE_0229,Iberia,Desconocido,Barcelona,Santiago,International,abril de 2025,1,"Deberían cambiar la atención al cliente es nefasta, por decir algo, 2 meses con 20 reclamaciones y no tengo respuesta, bueno si la misma 20 veces, el xat bot no disponible , las llamadas siempre ocupadas, y cuando consigues hablar con una chica supervisora para saber el motivo de respuesta que me dan hacia mi cancelación de vuelo, ME CUELGAN. Es Impotencia, rabia, falta de respeto…que una aerolínea española en teoría “importante “tenga esta atención al cliente donde gracias a nosotros que compramos, se forran y no hay una minima decencia en solventar una incidencia que encima es por culpa de ellos. Es lamentable. No compren vuelos con iberia."
IBE_0230,Iberia,Desconocido,Madrid,Havana,International,mayo de 2025,1,"Con meses de antelación se realizó pago de asientos de turismo premiun ,lo cambiaron sin informar y en el aeropuerto nadie es responsable. Se pagaron por mi madre, una anciana de 81 años buscando su comodidad. No lo respetaron, es una violación en grande. Viajo en la linea Wamos que no es responsable de esto, la tripulación de esta aerolínea fue excepcional. Iberia debe responder por esto....mandaré todas las evidencias para que al menos devuelvan el dinero."
IBE_0231,Iberia,Desconocido,Santo Domingo,Madrid,International,febrero de 2025,1,"Después de tener vuelo con IBERIA, pasa a ser operado por PRIVILEGE, teniendo mi Tarjeta IBERIA CARDS Oro. Tras pedir compensación, IBERIA CARDS, no SÓLO me ""degrada"" a Plata, sino que me ""elimina"" avios o puntos ganados y me IMPIDE hablar con el servicio directo suyo. A fecha de hoy, siguen SIN SUBSANAR el error. SANSAVINI,(empezaste con Vueling y,...no paras, eh?), desde que entraste en 2024, te estás CARGANDO IBERIA: desde luego, que me voy a otros operadores de vuelo"
IBE_0232,Iberia,Desconocido,Paris,Buenos Aires,International,mayo de 2025,1,"Lamentable experiencia. Estuve más de 10 días sin mi equipaje. El vuelo tenia escala en Madrid y no recibimos el equipaje en ezeiza. Deje mi reclamo en el acto, pasaron 10 días de estrés llamando constantemente al único teléfono que dan, un call center que atienden desde España y no tienen idea de cuál es el transporte que utilizan en ezeiza. Recuperé mi maleta a los 10 días por el seguimiento que hice a través de un transportista. La maleta además de la inoperancia de Iberia, estuvo guardada en un depósito de las encomiendas de buskpak. Como si fuera poco nadie responde a mi reclamo. Desastre IBERIA"
IBE_0233,Iberia,Desconocido,Oviedo,Madrid,Domestic,mayo de 2025,1,"Trato deleznable. Está claro que Iberia ya no es lo que era, pero esperaba un trato mejor de una companía que de media es más cara y venden que dan un servicio mejor al cliente. En la puerta de embarque del vuelo las chicas del mostrador nos dicen que aunque tenemos incluido el servicio de la maleta de mano a bordo, que la maleta tiene que ir en bodega, que no hay sitio (no se porque se vende este servicio si luego no hay sitio para todos). Le explicamos que por favor necesitamos llevar la maleta con nosotros puesto que tenemos una conexion y no tenemos tiempo a esperar por la maleta de mano y que vamos a perder el avión. Nos dicen que les da igual de muy malas maneras, que todo el mundo tiene algo, y no hacen ni el más mínimo esfuerzo por ayudarnos y que como sigamos protestando no entramos en el avión. Que quede claro que la que pero nos trató fue la chica de gafas del mostrador de Ranón."
IBE_0234,Iberia,Desconocido,Buenos Aires,Madrid,International,mayo de 2025,4,"Tanto a la ida como a la vuelta muy buena experiencia. Puntualidad (en ambos casos llegó antes). Avión en perfectas condiciones, en clase turista dentro de lo que es (espacios reducidos) se viaja cómodo. Entregan frazada y almohada. La pantalla de bastante grande variedad de películas y series nuevas. Entregan sin cargo auriculares. El personal de a bordo sumamente amable y dispuesto la resolver los problemas. El servicio de comidas es muy bueno. tanto a la ida como a la vuelta pasaron con tres servicios. En la comida principal hay vino y cerveza, y si alguien quiere tomar y comer algo mas durante todo el viajes hay disponibilidad en al fondo del avión y sin costo. La verdad muy conforme."
IBE_0235,Iberia,Desconocido,Bogota,Barcelona,International,mayo de 2025,1,"Mi esposa y yo viajamos de Barcelona a Bogotá en CLASE EJECUTIVA. Equipaje 2 maletas cada uno hasta de 32Kg., muy buena comida y bebida. El regreso de Bogotá a Barcelona terrible, nos dijeron que solo podiamos llevar una sola maleta, por la siguiente nos cobraron $619.047 a cada uno. La comida durante el vuelo espantosa. ¿Por que esa marcada diferencia saliendo de España comparada con Colombia?"
IBE_0236,Iberia,Desconocido,Bangkok,Vigo,International,mayo de 2025,1,Me destrozaron la maleta en el viaje de vuelta ...y se pasan la pelota de una central a otra ..y no me dieron nada más que perdida de tiempo.para reclamar..es una vergüenza que una compañía tan importante como iberia no resuelvo el destrozo al momento..y no mandarme llamar a un número y después escribir un email y después mandar mis datos por emails ....te hacen perder el tiempo para desistir y no remmbolsarte tu equipaje. Vergonzoso
IBE_0237,Iberia,Desconocido,Seville,Madrid,Domestic,mayo de 2025,1,"Cuando estaba apunto de abordar el avión, la chica a cargo super ruda y agresiva me dijo que no podía llevar mi maleta en cabina cuando pague por el servicio y llevaba recuerdos de mi boda frágiles, en vez de explicarme cordialmente que aunque lo guardaran en cabina este no pasaría por la correa y no abría daño, ella simplemente me movió la maleta de manera tan brusca que me causó dolor en una lesión que tenía en mi brazo en la cual tenía un morado, mi reacción fue mover por instinto el brazo y sin querer la golpee y le pedí perdón y le expliqué que me causó dolor y que ella debía pedir permiso antes de tocar la maleta, las condiciones físicas de las personas deben tomarse en cuenta en mi caso estaba en dolor, pero que pasa si alguien tiene autismo o una enfermedad mental no visible, ella no está preparada para tratar con público, el piloto bajó y le dijo que me reportara y el incidente pero que el me llevaba, ya que expliqué que viajaba con mi familia desde Venezuela, ellos no tenían dinero alguno para almorzar al llegar a Madrid o para llegar al Airbnb ya que no cuentan con ninguna cuenta que le pudiera transferir, incluso sabiendo que esas situación, no permitió que les pasara dinero para al menos no dejar a mi madre de 70 años y mi hermano. Una persona con la cual no se puede razonar, se le pidió disculpas porque no fue intención si no por su rudeza al estar acostumbrada a intimidar a las personas que viajan, cuando le dije que debía haberme pedido permiso para mover mi maleta su respuesta es que ella no tiene que pedir permiso a nadie, y que es su manera de trabajar y que no me iba a dejar abordar, y no lo hizo, estoy solicitando una compensación por malos tratos y porque esa persona no tiene el derecho a tratar a nadie así."
IBE_0238,Iberia,Desconocido,Lima,Madrid,International,mayo de 2025,1,"Servicio a bordo el peor que vi en mi vida y he viajado por todo el mundo, malcriados, irrespetuosos, casi tiran la comida que es horrible! Desayuno en vuelo de 12 hrs un pan helado y muffin. Una señora dijo que le caía agua del portaequipaje, se acercó uno ya entrado en años y le dijo que podría ser cualquier cosa, hasta una botella de agua o el aire acondicionado pero que no veía problema! En el vuelo de Madrid a Lima igual, casi se comen a una pasajera porque no encontró espacio para su maleta y le dijeron que no hiciera problema y que la ponga donde encuentre un sitio. Nunca más vuelo en Iberia, una vergüenza para Europa"
IBE_0239,Iberia,Desconocido,Madrid,Florence,Europe,mayo de 2025,1,Los muy sin vergüenzas no nos devuelven el dinero de los billetes a pesar de que no pudimos viajar debido a una enfermedad grave sobrevenida en el último momento. Y además pagando seguro de devolución. Lo dicho... son unos sinvergüenzas
IBE_0240,Iberia,Desconocido,Palma de Mallorca,Madrid,Domestic,mayo de 2025,1,"21 de mayo vuelo IB1666, justo antes de entrar en el finger, ultimo control de dni y tarjeta de embarque, me dice el asistente que la maleta hay que meterla en bodega, le contesto correctamente que no puedo, que desde Madrid me voy a Gran Canaria y que el espacio entre un vuelo y otro es muy pequeño y la maleta no llegaría, me grita la compañera que no se puede hacer de otra manera que en cabina imposible y todos están accediendo. Insisto, que voy por dos días y que necesito lo que hay en la maleta para mis reuniones. El chico que me atiende, me dice amablemente, ""no se preocupe....le saco ahora mismo del vuelo.."" y me coge el dni y va a proceder a meterse en el ordenador con mis datos...imaginen mi cara....quien es este tio para sacarme del vuelo por la cara y fastidiarme mi viajes sin despeinarse....quiero que lo expulsen o le enseñen maneras de tratar a los clientes...tuve que acceder, muy irritado...delante mío iba uno de estos, pilotos o azafatos que vuelan gratis y con su maleta...y por supuesto la metió en la cabina. Como era de esperar, la maleta no llegó...y casi ni yo porque en la T4 te dejan en la HJK y el otro vuelo salía de la M, ponía 12minutos y LAST CALL, a correr. Esa misma noche tuve que comprar en Canarias un pantalon, ropa interior, y algo para dormir...cortesía del prenda de iberia, que les va a costar dinero a Iberia, si siguen manteniendolo...ah, y me dice que me hubiese puesto antes en la cola, a lo que le respondo que soy del grupo 3...que quieren que por su mala gestión nos comportemos como bárbaros en las colas??? seguro que este personaje da más que hablar...habrá más capitulos suyos, seguro."
IBE_0241,Iberia,Desconocido,Madrid,Tokyo,International,mayo de 2025,5,"Vuelo Madrid-Japón tanto ida como vuelta en mayo de 2025 y muy buena experiencia. Llegamos 45 min antes de la hora prevista en ambos vuelos, la tripulación muy agradable y sobre todo valoro mucho que una de las dos opciones de comida a bordo sea siempre vegetariana. Recomendado 100%."
IBE_0242,Iberia,Desconocido,Madrid,Paris,Europe,mayo de 2025,1,Al bajar del avión recogí mi maleta y estaba arañada y la maleta valía 100euros y no me querían reclamar mi maleta yo no me voy a volver a subir
IBE_0243,Iberia,Desconocido,Lanzarote,Oviedo,Domestic,mayo de 2025,1,"Segunda vez en menos de un mes que pierden mi maleta. NO UTILICEN IBERIA PARA VIAJAF ENTRE ASTURIAS Y LANZAROTE, su viaje se arruinará porque son un desastre y no gestionan bien los equipajes."
IBE_0244,Iberia,Desconocido,Athens,Madrid,Europe,febrero de 2025,1,"Me cambiaron de vuelo a uno dos días más tarde por una huelga general en Grecia. Por teléfono me indicaron que me correspondía manutención y alojamiento y que este último tenía que ser de 3 estrellas (ni más, ni menos). Siguiendo estás indicaciones reservé un hotel diferente al que había utilizado hasta ahora (de dos estrellas). A mí llegada reclamé y me dijeron que no me correspondía nada y cerraron el caso. Abrí otro nuevo y más de lo mismo. Obviamente están denunciados y no me van a ver el pelo jamás"
IBE_0245,Iberia,Desconocido,Madrid,Tenerife,Domestic,mayo de 2025,1,"Que vergüenza lo que me ha pasado esta semana con Iberia , me equivoco con la hora al elegir un vuelo , llamo a Iberia un minuto más tarde , para explicarles lo ocurrido , y que les parece ? Los dos billetes 95 euros , de los cuales lo único que me devuelven es 7,50 por cada tikect , explicación 35 euros por cada tikect en gestión , que ladronana!!!! No volveré a viajar jamás con Iberia , se han embolsado 70 euros por la cara"
IBE_0246,Iberia,Desconocido,Rio de Janeiro,Madrid,International,mayo de 2025,2,"Supuestamente tenia opcion por ser de clase platino de hacer un upgrade de clase. Nadie me ha indicado como y me han dado mensajes contradictorios de bastante malas formas . Nunca había viejo un servicio tan pésimo, y menos con clientes habituales. Lo ultimo ha sido cuando intentas contactar con Iberia desde fuera de España y te encuentras que los números que te dan (en este caso Brasil) parece que NO EXISTEN. No contestan a ninguna llamada, ni siquiera desde teléfono local, tras horas intentandolo (y también a través de chat) uno desiste y acaba muy frustrado. No soy de quejarme pero la experiencia ma ha parecido una estafa, te dicen que tienes unos beneficios que luego no lo cumplen. En el futuro voy a intentar no coger Iberia por este tipo de jugarretas, y si esto lo pensamos clientes habituales no quiero ni saber como es el trato con los clientes esporadicos."
IBE_0247,Iberia,Desconocido,Madrid,Fuerteventura,Domestic,febrero de 2025,1,"IBERIA es una estafa!!! Compré unos billetes el 27 de febrero a través de BIZUM de su página web de 601,34 euros y NO emitieron los vuelos. A día de hoy, después de más de 2 meses y más de 10 reclamaciones a Iberia, con respuestas diferentes, inexpertos qué te dicen lo primero que les viene a la cabeza, sigo esperando la devolución del dinero. Si alguien sabe qué puedo hacer lo agradezco, pues me ha causado prejuicios y mucha ansiedad y pérdida de tiempo. Mi idea es denunciarlo, pues me están tomando el pelo y no Dan solución. Era mí referente en vuelos, ya ni se me ocurre volar con ellos. ES INDIGNANTE!!!!!!"
IBE_0248,Iberia,Desconocido,Madrid,Caracas,International,diciembre de 2024,1,Fraude ! Fraudulenta ! Venden un vuelo como Iberia y luego te meten en un avion viejo de la linea aerea charter VAMOS . Te venden unos asientos que no existen y obviamente NO te devuelven el dinero ! Luego te dan un descuento por el mal trato (meterte en un avion chatara ) y este descuento NO FUNCCIONA . Pasas una reclamacion : obviamente reaccion cero ! Compramos un vuelo - pidiendo que nos den el descuento ofrecido (con numero y referencia del descuento ) la contestacion es un simple no - nada y obviamente sin dejarte la posiblidad de contestar o quejarte . Esto es ???? Para mi un FRAUDE !!!
IBE_0249,Iberia,Desconocido,Bogota,Madrid,International,mayo de 2025,1,"Vuelo que salió de Bogotá el 2 de mayo / 2025....hacia Madrid. El embarque empezó a las 11:30 am Desde que los pasajeros empezaron a subir todo era desorden y caos promovido por la azafatas que querían que las parejas..los matrimonios y las amigas fueran sentadas juntas...presionando para que los pasajeros se cambiaran de silla.... !!y si yo he pagado por mi silla...he sido organizada y he elegido ... por qué me tengo que fastidiar cambiando para darle gusto a la gente no pagó nada .!!!.. En general un avión sucio ..sillas incómodas...brazos de sillas que no se pueden subir....baños super sucios... Las azafatas ahora no cierran las puertas del equipaje superior....pidieron por altavoz que sean los mismos pasajeros quienes las cerraran! Después , en las pantallas un vídeo tortuoso, sin sentido...ilógico que ni se entendió que tipo de símil tiene lo que decia el vídeo con las imágenes....!!.. Las azafatas .......entregaban la comida y los aperitivos de muy malas formas.... Pidieron que cerraran las ventanas...porque era hora de dormir....pero resulta que una mujer no lo hizo y era muy molesta la luz....una señora sugirió a la azafata que por favor le dijera que cerrara la ventana y le dijo que no se podía porque esa pasajera estaba leyendo....!! Y me pregunto..¿?Pero para eso no está la luz en la parte superior de la silla?? Además, al mirar , la mujer estaba leyendo el papel del boleto del avión...!!... Y así se quedó...eso fue como la selva ...todo mundo hace lo que quiere...y las azafatas segun les convenga ponen orden o no. En general, por la forma de mirar y actuar de las azafatas, evidenciaban como que eran socias de la aerolínea Iberia..jejeje. Lo único bueno del vuelo....es que llegamos sanos y salvos...que no es poco!! Aunque después tocó esperar hora y media para que empezaran a salir las maletas.... Cada viaje con Iberia....es complicado..sus aviones son tremendamente incómodos, les han puesto sillas para llevar niños....porque una persona de más de 1,50 de estatura , ya va como torturado. ....y el personal de azafatas, dejan mucho que desear, yo creo que ni en los vuelos devolviendo inmigrantes ilegales, son tan de mala gana atendidos .... He viajado en business....y aunque las azafatas intentan ser amables....transmiten desidia."
IBE_0250,Iberia,Desconocido,Madrid,Miami,International,abril de 2025,1,"Vergonzoso el servicio, el propio vuelo y su atención al cliente posteriormente. Pague por anticipado por unos asientos en la salida de emergencia, que no me dieron y me dijeron que reclamase el dinero más tarde. El vuelo se retrasó 5 horas y perdí la conexión a Orlando y llegué 10 horas después de lo previsto. Pero lo peor es la Atención al cliente, ni me devuelven el dinero de los asientos, ni me indemnizan por el retraso, ni nada, todos son gestiones en la página web, que se quedan en el limbo. Nadie las atiende, no te contestan, simplemente es para que pierdas el tiempo y te desesperes. No creo que vuelva a volar con IBERIA y desde luego no os lo recomiendo"
IBE_0251,Iberia,Desconocido,Madrid,Melilla,Domestic,abril de 2025,1,"La gran compañía IBERIA, ya no dispone de oficina física ni en la T4, terminal emblemática española donde las haya. Las oficinas de atención al cliente están atendidas por personas subcontratadas por IBERIA que siguen instrucciones sobre operaciones básicas. Para cualquier otro problema con vuelos cancelados, por ejemplo, el nuestro, último vuelo a Melilla te facilitan 2 números de teléfonos y un WhatsApp a los que tampoco se atienden. Un horror"
IBE_0252,Iberia,Desconocido,Melilla,Malaga,Domestic,abril de 2025,1,"Una compañía terrible, opera fatal y cero gestión. Muy insatisfecha y no la recomiendo. Perdí un vuelo por una causa no justificada, los operarios decían que no había tripulación suficiente y la compañía alude a razones externas. No se puede ser menos transparente."
IBE_0253,Iberia,Desconocido,Valladolid,Las Palmas de Gran Canaria,Domestic,enero de 2025,1,"Hola! Por primera vez Iberia me ha cancelado un vuelo. Lo reserve en Enero de 2025 y hace 10 días me mandan un correo electrónico que el vuelo se ha cancelado. Al leerlo llamo a atención al cliente y me cambian el origen del vuelo de Valladolid( que es la cuidad donde vivo) a Madrid. El operador de Iberia que me hace el cambio del vuelo me dice que pida a través de la web una indemnización por los gastos que me va a llevar tener la salida desde Madrid (gasolina, peajes, parking para dejar mi coche etc.) Pongo la reclamación y me contestan que como se ha avisado con más de 15 días de antelación que no m corresponde indemnizacion. Son unos sinverguenzas. Se van pareciendo a Raynair y a este tipo de compañías baratas pero encima siendo caros."
IBE_0254,Iberia,Desconocido,Madrid,Dublin,Europe,abril de 2025,1,Iberia es peor que una low cost. La aplicación del móvil no funciona y la web tampoco. No hay atención al cliente y sus vuelos cada día son peores. Hacen over booking además sin parar
IBE_0255,Iberia,Desconocido,Madrid,Corumba,International,diciembre de 2024,1,"un desastre el 900111500, es imposible despues de Después de repetidas veces llamando siempre me ponen en espera y están revisando en medio de la llamada me vuelven a decir perdone que estamos revisando y al final de todo de tenerte 8 9 10 15 minutos dicen hola señor sigue usted ahí y yo sigo pero ellos no me escuchan yo a ellos perfectamente esto es así en todo momento nunca oyen esto es una tomadura de pelo"
IBE_0256,Iberia,Desconocido,Madrid,Lanzarote,Domestic,abril de 2025,3,"El vuelo puntual y muy bien pero la azafata superantipatica , muy malhumor y maleducada. Puse la maleta en el portaequipajes horizontal en vez de en vertical pues me riño. Entiendo q la puse mal pero fui la primera y no lo sabia, las cosas se pueden decir con mejor cara y educacion."
IBE_0257,Iberia,Desconocido,Madrid,Lanzarote,Domestic,abril de 2025,1,"Viajo de Lanzarote a Madrid con frecuencia. El servicio cada vez funciona peor. Hace 2 meses compré un billete en la APP de Iberia. Pagué con Bizum. A mí sí se me hizo el cargo en el banco, pero en Iberia me decían que a ellos no les había llegado el pago, con lo que no generaron el billete, después de haberlo pagado. Me costó unas 5 llamadas, de 30 minutos de media. Al final, semanas más tarde, me devolvieron el dinero, pero me quedé sin volar. Hoy me lo han vuelto a hacer. Compré un billete para mi hijo. Cogí una tarifa flexible en el cambio (más cara) porque era muy probable que tuviera que cambiar la fecha. Efectivamente, tuvimos que cambiar la fecha del vuelo. No nos dejaba hacerlo ni por la APP ni en la web, así que lo gestionamos por teléfono. Después de 30 minutos de llamada, al parecer, la gestión había quedado hecha, pero teníamos que pagar los gastos de gestión. Eso no te lo dicen al comprar la tarifa flexible. Aún así, eso no fue lo peor, fue imposible pagar ni por la app ni por la web, ni siquiera por teléfono, donde nos dijeron que pagáramos directamente en el aeropuerto. Pero, sin embargo, al llegar el momento de volar, la reserva había desaparecido. No les constaba en ningún sitio. Y toda la respuesta que te dan es que ""pongamos una reclamación"". Es indignante y como usuario te sientes totalmente desprotegido. No entiendo como un servicio esencial como es el transporte a islas, en las que no hay otra alternativa para desplazarte, se le permita que funcione tal mal y los usuarios estemos tan desamparados."
IBE_0258,Iberia,Desconocido,Buenos Aires,Madrid,International,abril de 2025,2,"No te dejan hacer check in aduciendo control de tarjeta de credito pero si dejan si pagas por elegir asiento con la misma tarjeta que cuestionan que era la del titula , son lamentables, discriminan y no dejan realizar los pasos del ticket."
IBE_0259,Iberia,Desconocido,Madrid,Santiago de Compostela,Domestic,abril de 2025,1,Retrasos en los vuelos. Es una constante en esta compañía. Siempre que hacemos escala en Madrid hay retraso. Una tomadura de pelo.
IBE_0260,Iberia,Desconocido,Mexico City,Alicante,International,noviembre de 2024,1,"Nos gustaria saber si algun pasajero del vuelo IB304 de IBERIA del 31/10/2024, recibio una compensation economica por el retraso de mas de 12 horas al despegar desde Ciudad de Mexico. Iberia no contesta a nuestro correo certificado. Muchas gracias por su ayuda."
IBE_0261,Iberia,Desconocido,Madrid,Havana,International,abril de 2025,1,"La peor compañía del mundo cuando tienes que cancelar tu vuelo por un accidente grave. Llevo más de un mes enviando mis informes hospitalarios y médicos que demuestran que no puedo viajar (con mi marido) el 22 de abril (cubierta de escayolas y con clavos y placas por todas partes, ¿me va a dejar Iberia embarcar para un vuelo de 11 horas? ), y hasta esta mañana no me han enviado los bonos en lugar de los billetes (a pesar que no te rembolsan, pero te dan ""bonos""), aunque que durante un mes, y cientos de llamadas, horas de espera, me han estado diciendo que me los enviarían cada vez ""el mismo día"", junto con la factura de los «gastos de gestión» deducidos (porque estoy asegurada y me los pueden reembolsar si presento la factura a mi compañía de seguros antes de la fecha del vuelo - por pasado mañana). He recibido los bonos esta mañana, porque ayer, después de recibir información sobre mi 'vuelo' del 22 de abril y un cambio de plan de vuelo, segura de que aún no habían cancelado los vuelos, llené la página Facebook de Iberia de comentarios sobre su mala atencion al cliente. Me cortaron el acceso, pero tengo mi bonos. Es un aviso que es la única solucion si quiere algo de Iberia, aunque te lo deben ! Pero no mandaron ninguna factura de los gastos de gestion, a pesar de decirme desde un mes que va a llegar con los bonos, los dos juntos. Y ahora, por telefono, me dicen que debo hacer ""una reclamación en su sitio web"" y que el tiempo de tratamiento es 21 días (o mucho mas según los comentarios leido) ! Quiere decir demasiado tarde para presentar los gastos de gestion a mi seguro y estar indemnizada; ESTA COMPANIA SE RIE DE SUS CLIENTES, tiene desprecio total, conta cualquier bobería al telefono para deshacerte de ti, son mentirosos y sinvergüenzas, no es una compañía de vuelos, pero una porquería. Si gestionan sus aviones como gestionan sus servicios al cliente, hay que huirla ! estan peligrosos !"
IBE_0262,Iberia,Desconocido,Madrid,Barcelona,Domestic,abril de 2025,1,"Azafatas amargadas y arrogantes, poco espacio entre asientos y pésima comida. Si pueden evitar volar con Iberia hágalo, la peor aerolínea hoy por hoy"
IBE_0263,Iberia,Desconocido,Dublin,Montevideo,International,abril de 2025,1,"No viajen por Iberia Business class, la comida es pésima, estoy embarazada y me ofrecieron cava y no me dieron prioridad al sentarme. Ya sabía que tenían malos modos pero me esperaba algo más de la clase business. El desayuno te lo ofrecen con suerte y frío, a poco antes de aterrizar. La comida muy mala con respecto a la vez pasada a pesar del costo del business. Deberían mejorar como tratan a los clientes y el servicio en general, sentí que no tenían consideración conmigo."
IBE_0264,Iberia,Desconocido,Madrid,Miami,International,abril de 2025,1,"Buenos días, Llevo varios días teniendo problemas con el servicio de atención al cliente que Iberia me está dando. En primer lugar, traté de obtener la factura de mi vuelo a Miami en junio a través de la web varias veces, pero esta me daba un error y no pude hacerlo. Por ello, acabé optando a pedirla por aquí.Aún así, me habéis enviado la factura con mis datos incorrectos 2 veces seguidas y aun no la he podido obtener correctamente. Por otro lado, me habéis hecho dos cargos en la tarjeta por este vuelo dejándome sin fondos en ella y creándome daños reputacionales en un restaurante . Es inadmisible que el precio que pagas a Iberia por un servicio superior se esté traduciendo en este PÉSIMO servicio al cliente. Además, he hablado con dos agentes esta mañana y una de ellas (Irene) ha dejado de responder a mitad de la llamada y la otra (María) me ha colgado antes de enviarme la encuesta. Necesito que me devolváis los 871,72 € con la máxima urgencia posible y que me proporcionéis una hoja de reclamaciones. Este servicio está siendo nefasto."
IBE_0265,Iberia,Desconocido,Amsterdam,Madrid,Europe,abril de 2025,1,"Me facturaron la maleta de mano porque no había suficiente espacio en la cabina y me la han destrozado. Pues una reclamación ya que la maleta era nueva no me han solucionado nada, una vergüenza"
IBE_0266,Iberia,Desconocido,Madrid,Palma de Mallorca,Domestic,abril de 2025,1,"Iberia me ha cambiado un billete dos veces así porque según ellos están dentro de la ley pero miren… Primero de las 23h del día 13 a las 10,20h del día 14 y luego de nuevo a las 08,05h del día 14. Yo solo pedia que me alojen en el lugar y la conección del aeropuerto al hotel. Ellos tienen un email automatizado diciéndote que no es problema suyo y que sienten mucho el inconveniente. Si yo cambiara horarios me cobrarían por cada cambio. Como puede ser que ellos puedan hacer lo que quieran sin ningún tipo de responsabilidad???? Es abuso la verdad. Esto tiene que cambiar ya."
IBE_0267,Iberia,Desconocido,Madrid,Oviedo,Domestic,abril de 2025,1,"Cada día hacen los sitios más pequeños e incómodos. Al no tratarse precisamente de una aerolínea low cost, estaría bien que subieran el estándar."
IBE_0268,Iberia,Desconocido,Madrid,Bangkok,International,noviembre de 2024,1,Una ESTAFA el pasaje comprado en la web de Iberia y pagado con tarjeta VISA. LLEGAS A MADRID Y TE NIEGAN EL DERECHO DE EMBARQUE. Pierdes TODO. Cómo se llama eso? Para completar un año después siguen dando largas con la devolución del dinero abonado Si compran IBERIA salgan con cash extra...
IBE_0269,Iberia,Desconocido,Madrid,Barcelona,Domestic,febrero de 2025,2,"Mi queja es para informacion de IBERIA de MADRID . llegue de un vuelo desde COSTA RICA ( 11 Horas de vuelo ) con 1h de retraso , aterrizamos en Madrid no hay el puente para salir del avion, esperar como 25/30 minutos , recoger maleta 30minutos mas , tenia otro vuelo p llegar a Bcn , ya lo perdi , voy a informacion y le explico a un Señor malhumorado ( era Domingo claro ) y me dice q la culpa es mia ,😡, a todo eso voy con asistencia me dice q tengo q comprar otro billete , le digo q el q tengo es de iberia , ahh claro no lo compre en su web , no me lo cambia . Pues es lo q hay a comprar otro vuelo x el modico precio de 190 eur , llego a Bcn y no esta la maleta , RECLAMA , PUES UNA SEMANA EN LLEGAR LA MALETA Y ENCIMA LA ABRIERON X Q ME FALTA ALGO . HAY GENTE Q TRABAJA SIN ESTAR AMARGADO ,SEÑOR CON BARBA ."
IBE_0270,Iberia,Desconocido,Malaga,Madrid,Domestic,abril de 2025,1,"Mi queja es para el departamento de reservas. Una vez que seleccionas flexible y/o un cambio y pagas previamente por ello, es mentira que puedas hacer el cambio. Realmente lo que hacen es ofrecerte un billete por cinco veces su precio pero incluso para fecha en las que en la web te saldría por 50€. Ellos te cobran haciendo un cambio, por 200€. Es absolutamente un robo y un engaño. No merece la pena pagar por los cambios"
IBE_0271,Iberia,Desconocido,Madrid,New York City,International,marzo de 2025,1,"El avion para viajar de noche es una cárcel incómoda, la gente que trabaja sonríe, pero son unos amargados vende zumitos , ojalá desaparezca, y trabajen donde deben, en el paro"
IBE_0272,Iberia,Desconocido,Madrid,Las Palmas de Gran Canaria,Domestic,enero de 2025,1,"El 28 de marzo, entre las 20:30 y 21:30, en los mostradores 854 y 855 de Iberia en la T4 de Barajas (Madrid), sufrimos un trato vejatorio y racista frente a mi hija, justo antes de tomar el vuelo IB1631 hacia Gran Canaria. Exijo una explicación y una disculpa formal por parte de @Iberia. Ya he presentado la reclamación oficial. #NoAlRacismo #IberiaResponsable #RespetoYA"
IBE_0273,Iberia,Desconocido,Sao Paulo,Madrid,International,febrero de 2025,1,"Vuelo IB0268 – Reserva P2JXL Fecha: 14 de marzo – Vuelo de Brasil a España (Madrid) – Puerta 304 – Asiento 40D La experiencia vivida en este vuelo fue absolutamente inexcusable. Durante el aterrizaje y el desembarque, fui brutalmente agredida por otro pasajero, quien me agarró del cuello sin ningún tipo de control. Lo más indignante fue la completa indiferencia y negligencia del personal de cabina de los sectores 3 y 4, que, en pleno conocimiento de lo que ocurría, se mantuvo pasivo y no hizo absolutamente nada para frenar al agresor ni para garantizar la seguridad de los pasajeros. Resulta inaceptable y vergonzoso que una compañía como Iberia, que debería velar por la seguridad y el bienestar de sus clientes, permita que se produzcan situaciones de violencia tan extremas sin intervenir. La falta de acción y de responsabilidad de Iberia ha dejado claro que la seguridad de los pasajeros no es una prioridad para ellos. Si valoras tu integridad y deseas un ambiente seguro durante tu vuelo, te recomiendo encarecidamente que evites Iberia. Esta experiencia demuestra la ineficacia y el desdén de la compañía ante situaciones críticas, lo que me lleva a afirmar sin duda alguna que jamás volveré a confiar en sus servicios."
IBE_0274,Iberia,Desconocido,Miami,Madrid,International,febrero de 2025,1,"Soy una pasajera frecuente de Iberia y siempre he confiado en la aerolínea para mis viajes. Sin embargo, mi experiencia reciente ha sido muy decepcionante. Tenía un vuelo programado (IB0338) el 27 de febrero, pero debido a una lesión en el brazo, ni mi hija,que es menor de edad, ni yo pudimos viajar. Presenté todas las pruebas médicas necesarias y contacté a Iberia solicitando un cambio de fecha, incluso ofreciendo pagar por ello. Me aseguraron que recibiría una respuesta en un máximo de 15 días, pero hasta ahora, más de un mes después, no he recibido ninguna comunicación. El caso (20250225-57541387) sigue sin resolverse, y me siento ignorada como cliente leal. Este nivel de falta de atención y respeto hacia el cliente es inaceptable. Solo esperaba una respuesta clara, ya sea positiva o negativa, pero el silencio absoluto es frustrante. Espero que Iberia tome medidas para mejorar su servicio al cliente y evitar que otros pasajeros pasen por esta experiencia."
IBE_0275,Iberia,Desconocido,Madrid,Paris,Europe,marzo de 2025,1,"Compré un billete con seguro flexible de cambio de vuelo por 500€ el 1 de Enero para viajar el 17 de Abril para disfrutar de las ventajas de comprar con antelación con la mala suerte que me equivoqué en la fecha de vuelta,ahora voy a cambiar la vuelta y me perdonan 65€ de penalización pero me cuesta 600€ cambiar la vuelta.Voy a la página y si compro billetes para las fechas que deseo con antelación de solo 3 semanas me cuesta 1100,lo mismo que cambiar mi regreso,resumen,comprar con antelación y el seguro no me sirven,me toca regalarle a Iberia los 500€ que tanto me costó ahorrar del viaje familiar al no poder pagar 600€ x cambiar una vuelta...la solución de la compañia es que ""las cosas son así"". Los clientes estamos abandonados,eso me pasa por pagar un poco más caro pero comprar directamente en Iberia confiando que cualquier problema atienden mejor.Frustrada,desanimada y con el viaje perdido.Gracias Iberia"
IBE_0276,Iberia,Desconocido,Dallas,Madrid,International,marzo de 2025,3,"De las dos fotos, solo una es de IBERIA. ¿Adivináis cuál? Me decepcionó mucho volar con IBERIA. ¡Y más siendo Española! Los asientos eran incomodísimos y parecían bastante antiguos. Muy rígidos y el elevador de piernas no servía para nada. El neceser bastante pobre comparado con otras aerolíneas como British Airways o American Airlines. Lo mismo con la almohada o la manta, bastante pobre. Utilizan vasos de plástico y la comida es muy regular... no quiero ni pensar cómo es en Economy. La selección de entretenimiento también me pareció bastante pobre. Pongo algo de valoración buena por el equipo que la verdad, es fantástico. Al menos en eso es de valorar. ¡Enhorabuena al equipo de recursos humanos! Pongo dos fotos, ambas Premium Economy. Adivinad cuál es de Iberia.....Nada más que añadir.."
IBE_0277,Iberia,Desconocido,Oviedo,Dublin,Europe,marzo de 2025,1,"Nos perdieron las maletas y no nos dan soluciones. Un desastre, aquí tirados sin ningún tipo de atención. Quedaron en Madrid. Nunca mas pasar por Madrid"
IBE_0278,Iberia,Desconocido,Madrid,Lanzarote,Domestic,marzo de 2025,1,"Comunican que retrasan el vuelo hasta las 22:00h teniendo prevista la salida a las 21:35 horas. A las 22:00 comunican que se retrasa el vuelo hasta las 5:10 h del siguiente día. OJO! que lo retrasan no lo cancelan. Motivo: En Lanzarote debido al viento del sur no se puede aterrizar. Me parece de una falta de respeto hacia el pasajero que determinen esto una vez estamos allí, sabiendo cómo sabían que Lanzarote llevaba todo el día con ese problema por vientos y que su protocolo de actuación recoge que no se aterriza en vuelo nocturno en esa isla con ese viento. Nos dejan tirados en la T4 toda la noche, cuando un aviso a media tarde, hubiese bastado para evitar estar tirados como colillas. Iberia cada vez peor, cualquier compañía de la Cochabamba da mejor servicio"
IBE_0279,Iberia,Desconocido,Madrid,Amsterdam,Europe,marzo de 2025,1,"Iberia muestra una falta de respeto absoluta hacia sus clientes al incrementar descaradamente los precios mientras se realizan búsquedas, demostrando una política abusiva y poco ética. Esta práctica no solo evidencia un desprecio flagrante hacia quienes confían en su servicio, sino que también genera frustración y desconfianza. Resulta inconcebible que una aerolínea de tal envergadura recurra a tácticas tan cuestionables, perjudicando a quienes intentan planificar sus viajes de manera honesta. Si valoras tu tiempo, dinero y tranquilidad, evitar Iberia parece la opción más sensata."
IBE_0280,Iberia,Desconocido,Mexico City,Madrid,International,marzo de 2025,1,"Fatal, compañía bochornosa, llevabamos prisa porque salía nuestro tren a la hora justa y en la cola para reclamar(ya que nos rompieron dos maletas), había 4 gatos y tardamos la via(ponía un qr para no esperar cola y no sirvió PARA NADA). Vergüenza de compañia, asi nos va en este país."
IBE_0281,Iberia,Desconocido,Minneapolis,Seville,International,agosto de 2024,1,"A varios amigos mios les perdió la maleta y no se las devolvió hasta el día que se iban, mi suegra vino de USA para un mes y pudo usar sus cosas solo por dos semanas, mi cuñada y su abuela de 80 años vino y perdieron su maleta también con sus cosas. Quiere que como ellos han perdido la maleta que yo me gaste el dinero y que ello lo reembolsan... si hombre, y yo me voy a quedar esperando a que lo devuelvan cuando le den la gana. ¡No puedo volar con una compañía que no cuida del cliente! ¡Recomiendo a todo el mundo a NO VOLAR IBERIA hasta que aseguren que no te pierden las maletas o que lleguen a su destino cuando tu llegues!"
IBE_0282,Iberia,Desconocido,Düsseldorf,Seville,Europe,febrero de 2025,1,"El vuelo Düsseldorf a Sevilla se retrasó y no llegué a tiempo para hacer el trasbordo en Madrid. El problema es que me tiene que compensar con 400€ y llevo un mes intentando hablar con alguien para ver la resolución final y que me hagan el ingreso. El servicio telefónico Iberia Cassic es malísimo/nefasto. No te cogen el teléfono nunca, siempre hablas con una máquina, y si quieres hablar con una persona simplemente se corta la llamada. Solo te dan la opción de meterte en su web o escribirle un Whatsapp. En el Whastapp te atiende una inteligencia artificial que no interpreta nada de lo que dices y te suelta frases random absurda. Un auténtico desastre de servicio telefónico (inexistente) y una comunicación por Whatsapp frustrante. Voy a tener que ir al aeropuerto a reclamar mi dinero a una taquilla a ver si allí me ayuda una persona. Espero que nadie tenga que contactar con Iberia por teléfono porque va a acabar totalmente frustrado. Una experiencia de las peores experiencias de usuario sin duda."
IBE_0283,Iberia,Desconocido,Madrid,Valencia,International,marzo de 2025,1,"Pésima atención al cliente. Compramos un billete con gastos reembolsables, y al cancelar nos cobraron 35 Euros POR PERSONA de gastos de gestión. Mi recibo ponia ¨Vuelo reembolsable al 100%¨ y pagamos por ello. Al llamar el agente no me dejaba hablar, y decía que tenían una política de ¨transparencia¨. En ninguna parte viene que iban a cobrar gastos de gestión por cancelarlo. Una reclamación a la oficina del consumidor por engañar y decir que tienen política de transparencia."
IBE_0284,Iberia,Desconocido,Madrid,London,Europe,agosto de 2024,1,"IBERIA es la peor aerolinea. su servicio de atencion al cliente es pesimo. vaya verguenza. te cobran como una aerolinea cara, y es peor que las low cost. Todo es horrible, desde el trato del personal de tierra y de vuelo, hasta el serivio de atencion al cliente. El avion estaba asqueroso, lleno de basura y olia mal. La pagina web es muy frustrante... Evitar a toda costa. Es la peor aerolinea ademas de ser cada vez mas cara."
IBE_0285,Iberia,Desconocido,Madrid,Miami,International,marzo de 2025,5,"Como pasajera con movilidad reducida, destaco la sensibilidad compasiva de Eva ( valoro alto grado de humanismo) y de todos los asistentes de vuelo del IB 0337, de Madrid a Miami, el cual tomé el 13 de marzo, del corriente. Con sonrisas y dispuestos a auxiliar. Desde mi llegada al aeropuerto, el personal fue amable y profesional. También los de AENA, quienes proveen asistencia a los que requieren sillas de rueda para llegar a los terminales. La comida fue muy buena y hasta nos consintieron con mantecado. El vuelo se atrasó un poco, debido a que el avión estaba afuera del ""flight bridge"", pero gracias a Dios, el piloto fue excelente y llegamos hasta minutos antes de lo pautado a Miami. Genial. ¡Sigan adelante!. Prof. Brenda L. López"
IBE_0286,Iberia,Desconocido,Jerez De La Frontera,New York City,International,marzo de 2025,1,"La web de iberia es nefasta, el servicio es pesimo. Han perdido totalmente los valores y la calidad al cliente que tenian antes. Años viajando por negocios, y esto es vergonzoso."
IBE_0287,Iberia,Desconocido,Madrid,Bogota,International,enero de 2025,1,"Mi crítica no es específica de un vuelo sino de una campaña que lanzó Iberia por el Black Fridey. En dicha campaña te prometen billetes a precio reducido pero a la hora de pagar, una vez concluido todo el proceso de introducir datos etc, te dicen que no es posible aplicar los descuentos porque hay que pagar con la tarjeta específica de Iberia. Que uno piensa, ""para eso que lancen una campaña solo para socios y no engañen a la gente. He reclamado dos veces aportando las bases que ellos mismos publicaron y ni con esas... Muy mal por Iberia, siempre que pueda, optaré por otra compañía.. Un viajero desencantado"
IBE_0288,Iberia,Desconocido,Madrid,Puerto Vallarta,International,marzo de 2025,3,"El staff de servicio durante el vuelo, fue pobre. Pobre o ninguna empatía, no respondían a las llamadas para servicio en el asiento, siendo yo un pasajero con movilidad reducida . Un experiencia desastrosa siendo mi primera y último viaje con Iberia."
IBE_0289,Iberia,Desconocido,Madrid,Guatemala City,International,marzo de 2025,1,"Estoy muy molesta con iberia, van ya dos veces que viajo a Guatemala, y me cambian de aerolínea, la primera vez dija vale daré una oportunidad, y sale que el vuelo fue pésimo, los tripulantes nos ignoraban, yo iba con mis dos niños, y eran pésimos mal hablados, y nos trataron no sólo a nosotros sino que a todos muy mal, fue en la aerolínea woman en diciembre, ahora viajo de nuevo y hacen lo mismo ahora me dejan con iberojet!"
IBE_0290,Iberia,Desconocido,Madrid,Buenos Aires,International,marzo de 2025,1,PESIMO LOS VUELOS DE IBERIA. tome 3 vuelos de iberia en 15 dias y LOS TRES salieron con mas de 1 hora de retraso. LA TRIPULACION ES INOPERANTE y te tratan muy mal. PESIMA AEROLINEA.
IBE_0291,Iberia,Desconocido,Madrid,Berlin,Europe,julio de 2024,1,"Tenemos un vuelo con Iberia para Berlín en Agosto y nos han cambiado el vuelo de las 7 de la mañana a las 16 horas y solo dicen que se ha cancelado el vuelo si es al reves no te devuelven nada no recomiendo Iberia para nada he volado varias veces y siempre pasa algo.A mi hija la entregaron la maleta 5 días después del viaje de fin de curso y no nos han dado nada de indemnización es VERGONZOSO,se tuvo que comprar ropa y cosas de aseo personal"
IBE_0292,Iberia,Desconocido,Madrid,London,Europe,febrero de 2025,1,"Programa Avíos es un timo, te dejan bloqueado a cualquier mínimo cambio y te bloquean la ida y la vuelta. Iberia no es lo que era, estás comprando una low cost y en el servicio postventa se ve"
IBE_0293,Iberia,Desconocido,New York City,Madrid,International,marzo de 2025,1,Un cambio de temperatura continuo durante todo el vuelo. Muy poco espacio para un vuelo de 7 horas. La comida muy mala y el hueco entre los pasillos minusculo. Si te toca cerca del pasillo estas sometido a golpes tanto de la tripulación como de otros pasajeros. Imposible dormirse. Malisima experiencia
IBE_0294,Iberia,Desconocido,Lima,Barcelona,International,marzo de 2025,2,"En Lima los que nos atendieron fueron malísimos, cero comprensivos y solidarios. Nos hicieron un problema que antes, al viajar con la misma cantidad de maletas y al mismo lugar no había sucedido. El vuelo estuvo más o menos decente, pero los asientos pudieron tener más espacio considerando que es un vuelo tan largo, además habían muchos niños haciendo ruido y gritando de madrugada, y los encargados no hacían nada al respecto. Ahora, en Barcelona cuatro maletas no nos han llegado, dicen que están en Madrid aún (allí fue nuestra escala) y que sólo una tiene llegada confirmada para hoy. La verdad no recomiendo esta aerolínea."
IBE_0295,Iberia,Desconocido,Madrid,Washington DC,International,marzo de 2025,1,"Mucho cuidado reservando con Iberia, te venden un vuelo intercontinental directo (por supuesto más caro que las opciones con escala), pagas por selección de asientos y al mes te informan que han añadido una escala de solo hora y media (tiempo bastante justo) y te cobran 200€ más por la selección de asientos ya contratada y pagada con la excusa de aplicar la previa únicamente a la primera parte del trayecto (en mi caso la primera parte es de 2 horas y la segunda de 9 horas). Después de dos meses intentando mediar con la aerolínea a través de reclamaciones no dejamos de recibir el mismo mensaje copiado y pegado como respuesta una y otra vez. De haberlo sabido habríamos pagado menos por un vuelo con una escala decente, pero claro, ahí está el engaño. Hacen lo que quieren y cuando ya tienen tu dinero y no les interesas te ignoran. Qué decepción. Seguimos reclamando."
IBE_0296,Iberia,Desconocido,Madrid,New York City,International,septiembre de 2024,1,"En Iberia holidays no cumplen con el contrato, no son transparentes ni fiables. Iberia es una low cost disfrazada al servicio de British."
IBE_0297,Iberia,Desconocido,Santo Domingo,Madrid,International,febrero de 2025,5,"Prudencia Ivelisse Peña Infante. Viajé desde Santo Domingo a España. En el vuelo me puse muy mala y me asistió una TCP llamada Paloma. Se portó muy bien conmigo y quiero agradecerle que estuviera conmigo desde el primer momento hasta cuando aterrizamos. Todos los auxiliares de vuelo se preocuparon muchos por mi, pero sobretodo Paloma."
IBE_0298,Iberia,Desconocido,Marrakech,Madrid,International,marzo de 2025,1,Últimamente con Iberia es imposible que entreguen las maletas con un periodo razonable. 2ª vez que tardan más de 1h en la entrega del equipaje
IBE_0299,Iberia,Desconocido,Buenos Aires,Madrid,International,marzo de 2025,1,Pésimo experiencia para hacer un cambio de vuelo de un ticket con cambios permitidos ya que no me permitía hacer el cambio por la web. Una cola interminable para hacer la reclamación del equipaje que no llegaba.
IBE_0300,Iberia,Desconocido,Montevideo,Madrid,International,febrero de 2025,1,"Arribaríamos a las 05:45 con 2 grados de temperatura en Madrid. El peor desayuno que he recibido: sólo bebidas frías: jugo ananá, jugo naranja o agua. Bocadillo: pan frío, seco y viejo, cortado al medio, y allí, ocupando la mitad del pan una pequeña rodaja de queso y una pequeña rodaja de jamón york, tan finas que eran transparentes."
IBE_0301,Iberia,Desconocido,Paris,Madrid,Europe,febrero de 2025,1,Una empresa miserable. Te obligan a despachar las valijas porque dicen no tener espacio en el avion Te quitan el equipaje de las manos contra tu voluntad. El personal es altanero y desagradable
IBE_0302,Iberia,Desconocido,Mexico City,Madrid,International,febrero de 2025,2,"El embarque fue un desastre, la temperatura en la cabina muy alta, la llegada a Madrid sin empleados en la rampa pàra recibir el vuelo, lo que nos demoro una media hora."
IBE_0303,Iberia,Desconocido,Caracas,Madrid,International,febrero de 2025,1,"Un verdadero desastre, me vendieron un boleto, bien caro y me montaron en una linea low cost (Hi Fly) sin los servicios a bordo por los cuales habia pagado. Una verdadera descriminación para los que usamos esta ruta. Recomiendo a los que usan esta Iberia en esta ruta, evitar viajar con ellos, hay otras opciones con mejores servicios y que no te haces esta jugada a ultima hora. Unos verdaderos cara dura."
IBE_0304,Iberia,Desconocido,Madrid,Vienna,Europe,febrero de 2025,1,Surbooking en Iberia ! Iberia te hace venir al aeropuerto y pasar por la seguridad y hasta llegar a la puerta de embarque para decirte que no tienes asiento. Nunca mas volare con Iberia.
IBE_0305,Iberia,Desconocido,Madrid,Paris,Europe,octubre de 2024,1,"Cuando compré mis tres billetes de ida y vuelta, Iberia me hizo una retención por el importe total. Luego, al cobrarlo, en lugar de reclamar esa retención los cobró por separado por lo que, habiendo pagado los vuelos, seguía el importe completo retenido. Lo mismo hicieron con el importe de otra prerreserva: lo retuvieron, lo cobraron y lo siguieron reteniendo. Vamos, que como si te lo cobrasen dos veces. Ellos son quienes tienen obligación de liberar el dinero cuando ya está cobrado, pero tras dos llamadas absurdas e infructuosas con una pésima atención sin solucionar nada, tuve que suplicar en mi banco que, tras comprobarlo todo, al ser el importe alto, ""de forma excepcional"", me desbloquearon ellos el dinero. No vuelvo a comprar billetes en Iberia que, por cierto, no tiene horas de reclamación legales a disposición del cliente."
IBE_0306,Iberia,Desconocido,Madrid,Toulouse,Europe,febrero de 2025,1,"Cargos duplicados. Me hicieron mi cargo habitual el día de la compra pero hoy por la madrugada (25 febrero) lo hicieron dos veces más. Es decir, pagué por mi viaje tres veces"
IBE_0307,Iberia,Desconocido,Paris,Madrid,Europe,enero de 2025,1,"Unos ladrones, llevo un mes ya poniendo reclamaciones y llamando porque me facturaron dos veces por viajar con mi mascota, 120€ por un gato porque me obligaron a pagar en facturación cuando yo ya había dicho y enseñado a la chica que ya había pagado por internet los 60€ tengo la factura y todo lo necesario, pero nada, no me quieren reembolsar unos miserables 60€ que no los necesitan para nada. No volveré a volar con ellos ya que roban cuando el error es suyo y no hacen absolutamente nada para arreglar su error."
IBE_0308,Iberia,Desconocido,Madrid,Guayaquil,International,septiembre de 2024,1,"Compre un vuelo y puse una maleta adicional, mi sorpresa fue al hacer el checking, me dicen que no tengo contratada la maleta y que si quiero llevarla tengo que pagar nuevamente, mi problema fue que no me han dado un recibo particular por dicha maleta solo tengo un recibo global del total que pague por el billete y la maleta pero no esta especificado, llevo varios meses reclamando y no me han dado ninguna solución, solo me dicen que todo está bien que no e pedido nada adicional del billete y pues a mi si que me cobraron 140€ por la maleta adicional, y tuve que pagar 150€ más en el aeropuerto"
IBE_0309,Iberia,Desconocido,Naples,Madrid,Europe,febrero de 2025,1,"Un desastre ,perdieron mi maleta y no solo estuvieron dos semanas para devolverla ,si no que llegó abierto todo revuelto y en una bolsa de basura ,sin decir que faltan cosas ,nunca más ,esa no era la primera vez de un mal servicio.. pésimo !! Y la agencia de trasporte no fue ,ellos darán su reclamo de las condiciones que llegó la maleta !"
IBE_0310,Iberia,Desconocido,Bogota,Madrid,International,febrero de 2025,1,"Es la peor experiencia que he vivido, en la maleta de bodega tenía unos artículos muy bien empacados en el fondo de toda la ropa, cuando abrí la maleta me di cuenta que habían sacado todo por la caja con los artículos que estaban en el fondo SE LOS ROBARON, y volvieron a cerrar la maleta. Cuidado EL PERSONAL DE IBERIA ROBA EL EQUIPAJE DE BODEGA. Nadie responde."
IBE_0311,Iberia,Desconocido,Buenos Aires,Barcelona,International,diciembre de 2024,1,"Esta empresa no sólo se permite un pequeño retraso de 18 horas, sino que utilizará falsos motivos y pretextos para no compensarte. Es un doble castigo. Gracias Iberia por todo este tiempo perdido y mal servicio"
IBE_0312,Iberia,Desconocido,Frankfurt,Quito,International,febrero de 2025,1,"Hola @iberia estoy MUY MOLESTA 😡😤😠 con ustedes y su PÉSIMO SERVICIO, mi yerno se encuentra en Frankfurt, él es Alemán y esta viajando hasta Ecuador a reunirse con mi hija, y la supervisora del counter de Iberia allí le ha dado un PÉSIMO trato, y no le ha dado una solución a la cancelación de su vuelo, el mismo que debía tomar hace varias horas. Lleva más de 10 horas en el aeropuerto esperando a que ustedes se dignen en ayudarle. Necesita una solución!!!!"
IBE_0313,Iberia,Desconocido,Madrid,Santiago de Compostela,Domestic,febrero de 2025,1,Pésima gestión de “Atención al cliente”. Por cualquier minima tonteria que llames automaticamente te ponen a la espera. Me parece vergonzoso estar haciendo perder el tiempo asi a la gente. Que empiezen facilitar los datos necesarios de los vuelos en las tarjetas de embarque como deberia ser. Existen mejores aerolíneas por mejores precios.
IBE_0314,Iberia,Desconocido,Madrid,Guatemala City,International,agosto de 2024,4,Excelente experiencia de vuelo en Iberia. El vuelo ha sido cómodo y el entretenimiento disponible es suficientemente variado para un viaje de 15 horas.
IBE_0315,Iberia,Desconocido,Madrid,Fuerteventura,Domestic,febrero de 2025,1,"Al llegar al ha er el check in la máquina no funcionaba y nos enviaron con una funcionaria en la fila 819,esto sería entre las 18:00-18:20,la persona fue super grosera y sobre todo racista.su incomodidad por atendernos era tal que le preguntó a mi esposa qué cuanto pesaba el carrito de nuestros bebés mellizos,luego que termino con ella me pidió a mi que tenía que hacer el check in en maquina y le explique amablemente qué no funcionaba. Luego de eso de mala gana procedió a hacerme el check in.no terminado el proceso procede a pedirle el dni de nuestros bebes a mi esposa con la cual ya había terminado.luego el empadronamiento y luego de esto que necesitaba el libro de familia para poder continuar.mi esposa le pregunta que que sucedía qué nunca habíamos tenido qué dar tantos requisitos y ella muy irónicamente le dice que así protegían a los bebes en españa.luego de esto le preguntamos su nombre y nos dijo que no lo iba a dar que fuéramos a reclamar con el número de fila .mi esposa iba a hacerle una foto para identificarla pero no lo hizo porque ella amenazó con llamar a la policía.en fin una amarga experiencia finde nos sentimos muy discriminados.incluso entendemos que puedan pedir todos los documentos que estimen necesario pero pienso que debe existir respeto y algo de empatía hacia los clientes"
IBE_0316,Iberia,Desconocido,Bogota,Madrid,International,febrero de 2025,1,"Compre unos tiquetes por esta aerolinea por medio de su pagina, pues me parecia la forma mas confiable de hacerlo y para mi sorpresa a pesar de comprar el equipaje adicional, no me lo asignaron a mi reserva, y 2 meses y medio despues aun no me dan respuesta de ese dinero, basicamente me lo robaron. nunca habia experimentado un servicio al cliente tan pesimo, jamas volvere a viajar con esta aerolinea. Son unos ladrones"
IBE_0317,Iberia,Desconocido,Madrid,Tokyo,International,enero de 2025,1,"El pasado 9 de febrero volé desde Madrid a Tokio con clase premium. Ya les adelanto que desde mi punto de vista NO vale la pena pagar por esta categoría. La verdad es que Iberia cumple con lo que establece en su web: elección de asientos, asientos más cómodos... pero por la diferencia de precio en clase economy no vale la pena: mismos aseos (sucios), misma comida (regular),. Pero sin duda para mí lo peor fue lo siguiente: al despegar al lado nuestro teníamos unos cuantos asientos libres (supongo que es una ventaja al pagar categoría superior y que no siempre se vende) pero después del despegue los empezaron a llenar con gente sentada en clase economy. Enseguida me di cuenta de que se trataban amigos, familiares, compañeros de trabajo... que deben tener ""free"" para volar. Hasta aquí lo puedo entender, pero a tripulación durante el vuelo les sacó comida diferente, bebidas, snacks, charlas interminables con las azafatas, tripulación, cojines, incluso alguno sentado en el galley de charla y tu al lado que quieres dormir. Lo único que pido es que se respete a los pasajeros que han pagado para una clase superior y al final te sientes incómodo por algunos privilegios a otros pasajeros. Ahora me queda la vuelta en dos semanas y espero que sea diferente, por eso creo que ahora mismo NO pagaría por premium."
IBE_0318,Iberia,Desconocido,Buenos Aires,London,International,enero de 2025,1,"Absoluta desidia y desprecio por el cliente. El vuelo EZE-LHR con escala en Barajas (IB0106 / IB3644) es organizado, vendido y promocionado por la aerolínea. Sin embargo, no se preocupan de que el equipaje llegue a destino junto con los pasajeros. Las valijas son cargadas en el próximo vuelo que se les antoje, obligando al pasajero a llegar a destino sin su equipaje, teniendo que esperar al vuelo en el que se les ocurre subir el equipaje facturado durante horas en el aeropuerto o retirarse y esperar que en algún momento las valijas lleguen al alojamiento. Se pierden horas y días del viaje y generan angustia en los pasajeros por algo que la empresa conoce de antemano y no se preocupa en resolver, tampoco parece importarles resolverlo. No ofrecen ninguna solución más que esperar a cuando ellos dispongan enviarte o entregarte tus pertenencias ¡VUELEN POR CUALQUIER OTRA AEROLÍNEA que respete a sus clientes!"
IBE_0319,Iberia,Desconocido,Paris,Madrid,Europe,febrero de 2025,3,"El vuelo muy bueno, pero tienen años en tardar las maletas que el vuelo. Deberían haberlo soluciono hace tiempo. Ya que esto tiene muchos años pasando."
IBE_0320,Iberia,Desconocido,San Salvador,Madrid,International,febrero de 2025,5,"Turismo, exelente aerolínea y exelente personal aun en los aeropuertos de conexión de Madrid a España exelente personal amabilidad y calidad del servicio lo recomiendo Iberia gracias gracias"
IBE_0321,Iberia,Desconocido,Madrid,Budapest,Europe,febrero de 2025,2,"Retraso 2 horas, nos cambian de avión y lo peor tienen que cambiar la tripulación y nos dejan metidos en un avión en la pista esperando que llegue otra tripulación. Esto debería salir en los medios Todavía esperando…..Increíble!!!!!!!!!!!"
IBE_0322,Iberia,Desconocido,Las Palmas de Gran Canaria,Madrid,Domestic,febrero de 2025,3,"Retraso de 1 hora y 40 minutos, no dieron ninguna explicación alguna. Creo que iberia tendría que cuidar un poco más esos detalles"
IBE_0323,Iberia,Desconocido,Barcelona,Quito,International,enero de 2025,1,"No viajen con Iberia pierden cosas, no toman responsabilidad por perder esas cosas y pierden la custodia de la maleta es terrible"
IBE_0324,Iberia,Desconocido,Buenos Aires,Barcelona,International,marzo de 2024,1,"La peor compañia aerea por lejos. Me cancelaron el vuedo de ida y me lo cambiaron por otra aerea para el día siguiente. El viaje de vuelta desde Barcelona fue de TERROR. Cancelaron el vuelo y salimos desde El Prat al otro día, luego de pasar toda la noche en el aeropuerto. A mitad de vuelo tres baños estan clausurados. Les quise dar una segunda oportunidad para viajar este año y me han hecho un lio con la reserva de madre. Viaja en bote si es necesario, jamás por iberia."
IBE_0325,Iberia,Desconocido,Santiago,Madrid,International,enero de 2025,4,"Viajamos desde Chile a Madrid y luego Madrid Chile. Experiencia bastante buena y agradable. Las azafatas fueron mucho mas agradables en la ida que en la vuelta, pero solo eso. No tubimos problemas con el vuelo, maletas todo bien y sin atrasos. Viajaria nuevamente en Iberia."
IBE_0326,Iberia,Desconocido,Tenerife,London,Europe,febrero de 2025,2,"Me cambiaron a british airways sin mi consentimiento sin derecho asiento en un avion que las instrucciones eran sólo en ingles, con una media de edad de los pasajeros de 80 años. Una cola en el baño todo el vuelo y a mi me sentaron en en el pasillo delante de los baños, a mi hija en otra fila cerca de los baños,oliendo a caca y la cola del baño chocando con nuestro asiento sin poder descansar un momento. El peor viaje que he tenido. Si en iberia hablan en los dos idiomas, habria que exigirle a tu socio comercial lo mismo que en iberia, digo yo, o es qué los españoles no tenemos los mismos derechos que los ingleses?"
IBE_0327,Iberia,Desconocido,Madrid,Tetouan,International,enero de 2025,1,"Reservamos un vuelo con escala, debido a que era el único vuelo disponible para el mismo día. Se trataba de una situación delicada ya que el viaje se debe al fallecimiento de un familiar y la asistencia al funeral. Cancelaron el segundo vuelo de la escala con una media hora de antelación de que saliera, dejándonos tirados. Posponieron el viaje hasta dentro de 3 días, lo cual no nos servía. Tuvimos que viajar en tren para poder llegar el mismo día, pero esto nos dejó sin poder llegar al funeral. A día de hoy llevo desde que cancelaron el viaje intentando poner una reclamación. La atención al cliente es pésima, los empleados maleducados, no te ofrecen ninguna solución, a veces colgando de mala manera. Han intentado culpar a la otra aerolínea a la que pertenecía el avión de la escala, cuando todo ha sido gestionado por Iberia. He estado horas al teléfono y te cuelgan descaradamente e intentan despistarte de cualquier manera para que no hagas seguimiento de la reclamación. Te dejan esperar, y te piden que confirmes información de la reserva para hacerte perder el tiempo, cuando ellos ya disponen de toda información con la referencia de la reserva. Las reclamaciones online no funcionan mucho mejor ya que la plataforma no admite los datos del vuelo como validos. Es muy frustrante y he podido perder horas de mi tiempo en vano, saben que no pueden ayudarte ni lo van a hacer, os aconsejo que os ahorréis ese proceso y vayáis directamente a denunciar. Hemos perdido las maletas y tampoco quieren asistirnos con ello, se suponía que llegarían al destino, pero tampoco solucionan nada. No aconsejo para nada tomar un vuelo con ellos. No tenéis derecho a nada por más que hayáis pagado."
IBE_0328,Iberia,Desconocido,Brussels,Madrid,Europe,febrero de 2025,1,Una aerolínea ignorante con asientos incómodos el trato regular y algunos asientos sin ventana con muy poco espacio para las piernas
IBE_0329,Iberia,Desconocido,Madrid,Venice,Europe,enero de 2025,1,Nos equivocamos al poner el apellido de nuestros hijos y nos hicieron comprar otro billete si queriamos viajar. El vuelo de vuelta lo teníamos con air europa y cambiaron los apellidos sin problema al instante. Nos sentimos estafados. Para colmo en la puerta de embarque ni miraron los DNI.
IBE_0330,Iberia,Desconocido,Madrid,Palma de Mallorca,Domestic,enero de 2025,1,Viajo mucho y me interesa acumular puntos pero el programa de fidelidad siempre da problemas. Nunca reconoce la contraseña y es imposible cambiarla. Por teléfono también es imposible hablar con nadie que te ayude
IBE_0331,Iberia,Desconocido,Bogota,Madrid,International,enero de 2025,1,"Viajar con Iberia es una porquería, te cambian de vuelo a su antojo y no se hacen responsables de las demoras causadas, no se lo recomiendo a nadie es lo PEOR en viajes internacionales"
IBE_0332,Iberia,Desconocido,Guayaquil,Barcelona,International,enero de 2025,1,No se lo recomiendo ni a mi peor enemigo los vuelos retrasado las maletas perdidas en otros vuelos vas a reclamar te dicen q esperes las horas q debes esperar o q reclames a Iberia llamas al número que te dan no te contesta una vergüenza de aerolinea
IBE_0333,Iberia,Desconocido,New York City,Madrid,International,enero de 2025,1,Me han roto la maleta y no me la quieren pagar. Me andan dando excusas de qué si me rompió en el viaje de ida o en el de vuelta… me andan diciendo que me mandarán un email y no me lo mandan….
IBE_0334,Iberia,Desconocido,Marseille,Cali,International,enero de 2025,1,"Iberia una compañía poco humana que no da bono los pasajeros cuando tienen accidentes antes de viajar imposibilitando el viaje. Debía viajar en enero 2025 pero en diciembre 2024 tuve un accidente que ocasionó una fisura del menisco con su consecuente operación que fue realizada el 17/01/2025. Hice la petición número 20241227-55528749, y me denegaron el bono para poder viajar después. Iberia una compañía mentirosa que en principio dijo por teléfono que por enfermedad podrían darme un bono y se quedaron con más de 1000€. Ladrones !"
IBE_0335,Iberia,Desconocido,Buenos Aires,Madrid,International,enero de 2025,3,"Estuvo todo muy bien, a excepción de los asientos, los más pequeños que he visto. Tenemos una estatura mediana y peso normal, pobre el que se salga en peso o en altura, imposible."
IBE_0336,Iberia,Desconocido,Madrid,Las Palmas de Gran Canaria,Domestic,enero de 2025,2,"Aerolínea, cara impuntual y poco eficaz . La peor aplicación que he visto en compañías aéreas. Tenía derecho a elegir asiento al hacer el check in, en lugar de elegir la aplicación (que a cada rato deja de funcionar) me dió un asiento que yo no quería y luego para cambiarlo me ofrecen uno de pago. Lo peor y encima cara."
IBE_0337,Iberia,Desconocido,Rome,Havana,International,enero de 2025,1,"¡Terrible experiencia con IBERIA que aún no termina! Trataré de simplificar las cosas: - Demora terrible en conexión en Madrid y llegada a la Habana - Trato pésimo y atenciones peores por parte de los funcionarios de IBERIA en la Habana - Sistema, sitio Web y funcionarios que se dedican a la información sobre el vuelo y equipaje que dan información falsa, contradictoria y llena de ambigüedad - Equipajes perdidos/demorados que aún no logro recibir - Discriminación por la nacionalidad de las personas!!!: a los “turistas” les entregan el equipaje perdido mientras que a los cubanos no!!! INCREIBLE! - Mas de 8 reportes o reclamaciones que no vienen atendidas - 12 llamadas telefónicas al callcenter cada una con respuestas diferentes Lo peor de todo es que pasan los días y el equipaje sigue sin ser entregado en los términos asegurados… La peor experiencia con una aerolínea... Y AUN NO SE RESUELVE!"
IBE_0338,Iberia,Desconocido,Barcelona,Miami,International,enero de 2025,1,"Saqué pasaje en American Airlines a través de Iberia,te dicen que más adelante puedes gestionar todas las opciones de tu pasaje,pero luego que pagas te enteras que no puedes cambiar nada,ni agregar maletas,ni nada online.No le ROBEN así a quienes depositan confianza en ustedes, LADRONES"
IBE_0339,Iberia,Desconocido,Mexico City,Madrid,International,noviembre de 2024,1,"📢 @Iberia ¡Exigimos respuesta! El retraso de 14 horas del vuelo IB0304 (31/10/2024) no solo arruinó nuestra conexión, sino que afectó gravemente la salud de mi madre y nos generó costos extraordinarios: Hotel de última hora en Madrid. Desayuno adicional. Pérdida de trenes, un tour contratado y una noche de hotel en destino. Gastos en llamadas internacionales al médico y traslados en taxi. Hemos cumplido todos los procedimientos, enviado la documentación y esperado más de tres meses sin solución. Según el Reglamento CE 261/2004, tenemos derecho a 600 euros de compensación por pasajero. No es aceptable la falta de respuesta y respeto hacia sus clientes. Espero su contacto inmediato para resolver este caso. #Iberia #Retrasos #Compensación #DerechosDePasajeros"
IBE_0340,Iberia,Desconocido,Valencia,Las Palmas de Gran Canaria,Domestic,diciembre de 2024,2,"No tengo queja acerca del vuelo de iberia pero sí de la atención al cliente cuando quieres resolver algún problema/duda. Por teléfono te indican que rellenes un formulario de contacto y no responden, es necesario escribirles varias veces o volver a llama para que anoten la incidencia, pero NUNCA resuelven nada por teléfono, lo que hace que el procedimiento sea muy lento y no se suela resolver por cansancio"
IBE_0341,Iberia,Desconocido,Tenerife,Alicante,Domestic,diciembre de 2024,5,Si no me equivoco me subí alrededor de 8 veces a un avión de Iberia estos ultimos 7 meses y todas esas veces fue una experiencia increíble. Viaje por primera vez el 19 de Julio de 2024 y aunque hubiese un fallo con el sistema o algo así y mi siguiente vuelo a Alicante con el CRJ1000 se haya retrasado alrededor de 3 horas no me importó en absoluto. Son cosas que pasan y para la experiencia que tuve mereció totalmente la pena todo. Volví a viajar como en verano de Tenerife Sur - Madrid - Alicante el 14 de diciembre y todo también fue en orden. El único fallo que hubo fue que mi maleta no se llevó a Alicante en ese vuelo y tuve que esperar 1 día para recibirla pero aún así la atencion al cliente que tuve fue muy muy buena y mi maleta llegó sin problema. Son cosas que pasan y no hará que tenga algún tipo de queja negativa hacia ellos. Gracias por todas las experiencias bonitas y ojalá poder pertenecer algún día a la compañía.
IBE_0342,Iberia,Desconocido,London,Santiago de Compostela,Europe,diciembre de 2024,1,"Tuve que cambiar la fecha de mi vuelo de regreso debido al fallecimiento de mi madre, una situación difícil y delicada. Al contactar por chat para explicar lo sucedido, rechazaron mi solicitud porque la documentación no estaba en formato PDF. Después de esto, tuve que llamar diariamente durante más de una semana para obtener una respuesta, lo que añadió estrés y frustración a un momento tan doloroso. Finalmente, me aprobaron el cambio indicando que NO habría penalización, pero luego tardaron más de dos días en actualizar la información en el sistema. Cuando por fin pude gestionar el cambio telefónicamente, me cobraron $150.000 CLP, a pesar de lo prometido. Esto es inaceptable y demuestra una total falta de empatía hacia un cliente que ya estaba enfrentando una situación complicada. Además, en este caso específico, pagué más de $1.200.000 CLP por este vuelo (Londres, Santiago de Chile), lo que hace este trato aún más indignante. Esta no es la primera vez que tengo problemas con Iberia. A lo largo de mis viajes, he enfrentado retrasos de vuelos, pérdidas de conexiones, equipaje extraviado, maleta de cabina completamente destruida, maletas sin conexión done hay que ir rescatarlas en la conexión (salir y volver a entrar en ese aeropuerto). Todo esto, acompañado de un servicio al cliente pésimo, especialmente en Madrid, donde el trato del personal es verdaderamente lamentable. NO VUELEN CON IBERIA"
IBE_0343,Iberia,Desconocido,Tenerife,Santander,Domestic,enero de 2025,1,"Compré un vuelo a Santander para volar al día siguiente y me equivoqué en la elección de las horas. Llame enseguida a atención al cliente y lo único que me dieron fue un “ reembolso de cortesía “,ya que me penalizaron con 35 euros ( de 40 que me había costado )… No estoy hablando de que hayan pasado días o meses entre la compra y la llamada , es que sólo habían pasado 10 minutos. Finalmente quise comprar el vuelo correcto usando un vale vigente que ellos me habían dado ( para amortizar un poco la pérdida anterior ) y no pude porque me lo tenían que verificar y podía tardar 24 horas. Total … la frase errar es de humano y tener un poquito de condescendencia con los clientes no va con ellos ! Nefasta la gestión."
IBE_0344,Iberia,Desconocido,Madrid,Tokyo,International,enero de 2025,1,"Reseña del vuelo IB281 Madrid-Tokio (Premium Economy) Volé con Iberia el pasado 2 de enero en el vuelo IB281 desde Madrid hacia Tokio, en la clase Premium Economy, y mi experiencia fue decepcionante en todos los sentidos. En primer lugar, el personal de cabina fue altivo y arrogante, mostrando una actitud distante y poco servicial durante todo el vuelo. Cualquier solicitud o comentario era recibido con indiferencia o incluso desdén, algo que no esperaba en una clase que supuestamente debería ofrecer un nivel de atención superior. La limpieza del avión dejaba mucho que desear. Los servicios estaban en un estado lamentable desde el inicio del vuelo, lo que evidencia una falta de mantenimiento adecuado. Por las condiciones que observé, es evidente que no se han limpiado a fondo en meses, si no años. Entendería que al final de un vuelo largo se acumulara suciedad, pero estas fotografías fueron tomadas justo al embarcar. La comida fue, sin duda, el peor aspecto del vuelo. Por mi trabajo viajo con frecuencia y he probado menús de diversas aerolíneas, pero la calidad de la comida en este vuelo fue con diferencia la más baja que haya experimentado. Al expresar mi disconformidad con la tripulación, simplemente me ignoraron. Además, el proceso de reserva de asiento fue extremadamente frustrante. Realicé la selección de mi asiento durante el check-in online, pero al llegar al avión, descubrí que mi asiento estaba ocupado. Al revisar mi tarjeta de embarque, me di cuenta de que mi selección había sido ignorada. Al consultar con la tripulación, me explicaron que si alguien paga por un asiento previamente reservado, mi selección es automáticamente anulada. Para empeorar las cosas, me exigieron justificar un supuesto pago que nunca me ofrecieron realizar al momento de la selección. En general, la experiencia me hizo sentir como si volara en una aerolínea de bajo costo, aunque estaba pagando por una clase superior. Si este es el estándar en Premium Economy, no quiero ni imaginar el servicio que se ofrece en clase turista. En resumen, Iberia parece haber perdido por completo los estándares de calidad y servicio que alguna vez la caracterizaron. No recomendaría esta aerolínea para vuelos largos, especialmente si uno espera comodidad y buen trato en clases superiores."
IBE_0345,Iberia,Desconocido,Mexico City,Madrid,International,enero de 2025,1,"Perdieron mi maleta. Es la segunda vez que me pasa con esta aerolínea. Tardaron horas en entregarme mi maleta, con lo cual perdí mi tren y tuve que comprar otro al doble de precio, por poco pude haber tenido que pernoctar en Madrid. Y por supuesto, no hay indemnización."
IBE_0346,Iberia,Desconocido,Madrid,San Jose,International,enero de 2025,1,"Pésima gestión de una cancelación. Llamé el dia 2 de enero para ver la opción de cancelar un vuelo de Madrid-Costa Rica y ver que me podían devolver. La mujer que me atendió me dijo que me devolverían las tasas del vuelo, que eran 368€, que podía no ser el 100%, pero que no iba a estar muy lejos de esa cifra… Entonces me pareció bien y cancelé el vuelo. Tras varios dias no obtengo ningún email, vuelvo a llamar y lo coge la misma mujer, escudandose en que tienen mucho volumen de reclamaciones, me vuelve a confirmar lo mismo de los 368€. Al cabo de los dias sigo sin recibir emails y vuelvo a llamar, me lo coge otra persona y me dice que el reembolso son 76€ (habiendome dicho que podian ser 368€). Abro una reclamación y tras escuchar las llamadas telefónicas que tuve con ellos, se escudan en que dijeron que podía no ser el 100% de los 368€. La resolución del caso me la dieron ayer, a dos dias del vuelo, habiendo llamado el dia 2 para cancelar. Terminan cerrando el caso sin mas, y no tengo derecho a decir ni reclamar nada de nuevo. Me han engañado completamente, me han devuelto un 20% de la cantidad que me dieron a entender que me iban a devolver. La decisión final de cancelación del vuelo la base en esto y me siento estafado y un estres de caballo sin saber que pasaba con el vuelo y que me iban a devolver hasta dos dias antes del vuelo. Nunca mas!"
IBE_0347,Iberia,Desconocido,Miami,Alicante,International,junio de 2024,1,"Contacté con Iberia el pasado 10 de enero, 2025 para un viaje de Miami a Alicante, con escala en Madrid. Me proporcionaron una tarifa que parecía bastante conveniente, al intentar reservar me dijeron que el sistema “estaba haciendo una actualización” y que por eso no podían hacer la compra pero me dieron un número de caso para q volviera a llamar cuando “el sistema se restableciera”. Llamé en el tiempo que me indicaron y di el número de caso y ahí comenzó la odisea. Me dijeron que esa tarifa incluía un tramo el tren. El cual NO había solicitado, de hecho me sorprendió que esta aereolinea tuviera servicio de tren pues a mi entender era solo aéreo. Me dijeron que no era posible honrar la tarifa que me habían dado porque solo incluía el tren y yo reclamaba que no quería un tramo en tren, que no lo había solicitado así y q si me lo proporcionaron había sido error del agente. Finalmente ni el nuevo agente ni la supuesta supervisora que me atendieron, dieron respuesta ni positiva, ni agradable, ni información concreta. El servicio al cliente es pésimo. La información nula y la reputación que creía tenía esta aereolinea queda destruido. No recomiendo el servicio , no son de fiar."
IBE_0348,Iberia,Desconocido,Madrid,Miami,International,enero de 2025,1,"Segunda vez en menos de 1 mes que reservo y pago pasaje en Premiun Economy a Miami, y cuando facturo me informan de que han cambiado tipo de avión y no hay premium. Me cambian a turista, en asiento central y le Dan un QR para reclamar devolución de dinero . Ya lo hice en vuelo anterior y no devuelven nada y nadie te contacta. Iberia es un timo"
IBE_0349,Iberia,Desconocido,Madrid,Doha,International,enero de 2025,2,Volé con Iberia el día 10 de Madrid a Doha. El azafato a bordo no tiene nada de empatía con los pasajeros y es bastante por no decir muy antipático. A otro pasajero le intentaron cobrar una botella de agua con gas 25 céntimos. Creo que no volveré a volar con ellos.
IBE_0350,Iberia,Desconocido,Bogota,Madrid,International,enero de 2025,1,"Son supremamente racistas y odian a los animales. Al ver al perro en su guacal y que sacó la cabeza me obligo a meterlo dentro del guacal cuando no podía respirar bien, el perro tuvo que ir debajo de la silla. Casi muere"
IBE_0351,Iberia,Desconocido,Lima,Madrid,International,diciembre de 2024,1,"La peor aerolinea con la que he viajado. Perdí mi vuelo por enfermedad y fueron cero flexibles, ni que decir de los agentes que me atendieron, todos dando diferente información y ninguno me brindo solución. Ya puse mi denuncia."
IBE_0352,Iberia,Desconocido,London,Madrid,Europe,enero de 2025,5,"Fue un vuelo difícil con turbulencia, pero el piloto realmente un 7 manejo perfecto el avión además de recibirnos con un cálido saludo y en medio de la turbulencia calmarnos explicando el viaje"
IBE_0353,Iberia,Desconocido,Valencia,Palma de Mallorca,Domestic,octubre de 2024,1,"Pésima compañía aérea cuando algo va mal, no pude acceder al aeropuerto de valencia el día 30/10/24 por la catástrofe meteorológica, contacté con ellos y nadie me dió una solución. Lamentable atención al cliente, no te ayudan en nada ni te dan alternativas en el momento. Tuve que desplazarme al aeropuerto de Alicante y comprar otro vuelo sin que me pagarán el nuevo vuelo y habíamos acordado de que me lo pagarían. NO VOLARE JAMÁS CON IBERIA!!!!!"
IBE_0354,Iberia,Desconocido,Madrid,Oviedo,Domestic,enero de 2025,1,"Un desastre completo. ""Perdieron"" el.equipaje de medio pasaje, cuando le.preguntanos a un trabajador del aeropuerto nos dijo literalmente que no nos preocuparamos, que ""es normal, mira la cola que hay en reclamaciones"". La atencion de la chica de Iberia, ni fu ni fa, rellenerar un formulario y poco mas. Llevamos 3 días sin maletas, de los cuales 2 llevan ""en reparto"". Hablé varias veces con Iberia, y siempre lo mismo, si no llegan hoy, llegan mañana. Eso si, Iberia me dijo que no hay problema, pq ellos reparten las maletas incluidos los domingos y festivos. Tengo serias dudas al respecto. Se supone que deberian llamar para ver si hay alguien en casa para entregarlas, aun sigo esperando esa llamada. Lo mejor de todo, que gracias a éstos incompetentes e inoperantes, tienes que estar de arresto domiciliario hasta que les salga de las gónafas entregarte tus maletas. Total, como no tengo vida y puedo estar esperando mirando por la ventana a que venga esta gente ..."
IBE_0355,Iberia,Desconocido,Santo Domingo,Zurich,International,enero de 2025,1,"He salido de santo Domingo el sábado a las 11:35 cuando se supone que el vuelo salía a las 5:25, al llegar a Madrid no habían vuelos para ese día nos dejaron en un hotel hasta el día siguiente, el vuelo que nos dieron no era directo a Zürich que es nuestro destino final sino que tenía escala en milano nos pusieron muchísimos inconvenientes para cojer el vuelo que hiba a Zürich al final lo perdimos y nos dejaron tirados en milano con tres niños y las maletas se fueron en el vuelo."
IBE_0356,Iberia,Desconocido,Zurich,Madrid,Europe,octubre de 2024,5,"Felicidades al dpto. de atención al cliente/ back office de Iberia, por haber gestionado con rapidez y eficacia mi escrito del mes pasado. Heike."
IBE_0357,Iberia,Desconocido,Madrid,Vienna,Europe,noviembre de 2024,5,Todo perfecto. Salida y llegada puntuales. Ningún percance. Es una compañía con buena relación calidad-precio. Recomendable.
IBE_0358,Iberia,Desconocido,Madrid,Buenos Aires,International,diciembre de 2024,1,"La experiencia con Iberia fue muy buena durante el vuelo pero al llegar a destino el 28/12/24 nos dijeron que nuestras 6 maletas se habían perdido, nuestro viaje se truncó, hoy día 3/1/25 seguimos esperando qué nos informen donde está todo nuestro equipaje. Son una empresa muy poco formal, mienten y engañan a sus clientes ante una situación de problema o incidencias."
IBE_0359,Iberia,Desconocido,Madrid,Chicago,International,diciembre de 2024,1,La experiencia fue horrible pague un servicio de acompañante de menores y siempre dejaron sólo al menor durante el vuelo y en la llegada el ñiño estuvo perdido por 2 horas y ningún trabajador de iberia daba respuesta hasta llegaron a decir que el niño no estuvo en el vuelo no le recomiendo el servicio a ninguna persona si mi hijo se fuera perdido nadie me daba respuesta mi hijo perdió su maleta y tampoco me dieron respuedta el servicio de atención al cliente no te resuelve ninguna duda es una de las peores experiencia que se puede vivir
IBE_0360,Iberia,Desconocido,Dallas,Madrid,International,diciembre de 2024,1,Iberia perdió los equipajes de varios pasajeros del vuelo desde Dallas del día 23 de diciembre y hoy a día 27 no nos proporciona tan siquiera la ubicación de nuestro equipaje. El servicio de atención telefónica solo te proporciona la misma información que puedes obtener en la web. Pésimo servicio.
IBE_0361,Iberia,Desconocido,Madrid,Guayaquil,International,diciembre de 2024,1,"Ojo. No me ha dejado comprar la maleta online, he llamado al servicio al cliente y nadie resuelve nada!! Total, he tenido que comprarla en mostrador con sobreprecio!! Una estafa total.. Ojo con comprar mal una maleta porque no te devuelven el dinero.."
IBE_0362,Iberia,Desconocido,Madrid,Tokyo,International,diciembre de 2024,2,Hubo una confusión con mi maleta y he estado intentando contactar con alguien para solucionar el problema y el número que tienen habilitado aquí no contesta nadie y su IA de WhatsApp es lo peor que te puede tocar
IBE_0363,Iberia,Desconocido,Paris,Santiago,International,diciembre de 2024,1,"Saludos cordiales , me dirijo a ustedes con el objetivo de hacerles saber las molestias que me ocasionó la demora de mi equipaje en mi vuelo Paris - Santiago, en el aeropuerto solo me dieron 2 opciones para recuperar mi equipaje: enviarlo a una dirección particular de la región metropolitana, siendo que no vivo allá, la otra era enviarlo al aeropuerto de La Serena porque soy de la IV Región, pero vivo en una comuna a 3 horas de ese aeropuerto no disponiendo del tiempo para recuperar un equipaje que yo entregue en manos de su empresa, tuve que dar dirección de un familiar en Santiago y cubrir gastos de envío particular posteriormente para poder tener mi equipaje. Me preocupa que ni siquiera se comunicaron conmigo para pedir disculpas, primera vez que vuelo con su empresa y no me quedaron ganas luego de escuchar testimonios parecidos de personas conocidas, y que tampoco se hicieron responsable. Esperaría al menos una compensación por los daños o gastos extra que tuve que hacer para que la maleta llegara a mi casa, siendo que mi pasaje incluía ese equipaje y no llego conmigo a mi destino. Aunque puede pasar en cualquier empresa un error de este tipo, la diferencia es como la suya no se hizo responsable."
IBE_0364,Iberia,Desconocido,Buenos Aires,Prague,International,octubre de 2024,4,"Viajé por economy Premium, y vale definitivamente la pena la diferencia de precio para viajar mejor. Para comenzar, además de que las butacas son un poco más anchas, lo más importante es la distancia entre los asientos, que te permite estirar las piernas, cosa que para gente alta como yo que mido 1,95 mts es fundamental porque en los asientos de economy no entro. Recomiendo comprar con tiempo y poder elegir los asientos de la fila 11L y 11J que están frente a la salida de emergencia y tenés todo el espacio disponible para descansar mejor. Como algo extra, puedo mencionar que haces el check-in en mostrador preferencial, ingresas al avión con el grupo 2, tenés dos valijas de kg23 para despachar y el servicio a bordo es un poco más completo. Muy buenos los nuevos aviones Airbus A350 900. El viaje con escala en el Barajas de Madrid se hizo un poco largo, porque tuvimos que esperar 5 horas para embarcar rumbo a Praga, pero no había otro vuelo antes. Me parace una buena relación precio=calidad=tiempo de viaje. Para destacar la amabilidad y calidez de todas las azafatas."
IBE_0365,Iberia,Desconocido,Madrid,Caracas,International,diciembre de 2024,2,"Pagas Iberia, y te cambian a un avion de una empresa charter de calidad inferior. Te lo comunican 2 dias antes, eso si, te dicen que te dan un bono, a descontar de tu próximo viaje con ellos. Y la vuelta pinta lo mismo. Te compras un BMW, pagas, te dan un Dacia, y te dan un descuento si vuelves a comprar BMW. De locos. Han copiado de la basura que es su hermano pequeño Vueling. Eso si, la empresa IAG sube en bolsa. Sera por ladrones, no por Buenos. La próxima en TAP!!!"
IBE_0366,Iberia,Desconocido,Madrid,Cancun,International,diciembre de 2024,1,"Que pagues 3000 € por un billete Business y no te dejen elegir asiento gratuito es demencial, patético, pésimo, deplorable,... desde 45 a 70 € pro trayecto para elegir tu asiento despues de pagar mas de 3000 €. Dedicaros a otra cosa Iberia."
IBE_0367,Iberia,Desconocido,Madrid,Sao Paulo,International,octubre de 2024,1,"Este mes de octubre viajamos a Brasil, un viaje de 10 horas y media en unos asientos al fondo del avión que estaban pegados a la pared y “no se podían reclinar, como el vuelo iba hasta la bandera no hubo manera de cambiarnos de asiento. Pongo una reclamación, me contestan que me van a compensar con 2500 avios, los cuales a día de hoy y después de un montón de llamadas no aparecen en mi cuenta. Para el viaje de vuelta, asegurarme que no me pasaba lo mismo reservé asientos, y en la pagina ponía: reserva asiento por 17€, y sorpresa, no había ni un solo asiento por ese precio, si por lo menos pusieran a partir de…. El caso que me gaste el doble de lo que ponía en la pagina en reservar los asientos, no me suman los avios de la reclamación y tampoco me suman los avios de la reserva de dicho vuelo. ¿La respuesta de atención al cliente? Que ponga una reclamación sobre la reclamación……así funcionan la empresas grandes que se lo pasan todo por el forro…."
IBE_0368,Iberia,Desconocido,Boston,Madrid,International,diciembre de 2024,1,"Pésima compañia. No se puede confiar en ella. El personal de tierra en Boston es lo peor. Son incompetentes, irrespetuosos y carecen de la más minima empatía por los viajeros. Dejan a mi hijo en tierra el 23 de diciembre alegando que sólo podía pasar con equipaje de mano cuando había contratado billete con derecho a maleta en bodega + equipaje de mano. Además, mienten de forma descarada. Habían sobrevendido el vuelo y sólo buscaban excusas. Mejor contrste con otras compañías...."
IBE_0369,Iberia,Desconocido,Quito,Madrid,International,diciembre de 2024,1,"m NUNCA viajes con Iberia, no hace NADA por todo lo que me hicieron perder por el retraso de mas de un dia de vuelo 😡😡😡 pésimo servicio, perdi mi tren, perdi un dia de vacaciones y me tocó comprar otro boleto de tren al DOBLE del precio por comprar un dia antes…nunca más volvería a volar con esta aerolínea …"
IBE_0370,Iberia,Desconocido,Madrid,Buenos Aires,International,septiembre de 2024,1,Me cancelaron el vuelo desde madrid a Buenos Aires el 27 de septiembre reclame el pago de 600 euros todavia estoy esperando que me paguen me toman por estúpido me dicen que que ya me trasfirieron el dinero te mienten descaradamente no tienen vergüenza son estafadores no cumplen con las reglas que regulan este tipo de problema los odio para todo te dicen que no te pagan porque tubieron una incidencia chantas hipocritas inservibles
IBE_0371,Iberia,Desconocido,Madrid,San Juan,International,diciembre de 2024,1,"Me ahorro las anécdotas. Mi advertencia para todos es: OJO, confirmar un asiento con Iberia no garantiza de ninguna manera que a la hora de volar tengas ese asiento. Por lo visto, la aerolínea cancela o modifica tu elección en cualquier momento y sin ninguna advertencia. Y no intentes HABLAR con una persona en el servicio de atención. Todos esos números que ves sirven de poco. El servicio es automatizado y como mucho solo conseguirás comunicarte por escrito con alguien que te expresará su pesar por las molestias causadas y nada más. Es difícil que una estafa de tales proporciones no tenga ninguna penalización, pero así es. Como pasajeros estamos completamente indefensos."
IBE_0372,Iberia,Desconocido,Madrid,Vienna,Europe,diciembre de 2024,5,"Un vuelo excelente, el sobrecargo Ramón y las azafatas muy atentos con todos los pasajeros, intentando que todos fuéramos lo más cómodos posible. Así se fidelizan clientes! Muchas gracias."
IBE_0373,Iberia,Desconocido,Las Palmas de Gran Canaria,Madrid,Domestic,diciembre de 2024,1,"No sólo que su web no funciona y no te devuelven el dinero a tiempo por cambiar a los clientes la fecha de búsqueda sin su consentimiento, sino que el vuelo se retrasó 2 horas, como todos los vuelos de Iberia de ese día y por notificación avisaron re tarde. Hubiera ido al aeropuerto mas tarde y fue tiempo perdido. Los asientos no se reclinan, por lo que resulta incomodísimo viajar así por dos horas y media y no dan ningún tipo de servicio abordo. Tienen un sistema que no te dice si tenes comprada una maleta ni de cuánto peso para el check in, pero te ofrecen maletas para seguir facturando, todo eso innecesario porque pagas una maleta en bodega para que después te digan que era gratis si la facturabas al momento del check in en persona en el aeropuerto. Para volver de madrid pasó lo mismo. Todo un desastre. Aguante Binter"
IBE_0374,Iberia,Desconocido,Madrid,San Juan,International,diciembre de 2024,1,"Habíamos comprado tarifas de turista con asientos seleccionados pagos, luego hicimos un “upgrade” a business para este vuelo. Cuando llegamos hacer “check in” nos notificaron que no podían darnos esos asientos y nos asignaron los asientos. Primero nos dijeron que era porque habían cambiado de tipo de aeronave, luego una supervisora nos dice que por “decision administrativas” no se nos podía dar esos asientos en business que iban vacíos. Pedimos entonces que nos dejaran en nuestro asientos pagos en la cabina turista. Nos dieron asientos según pagados nuevamente en nuestro ticket de abordaje. Cuando llegamos al avión que vamos a nuestros asientos en cabina turista asignados que ya habíamos pagado, ya estaban ocupados por otros pasajeros. Entonces nos hicieron esperar a lo que nos hacían algún espacio y en las espera vemos los asientos de class business que siguen vacíos y el encargado de la tripulación no dice que no nos lo puede ofrecer y nos sientan en filas del medio del avión, en asientos contrario a lo que habíamos pagado, que había sido para ventana y pasillo. Una experiencia de baja calidad y un pobre servicio. Cabe señalar que el personal de la facturación/check in, no fue amable y hasta amenazaron con dejar de atendernos si no aceptábamos sentarnos en los asientos que ellos nos asignaron sin consultarnos mientras exigíamos nuestros asientos originales de vuelta. También nos hicieron referencia a que Iberia siempre “haciendo mal las cosas” por vender asientos en business que no debieron haberse vendido. También nos hacían referencia a que eso nos “pasaba” por hacer upgrade y si queríamos business teníamos que comprarlos desde el inicio, como los otros pasajeros. Bien desagradable como se expresaba con nosotros y con personas por teléfono a las que también atendía. En este viaje por nada de lo que pagamos ni las comodidades que aspiramos las tuvimos. Y claro ofrecerán un reembolso que en nada compensará el haber viajado tan incómodo 8 horas. Nosotros hasta hoy fuimos fiel a Iberia, todos nuestros viajes a Europa habían sido por su aereolinea solamente. Nadie puedo solucionar nada y peor aún los asientos en business fueron vacíos. Además que nos mintieron diciendo primero que era cambio de avión, luego que era cambios “administrativos”, luego nuestros asientos no aparecían disponibles en fin una experiencia horrible y de la más baja calidad. Sin soluciones inmediatas justas y nada razonable. Nadie sabía decir el porqué estaban vacíos esos asientos en business. Somos un médico y un abogado que ambos trabajamos al día subsiguiente de este viaje y por eso queríamos estas comodidades para llegas descansados al trabajo. Pero Iberia y su personal nos falló. Agradeceremos tomen cartas en este asunto y que otros pasajeros no pasen esta experiencia."
IBE_0375,Iberia,Desconocido,Santo Domingo,Madrid,International,diciembre de 2024,1,"Una experiencia horrible, pagué más de 1200 euros por el billete, en vez de un avión de Iberia vino uno de Wamos, llegamos una hora tarde a nuestro destino, en más de 8 horas de viaje vinimos sin tele, sin auriculares, los asientos incomodísimos, los baños sucios, la comida asquerosa, lentos, no tenían ni carros para repartir ni recoger la comida, nadie nos dió instrucciones ni de como ponerse el cinturón, al piloto ni lo escuchamos hablar y para rematar el personal de vuelo estúpidos y no hacían caso a las personas. Vuelo cuatro veces al año y jamás me ha pasado ésto, si pagamos tanto es para recibir calidad, no para que nos desprecien así. Se ríen de la gente"
IBE_0376,Iberia,Desconocido,Madrid,Malaga,Domestic,octubre de 2024,1,"Llevo viajando con Iberia a nivel nacional e internacional durante varios años. A día de hoy, evitaré volver a viajar con ellos a todo costo. El día 27 de octubre en la ventanilla 907 en el aeropuerto de Madrid (esa ventanilla es para vuelos que van a salir dentro de poco), el empleado me denegó mi billete porque le dió la gana. Viajaba con mi marido y nuestro bebé de 6 meses que iba en mis brazos. Necesitábamos las tarjetas de embarque. El empleado dijo que mi marido tenía billete, nuestro hijo también, pero que yo no tenía billete y que no iba a volar. Que me fuera a la ventanilla de billetes y lo arreglara allí. A parte de haber pagado extra por asientos más cercanos a la salida del avión, mi hijo también estaba vinculado a mi billete porque un bebé de 6 meses no puede viajar solo y mi marido tenía billete a parte porque se volvía en otras fechas. Impotente y sin saber que hacer, me puse a llorar amargamente en la ventanilla a las 6:30 de la mañana, después de un vuelo internacional de 9 horas, ese fue mi regalo al llegar a mi país. El empleado después de verme llorar como una magdalena me dijo que estaba de suerte y que iba a volar. El abuso psicológico y emocional que recibí ese día en la ventanilla 907 se me quedó grabado. La incompetencia de los empleados del “call center” cuando llamas es increíble. Nunca van a resolver tu problema, y te van a dar la misma respuesta: que te entienden, que lo sienten, y que seas paciente. Que en una semana van a resolver tu reclamación. Si podéis volar con otra empresa, hacedlo. La experiencia que tuve también cuando volé embarazada no fue buena tampoco. EMPLEADOS DE IBERIA = ABUSADORES EMOCIONALES (especialmente si eres mujer)"
IBE_0377,Iberia,Desconocido,Lima,Madrid,International,noviembre de 2024,2,"Mala atención, abuso de autoridad, avión con fallas, estuvimos sin TV las 11 horas del vuelo. Cobraron como maleta un carry, que tenía un par de centímetros más de alto pero menos de ancho y largo y con el peso debido. $ 199.00 Y vaya que habían mochilas en cabina más largas. Y las empleadas se cubren entre ellas a pesar de ver la injusticia. Muy mala experiencia."
IBE_0378,Iberia,Desconocido,Madrid,Funchal,Europe,enero de 2024,1,"Elegí volar con Iberia, aun siendo 4 veces más caro, pensando que me evitaba los problemas de las compañías Low cost. Pero me equivoqué de lado a lado. Me anularon el vuelo por circunstancias meteorológicas y me ofrecieron otro vuelo 2 días después. Me dieron un papel en el que me indicaban que tenía derecho a que me abonaran el alojamiento y el transporte al aeropuerto hasta que saliera el vuelo. Y me indicaban la web donde luego reclamar el gasto. No pedí ninguna indemnización, simplemente los gastos mínimos de alojamiento y transporte a los que tenía derecho por ley, para esta situación concreta. Lo hice todo, tal cual me indicaron, pero a la hora de la verdad me dijeron que no me pagaban los gastos. Se lo pedí 2 veces y me lo denegaron. Mis amigos que hicieron el viaje con Ryanair volaron 4 horas más tarde, cuando la meteo lo permitió y no tuvieron que realizar ningún gasto adicional. Así que, Iberia es un fraude a todas luces, no solo incumplen con la legislación, sino que te indican cuales son tus derechos, te dan instrucciones concretas de cómo tienes que actuar, para luego ignorarte. Esa forma de actuar denota una clara intención de dolo contra el pasajero, que inocentemente confía en la compañía."
IBE_0379,Iberia,Desconocido,Madrid,Tokyo,International,diciembre de 2024,1,"La decadencia del servicio en Iberia. Viajamos la familia con niños pequeños, y las azafatas/azafatos ni se dignaron a ayudarnos con el equipaje/carrito, viendo como íbamos cargados y con un bebé en brazos y 2 niños. Llamamos porque la pantalla se quedó bloqueada en 3 ocasiones y no te atienden. Están detrás de cháchara quejándose de su trabajo en lugar de estar haciendo su trabajo. Se limitan a hacer lo mínimo, hacer de camareros: poner y quitar la comida y nada más. No están para nada más. Contestan de mala manera, muy malas maneras y mala educación. La verdad es que es una pena como ha decaído el servicio en Iberia. Desde luego que no lo recomiendo en absoluto y el día que no tengan el monopolio de los vuelos a Japón viajaremos en otra aerolínea sin duda."
IBE_0380,Iberia,Desconocido,Santander,Tenerife,Domestic,diciembre de 2024,1,"ESTOS INUTILES NO SIRVEN PARA NADA, HICE DOS RESERVAS EN EL MISMO VUELO, UNA SE PAGÓ SIN NOVEDAD Y LA OTRA, SIMPLEMENTE, NO ME DIERON OPCIÓN A PAGARLA. ME ESCRIBÍ Y HABLÉ CON EL SERVICIO DE ABURRIMIENTO AL CLIENTE UNAS 20 VECES, Y NO HUBO MANERA DE QUE NADIE SOLUCIONASE NADA DE LA RESERVA. COMO HICE DICHAS RESERVAS ADELANTANDO 5 EUROS DE CADA UNA, PASADO EL PERIODO DE TIEMPO, TIENEN LA DESFACHATEZ DE COBRARMELOS (DESPUÉS DE NO HABERME DEJADO PAGARLO ELLOS MISMOS!!!) BORRAN MI RESERVA DEL SISTEMA Y ME DICEN QUE COMPRE OTRO BILLETE, COSA QUE TUVE QUE HACER PERO, OBVIAMENTE, MÁS CARO. COMO SOLO TENÍA EL NÚMERO DE RESERVA Y NO DE BILLETE NO PUDE PONER NINGUNA RECLAMACIÓN, PORQUE LA WEB NO LO PERMITE. AÚN ASÍ, ME DIRIGÍ AL AEROPUERTO DE SANTANDER A REALIZARLA EN PERSONA, COSA QUE POR POCO PUDE HACER, Y ME RESPONDIERON EN UN MAIL CON UNA SARTA DE TONTERÍAS QUE NO TENÍAN ABSOLUTAMENTE NADA QUE VER CON DICHA RECLAMACIÓN. RESUMEN Y CONSEJO: SI TENEIS LA DESGRACIA DE VOLAR CON ESTOS INÚTILES, COMPRAD EL BILLETE EN CUALQUIER AGENCIA O WEB QUE NO SEA LA DE IBERIA, ESTAREIS MÁS PROTEGIDOS... Y SI NO ES ASÍ, QUE DIOS OS COJA CONFESADOS COMO TENGAIS UN PROBLEMA, PORQUE ABSOLUTAMENTE NADIE OS VA A AYUDAR. GRACIAS BRITISH POR COMPRAR IBERIA...!!!"
IBE_0381,Iberia,Desconocido,Madrid,Las Palmas de Gran Canaria,Domestic,diciembre de 2024,1,"Un trato desagradable con un menor, mi hijo, que viajaba por primera vez solo. Llame por teléfono y solo te atienden para venderte cosas que luego no se efectúan (timo, engaño) y encima reclamo por escrito y no entra la reclamación ni a tiros. Impresentable. Cuento: Aboné 7€ para que mi hijo, menor de edad (14años), entrara con prioridad o embarcase de los primeros para que no tuviera problemas a la hora de entrar con todo su equipaje en cabina, para la tranquilidad de todos, y, hete aquí, que la trabajadora de la puerta de embarque le dijo que no servía para nada y que se colocara en su fila, grupo 4, y que reclamara si quería. Afortunadamente, no ha tenido problema al haber ido con tiempo, pero me da la impresión de haber pagado un servicio para nada. Me siento defraudado y estafado, más allá de la escasa cuantía del pago."
IBE_0382,Iberia,Desconocido,Oviedo,Madrid,Domestic,diciembre de 2024,1,"Un desastre de servicio para gestionar la perdida de una conexión por mal tiempo. Cinco horas de cola en el punto de información de Barajas para conseguir cambiar los billetes y que nos dieran un hotel para pernoctar. Desconozco por qué no habilitan el servicio telefónico para conceder un hotel porque ayudarian a resolver estas situaciones. Más que la primera compañía de un país, da la impresión de ser la aerolínea de una republica bananera. Una vergüenza, Iberia nunca más."
IBE_0383,Iberia,Desconocido,Madrid,Frankfurt,Europe,diciembre de 2024,1,"Pésima experiencia con Iberia: Equipaje perdido 6 días y atención al cliente deficiente. Mi maleta se perdió en el vuelo IB1327 y a pesar de múltiples llamadas, no he recibido ninguna solución. La atención al cliente ha sido pésima, sin respuestas claras ni soluciones. No recomiendo para nada esta aerolínea."
IBE_0384,Iberia,Desconocido,Alexandria,Seville,International,diciembre de 2024,2,"Los asientos no se reclinan en absoluto. Terminé con una cervicalgia horrible tantas horas en una postura incomodísima. Los guarda equipajes llenos y la única solución que me dieron es llevar mi mochila de 10 kilos en el suelo, con lo que no me cabían apenas las piernas. Para qué pago por llevar equipaje no facturado? Además la azafata no fue nada amable cuando le comuniqué mi problema."
IBE_0385,Iberia,Desconocido,Rovaniemi,Madrid,Europe,diciembre de 2024,1,"Es una vergüenza que sepan que. Vas a salir dos horas más trade y te obliguen a embarcar dentro del avión para evitar reclamaciones, y se van inventando excusas como que están deshelando el avión, y ahora que no les da pista... Cuando aquí hay tres aviones en total... Encima no tiene ñn el detalle de dar ni un refrigerio por las molestias. Que teniendo niños es muy duro tenerles encerrados."
IBE_0386,Iberia,Desconocido,Madrid,Turin,Europe,diciembre de 2024,1,"En el medio del vuelo nos dijeron que tenían que derivar el vuelo a Francia por problemas tecnicos. Cuando llegamos nos dijeron que el avion tenia rota una turbina y no iba a poder vontinuar. Como no operan con el aeropuerto de Touluse nos enviaron en bus a Torino. Tardamos 10 hs. En vez de llegar a las 11.25, llegamos 00.30 hs. Cuando reclamé para que me devuelvan el pasaje, el hotel que tuve que pagar para pasar la noche en Torino y el bus que perdí a mi ciudad destino, que era Aosta, me dijeron que no me correspondía porque el vuelo se desvió por problemas meteorológicos, cosa que es mentira porque el día estaba totalmente despejado y nos informaron que fue por una turbina, es decir, negligencia de la aerolínea. Son un desastre y uno mentirosos. Además no te atienden, es todo mediante reclamo online que no podes hablar con nadie, ni dar tu descargo"
IBE_0387,Iberia,Desconocido,Washington DC,Paris,International,agosto de 2024,1,"Cobran por asientos y no se pueden cambiar así que cuidado si la familia viaja junta. Si cambias tu itinerario se quedan con TU DINERO, no hay reembolsos que no les importen. Venderán asientos dos veces."
IBE_0388,Iberia,Desconocido,Miami,Madrid,International,noviembre de 2024,1,"La peor aerolínea que he usado. El servicio al cliente pésima. Nadie sabe cómo arreglar un problema, te envian de lado a lado y nadie sabe nada, para no resolver nada. Me cancelaron el viaje sin ninguna explicación o notificación. Al llegar al aeropuerto para hacer el check-in es cuando me dicen sobre la cancelación. Perdí un día de viaje, un día de hotel $175, y perdí $600 de alquiler de carro. Y la aerolínea no me resolverá nada. El viaje fue de Miami a Madrid. En el regreso de Barcelona a Miami un poco mejor pero los trabajadores uno peor que otro. Jamás usaré IBERIA, y una lección de que lo barato sale caro."
IBE_0389,Iberia,Desconocido,Guadalajara,Bordeaux,International,junio de 2024,1,"En serio la peor experiencia de viajes de mi vida. Diversas quejas sobre todo lo que paso antes, durante y después del viaje y hasta este día sin respuesta."
IBE_0390,Iberia,Desconocido,Paris,Madrid,Europe,diciembre de 2024,1,"Esta empresa no se preocupa por los clientes. Ordeñarlos tanto como puedan. Si cometes un error en tu reserva, serás castigado. Iberia está ganando mucho dinero con eso. Iberia debería avergonzarse. Avoid."
IBE_0391,Iberia,Desconocido,Madrid,Lima,International,noviembre de 2024,1,"El día antes del vuelo Iberia retrasó nuestros vuelos en más de 5 horas. Intentamos entonces reclamar una indemnización que tienen que dar debido a la duración del vuelo y la duración. No atienden llamadas y su equipo de reclamos por correo electrónico sigue negando la compensación, ¡sin manera de apelar! El vuelo duró más de 11 horas sin entretenimiento a bordo, sin WiFi, sin puntos de carga eléctrica, y algunos miembros del personal muy groseros que acaban de dormir la mayor parte del vuelo!"
IBE_0392,Iberia,Desconocido,Madrid,Dakar,International,noviembre de 2024,5,"Le daré a Iberia una calificación de 5 estrellas, ya que tuve una buena experiencia viajando con ellos de Nantes a Dakar y regresando vía Madrid. Todos los vuelos llegaron a tiempo, excepto el tramo de Madrid a Dakar, que debía salir a tiempo, pero se retrasó casi una hora debido a un pasajero que no se presentó y cuyo equipaje tuvo que ser retirado del avión. La comida era aceptable, pero lo que más apreciaba era que Iberia todavía utiliza cubiertos de metal para las comidas, lo que es una verdadera ventaja para alguien como yo que no le gusta la cubertería de madera que comúnmente proporcionan otras aerolíneas. La tripulación fue muy educada y sirvió café varias veces durante el vuelo relativamente corto a Dakar. Además, me gustó mucho el aeropuerto de Madrid Barajas como centro de transferencia, así que es muy probable que vuelva a viajar con Iberia."
IBE_0393,Iberia,Desconocido,Madrid,Buenos Aires,International,noviembre de 2024,1,No viajen por esta aerolínea todos los vuelos de un total de 4 salieron atrasados. Luego no entregaron las valijas y no se haceb responsables . Por lo que vi esta conducta es normal para ellos
IBE_0394,Iberia,Desconocido,Madrid,Paris,Europe,noviembre de 2024,1,"Pésimo manejo del equipaje y atención al cliente. Viajé por trabajo con maletas con mi kit profesional. Nuestro vuelo Madrid - París (yo y mi equipo) fue cancelado, tuvimos que ir a Bruselas en su lugar el día después y tomar un tren de Bruselas a París. Nuestras 3 maletas no llegaron. Muy difícil llegar a atención al cliente, te dan un número que no hace servicio de equipaje y te dicen que vuelvas a llamar al mismo número y elijas otra opción , solo que no te da ninguna opción, etc. Mi asistente llamó a diferentes servicios de aeropuertos y pasó horas al teléfono. 2 bolsas fueron rastreadas en bagtracer, 1 se quedó sin encontrar. POR SUERTE allí donde las etiquetas de aire en las bolsas. Después de unos 5 días, 2 de las bolsas regresaron, engañadas por un tipo que estaba apestando a alcohol. Una bolsa rota. La maleta 3d seguía apareciendo en bagtracer como ""no localizada"" , a pesar de que intentamos llamarlos y llegar a ellos ya que todo el tiempo pude ver exactamente dónde estaba, en el aeropuerto de Madrid, pero no había nadie que aceptara un e-mail con capturas de pantalla de la ubicación exacta. Eventualmente tomó un vuelo a Bruselas y alguien en el aeropuerto de Bruselas nos dijo a mí y a mi asistente que iba a París. Recibí una notificación y vi exactamente dónde estaba en el aeropuerto, pero todavía no se podía contactar a nadie en Iberia, y ellos solo nos decían que esperáramos. Después de 8 días mi novio fue al aeropuerto con mi Ipad a pitar el Airtag, y logró conseguirlo - de la zona de ""objetos perdidos"" para Vueling, en una terminal no relacionada con Iberia, que había abandonado totalmente el caso ! ! Nunca lo habría recuperado si no fuera por el airtag. La forma en que Iberai manejó esto fue horrible. Lo pensaré más de dos veces antes de aceptar viajar con ellos de nuevo, o facturar equipaje. Esto también era un billete de clase ejecutiva. Si tienes que viajar con Iberia, ¡asegúrate de poner una etiqueta de aire con baterías cargadas en todos tus equipajes!"
IBE_0395,Iberia,Desconocido,Madrid,San Jose,International,noviembre de 2024,1,"Una aerolínea horrible. Ambos vuelos tuvieron más de cuatro retrasos y ambos debido a problemas técnicos, asustan. La única compensación era un sándwich viejo. Asientos pobres, media de entretenimiento, comida asquerosa, servicio terrible y desinteresado, rozando lo grosero. Nunca más volaré con esta aerolínea."
IBE_0396,Iberia,Desconocido,Madrid,Tenerife,Domestic,noviembre de 2024,1,"LLEVO TODO EL DÍA INTENTANDO HACER UNA RECLAMACIÓN POR PEDIR 2 EQUIPAJES EXTRAS PARA MIS FUTURAS VACACIONES EN EL 25, LAS CUALES NO VOY A NECESITAR Y TRAS NUMEROSAS LLAMADAS ME DICEN QUE PUEDO ANULARLAS PERO NO ME DEVUELVEN L DINERO, COMO TODOSSE SUPONE QUE SOMOS SUPER INFORMATICOS Y HAY QUE ACEPTAR LA LETRA PEQUEÑA PARA PAGAR,NO ME DEVUELVEN EL IMPORTE Y ESTO MELO DICEN DESPUES DE UN MONTON DE LLAMADAS, SON UNOS GETAS Y SI FIRMO SI SENTENCIA DE MUERTE EN LA LETRA PEQUEÑA Y NO ME ENTERO????, ESTO NO ES NORMAL, CHORIZOS."
IBE_0397,Iberia,Desconocido,Ibiza,Rome,Europe,noviembre de 2024,1,"¡El peor personal de la aerolínea! Un empleado de Iberia me negó el embarque sin motivo válido, dejándome varado. Han pasado tres días y Iberia no ha hecho nada para resolver mi situación. Estoy atrapado en un país extranjero, cubriendo todos los gastos yo mismo, sin ninguna ayuda útil de la aerolínea."
IBE_0398,Iberia,Desconocido,London,Santiago,International,noviembre de 2024,1,"Volamos Primium Economy a Santiago Chile, luego regresamos de Buenos Aires a Londres. Con los vuelos cambiamos en Madrid. Nunca más volaremos con esta aerolínea. El personal era moroso, rozando lo grosero. Cualquier petición era recibida con el ceño fruncido. En el vuelo a Santiago nuestro enchufe de auriculares en el asiento no funcionó, lo que significa que no pudimos ver nada. Podría continuar, pero creo que está claro que esta aerolínea es terrible. No desperdicies el dinero ganado con tanto esfuerzo."
IBE_0399,Iberia,Desconocido,Mexico City,Madrid,International,noviembre de 2024,2,"Este vuelo fue en clase Económica Premium. En este caso y a diferencia del vuelo del ida, el avión no era de los últimos A350 en salir de fábrica y por lo tanto no contaba con la nueva cabina sino con la anterior. El asiento en sí no es incómodo aunque es mejorable. El entretenimiento a bordo se siente anticuado para los estándares que debería tener hoy en día en Premium Economy, aunque el contenido es bastante amplio. Los auriculares que dan en esta clase no son malos, aunque están lejos de ser ""noise cancelling"". Respecto a otros amenities: la manta y almohada que dan son como las de la clase económica. También reparten un kit de viaje que cuenta con calcetines, máscara, cepillo de dientes y crema labial. Para los pasajeros de esta clase, dependiendo de quién sabe qué, reparten botellas de agua (en el vuelo de ida sí tuvimos pero en el de regreso no). En cuánto al servicio de comidas, la calidad respecto a meses anteriores (ni que decir años) es mucho peor, se nota que intentan ahorrar en casi todo, pese a subir mucho los precios de los billetes. También la cantidad me pareció escasa. Tuvimos una comida ""fuerte"" para uno de los vuelos más largos que tiene Iberia y un snack antes de aterrizar. Si quieres comida durante el vuelo, entre los 2 servicios, tiene un coste extra (incluso en Premium Economy). El estado de los aseos era muy mejorable, apenas se sentía que lo limpiasen durante el vuelo, cosa que no es de extrañar ya que 6 aseos para todo lo que no es clase Business se queda corto y siempre estaban en uso y con cola de gente esperando. Lo peor de este vuelo fue el llegar a Madrid y tener que esperar 2 horas para que apareciese el equipaje en el aeropuerto, el nuestro y el de todos los pasajeros."
IBE_0400,Iberia,Desconocido,Bologna,Madrid,Europe,noviembre de 2024,1,La atención al cliente en I Beria es terrible. Después de varios intercambios con el servicio de atención al cliente de Iberia su única solución por la causa de tu conexión perdida es una disculpa y una invitación a volar con ellos de nuevo. En lugar de retrasar nuestro vuelo a Madrid hasta que la niebla se hubiera disipado el piloto decidió volar a Madrid e intentar aterrizar en Madrid. Tuvo que abortar el aterrizaje en el último segundo (muy aterrador) para luego desviar el vuelo a Valencia donde esperamos en el avión varias horas para obtener autorización para volar de regreso a Madrid. Por supuesto perdimos nuestro vuelo de conexión y tuvimos que esperar varias horas en la fila de Iberia para volver a reservar. El trauma y las molestias no fueron suficientes para que Iberia ofreciera un bono o cualquier otra resolución a nuestra interrupción de viaje. La atención al cliente de Iberia es lo peor.
IBE_0401,Iberia,Desconocido,Madrid,Montevideo,International,octubre de 2024,1,"Estoy indignada con la atención y el servicio. Cada vuelo es peor. Reclamé porwue arbitrariamente me cambiaron de asiento y me separaron de mi marido. Pagamos 2 asientos de pasillo contiguos por comodidad. No solo no me cambiaron el el check in, sino que no me contestan el reclamo de devolución de lo que pagué por esa reserva, como me indicó la empleada para sacarme de encima. Reclamo P20241106-53792930 SI PUEDEN, EVITEN VIAJAR POR IBERIA"
IBE_0402,Iberia,Desconocido,Bangkok,Colombo,Asia,noviembre de 2024,1,"Tuve una experiencia increíblemente frustrante con Iberia que me siento obligado a compartir. Reservé un vuelo de premio a través de su programa en Sri Lankan Airlines y recibí una confirmación de reserva. Sin embargo, nunca recibí un número de billete, y sin ninguna notificación, mi reserva fue cancelada. Después de días de comunicación de ida y vuelta con Iberia y Sri Lankan Airlines, me enteré de que la cancelación se produjo debido a un problema de pago entre las dos aerolíneas, algo completamente fuera de mi control. A pesar de este error, Iberia no ha ofrecido más resolución significativa que la de devolver mis puntos Avios, lo que no compensa las molestias ni el hecho de que no haya vuelos de adjudicación comparables disponibles ahora. Para empeorar las cosas, su servicio al cliente fue inútil y evasivo. No recibí ninguna comunicación proactiva sobre la cancelación, y me quedé sin descubrir el problema mientras trataba de confirmar mi vuelo. Incluso después de haberles contactado varias veces, me encontré con respuestas desdeñosas y sin rendición de cuentas. Esperaba un mejor servicio y responsabilidad de Iberia. Esta experiencia me ha hecho perder la confianza en su programa, y advierto a otros que no dependan de ellos para los viajes de premiación. Iberia, si te preocupas por tus clientes, necesitas mejorar la comunicación y resolver este tipo de problemas de forma proactiva en lugar de dejar a los viajeros varados y sin soporte."
IBE_0403,Iberia,Desconocido,London,Madrid,Europe,noviembre de 2024,1,"Terrible experiencia... vuelo retrasado, equipaje perdido! Nuestro vuelo tenía previsto llegar a Madrid a las 7 : 00 pm... llegamos a las 8: ¡30 pm! Tardamos más de 2 horas en recoger nuestro equipaje del carrusel"
IBE_0404,Iberia,Desconocido,Panama City,Madrid,International,noviembre de 2024,1,"El pasado 17 de noviembre, al hacer el check in online, se me copiaron los datos del correo electrónico con el que estoy registrado en iberia. Acudí al mostrador del aeropuerto de Panamá 2h antes para solucionarlo, no sólo me trataron con actitud pasota y despota sino que me dieron un teléfono para tratar de solucionarlo y ahí tampoco lo hicieron, a todo esto les mostré mi cuenta de usuario de iberiay como el billete estaba puesto a mi nombre. 2h antes de la salida del vuelo y acabé perdiéndolo por la incompetencia de estos trabajadores. He puesto la reclamacion pertinente en consumo ya que fue un problema informático suyo el que se copiaran los datos de nombre y apellido del correo electrónico y no me diera opcion a poner los mios. Me siento estafado, creí que esta compañía era más seria y profesional."
IBE_0405,Iberia,Desconocido,Palma de Mallorca,Madrid,Domestic,noviembre de 2024,1,"No es la primera vez que volamos con Iberia, pero sin lugar a dudas, será la última. La gestión, coordinación y sistema de la aerolínea han sido absolutamente deficientes. Desde el principio, el sistema no me permitió hacer el check-in online, por lo que tuve que llamar a su atención al cliente para que al menos me reservaran los asientos. Tras esperar 30 minutos al teléfono, me informaron que no podían hacer la reserva de los asientos de forma telefónica y que debía acudir al mostrador el día del vuelo para hacer la selección de asientos allí, corriendo el riesgo de que no hubiera dos asientos juntos, a pesar de haber pagado un extra por la reserva de asientos. Desconfiando de la respuesta recibida, volví a llamar, y después de esperar otros 30 minutos, una operadora me confirmó que sí podían hacer la reserva. Tras asegurarme que los asientos estaban reservados y que recibiría una confirmación por correo, pasaron más de 60 minutos sin que llegara ninguna notificación. Decidí llamar nuevamente para averiguar qué sucedía, y me dijeron que, en realidad, los asientos no estaban reservados. Después de una espera adicional de más de una hora al teléfono, la operadora me explicó que debía pagar para confirmar la reserva de los asientos, lo cual no entendí, ya que la opción de reserva estaba incluida en mi billete. Finalmente, para evitar más inconvenientes, decidí pagar por los asientos. Para culminar esta experiencia, el día del vuelo, al hacer el check-in, ¡no encontraban mi billete! Tuve que llamar por cuarta vez a Iberia, ya que en el mostrador no me resolvían nada. Afortunadamente, me enviaron el billete por correo electrónico y, tras revisarlo, descubrí que el número de reserva que me proporcionaron inicialmente era el mismo que no lograban encontrar en su sistema. Esto demuestra, sin lugar a dudas, lo ineficiente y desorganizado que es su sistema. Esta ha sido, sin duda, la última vez que volamos con Iberia."
IBE_0406,Iberia,Desconocido,Madrid,Miami,International,noviembre de 2024,2,Personal de tierra en puerta de embarque no tiene trato adecuado hacia el pasajero. Se empeñaron en no dejar pasar un equipaje de mano que a todas luces califica como tal.
IBE_0407,Iberia,Desconocido,Boston,Madrid,International,junio de 2024,1,"La persona en el mostrador de Iberia estaba vendiendo nuestros billetes porque nuestro vuelo de conexión iba allí tarde, pero aún así tuvimos tiempo de registrarme me molesté mucho y dar mi punto de vista y para agregar más nuestro equipaje llegó a España un día después"
IBE_0408,Iberia,Desconocido,Los Angeles,Madrid,International,agosto de 2024,5,"Agradecer el servicio de la asistenta Johanna, responsable en el mostrador de Iberia en Los Ángeles, LAX, durante la mañana/tarde del día 4 de agosto de 2024. Fue muy simpática, agradable, amable, resolutiva, comprensiva y atenta. Espero que el equipo de IBERIA le haga llegar, tanto a Johanna, como a su responsable, dicha valoración. Gracias!"
IBE_0409,Iberia,Desconocido,Mexico City,London,International,noviembre de 2024,1,"Personal grosero, mala comida, vuelos retrasados y equipaje perdido. 3 bocadillos de jamón y queso servidos como 3 comidas separadas. Una Alianza Mundial no significa nada."
IBE_0410,Iberia,Desconocido,Miami,Madrid,International,noviembre de 2024,1,"Los asientos eran incómodos, la zona de la bandeja estaba sucia , los baños eran terribles vuelo de marrakech a Madrid se retrasó una hora y quince minutos más o menos muy mala experiencia"
IBE_0411,Iberia,Desconocido,Madrid,Buenos Aires,International,octubre de 2024,1,"Solicité por adelantado si era posible adaptarse a mis necesidades dietéticas. La persona con la que hablé dijo que estaba totalmente bien (tengo capturas de pantalla de la conversación). El día del vuelo, cuando era la hora de comer, la tripulación no tenía ni idea de mis peticiones... Así que no hay comida para mí. Solo uno de los miembros de la tripulación era lo suficientemente comprensivo como para ofrecerme algo de fruta y pan... En un vuelo de 12 horas. A nadie le importaba una mierda de otra manera. Me puse en contacto con el servicio de atención al cliente para solicitar un reembolso parcial, ya que fue una experiencia terrible para mí. Me ofrecieron una compensación en... 2500 PUNTOS AVIOS. Lo que requeriría que me uniera al programa de lealtad. Entonces, ¿MI compensación por su falta de organización y compasión de la mayoría de la tripulación es que USTED consiga un nuevo cliente en su plan de lealtad? Traté de luchar contra esta decisión, pero fueron firmes en que era la compensación correcta. No gracias, puedes poner tus puntos Avios en tu trasero. Ok, en este punto no quería volar en el vuelo de regreso... Le pregunté si podían, como gesto de buena voluntad, reembolsarme el vuelo de regreso o darme un vale... Se callaron por radio. Cuando les señalé cuánto tiempo les estaba tomando responderme, recibí un correo electrónico diciendo que si quería un servicio más rápido debía llamar a su número... ¿Por qué tengo que gastar quién sabe cuánto tratando de obtener un reembolso que no voy a obtener? Juro que las compañías aéreas están tan fuera de contacto en este momento. Evita evitar evitar esta empresa"
IBE_0412,Iberia,Desconocido,Madrid,London,Europe,noviembre de 2024,2,"En primer lugar, debo mencionar que se sentía como si el espacio de asiento fuera más pequeño que en otras empresas de la misma gama. Extremadamente frío en el avión, el aire acondicionado se estableció a una temperatura demasiado baja. Han perdido mi equipaje. Pero el aspecto más importante fue que esta vez tuvieron la azafata más amarga, horrible y poco profesional que he encontrado en mi vida. Muy buen trabajo a Sergio (otro mayordomo) sin embargo!"
IBE_0413,Iberia,Desconocido,Tenerife,Madrid,Domestic,noviembre de 2024,5,"Reseña para Lucía La Rosa y Germán Alonso Lucía La Rosa y Germán Alonso son unos azafatas excepcional. Desde el abordaje hasta el final del vuelo, mostraron profesionalismo, amabilidad y atención al detalle. Siempre estuvieron dispuestos a ayudar, manejando todo con calma y eficiencia. El trato cálido hizo del viaje una experiencia muy agradable. Sin duda, unos profesionales, que destacaron por su excelente servicio."
IBE_0414,Iberia,Desconocido,Madrid,Zurich,Europe,noviembre de 2024,1,Tuve una experiencia muy negativa con esta aerolínea. La identificación de una de mis amigas fue robada y la aerolínea nos dijo por teléfono que podría viajar de cualquier manera con un correo electrónico que recibió de la embajada de nuestro país. Eso no era cierto en absoluto y minutos antes de que el vuelo despegara le prohibieron groseramente abordar el avión. Estábamos allí para ayudarla y apoyarla y en su lugar simplemente nos gritaron las mujeres en la puerta. Tuvimos que irnos sin nuestro amigo. En general nos trataron muy duro y nos engañan diciéndonos información falsa. No es en absoluto una buena experiencia y nunca lo recomendaría a nadie más.
IBE_0415,Iberia,Desconocido,Madrid,Zurich,Europe,noviembre de 2024,1,Las mujeres de la puerta fueron groseras y nos gritaron. Este no es el buen servicio al cliente. Robaron la tarjeta de identidad de mi amigo y llamamos a la aerolínea si debíamos traer algún documento adicional o si un correo electrónico de la oficina del gobierno suizo sería suficiente. Dijeron que el correo electrónico sería suficiente. Hoy en el aeropuerto no la dejaron subir al avión sin un documento de la policía y la trataron como a un criminal. Tuvimos que dejar atrás a nuestro amigo por empleados incompetentes de Iberia.
IBE_0416,Iberia,Desconocido,New York City,Madrid,International,noviembre de 2024,1,"desaconsejan encarecidamente el uso de esta aerolínea, incluso como miembro Gold OneWorld. Reservamos un vuelo de París a Nueva York con escala en Madrid, y la experiencia fue desastrosa tanto en el viaje de ida como en el de vuelta. En el viaje de ida, nuestro vuelo a Nueva York fue cancelado menos de 24 horas antes de la salida. Nos ofrecieron una alternativa a través de British Airways, lo que ya hacía nuestro viaje más complicado. En el viaje de vuelta, un retraso en el vuelo París - Madrid nos hizo perder nuestra conexión Madrid - París, a pesar de que ambos vuelos eran operados por la misma aerolínea. No se hizo ningún esfuerzo a bordo para priorizarnos para que pudiéramos conectarnos. Nos volvieron a reservar en otro vuelo, lo que nos obligó a esperar tres horas adicionales en el aeropuerto. Por si fuera poco, el personal de Iberia en el aeropuerto fue extremadamente grosero. Me sorprende que una aerolínea de este tipo forme parte de la alianza OneWorld. Nunca volveré a reservar un vuelo con esta aerolínea."
IBE_0417,Iberia,Desconocido,Bogota,Madrid,International,noviembre de 2024,1,"Reservamos un vuelo de 10 horas en Premium Economy y pagamos 60 € adicionales (30 € por asiento) para seleccionar asientos específicos con antelación. Al abordar, nos sorprendió descubrir que nos habían asignado asientos completamente diferentes, no los que pagamos. Para empeorar las cosas, la tripulación no solo fue inútil, sino que también se inclinó por ser totalmente grosero cuando sacamos el tema. Los nuevos asientos eran increíblemente inconvenientes, ubicados directamente frente al área de la tripulación. Esto significaba que no podíamos extender las piernas debido a la falta de un asiento en la parte delantera, y estábamos atrapados mirando la pared inflexible de la cocina durante todo el vuelo. Además, el sistema de entretenimiento carecía gravemente, con solo una pantalla plegable que no podía compararse con las que esperábamos. El servicio a bordo agravó aún más la decepción. La tripulación fue desatendida en el mejor de los casos, y las peticiones básicas se sintieron como una imposición. Para una aerolínea como Iberia, esperábamos un mejor servicio y rendición de cuentas. Esta experiencia nos ha dejado totalmente insatisfechos, y no recomendaríamos volar Iberia Premium Economy a nadie. La falta de atención al cliente y de atención al detalle es simplemente inaceptable."
IBE_0418,Iberia,Desconocido,Madrid,Havana,International,mayo de 2024,1,"Me dieron un bono por un cancelación, cuando compre el otro vuelo con ese bono me lo cancelaron sin avisar por lo que perdí el bono de 700 euros y no lo pude usar otra vez, aun sigo en reclamación, el servicio anterior al cliente por teléfono se limpia de todo y abren mil expedientes para terminar la llamada, por la web abrí más hasta 5 expedientes pues no dan consecución al primero para al final decirme que había pedido mi bono, me parece una falta de respeto y un robo es mejor exigir un reembolso que conformarse con el bono si al final te roban el dinero"
IBE_0419,Iberia,Desconocido,Lisbon,Madrid,Europe,noviembre de 2024,1,"Horrible experiencia. Soy un viajero en clase ejecutiva y nos empacan en estos asientos al igual que a los económicos. ¿Qué hay de diferente? ¿Dónde está la experiencia prioritaria? Su gente en el mostrador de registro es grosera. También mintieron y dijeron que era un vuelo completo. Numerosos asientos disponibles, pero elevaron a la clase ejecutiva. Estoy feliz por esa gente, pero furioso con esta aerolínea. Último vuelo mío y de toda mi compañía."
IBE_0420,Iberia,Desconocido,New York City,Madrid,International,noviembre de 2024,1,"JFK 11 / 22 . Más de una hora esperando en línea para registrarse porque el sistema ""está caído"". Las actualizaciones no han existido. Espero que el resto del vuelo vaya mejor."
IBE_0421,Iberia,Desconocido,Malaga,Miami,International,octubre de 2024,1,"Salieron tarde de Málaga. Perdimos nuestro vuelo de conexión de Madrid a Miami. nos dieron vales para cubrir el Hotel por la noche en Madrid , vale para la cena y el desayuno del día siguiente. Cuando llegamos al hotel nos dijeron que volviéramos al aeropuerto , tampoco comida para los pasajeros de iberia. terminamos pagando el hotel , comidas, transportes nosotros mismos . llegamos a miami a las 3 am , porque el vuelo se retrasó . Se negaron a reembolsar nada diciendo que cumplieron con su deber tratando de resolver nuestro problema. Una experiencia totalmente vergonzosa y vergonzosa. Nunca volverá a volar Iberia aunque su tarifa sea la más baja. Vergüenza"
IBE_0422,Iberia,Desconocido,Lima,London,International,noviembre de 2024,1,"El vuelo de ida fue con una aerolínea diferente (desconocida) - no nos informaron de esto hasta que estábamos subiendo al avión. Pagué más de £ 80 para reservar asientos en tres vuelos diferentes y cuando me registré en los asientos no existía. Tuve que pedir que me sentaran al lado de mi hijo. Vuelo de regreso cancelado con poca antelación sin razón aparente y no pude llegar a casa durante dos días. El nuevo vuelo que tomé también se retrasó dos horas sin notificación y mi equipaje se quedó atrás (esto tardó 48 horas más en llegar a casa). El personal de los aeropuertos de Lima y Heathrow sugirió que las cancelaciones y la pérdida de equipaje con Iberia Airways son un hecho común. Iberia ofreció 600€ de indemnización (que estaba cerca de lo que yo reclamaba) pero luego rescindió la oferta, diciendo que cometieron un error (la cancelación estaba fuera de su control) e hicieron una nueva oferta de 200€. Todavía no me han dado una razón para la cancelación, así que ¿realmente pueden hacer esto? Esto me ha costado mucho tiempo y dinero y no es la manera de tratar a los clientes, y esto también es en Business Class."
IBE_0423,Iberia,Desconocido,Buenos Aires,Marseille,International,noviembre de 2024,1,"Al llegar a Madrid cancelaron la escala siguiente Madrid a Marsella y no reprogramaron el vuelo. Me tuve que comprar un pasaje de tren y llegar 2 días después, me ofrecían un vuelo para la semana siguiente. La oficina de atención al cliente dicen que son contratados que ellos no resuelven y el teléfono de Iberia te envía con atención al cliente. La empresa es irresponsable y no puede resolver una re programación de vuelo. Espero no volar nunca más y no la recomiendo. El vuelo se canceló por que el avión falló al intentar despegar según explicó el piloto."
IBE_0424,Iberia,Desconocido,Madrid,Lima,International,noviembre de 2024,1,"Una pena que la CIA bandera de España esté tan mal. Volamos de Madrid a Lima el 24 de Octubre y tengo que decir que jamás me habían tratado tan mal...Nos ""echaron"" de comer literalmente...servicio pésimo..se les caía los bocatas de lo rápido que iban..además de mi bandeja se les cayó la ensalada al pasillo y ahí se quedó las 11 horas de vuelo...los baños ni los revisan y la tripulación (todos muy mayores) que sabemos que cobran bien...muy maleducados y contestones...no pido un trato especial...sólo que después de pagar 1000 euros como mínimo se me trate como a una persona y no como ganado..."
IBE_0425,Iberia,Desconocido,Madrid,Lima,International,noviembre de 2024,3,"Mi primera experiencia de Iberia, y fue un poco mixta. El asiento del A 350 es bastante cómodo con cinturón de seguridad de 3 puntos. Encontré la caja donde mis pies eran un poco demasiado pequeños para la comodidad, y era difícil extraer mis piernas sin coger mis rodillas en el estante / TV de arriba; y mido 5 '11 ""con el tamaño de 9 pies, así que ningún gigante. La comida no era mejor que la media, y bastante fuera de temporada. Después de un comienzo prometedor, el servicio fue pobre. A mi esposa le sangró la nariz, y presioné el botón de llamada. Podía ver a un mayordomo sentado en la cocina haciendo muy poco, pero la ayuda no llegó allí. En el viaje de regreso vi el botón de llamada de otra persona permanecer encendido durante la mitad del vuelo. Si hay algún problema con la visualización de estos a la tripulación, Iberia debe buscar solucionarlo."
IBE_0426,Iberia,Desconocido,Quito,London,International,octubre de 2024,1,"Viajamos de vuelta de Quito a LHR a través de Madrid. Hubo retrasos, pero logró llegar a casa - Nuestro equipaje no lo hizo y llegó dos días después! Todo bastante estándar. EL PROBLEMA era que nuestro equipaje había sido interferido y una carga de ropa tomada de uno de los compartimentos finales. Así que, en esencia, mis pertenencias fueron robadas mientras estaba en posesión de Iberia. Están rechazando mi reclamo, diciendo que no hay registro de un incidente... O que porque no hubo daños en el equipaje mi reclamo no es válido. Tampoco te dejan impugnar su decisión - no hay forma de contactar con ellos - y sorpresa sorpresa sorpresa - los formularios en línea no funcionan. . . aparentemente ""problemas de TI - por favor inténtalo de nuevo en 24 horas"" ¡Nunca más!"
IBE_0427,Iberia,Desconocido,Montevideo,Madrid,International,noviembre de 2024,2,"Mal servicio,en Montevideo para facturar maletas un descontrol total,los baños sucios ,al llegar a Madrid 1 hora y media esperando las maletas,una vergüenza de compañía"
IBE_0428,Iberia,Desconocido,Buenos Aires,Madrid,International,septiembre de 2024,1,"viajamos con dos amigas el 16 de setiembre y todo fue PESIMO!! El embarque, tarde, el espacio entre asientos (a pesar de haber abonado diferencia), la comida malisima, vomitiva. Ni siquiera un desayuno decente. Uno de lo baños clausurado y el otro inundado. Todo el viaje una calamidad y la atencion deplorable, NUNCA MAS ESTA LINEA."
IBE_0429,Iberia,Desconocido,Barcelona,Cape Town Central,International,noviembre de 2024,1,"Esta es la peor aerolinea con la que he tratado. Su servicio de atención al cliente es lento y poco amigable. Reclame una denegación de emarque que hubo y que fue causado por motivos fuera de mi control y se negaron a devolverme el billete más allá de las tasas del vuelo. Esta claro que cuando las cosas van mal, no van a mover un dedo ni buscar alternativas. Incluso modificar las fechas del vuelo. No se la recomiendo a nadie."
IBE_0430,Iberia,Desconocido,Havana,Madrid,International,noviembre de 2024,1,"Viajo mi hermana y sobrino llegandona madrid en hora con una salida para las palmas de Gran canarias a las 12 del mediodía cuando me llama mi hermana con su niño de 1 año enfermo de diabetes e intolerante a la lactosa q le habían cancelado el vuelo para las 11 de la noche sin más así porq si llamo logro buscarle un vuelo para las 8 de la tarde y a las 8 a la hora del abordaje le cancelan para las 10 y 35 sin darle nada al niño ni acercarse atenderla ni pedirles perdón sin explicar nada yo sin saber nada ella sola sin móvil para comunicarse, llamo para ver porq razón le cancelaron el vuelo de las 8 y me dicen en atención al cliente que no sabían q era para las 10 y 35 llegando a las palmas a las 1 y 33 de la madrugada desde la hora prevista de llegada las 2 de la tarde, un servicio pésimo de verdad,ojo solo lo pongo para q los q viajen con niños estén preparados para que no se asombren si les pasa"
IBE_0431,Iberia,Desconocido,Boston,Porto,International,septiembre de 2024,1,"Reservé mis boletos con Iberia en abril para un viaje en septiembre, volando a Oporto con mi esposa y nuestro perro. Incluso pagué extra para elegir nuestros asientos, una ventana y un pasillo, para mayor comodidad. Sin ninguna explicación, Iberia cambió nuestros asientos a la mitad del avión. A pesar de explicar la situación, nos dijeron que no había nada que pudieran hacer. Para empeorar las cosas, nos obligaron a revisar nuestras maletas, que contenían toda nuestra ropa. Nuestro vuelo incluía una escala en Madrid. Debido a la niebla, el vuelo desde Oporto tuvo que volver a Madrid, lo que entiendo que no fue culpa suya. Sin embargo, cuando aterrizamos a las 10 AM, todos tuvieron que volver a reservar. Los siguientes vuelos disponibles a Oporto fueron a las 3 : 40 PM y 7 PM. Dada la larga espera y el agotamiento de nuestra perra en su primer vuelo, acordamos tomar un vuelo a Vigo a las 3 de la tarde, a una hora de distancia de Oporto, después de que Iberia nos asegurara que nuestras maletas facturadas serían transferidas. Sorpresa, sorpresa: nuestras tres maletas facturadas no llegaron a Vigo. El agente nos informó que las bolsas fueron enviadas a Oporto a las 4 : 40 PM, pero cuando fuimos al aeropuerto de Oporto, no estaban allí. Abrimos una reclamación alrededor de las 19:00 horas del sábado, y no fue hasta el lunes cuando Iberia confirmó que nuestras maletas estaban en Madrid. Incluso entonces, no podían prometer una fecha de entrega, diciendo que podría ser el lunes o el día siguiente. Su servicio empeoró aún más. Entregaron *una bolsa por día*, comenzando el martes y terminando el jueves. Este mal manejo arruinó nuestros planes. Habíamos pagado por adelantado un hotel fuera de Oporto de miércoles a jueves, pero tuvimos que cancelar ya que todavía estábamos esperando la última maleta. El hotel no pudo reembolsar mis 160 dólares ; en su lugar, ofrecieron un crédito para uso futuro. Pero no planeamos regresar a Oporto, e Iberia se negó a compensarnos por la pérdida. Además, dado que tuvimos que comprar ropa extra durante nuestro viaje, nuestras maletas tenían sobrepeso a la vuelta, e Iberia tampoco reembolsaría las tarifas por sobrepeso. Se suponía que eran unas vacaciones, no un desastre. La falta de cuidado e incompetencia logística de Iberia arruinó nuestro viaje. Su negativa a asumir la responsabilidad o a reembolsarnos las consecuencias de sus fracasos es inaceptable. Nunca más volaré Iberia, y no se los recomendaría a nadie. Claramente, esta empresa no prioriza a sus clientes. Servicio absolutamente vergonzoso."
IBE_0432,Iberia,Desconocido,Madrid,Buenos Aires,International,noviembre de 2024,1,"La peor cancelación y luego el peor vuelo de mi vida. Después de una noche de ca cancelaciones, mala ayer, mala comida y piloto inexperto titubeante y bamboleo en el descenso. Además, resistencia en el resarcimiento por los daños y perjuicios causados. No volveremos y nuestros familiares en España tampoco 😤😤😤"
IBE_0433,Iberia,Desconocido,Rome,Miami,International,noviembre de 2024,1,"La peor experiencia aérea. 1 . No se pudo completar el check-in en línea y obtener la tarjeta de embarque antes de tiempo. Hubo algún problema con la necesidad de un nuevo número de boleto. 2 . El proceso de embarque es un espectáculo no organizado. Parecía que todos con un asiento económico estaban en el mismo grupo de abordaje y todos hacían una larga fila desorganizada para esperar a abordar el avión. 3 . El avión se quedó sin espacio en el compartimiento aéreo a mitad de camino de los pasajeros de embarque y tuvo que facturar una maleta en la puerta de embarque a última hora. 4 . El equipaje que tuvimos que facturar en la puerta de embarque terminó quedándose atrás en nuestro vuelo de conexión en Madrid. Hasta ahora han pasado 4 días y todavía no tenemos una actualización al respecto. 5 . Los asientos se reclinan hacia atrás, así que si alguien se reclina sobre ti, es muy molesto e incómodo. 6 . No es culpa de la aerolínea, pero mi esposo y yo estuvimos emparedados entre dos personas que se reclinaron sobre nosotros y una pareja detrás de nosotros con un niño que se sentó en sus regazos y lloró y pateó nuestros asientos durante las 10 horas enteras del vuelo. Este niño también parecía demasiado grande para sentarse en el regazo de los padres y debería haber tenido que comprar un asiento para este niño. Sentimos que no podíamos reclinar nuestros asientos también debido al niño detrás y la patada del asiento habría sido aún peor."
IBE_0434,Iberia,Desconocido,Palma de Mallorca,Madrid,Domestic,noviembre de 2024,1,"He volado PMI - MAD hoy ( 18 de noviembre ) I 2 1656 la mujer de check in fue la persona más ruda e inútil que he encontrado en un mostrador de check in. Insistió en que presentara un justificante de residencia en Mallorca, ya que mi tarjeta de residencia que mostraba mi dirección era insuficiente. Dijo que el correo electrónico de confirmación me dijo que trajera esta prueba al aeropuerto, ¡no fue así! Se negó a mirar el correo electrónico, se negó a pedirle a un gerente que asistiera. Finalmente pude recibir un correo electrónico enviado por el Ayuntamiento de Calvià que era suficiente. Casi perdemos el vuelo por culpa de esta horrible mujer. Parecía encantada de tener un poco de poder. ¡Ella es una desgracia y empaña el buen nombre de su aerolínea!"
IBE_0435,Iberia,Desconocido,Madrid,Alicante,Domestic,septiembre de 2024,1,"Mi equipaje llegó 6 horas después al aeropuerto. Iberia Airlines dijo que podría perderse. Entonces conseguí la información que puedo comprar artículos de tocador y luego reclamar el dinero. Luego me devolvieron a British Airways que tengo que reclamar a través de ellos, ya que el vuelo aparentemente fue reservado a través de ellos, ¡lo que es una broma absoluta! British Airways ahora me devolvió a Iberia Airlines. 3 meses después y ahora Iberia no puede soportar más reclamaciones ya que tiene que ser 7 días después del viaje. Absolutamente terrible servicio al cliente y ahora no puedo reclamar las necesidades de vuelta. Horrible aerolínea, trata de evitar a toda costa. SERVICIO AL CLIENTE BASURA!"
IBE_0436,Iberia,Desconocido,London,San Juan,International,octubre de 2024,1,"Totalmente mal servicio todo el camino, personal antipático y un avión sucio. Pero lo peor de todo fue nuestro equipaje retrasado. Fuimos en un crucero desde San Juan y llegamos 2 fechas antes del embarque. Pero nuestro equipaje se retrasó tres días. Así que estábamos sin ropa, zapatos, artículos de tocador, etc. Tuvimos que comprar todo nuevo y usamos mucho dinero, ya que las cosas eran bastante caras. Ahora Iberia solo quiere devolvernos 700 dólares pero nuestros gastos fueron mucho más altos. No les importan las circunstancias por las que estábamos pasando porque se les negó entregar el equipaje en una de las islas a las que atracó nuestro barco. Ni siquiera quieren explicar por qué no recuperamos nuestros gastos. Nunca más aerolíneas ibéricas. Qué vergüenza."
IBE_0437,Iberia,Desconocido,Madrid,Barcelona,Domestic,noviembre de 2024,4,"Fue un vuelo corto y tuvo poco tiempo incluso para tomar una taza de café. El desayuno era abundante, el salón era genial en el aeropuerto, la vía rápida era genial. La tripulación era amable, los asientos no eran donde se podía levantar el reposapiernas"
IBE_0438,Iberia,Desconocido,Malaga,Marrakech,International,noviembre de 2024,1,"Tuve este vuelo de Malaga a Marrakech vía Madrid ayer. El avión llegó a Málaga con más de 1 hora de retraso, cuando llegó a Madrid, con todos los desplazamientos a pie, en tren y pasando por el control de pasaportes, el vuelo a Marrakech había salido 20 minutos antes. Nos reservaron en el vuelo de la mañana siguiente, equipaje en el aeropuerto que nos enviaron a un hotel - 1 * con vales. Hice cambios en nuestro itinerario, de cerrar la 1 calle (muy caro) noche en el hotel en Marruecos. Esta mañana, mientras intentaba cambiar la salida de Marruecos, me cobraron un nuevo billete, más una tasa de cancelación. En resumen, casi el doble del precio del viaje original. Todo esto con una actitud desagradable y BTW, le dan a todos un sitio web para quejas. El personal de servicio está harto de que el comando no quiera atender las quejas de los clientes, de las cuales no pueden hacer nada de todos modos como me dijeron las damas. Nunca, nunca, volará esta aerolínea de nuevo, los aviones son viejos, sucios y no tienen servicio al cliente en absoluto. Veo bancarrota en un futuro no muy lejano."
IBE_0439,Iberia,Desconocido,New York City,Barcelona,International,octubre de 2024,1,"Primero, el agente de boletos nos puso a mi esposa y a mí en los mismos asientos, lo que me impidió ser elegible para usar el Prechequeo de la TSA. Luego en Madrid para nuestra conexión vendieron los asientos que había confirmado a otro pasajero. Nos dijeron que siguiéramos caminando hasta la parte trasera del avión. El agente fue muy grosero y desdeñoso con todo el asunto. Luego dejaron la bolsa de mis esposas en Madrid así que al aterrizar en Barcelona, ella no tenía equipaje. Teníamos previsto embarcar en un crucero desde Barcelona en otras 36 horas, así que la aerolínea tuvo tiempo de sobra para coger su maleta en uno de los muchos vuelos de madrid a barcelona, pero no lo logró. La oficina de equipajes en Barcelona dijo que enviarán la maleta para que se reúna con el barco en uno de los muchos orts que teníamos programado visitar. Tuvimos que pasar la mayor parte de nuestro tiempo en Barcelona buscando ropa para mi esposa no viendo como esperábamos. Huelga decir que la aerolínea nunca llevó la maleta a ninguno de los puertos que visitamos y nos bajamos del crucero sin saber si ella alguna vez recuperaría la maleta. Al regresar a los EE.UU. nos notificaron que la bolsa estaba siendo entregada en nuestra casa que era, 3 semanas después después del inicio de nuestro viaje. Puse una reclamación en la aerolínea para el reembolso de los artículos que compramos mientras la bolsa se dejó en madrid. La aerolínea y su departamento de compensación no han tenido un buen servicio al cliente. El reclamo fue aprobado por menos de lo que presenté y cuando pregunté qué no fue aprobado no me lo han querido decir. Y me enviaron un correo electrónico solicitando que les enviara toda mi información bancaria por correo electrónico en España para que pudieran depositar los fondos directamente en mi cuenta. Me opuse y aceptaron enviar un cheque, pero ha tardado mucho en llegar. Todavía tengo que ver dinero. Pedí un informe de entrega de la propiedad porque otros seguros de viaje que obtuve han solicitado esa documentación. El departamento de compensación de Iberia dijo que no tienen ningún informe de este tipo y me remitieron a su sitio web para obtener un informe de incidentes de propiedad. Traté de obtener ese informe y esa parte de su sitio web no funciona y los agentes con los que hablé no tienen idea de por qué. Pregunté si hay un departamento por encima del departamento de compensación porque preveo que no voy a estar satisfecho con la liquidación de la reclamación y quiero ir a un nivel superior para expresar mi oposición. Me dijeron que no hay un departamento superior (BS) así que solo tendré que seguir buscando un departamento superior en la escala corporativa. nunca vuelen esta aerolínea, reservé American y usaron Iberia como aerolínea de código compartido. Si eso te sucede cambia tu vuelo de Iberia. El servicio al cliente en esta aerolínea es un desastre, debo haber llamado a la aerolínea al menos 25 veces por este problema de equipaje."
IBE_0440,Iberia,Desconocido,London,Lima,International,noviembre de 2024,1,"Reserve un vuelo a Lima con su compañía. Unos días antes de mi vuelo me avisaron que una compañía diferente proporcionaría el vuelo. Me has ofrecido un descuento del 15 % que rechazo porque Me gustaría ser reembolsado por mi reserva de asiento para mí y mi pareja ya que no obtuvimos nuestro asiento. Por qué no has hecho esto automáticamente no es bueno. Después de haber volado de regreso de Lima en un vuelo de Iberia estoy aún más descontento, ya que claramente el vuelo a Lima fue significativamente pobre. Proporcionó por debajo del avión estándar los asientos eran incómodos, claramente este avión no estaba destinado para largo recorrido y el mal acolchado nos dejó a mí y a mi compañero dolorido por decir lo menos. El baño más cercano a nuestros asientos, uno tenía un lavabo bloqueado y el otro residuos humanos en el piso que no se limpiaron en todo el vuelo. El avión era viejo, sucio y al usar este avión del infierno ahorraste una cantidad significativa de dinero. Pagué por Iberia y competí con basura. Incluso los auriculares proporcionados no funcionaban correctamente, pedí reemplazos y nunca vi a una azafata de vuelo de nuevo, sin WiFi, sin carga funcionando. Ofrecer un 15% en un vuelo futuro es una estafa. No volaré mucho tiempo. Me gustaría que me reembolsaran mis asientos y que me reembolsaran el 15 % de ese vuelo a mí y a mi pareja. Esperaba calidad y me dieron basura. A continuación se muestran serigrafías del vuelo y detalles."
IBE_0441,Iberia,Desconocido,Mexico City,Rome,International,diciembre de 2023,1,"Viaje fuera de horario, perdida y daño de equipaje, desorden total al abordaje y salidas del avión por exceso de maletas de mano."
IBE_0442,Iberia,Desconocido,Madrid,Tokyo,International,noviembre de 2024,1,"El espacio del avión par 16 horas de vuelo es más bien para ganado y no seres humanos. Pésimo absoluto. Que nadie vuele con ellos. Encima van al Aeropuerto de Narita lejos de Tokio. Y lo cierto que el trato tampoco ha sido bueno. Las mesas se clavan en la triple cuando el de delante reclinado su asiento, no tienes espacio para recojer nada que se caiga ni si quiera perder estirar las piernas, yo y mi familia lo hemos pasado fatal. No es un avión en contidiones para por volar durante 16 horas seguidas mejor comer otras aerolíneas. De pena."
IBE_0443,Iberia,Desconocido,Madrid,London,Europe,octubre de 2024,1,NO COMPRAR CHEQUE REGALO. COMPRE UN CHEQUE REGALO PARA EL CUMPLEAÑOS DE MI HIJO CADUCA EL 8-12-2024 Y NO ME DEJAN CANJEARLO PORQUE DICE QUE ESTA CADUCADO. ADJUNTO FOTOGRAFÍA EN LA QUE SE VE LA FECHA DE CADUCIDAD Y TACHO EL COGIDO POR PRIVACIDAD. VERGONZOSO
IBE_0444,Iberia,Desconocido,Malaga,Buenos Aires,International,noviembre de 2024,2,"Viaje desde España a Argentina a visitar a mi familia. Poco es decir que fue el peor viaje de mi vida con esta aerolinea. Nunca tuve problemas en mis viajes con ninguna aerolinea hasta que decidi elegir IBERIA para este viaje de larga distancia. Primero me reprogramaron el vuelo de ida, pase una escala de 11 horas en Madrid, no me dieron ni unas horas de hotel. Solo una cena que daba pena (ensalada, manzana, coca cola). A la vuelva, nos dejaron encerrados en el avion 10 minutos y cuando bajamos otros 15 minutos encerrados en la manga. Migraciones lleno de gente, ya estaba perdiendo la conexion. En el aeropuerto tuvieron problemas con el escaner de aduana y me hicieron hacer la fila 3 veces. Esto excede a la aerolinea, pero si es conexion y compre los billetes juntos DEBERIAN SABERLO Y HACERSE CARGO. No me dejaron embarcar, el vuelo salio con media hora de retraso, veia gente saliendo del avion (que al parecer se habian equivocado de vuelo). Y a mi no me dejaron subir. En atencion al cliente el trato fue pesimo, como siempre, me ofrecieron un vuelo a las 7 am del dia siguiente y pretendian que duerma en el aeropuerto. Tuve que irme hasta atocha y coger el AVE. Gaste mas de 100 euros de mi bolsillo. No se hicieron cargo de nada. En Malaga me fui a las 12 de la noche a buscar mis maletas. Me dieron solo una, con la rueda rota cabe remarcar. La otra perdida por dos dias. Horrible experiencia."
IBE_0445,Iberia,Desconocido,Boston,Madrid,International,septiembre de 2024,2,"Reservé 2 asientos económicos premium de camino a Madrid y económicos de regreso. El día antes de nuestro viaje recibí un correo electrónico para imprimir mi tarjeta de embarque o descargar. Me di cuenta de que nuestros asientos originales de 14 , J y 14 L se cambiaron a 30 J y 30 L que es economía. Nuestro vuelo de regreso, que sí tenía economía de asientos 23 J y 23 L no fueron asignados en absoluto. Mis intentos por teléfono y en el aeropuerto para entender por qué no se respondió hasta que hablé con un supervisor. Finalmente dijo que el avión había cambiado y que no había economía premium en este vuelo. No te preocupes, puedes hacer cola para solicitar un reembolso. A nuestro regreso hice eso y me lo negaron. Llamé y dijeron que tenía que volver a presentarme, lo cual hice y de nuevo fue negado. Llamé de nuevo y me dijeron que me habían dado un asiento. Incluso envié documentación sobre los asientos que nos asignaron y todo lo que hicieron fue enviar una respuesta con los asientos originales que reservamos Sin mencionar cuántas horas pasé hablando por teléfono con un representante o tratando de contactar a un supervisor. Dijeron que alguien me llamaría, nunca lo hicieron. Nunca volará Iberia ni se lo recomendará a nadie más."
IBE_0446,Iberia,Desconocido,Madrid,Chicago,International,noviembre de 2024,1,"Horrible experiencia con Iberia Airlines. En primer lugar su sitio web es casi inútil. Intenté reservar asientos y agregar una maleta facturada en línea y no pude hacerlo. Tuve que llamar con respecto a los asientos y me dijeron que la única manera de agregar una maleta facturada era hacerlo en el aeropuerto. Al abordar, crearon un grupo y nos pidieron que hiciéramos cola hasta que pudieran abordar a todos. Lo más extraño que he experimentado. A continuación, cuando abordamos el avión resultó que nos habían cambiado los asientos a dos en una fila de dos asientos a los 2 asientos del medio en una fila de 4 , lo que significa que en un vuelo de 9 horas cada vez que queríamos salir teníamos que molestar a la persona hacia un lado. La comida era mediocre. En un vuelo de 9 horas sirvieron una comida, una bebida y un bocadillo. El resto del tiempo tenías que ir a la parte trasera del avión para solicitar una bebida o un aperitivo. Permitieron que la basura se acumulara hasta que se derramara por el suelo. Finalmente llegaron un poco antes de aterrizar para recoger basura. Finalmente, estos asientos, de todos los horribles asientos que he tenido en un avión, fueron los peores. Estaban tan apretados que apenas podías moverte. Nunca. De nuevo."
IBE_0447,Iberia,Desconocido,Madrid,Miami,International,octubre de 2024,1,"Viajó en un vuelo internacional durante más de 8 horas sin sistema de entretenimiento. Mientras intentaban localizar el problema, desconectaron el de mis maridos 6 veces sin ningún resultado. Terminé mi libro y el resto del tiempo me aburrí mucho ya que no podía dormir para evitar el jet lag. Viajo por negocios principalmente para poder ir a trabajar al día siguiente, este vuelo fue una pesadilla. El asiento estaba tan bien, la limpieza no era buena. (Encontré botas (vacías y 3/4 vacías debajo de mi asiento). Por lo tanto, es por mucho el peor negocio que he tomado. Y viendo el número de quejas en los negocios quizás debería concentrarse en el nivel económico. Cuando pedí una compensación por mis inconvenientes ofrecieron un descuento del 10% en un vuelo posterior y les escribí una segunda vez ya que nunca volveré a volar con ellos. Quería un reembolso si este entonces 1 mes no hay respuesta. Pd : normalmente no soy un quejoso pero había que revisar. Simplemente no les importa... . . 🤬😡"
IBE_0448,Iberia,Desconocido,Porto,Madrid,Europe,septiembre de 2024,1,"En una palabra... ¡NO! No importa qué especiales te ofrezcan, NO lo hagas. Nunca doy una estrella pero Iberia se lo merece más que nadie. Reservamos un vuelo desde Oporto, Portugal de regreso a los Estados Unidos. Fue un combo con American Airlines e Iberia. Cancelan el vuelo cuando estábamos en la puerta. Tuvimos que recuperar nuestra maleta de la recogida de equipaje y hacer cola durante horas para intentar conseguir vuelos alternativos. El servicio al cliente fue horrible. Se negaron a volver a reservarnos, rechazaron nuestras solicitudes de vales de hotel y comida y nos enviaron de vuelta con una carta que promete cubrir nuestros gastos hasta nuestro vuelo de regreso. (Ver imagen) Pasamos toda la noche al teléfono con American Airlines e Iberia, donde ambos afirmaron que es responsabilidad de la otra aerolínea volver a reservar el boleto. Finalmente, con la intervención de la dirección de American Airlines, Iberia aceptó volver a reservar nuestro billete. Nos dijeron que tendremos que esperar dos días más para conseguir un vuelo de regreso. Tuvimos que reservar habitación de hotel para dos noches, alquilar un coche y gastar dinero en comida. El vuelo de regreso también fue una pesadilla. Nos hicieron hacer fila fuera del avión durante mucho tiempo (Ver fotos) A nuestros regresos, recojo todos los recibos y comencé una reclamación para obtener el reembolso de nuestros gastos. Case#P 20240930 - 52516564 . Pasé horas hablando por teléfono con representantes que apenas hablaban inglés, y la mejor oferta que recibí después de muchas llamadas telefónicas y correos electrónicos fue por el 10 % de mis gastos totales. El dinero nunca llegó a mi cuenta, y ayer cuando hablé con la representante de Iberia, Kim, me dijo que el caso estaba cerrado. Pedí hablar con un gerente y me informó que el gerente me llamará hoy. Lo adivinaste... Nadie me llama, ni dinero para mis gastos. La forma en que Iberia trata los casos es llevarlo al punto en que se rinde porque ya no puede lidiar con el horrible servicio de costomer. Una estrella es una estrella demasiado para esta aerolínea."
IBE_0449,Iberia,Desconocido,Tangier,Madrid,International,noviembre de 2024,1,Lo peor de la historia es que no es fácil encontrar a alguien que hable inglés o francés o ruso para ayudarte la primera vez y la última vez que viaje con esta pobre compañía y eoroport
IBE_0450,Iberia,Desconocido,Concord,Milan,International,noviembre de 2024,1,"Me dijeron que los avíos se pueden transferir a otra aerolínea pero cuando se prueba, la compañía dijo que los avíos no son transferibles ya que usan avíos y los demás, millas. Así que estar al tanto de la estafa. La opción está enlazada dentro del sitio web, pero el enlace nunca se abre. Tuve que conectarme por chat y confirmé que los puntos en Iberia no se pueden transferir a millas a otra aerolínea. Así que eres stock. Me parece una estafa"
IBE_0451,Iberia,Desconocido,Madrid,Barcelona,Domestic,noviembre de 2024,1,"¡Los peores asientos! También volé trasatlántico con Iberia en clase ejecutiva el peor asiento en tamaño y confort, nunca volveré a esta aerolínea"
IBE_0452,Iberia,Desconocido,Miami,Barcelona,International,septiembre de 2024,1,"Sobrecargaron el vuelo. Sentados un par que habían golpeado su reserva a nuestro lado. La pareja era obesa mórbida así que este cuerpo de personas se derramó sobre mi asiento. Les hice saber que tenía una afección cardíaca y no podía viajar así durante las siguientes 9 horas, sufrí un ataque de ansiedad. No les importaba aunque tenían espacio en 1 clase de calle. Nunca más"
IBE_0453,Iberia,Desconocido,Buenos Aires,Madrid,International,noviembre de 2024,1,"Como viajero frecuente tengo experiencia con múltiples aerolíneas europeas e internacionales. Iberia fue, con diferencia, la peor (incluso después de Ryanair ...) . . mala actitud inglesa, ""agriada"" para ambas rutas del viaje. Mala comida + comodidad del asiento. No otra vez..."
IBE_0454,Iberia,Desconocido,Lima,Madrid,International,noviembre de 2024,1,"Terrible servicio al cliente en todo. Recientemente se realizaron dos vuelos de larga distancia desde Madrid a Lima (y el viaje de vuelta). En ambos vuelos hubo problemas con las pantallas de entretenimiento a bordo y en el viaje de regreso un asiento roto. Las azafatas fueron increíblemente desdeñosas cuando se informó de estos problemas de manera educada. A través del servicio de comidas y bebidas, las azafatas fueron groseras e ignoraron activamente a los pasajeros que no hablaban español, incluso los echaron de menos y no proporcionaron comida durante los servicios de comida."
IBE_0455,Iberia,Desconocido,Barcelona,Chicago,International,julio de 2024,1,"Budgetair, la agencia de viajes no está haciendo nada para ayudar a recuperar el pago de 1269 . 20 GBP que recibieron y a mi esposa y a mí nos negaron el embarque. Localizador de vuelos: KBSGE Este es un vuelo de Iberia operado por American Airlines el 07 / 23 / 2024 . Vuelo IB 4383 BCN - ORD seguido de IB 4150 ORD - SFO. Recibí menos de la mitad del dinero reembolsado después de 3 meses de solicitudes constantes. El resto parece estar perdido ya que Budgetair no responde a mis peticiones e Iberia dice que les enviaron el dinero."
IBE_0456,Iberia,Desconocido,Madrid,Los Angeles,International,agosto de 2024,1,"en nuestro viaje Madrid-Los Angeles con escala en Londres, un error en el sistema informático de la Aerolínea, da error el código de nuestras tarjetas de embarque y no nos dejan acceder. No hicieron nada por solucionarlo de inmediato y nos quedamos tirados en Londres 2 días. Después de varias reclamaciones IBERIA dice que nosotros llegamos tarde y no nos presentamos en puerta embarque"
IBE_0457,Iberia,Desconocido,Lisbon,Orlando,International,noviembre de 2024,1,"Voló de Lisboa a Madrid a Orlando. . . . . . Lisboa una hora tarde. La escala era originalmente de 70 minutos... literalmente corrió a la puerta para tomar el vuelo de Madrid y descubrió que era 30 minutos tarde, luego una hora de retraso, luego una demora de 2 horas. Llegué a JFK a medianoche para encontrar mi maleta no había donde encontrarlo. No se ofrece hotel o comida. Iberia organizó el vuelo a Orlando, pero no siguió los procedimientos y tuve que estar en la línea de ayuda de jetblue 30 minutos mientras la maravillosa mujer en jetblue enderezaba la confusión."
IBE_0458,Iberia,Desconocido,Madrid,Boston,International,noviembre de 2024,1,"Retrasaron nuestro vuelo 3 horas, pero no estamos dispuestos a ayudarnos a volver a reservar nuestra conexión hasta que llegamos a la última conexión 6 horas después. Nos dijo que ya que perderíamos nuestra conexión que podríamos tener que pasar la noche. Nos reiniciamos con la aerolínea asociada e Iberia tardó una eternidad en liberar nuestro vuelo para que lo volviéramos a reservar, casi perdemos el nuevo vuelo que tardó tanto. Cada empleado con el que hablamos en el aeropuerto nos dio información mínima y actuó como si estuviéramos en un inconveniente."
IBE_0459,Iberia,Desconocido,Madrid,Buenos Aires,International,noviembre de 2024,1,"Iberia me preguntó mi opinión sobre el viaje. Copio mi respuesta: Ya elevé 2 reclamos por la situación que vivieron mis padres en el vuelo Madrid - Buenos Aires. El vuelo salía a la medianoche. Ellos llegaron 4 horas antes. La persona que los atendió para hacerles el check-in los obligó a despachar una mochila cuando podrían haber despachado los carry-on. En la mochila no tenían algo que no cumpliera con la reglamentación, por lo que la experiencia ya inició mal. Es más, esa chica les dijo que la aerolínea tenía el derecho de hacer lo que quisiera. Mis padres son personas mayores, arriba de los 75 años. Madre diabética insulino-dependiente. A las 23 hs (1 hora antes de despegar), sin mediar información de un empleado/a de Iberia, se enteraron por las pantallas que el vuelo había sido demorado y que saldría a las 8:30 del día siguiente. Absolutamente nadie les brindó soporte ni se acercó. Intentaron ingresar al Salón VIP y el mismo estaba atestado de gente, imposible ingresar. Esperaron más de 8 hs, con la condición de salud que tiene mi madre, sin poner la insulina en un espacio refrigerado, y sentados en una silla del aeropuerto. Una falta de ética total, un abandono humano, falta de respeto y empatía...entre otras cosas. Una vergüenza el servicio de Iberia. A la distancia y sin poder hacer mucho, las respuestas que me dieron vía telefónica fueron paupérrimas. Ni siquiera podían confirmar que el avión iba a salir 8:30 hs. Cuando les pedimos que los envíen a un hotel, la respuesta fue que lo consiguiéramos nosotros y que después nos reembolsarían el dinero... Les dijimos si podían ir a buscar a mis padres, ya que no se saben mover dentro de un aeropuerto, y la respuesta negativa llegó inmediatamente. Sin dudas, no lo recomendaría a nadie. Me lamento porque yo ya tengo sacado un pasaje para Mayo del año que viene con esta empresa. Estoy analizando de cambiar de aerolínea. No estoy dispuesta a darle más plata a una empresa que maltrató a mis padres. Qué clase de servicio piensan que brindan? Qué clase de formación les dan a sus empleados? Cuáles son los valores que pregonan? Lo repito: SIN DUDAS NO LOS RECOMIENDO Y NO LOS VUELVO A ELEGIR. Aguardo la respuesta a mis reclamos y la compensación monetaria, caso contrario iniciaré acciones legales. Si los tuviera que catalogar diría que es una empresa INHUMANA."
IBE_0460,Iberia,Desconocido,Madrid,Munich,Europe,noviembre de 2024,1,"Recientemente tuve la desafortunada experiencia de volar con Iberia, y es con gran decepción que comparto mi reseña. Al llegar, me afligió descubrir que mi equipaje no había hecho el viaje conmigo. Si bien entiendo que los percances ocurren, es cómo una empresa los aborda lo que realmente importa. Lamentablemente, el servicio de atención al cliente de Iberia se quedó corto en este sentido. Los intentos de buscar asistencia fueron recibidos con indiferencia, y las respuestas que recibí carecían de la empatía o urgencia que cabría esperar en una situación de ese tipo. Los viajeros confían en las aerolíneas algo más que sus pertenencias físicas; confían en ellas con su tranquilidad. Iberia, en este caso, perdió la oportunidad de brindar el servicio tranquilizador y solidario que los pasajeros merecen. Una experiencia cuando menos decepcionante."
IBE_0461,Iberia,Desconocido,Algiers,London,International,noviembre de 2024,1,Vuelo retrasado de Argel conectando 55 minutos en Madrid a Londres Heathrow. Terrible atención al cliente. Tripulación de cabina macho gritando. El equipaje no llegó. Hacer una reclamación en la web de Iberia es una pesadilla. Nunca volveré a viajar con Iberia.
IBE_0462,Iberia,Desconocido,Bilbao,Boston,International,noviembre de 2024,2,Lamentable organización Falta de información fiable Descoordinación en la reasignación de vuelos Suspensión o retrasos injustificados App y web colgadas con mal funcionamiento Correos electrónicos con desinformación
IBE_0463,Iberia,Desconocido,Bergen,Barcelona,Europe,junio de 2024,1,"IBERIA IS HORRIBLE. (Viajé desde BOS - BCN [terminé solo llegando a Madrid] pero esta no era una opción al escribir esto) Gasté el dinero extra para un vuelo directo, despegamos y luego tuvimos que aterrizar de emergencia. Nos mantuvieron en el avión por más de 2 horas antes de... abordar a todos. Nos reservó con una conexión. El vuelo no aterrizó a tiempo, pero corrimos hacia la puerta. La gente caminaba por las puertas de la pista, estábamos a menos de 5 pies de distancia y el asistente corrió a cerrar las puertas y nos negó el embarque. Tenemos 4 vuelos de reserva y no pudimos subir a ninguno de ellos. Esto nos mantuvo en el aeropuerto durante 7 horas esperando. Luego Iberia me envió a una persecución salvaje para localizar mi equipaje. Después de hablar con un asistente que me dijo que esperara en el cinturón de equipaje (estuvo allí durante más de una hora) finalmente me dijeron que mi equipaje fue enviado a mi destino final hace horas. Tuve que gastar más de $ 1 mil en billetes de tren, otros cientos de dólares en hoteles. Viajaba para un crucero y me perdí los primeros 3 días del mismo. Me encanta viajar pero Iberia fue tan horrible que no he viajado desde entonces."
IBE_0464,Iberia,Desconocido,Bogota,Madrid,International,diciembre de 2023,1,Compramos tiquetes de Bogotá a Madrid; semanas después Iberia canceló la compra pero permitió comprar los mismos vuelos a precios más altos. Esto sucedió tres veces y cada vez con el precio más alto. Iberia nunca dio una explicación!
IBE_0465,Iberia,Desconocido,Tokyo,Madrid,International,noviembre de 2024,1,"15 horas de vuelo sin entretenimiento, ni cargo por dispositivos. Horrible. El personal estaba abrumado y molesto. Peor experiencia del cliente y experiencia de vuelo"
IBE_0466,Iberia,Desconocido,Madrid,Santiago,International,noviembre de 2024,1,"Hola soy Veronica Lamentable experiencia por nada en el mundo elegiría volar con ellos, unos mentirosos es la palabra correcta, sufrí un overbooking no me dejaron volar teniendo el vuelo comprado con un año de antelación y con un coste de casi 900€ aparte una atención lamentable nada mas te acercas te tratan como una m.. me dice la señora aaa eres overbooking ponte a un lado no entorpezcas, esto todo es legal es su justificación, vergonzoso el sistema que tiene , me cambian el vuelo diciendome que es un vuelo directo y luego resulta que es un vuelo con parada en Bogota y ya ni hablar de la atención telefónica, creo que esa gente ni la eso tienen, lamentable que haya compañías así, no pude volar por culpa de su mala gestión , ni recomendaría ni volaría mas con ellos, ojalá se arruine la compania por hacer eso a la gente"
IBE_0467,Iberia,Desconocido,Bogota,Madrid,International,septiembre de 2024,1,"Déjenme comenzar diciendo que los agentes de iberia no son agentes de migración, se aprovecharon de que estaba vulnerable emocionalmente y que me daba miedo hacer un escándalo, para hacerme comprar un vuelo que no era un requisito de mi viaje Tengo visa de estudiante e iba a comenzar mis estudios universitarios en España, pero mi visa tenía fecha inicial tres días después de mi viaje, significando que esos 3 días estaría como turista, cosa que no es problema, ya que Colombia tiene 90 días de turismo y por esto siendo incongruente con mi estadía, obviamente no compre vuelo de devuelta y me lo solicitaron. No solo retuvieron mi pasaporte mientras el resto de pasajeros entraban, no me miraban a la cara, me sacaron de la fila y ni siquiera ofrecieron ayudarme a comprarlo o ofrecerme fechas para el vuelo; me tocó a mí misma llamar a mis padres para que buscaran un vuelo mientras la gente subía al avión y ellos no me daban ninguna garantía ni comentario de nada, fueron extremadamente condescendientes, me sentí como si hubiera dejado de ser una cliente y ahora era un criminal. Cuando trate de argumentar que no tenía lógica comprar un vuelo de vuelta porque mi visa es por un año, me dijeron que me iban a pedir lo mismo en España, pero cuando aterrice en España no se me fue solicitado nada, solo mi pasaporte y visa. A parte de esto el vuelo fue incómodo pero relativamente normal para turista pero el verdadero problema es que pague por internet por todo el vuelo y solo tuve internet por una hora, cuando se lo mencioné a una azafata me dijo que yo tendría que escalarlo cuando aterrizáramos y que no podía ayudarme, además debo mencionar que antes de que comenzaran a repartir los desayunos fui al baño y cuando quise devolverme a mi asiento no pude porque el carrito tomaba todo el espacio de ambos pasillos y cuando despues de muuucho esperar, me senté y llame a una azafata para mi desayuno perdido pero como estaban claramente atrasadas con el desayuno, ya habia alerta de aterrizaje pronto y nadie vino. Por ultimo, esta gente tuvo el descaro de rechazar mi escalación de reembolso del vuelo que claramente fui obligada a comprar, lo he vuelto a escalar pero sinceramente no creo que vuele con ellos nunca, lo que hicieron fue abuso de autoridad y manipulación emocional."
IBE_0468,Iberia,Desconocido,Madrid,Abu Dhabi,International,noviembre de 2024,1,"Cree en TODAS las críticas negativas que lees. 1 . El vuelo se retrasó casi una hora, lo que nos llevó casi a perder el vuelo de conexión. 2 . Las azafatas fueron groseras e irrespetuosas. 3 . Decir que los baños estaban asquerosamente sucios es una eufemismo. El asiento tenía manchas de orina, el suelo era pegajoso, el lavabo tenía mugre pegada en él. El baño apesta. 4 . Perdieron una de mis maletas."
IBE_0469,Iberia,Desconocido,Miami,Madrid,International,octubre de 2024,1,"EL VUELO ESTABA PROGRAMADO PARA EL 18 A LAS 9:35 PM Y SALIMOS EL 19 A LAS 3:15 AM CON CASI 6 HORAS DE RETRASO, ADEMAS DE HABERNOS QUITADO LOS ASIENTOS QUE SE HABIAN PAGADO. PERO LO PEOR NO HA SIDO ESO, SINO EL TEMA DE LAS RECLAMACIONES, QUE AUN NOS DICEN QUE NO SOMOS INDEMNISABLES, NO RECOMENDARIA A NADIE ESTA AEROLINEA, PORQUE NO SABEN QUE ES EL RESPETO A UN PASAJERO"
IBE_0470,Iberia,Desconocido,Porto,San Antonio,International,septiembre de 2024,1,"De regreso a los Estados Unidos desde Oporto a través de Madrid, nuestro vuelo fue cancelado. Apenas había servicio de atención al cliente ayudando en Oporto. Nos dieron actitudes cuando nos preguntaron qué hacer a continuación! Ninguna empatía. Llamar a Iberia no fue de ninguna ayuda. Dijeron que no podían hacer nada y solo esperaban un correo electrónico de Iberia... El Servicio de Atención al Cliente de Iberia en Oporto nos entregó una hoja de papel sobre nuestro vuelo cancelado y nos pidió que presentáramos una reclamación por nuestros gastos de pernoctación de hasta $ 200 para una pernoctación. Sin embargo, cuando presenté el reclamo, rechazaron el reclamo y declararon que estaba resuelto. Iberia Airlines no tiene integridad y no se preocupa por sus clientes. NO reserve nada a través de Iberia Airlines. Ahorre su dinero y el agravamiento de tratar con un servicio al cliente realmente malo."
IBE_0471,Iberia,Desconocido,Madrid,Malaga,Domestic,septiembre de 2024,5,EXCELENTE ATENCIÓN DE LA TRIPULACIÓN DE CABINA. VUELO SIN ALTIBAJOS LO RECOMIENDO DEFINIVAMENTE. VOLVERIA A VIAJAR EN IBERIA
IBE_0472,Iberia,Desconocido,Sao Paulo,Madrid,International,octubre de 2024,1,"¿Alguna vez te has preguntado cómo se siente volar con las azafatas más gruñonas que puedas conocer? Entonces tengo una solución para ti, vuela con IBERIA! Su experiencia comenzará cuando aborde el avión, donde se encontrará con las azafatas que parecen estar severamente estreñidas. Avanzar, en viajes largos abordar puede tomar fácilmente hasta una hora por lo menos. Así que si tienes que usar el baño para mal por ti, porque con esta gran aerolínea si les pides que usen el baño te responderán “no ahora mismo...” con la misma actitud de un chico I-pad al que le quitaron el iPad, y si le preguntas si será posible antes de abordar usar el baño te encontrarás con su respuesta más usada; “no sé...” con el picante de poner los ojos en blanco. En el aire los asientos no son nada que celebrar, pero de nuevo puedes tener tus expectativas altas en economía. Si tienes suerte tu asiento estará equipado con una manta y una almohada, si no adivina que tienes que ser rápido y arrebatar algo (porque el vuelo se enfría mucho). Pero además de que los asientos están equipados con algunas pantallas bastante ordenadas, que contiene juegos, películas, audio etc. , estas pantallas también contiene los botones para la luz y para llamar a una azafata. ¡Pero no te dejes engañar! ¡Solo porque hay un botón para el servicio, no significa que usted recibirá ninguno! En este vuelo llamé al servicio 5 veces, y una azafata apareció 0 veces de esas 5. No sé si se siente peor ser fantasmado por un ex o una azafata que pasa por delante de ti varias veces. Pero te preguntarás, ¿por qué una persona sería tan consistente en llamar al servicio solo para ser ignorada? Bueno era para preguntar si la comida a bordo contenía piña, ya que soy muy alérgica y prefiero no morir, aunque ya cayó como si estuviera en el infierno. Y para mi suerte pasó una azafata, y finalmente logré llamar su atención y preguntarle si la comida tenía piña, y su respuesta fue “mhmm no sé...”. Supongo que tuve que comer yolo, o simplemente no comer. Más tarde en el vuelo tuve que usar el baño, el de la izquierda estaba ocupado así que solo usé el de mi derecha. Solo para sorprenderme, que el espejo se desplomara y colgara de por vida, revelando cualquier aislamiento que estaba pasando detrás de él. Afortunadamente había una azafata justo al lado del baño contemplando la vida, y le dije al respecto, ¿su respuesta? “Mmmkay”. Esto dejó un poco de silencio incómodo, así que pregunté “¿todavía puedo usarlo?” Y por supuesto que debería haber conocido la respuesta “no sé” perfeccionada con un rollo de ojos. Así que elige IBERIA, si quieres saber cómo se siente el infierno."
IBE_0473,Iberia,Desconocido,Berlin,Algiers,International,noviembre de 2024,1,"Si pudiera darles menos de 1 estrella, definitivamente lo haría. Tuve una experiencia horrible con Iberia y es la peor compañía aérea hasta ahora. Perdí mi vuelo debido a su falta de competencia y cero profesionalidad. mi nombre estaba escrito incorrecto en mi reserva y ti los llamó a las 23 : 00 , siguen hablando , fingiendo que están haciendo el trabajo correctamente ... . . y diciéndome que llame en una hora ... Traté de solucionar el problema llamando y hablando con tal vez 7 u 8 de sus trabajadores hasta las 06 AM soooo toda la noche , los trabajadores del aeropuerto trataron de hablar con ellos también para ayudarme al final perdí mi vuelo porque me borraron de la lista de pasajeros y el check-in - no fue posible ni en línea ni en el aeropuerto , no me reembolsaron el precio del vuelo a mí ! ! ! ! ! !"
IBE_0474,Iberia,Desconocido,San Juan,Madrid,International,octubre de 2024,1,"Confirmación de reserva UJMQDG a San Juan, Puerto Rico Ten mucho CUIDADO al comprar entradas con IBERIA. Te envían la confirmación del vuelo y luego cancelan la transacción sin notificarte. NO te fíes de la plataforma Iberia. Compré mi billete directamente en Iberia, recibí la confirmación por correo electrónico y me aseguré de tenerlo en mi aplicación Iberia. El día que llegó mi vuelo, intenté registrarme en la aplicación y la reserva no apareció. Revisé el correo electrónico y confirmé mi reserva, pero no pude registrarme. Ahí comenzó mi pesadilla. Llamé a Iberia y me informaron que la reserva no existía. Me pidieron que escribiera a través de WhatsApp, lo que hice, pero recibí muy poca ayuda de los agentes. No pudieron darme ninguna respuesta clara porque tenían que comprobar todo primero. Fui al aeropuerto, y para mi sorpresa, Iberia no tiene personal propio allí, así que nadie pudo ayudarme. Terminé comprando un billete con American Airlines de SJU - MIA - MAD, a pesar de que se suponía que mi billete era un vuelo directo SJU - MAD - SJU. Mi esposo viajó en ese vuelo directo, mientras que yo tuve que tomar un vuelo diferente, pagando casi el doble. Más tarde, escribí a Iberia, y por supuesto, no he recibido respuesta. El sistema informático de Iberia, en primer lugar, no debería haber generado una confirmación si la transacción estaba incompleta. En segundo lugar, si generó la confirmación, debería haber enviado una notificación de cancelación. Quiero un reembolso por la diferencia en lo que pagué por el boleto que tuve que comprar. Este caos fue causado por IBERIA. Billete con AA reservado a través de Iberia, número de referencia HLRJS."
IBE_0475,Iberia,Desconocido,New York City,Madrid,International,octubre de 2024,1,"Planeé el viaje para poder volar Premium Economy. Justo antes del segmen saliente, cambiaron de equipo y eliminaron Premium Economy. Luego siguieron borrando mi asignación de asientos. Tuve que seguir llamando para recuperarlo y prácticamente todos los agentes con los que hablé me desinformaron. No son de fiar y tratar con Iberia fue una pesadilla. No volveré a volar con esa aerolínea."
IBE_0476,Iberia,Desconocido,Madrid,Rome,Europe,octubre de 2024,5,"Agradezco a la tripulación de este vuelo en especial a Edgar Castel Esteve por su atención durante todo el viaje; Edgar fue muy profesional tratando de explicarme como se desarrollan las turbulencias y dándome apoyo debido a mi estado de pánico; fue muy paciente y sobre todo empatico, estuvo pendiente de mi todo el tiempo. Lo mismo Pedro Belmonte Albarracin que con su simpatía logró hacerme sonreír Una gran tripulación la del vuelo IB0657 de Madrid a Roma"
IBE_0477,Iberia,Desconocido,Dallas,Madrid,International,junio de 2024,1,"Revisión de cuidados duros aquí, ya que Iberia perdió el equipaje para mi familia: una familia de cuatro, una segunda familia de cuatro y tres personas de Estados Unidos a Madrid. Son 11 personas, todos con equipaje perdido. Aterrizamos en Madrid y estábamos en camino a conocer un tren a Barcelona y luego tomar un crucero. Esta aerolínea es miserable. Leímos los consejos de Reddit en cada paso del camino que nos advertían que si Iberia perdía nuestro equipaje estábamos en verdaderos problemas. Créelo. Miserable. Así que me alegra compartir el paso a paso de la miseria que sufrimos por parte de Iberia Airlines. Primero, saltaré al final: volvimos a casa después de tres semanas de viaje y 2 - 3 semanas después, para varios de nosotros - finalmente obtuvimos nuestro equipaje. Iberia nos envió un cheque, para 11 personas, por $ 1500. Para todos nosotros. Así que voy a compartir lo que tienes que esperar de Iberia Airlines. Día uno -día de equipaje perdido- aterrizó en Madrid -agotado-. Pasamos 3 - horas, junto con más de cien pasajeros más encontrando la línea correcta y luego presentando las reclamaciones apropiadas. La gente era agradable - simplemente no lo suficiente de ellos - y fue 2 horas en la cola. Por cierto, a pesar de presentar nuestras reclamaciones según las instrucciones del personal, la mayoría de nosotros nunca recibimos una sola comunicación sobre nuestro equipaje individual. Iberia ha recibido múltiples mensajes de mi parte. NUNCA he recibido una palabra de ellos. So. Perdimos nuestro tren. Pagó un extra de $ 700 por tarifas de tren y larga demora. Pagué un extra de $ 100 por gastos de transporte ya que llegamos a Barcelona super tarde. Perdimos una tarde agradable de nuestras vacaciones en Madrid y una noche con el resto de nuestra fiesta en Barcelona. Investigando Iberia de otros pasajeros y sintiéndote poco bien sobre los próximos días."
IBE_0478,Iberia,Desconocido,Madrid,Miami,International,octubre de 2024,1,"Voló desde MAD - MIA 28 / 10 / 2024 . Diez horas de vuelo. Los asistentes están bien sirviendo comida, y asegurarse de que todos estén sentados en sus asientos mientras se retrasa el despegue, es importante ya que el avión no puede despegar si las personas necesitan el baño después de un retraso de 2 horas. A primera hora sirven una comida que estaba bien. Después del servicio de comidas, la basura se acumuló, desaparecieron. Ocho horas después, dejan los pequeños sándwiches antes de aterrizar. Mientras tanto, están en su cocina durante 8 horas, sin molestarse en recoger basura tal vez cada dos horas, ¿eso es mucho pedir? En las últimas horas de vuelo, el avión es un peligro biológico, varios de los baños están acordonados, presumiblemente porque la gente está tirando su basura en los baños. Cuando hablé con una azafata al respecto y les dije que no habría tal problema si recogían algo de basura unas cuantas veces durante el vuelo, me encontré con una burla de que no era su problema. ¡Absolutamente asqueroso! Nunca más."
IBE_0479,Iberia,Desconocido,Madrid,Guatemala City,International,octubre de 2024,1,"Estafadores con todas las letras . Compramos tarifa confort, para asi poder disfrutar de un pequeño espacio extra. La sorpresa fue cuando subimos al avion y tal espacio no existia en ese vuelo. Preguntamos a los trabajadores de a bordo y su respuesta fue que nunca en ese vuelo internaciol existia tal espacio. Mandamos queja por la pagina y su respuesta fue insultante que si , que es lo que habia y que estarian encantados en ayudarnos para nuestro proximo vuelo. Cuando pagamos bastante mas dinero por ese espacio , el dinero nunca volvera en nuestro bolsillo. Indignante . Mejor elegir otra compañia con mejor valores que esta ."
IBE_0480,Iberia,Desconocido,Madrid,Porto,Europe,noviembre de 2024,2,"PÉSIMA ATENCION de la persona que estaba para ayudar a obtener su tarjeta de embarque o la cinta para la maleta facturada . Mala actitud, solo te remitía a las maquinas de check in pero nunca enseñó a nadie a usarlas. Muchas de las máquinas no funcionaban bien, con mala lectura del código de barras. No me imagino como la pasaría alguien que ni siquiera está familiarizado con eso. Deberían colocar una ventanilla exclusiva a obtener esas tarjetas por si falla la máquina o poner a un personal que de verdad haga su trabajo."
IBE_0481,Iberia,Desconocido,Los Angeles,Barcelona,International,octubre de 2024,1,"Reservamos el vuelo de regreso en enero de 2024 para viajar en octubre de 2024. Estábamos a punto de salir hacia el aeropuerto, comprobamos el estado del vuelo. No recibimos un correo electrónico indicando que cancelamos este vuelo. Nos pusimos en contacto con el servicio de atención al cliente de Iberia y el señor con el que hablamos dijo que el vuelo no fue cancelado. Le preguntamos si estaba seguro porque google flights dice cancelado. Dijo que no señor no cancelado así que en base a lo que la respuesta confiada del representante de servicio al cliente de Iberia procedimos a salir y nos dirigimos al aeropuerto decidimos llegar 4 horas antes de nuestro vuelo por si acaso el representante se equivocaba. Llegamos a la línea Iberia y en el mostrador las señoras que trabajaban en el ticketing y facturación de equipaje no facturaban a nadie y no decían si el vuelo se cancelaba o no. Ellos no respondieron a nuestra pregunta, fueron groseros y solo nos dijeron que continuemos y esperemos en la fila. Después de 2 horas de espera en línea sin que nadie nos respondiera si el vuelo fue cancelado y si podemos tomar otro vuelo para llegar a Barcelona. Nos dijeron que no había vuelos hasta la mañana siguiente. Preguntamos por qué no recibimos la cancelación por correo electrónico y por qué el representante del cliente en el teléfono no nos dio la información correcta y por qué tuvimos que esperar en la fila durante dos horas sin ninguna respuesta en cuanto a si el vuelo fue cancelado o no para que pudiéramos buscar otras opciones y no obtuvimos ninguna disculpa ni ninguna explicación. Todo el mundo era tan poco profesional y grosero y ninguno de ellos tenía idea de cómo responder a las preguntas. Esta era nuestra primera vez volando con Iberea y habíamos comprado comida del menú especial y habíamos pagado 200 dólares extra cada uno de nosotros por nuestros asientos para más espacio para las piernas. Tomamos una aerolínea diferente y volamos a Barcelona porque necesitábamos llegar allí para una boda y el vuelo tenía una parada. Ya que teníamos nuestro billete de vuelta con Iberia para vuelos sin escalas de nuevo con asientos pagados íbamos a usarlo en el camino de vuelta una semana después que era hoy. Antes de ir al aeropuerto una vez más tratamos de hacer el check-in y ningún vuelo estaba subiendo como si fuera una aerolínea fantasma, pero lo interesante era que la aerolínea una vez más no nos había enviado un correo electrónico de cancelación de hecho, habíamos recibido un correo electrónico diciendo que se prepare para su vuelo 2 días antes. Cuando llegamos al aeropuerto de nuevo antes de tiempo los representantes del mostrador de facturación fueron extremadamente groseros y poco profesionales y no nos dieron una respuesta directa. El vuelo había sido cancelado Dios sabe cuándo y no había rastro de él ni correo electrónico re cancelación. Seguimos diciéndonos que nos pusiéramos en contacto con el número de teléfono que tenían para la aerolínea de servicio al cliente y no podían ayudarnos con nada allí tuvimos que llamar y tratar con un representante por teléfono. No respondieron a ninguna de nuestras preguntas y siguieron siendo groseros y poco profesionales como si fuera nuestra culpa y no la culpa de las aerolíneas. Estábamos atrapados en el aeropuerto llevando a los representantes por teléfono y esos representantes tampoco tenían respuesta para nosotros. Ahora estamos atrapados durante la noche, ya que no pudieron ofrecernos un vuelo para salir el mismo día a pesar de las disponibilidades de otras aerolíneas, ofrecieron un vuelo que nos llevará de regreso a Los Ángeles dentro de dos días con escalas que hacen que no pueda regresar a mi trabajo el viernes y perderme importantes reuniones de trabajo. Estoy exhausto y extremadamente molesto por cómo las aerolíneas Iberea cancelaron nuestros vuelos de ida y vuelta sin ninguna notificación de cancelación por correo electrónico y cómo nos trataron. Nunca antes habíamos experimentado estos problemas con ninguna aerolínea el maltrato, la tergiversación de todas las experiencias negativas que encontramos. Muy decepcionante."
IBE_0482,Iberia,Desconocido,Seville,Brussels,Europe,octubre de 2024,1,"Debido a la capacidad máxima no podía llevar mi pequeño equipaje de mano dentro del avión. Ya hubo un retraso y tuve un traslado en Madrid, por lo tanto insistí en que mi equipaje podría tener un problema. Insistieron en que todo lo que la lana debía uno y que ellos personalmente se lo atribuyeran. Sin embargo llegando a Bruselas, no se encontró equipaje de mano. Vendré en días siguientes a la entrega en su casa, pero me quedaré en otro país lejos y extrañaré el equipo esencial para mi negocio allí! ¿Por qué quitar equipaje a los pasajeros con un traslado, más trabajo para Iberia, mayor riesgo de problemas y ahora muy caro de resolver para Iberia. . ."
IBE_0483,Iberia,Desconocido,Lima,Madrid,International,octubre de 2024,2,"Personal grosero, entretenimiento no funciona (para un vuelo de 12 horas! ) , comida mínima de mala calidad. No hay aperitivo, desayuno pequeño y el personal te manda alrededor."
IBE_0484,Iberia,Desconocido,London,Madrid,Europe,mayo de 2024,1,"IB perdió el cochecito de mis hijas. Billete reservado a través de BA pero vuelo del IB y nadie quiso hacerse responsable - 7 meses después del evento a través de quejas tanto al IB como a BA me dicen por IB que debería haber alquilado un cochecito por 5 días con un recibo - no estoy seguro de dónde podría alquilar un cochecito de Madrid! ! Esperemos que IB pueda iluminarme ya que nos causó grandes problemas logísticos e inconvenientes llevar un niño de 3 años. Parece que IB son muy buenos para desviar cualquier responsabilidad o pagar por reclamaciones, cualquier excusa para no asumir responsabilidad. Por favor, no vuele Iberia - realmente son pobres y aparte de no entregar cochecitos el servicio a bordo es terrible, la tripulación de cabina necesita reentrenamiento, ya que nunca he volado con una tripulación tan autorizada. Terrible aerolínea - por favor no vuele"
IBE_0485,Iberia,Desconocido,London,Quito,International,septiembre de 2024,3,"Londres – Madrid - Quito Vuela en clase Business de London Heathrow a Quito EcuadorMadrid. El check-in en Heathrow era relativamente libre de dolor y el carril prioritario a través de inmigración era útil. El salón de clase ejecutiva en Heathrow es compartido con BA y varias otras aerolíneas y estaba absolutamente embestido con pasajeros, pero finalmente logramos obtener dos asientos juntos. Había una buena gama de comida en el salón y las bebidas se recargaban regularmente. Los asientos de clase ejecutiva en la etapa de corto recorrido desde Heathrow no son mucho más que un asiento estándar (una pulgada o dos adicionales quizás) pero obtiene tres asientos entre dos. También faltaba espacio de almacenamiento. La comida era aceptable con una elección del plato principal, también una selección razonable de bebidas alcohólicas o no alcohólicas. A largo plazo, parte de nuestro viaje tenía camas totalmente planas, una buena selección de películas, etc. en el sistema de entretenimiento. La comida era de nuevo aceptable con buena elección de entrante, principal y desiertos. La única desventaja era que se servía muy poco después del despegue, la tripulación parecía hacer esto para que luego tuvieran, en este vuelo, siete horas de descanso. A nuestro regreso en la ruta inversa nuestro equipaje decidió tener un día extra de vacaciones en Madrid, pero dos días después se entregó en casa."
IBE_0486,Iberia,Desconocido,Lima,London,International,octubre de 2024,1,"Volamos con Iberia de Lima a Londres, la parada fue en Madrid. La comida era horrible, el personal grosero y rápido, no pensó que pedir dos bebidas después de 9 - 10 horas de vuelo, habiendo recibido una pequeña botella de agua y un café en todo el vuelo, se encontró con un gruñido. Para añadir daño al insulto, nuestros casos se perdieron cuando llegamos a Heathrow, mi amigo recibió notificación antes de aterrizar. El personal en el equipaje perdido fue el más servicial, pero ahora sabemos que uno de nuestros compañeros de viaje han rastreado su maleta, está de vuelta en Londres. Es triste decir que nadie se ha puesto en contacto con nosotros todavía, ¿tengo que molestar más?"
IBE_0487,Iberia,Desconocido,Miami,Madrid,International,febrero de 2024,1,"La peor aerolínea de la historia. Estoy tratando de usar un vale que recibí de una cancelación por más de tres meses. Cada vez que me da un error. Presenté una reclamación a Iberia y no responden a los correos. El último email que recibí decía que contactara con el servicio al cliente. Llamé a servicio al cliente el mes pasado, hablé con supervisores. Afirmaron escalar la reclamación y nada aún. Mientras tanto, necesito usar el bono para una nueva reserva en diciembre y el precio del vuelo sigue aumentando. ¡NO VUELES IBERIA! EL PEOR SERVICIO AL CLIENTE QUE EXPERIMENTARÁS."
IBE_0488,Iberia,Desconocido,London,Madrid,Europe,octubre de 2024,1,"Son la peor aerolínea que he tomado. Se supone que perdieron la bolsa de mis hijos, pero cuando apareció en el hotel estaba cubierta con aceite / sustancia pegajosa. Probablemente la verdadera razón por la que no estaba en el carrusel de equipaje. Simplemente no dijeron la verdad. Luego insistieron en que fue rapeado para el vuelo de regreso como estaba en este estado. A un costo de 10 euros que luego se negaron a reembolsar ya que no era necesario. Se han negado a toda responsabilidad por los daños."
IBE_0489,Iberia,Desconocido,Chicago,London,International,septiembre de 2024,1,"He reservado un vuelo que ha confirmado la reserva con dinero cobrado pero no me dio un billete, después de algún tiempo que lo comprobé y llamaron agente de CS dijo que la reserva es bueno para ir y me reenviará billetes 1 h después no hay confirmación de billetes no muestra mi reserva confirmada más Llamar a la aerolínea de nuevo 1 calle dijeron cambiable pero vuelo será con escala adicional Bien, confirmé que ya había pasado mucho tiempo, solo quería hacerlo. 2o Dijeron que lo siento, no es posible. Podemos intentar reembolsarte el dinero. Bueno ni siquiera se pasaron 10 h ya que han cobrado dinero técnicamente ventana nula aún activo reembolso debería ser rápido 3er dicen que presentarán el caso no darán una confirmación sobre el reembolso y ninguna garantía dije que no funcionará con nosotros Su supervisora Caroline estaba interrumpiendo y no me dejaba terminar las frases. 0 . 00 de 10 No hay respeto ni apoyo de sus agentes y por un momento he reservado billetes de clase ejecutiva pagados $3. 7 mil y a esos tipos no les importa cómo tratarte"
IBE_0490,Iberia,Desconocido,London,Seville,Europe,septiembre de 2024,1,"¡Hemos bautizado Iberia como la aerolínea oficial de la Inquisición española! A pesar de que son socios de las principales aerolíneas como BA y American, no juegan con las reglas de su propio juego. La mayoría de los vuelos a lugares dentro de España desde otros países de la UE o desde otros lugares más lejanos deben pasar por el Aeropuerto de Madrid. El aeropuerto de Madrid es muy grande y mucho más complicado de lo que sugiere su página web. Además, la mayoría de los empleados que encontrará para obtener ayuda con las direcciones y procedimientos no hablan nada excepto español. Y... están trabajando como terceros contratistas externos a Iberia, no como la propia aerolínea. Iberia elige ciertos vuelos para ciertas conexiones de destino. No puedes cambiarlos fácilmente cuando reservas. Ni siquiera las mejores agencias de viajes como American Express. Habíamos reservado y pagado por adelantado para un viaje de ida y vuelta de Londres a Sevilla a través de Amex. Iberia dio un tiempo de conexión de menos de dos horas. Esto suena bien, excepto que nuestro vuelo era muy tarde en el despegue y la llegada no hacen nada que pudimos ver. el aeropuerto era un caos a diferencia de lo que Iberia nos había dicho en Heathrow. Tuvimos solo 40 minutos para pasar por el control de pasaportes, la seguridad, y tomar un viaje en tren de 13 minutos a una terminal distante. Llegamos justo cuando la gente final estaba cargando y se les negó el embarque. Amex no pudo volver a reservarnos porque estábamos en control de Iberia. el agente de rebooking nos catalogó como no shows. Ni siquiera nos ofreció nada más que en espera en una aerolínea de presupuesto local a pesar de que más tarde nos enteramos de que había un Iberia Express vacío a Sevilla saliendo en menos de 90 minutos. Lo aprendimos paseando hasta que encontramos el único servicio de asistencia de Iberia. Tuve que comprar asientos de clase biz a pie por casi $ 800 cada uno para un vuelo de 50 minutos. Volver tomó tanto tiempo que perdimos casi un día de explorar el sur de España. Nuestro personal español dijo que nunca use Iberia - - - use el sistema de trenes o easyjet."
IBE_0491,Iberia,Desconocido,Lima,Zagreb,International,octubre de 2024,1,"Reservé mis vuelos con Iberia de Zagreb a Montevideo, y de vuelta de Lima a Zagreb, tres etapas en clase económica (Zagreb - Madrid, Madrid - Montevideo, y de vuelta Madrid - Zagreb) , y para un vuelo de entrada largo Lima - Madrid, reservé premium economy, y pagué el precio adecuado. Se hizo con mucha antelación, 5 meses antes de los vuelos. Apenas una semana después de la reserva, IBERIA me informó que no hay plazas disponibles en premium economy en mi vuelo de entrada Lima - Madrid, y que por lo tanto fui rebajado a economy. Todos mis intentos de comunicarme con IBERIA y encontrar una solución con la que estaría razonablemente feliz fracasaron. El contacto en línea es prácticamente imposible, así que lo intenté en el aeropuerto de Madrid y Lima, donde acaban de tener una única y única ""solución"" - volar y después de que todos sus vuelos se han realizado, escríbanos para ver sobre el posible reembolso. 24 horas antes de mi vuelo de llegada, IBERIA me informó (y probablemente también a otros pasajeros) que están experimentando problemas con el sistema de entretenimiento a bordo por lo que no funcionaría probablemente en el vuelo, y nos dieron un consejo maternal para descargar nuestro propio entretenimiento. El sistema no funcionó en todo el vuelo. Tampoco había wifi. En el vuelo Madrid - Zagreb ( 2. 5 horas) cobran a los pasajeros por todo, ni siquiera hay un vaso de agua ofrecido de forma gratuita. Sugiero a mis compañeros de viaje que, si hay alguna otra opción, eviten IBERIA, esta fue, con diferencia, mi peor experiencia."
IBE_0492,Iberia,Desconocido,Madrid,Miami,International,octubre de 2024,1,"La peor aerolínea de la historia, pagué por asientos por la ventana que cambian cuando llegamos al aeropuerto. Incapaz de obtener un reembolso, muy muy mal servicio al cliente. Cabina vieja, paz aflojada en el sear. por favor evite volar con la aerolínea IBERIA!"
IBE_0493,Iberia,Desconocido,Washington DC,Madrid,International,septiembre de 2024,2,"Pagamos por asientos, pero no nos dieron esos asientos en ambos vuelos sin explicación. Tuvimos que sentarnos al lado del baño durante 9 horas volviendo a casa con la gente colgando por todos nuestros asientos, dejando la puerta balanceándose abierta, apestoso, sucio, etc. Largo proceso para presentar una reclamación a reembolsar. Las llamadas telefónicas al servicio de atención al cliente antes de ambos vuelos conducen a una completa información inexacta en cada momento. Nos retrasamos 2 : 50 dejando Dulles para Madrid, y perdimos nuestro tren a Valencia una vez que estuvimos allí. Teníamos un seguro de viaje que nos compensaría por los billetes de tren, pero necesitamos presentar algo por escrito de Iberia que dé una razón para el retraso, y a pesar de presentar una reclamación, como nos indicaron, Iberia no puede proporcionarnos. Así que ahora estamos fuera $ 170 para los boletos de tren adicionales. Tal incompetencia,"
IBE_0494,Iberia,Desconocido,Miami,Madrid,International,septiembre de 2024,1,"¡NO VOLAR IBERIA! Son como Espíritu con esteroides. La peor experiencia de vuelo de mi vida. Los aviones son viejos y asquerosos y no entienden lo que significa el servicio al cliente. NUNCA los volveré a volar sin importar lo baratos que sean los boletos. Enviaron el avión equivocado y nos pusieron en un avión de nivel inferior de Miami a Madrid llamado Vamos - fue inhumano. El vuelo de regreso fue ligeramente mejor, pero aún así horrible. NUNCA MÁS"
IBE_0495,Iberia,Desconocido,Manchester,Bogota,International,octubre de 2024,1,"Pagué más de 5000 euros por los vuelos en clase ejecutiva de Manchester a Bogotá.iberia cambió mi vuelo Atlantic de salida, menos de 24 horas antes de lo que debía volar, al día siguiente, lo que significó una estancia de 8 horas en el aeropuerto de Madrid y luego una escala adicional de 7 horas en Bogotá mientras esperaba otro vuelo interno. Pero el salón de clase ejecutiva en Madrid cerró a la 1 am y todos los hoteles estaban llenos cuando intenté reservarlos debido a un partido de fútbol Barcelona - Madrid esa noche. Llamé al servicio de atención al cliente de Iberia que eran muy pobres. Dijeron que obtendría un vale de hotel, pero no podían decir dónde estaría el hotel, cómo llegaría ni cómo funcionaría el vale ni garantizar que estaría disponible. Era tan vago. Quería asegurarme de que no me dejarían sentado toda la noche en una terminal cerrada del aeropuerto. Me sorprendió el poco esfuerzo que Iberia hizo para ponerse en contacto conmigo sobre la grave interrupción que había causado la cancelación del vuelo dado que estaba volando en clase ejecutiva. Tuve que hacer todo el esfuerzo, llamarlos, tratar de encontrar mi propio hotel para pernoctar, etc. Después de haber hablado con Iberia sentí que había un cambio significativo que me dejarían pernoctar en el aeropuerto de Madrid sin alojamiento. Cree en todas estas reseñas de una estrella. Iberia son inducidos de aerolíneas y nunca más volaré Iberia después de mi experiencia. Incluso si vuelas en clase ejecutiva, no les importaría menos."
IBE_0496,Iberia,Desconocido,Buenos Aires,Madrid,International,agosto de 2024,1,"Recibí un correo electrónico cancelando mi vuelo de regreso a Madrid la noche antes de que debía volar. Según la UE, los derechos de los pasajeros que cancelen en menos de 14 días de antelación, en un vuelo de más de 3. 500 km, hacia, desde o por una compañía aérea con sede en la UE conlleva la obligación de indemnizar a los pasajeros con 520 libras esterlinas, a menos que el motivo esté fuera del control de la compañía aérea, es decir, catástrofe natural, guerra, condiciones meteorológicas extremas. Esto se debió al hecho de que la aeronave había desarrollado una falla técnica y no tenían otro avión disponible para volarnos de regreso. Estamos hablando de THE IBERIA GROUP. Esta no es una pequeña empresa regional de bajo costo. Los he enviado por correo electrónico y teléfono varias veces y hasta ahora: nada, zilch, rien, nada! Están rechazando mi compensación legítima porque dicen que esto estaba fuera de su control. Estafadores, forajidos, ladrones. Vuelo a menudo por mi trabajo y porque me encanta viajar. Evitaré esta clase baja, estafando a la gente como la plaga y aconsejaría a todos los demás que hagan lo mismo."
IBE_0497,Iberia,Desconocido,Hamburg,Santiago,International,octubre de 2024,1,"Pésima atención y servicio en check in de Hamburgo, sufrí y varios pasajeros un maltrato. Tuve que incurrir en gastos y la respuesta de iberia ( reclame por la app y en Madrid) fue una carta tipo que debe enviarla a todos. No viajaré más con ellos salvo sea la ultima alternativa o me regalen el pasaje, pero si puedo evitarlo lo haré. Traten de no viajar o que sea su ultima opción"
IBE_0498,Iberia,Desconocido,Buenos Aires,Madrid,International,octubre de 2024,1,Muy decepcionada con Iberia. Me cancelaron el vuelo 2 veces!!. Y encima ahora no se hacen cargo de la indemnización y reembolsos que me corresponden.
IBE_0499,Iberia,Desconocido,Barcelona,Madrid,Domestic,octubre de 2024,1,"No factureis maleta de mano, como equipaje de bodega. Te la pierden, dicen que te le envían a casa y no lo hacen. Al final te dicen debes ir a recogerla tú"
IBE_0500,Iberia,Desconocido,Dallas,Porto,International,septiembre de 2024,1,"¡NO CONFÍES EN IBERIA! Primero perdieron mi bolso y fueron horribles comunicando dónde estaba. Llamamos varias veces y obtuvimos múltiples respuestas diferentes. Cuando la bolsa finalmente llegó allí, todo había sido excavado y habían robado múltiples artículos. Nos dijeron que no podían presentar una reclamación sin un informe policial, así que lo hicimos. Luego procedieron a arrastrarnos para múltiples llamadas telefónicas y correos electrónicos solo para decirnos que no iban a hacer nada y gracias por confiar en IBERIA. ¡¿Por qué confiaría en Iberia? ¡Miserable experiencia!"
IBE_0501,Iberia,Desconocido,Madrid,Caracas,International,septiembre de 2024,1,"Iberia,empresa con la cual lamento tener que relacionarme debido a mi condición de viajero frecuente de oneworld por más de 20 años,siempre hace todo lo posible por disgustar a sus pasajeros,bien sea en asuntos cotidianos como es el no ofrecer siquiera agua de cortesía en sus vuelos intraeuropeos de clase económica independientemente de su duración,hasta el hecho de permitir que en sus aviones existan chiripas,como le decimos en mi país a las cucarachas pequeñas,andando libremente dentro de los aviones.En las fotos se puede apreciar el bajo nivel de limpieza en el que se encuentran áreas de poca visibilidad como es debajo de los apoyabrazos y al animal andando libremente hasta llegar cerca de mi bandeja de comida.Debo tomar unos 50 vuelos al año y es primera vez que experimenté algo así en mi asiento 1E,vuelo MAD-CCS del 14 de septiembre de 2024."
IBE_0502,Iberia,Desconocido,Madrid,San Juan,International,septiembre de 2024,1,"Tengo un consejo para que todos mis amigos nunca viajen con Iberia. Tuve una experiencia horrible. Me dejaron enchufado en España mientras viajaba de regreso a Puerto Rico. Estuve allí dos días y nunca me devuelven mi enchufado. Llamo cada dos días y van a mentir sobre azada que no sabían dónde estaba mi enchufado. Incluso les informo que sabía que estaba en San Juan ya que tenía una etiqueta aérea. La gente que viajaba conmigo todos lo recibieron antes que yo. Se niegan a enviarme a los EE.UU. donde vivo. Pasan tres semanas y no me proporcionan ninguna información. Incluso me piden una foto de mi bruja de maletas que les proporciono. Incluso envío entonces la ubicación de mi enchufado. Pido alternativa y se niegan. Se niegan a conectarme con un supervisor. Incluso me dijeron que no me devolverían la maleta si volvía a San Juan. Finalmente les escribí un correo informándoles que viajaré de regreso a Puerto Rico para recogerlo. Una vez de regreso me llaman para informarme que tenían mi maletín. Le informo que ya estaba en camino. Me dijeron que esa fue mi decisión y que no me reembolsarán nada. Ya que eso era asunto mío. Fueron muy groseros y hablarán por mí todo el tiempo. He sido agente de servicio al cliente durante años. Nunca he experimentado tanta incompetencia, falta de ética y un servicio al cliente tan horrible en mi vida."
IBE_0503,Iberia,Desconocido,Buenos Aires,Madrid,International,noviembre de 2023,2,"Vole en Iberia de Buenos Aires a Madrid, a pesar de tener una leve discapacidad motriz, me desenvuelvo solo. El vuelo normal, el unico inconveniente, se descompuso la calentadora de agua del avion. Asi que el desayuno sobre España fue jugo, agua y un croissant."
IBE_0504,Iberia,Desconocido,San Francisco,Barcelona,International,octubre de 2024,1,"Sólo vaya. Iberia ha descubierto el mejor cebo y cambio en la historia de los cebos y cambios. Inteligente como el infierno. Y basura como el infierno. Al igual que otros que escriben reseñas aquí, reservamos nuestro viaje en Iberia y cuando fuimos a facturar al aeropuerto, nos dirigieron a una aerolínea llamada ""Level"", de la que nunca habíamos oído hablar. Resulta que mientras creíamos que estábamos comprando tix en Iberia (tengo los recibos para probarlo) , en realidad estábamos comprando en alguna horrible, cheah a*s budget aerolínea que hace que una parada en boxes de gasolinera parezca de lujo. Re: mi foto de baño adjunta. Cuando alerté a las azafatas de este desastre explicaron que mantener el baño limpio no era su trabajo y que el desastre es culpa de las personas en el vuelo. Okyyyy. . . Aparte del comienzo y el final del vuelo, nunca sirvieron agua ni ninguna otra bebida. Las mesas de las bandejas colgaban de un hilo. Los asientos eran raramente estrechos (generalmente en un vuelo de largo recorrido se obtiene un poco más de espacio). Aquí no. En el vuelo a casa, el espejo del baño se sujetaba con cinta adhesiva. ¿Qué más habían usado cinta adhesiva, nos preguntamos? No voy a hacer comentarios sobre la comida porque usted tendrá la esencia de lo que estoy diciendo. Puedes ver la notación debajo del número de vuelo (adjunto) que dice ""operado por LEVEL. "" He recibido esto en muchos vuelos antes, y nunca significa ""vamos a darle servicio unas 10 veces por debajo de la aerolínea en la que cree que compró. "" Pueden pensar que se han tapado el culo añadiendo esto, pero lo dudo. ¡Cuidado comprador!"
IBE_0505,Iberia,Desconocido,Tenerife,Turin,Europe,septiembre de 2024,1,"Alguien me explica como es posible viajar en clase business, gastar más de 1300 euros en el billete y encontrarse rota una maleta nueva de más de 300 euros sin poder pedir el reembolso del daño porque niegan responsabilidad. Tres palabras: incompetentes, mentirosos y ladrones"
IBE_0506,Iberia,Desconocido,Madrid,Tenerife,Domestic,octubre de 2024,1,"Mi opinión es clara, el personal y demás muy profesional y educado para la carga que tienen desde arriba la dirección o toma de decisiones de la empresa . Nefasta atención que consiguen molestando a los pasajeros con billetes que ya tenemos comprados y llegas ahí al vuelo y te dicen que estás en SBY stand by y que no se sabe si vas a poder viajar. Disculpa ? He comprado mi vuelo y nos dice la trabajadora de Iberia que es que se venden más de los asientos que hay y eso me afecta a mí ? Nefasto , hemos tenido un pésimo servicio por querer ganar dinero y demás pierden clientes. Gracias."
IBE_0507,Iberia,Desconocido,Barcelona,New York City,International,octubre de 2024,1,"Cuidado con esta aerolínea. Después de reservar cambiaron mi vuelo a una compañía llamada Level. En realidad, debería llamarse Peor Nivel. Clase muy baja - aviones viejos y sucios, diferentes asientos del asiento que pagó, tienen que pagar extra por agua, comida, manta en mi vuelo internacional de 9 horas. Nada servido a bordo incluido. Sin enchufes USB, sin video. Asientos tan llenos que apenas podía respirar. Personal no entrenado y antipático. El sitio web no funciona, no se puede registrar. Y atraca en 8 de JFK, más como un garaje que un aeropuerto. La peor experiencia de mi vida de viaje. Nunca volvería a reservar con Iberia"
IBE_0508,Iberia,Desconocido,Madrid,Mexico City,International,octubre de 2024,1,"¡La peor aerolínea de la historia! Nunca vueles con ellos. Compré a mis padres un viaje de México a España. Mi papá tuvo una emergencia y no pudo volar con mi mamá en el mismo vuelo. Lo que hizo la aerolínea, fue vender el billete a “stand by clients” con 180€ adicionales. Así que, incluso yo pagué por mi asiento de papá y mi mamá tenía derecho a usarlo, vendieron mi boleto de papá. Son una aerolínea de basura. También he viajado con ellos y mis maletas facturadas han sido literalmente destruidas. Si vuelas con ellos, siempre debes tener una mala experiencia."
IBE_0509,Iberia,Desconocido,Washington DC,Madrid,International,octubre de 2024,1,"Sin duda la peor aerolínea de la historia. El servicio de atención al cliente es inútil, básicamente no es culpa suya. He volado con ellos en muchas ocasiones y siempre es tarde al menos 30 minutos es solo de esperar. La comida en vuelo en los vuelos es tan horrible que los asientos son pequeños. Las pantallas no funcionan a menudo. Total 0 / 10"
IBE_0510,Iberia,Desconocido,Santiago,Madrid,International,octubre de 2024,1,Una vergüenza te quitan el asiento por persona con movidilidad reducida y apesar de haber pagado más sin avisarte si pueden evitar viajar con iberia usen otra compañía.
IBE_0511,Iberia,Desconocido,Zurich,Mexico City,International,septiembre de 2024,1,"Así que nuestro primer vuelo fue tarde para la 1. 5 horas, eso nos hizo correr a coger el segundo vuelo en Madrid. Nuestro equipaje no llegó a destino, así que tuvimos que esperar 2 días y llegó roto. Al intentar hacer el reembolso de un equipaje nuevo dijeron que no podían hacer nada porque el billete fue creado para ser reembolsado en Zurich (¿cómo esperan que continúe mis viajes así cuando iba a estar fuera durante 2 meses? ? ) y también decidieron terminar el chat mientras todavía estaba intentando solucionar el problema."
IBE_0512,Iberia,Desconocido,Madrid,London,Europe,octubre de 2024,2,"Personal retrasado, grosero, desorganizado, caótico al abordar y se llevó el equipaje de mano arrojándolo a un hueco y dañándolo. No son baratos para justificar este comportamiento."
IBE_0513,Iberia,Desconocido,Barcelona,Miami,International,octubre de 2024,1,"Recientemente reservé mi billete a través de Iberia para un viaje de ida y vuelta a España. El vuelo allí era perfecto, todo estaba ordenado y recibimos la atención adecuada y alojamiento, incluyendo cena, bocadillo, almohada, manta y auriculares. Teníamos una televisión funcionando. En el vuelo de regreso, sin embargo, la ley de Murphy se afianzó. Y LEVEL, y por extensión Iberia (quien es responsable de la operación de LEVEL) tienen la culpa. 1 . No había orden cuando se trataba de abordar el avión. No hubo una llamada grupal, o preferencia por aquellos que tenían discapacidades, niños o cochecitos. Todo era gratis para todos. 2 . Mientras admitían pasajeros, entre el caos, nos hicieron descender las escaleras mecánicas, donde pensábamos que íbamos a abordar el avión. Había un tramo de escaleras de caracol, sin opción de ascensores. NO HAY OPCIÓN DE ASCENSORES PARA LAS PERSONAS CON DISCAPACIDAD. Una completa criminalidad y peligro para sus pasajeros. Después de haber estado viajando con mi abuela, ella, entre otros, había experimentado problemas, dolor y circunstancias peligrosas al bajar a un autobús, que nos llevaría al avión y nos haría subir las escaleras al avión también. Completamente criminal. 3 . Como este vuelo era operado por Iberia, esperábamos recibir nuestra cena, así como algún surtido de bocadillos y agua. NO nos dieron de comer, aparentemente eligieron pasajeros al azar sin importar si habían o no “pre-ordenado sus comidas”, lo cual fue una completa locura considerando que todavía preguntaban a los pasajeros qué comida deseaban, y se quedaron con muchas sobras. Tampoco notificaron o enviaron mensajes de que teníamos que solicitar comidas con antelación. Mi abuela, que es hipoglucémica y sufre de presión arterial alta, podría haber sufrido graves consecuencias a bordo de este vuelo, sin consideración de la aerolínea. Fue DISCRIMINATORIO E INHUMANO. 4 . Tampoco nos dieron las comodidades básicas como una almohada, manta o auriculares. Había una pantalla de televisión detrás de cada asiento que servía como decoración, ya que no encendía todo el vuelo. Ni siquiera había un tomacorriente en funcionamiento. 5 . Aparte de las condiciones abominables e inhumanas a las que fuimos sometidos durante un vuelo de 10 horas, el personal de LEVEL no estaba pulido, no estaba preparado y era increíblemente grosero. No mostraron empatía y dieron un aire pretencioso de “mejor que tú”. Para un boleto de más de $ 500, esperaba condiciones mucho mejores. Para cualquier persona que vuele internacionalmente, asegúrese de no caer en este esquema inhumano y hambriento de dinero, y volar a través de American Airlines, NO OPERADO POR LEVEL O IBERIA. Hemos alcanzado un nuevo mínimo."
IBE_0514,Iberia,Desconocido,Guayaquil,Madrid,International,octubre de 2024,1,"Lamentable que no se pueda anular la compra de maletas extras. Y los más lamentable es que estas cosas no se regulen. Cada vez peor, es una estafa en toda regla. Es decepcionante el ansia del dinero."
IBE_0515,Iberia,Desconocido,Santiago,London,International,octubre de 2024,1,"Viaje de ida: dejaron las maletas en la escala. Tuve que retrasar mi próximo vuelo para poder esperar la maleta, porque no sabía cuándo podrían enviarme mi maleta al lugar que necesitaba. Viaje de vuelta: pésimo servicio, dejaban caer las cosas encima, pasaban sin ofrecer las bebidas, no limpiaron ningún baño en 14 horas de vuelo con un avión grande y lleno de pasajeros, eran un asco, no quedaban ni papel higiénico. La comida poca y mala. Un sandwich frio con relleno poco y malo, seco, puro pan y malo."
IBE_0516,Iberia,Desconocido,London,Madrid,Europe,octubre de 2024,1,TREMENDA DESORGANZIACIÓN DE iBERIA! COMO PUEDE SER QUE YO CONTRATE CON iBERIA UN VUELO Y NO ME DEJEN HACER EL CHECKING ON LINE ???? PERDÓN? ME OBLIGARON A IR AL AEROPUERTO PARA HACER EL CHECKING EN PLENO SIGLO XXI ...realmente iberia no sabe negociar..que partner es ese?????
IBE_0517,Iberia,Desconocido,Barcelona,Boston,International,junio de 2024,2,"Volé en Air Iberia por primera vez, y me decepcionó mucho. En primer lugar me gustaría decir que mi vuelo fue de 7 h 30 , y volando a través de continentes. Esperaba que hubiera un televisor, no tv, esperaba que hubiera wifi, no había wifi, al menos esperaba que hubiera puertos de carga que funcionaran, no nada. Así que durante 7 horas y media, estuve aburrida. Afortunadamente fui lo suficientemente inteligente como para descargar películas y programas de televisión para ver, pero pronto mis dispositivos perdieron su carga. ¡No vuele el aire Ibera para VUELOS de larga distancia! ! y especialmente si viaja con niños pequeños."
IBE_0518,Iberia,Desconocido,Los Angeles,Barcelona,International,septiembre de 2024,1,"Reservamos nuestro vuelo de Los Ángeles a Barcelona con un año de antelación con Iberia (lo hemos hecho en el pasado sin problemas). Cuando llegamos al aeropuerto descubrimos que estábamos volando con LEVEL. Comienzan a abordar de adelante hacia atrás, no al revés, así que estás en fila durante mucho tiempo. Los asientos apenas se reclinaron, pero pagamos para conseguir asientos juntos y el asiento de mi marido estaba roto y estaba en la posición reclinada todo el tiempo y él consiguió una caja de metal debajo del asiento delantero para que no pudiera apoyar los pies correctamente. El avión se sacudió y sonó como si algo se fuera a caer al despegar. Lo peor fue que descubrimos que nuestro boleto NO INCLUÍA COMIDA! Pulsamos el botón para llamar a la azafata y vinieron a apagar la luz dos veces sin preguntarnos nada, después de la tercera vez que mi marido levantó la voz para llamar la atención de la azafata para pedir comida ( 45 minutos. después de que todos los demás terminaron su comida y solo tenían opción de comida fría para pedir. ). Te hacen sentir que eres barato, así que para nuestro vuelo de regreso nos elevamos a la clase Business y pagamos $ 250. 00 cada uno para obtener un mejor servicio y comida... y qué diferencia. Así que si viajas a Europa no reserves con Iberia a menos que vayas en clase Business."
IBE_0519,Iberia,Desconocido,Dublin,Madrid,Europe,octubre de 2024,1,"Este es con mucho el abordaje más caótico que he experimentado. El vuelo salió con más de una hora de retraso, y cuando llegó el momento de abordar no hicieron ningún anuncio en el micrófono aéreo. Una vez que todos los pasajeros comenzaron a intentar abordar, alguien gritó qué grupos debían abordar, que incluían 3 grupos todos a la vez, y cinco minutos después anunciaron por el micrófono que los cuatro grupos podían abordar, a pesar de que todavía había una gran fila de grupos de 1 a 3 abordando. Parecían abordar a la gente desde la parte delantera y trasera del avión, lo que parecía causar más caos con tanta gente tratando de abordar a la vez. Las personas eran presionadas una contra la otra tratando de dejar pasar a otros para llegar a sus asientos o para llevar su equipaje. En algún momento, un grupo de 5 pasajeros, incluido yo y mi esposo, quedaron atrapados en un grupo que no podía moverse hasta que otros se retiraran. Empecé a reírme a carcajadas porque parecía que éramos parte de una broma elaborada. Al menos el personal parecía amable, pero obviamente estresado debido a lo tarde que el vuelo estaba despegando, lo que causó malestar en los pasajeros. Es una locura que esta aerolínea siga en el negocio."
IBE_0520,Iberia,Desconocido,Madrid,Washington DC,International,octubre de 2024,1,"Nunca vuele esta aerolínea, engañaron a cada persona que estaba en el vuelo (que fue cancelado) para que siguiera a un empleado para obtener más información sobre la compensación, el empleado guió a todos fuera del aeropuerto y luego se fue. No hay compensación, ni hoteles, ni nada. Absolutamente terrible servicio nunca volar esta aerolínea. Absolutamente terrible, no puedo subrayar lo terrible que ha sido esta experiencia."
IBE_0521,Iberia,Desconocido,Madrid,Miami,International,octubre de 2024,1,"Absolutamente una de las peores experiencias! El vuelo se retrasó 2. 5 horas, WiFi se rompió durante un 9 . 5 horas de vuelo, así que no podía trabajar. Dos baños fueron cerrados y perdieron mi equipaje."
IBE_0522,Iberia,Desconocido,Madrid,New York City,International,octubre de 2024,1,"Una de las peores experiencias aéreas que hemos tenido. Las aerolíneas rebajaron nuestra clase ejecutiva una hora antes del vuelo y no dieron ninguna oportunidad de cambiar de vuelo o incluso dar un crédito. Nos pusieron en la parte trasera del avión, sin embargo, mantuvieron nuestro pago para la clase ejecutiva que ha sido una pesadilla para reclamar. No me disculpo y guardé nuestro dinero. Esta empresa es un fraude. Hicieron overbooking a propósito y luego esperan que no reclames para que no te devuelvan el dinero. Los estamos denunciando a la UE por no cumplir con los términos requeridos de devolución de fondos, así como al Departamento de Justicia de los Estados Unidos por prácticas comerciales fraudulentas. Nunca volvería a pilotar esta aerolínea. No los use."
IBE_0523,Iberia,Desconocido,London,Lima,International,septiembre de 2024,5,"Viajamos en Business Class, ya que no era tan caro (solo el doble de la tarifa). Asientos razonables. El personal amable y atento, tal vez leyeron las malas críticas! Comida excelente. Lima y el aeropuerto de Madrid salones buenos. Salón del aeropuerto de Heathrow un poco básico. A tiempo. Se dan 20-30 minutos de holgura y lo usaron en nuestro último vuelo. Los otros llegaron temprano. Esto fue muy útil cuando estaba en tránsito por el aeropuerto de Madrid."
IBE_0524,Iberia,Desconocido,Fuerteventura,Madrid,Domestic,octubre de 2024,1,"Pésimo trato, te cobran dos veces los mismos billetes y desde ningún medio te lo solucionan, el servicio de atención telefónico te envía al banco, el de iberia plus a el servicio telefónico y el de reclamaciones no contesta. Es un desastre de empresa aerea."
IBE_0525,Iberia,Desconocido,Desconocido,Desconocido,Desconocido,Desconocida,1,Me considero ROBADA por iberia. Vuelo New York -Madrid al facturar me dicen que me bajan de categoría porque habían cambiado el avión y este no tenia servicio Turista Premium ( pagada por mi ) que hiciera la reclamación en Madrid. Una vez hecha la reclamacion en aeropuerto y web me contestan diciendo que no tenía derecho a abono ni devolucion de diferencia pagada. Por supuesto no me dan mas explicaciones. Al contactar con operadores telefónicos me remiten a la web. Por la web es IMPOSIBLE. Lo dicho un ROBO
IBE_0526,Iberia,Desconocido,Dublin,Lima,International,octubre de 2024,1,"La aerolínea de estafas más grande que he encontrado. Reservamos nuestros vuelos en marzo para viajar de Dublín a lima, la primera etapa fue con aer lingus y la segunda con la aerolínea Iberia. Al reservar el vuelo había una opción para la economía premium, que ofrecía más espacio para las piernas y asientos más anchos, que para el vuelo de 12 horas desde Madrid consideramos que valía la pena el importante trozo extra de dinero. Llegamos a Madrid para descubrir que la economía premium no existe en realidad para nuestro vuelo y nos registramos por economía, sin notificación alguna al respecto. Después de haber pagado el doble del precio de un billete normal para una zona del avión que ni siquiera existe, fuimos al mostrador de atención al cliente en el aeropuerto de Madrid, así que veamos qué podíamos hacer y la señora en el mostrador se encogió de hombros y nos dijo ""no es posible"". Llamamos a la línea de atención al cliente tres veces y llegamos a alguien que, siendo justos, trató de ayudar, pero en su sistema dijo que ni siquiera podía ver pruebas de que abordáramos el vuelo de Dublín a Madrid. ¡Completo espectáculo de una aerolínea, somos unos 1500 menos y tenemos que pasar por el proceso de tratar de obtener un reembolso de alguna manera por un vuelo que aparentemente nunca subimos a sentarnos en un área que no existe! Nunca más, prefiero nadar a Perú"
IBE_0527,Iberia,Desconocido,Split,New York City,International,agosto de 2024,1,"Escribiendo una reseña de cualquier outlet que pueda. No vuele con Iberia. No les importa que seas un cliente pagador, ellos apoyan a sus empleados poco profesionales, groseros y mugrientos. Mi familia y yo nos quedamos varados en Madrid, llegando de Croacia, rumbo a Nueva York. Estoy convencido de que el mal tiempo les dio a los empleados la idea egoísta de ocupar nuestros asientos, incluso más los agentes de la puerta que les dieron nuestros asientos y básicamente nos mintieron a la cara y dijeron que nuestros asientos se revendieron. Debí estar en casa el jueves, llegar a casa el domingo por la noche, después de muchas llamadas estresantes al servicio de atención al cliente de Iberias. Una historia demasiado larga, tratando de resumir. Todavía tienen que responder a mi queja y mis correos electrónicos, pidiendo que al menos nos compensen por nuestros gastos (hotel, taxi, comida) mientras nos quedamos atrapados en Madrid. Fue horrible para una primera experiencia para nosotros. Me sentí irrespetado y violado. Nunca más volaré con ellos. Terrible."
IBE_0528,Iberia,Desconocido,Barcelona,Los Angeles,International,septiembre de 2024,1,"Evita esta aerolínea. El vuelo se retrasó y el avión fue cambiado. Hasta cambiaron nuestros asientos por los que pagué extra. Dentro del avión era una broma. Muy incómodo e inmundo. Las cosas estaban rotas. Fue gracioso ver cinta adhesiva manteniendo las cosas juntas. El personal no era el más amable. La mayoría de las veces ni siquiera los veías a menos que fuera hora de comer algo. Se escondieron en la parte delantera del avión. En general, una experiencia horrible. Rompieron una de mis piezas de equipaje también. Intenté contactar con el servicio de atención al cliente en el que me dijeron que pasara por la página web para la reclamación / queja. Eso en sí era un dolor con muy poca determinación. Seguían intentando redirigirme a otros departamentos y no parecían querer aceptar la responsabilidad de nada. Definitivamente no volaré con ellos de nuevo."
IBE_0529,Iberia,Desconocido,Madrid,Tokyo,International,octubre de 2024,1,"He llamado mil veces para solicitar mi factura de la compra para viajar hacia Japón porque me piden visa y llevo dos semanas solicitando y no me dan respuesta,viajaré en 20 días y parece que me quedaré sin vacaciones. Me han cobrado dos veces la maleta y además no me dan respuesta de nada,esto es brutal. Ya no sé por dónde pedir respuestas"
IBE_0530,Iberia,Desconocido,Miami,Barcelona,International,octubre de 2024,2,"Iberia Airlines apesta, simple y llanamente. El avión tenía viejas pantallas de video que no funcionan (ninguna) , tomacorrientes que no funcionan, mis rodillas estaban presionadas contra el asiento que tenía delante, y en el aeropuerto de Roma enorme fila formándose a las 08 : 30 de la mañana y el empleado de Iberia se sentó justo detrás del mostrador e ignoró a todos. No sirve de nada intentar facturar temprano un vuelo con Iberia. Y los asientos eran incómodos. Línea aérea de basura. Hace que Spirit Airlines parezca 1 clase de calle."
IBE_0531,Iberia,Desconocido,Madrid,Dallas,International,octubre de 2024,1,"Esta fue con mucho la peor experiencia. En primer lugar, pagué por la economía premium, pero se sentía como economía. El servicio en un vuelo de 11 horas era horrible. Las azafatas no estaban por ningún lado y cuando pulsaste la luz de llamada, nadie asistió. Incluso cuando al pasar, les pedías cosas, tenían una actitud. Cuando le pedí una mini botella de vino después de 10 horas en ese vuelo y miserable con la garganta seca, ella literalmente puso los ojos en blanco con una expresión facial de juez. Después de todo eso llegué y mi AirTag mostró que mi equipaje estaba en Madrid. Después de esperar una hora, mi equipaje y el de tantas otras personas no lo lograron. Nos dijeron que íbamos a recoger nuestro equipaje al día siguiente en el siguiente vuelo, pero llega al día siguiente después de haber presentado una reclamación, me informaron que iba a recoger mi equipaje 3 días después. Nunca volará con esta compañía. Literalmente la peor experiencia."
IBE_0532,Iberia,Desconocido,Frankfurt,Madrid,Europe,octubre de 2024,1,"Mire estando esperando en el aeropuerto de repente me avisan por megafonía y me dicen q hay cambio de puerta y q embarco antes una media hora Bueno me acerco a la puerta de embarque y le digo a la señorita Es muy pronto , yo prefiero esperar aq que montado en el avión y me dice es mucho mejor para usted llegara antes y me voy para adentro todo el mundo en las escaleras de acceso a el autobús comenta lo mismo (q raro ) después de una hora en el avión le digo al azafato : Esto no es normal y me contesta ya esq así nosotros lo tenemos todo listo pero ya sabes el aeropuerto de Frankfurt es muy grande……. Salimos con 40 min de retraso Nos tratan como ganado"
IBE_0533,Iberia,Desconocido,Bilbao,Boston,International,octubre de 2024,1,"Estoy en Barajas a las 19:15, teniendo que haber salido a. Boston a las 13:00. El problema técnico se ha asumido porque es algo que, aunque raro, puede ocurrir. Lo de después es inaceptable: tras dos horas de espera nos sentamos casi otras dos más en el avión, y nos dicen que no se puede reparar la avería y que nos asignan otro avión, tardamos 40’ en salir porque nadie abre el finger, al salir, que nos dirijamos a la S43, ahí parados casi otras dos horas sin que nadie diga nada hasta que hace un rato nos indican que podemos ir a tomar un snack y que dentro de una hora “seguramente” nos embarquen. Aquí sigo…"
IBE_0534,Iberia,Desconocido,New York City,Madrid,International,octubre de 2024,1,"Ten en cuenta que cuando Iberia te cobra dinero extra por las sentadas e incluso te envía confirmación, te asignan una sentada aleatoria. Cuando pides que te devuelvan el dinero o el asiento que pagué, simplemente dicen ""disculpa las molestias, pero no se puede hacer nada para recuperar tu dinero o reasignar un nuevo asiento. "" Así que solo pagas dinero pero no recibes el servicio que pagaste."
IBE_0535,Iberia,Desconocido,Milan,Madrid,Europe,octubre de 2024,1,"Absolutamente horrible. Se separó de mi novia aunque reservamos asientos juntos. Había cero espacio para las piernas, mis piernas literalmente no podían caber detrás del asiento y solo tengo 190 años. No me imagino cómo encajaría alguien que mide más de 2 m. Afortunadamente estaba en el asiento de la isla para poder mantener mis piernas en el medio, pero incluso entonces las azafatas seguían golpeándome las piernas y pisándolas."
IBE_0536,Iberia,Desconocido,Lima,Madrid,International,septiembre de 2024,1,"¡Horroroso! Terrible servicio. Pagó por espacio extra para las piernas que no recibimos y perdieron nuestras maletas. Contactó con el servicio de atención al cliente de Iberia en 3 ocasiones para reclamar. Me han mentido, ignorado, me han puesto el teléfono encima y en general me han tratado terriblemente. Queremos viajar a esta área de nuevo, pero definitivamente no vamos a utilizar esta aerolínea."
IBE_0537,Iberia,Desconocido,Paris,Madrid,Europe,septiembre de 2024,1,"Tuve una mala experiencia en Iberia, ya que es lo peor de ambos mundos. Tienes el mismo caos y malestar de una aerolínea económica pero el precio de una Air France o Lufthansa. Además, y no es que puedan controlar esto, pero el avión está lleno de viajeros gruñones e inexpertos que necesitan mucha ayuda con sus artículos de mano claramente inapropiados. Así que, a diferencia de los viajeros de Ryanair, hay mucha gente que nunca ha estado en un avión antes, obstruyendo los pasillos con sus paquetes locos. Avoid."
IBE_0538,Iberia,Desconocido,Madrid,Los Angeles,International,septiembre de 2024,1,La peor aerolínea. Perdieron mi equipaje y no pueden darme una línea de tiempo sobre una resolución. ¡Qué frustrante! Nunca los recomendaría o volaría esta aerolínea de nuevo.
IBE_0539,Iberia,Desconocido,Barcelona,Orlando,International,octubre de 2024,1,Tenía un vuelo para el día 9 de outubro 2024 de Barcelona A orlando junto cuando se estaba programado una catástrofe de un huracán en el día de mi aterrizaje que iba con 2 niños pequeños . Había echo la reserva através de Iberia pero viaja con América aerolínea. Debido a esta catástrofe América me envío un email facilitando cambios de día en los bilhetes que eran 4 pero América aerolíneas no podía concluir por que había echo através de Iberia . Llame a Iberia varias veces y no me hacía cambio de vuelo a no sé qué se pagará unas taças absurdas . Tive 3 dias de nervios sin saber nada de Iberia . Vale un día antes del vuelo el vuelo se cancela . Llamo y digo que quiero el reembolso en mi tarjeta . Y me dicen que solo se pueden hacer cambios y el reembolso en Bonus . Yo exijo ahora que me retorne todo el dinero que son 4 pasajeros . Pero insiste que haga un cambio de día . Ya no quiero cambiar por que ya no quiero nada con Iberia quiero mi rebolso completo en mi tarjeta . Resumindo no tienen empatía perante una catástrofe no te dar opción de cambio con antelación mismo sabiendo por las noticia que floria está en estado de emergencia desde de Sábado . Ahora mi vuelo fue cancelado quieren me dar en bonos o oferecer cambios . De verdad tendría que tener más empatía debido a esta catástrofe y personas que van con niños de viaje . La opción de cambio de fecha sería la primera opción que debería oferecer grátis . Como América aerolínea está haciendo a todos los pasajeros independente del bilhete o clases elegida . Decepciona Iberia
IBE_0540,Iberia,Desconocido,Barcelona,London,Europe,octubre de 2024,1,"Horrible experiencia. Reservé con Iberia y me metieron en un vuelo de British Airways. La gente del mostrador de Iberia no pudo facturarme como tenían que hacer las vías aéreas británicas y acabaron perdiendo mi vuelo como tenía que hacer cola de nuevo. No entiendo cómo uno puede reservar con una compañía y tener que volar con otra, y no hay manera de facturar con la compañía con la que ha comprado su billete. Me pareció extremadamente confuso y engañoso. Supongo que es una de sus técnicas tener menos gente eventualmente volando."
IBE_0541,Iberia,Desconocido,Madrid,Rome,Europe,octubre de 2024,1,"La peor aerolínea con la que he volado. Nuestro agente de viajes ha reservado dos vuelos con Iberia. ¡No puedo creer que ambos vuelos terminaran en desastre! De Londres a Madrid, estuvimos atrapados en el avión durante cinco horas. Estuvimos atrapados en nuestros asientos durante 2 horas en nuestro vuelo de Madrid a Roma, además de que nuestro equipaje no llegó a nuestro destino. Nos dijeron que nuestro equipaje no estaba en el avión en el aeropuerto de Roma. Primera vez que usa Iberia y última vez."
IBE_0542,Iberia,Desconocido,Naples,San Francisco,International,octubre de 2024,2,"Compra billetes de avión de Nápoles, Italia a San Francisco a través de American Express. En ese momento no me permitieron elegir mis asientos, pero dijeron que podía solicitar pasillo, etc. Unas cuatro semanas antes del vuelo regresan a Estados Unidos. Todavía no había recibido mi número de asiento así que llamé a Iberia. Mi marido mide 6 ’2” - Pagué extra para conseguir un asiento de pasillo para mi marido. El primer problema que ocurrió incluso antes de subir al avión fue que el servicio de atención al cliente en Nápoles le dijo a mi esposo que no podían averiguar cómo imprimir el billete de segunda etapa de su vuelo Madrid a San Francisco, por lo que tendría que obtener el billete cuando aterrizara en Madrid. Una vez que subimos al vuelo nos damos cuenta de que mi esposo no tiene asiento en el pasillo / ni yo. Él tampoco consiguió un asiento en el pasillo en el segundo vuelo, así que no estoy muy seguro de lo que pagamos extra. Además, los asientos en el avión de Iberia tienen incluso menos espacio que los Delta económicos o los Americanos en probablemente al menos 2 a 3 pulgadas que solemos volar. La última vez que recuperé mi maleta, que era nueva, parecía que alguien la había deslizado por la pista Mi valoración es “este fue nuestro primer y último vuelo en Iberia”"
IBE_0543,Iberia,Desconocido,Tenerife,Alicante,Domestic,octubre de 2024,1,"Me cambian los horarios de mi vuelo, y me ponen miles de excusas para no devolverme el dinero. Me cancelan el vuelo, osea lo vuelven a vender, pero a mí primero que no superaba las dos horas entre el horario que yo compré y el que ellos me estipularon, cuando les responde oye que si que supera las 4h y media, pues ahora la excusa es diferente, ahora es que no supera las 5h, encima que es ilegal, dicen que me lo van a devolver en bono iberia, que al año caducará (ponen caducidad a mi dinero) y aún llevo esperando desde agosto a que emitan el bono, con el cuál no estoy de acuerdo, lo mismo estarán esperando a que pase el año para dármelo ya caducado. Son unos sinvergüenzas. Que sepáis que están denunciados a consumo y a AESA, y no pararé de luchar, porque lo hacéis adrede para aburrir a la gente y robarles así su dinero. Porque si ya habéis vuelto a vender el billete, no se porque no hacen lo que marca la LEY y me hacen la devolución de mi dinero a mí cuenta."
IBE_0544,Iberia,Desconocido,Miami,Madrid,International,octubre de 2024,1,"Soy español, con lo cual llevo “sufriendo” la absoluta basura que es esta empresa durante décadas. No es sólo el último viaje donde directamente me mintieron. Es todo. El servicio es tosco, y soy generoso. La web y la app dejan de funcionar en momentos clave SIEMPRE. No es casual que cuando hay que hacer el check in y tener tu asiento gratuito, siempre haya problemas no identificados en la web y la app. Las dos a la vez!!! Y. Ya cuando llamas al servicio telefónico, los agentes no pueden rechazar el sistema y manualmente darte asiento h otras cuestiones. Esto a un día o menos se viajar. Basura. En fin, agravio tras agravio. Sin pensar alguna vez que simplemente puedo dejar de volar en esta aerolínea aunque ocasionalmente me suponga más dinero (lo dudo, tienden a ser careros) o vuelos no directos. Me siento extrañamente y felizmente liberado. Goodbye forever, vergüenza de línea aérea nacional. Viento fresco."
IBE_0545,Iberia,Desconocido,Madrid,Dublin,Europe,septiembre de 2024,1,"Me rompieron una rueda de una maleta grande facturada y cuando llegue al aeropuerto de llegada puse una reclamación para que me pudiesen ayudar o darme otra maleta porque no podía moverla de lo que pesaba con 3 ruedas. La maleta es nueva, comprada el mismo mes del viaje y aun con la incidencia y demás me dicen que no me van ni a pagar una ni a mandar otra. Dicen que ellos no se hacen responsables. Nunca se hacen responsables de nada, ahora que estoy en Dublin y es más caro me tengo que comprar otra maleta. Es una vergüenza."
IBE_0546,Iberia,Desconocido,Miami,Madrid,International,octubre de 2024,1,"El servicio al cliente de Iberia es de la peor calidad que puede existir y además tiene cero empatía con mujeres embarazadas. Chequeamos 2 maletas y resulta que nunca llegaron a Madrid. El servicio de baggage en e aeropuerto de Madrid es una total falta de respeto, la fila de personas que hay para solo 2 empleados los cuales están cansados de recibir miles de quejas por el mal trabajo ajeno de otros. Lo que mi esposa embarazada y mi hija de 4 años hemos sufrido con el equipaje no se lo deseo a nadie. Después de hacer el reclamo en el aeropuerto, al día siguiente recibimos un mensaje de texto que decía que las maletas fueron encontradas e iban a ser entregadas ese día o al día siguiente, 2 días después llamé y entonces me dicen que 24 a 48 horas serían entregadas…. Mi esposa embarazada la cual necesita medicamentos recetados para su embarazo y toda nuestra ropa, la comida de nuestra hija y todos nuestras cosas desgraciadamente están en las maletas y esto a hecho de nuestra estancia en Madrid una odisea. El servicio al cliente de Iberia equipajes es incompetente e irrespetuoso a los cliente y mucho más a una embarazada y un bebé. Si Iberia no respeta esto pues no se que va a quedar para el resto de sus clientes."
IBE_0547,Iberia,Desconocido,New York City,Madrid,International,septiembre de 2024,1,"Mal servicio al cliente, te dejo con oh bueno. Reservamos el vuelo con más de 4 meses de antelación. Al igual que todas las aerolíneas, enumeran el tipo de avión y un diagrama de los asientos para la ubicación de los asientos para que pueda sentarse junto a su familia o amigos. El avión que estaba siendo operado era un Airbus A 350 - 900 para esta ruta. Durante este tiempo, compré asientos cerca de la parte delantera del avión en las filas A y ser que son un asiento de ventana y el medio. En este avión en particular, tenía 3 asientos a lo largo de la ventana en una fila, luego una sección central y la misma configuración en el otro lado con dos pasillos. Cinco días antes del vuelo, me conecté al sitio web para comprobar las cosas. Así que al iniciar sesión, noté que cambiaron el avión a un avión Airbus A serie 330 - 300. ¿El asiento de mi esposa ya no está asignado? Compré dos asientos con costo adicional para movernos hacia adelante y poder sentarnos juntos. Yo mismo todavía tengo un asiento asignado, porque el nuevo avión tiene la fila A. No tenía la fila be, El Airbus A 330 - 300 solo tiene la fila A y C, por lo que cualquiera que se reservara en la fila se caería y sería re-asignado 24 horas antes del vuelo. ¿QUÉ CLASE DE SISTEMA ES ESE? Los boletos fueron reservados juntos, ¿por qué todos están separados ahora? ¿Y si los niños fueron separados de sus padres porque fueron reservados en la fila be. Así que todos los que estaban en la fila se quedaron sin asignar. El servicio al cliente fue terrible en esto, no arreglaron el problema porque ahora alguna persona al azar, no mi esposa ahora estaba sentada a mi lado. Uno pensaría que si el avión cambiara a un tipo de avión diferente, mantendrían a las partes en el mismo número de confirmación. Mi esposa no tenía un número de confirmación separado. Llego a la puerta de embarque el día del vuelo para preguntarle al agente de la puerta, siento que el vuelo estuviera sobrecargado dijo - ¿tendrá que preguntar al pasajero a bordo si pueden sentarse juntos? No podía creer esa respuesta, así que por eso, nunca más volaré esta aerolínea."
IBE_0548,Iberia,Desconocido,Rome,Faro,Europe,septiembre de 2024,1,"Vuelos retrasados y equipaje perdido sin comunicación , rendición de cuentas o actualizaciones de la aerolínea después de 3 días, ¿necesito decir más? Todavía esperando"
IBE_0549,Iberia,Desconocido,Madrid,Miami,International,septiembre de 2024,1,"Viajo unas 6 veces al año desde Estados Unidos a Europa. Esta es la primera y ABSOLUTAMENTE última vez que vuelo con IBERIA. El servicio en el aeropuerto de Madrid fue TERRIBLE: grosero y molesto por las peticiones de los pasajeros. Peor aún fue el servicio durante el vuelo: Azafatas absolutamente poco profesionales. Baños muy sucios, comida horrible, sin servicio de refrescos durante el vuelo. . . . Y por último, pero no menos importante, ABSOLUTAMENTE NINGUNA ASISTENCIA, para mi objeto personal dejado en el avión. En el vuelo IB 6117 MAD/MIA dejé mis AirPods en mi asiento. Inmediatamente presenté una queja. Recibí confirmación de que habían sido encontrados, pero en Miami el avión no fue revisado ni limpiado antes de su regreso a Madrid. Como resultado, mi artículo fue encontrado en Madrid, a pesar de que debería haber sido recuperado en Miami. Más tarde me pidieron que pagara unos 95 dólares para que me lo devolvieran a Miami. Iberia me dijo: no sabemos cómo ayudarle. ¡PAGA!"
IBE_0550,Iberia,Desconocido,Madrid,Corfu,Europe,septiembre de 2024,5,"Reservé un vuelo con ellos en Septiembre pero finalmente no pude viajar por enfermedad, la ida era con Iberia y la vuelta con escala con otras dos compañías diferentes, las otras dos compañías al explicarle la situación ni siquiera me dieron señales de vida, en cambio Iberia, ha comprendido mi situación e incluso estando a tan solo un par de días del vuelo, me han devuelto mi billete y el de mi pareja. Muchas veces es mejor mirar la bondad de las personas que el propio trayecto, sin duda para mi se han convertido en una excelente compañía y de confianza Gracias!"
IBE_0551,Iberia,Desconocido,Lisbon,New York City,International,septiembre de 2024,1,"Lea antes de reservar con Iberia. Esto realmente nos sucedió el 26 de septiembre de 2024 . No puedes inventarte esto. Estábamos programados para volar de Lisboa a Madrid en DFW y luego a casa. La mañana del vuelo desde Lisboa 26 de septiembre , recibí un correo electrónico de Iberia en español. No leo ni hablo español. Al revisar el correo electrónico, parecía haber una sección al final del correo electrónico que indicaba que debíamos alrededor de 430 euros cada uno. No tenía idea de para qué era esto, así que fuimos al aeropuerto de Lisboa unas tres horas antes de la hora del vuelo. La fila duró más de dos horas. Una vez en el mostrador nos informaron que nuestro vuelo había cambiado y que nuestro vuelo original se había retrasado. Nuestro billete fue cambiado a una aerolínea diferente, TAP y perdimos nuestro vuelo. Me preguntaron si recibía un correo electrónico. Enseñé el que estaba en español y expliqué. El señor detrás del mostrador dijo que esto estaba mal que no nos dieron suficiente información antes de la hora del vuelo. Habló por teléfono y se peleó con alguien. Finalmente nos volvieron a reservar en el vuelo retrasado a Madrid. Sin embargo, debido a su error, perdimos nuestra conexión. Una vez en Madrid la batalla comenzó de verdad. Fuimos al mostrador de atención al cliente. La fila allí era de más de una hora de largo. Cuando llegué al frente de la fila me dijeron que fuera a la otra fila, otros 45 minutos de espera. La gente estaba muy enojada. Cuando finalmente llegamos a un representante de servicio al cliente empeoró. Ella NO podría haber sido más antipática. Ella nos acusó de volar en dos días antes incluso pensó que le mostré nuestro itinerario y tarjetas de embarque para los vuelos. No hubo otros vuelos desde Madrid a EE.UU. hasta el día siguiente. Hizo todo lo que estaba en su mano para NO proporcionar alojamiento y comidas durante la noche. Después de 40 minutos nos dieron un vale para el hotel y las comidas. Al día siguiente, hicimos nuestro vuelo a JFK. Nos sentamos en la pista durante 90 minutos antes del taxi. Teníamos una conexión en JFK con Dallas. Nuestro vuelo aterrizó unos 40 minutos antes de nuestra salida. Para cuando despachamos aduanas y recuperamos nuestras maletas, nuestras conexiones habían desaparecido. Volver al servicio al cliente. Tenga en cuenta que había al menos diez ( 10 ) otras familias, parejas solteros en nuestra misma situación La mayoría de ellos se rindió y se alejó. Es lo que Iberia espera que hagas. Ahora realmente se pone malo. De nuevo hicieron su mejor nivel para NO proporcionar alojamiento durante su retraso. Pasamos más de tres horas yendo y viniendo. Tomarían nuestra información y dirían que volverían enseguida y desaparecerían. Pedí un supervisor. Me dijeron que estaba trabajando en un vuelo y que serían 30 minutos. Más de una hora después, apareció y no tenía idea de lo que estaba pasando. La chica detrás del mostrador finalmente dijo que está en vuelo de JFK a DFW. Llegarás a casa tarde esta noche. No tenía lectores puestos, así que la creí en su palabra. Fui al mostrador de American A/L, (se asocian con American) y me dijeron, que estás volando de JFK a LAX y llegas a casa mañana. Volví al mostrador encontré a la señora de servicio al cliente y la llamé como una MENTIROSA a su cara. Se molestó y se fue. Tardamos al menos otra hora en resolver algo. Cuando finalmente conseguimos un vale para una habitación, pregunté por comidas. La misma chica dijo: Nosotros no proporcionamos comidas, tú pagas y presentas una reclamación. Sé por qué hizo esto. Me enteré en el hotel que las comidas están incluidas. Si no hubiera preguntado y presentado una reclamación, Iberia habría dicho legítimamente T/be que tenía un bono y no lo usó. Un par de cosas a tener en cuenta. Si hablas español te tratarán un poco mejor. Hacen todo lo posible para no prestar ningún servicio después del vuelo, por su culpa o no. NO LES IMPORTA. Esta fue la PEOR experiencia que todos hemos tenido con cualquier aerolínea. No estoy diciendo que no los vuelen. Ten en cuenta que en ambos aeropuertos, Madrid/JFK había lo que parecían más personas con maletas perdidas que aquellas maletas que llegaban en sus vuelos. Sorprendentemente, ese fue un problema que no tuvimos. Han dejado perfectamente claro que el objetivo de su servicio al cliente es NO proporcionar servicio y hacer todo lo posible para que te vayas."
IBE_0552,Iberia,Desconocido,Boston,Ibiza,International,septiembre de 2024,1,"Normalmente no escribo reseñas. PERO voy a ir en todos los sitios web de viajes posibles para que todos sepan NO RESERVAR CON IBERIA!!!!!!!!!! 1 ) Pagué más de $ 1300 para que mi vuelo llegara a Ibiza a una hora determinada para asegurarme de que estaré presente en 2 reuniones. Sin embargo, cuando llegué al aeropuerto de BOS Int; l debía embarcar a las 16: 40 , no embarqué hasta el 20 : 00 debido a un retraso - sin explicación. Cuando llegué a Madrid, me notificaron que mi vuelo se había retrasado 5 horas sin EXPLICACIÓN. Perdí 3 citas. 2 ) Cuando finalmente llegué a Ibiza, mi equipaje no llegó conmigo. Mi equipaje se dejó en Madrid durante días sin una hora definida de cuándo llegará mi equipaje. Un representante me dijo que podía comprar ropa, artículos de tocador lo que fuera necesario porque no estaban seguros de cuándo llegaría mi equipaje y me compensarán porque fue su culpa. Aun así a partir del 10 / 02 / 2024 todavía estoy corriendo. 3 ) Al día siguiente de presentar una reclamación por mis vuelos muy retrasados, recibí un correo electrónico en el que se indicaba que después de revisar el caso, no era culpa suya el vuelo retrasado (el tiempo no jugó ningún papel por cierto) y que no se me compensará por el retraso. 4 ) Su servicio al cliente es BASURA, nunca quieren que hables con un supervisor. Mentirán y dirán que están todos en reuniones y te llamarán y nunca lo harán. Exigí hablar con un supervisor después de la tercera vez de ser corrido alrededor. Y simplemente dijo que presentara una reclamación en línea. NO VOLAR CON IBERIA!!!!!!!!!!!!!!!!!!!!!!!!!!!!!!!"
IBE_0553,Iberia,Desconocido,Miami,Madrid,International,septiembre de 2024,1,"Nunca volveré a reservar Iberia. Tienen el peor servicio al cliente. Reservé un vuelo a Madrid, España para celebrar mi cumpleaños. Cuando volé de Miami a Madrid, todo estaba bien. Pero cuando debía regresar a Miami, pasé por un infierno en el aeropuerto de Madrid. Llegué a tiempo para facturar mis maletas para poder irme a casa y para cuando una empleada facturó mi equipaje, dijo que solo quedan dos minutos para facturar mi vuelo porque cierra 55 minutos antes de la salida. No me dejaron abordar mi vuelo y me dijeron que tenía que cambiar de vuelo a pesar de que vine unos minutos antes de la marca de 55 minutos. Nunca recibí un correo electrónico, llamada telefónica o actualización sobre esta política. Me acompañaron al servicio de atención al cliente y luego me dijeron que tenía que pagar una “tasa de rescate” de $ 200 euros para ponerme en una lista de espera para el próximo vuelo porque todos los vuelos estaban llenos para el día que estaba tratando de salir y al día siguiente. Tuve que pagar mi propio hotel y transporte durante dos días hasta que tuvieran más asientos disponibles para otro vuelo. Perdí dos días de trabajo. A los empleados del mostrador de atención al cliente del aeropuerto de Madrid no les importó. Fueron groseros y no fueron útiles. Iberia no se ha ofrecido a reembolsarme nada. Este es el peor cumpleaños de la historia. Hubo tantos estadounidenses que perdieron su vuelo porque Iberia no puso al día a sus clientes sobre los cambios de última hora en la política. El vuelo de muchas personas fue sobrecargado, cancelado o sus asientos fueron regalados. Mantente alejado de Iberia. No se preocupan por sus clientes. Para empeorar las cosas, escuché a otra clienta quejarse de que el servicio de atención al cliente intentó cobrarle 35 euros por hablar con alguien de servicio al cliente. Iberia es una estafa. Sólo quieren que tu dinero te trate como basura. No valoran a sus clientes en absoluto."
IBE_0554,Iberia,Desconocido,Madrid,Naples,Europe,mayo de 2024,1,"En marzo de 2024 hice 4 vuelos con Iberia. Todos excelentes. Mi mamá me había comprado los boletos con su tarjeta de crédito porque tiene descuentos en vuelos. En mayo me dispongo a viajar de nuevo con Iberia y la aerolínea me pide que enseñe la tarjeta física de mi mamá. Nunca, jamás, en vuelos con diversas aerolíneas, me había pasado esto. Fueron cerrados en la conversación en persona en el aeropuerto. No me escucharon, fueron muy groseros, muy tajantes. Me pidieron que dijera a mi mamá que fuera al aeropuerto de Mendoza, Argentina, dónde reside, a enseñar la tarjeta de crédito. Mi mamá no podía viajar 150 km en 2 horas para esto. Les dije que les podía enseñar por video llamada a la dueña de la tarjeta y que esta a su vez mostrara su documento de identidad y la tarjeta. Esto no les agradó. Luego les pedí que me vendieran nuevos boletos, ya que no me iban a permitir usar los otros, y me dijeron que no, que tenían lista de espera. Llamé por teléfono a Iberia, a preguntar por el vuelo que iba a tomar, y a ver si había lista de espera y me dijeron que no, jajajajaja. Lo sorprendente, lo decepcionante, es que fueron extremadamente groseros y cerrados. En ningún momento me escucharon, ni mediaron. Te acepto que no me dejes volar, pero no el maltrato. Un amigo que trabaja en ésta aerolínea me ha dicho que estoy lo hacen cuando SOBRE VENDEN. Cuando sobrevenden piden las tarjetas en físico a ver a quien pueden sacar del vuelo, para así arreglar la sobreventa. Nunca más volaré con Iberia, no importa si el vuelo con otra aerolínea es más costoso. Las humillaciones y los maltratos no son justificados."
IBE_0555,Iberia,Desconocido,New York City,Madrid,International,septiembre de 2024,2,"¿Qué tan malos son? ¡Déjame contar los caminos! Como viajero experimentado y valioso cliente de Iberia, me sorprendió: Terrible aplicación móvil (no muestra TSA PreCheck por lo que hay que conseguir tarjeta de embarque impresa desde el mostrador) , Embarque no organizado, comidas no editables (sugiere probar a usar condimentos) , asistentes de pelea poco entusiastas, ninguna de mis tomas de corriente y wifi funcionaba. . . ¡No es que sea más barato que cualquier otra aerolínea! ¡No volveré a volar Iberia si puedo evitarlo!"
IBE_0556,Iberia,Desconocido,Madrid,Chicago,International,septiembre de 2024,1,"Viaje desde Madrid yo y 2 chicos (uno cuyo bday se suponía que iba a ser el día después de haber regresado) a través de Heathrow a Chicago (ORD). El vuelo IB (8 a) sale de 1 . Con 25 horas de retraso desde España - nuestra ventana de 2 h se convierte en una locura para cumplir con la seguridad en la aduana diciendo que BA nos sacó del vuelo - vaya a ver el mostrador de clientes de Iberia. 3 . 5 h después el personal de Iberia no ha podido, confiesa que en realidad es personal de BA cubriendo (ningún personal real de Iberia -incluso me hizo llamar al call center de Iberia) , el supervisor (BA) dice que la única opción - tomar un vuelo mañana en nuestro socio de AA, le pondremos en una habitación durante la noche, vale de cena, recoger sus maletas y volver a facturar al día siguiente; al día siguiente ( 640 ) intentamos facturar - en AA - ningún itinerario, ir a hablar con BA, BA turn y decir no puede ayudar - ir a otra terminal y encontrar personal de Iberia para acomodar. Bajé el pie y le dije al agente que buscara a su manager, él puede acompañarnos a la terminal, imprimir nuestros boletos y entregárselos personalmente. (750 a) encuentre el agente BA en el extremo opuesto de la contrapreciación del agente AA para ayudar. El agente de AA dice firmemente que pongan sus maletas, aquí están sus boletos: mi hijo de ahora 10 años dice ‘¿podría actualizarme por mi cumpleaños?’ Ella sonríe y dice que pregunte en su puerta - tal vez puedan ayudarle. Ahora estamos esperando el tramo final 2. 5 h de nuevo retrasado. Gracias al maravilloso personal involucrado (IB tele - Gian Franco; BA - Georgia; AA - Deborah) - por ayudarnos a celebrar el cumpleaños de mi hijo de 10 años corriendo por Londres / Heathrow con su hermano y yo; mamá y lil sis están a salvo en casa - tomó otro vuelo. Todos los letreros aquí dicen ‘por favor respeten a nuestros empleados’, así que dejaré mis otras palabras a un lado"
IBE_0557,Iberia,Desconocido,San Juan,London,International,junio de 2024,1,"En el viaje de regreso, Iberia dejó a todos los pasajeros en la pista y luego se trasladó en autobús a la terminal. Mientras tanto el tiempo para la conexión fue corto e Iberia me dejó varado con casi $500. 00 por valor de honorarios incluyendo servicio de hotel y taxi. Al final, Iberia no se hizo responsable del retraso. La peor aerolínea de la historia. Muy poco recomendable."
IBE_0558,Iberia,Desconocido,Vigo,Chicago,International,septiembre de 2024,1,Experiencia desastrosa. Volamos el viernes 26 de Vigo a Chicago. Salimos con retraso de Madrid. Llegamos a Chicago y nos enteramos por un SMS de iberia de que nuestras maletas no habían llegado al destino hecho que pudimos comprobar gracias a los AirTag que iban en las maletas. Tras ponernos en contacto con Iberia nos dicen que no solo no nos las envían en el primer vuelo disponible sino que hasta el sábado 28 no van a salir de Madrid. Tras comprobar que están en Chicago desde ayer 28 y tras varias llamadas telefónicas al número de atención nos dicen que no nos las van a entregar en el hotel hasta el día 30 ( 1 día antes de que regresemos a España) y a saber a qué hora. Por supuesto hemos tenido que comprar de todo y mañana nos veremos obligadas a comprar una maleta cada una ante la inseguridad de que nos entreguen las nuestras. No estamos dispuestas a estar en el hotel todo el día esperando a que tengan la gentileza (a saber a qué hora) de traernos las maletas…
IBE_0559,Iberia,Desconocido,Nice,Miami,International,septiembre de 2024,1,"Volar con Iberia Airlines se ha convertido en sinónimo de aventurarse en el abismo de las pesadillas de atención al cliente y los retrasos interminables. Mi experiencia reciente, que estoy seguro que resuena con muchos, pinta una imagen sombría de una aerolínea que parece haber perdido el rumbo en medio de las nubes de caos organizacional y negligencia de los clientes. Desde el principio, la promesa de cielos suaves con Iberia se convirtió rápidamente en un viaje ridículo a través de una burocracia burocrática de un tipo que nunca había presenciado. Comprobación – las que deberían haber sido sencillas se convierten en pruebas, con líneas que se mueven a un ritmo que sugiere que la formación del personal implica aprender a dominar el arte de la cámara lenta. Cuando finalmente en el mostrador, la esperanza de eficiencia se desvaneció contra las rocas de la indiferencia. El servicio al cliente, o la falta de él, es similar a navegar a través de un laberinto diseñado por alguien que desprecia la claridad. Las llamadas de ayuda son recibidas con un infierno purgatorio lleno de noticias de retrasos y mínima empatía. Si estás buscando un personal de apoyo, no lo hagas: tus gritos de asistencia desaparecerán en un vacío de respuestas nebulosas, dejando a los pasajeros en un limbo de incertidumbre. Y hablemos de retrasos: Iberia parece haber patentado el arte de ampliar el tiempo de viaje. Los vuelos que se supone que te hacen deslizar por el cielo te mantienen en tierra, a veces durante horas, con explicaciones tan delgadas como las disculpas de la aerolínea. Estos retrasos no son solo hipos ocasionales, sino que parecen ser una característica central de la experiencia de Iberia, como si la aerolínea operara en una zona horaria diferente de inconvenientes. La gota que agita la bebida del descontento es su manejo de estos retrasos. Las promesas de asistencia, ya se trate de cambio de reserva o alojamiento, ciertamente se ofrecen (aunque de manera impersonal) , pero cuando se trata de entrega, Iberia a menudo parece extraviar su compromiso. El proceso de cambiar la reserva de un vuelo o un vale para un vale de comida u hotel debido a sus retrasos se siente como una búsqueda del Santo Grial, lleno de desinformación y distracciones. Además, las publicaciones en un sinfín de plataformas revelan un coro de insatisfacción, una comunidad de viajeros unidos en su frustración con el servicio de Iberia. Desde la pérdida de equipaje hasta quedarse varado durante la noche sin el cuidado adecuado, las historias no son solo anecdóticas, sino que forman un patrón de negligencia que es difícil de ignorar. En esencia, volar con Iberia se siente como comprar un billete no solo para un vuelo sino para una clase magistral de paciencia, resiliencia y el arte de lidiar con la decepción. Para una aerolínea que cuenta con un legado, uno esperaría un mínimo de respeto por sus pasajeros, pero en su lugar, ofrece una lección de lo que no debe hacer. Si valoras tu tiempo, tu cordura y los principios básicos del servicio al cliente, aléjate de Iberia. Han convertido el vuelo en una aventura, pero no del tipo para el que alguien reserva un billete. Para aclarar detalles específicos: Retraso de vuelo y conexión perdida: Mi vuelo de Niza a Madrid se retrasó, por lo que perdí mi vuelo de conexión a Miami. A pesar de correr por el Aeropuerto de Madrid Barajas, llegué cinco minutos tarde. Lamentablemente, no hubo simpatía ni asistencia por parte del personal de Iberia. Rebooking Chaos: El proceso de cambio de reserva en el servicio de asistencia de Iberia fue mal gestionado y excesivamente largo. Solo dos empleados manejaban una larga cola de pasajeros. Inesperadamente, sin previo aviso, estos empleados cerraron sus operaciones, lo que nos obligó a reubicarnos en otro mostrador al otro lado del aeropuerto para obtener asistencia. Bono del hotel: Me volvieron a reservar en el vuelo del día siguiente a Miami y me proporcionaron un vale de hotel. Sin embargo, el alojamiento era deficiente, asemejándose a un dormitorio universitario con un olor notable. Otros retrasos en Madrid: Al día siguiente, 25 de septiembre de 2024 , llegué al aeropuerto de Madrid por mis 11 : vuelo de 40 AM, sólo para enterarse de que se retrasó debido a problemas técnicos hasta las 3 : 00 PM. Después de horas de espera, este vuelo finalmente fue cancelado. Desinformación y mal encaminamiento: Me acerqué a lo que pensé que era un mostrador de Iberia para pedir ayuda, pero fui redirigido ya que no ayudaban a los pasajeros de Iberia. Después de atravesar el aeropuerto de nuevo, fui redirigido a través de un itinerario complejo: Madrid a Londres Heathrow, Heathrow a JFK, y finalmente JFK a Miami. A pesar de mis preguntas sobre los tiempos de conexión, particularmente en Heathrow, me aseguraron que habría tiempo suficiente. Varado en Heathrow: Desafortunadamente, el tiempo fue insuficiente, y perdí mi vuelo de conexión en Heathrow. Esto me dejó varado a las 7: 00 PM sin alojamiento, equipaje o artículos de aseo, y sin solución inmediata para continuar mi viaje. Última hora: Me puse en contacto con Iberia, y solo pudieron organizar un vuelo con British Airways para el día siguiente, lo que me obligó a asegurar de forma independiente el alojamiento para la noche. Comparación de servicios: Aunque British Airways demostró ser fiable, Iberia demostró graves deficiencias operativas y de servicio al cliente. Problemas de equipaje: Al llegar finalmente a casa, mi equipaje se perdió durante tres días. Hoy, Iberia confirmó que estaba ubicada en Madrid y ahora se dirige a JFK, en lugar de directamente a Miami, lo que parece innecesariamente enrevesado. Acción futura: Planeo presentar quejas ante el Departamento de Transporte y la Oficina de Mejores Negocios. Recomiendo encarecidamente que todos eviten Iberia Airlines para evitar experiencias similares."
IBE_0560,Iberia,Desconocido,Vienna,Madrid,Europe,mayo de 2024,5,"Llegué al aeropuerto esperando que el check-in se abriría 3 horas antes de mi horario de 12. 20 pm de salida, pero solo abren dos horas y media, así que un poco de espera para que abra, pero una vez que estaba abierto, el check in fue fácil y rápido en un mostrador de clase ejecutiva dedicado. Iberia no tiene su propia sala y no creo que haya una para otra aerolínea oneworld, así que dirigen a sus pasajeros a la sala de Viena, que era un salón fantástico con una buena selección de opciones de comida y bebida que comenzó con los artículos de desayuno cuando llegué y pasó a artículos de todo el día alrededor de las 11 am. Mientras el salón estaba ocupado encontré un buen lugar junto a la ventana que tenía algunas excelentes vistas del aeropuerto y los vuelos de salida. El vuelo salió un poco tarde tal vez 20 minutos, pero no fue un problema para mí, ya que no tenía un vuelo de conexión. Estaba en 1 A, lo que le da mejor espacio para las piernas, ya que es un asiento de mamparo, pero al igual que el 99 % de la clase ejecutiva europea en un avión de fuselaje estrecho, los asientos son económicos, con el asiento central bloqueado y, en teoría, una mejor experiencia de vuelo que económica, y eso es exactamente lo que fue este vuelo. Tuve una buena comida de tres platos con una selección de platos principales y bebidas y el equipo siempre estaba viendo si alguien quería algo. En general, la experiencia en el salón estaba por encima de lo que esperaba y el vuelo más o menos lo que esperaba, así que en general estaba muy contento."
IBE_0561,Iberia,Desconocido,Boston,Barcelona,International,septiembre de 2024,1,"ETAPA UNO - - Iberia/Vueling/Level canceló nuestro vuelo Boston - Barcelona la mañana que teníamos previsto salir 9 / 23 / 2024 . Eso fue hace más de dos semanas y aún no hemos recibido ninguna comunicación, compensación, NADA. Los únicos avisos que teníamos de la cancelación eran de KAYAK! Los agentes de servicio al cliente de Boston fueron terribles. Cuando aparecimos en el aeropuerto dijeron literalmente que no podían ayudarnos. Fue increíblemente poco profesional Después de insistir en hablar con un supervisor, finalmente nos transfirieron a un vuelo de American Airlines a través de Filadelfia, solo para enterarnos de que estaba RETRASADO y perderíamos el vuelo a BCN. Un maravilloso asistente de atención al cliente de AA nos salvó el viaje - NO gracias a Iberia. PATERA DE REGRESO - Dos días antes del vuelo fuimos en la aplicación para comprar asientos. Solo UNO de nosotros estaba en la reserva. La reserva de mi marido se había esfumado. Llamamos varias veces y no llegamos a ninguna parte. Cuando llegamos a BCN, nos remitieron al representante de Vueling que nos dijo que no tenían constancia de su reserva (ni del asiento que había comprado). Después de presentar la prueba de nuestra reserva, ella ""nos apretó en el vuelo"" (había asientos vacíos). NADA de la tecnología funcionó en el avión... ni entretenimiento, ni pantallas, nada. Nunca más volaremos Iberia/Vueling/Level. No recomiendo. Realmente decepcionante. Ahora tratando de obtener reembolsos por las entradas y los $ 40 asientos que compramos."
IBE_0562,Iberia,Desconocido,Lima,Madrid,International,julio de 2024,4,"Muy Buena Aerolínea, no entiendo porque hay tantas quejas acá, Nosotros Iniciamos Nuestro Viaje de Lima a Madrid en Julio de 2024 y nos toco en un Iberia A350-900, nos sentamos en nuestras Butacas en Business y el Asiento es súper cómodo, se puede reclinar y hay muchos servicios, tienes una pantalla la cual te ofrece todo tipo de Películas, la comida una delicia, tienes una Ventana 360 y una Puerta de Privacidad en tu Asiento, no hubo ningún Problema con las Maletas ni con el Vuelo, para un vuelo de 11 Horas estas funciones están Perfectas. Muy Buena Aerolínea, la Recomiendo."
IBE_0563,Iberia,Desconocido,Malaga,Santorini,Europe,septiembre de 2024,1,El día 14 viajé a Santorini. Iberia nos perdió 3 maletas de las cuales hemos recuperado 2 y otra sigue desaparecida. Cada vez que llamo me dan una información diferente. A día de hoy 28 de septiembre sigo esperando una información concisa. Un auténtico desastre. No recomiendo esta compañía.
IBE_0564,Iberia,Desconocido,Cancun,Barcelona,International,julio de 2024,1,"me anularon el vuelo no avisaron no me dieron alternativa y a un estoy esperando que me devuelvan el dinero, pensaba que era una buena compañía pues de las peores"
IBE_0565,Iberia,Desconocido,London,Lima,International,septiembre de 2024,2,"El peor servicio de larga distancia que he experimentado. Volé de Londres a Lima, vía Madrid. No hay suficiente comida, bebidas - incluso agua - para el vuelo de 11 horas de Madrid a Lima. 1 pequeña comida caliente con una pequeña botella de agua (vino también si querías) , una pequeña taza de té y eso fue todo lo que nos ofrecieron hasta que obtuvimos un pequeño bocadillo unas 9 horas después. Ojalá hubiera sabido tomar mi propia comida y bebidas. Todos se quejaban de tener hambre y sed."
IBE_0566,Iberia,Desconocido,Miami,Madrid,International,septiembre de 2024,2,Habíamos comprado en puntos la economía premium y fuimos rebajados a la economía. Luego compramos y cobramos por tener más espacio para las piernas y llegamos a nuestros asientos asignados que eran de economía regular sin espacio adicional para las piernas. Nadie pudo ayudar con eso. Buena suerte recuperando tus 200 dólares.
IBE_0567,Iberia,Desconocido,Miami,Madrid,International,septiembre de 2024,1,"El peor servicio de atención al cliente de la historia, pagué por adelantado mis asientos y cuando llegué al escritorio me dijeron que la compañía vendió el mismo asiento a otra persona y que no hay nada que puedan hacer. Me dijeron que pusiera una reclamación en Madrid. Muy grosero personal. No lo recomendaría"
IBE_0568,Iberia,Desconocido,Athens,Madrid,Europe,septiembre de 2024,1,"Nos han atendido fatal, linea aérea española pero no hablan español. Nos han OBLIGADO a facturar nuestras mochilas porque el vuelo estaba sobrevendido. UNA VERGUENZA"
IBE_0569,Iberia,Desconocido,Madrid,London,Europe,octubre de 2023,1,"Bueno pues después de 2 años intentando que me pagarán por 6 billetes por overbooking, al final solo me reembolsaron 3, porque los otros tres con el servicio de atención al cliente tan nulo que tienen ni yendo al aeropuerto a reclamar conseguí mi objetivo. No recomendaría viajar en esta compañía jamás."
IBE_0570,Iberia,Desconocido,London,Lima,International,septiembre de 2024,1,"Evita que la compañía se mantenga alejada. Perdieron nuestras maletas lo que causó una gran frustración. Los envían después de 5 días, que era demasiado tarde. De ninguna manera puedes comunicarte con ellos son terribles"
IBE_0571,Iberia,Desconocido,Rome,Dallas,International,septiembre de 2024,1,"Se suponía que la salida de Roma a Madrid conectaría para volar a Dallas. A su llegada a Madrid les dijeron que el vuelo había sido cancelado y que vieran a un agente. La fila de espera era horrible para los tres agentes. Nos reservó al día siguiente a Dallas con American (gracias) . Dijo que nuestro equipaje había sido retirado. 3 horas después no hay equipaje, más espera en fila, el agente dijo que la solicitud de tirar nunca se hizo. Finalmente recuperé el equipaje. Hablé con personas que iban a ser enviadas a Londres y Ciudad de México para conseguir vuelos de conexión. Horrenda aerolínea no saben cómo se mantienen en el negocio, los agentes en su mayor parte podrían preocuparse menos por los pasajeros. Esperé una hora en Roma para conseguir nuestras tarjetas de embarque, ya que tenían a los dos agentes... ridículo. Ahórrate mucho dolor y no vueles con esta compañía."
IBE_0572,Iberia,Desconocido,Bogota,Madrid,International,agosto de 2024,1,"Compré un vuelo para mi esposa y mis hijas, con seguro de cancelación, 260€, debido a un documento que no llegó a tiempo no se les permitió hacer el embarque, las maletas se facturaron, una se la devolvieron al momento, la otra sigue perdida después de casi dos meses, en el aeropuerto se nos dijo que nos cambiarían el billete de ida, MENTIRA, no se nos cambió ni el billete de ida ni el de vuelta, llamamos muchas veces y nos dicen que fue un ""NO SHOW"" osea que no nos presentamos, lo cuál no tiene lógica, ya que las maletas, que yo sepa, no van solas a un Check in y se facturan ellas solitas, podemos entender que sea culpa nuestra lo del vuelo de ida por lo del documento y que nos cobren una penalización por el cambio, aún habiendo pagado un seguro, pero lo que nos cuesta entender es que si uno no puede tomar el vuelo de ida por cualquier motivo también pierda el de vuelta, estando a todavía un mes de la fecha, a parte de esto la atención es pésima, te hacen creer que te van a ayudar pero son todo MENTIRAS y al final tuvimos que comprar billetes nuevos, y de la maleta, después de llamar y escribir montones de veces, todavía no sabemos nada."
IBE_0573,Iberia,Desconocido,Valladolid,Las Palmas de Gran Canaria,Domestic,julio de 2024,1,"PÉSIMA EXPERIENCIA. Nos cancelaron el vuelo la misma mañana x sms, nos dieron un teléfono para contactar con ellos. Después de un buen rato nos contestaron pero tuvimos que llamar de nuevo xq la operadora nos colgó para no complicarse... No nos dieron solución para viajar desde Valladolid, tuvimos que buscar hotel para esa noche y viajar en tren a Madrid al día siguiente y desde allí volar a Las Palmas. Llevamos 2 meses poniendo reclamaciones y llamando x teléfono y no hemos conseguido nada"
IBE_0574,Iberia,Desconocido,New York City,Madrid,International,septiembre de 2024,1,"Estafadores, son peores que Ryan Air. Mentiras en puntualidad, sin posibilidad de reclamar, servicio indecente, aviones configurados para pitufos, en resumen, viaja con quien sea que irás mejor. No aporta nada al tráfico aéreo, no más privilegios para esta rémora inglesa-latino americana."
IBE_0575,Iberia,Desconocido,Madrid,London,Europe,septiembre de 2024,1,"La peor experiencia de vuelo que he tenido. NO PRESERVE ASIENTOS. No recibirás tu asiento pagado. El personal es completamente incompetente y no se preocupa en absoluto por los clientes. Estábamos sujetos a un servicio terrible en ambos sentidos. El personal fue innecesariamente grosero, inútil y francamente irrespetuoso. Casi pierdo ambos vuelos debido a su incompetencia. No permitimos el check-in hasta 1 hora antes de la hora de despegue en el aeropuerto más concurrido de EUROPA. Iberia Air es una ESTAFA. Recomendaremos que NADIE reserve esta aerolínea."
IBE_0576,Iberia,Desconocido,Barcelona,New York City,International,agosto de 2024,1,"Terrible aerolínea, equipaje perdido, durante 4 semanas se les dijo que el equipaje enviado a JFK pero nunca lo hizo. Tener cosas valiosas allí, pero no cubierto por la convención de Montreal ($ 1700 es el límite) , Servicio al cliente despistado - simplemente repetir lo mismo una y otra vez lo que pueda ver a mí mismo en el rastreador, ningún esfuerzo real para encontrarlo. Asientos mucho más pequeños que los portaaviones estadounidenses."
IBE_0577,Iberia,Desconocido,Madrid,Doha,International,septiembre de 2024,4,"Me impresionó esta aerolínea. El personal de cabina era bueno y la comida era muy buena, incluso consiguió un helado y un pequeño kit - kat con café."
IBE_0578,Iberia,Desconocido,Madrid,Washington DC,International,septiembre de 2024,1,"Mala atención del personal de parte de la azafata Silvia López y el comandante Romeral. A causa de llevar mi gatito conmigo en el vuelo, me hablaron de forma intimidatoria y vejatoria. Ya he mandado una queja a su web detallando mi situación. Es indignante, que sin ofrecerme una explicación de la normativa a priori, se dirijan a mí de malas maneras. La tripulación en general dejó mucho que desear, nada que ver con el vuelo de vuelta a España que sin duda nos hicieron sentir cómodos y atendidos en todo momento."
IBE_0579,Iberia,Desconocido,Madrid,New York City,International,septiembre de 2024,1,"¡La Economía Premium es una estafa! La peor experiencia de la historia. Estos son todos los problemas que tuve con un solo viaje durante mi primer vuelo premium de economía: 1 . Soy celíaco, así que los llamé más de 24 horas antes para reservar una comida sin gluten que fue confirmada por el agente de servicio al cliente. ¡Durante el vuelo resultó que no lo tienen! ¡No comí nada en las 8 h enteras! A la tripulación no le importaba en absoluto. 2 . Tienen tan pocos asientos en la economía premium que rara vez puedes sentarte junto con tu compañero de viaje. Durante ambos vuelos tuvimos que sentarnos por separado o pagar encima para sentarnos juntos! Como wtf ryanair es esto? 3 . Para mi vuelo de regreso cambiaron el avión por uno que no tuviera economía premium, así que cuando me estaba registrando me enteré de que estaría sentado en economía. No hay explicación ni disculpas. 4 . Tuve problemas con la configuración de mi cuenta Iberia plus, así que me puse en contacto con ellos varias veces. Tardaron 3 meses en configurar la cuenta por la que perdí algunos puntos de vuelo porque ya era demasiado tarde después del vuelo para agregarlos. Honestamente, ¡no te molestes en actualizar a la economía premium o incluso mejor usa otra aerolínea!"
IBE_0580,Iberia,Desconocido,Madrid,Dublin,Europe,septiembre de 2024,1,"Vuelo Iberia/aer lingus. Mi equipaje nunca llegó a Dublín. ¡Fue dicho que Iberia lo envió a Venezuela! 2 días después y sigue ahí a pesar de mi queja de alojamiento en 22 / 9 / 24 y sonando 3 veces al día. No hay ayuda del número de equipaje perdido que me dieron. La aplicación nunca dice nada nuevo solo que sigue rastreando. ¡Toda mi ropa, llaves, abrigo, etc. ha dado la vuelta al mundo!"
IBE_0581,Iberia,Desconocido,Ibiza,Palma de Mallorca,Domestic,agosto de 2024,1,"""La peor experiencia de la historia. Mi vuelo se retrasó tres horas, y he solicitado una carta confirmando que se debió a una tormenta el día anterior en Ibiza. He presentado tres solicitudes, y cada vez que recibo una nueva carta que no menciona el clima como la causa. Necesito esto para reclamar el reembolso de mi seguro en casa. Me envían en bucles entre correos electrónicos, atención al cliente y su sitio web desesperanzado, donde es imposible encontrar nada. PEOR SERVICIO AL CLIENTE EN LÍNEA, POR TELÉFONO, Y POR CORREO ELECTRÓNICO!"
IBE_0582,Iberia,Desconocido,Tel Aviv,Malaga,International,agosto de 2024,1,"Vuelo de Ben Gurion- Madrid-Valencia, operado por Iberia. Me cancelan el vuelo 48h antes de salir. Pierdo otro vuelo que tenia en escala despues del de Iberia, asegurando que no me pueden ayudar. Y para colmo, me llega un mail que no me van a poder hacer el reembolso completo. Procedo a poner una reclamación. Llevo llamando cada semana para saber el estado de mi reclamación. Han pasado 32 días desde la cancelación... Por teléfono o me cuelgan, o me cortan cuando trato de que me den más información. Muy improfesional, estoy muy decepcionada. Sigo esperando el reembolso."
IBE_0583,Iberia,Desconocido,Rome,Lima,International,septiembre de 2024,1,Una de las peores aerolíneas que usé en mi vida... anfitriona nada educada y muy grosera... y yo estaba en clase ejecutiva... no puedo imaginar en economía... No me volverán a ver
IBE_0584,Iberia,Desconocido,Madrid,Zurich,Europe,septiembre de 2024,1,Esta es mi última vez volando con esta aerolínea de mierda. Esta aerolínea es basura absoluta. Cambié la puerta TRES veces y me hizo pasar por tsa tres veces. No vuele Iberia.
IBE_0585,Iberia,Desconocido,Madrid,Miami,International,septiembre de 2024,1,Vuelo tardío / últimas maletas / actitud terrible con el servicio al cliente! ¡Necesitan cambiar la forma en que hablan con la gente y aprender servicio al cliente!
IBE_0586,Iberia,Desconocido,Miami,Las Palmas de Gran Canaria,International,septiembre de 2024,1,"Tengo una amiga que se traslado de Miami a Gran Canaria. Yo misma la acompañe a su llegada y facturamos su maleta sin problemas. Cual fue su sorpresa, al llegar a Canarias si maleta no estaba. Tardaron 5 días en dársela de 7 que iba a permanecer. Ahora no le devuelven gastos. Sin bragas, sujetadores, pijama, ropa, accesorios de aseo. Se pudo comprar de todo y aun así solo compro lo necesario. Ella que es honrada. No tengo calificativo es tremendo!!!!"
IBE_0587,Iberia,Desconocido,Madrid,London,Europe,julio de 2024,1,"Perdieron mi equipaje, como mucha gente en este mismo vuelo. Al menos 20 personas. Afortunadamente yo localicé una de mis bolsas pero no la otra. (un sofá de masaje con algunas herramientas de terapia en el interior. Cuando hablo con los representantes del aeropuerto y con los representantes en línea (a los que qué sacarte del teléfono lo más rápido posible - ni siquiera decir adiós al final de la llamada) me informaron si mi culpa no se recupera la aerolínea es responsable de cubrir el costo de la bolsa y el contenido. No, estoy tratando de reclamar la pérdida de contenido y lo adivinaste. Solo cubrirán el costo del caso y no el contenido porque mis electrónicos aparentemente se clasifican como ""electrónicos o perecederos"" ? ? ? ¿Cómo es que tiene sentido? ¡Voy a hablar de esto con el Defensor del Pueblo como absurdo!"
IBE_0588,Iberia,Desconocido,Fuerteventura,Madrid,Domestic,agosto de 2024,1,"Cada vez que reservo con @Iberia o @iberiaexpress es una sorpresa nueva, cada vez peor y me siento estafado. Compramos un billete con tarifa óptima para poder hacer cambio en cualquier momento, pues llamamos con 7 días de antelación y primero, nos cobran 35 euros por gestion, vale.. luego Nos dic n que no hay plazas en tarifa óptima que hay en tarifa inferior o superior pero esa Justo no hay. Pues le decimos que no comprobamos en web y si hay plazas pra esa tarifa, llamamos por teléfono ahora a compras y nos dicen que si hay plazas y le comentamos que queremos cambiarlo y sospechosamente desaparecen las plazas… en fin"
IBE_0589,Iberia,Desconocido,Madrid,Naples,Europe,julio de 2024,1,Desastroso el check in; mala atención del personal en Aeropuerto de Barajas; atraso por más de 3 horas de salida del vuelo; demora por mas de una hora en poder bajar del avión en destino; Extravío de equipaje; falta de atención de personal; entrega de equipaje luego de 3 semanas; reconocen sus incumplimientos pero no compensan por los perjuicios ocasionados
IBE_0590,Iberia,Desconocido,San Francisco,Madrid,International,septiembre de 2024,3,"No odié Iberia tanto como pensé después de leer las críticas. Llegaron a tiempo, no perdieron mi equipaje y la comida era bastante buena. ¡Hasta el vino era bueno! No es la aerolínea más cómoda de la historia, pero tampoco la peor. SIN EMBARGO, mira la letra pequeña de tu boleto y asegúrate de que no hayan subcontratado a LEVEL. Mi vuelo de regreso estaba en LEVEL y fue el peor vuelo internacional que he tenido."
IBE_0591,Iberia,Desconocido,Buenos Aires,Madrid,International,mayo de 2024,4,"En mi vuelo DEL DIA 22/05 no tuve problema cumplieron en todo lo que prometieron, buena atención check in, espera rasonable, avion limpio, puntual, buena comida."
IBE_0592,Iberia,Desconocido,Montevideo,Madrid,International,septiembre de 2024,1,"Pésima experiencia, me dieron un bono por 720 euros por dejarme varada en montevideo un día entero, el bono no sirve, llame 5 veces nadie me supo ayudar, me presenté en las oficinas y se empezaron a reír en mi cara diciendo que me lo van a dar en metálico por menos monto porque el sistema se les cayó y etc. sin embargo no me han enviado nada"
IBE_0593,Iberia,Desconocido,Madrid,Stockholm,Europe,enero de 2024,1,"Cada ver peor servicio, más de una hora para confirmar una reserva. No funciona la app, no funciona la página web, vía WhatsApp un desastre. Suben los precios pero desgraciadamente baja la calidad del servicio, se espera algo mejor de una compañía como IBERIA."
IBE_0594,Iberia,Desconocido,Miami,Madrid,International,septiembre de 2024,2,"Cabañas horriblemente viejas, sucias y desordenadas. Los asientos tienen al menos 10 años de edad, con un espacio muy estrecho para los pies y la otomana súper estrecha en el lado del asiento."
IBE_0595,Iberia,Desconocido,Madrid,Miami,International,septiembre de 2024,1,"Viajar lite ya que perderán su equipaje y nunca ofrecen actualizaciones sobre el estado. Más de 20 personas perdieron su equipaje en Madrid volando de regreso a Miami. Imagino que muchos siguen esperando como yo. Ten en cuenta que comprar tu asiento en clase Business es una pérdida de tiempo, te colocan en cualquier parte del avión. Nuestra separación estaba separada en ambas patas, aunque compramos, nos dieron boletos y habíamos asignado asientos con 6 meses de antelación. Me sorprende haber podido subir al avión, muy desorganizado y los sistemas son un desastre. ¡Nunca más! ¡Caminaré!"
IBE_0596,Iberia,Desconocido,Madrid,Nice,Europe,septiembre de 2024,1,La clase ejecutiva se cambió a la clase económica. Actitud repugnante. Muy insatisfecho con el servicio y la actitud. No recomendaría volar en esta aerolínea
IBE_0597,Iberia,Desconocido,New York City,Seville,International,septiembre de 2024,1,"Nunca he tenido una experiencia tan vergonzosa con una aerolínea en toda mi vida. Compré billetes flexibles para ir a España, y cuando llamé dentro del plazo para cambiar la fecha de salida del vuelo, me dijeron que el único estado del billete al que podían cambiarme era una ""tarifa flexible"" y me cotizaron a $ 3.000 para cambiar el vuelo. Esto fue solo para el vuelo de ida... Eso es 3 veces la cantidad de dinero que pagué por todo el boleto de ida y vuelta. Pagar extra por un cambio de vuelo es una estafa. Aunque su política dice que puedes cambiar tu vuelo a cualquier vuelo en iberia.com, la única manera de cambiarlo es por teléfono con su servicio de atención al cliente y de acuerdo con ""su sistema"" solo les permite cambiar a lo que es esencialmente un vuelo de tarifa de clase ejecutiva. Cuando pregunté si había una tarifa de cancelación, simplemente se adelantaron y cancelaron el vuelo. Nunca les dije que cancelaran el vuelo. Llamé al servicio al cliente tantas veces y me dijeron varias cosas diferentes. Debido a que el vuelo había sido cancelado, la reserva no pudo ser modificada. Me quedé sin billetes de avión. Le rogué y rogué a la cuenta de Iberia Twitter Business que me ayudara y me dijeron que alguien me llamaría pronto para resolverlo. Más de dos días después, alguien me llama. Hablo con ellos durante 13 minutos por teléfono y de repente, me entregan. Volví a llamar a ese número 2 veces y por supuesto no funcionó. Me cobraron tarifas telefónicas internacionales tratando de hacer esto. Más de una hora después, me vuelven a llamar y me dicen una vez más que para cambiar UNA ETAPA del vuelo, incluso cuando pagué extra por un cambio de vuelo cuando compré inicialmente el boleto, serían $ 3.000 . La cantidad de estrés, falsas esperanzas, y de ida y vuelta que este vuelo me ha hecho pasar está más allá. He perdido $1, 100 y 84.000 puntos de tarjeta de crédito. Se suponía que este vuelo era para asistir a una boda de mejores amigos. No puedo creer cómo tratan a sus clientes. Escribo esta reseña con la esperanza de que nadie más tenga que pasar por esto. En caso de que algo salga mal, esta aerolínea no estará allí para ayudarle a través de él. Perderás dinero, y nadie en su equipo de servicio al cliente te ayudará adecuadamente."
IBE_0598,Iberia,Desconocido,Madrid,Stockholm,Europe,septiembre de 2024,1,"En vuelos de más de 4h 15', Iberia incluye comida. No solía ser demasiado elaborada, pero siendo celíaca me solucionaba la papeleta (y me permitía comer algo caliente en lugar de una triste lata de sardinas o un puñado de frutos secos; que siempre se agradece). Mi sorpresa ha sido cuando, al ir a la web para ver cómo podía solicitar esta comida, he comprobado que lo que ofrecen es una opción para ""intolerantes al gluten"" (cosa que no existe) y que el menú en realidad es ""bajo en gluten""... ¡Señores de Iberia, actualícense: no existe la intolerancia al gluten, solo la celiaquía y la sensibilidad al gluten no celíaca y en ambos casos el único tratamiento disponible es la adherencia a una dieta estricta sin gluten de por vida! ¡Si no es sin gluten, es apto para celíacos! ¡Y si no pueden garantizar la ausencia de contaminación cruzada por gluten, no deberían anunciar que cuentan con menús especiales para nuestro colectivo (y, ya de paso, deberían descontarnos la parte proporcional del billete pues no nos están dando el servicio correspondiente)!"
IBE_0599,Iberia,Desconocido,Malaga,Tangier,International,septiembre de 2024,1,"Todo bien hasta el momento de estar en el vuelo, media hora de viaje y a 20 minutos nos comunican que volvemos a Málaga por problemas técnicos, aterrizamos, 25 minutos en el avión sin poder salir y ningún tipo de explicación, al salir del avión nos espera la policía, control de pasaportes, ellos tampoco sabían xq habíamos vuelto, nos sacan de la terminal de llegada sin explicaciones y super rápido, a información de iberia pero sin explicaciones, y de allí volvemos dd se facturan las maletas, sin explicaciones, corriendo por el aeropuerto, intentando no perdernos por q nadie nos decía donde nos dirigían y con personas mayores q necesitaban asistencia sin atenderles, gracias a otros pasajeros, llegaron al sitio. Y allí nos dicen q si pueden arreglar el avión en 1h sale el vuelo, y si no, ya verían q pasada. Nos dan 1tiket de comida de 15,93€. Y después de 1h nos acercamos y encima con prisas por q decían q solo habían dicho 1/2h. Nosotros no volamos, habían pasado más de 4h, y nuestro viaje era para 1,5dias. Nos sentimos maltratados por la desinformación y el trato."
IBE_0600,Iberia,Desconocido,Madrid,Miami,International,septiembre de 2024,1,"Qué aerolínea de basura. Me desconectó con socios de un mundo y AA, nunca volando nunca más. 1 . Compré asientos hace 6 meses, completamente ignorado en el check in, se le dio un asiento interior y ahora tengo que presentar un reembolso por mi tarjeta. 2 . Me dieron 1 hora para hacer una conexión en Madrid, apenas lo hice porque hablaba español a la aduana y me apresuraron. Decenas de personas en mi vuelo de conexión no lo lograron, había filas enteras de asientos vacíos debido a esto. ¿Por qué vender esto como un vuelo de conexión si es casi imposible de hacer? 3 . Debido a que tuve que correr a través de MAD no podía comprar comida. No hay problema, mi infoentretenimiento me dice que puedo comprar comida solo pregunte a la azafata, cuando subo a ella, me dice que este vuelo no vende comida. Entonces, ¿quién está mintiendo ella o los anuncios en la pantalla delante de mí? Más tarde veo que la gente ha comprado la comida que quería. Qué broma, literalmente estoy tratando de darles dinero y no se les puede molestar. 4 . No te molestes en comprar internet vía satélite ya que no para de cortar, qué desperdicio de 20 euros. 5 . Los baños están sucios, o tal vez la gente estaba molesta como yo y solo se enojó por todo porque ese vuelo era malo. 6 . La azafata no me quería y me dio un trato peor que todos los demás, pero como cosas pequeñas. Todo el mundo tiene hielo con su bebida, yo sin hielo. Todo el mundo tenía pan con su comida, yo sin pan. La comida de todos parece sellada, el papel de aluminio de mi pollo se abrió como si alguien decidiera que no lo quería y me lo devolvió y ella me lo guardó, genial. Cuando llegó el servicio de café todos recibieron media taza al menos, yo recibí una bomba de la olla, apenas un cuarto de taza. Finalmente hablé y ella me dio otra bomba. Todos a mi alrededor fueron tratados mejor, hablé español para cada solicitud, la única diferencia es que soy asiático y todos los demás no lo eran. Me sentí como discriminación racial pero mi evidencia es circunstancial. 7 . Por último, mi equipaje quedó atrapado en el torniquete de reclamo (tuvieron que detenerlo de emergencia) y dañó mi bolso. No fue su culpa, pero cuando fui a la mesa de servicio para presentar una reclamación, literalmente se alejó de mí y dijo que estaba de descanso y dijo que estaban cerrados. Gran servicio! Nunca vuelvas a volar esta aerolínea de basura. Espero que se retiren, y que despidan a todos sus empleados. Un mundo es basura hoy en día."
IBE_0601,Iberia,Desconocido,Chicago,Madrid,International,agosto de 2024,2,"Tomé esto ya que era el único vuelo directo a España y no tenía experiencia pasada con Iberia. Lo único positivo que diría es que el personal de vuelo es amable y atento. La aerolínea en sí era horrible. Asientos súper pequeños, el avión fue uno de los más antiguos en los que he estado. Ni siquiera tenía ventiladores de aire. Tecnología súper antigua que apenas funcionaba, los cargadores no funcionaban, los asientos no se reclinaban, diminutos (mido 5 ’6 y mis rodillas fueron empujadas hacia arriba hasta el asiento frente a mí). Incluso si hubiera pagado por “negocios”, básicamente parecía lo que sería un asiento normal en la economía estadounidense. Las bandejas eran viejas y algunas rotas. Realmente necesitan mejorar sus aviones. Para un vuelo internacional fue bastante miserable. La comida era meh, pero no ping demasiado en eso ya que la comida de avión siempre apesta, pero tampoco era genial. No volvería a hacer Iberia si fuera internacional a menos que no tuviera otra opción"
IBE_0602,Iberia,Desconocido,New York City,Tel Aviv,International,septiembre de 2024,1,Tienen muy muy mal servicio al cliente imposible hablar normalmente con nadie y cambiaron mi flght después de que lo reservé
IBE_0603,Iberia,Desconocido,Chicago,Madrid,International,septiembre de 2024,1,"El viaje a España fue maravilloso pero los vuelos fueron una pesadilla absoluta. Debíamos irnos el viernes. Pagamos extra por asientos reservados desde y hacia Madrid. Después de sentarse en la pista durante más de 1 hora, se dieron la vuelta y nos dijeron que el vuelo había sido cancelado. De vuelta en la terminal el agente de boletos dio una explicación muy detallada en español. Cuando otra pasajera la empleó para hablar en inglés simplemente dijo que el vuelo fue cancelado ve a buscarte maletas. Después de esperar 2 horas para recoger nuestras maletas nos dirigimos de vuelta a casa con la esperanza de tomar el vuelo al día siguiente. Cuando no pudieron sacarnos hasta 3 días después, terminamos tomando American con una conexión en Dublín. No hay asientos guardados en el medio. Entendimos que era de última hora. Al menos teníamos nuestros asientos ya pagados en el camino de regreso. Cancelaron y volvieron a reservar nuestro vuelo de regreso en el vuelo exacto que pagamos. No hay aviso o correo electrónico enviado sobre esto. Terminamos otra vez sentados en el medio viendo a otras personas sentadas en nuestros asientos laterales que pagamos. Mi consejo: NO volar Iberia! ! Terrible aerolínea. Sí, intenté presentar una queja en línea, pero no hay manera de hacerlo"
IBE_0604,Iberia,Desconocido,Hamburg,Madrid,Europe,septiembre de 2024,2,"Después de varios cientos de vuelos, rara vez encuentro una aerolínea tan incómoda. El trato fue desagradable y el cliente - desenfocado y en ninguna proporción a los precios utópicos cobrados."
IBE_0605,Iberia,Desconocido,Santiago,Madrid,International,agosto de 2024,1,"Imposible pedir un menú sin gluten. No hay forma en la wed de Iberia y del teléfono.. solo un robot que contesta .. misma cosa con el whatapp .. de inteligencia artificial, nada ..imposible la comunicación. Pésima esa parte del servicio."
IBE_0606,Iberia,Desconocido,Boston,Toulouse,International,agosto de 2024,1,"El vuelo en sí estaba bien. Sin embargo, mi equipaje no hizo el traslado en Madrid y es solo después de 3 días (llamando a oficinas en Francia (sin respuesta) ) y mi llamada a Iberia en los EE.UU. que se dieron cuenta de la solicitud de que mi equipaje se llevara a mi hotel nunca se realizó. Llegó el 4o día después del aterrizaje. Y ahora, el servicio de atención al cliente ""olvidó"" gestionar mi reclamación, así que de nuevo, tuve que llamar y esperar. En resumen, si tomas iberia, espero que todo vaya bien con el vuelo ya que el servicio al cliente no vale de nada."
IBE_0607,Iberia,Desconocido,Santiago,London,International,septiembre de 2024,1,"Ibamos a un viaje a londres con mi familia, paramos en madrid y hubo un error y las llevaron ahi en vez de a londres, pedimos el servicio al hotel y finalmente llego solo 1 maleta siendo que eran dos, pesimo servicio, no cumplen con el tiempo de entrega de dejar las maletas, llevo 2 dias con la misma ropa esperando mis maletas."
IBE_0608,Iberia,Desconocido,London,San Juan,International,septiembre de 2024,1,"Si no dominas el español, esta no es la aerolínea para ti. Todavía estoy esperando mi equipaje una semana después, a pesar de que soy un estado de Emarald One World y mi equipaje debe ser considerado prioritario. El departamento de retraso de equipaje es educado, pero no se compromete a ningún término de entrega. Parece que tendré que volver a recoger mi equipaje a pesar de que las etiquetas de aire ofrecen una buena ubicación para donde se almacena."
IBE_0609,Iberia,Desconocido,Madrid,Rome,Europe,septiembre de 2024,2,Compro vuelo con flexibilidad de cambio sin penalizacion pero para cambiarlo: 1/ no me deja por web y quieren cobrarme 35 euros si lo hago por telefono 2/por telefono no me ofrecen los vuelos que hay en la web me dicen que estan llenos ( aunque en la web no lo estan) 3/cuando escribo atencion al cliente para saber que problema tiene mi reserva para no poder acceder por web no me contestan a la pregunta. Por lo que temo me vuelva a pasar.
IBE_0610,Iberia,Desconocido,New York City,Barcelona,International,septiembre de 2024,1,"Reservas un vuelo con IBERIA y luego llegas al aeropuerto y ves la cola más larga con el menor número de agentes y de repente estás volando una aerolínea llamada LEVEL. ¿QUIÉN? ¿Qué? ¿Dónde? ¿Has oído hablar de ellos? Probablemente no. Pero has reservado tu vuelo en Iberia... eso es lo que puedes esperar. EVITE esta aerolínea a toda costa. ¿Perdiste tu vuelo debido al retraso de otra aerolínea? Te cobrarán 900 EUROS por cambiar tu vuelo, que es más de lo que pagaste por tu sub - par vuelo en Iberia - o esperar, LEVEL en primer lugar - ASÍ QUE EN RESUMEN - ¿crees que estás ahorrando algo de dinero reservando un viaje en Iberia? OH USTED PAGARÁ. Más de lo que esperabas"
IBE_0611,Iberia,Desconocido,Düsseldorf,Madrid,Europe,septiembre de 2024,3,Precios abusivos. No hay otra aerolínea con vuelo directo en ese aeropuerto. Si quieren sacar el dinero a los alemanes en vacaciones es su elección. Pero por ser español e ir a España a ver a la Familia deberían tener un poco de consideración y no cobrar 400€ por persona en clase turista y sin facturar maleta. Así no se puede volar!
IBE_0612,Iberia,Desconocido,Barcelona,Boston,International,septiembre de 2024,2,"Mi hija PAGÓ por un asiento en la ventana... y sin explicación, le regalaron su asiento el día anterior. Ahora tiene que luchar para recuperar su dinero. Además... no había servicio WIFI así que... durante 8 horas no pudo ver una película ni usar su portátil. Es horrible. El servicio era justo. A nadie parecía importarle. Habría sido mejor que volviera a Nueva York con nosotros en UNITED y luego regresara a Boston... ya sea en tren, coche o en vuelo rápido desde Laguardia. Un error. NO recomendaré esta aerolínea. Además, mis amigos lo tomaron 2 meses antes y estaban muy decepcionados . . . cobrado por todo. . etc!"
IBE_0613,Iberia,Desconocido,Buenos Aires,Barcelona,International,junio de 2024,1,"No compren y no gasten dinero en ubicaciones de asientos de manera anticipada porque te estafan ! En el check in el sistema te cambia la ubicación automáticamente , no te reubican por vuelo completo y no te devuelven el dinero , te dicen que si te lo reintegran pero nunca lo concretan ."
IBE_0614,Iberia,Desconocido,Cairo,New York City,International,septiembre de 2024,1,"Absolutamente horrible servicio al cliente, simplemente no les importa una mierda. Perdieron mi equipaje y no se ha hecho nada una semana después por lo que pagué $ 100. Nunca voy a usar esta aerolínea"
IBE_0615,Iberia,Desconocido,Miami,Madrid,International,septiembre de 2024,1,El peor avión nunca volverá a reservar. No hay servicio al cliente. Llamé a los Medias para quejarme y a nadie le importa. La aerolínea no valora a los clientes. Terrible servicio
IBE_0616,Iberia,Desconocido,Madrid,Vigo,Domestic,septiembre de 2024,1,"Cambié el lugar de salida de mi vuelo y pagué la multa por ese cambio. NO HAY PROBLEMA en pagar esa tarifa. Eso fue culpa mía y lo pagué de buena gana. Sin embargo, en lugar de reservarme en un vuelo que me llevaría a Madrid a tiempo para mi vuelo de vuelta a Nueva York me subieron a un vuelo que llegaba 12 horas después y no me informaron. No me di cuenta del cambio hasta que conseguí el itinerario después de mi transacción telefónica. Volví a llamar inmediatamente para cambiar la hora de salida. ¡FUI ACUSADO POR SEGUNDA VEZ! Y ADEMÁS estaba sentado en una clase baja. Servicio al cliente era inútil. Completamente desprovisto de cualquier interés en reembolsar lo que en mi opinión era una tarifa adicional completamente INJUSTA. Me solidarizo totalmente con los que viven en España y tienen que lidiar con este servicio de atención al cliente de caca de las aerolíneas y la tarifa ridícula por todo. Me sorprende que no haya una tarifa por el aire. Respira a tu costa. Nunca más volaré en Iberia. Prefiero arrastrarme a mi destino."
IBE_0617,Iberia,Desconocido,Nice,Madrid,Europe,agosto de 2024,1,"No facturar maletas con Iberia. Solo puedo hacerme eco de lo que otros dicen sobre este servicio al cliente de las aerolíneas. Me estremezco cada vez que me veo obligado a volar con esta aerolínea por mi aerolínea principal. Actualmente han perdido mi querida guitarra y parece que se ha perdido para siempre. No es bueno tener etiqueta de aire, ignoran su ayuda en dónde buscar. He tratado de explicar que un instrumento musical es casi tan querido como un miembro de la familia, no les importa, aparentemente no hacen nada para ayudar. Qué desastre de una aerolínea."
IBE_0618,Iberia,Desconocido,Tokyo,Madrid,International,septiembre de 2024,2,"Nos perdieron las maletas con todos los enseres en un vuelo de Tokio a Madrid. La maleta estaba en barajas segun ellos pero no la lograban loclaizar. La mía apareció, la de mi pareja no. Habia una cola enorme con el mismo problema, por lo que debe de ser muy común que Iberia la pierda cuando viene facturada. Si quieres que tu maleta llegue a destino en buenas condiciones, nunca vueles con Iberia"
IBE_0619,Iberia,Desconocido,New York City,Barcelona,International,agosto de 2024,1,"Iberia Airlines cobra un suplemento para que puedas seleccionar tus asientos al reservar tu(s) vuelo(s) . Sin embargo, cuando usted va a registrarse en esos mismos asientos no se honran! Mi familia y yo estábamos separados para ambos vuelos que iban y venían a Barcelona. Llamar al servicio de atención al cliente no funciona, ya que pasan el dinero a los empleados del aeropuerto. ¡Es un gran dolor de cabeza y una gran estafa para esta aerolínea cobrar más $$! ¡NO recomiendo volar aerolíneas Iberia! !"
IBE_0620,Iberia,Desconocido,Warsaw,Burgos,Europe,mayo de 2024,1,Así que me estaba relajando en mi asiento de clase Business lo cual fue bastante frío y estaba pasando un gran momento flipante y entonces estas dos Karen básicas comenzaron a hacer un escándalo porque dos niños chinos estaban jugando ajedrez en frente de ellos pero las Karen blancas estaban alborotando diciendo que estaban molestando a su sueño lo cual por cierto estaban enojadas roncando solo para que ambas comenzaran a besarse entre sí lo cual es súper perturbador sin embargo están intimidando a los niños por jugar un juego tranquilo de ajedrez. y una de ellas incluso tenía cabello colgando sobre el asiento de otra persona.
IBE_0621,Iberia,Desconocido,Miami,Vigo,International,agosto de 2024,3,El personal del aeropuerto de Miami es lo más descortés e irrespetuoso. Compré un pasaje a Vigo a través de American Airlines y al momento de chequearme solo aparece el trayecto a Madrid y nadie me quiso ayudar con el segundo tramo. Me hicieron ir caminando a los mostradores de AA y nada. Tuve que llamar por teléfono delante de ellos y aún así nadie ayudó. Un supervisor me dijo que vaya y que resuelva con el personal de Madrid. Una sola empleada al menos me escuchaba y pasó otro empleados y le comentó que ya estaba bien y que terminara “la luna de miel “ que siguiera atendiendo a los demás. Me sentí ofendida y muy mal tratada. Afortunadamente el personal en Madrid fue muy amable y atento
IBE_0622,Iberia,Desconocido,Madrid,Santiago,International,julio de 2024,5,"Iberia no es el four seasons pero cumple a un precio impecable con aviones y horarios mejores que algunas ""grandes"" que te suben en un 737 max de maravilla. Mejores lineas a toda latinoamerica desde europa y 7 con USA directos desde Madrid, El four seasons para los que jamas fueron ni lo pagaron."
IBE_0623,Iberia,Desconocido,Madrid,New York City,International,julio de 2024,1,"Perdimos todo nuestro equipaje, lo dañamos, nos hicieron pagar para que nos entregaran el equipaje. Todo el proceso de obtener compensación por las necesidades que tuvimos que comprar y reclamar daños en las bolsas fue casi imposible, y están tratando de llegar a un acuerdo por mucho menos de lo que tuvimos que gastar. Como nuestro equipaje fue entregado a mitad de viaje, no tuvimos forma (ni ninguna información dada por la aerolínea) de informarlo ""a tiempo"". Estafa absoluta de una empresa. Nunca vuele con ellos, incluso si tiene que pagar extra por un vuelo diferente."
IBE_0624,Iberia,Desconocido,Buenos Aires,Madrid,International,septiembre de 2024,4,"Hicimos 4 vuelos,todos puntuales . Muy bien con el equipaje . Buena comida . La comodidad normal para clase turista. Volvería a usarla ."
IBE_0625,Iberia,Desconocido,Washington DC,Madrid,International,julio de 2024,1,"La peor experiencia con cualquier aerolínea. Pagó por economía premium. Check-in y se le informó que el IB cambió de avión. Nuestro avión no tenía economía premium, así que nos asignaron asientos económicos. Ahora empezó la ""diversión"". Conseguir un reembolso era imposible. Habló con la representante del IB, Laura Pineros. Se le pidió repetidamente que hablara despacio. Lo hizo hasta que le hice una pregunta específica sobre mi situación. Entonces su respuesta fue tan rápida como ininteligible. Traté de que me guiara a través de su solicitud de reclamos. Tardé una eternidad y pedí que la transfirieran a su supervisor. Ella se negó y me preguntó por qué quería ser transferido. Le dije que no estaba satisfecho con esta llamada. Me informó que hizo su trabajo y no transferiría la llamada. Finalmente llegué a Expedia, a través de quien compramos los boletos. Dijeron que Iberia retuvo información sobre el vuelo sustituto y no pudieron hacer nada. Sí me facilitaron la información para rellenar el formulario de Iberia. Rellené los formularios dos veces, mi esposa y yo y presioné la solicitud enviada. Tres horas más tarde la pantalla respondió ""Por favor espere"" colgué. No cometas mi error y reserva nada a través de Iberia. Cebo y cambio de tifones."
IBE_0626,Iberia,Desconocido,Prague,Madrid,Europe,septiembre de 2024,1,NOS PERDIERON 2 MALETAS!!!!! NADIE TE NI CINCO DE ATENCIÓN!!!!! Los empleados son unos mal educados incompetentes!!!! NO TE DAN SOLUCIÓN!!! NADIE HACE NADA!
IBE_0627,Iberia,Desconocido,Los Angeles,Madrid,International,agosto de 2024,1,"Hemos volado internacionalmente a Europa durante décadas. Esta fue nuestra primera vez con Iberia a través de American Airlines. Reservamos y pagamos ciertos asientos en el vuelo a un precio más alto para tener una experiencia de vuelo más cómoda. Cuando llegamos al aeropuerto no recibimos los asientos reservados, sino que se nos asignaron asientos centrales sin explicación o disculpa. Presentamos una reclamación a posteriori y solo a petición nuestra Iberia declaró que se reserva el derecho de cambiar de avión y, por lo tanto, no honrar asientos reservados. No estamos de acuerdo en que esto otorgue a Iberia el derecho de no notificar a sus clientes, proporcionar una alternativa adecuada o dar un reembolso de forma voluntaria. Además, en el vuelo de vuelta de Madrid Iberia no cumplió las condiciones de transporte al no facilitar el primer equipaje que debía facturarse gratuitamente. El billete que compramos era para una pieza de equipaje sin cargo. Se lo mostramos a la agente de billetes en el mostrador de facturación de Madrid y ella nos contestó que su ordenador mostraba algo diferente y que lo recogiera con American Airlines más tarde ya que los dos sistemas aparentemente no están coordinados... Un último problema, a la llegada a Madrid nuestras maletas tardaron más de una hora en llegar al carrusel de recogida de equipajes. Esa fue probablemente la espera más larga que hemos tenido con cualquier aerolínea en cualquier aeropuerto."
IBE_0628,Iberia,Desconocido,Chicago,Madrid,International,agosto de 2024,1,"Pésima aerolínea!!!!! No pierdas tu tiempo y dinero con Iberia. Cancelaron el vuelo de Chicago a Madrid del 30 de agosto después de tenernos 3 horas esperando. Yo tenía otro vuelo llegando a Madrid para Munich y no lo pude tomar. Iba al concierto de Adele en Munich y no llegué a tiempo. Son una bola de incompetentes, inútiles, e ineptos. No saben manejar este tipo de incidentes, además de que el servicio al cliente es pésimo. Son unos groseros e irrespetuosos. Mi primera y última experiencia con ellos. NO LO VALE!"
IBE_0629,Iberia,Desconocido,Guayaquil,Madrid,International,septiembre de 2024,1,Pésimo servicio mal trato al llegar a Madrid se perdió una maleta de mi equipaje fui al stand d Iberia at al cliente una fila eterna poco personal encima vino gente a colarse delante nuestro y lo peor que el personal les atendia mientras nosotros en la fila esperando horas y horas para ser atendidos llevo 4 días esperando y no me han dicho nada en esa maleta traía mi máquina de CPAPpara apnea d l sueño y estoy fatal sin poder dormir en óptimas condiciones no puedo dormir sin Ella he llamado todos estos días y me dicen que no sale ninguna actualización allí tengo toda mi ropa perfumes regalos para mí familia
IBE_0630,Iberia,Desconocido,Ibiza,Madrid,Domestic,agosto de 2024,1,"El avión se retraso 30 minutos. Mi novio y yo quedamos al final... Antes de subir al avión la azafata nos para a los últimos 3/4 pasajeros y nos dice que ya no hay espacio para nuestro equipaje de mano que obligatoriamente tenemos que despacharlo para la bodega. En mi caso le digo que mi billete venía con equipaje de mano hasta 10 Kg en cabina (es más, a mi novio también le correspondía y el no llevaba nada), además yo iba de Ibiza a Montevideo... (Ese vuelo iba a Madrid porque era mi escala). Posteriormente tenía 12 horas de vuelo... La escala duraba 1:10 hs y con el retraso del avión estaría a las corridas. En el equipaje de mano tenía medicación que usaría en el siguiente vuelo así como abrigo (ya que salía de un clima de 40° a otro de 11°), etc además de cosas de valor como por ejemplo Auriculares pulse elite de Playstation valoraros en 220 euros. A la azafata no le interesó, nos trato mal y obligó a que le diéramos el equipaje, que no había lugar. No nos quedó alternativa ya que sino no nos dejaba subir al vuelo. Le recalque 3 veces a ella y a otra azafata del vuelo que necesitaba que la valija llegará a Montevideo, ya que Madrid era solamente mi escala. La valija nunca llegó a mi destino. Perdimos más de 3 horas reclamando, gastamos en llamadas que nos derivaban a otro número, etc y aún no tenemos respuesta de en donde está nuestro equipaje, ni tampoco solución por el reclamo de el atención del personal, ni compensación. NO VIAJEN POR IBERIA, solamente les interesa la ganancia y no el bienestar de sus clientes. He viajado por AirEuropa y la verdad nunca me sucedió algo tan patético. A su vez las cosas del equipaje facturado vinieron muchas en mal estado gracias a los golpes que recibieron las valijas."
IBE_0631,Iberia,Desconocido,Madrid,Amsterdam,Europe,septiembre de 2024,1,"Iberia es una completa estafa! Me robaron 500 libras para un billete de avión y tren, prometiendo que podría traer a mi perro en la carga de Alicante a Madrid en el tren para obtener mi vuelo. Después de pagar y darles mi número de reserva, como me lo pidieron... Volví a llamar, y de repente no puedo traer a mi perro en el tren debido a algún contrato con Renfe, ¡a pesar de que los trenes Renfe permiten mascotas! ¡Mentiras absolutas! ¿Ahora se supone que debo esperar 15 días para recuperar mi dinero? ¡Ridículo! ¿Cómo puede Iberia decirme que está bien, hacerme comprar el billete, y luego decir ""ay, lo siento, no""? Esto es fraude, simple y llanamente. Esta aerolínea está llena de mentirosos y estafadores. ¡NO vuelvas a volar con Iberia! ¡Aléjate a menos que quieras que te roben el dinero! Me dieron la información equivocada y debería recuperar mi dinero inmediatamente! ¿Dónde está? ¿Quién nos protege a los clientes? ¡La ley y la justicia tendrían que hacerlo! ¡No tenemos dinero ilimitado! Informaré de esto a las noticias locales."
IBE_0632,Iberia,Desconocido,Dallas,Madrid,International,junio de 2024,1,"Habíamos planeado un viaje con un año de antelación para ir a Madrid y Barcelona tristemente terminamos en Iberian Airlines 12 de nosotros volamos en el mismo vuelo que perdieron cada persona equipaje. Nunca nos pusieron al día sobre a dónde era que teníamos que llamar diariamente y finalmente algo de él comenzó a llegar después de unos días algunos tardaron una semana y dos nunca llegaron allí equipaje en absoluto. Una vez que llegamos a casa uno más recibió allí equipaje y mi hija nunca recibió el suyo en absoluto teníamos una etiqueta aérea en ella y se mostró en el aeropuerto que llamé todos los días y cada día me dijeron que estoy en un reclamo escalado. Cuando pregunto qué fue lo que me dijeron hemos enviado un mensaje a Madrid preguntando por ello. Luego pregunto cuál fue la respuesta y me dijeron que nadie ha respondido - esto sucedió todos los días que estuvimos allí e incluso cuando llegamos a casa cada día AirTag lo mostró allí, entonces lo movieron a un hangar fuera del aeropuerto parece que la carga saldría, así que tenía esperanzas de seguir llamando a fotos enviadas desde mi teléfono que les muestran exactamente dónde estaba y nunca fueron e incluso trataron de encontrarlo. Dijeron que no había nadie allí a quien pudiera llamar para ayudarme. Entonces un día me fijé alrededor de un mes después de que estábamos de vuelta en casa y lo vi en el lado de una carretera en el medio de la nada - supe que entonces se había ido. Presenté un informe y todavía estoy esperando un reembolso por toda su ropa y bolsos nuevos y maquillaje que había comprado solo para este viaje. Además de eso tuvimos un viajero en un vuelo que venía a unirse a nosotros en Dallas el vuelo se retrasó y les dijimos que estaría como cinco minutos la persona de la puerta dijo que no había problema. Luego cerraron las puertas y la dejaron allí antes de que la pantalla dijera que el vuelo saldría y no hicieron nada para ayudarla. Pregunto a la azafata y dijo que no hay nada que pueda hacer la puerta del vuelo está cerrada y nos vamos en 10 minutos nos sentamos allí durante más de una hora esperando para salir. Nunca los volaré de nuevo."
IBE_0633,Iberia,Desconocido,Washington DC,Madrid,International,junio de 2024,1,"Aerolínea barata por todos los medios. ¡No llegarás a tu destino a tiempo, y la mayoría como tu equipaje se perderá! ¡La peor experiencia! ¡Nunca más!"
IBE_0634,Iberia,Desconocido,Madrid,Paris,Europe,septiembre de 2024,5,"Tuvimos un problema con uno de los billetes y, a pesar de esperar durante 1,5 horas en Madrid para solucionarlo, todo el personal hizo lo que pudo para ayudarnos, finalmente pudimos volar sin problema."
IBE_0635,Iberia,Desconocido,Dublin,Madrid,Europe,septiembre de 2024,1,"Entre + 50 aerolíneas que probé, sin duda las peores aerolíneas. Me pidieron que me registrara en el aeropuerto para que pueda verificar mi visa. Hice eso y estuve entre los primeros en facturar en el aeropuerto, pero me dijeron que siento que el vuelo esté lleno a pesar de que pagué mi boleto y no me dejaron facturar en línea"
IBE_0636,Iberia,Desconocido,Madrid,Dallas,International,agosto de 2024,3,"Golpeé a Iberia antes después de que perdieran mi equipaje, pero tengo que reconocer que American Airlines, su socio que reservó mis vuelos, merece parte de la culpa ya que vendieron el billete con 3 conexiones estrechas. El último de MAD a DFW fue de menos de una hora, y lo más probable es que mi equipaje estuvo en el aeropuerto de MAD durante 2 semanas antes de ser devuelto. Afortunadamente, estaba de camino a casa, en lugar de al principio de mi viaje. Iberia finalmente me reembolsó una maleta de reemplazo que compré para otro viaje durante el período de espera, sin saber si alguna vez me devolverían mi maleta original. No tengo claro por qué tardé tanto después de identificar dónde se encontraba en MAD por mi rastreador de teléfonos Apple, y aunque la comunicación a lo largo de esta prueba fue inconsistente, Iberia hizo lo correcto al final. Gracias"
IBE_0637,Iberia,Desconocido,Lanzarote,Madrid,Domestic,septiembre de 2024,1,"Bueno, sin duda alguna, un desastre en toda regla. Primero que todo, supuesto over booking desde Lanzarote a Madrid, donde nos trataron terriblemente mal. Por último, llegamos a Madrid y las únicas maletas que no salen por la cinta son las nuestras, nos dicen que esperemos diez minutos a ver si salen, sin darnos solución alguna. No recomiendo esta aerolínea absolutamente para nada."
IBE_0638,Iberia,Desconocido,Edinburgh,Madrid,Europe,septiembre de 2024,1,"El avión estuvo aquí con mucho tiempo en Edimburgo, un poco todavía sentado en la pista 40 minutos después de la hora de despegue programada Lamentablemente he tenido que volar con Iberia un número de veces Lamentablemente no puedo elegir mi aerolínea preferida ya que mi empleador reserva los vuelos, pero nunca he estado en un vuelo de Iberia que ha despegado a tiempo y una vez más Voy a perder mi conexión en Madrid Lamentablemente, esta es prácticamente la misma historia que todos los vuelos que he tenido el disgusto de tomar con ibearia"
IBE_0639,Iberia,Desconocido,Dallas,Valencia,International,agosto de 2024,1,"Con diferencia la peor aerolinea del mundo cuando se trata de atenncion al cliente en incidencias. Cuando las cosas van bien y no hay retrasos ni cancelaciones, suele funcionar bien y los asientos son normales. Pero si hay alguna incidencia, es imposible comunicarse con nadie que gtenga poder de decision y todo el mundo se lava las manos. En Dallas nos cancelaron el vuelo y nos dieron plaza en un vuelo 3 dias mas tarde. POr telefono nos decian que teniamos que gestionar todo (hoteles, comidas, ...) en el aeropuerto. Y en el aeropuerto no habia nadie de iberia. Solo tres chicas subcontratadas a una agencia que no sabian que hacer. Nos dieron los vales de hotel y comidas en el hotel (basicamente teniamos que estar 3 dias metidos alli si no queriamos gastar dinero adicional. LAs pobres chicas, no sabian que hacer con tanta reclamacion de gente que necesitaba llegar amtes a casa y nos remitian a llamar por telefono. Y en el telefono nos remitian a ellas. Todo el mundo pasandose la pelota. Al final nos ayudo un agente de American Airlines. Luego nos dan los asientos tres dias mas tarde, mucho peores de los que habiamos contratado inicialmente. Y para colmo nos pierden las maletas, que llegaron dos dias mas tarde a destino. Para la reclamacion de las maletas, otro drama, con una persona sola, ajena a iberia lidiando con todas las reclamaciones y sin poder hablar con nadie de iberia. Nos sentimos tan impotentes y pequenyos, sin poder hacer nada. Un sentimiento de humillacion y desprecio increible. Yo viajo en avion mas de 100 veces por anyo y ninguna aerolinea me hace sentir tan inferior y humillado como esta. Por desgracia hayy veces que no tengo mas opciones para viajar y tengo que seguir utilizandola. Pero no por volutntad. Es horrible la sensacion que deja cada vez que tengo que lidiar con cualquier consulta."
IBE_0640,Iberia,Desconocido,Canton of Geneva,Madrid,Europe,septiembre de 2024,1,Es servicio es ineficiente y deshumanizante. No tratan a los pasajeros con respeto. Inclusive se siente un nivel de crueldad inaceptable. Por el servicio recibido prefería irme con una aerolínea de bajo costo. Los trabajadores de Madrid son despreciables.
IBE_0641,Iberia,Desconocido,Madrid,Dallas,International,agosto de 2024,1,Iberia perdió mi equipaje hace una semana. He llamado 55 veces que es etiqueta de aire en la bodega de equipaje T 4. Se niegan a subirlos a un avión. Tengo medicina crítica. He enviado un correo electrónico a atención al cliente y al responsable de Iberia. No han hecho nada. Ahora estoy sentado en DFW para poder hablar con una persona en vivo.
IBE_0642,Iberia,Desconocido,Tirana,New York City,International,agosto de 2024,1,"Perdí 5 bolsas, incluyendo un asiento de coche y cochecito. Imagina viajar todo el día con 3 niños solo para llegar y no tener ninguna de tus pertenencias. Luego tener que esperar en una fila masiva con todos los demás. Tomó horas. Más de 50 personas llegaron sin sus maletas. Los empleados del mostrador de atención al cliente mencionaron que esto sucede todos los días. Servicio inaceptable. Nuestra silla de coche para nuestro bebé se ha ido. Iberia no tiene forma de rastrear maletas. No sabemos dónde están. Nadie puede dar una estimación de cuándo llegarán o si llegarán. El servicio al cliente solo puede dar respuestas enlatadas. Una experiencia terrible."
IBE_0643,Iberia,Desconocido,Los Angeles,Madrid,International,agosto de 2024,5,"Maravillosa aerolínea. Servicio amable. Asientos cómodos, los asientos reclinables. No creas en los comentarios hasta que vuele en esta aerolínea. Vuelo suave y el piloto siempre se comunicaba con nosotros"
IBE_0644,Iberia,Desconocido,New York City,Barcelona,International,junio de 2024,1,Iberia aerolínea. . todo sobre esto es HORRIBLE DESDE EL SERVICIO AL CLIENTE HASTA EL SERVICIO A LA TRIPULACIÓN. . IMAGÍNATE UN VUELO DE 10 HORAS Y QUE DIERON ES UN VASO DE AGUA. . NO HAY ENTRETENIMIENTO Y EL EQUIPO ERA COMO SI NO LES IMPORTARA. SÓLO RYDE... Y ESTÉ PREPARADO PARA COMPRAR SU CAFÉ... 10 HORAS DE VUELO Y NADA BUENO QUE DECIR SOBRE ESTE HORRIBLE AIRLING Y SU SERVICIO
IBE_0645,Iberia,Desconocido,Santiago,Madrid,International,agosto de 2024,1,"Vuelo de Santiago de Chile a Madrid. Primera pista de una conexión con Bolonia. En un tiempo total de vuelo de 12 horas (15 si consideramos la conexión) solo se sirvió UNA comida completa, al comienzo del primer vuelo. Después de 6 horas sirvieron MEDIO sandwich y otro medio sandwich 5 horas después. El personal era grosero y escurridizo cuando yo (y otros pasajeros) pidió algo más de comida. Tomé muchos vuelos internacionales de larga distancia, y nunca me quejé de tales cosas, pero honestamente es increíble, nunca tuve que sufrir hambre en un vuelo. Por no hablar de la falta total de personal en los aeropuertos. Siempre tuve que imprimir mis propias etiquetas de equipaje, lo que es bastante crítico en un vuelo con conexiones. Pagué, con un gran adelanto, un billete de avión loco y alto para conseguir comida escasa y sin apoyo. Acabo de pagar gasolina básicamente. Realmente embarazoso."
IBE_0646,Iberia,Desconocido,Madrid,Dallas,International,agosto de 2024,1,Dejaron mi equipaje en Madrid y aun no lo devuelven. Sigue en Madrid desde el 19 de agosto. Nadie de los agentes te ayudan ha que sea devuelto. Puedo ver perfectamente donde esta mi equipaje ya que tiene un rastreador. No son concientes ni les interesa que uno recupere su equipaje lo mas pronto posible. Viaje en clase business y ni asi tienen consideración por el dineral que cobran en viajar en esa clase.
IBE_0647,Iberia,Desconocido,Madrid,Barcelona,Domestic,septiembre de 2024,1,Una compañía terrible. No nos dejaron elegir la opción de cancelar nuestro vuelo incluso si lo pagamos. Retrasaron nuestro vuelo y nos hicieron correr en el aeropuerto para nuestro próximo vuelo. A la vuelta cancelaron nuestro segundo vuelo y nos dieron un reemplazo para un vuelo 6 horas después.
IBE_0648,Iberia,Desconocido,Madrid,Seville,Domestic,septiembre de 2024,1,De verguenza Iberia diez minutos antes de montarnos cancelan el vuelo para tres horas mas tarde no vuelvo a viajar con iberia
IBE_0649,Iberia,Desconocido,Madrid,Nairobi,International,agosto de 2024,1,"Iberia es bajo mi experiencia lo peor en servicios de aerolínea. El coste de los vuelos no es barato que digamos, sin embargo el servicio durante vuelos de larga distancia cabe destacar la comida digna de ofrecerse en prisiones y el servicio de equipajes debería de ser denunciable. En mi caso, la última vez que vi mi maleta fue cuando la facturé con ellos en el mes de agosto, actualmente ya han pasado 21 días desde entonces y todavía no tengo ni noticias y soluciones sobre dicho tema. A la vuelta de mi viaje volví a dirigirme a las oficinas de este fraude de compañía, en la que se me negó acceder a la sala de almacenaje de maletas perdidas para comprobar si estaba allí, diciéndome que esa sala “no existe”. Tras hablar con la guardia civil me comentaron que para poder acceder a esta sala, que evidentemente sí existe se debe de poner una denuncia en comisaría y presentarse con ella para que así poder acceder. Aquí dejo el dato por si a alguien más le puede ayudar. Tras comentar el caso de la pérdida de mi equipaje en redes, me contactó una amable señora que trabaja en la compañía, quien investigó y me aseguró (enviando datos) que el equipaje no fue en ningún momento cargado en mi vuelo (IB6701/11aug). Son unos auténticos impresentables."
IBE_0650,Iberia,Desconocido,Miami,Barcelona,International,agosto de 2024,1,"El peor grupo de aerolíneas. Cancelaron nuestro 30 - 21 DE AGOSTO: 46 Miami - Barcelona vuelo. Hoy, calle 31, seguimos esperando en el aeropuerto a las 17: 37 porque todavía no nos han dado un nuevo vuelo. Cuando llamas a la línea de celular de atención al cliente, no te ayudan, solo dicen que debemos esperar un correo con un nuevo vuelo, e incluso te cuelgan el teléfono"
IBE_0651,Iberia,Desconocido,London,Madrid,Europe,agosto de 2024,2,"Buena suerte al estar sentados juntos si vas con alguien más. Fui a una boda. Muchos de nosotros usamos Iberia, todos los que viajamos en vuelos de negocios y pagamos por los asientos asignados para asegurarnos de que estuviéramos sentados juntos nos metimos por completo. Esto es en varios vuelos diferentes de Iberia. Casi ninguno de nosotros tiene los asientos que pagamos o se sientan uno al lado del otro. Iberia no asumió ninguna responsabilidad y no nos reembolsó a ninguno de nosotros los asientos pagados. Horrible servicio al cliente."
IBE_0652,Iberia,Desconocido,Madrid,Naples,Europe,agosto de 2024,1,"La peor compañía, la desorganización como mucho. Estuvimos una hora en la mejilla - porque un empleado nos dijo dos veces que teníamos una línea equivocada, sin decirnos a dónde íbamos, luego después de encontrar la línea, En el registro de equipaje - en, otra empleada nos dice que en nuestro boleto solo encontró un peso de equipaje de 15 kg, mientras que habíamos tomado dos bolsas grandes y una pequeña. entonces después de haber insistido durante media hora, se da cuenta de que había visto el equipaje de un solo billete! ! , Incompetencia y poco por definir, incapaz de hacer su trabajo y liar un aeropuerto creo que es la definición más adecuada! Y terminar su avión era muy sucio... ¡Una compañía que evitar!"
IBE_0653,Iberia,Desconocido,Amsterdam,Madrid,Europe,agosto de 2024,1,"Como todas las demás reseñas, mi experiencia fue horrible. Primero nos negaron el acceso a nuestro vuelo por un error que cometieron (pensaron que éramos personal de reserva. ) Cuando finalmente descubrieron el error, el avión estaba lleno y no pudimos abordar. Nuestras maletas ya estaban cargadas en el avión y el personal nos dijo que las estaban tomando y poniendo en el próximo vuelo. Tuvimos que esperar 4. 5 horas para el próximo vuelo, lo que me hace perder una cita crucial en Madrid, ya que me mudo aquí por un año escolar. Cuando finalmente llegamos a Madrid, FALTABAN las maletas. Presentamos un informe y nos dijeron que se pondrían en contacto con nosotros lo antes posible (HAN PASADO 4 DÍAS Y NADA. ) No están haciendo nada. Yo no los llamaría groseros, sólo muy perezosos. La única persona servicial fue una señora en el servicio de asistencia de Iberia con respecto al equipaje en el aeropuerto de Madrid que fue muy enfática y amable conmigo y mi padre. Ella nos dijo que las bolsas nunca llegaron a Madrid porque los escáneres las habrían recogido. Hay y no ha habido ninguna comunicación clara con Ámsterdam todavía me dicen constantemente que probablemente solo tomará unos días más BLAH BLAH. Encontré una de las maletas y espero que pronto las otras por un miembro de la familia mirando en el aeropuerto de Schiphol. Nunca volveré a repetir NUNCA volaré con ellos de nuevo y mucho menos confiarles mis maletas. Espero encontrar el otro porque de lo contrario con todas las demás reseñas estoy tan tentado de comenzar un caso. PONGA ETIQUETAS DE AVIÓN EN SU EQUIPAJE Y NO VUELE CON ELLAS EN PRIMER LUGAR."
IBE_0654,Iberia,Desconocido,Munich,Madrid,Europe,agosto de 2024,1,"El lunes 26 volamos desde Munich en el vuelo de Iberia IB 3191 dos personas. Al llegar a Madrid comprobamos que las maletas no han llegado por lo que acudimos al mostrador de iberia. Alli se nos comunico que las maletas están perdidas y hay que realizar Parte de Irregularidad de Equipaje. Se nos indico que hay que realizar solo un para 1 persona y no por cada pasajero. 1) Posteriormente al no llegar las maletas comentamos con un abogado que nos indicó que hay que realizar 1 PIR por cada pasajero y al realizar solo 1 para dos maletas (tal como recomendó el personal de la compañía) la compañía sale beneficiada en caso de tener que pagar la indemnización. 2) 4 dias despose de la llegada no se nos han devuelto las maletas ni tampoco se nos dio una explicación coherente cuando llamamos a Iberia para consultar sobre el estado de equipaje. Llegaron a decirnos que tienen que pasar aduanas.....Aduanas en un vuelo Munich-Madrid?? 3) Aparte de la ropa, productos de higiene etc en la maleta teníamos medicación que necesitamos a diario y que no se puede comprar en la farmacia sin receta ni tampoco conseguir esta receta de un día a otro por lo que 1 de nosotros sigue sin poder tomar su medicación a día de hoy (4 dias)."
IBE_0655,Iberia,Desconocido,San Jose,Ibiza,International,agosto de 2024,1,"Una carta abierta al Servicio al Cliente de Delta Airlines: Le escribo para expresar mi profunda frustración y decepción por el manejo de mi reciente reserva de vuelos. El 7 de agosto recibí una confirmación de un vuelo de San José, Costa Rica, a Ibiza, España, programado para hoy, 29 de agosto. El código de confirmación de esta reserva fue K 19 HY. Basándome en esta confirmación, procedí a reservar un itinerario completo de fin de semana en Ibiza, que ascendió a aproximadamente $10.000. Como pueden imaginar, esta fue una inversión significativa, hecha con plena confianza de que mis planes de viaje fueron asegurados por Delta Airlines. Sin embargo, cuando intenté hacer el check-in en línea para mi vuelo de hoy, su equipo de soporte me informó que mi reserva había sido cancelada. Me quedé totalmente sorprendido, ya que nunca había solicitado ninguna cancelación, ni me informaron que no se había cargado a mi tarjeta de crédito. He reservado cientos de vuelos en el pasado y nunca me he encontrado con una situación en la que una reserva confirmada no fue respetada. La falta de comunicación sobre la cancelación de mi reserva es inaceptable. Si hubo algún problema con el pago, debí haber sido notificado inmediatamente para que se pudiera rectificar. En cambio, me quedé en la oscuridad, y ahora que soy consciente de la situación, se han agotado todas las opciones alternativas de vuelo. Como resultado, ahora me enfrento a la sombría realidad de que todo mi itinerario de $ 10.000 en Ibiza no es reembolsable, todo debido a la falta de gestión y comunicación adecuada del estado de mi reserva por parte de Delta. Para añadir insulto al daño, cuando intenté presentar una denuncia en su sitio web, no pude hacerlo porque no se me proporcionó un número de boleto, que debería haber recibido después de la confirmación inicial. El email que me enviaste decía claramente, ""La reserva se ha realizado correctamente"", con el código de confirmación K 19 HY. No había ninguna indicación de que mi reserva estuviera pendiente o requiriera más acciones por mi parte, aparte de una vaga nota en letra pequeña sobre la confirmación del boleto en una fecha específica. Dada la importante pérdida financiera que he sufrido debido a este mal manejo, espero un reembolso completo de mis gastos de 10.000 dólares. Esta situación no solo me ha causado un estrés inmenso, sino que también ha dañado gravemente mi confianza en Delta Airlines como compañía confiable. Pido que esta cuestión se agrave de inmediato y se resuelva con la urgencia que merece. Espero con interés su pronta respuesta y una solución aceptable a esta cuestión. Sinceramente, Jean Marc"
IBE_0656,Iberia,Desconocido,Porto,Mexico City,International,agosto de 2024,1,"Primer cronómetro con Iberia (clase Business): en mi vuelo de regreso, la aerolínea perdió una de mis maletas (el equipaje de mano - me vi obligado a facturar) . Veinticuatro horas después, llamé al Centro de Reclamación de Equipaje, y dijeron que encontraron mi maleta (supuestamente en un vuelo de MAD a MEX, llegando a las 3 am) , y al día siguiente, la maleta se perdió nuevamente. Cuando señalé la contradicción de estatus, el representante de servicio al cliente me colgó mientras me llamaba insulto racial. Presenté una queja con el DOT, Amex Travel, y quité la aerolínea de los proveedores preferidos de nuestra compañía."
IBE_0657,Iberia,Desconocido,Naples,Madrid,Europe,agosto de 2024,1,"De lo peor. Tanto el viaje de ida como el de vuelta de Italia, han sido con muchisimo retraso. Te piden disculpa, y ahi termina todo. No te ofrecen ni agua mientras estas dentro del avion. Mientras pueda evitare volver a viajar con Iberia."
IBE_0658,Iberia,Desconocido,Las Palmas de Gran Canaria,Madrid,Domestic,agosto de 2024,1,"Tras hacer una reserva para dos pasajeros en octubre. Compruebo que he reservado para septiembre, automáticamente llamo para resolver el problema y me dicen que tengo 45€ por persona de gastos de gestión, y que los servicios extras contratados no eran reeembolsables(maletas extras, selección de asientos etc...) Vamos un robo. Pero no queda ahí la cosa, me dicen que me reembolsaran el dinero en un plazo de 7 a 15 días...perdona. Increíble pero cierto...ayer se cumplieron los 15 días desde la anulación. Y al día de hoy verifico que aún no me han reembolsado mi dinero. Llamé la semana pasada y me dijeron que era el tramite habitual, cosa que no entiendo cuando en cualquier comercio es instantáneo. Pues al día de hoy me dicen que no se gestión bien la cancelación y por eso no me habían reintegrado el dinero a mi tarjeta... Yo pago unos gastos de gestión y unos extras qué pierdo por haber tocado algo en el teléfono y ellos llevan más de 15 días con mi dinero y aun veremos cuantos más. Estoy indignado me parece un atraco en toda regla y claro usted espere, que su tiempo las largas llamadas etc...eso no vale nada porque a mi nadie me compensa, pero una simple cancelación me supone ciento y no sé cuántos € porque prefiero ni saberlo. Indignado"
IBE_0659,Iberia,Desconocido,Dallas,Madrid,International,agosto de 2024,1,"Le escribo para informarle de un problema que experimentamos durante nuestro reciente viaje con American Airlines e Iberia Airlines. Este asunto impactó significativamente nuestras tan esperadas vacaciones. Nuestro plan de vuelo original para el 7 de agosto de 2024 , era de SeaTac a LAX en American Airlines, luego LAX a Madrid en Iberia (IB 42 ). Reservamos estos vuelos temprano para ahorrar dinero. Sin embargo, el horario de vuelos cambió, lo que resultó en una escala de ocho horas en LAX. Para evitarlo, me puse en contacto con American Airlines, que reprogramó nuestros vuelos para que salieran de SeaTac hacia Dallas (American Airlines (AA 2769 ) , luego de Dallas hacia Madrid (Iberia IB 42 ) . Durante nuestro vuelo de SeaTac a Dallas, nos informaron que nuestro vuelo de conexión a Madrid había sido cancelado. Al llegar a Dallas, no había una comunicación clara, y el estado de nuestro equipaje se volvió incierto. Nos volvieron a reservar en un vuelo a Madrid al día siguiente, pero cuando preguntamos por nuestro equipaje, nos aseguraron que estaría en el vuelo con nosotros. A pesar de estas garantías, nuestro rastreador AirTag mostró que nuestro equipaje no estaba en nuestro vuelo. A su llegada a Madrid el pasado 9 de agosto , presentamos inmediatamente una reclamación de equipaje perdido ante Iberia, solo para encontrarnos con que American Airlines aún tenía nuestras maletas. Nos dijeron que nuestro equipaje llegaría al día siguiente, pero esto no sucedió. Del 8 al 14 de agosto , esperamos a que se encontrara nuestro equipaje, pasando horas en la línea de atención al cliente de Iberia en Madrid. A pesar de proporcionar información AirTag que muestra la ubicación de nuestro equipaje en la bodega de American Airlines en Madrid, nadie pudo recuperarlo. El fracaso de ambas aerolíneas para localizar y entregar nuestro equipaje arruinó nuestro viaje. Estuvimos toda una semana sin nuestra ropa y artículos esenciales debido a la mala gestión y la inadecuada atención al cliente tanto de American Airlines como de Iberia. Esperamos que al plantear esta cuestión, se tomen medidas para mejorar la coordinación y el servicio al cliente entre estas aerolíneas para evitar este tipo de experiencias para otros viajeros."
IBE_0660,Iberia,Desconocido,Dallas,Madrid,International,agosto de 2024,1,"Perdí mi equipaje. Lo encontré 5 días después. Han pasado 2 semanas y todavía no me han vuelto a conectar con mi equipaje. Pasé todas mis vacaciones sin equipaje. Son groseros, no son útiles, y tratan de que sea tu culpa que hayan perdido tu equipaje. ¡Vuela con cualquiera!"
IBE_0661,Iberia,Desconocido,Orlando,Madrid,International,agosto de 2024,1,"Iberia no solo nos perdió las maletas en el viaje Madrid/Orlando. El vuelo de regreso fue una serie de desporpósitos que convirtieron la vuelta a casa en una pesadilla. Cuando llegamos al mostrdor de American Airlines (vuelo de Iberia operado por AA, vuelo local) mostramos la documentación que nos proporcionó Iberia y no aparecíamos en el sistema de AA. Hicimos 7 (SIETE) llamadas a atneción al cliente de Iberia para que solucionaran el problema (un caso manifiesto de error de sus sitemas). Encontramos absoluta inoperatvidad e ineficacia. Nos mandaban una y otra vez la confirmación que ya nos había denegado AA, perdiendo un tiempo preciosos, pues cada vez quedaba menos apra el embarque. Unos de los operarios de Iberia llegó a preguntarme ""Dígame usted como podemos solucionarlo"". A mí, el cliente que ha pagado tres billetes en Bussines y a quien ha dejado colgada en Orlando. Al final, perdimos el vuelo, y solo gracias a la trabajadora de American Airlaines que conseguimos otro vuelo. Eso sí, volamos UN DÍA MÁS TARDE, con los gatos de alojamiento y manuntención que eso implica, en turista hasta Chicago y allí esperamos conexión para Madrdin nada menos que 6 horas. 6 horas más perdiddas. Total: 50 horas para volver a España en un trayecto que no tarda más de doce. Si intentas reclamar en su página web(cuando funciona), prepárate a abrir al menos un expediente para cada incidencia, te pedirán un montón de datos que no te dicen cómo conseguir, y, finalmente, darán la callada por espuesto (si logras que la página web no se cuelgue cada dos minutos).IBERIA va a peor, si cabe, y nos tiene como público cautivo. Por mi parte, todo lo que pueda hacer para que se sepa qué tipo de compañía es, lo haré. NO voleís en Iberia."
IBE_0662,Iberia,Desconocido,Quito,Madrid,International,agosto de 2024,1,A pesar de hacer una reserva de 3 personas en Business Class no era automático que los asientos se reservaran juntos. A pesar de pagar entonces 127 euros por tener los asientos juntos esto tampoco sucedió. Ha habido pocas disculpas por esto por parte de Iberia y solo se han ofrecido a reembolsar el asiento que estaba separado del otro 2. Mal servicio al cliente. Si tienes elección elige en otro sitio y si eliges Iberia ahorra tu dinero y simplemente toma los asientos que te den
IBE_0663,Iberia,Desconocido,Dublin,Orlando,International,agosto de 2024,1,"La peor experiencia de viaje de mi vida. Nunca me he encontrado con un nivel de “servicio” al cliente más deplorable que el recibido de Iberia. En pocas palabras, mienten con impunidad! Primero me dicen incorrectamente que se cancela un tramo de ida de nuestro viaje (esposa y tres hijos menores de 8 ) de Dublín a Florida y nos cambian a un vuelo por Gatwick con BA. A pesar de que los llamo antes de que nos vayamos para decirles que todavía estoy recibiendo mensajes de AA sobre la otra etapa de ida (supuestamente) cancelada y mi temor de que mis vuelos de regreso se cancelen por no presentarse, me aseguran que todo está bien. El representante me cuelga. Claro, al llegar recibo un mensaje para decir que nuestros vuelos de regreso han sido cancelados. Me pongo en contacto con Iberia y luego nos vuelven a reservar en nuevos vuelos a través de Dallas. Durante esta llamada, las mentiras continúan cuando dicen que estamos volando dentro y fuera de la misma terminal en Dallas y que no nos preocupemos por el apretado tiempo de escala y, en segundo lugar, me dan números de asiento para mostrar que estamos sentados juntos. Resulta que no estamos volando dentro y fuera de la misma terminal y esperarlo, AA no sabe nada de ningún asiento que haya sido asegurado por Iberia y todos los asientos ya no están. Me pongo en contacto con Iberia de nuevo, me dicen que resolverán el problema con asientos y tengo que volver a llamar, momento en el que Supervisor tendrá solución (sostienen que no pueden volver a llamarme). Cuando vuelvo a llamar, la nueva representante dice que no sabe nada sobre la conversación anterior y que no hay nada que puedan hacer y que debo contactar a AA. ¡El representante cuelga! Llamo a AA y obtengo una muy útil Señor que me dice que escucha regularmente historias similares sobre Iberia incluyendo que cuelgan de clientes. Indica que los asientos solo se pueden clasificar en el aeropuerto. Llego al aeropuerto para nuestro viaje a casa, devuelvo el coche de alquiler y solicito que nos sienten juntos, solo para que nos digan que no hay tiempo suficiente para hacer el cambio en Dallas y nos han cancelado de nuevo y vuelto a reservar en un vuelo al día siguiente a través de Charlotte. Estamos obligados a asegurar alojamiento durante la noche, etc. El auxiliar de recepción de AA me avisa sin embargo que hay un vuelo más tarde esa noche con Aer Lingus (aerolínea asociada) y que hay disponibilidad de asientos pero que solo Iberia puede reservarlo y debo contactar con ellos. Con mucha reticencia en volver a contactar con Iberia y tener que intentar explicar todo de nuevo. Entonces obtengo un nuevo conjunto de mentiras. Primero me dicen que no hay vuelo de Aer Lingus. Les digo que estoy mirando el listado. Luego me dicen que no hay asientos suficientes en el vuelo. Le digo que me acaban de decir en el escritorio que hay asientos. Ella sigue manteniendo que no hay asientos, así que le digo que estoy en la página web de Aer Lingus y hay 5 asientos disponibles. Sólo en esta etapa acepta que hay escaños, pero que no podemos ser transferidos. Digo que quiero hablar con un supervisor y ella se va a buscar uno. Ella regresa para decir que no hay supervisor, pero luego deja escapar que acaba de hablar con su supervisor. Luego sostiene que su supervisora no está disponible pero que me llamará dentro de una hora. Ella toma mi número pero no se recibe ninguna llamada. Actualmente estoy en un hotel del aeropuerto esperando la próxima entrega de la incompetencia y mentiras de Iberia! NUNCA RESERVES CON IBERIA"
IBE_0664,Iberia,Desconocido,Barcelona,Dallas,International,agosto de 2024,1,"American operó mi vuelo a Barcelona por lo que llegué con dos maletas pero me fui de España con solo la maleta que llevaba después de confiarla a Iberia. El bolso supongo que está en algún lugar de conexión en Madrid. Incluso pagué por una actualización a negocio en el que el servicio era maravilloso. Valió la pena porque escuché que la economía es basura. Llegó DFW , mi bolso nunca lo hizo, así que escaneé el código qr en el mostrador de equipaje de iberia y presenté reclamación electrónica y recibí el número de seguimiento. Dos días después todo lo que recibo es un correo electrónico de stock diciendo que mi bolso ha sido encontrado y está siendo entregado. Parece que lo envían automáticamente si llamas o accedes al sitio web. Mismo mensaje de stock sin detalles específicos. Llamo y usted consigue el runaround, presione 4 , presione 8 , diga esta palabra clave. . . . mi palabra. No pueden conectarte con nadie que sepa nada, solo llama y usa esta palabra clave. No tengo muchas esperanzas de conseguir mi maleta pronto o compensación si la pierden, pero sé que evitaré esta aerolínea en el futuro. Ojalá hubiera leído comentarios de antemano."
IBE_0665,Iberia,Desconocido,Madrid,Palma de Mallorca,Domestic,agosto de 2024,1,"Qué vergonzoso nivel de servicio. Facturado en clase ejecutiva - solo 2 agentes para todos los vuelos desde Madrid. Agente antipático desde el principio. Luego exigió 70 euros para la bolsa con sobrepeso a pesar de que yo estaba varios kg por debajo de la asignación de peso adicional para One World Sapphire (y la facturación general en una fracción de la asignación). Dijo que Sapphire es equivalente a la plata del IB y no tiene derecho. Traté de mostrarle su sitio web para mostrar que estaba equivocada (cada uno de los sitios web del IB, BA y One World establece claramente la asignación y los niveles equivalentes), pero ella se negó a mirar y me dijo que podría perder el avión para ir a la cola de servicio al cliente o pagarle ahora. Así que tuve que usar una bolsa ligera de repuesto y volver a empacar delante de todo el mundo y aguantar más la creciente cola. Dije que quería quejarme, se negó a darme su nombre y luego dejó de registrarnos. Incluso llamó a un hombre con un arma (ridículo dado que no éramos nada ruidosos o violentos - estábamos con nuestros hijos, que estaban traumatizados por ella). Poder vengativo intento loco de intimidación. Pero sé muy bien que Iberia no va a responder a una queja ya que tienen cero ética de atención al cliente. Es una vergüenza absoluta que ahora las aerolíneas puedan hacerte cualquier cosa y cobrarte fraudulentamente y tener personal salvaje del que ni siquiera puedes cuestionar y ciertamente no quejarte. Todo lo que puedes hacer es encontrar otra aerolínea -que lo haré-, nunca volveré a tocar Iberia con un poste de barcaza."
IBE_0666,Iberia,Desconocido,London,Madrid,Europe,julio de 2024,1,"NO RESERVES NUNCA BA. Cambiaron mi vuelo a Iberia sin avisarme. Fue solo por casualidad que toda una fiesta de bodas volaba en el mismo vuelo que yo sabía de ella. Cuando llegamos a Madrid se perdieron TODOS LOS CASOS DEL VUELO. Viajábamos para una boda, no para cualquier boda. Mi boda de ahijadas. Al ir al mostrador de Iberia dijeron ‘rellene un formulario de reclamación’. ¡QUÉ! NO. Necesitábamos ese equipaje. El novio tenía su todo en sus maletas. Después de dos días de mentiras y constantes palizas nos dijeron que todavía estaban en Londres. Así que lo que había pasado, es que estaban esperando que los subieran a un vuelo de BA que nunca existió porque BA cambió a Iberia. NO PUEDO EXPRESAR CON PALABRAS CUÁNTO MALESTAR HA CAUSADO ESTO. EVITALOS. No merecen ninguna estrella pero te ves obligado a ponerte una."
IBE_0667,Iberia,Desconocido,Madrid,Los Angeles,International,agosto de 2024,1,Terrible servicio. Cinta adhesiva en los asientos y el baño. Los monitores no funcionan así que te dan una web wifi para ver películas pero eso tampoco funciona. Cobran por todo Mantas y almohadas y auriculares. Su personal se topó constantemente con nosotros con sus carros y cuerpos mientras caminaban por el pasillo. Nunca más volaré con ellos.
IBE_0668,Iberia,Desconocido,Barcelona,New York City,International,agosto de 2024,2,"Reservamos y actualizamos nuestros asientos solo para subir de nivel (piense en las aerolíneas Spirit de Europa). Los asientos estaban completamente llenos. Nos sentimos estafados dado que habíamos pagado Iberia, además de mejoras de asientos. Para arrancar, teníamos que pagar por comida, auriculares y cualquier otro “extra”. Evidentemente Ibera utiliza el mismo código de reserva para subir de nivel."
IBE_0669,Iberia,Desconocido,Madrid,Dallas,International,agosto de 2024,1,"He viajado a más de 120 países en mis 70 años de vida, incluidos países en desarrollo con aerolíneas mediocres, pero Iberia Airlines es, con mucho, el peor que he volado. No solo cancelaron mis vuelos sin notificación solo una hora antes de que me fuera al aeropuerto, sino que perdieron o robaron mi maleta con TODA mi ropa y accesorios de viaje en mi vuelo de regreso. Tomó mucho esfuerzo y tiempo volver a reservar los vuelos con una ruta mucho peor, y a pesar de que cuestioné las apretadas líneas de tiempo de poco más de una hora entre conexiones con cambios de terminal, me aseguraron que los tiempos eran adecuados. No han hecho NADA para localizar mi bolso a pesar de que les dijera exactamente dónde se encuentra en mi rastreador de Apple dentro del bolso, Terminal 4 del Aeropuerto Internacional de Madrid. NO hay servicio al cliente, solo constante correr y mentir. Basándome en el nivel de total incompetencia mostrado por Iberia hasta ahora, NO me siento seguro de que intentar recibir una compensación por mi maleta vaya a tener éxito. Cualquier ayuda es muy apreciada."
IBE_0670,Iberia,Desconocido,Miami,Madrid,International,agosto de 2024,4,"El espacio es bastante reducido en sus A 330 s, tanto los asientos como el pasillo para alguien 6 ""0 , pero buena reclinación. Quizá un retraso de 15 minutos aquí y allá, pero la comida era buena para comida de avión. El personal también era agradable y servicial. Pero asegúrese de traer sus propios auriculares, porque los auriculares que dan son de baja calidad. Pero en general, buena relación calidad-precio"
IBE_0671,Iberia,Desconocido,Stockholm,Madrid,Europe,julio de 2024,2,"Soy un usuario habitual de Iberia pues anualmente realizo mínimo 2 viajes desde Estocolmo a Madrid y hasta hace 2 años estaba muy satisfecho con esta aerolínea pero en los 5 últimos viajes ha llegado a cuadriplicar y quintuplicar los precios empeorando la calidad del servicio y sobre todo la puntualidad, haciéndome perder conexiones con lo cual me he quedado tirado en Madrid en 3 ocasiones, recibiendo solo malas contestaciones y mal trato de la aerolínea. MUY MAL IBERIA, tomaré otras alternativas."
IBE_0672,Iberia,Desconocido,Munich,Madrid,Europe,agosto de 2024,1,"Después de 45 minutos de retraso, sin ninguna explicación, el piloto ya en cabecera de despegue decide volver al parking para recoger a 4 pasajeros. Esta decisión suposo otra media hora de retraso. Este piloto intentó explicar esta inadmisible situación avanzado el vuelo con muy poca credibilidad y detalle. No se puede perjudicar a 90 pasajeros por 4 individuos no localizados y sin chequear debidamente la hoja de cargo. La jefa de cabina impresentable. En lugar despedir al pasaje, estaba de risas y cargadas con el piloto."
IBE_0673,Iberia,Desconocido,Madrid,San Jose,International,agosto de 2024,5,Fue un gran servicio las azafatas donde impresionante Todo a tiempo gran sistema de entretenimiento Gran comida y un montón de ella
IBE_0674,Iberia,Desconocido,Menorca,Palma de Mallorca,Domestic,agosto de 2024,5,"Todo bien, gran aerolínea, sin colas en absoluto, incluso en épocas muy ocupadas como agosto. Reserva fácil, comprobación, embarque muy rápido, todo a tiempo."
IBE_0675,Iberia,Desconocido,Madrid,Rome,Europe,agosto de 2024,1,"Si pensabas como yo que Iberia era una compañia fiable,olvidate.Cambio de hora de salida del vuelo impuesto por Iberia y con una hora treinta de retraso.Desastroso Iberia.Para no volver.Impresentables."
IBE_0676,Iberia,Desconocido,London,Bilbao,Europe,agosto de 2024,1,"Tuvimos que esperar 3 horas por nuestras maletas en Madrid. Cuando llegamos a Bilbao, nos dejaron las maletas en Madrid. El personal de tierra de Iberia nos aseguró que las maletas serían entregadas en nuestro hotel a la mañana siguiente. En cambio, las maletas permanecieron en el Aeropuerto de Bilbao durante 2 días antes de ser entregadas finalmente, a pesar de las llamadas telefónicas y las reiteradas seguridades de Iberia sobre la entrega inminente."
IBE_0677,Iberia,Desconocido,Madrid,Athens,Europe,agosto de 2024,2,"Precios desorbitados para un confort pésimo,no cabía en mi asiento y ya no sabía cómo ponerme durante las tres horas de duración del vuelo,además de no tener ningún dispositivo multimedia disponible,asientos no reclinables y hacinados como ganado. Mala experiencia a un precio elevado, más de 600 euros ida y vuelta a una capital europea,una auténtica vergüenza."
IBE_0678,Iberia,Desconocido,London,Buenos Aires,International,agosto de 2024,1,"Hola, me comunico para decirles del PÉSIMO SERVICIO recibido en el aeropuerto de Gatwick (vuelo IB 3717) el cual voy a detallar posteriormente (describire físicamente a las personas porque no sé sus nombres) Teníamos 3 maletas facturadas con mí familia de 5 personas en total. Pasamos al mostrador y nos atiende una chica de tés blanca la cuál recibe primero el pasaporte de Fabio García (el cuál no tenía maleta facturada), ella la etiqueta, la pesa y pasa por la cinta. Allí nos dice que el no tenía maleta, lo cual le decimos si podía considerarlo un error y pasarlo a nombre de alguno que si tenga. La señora se niega al pedido y en un tono elevado de inglés (solamente inglés y dice no saber nada de español) nos dice cosas inentendibles, el tono fue escalando hasta que nos ayudan unas españolas que estaban en el mostrador de al lado. Nos dicen que la empleada decía que teníamos 3 maletas, que era indistinto pero procede a volver atrás con la maleta y etiquetarla a nombre de Mónica Zamarini como habíamos pedido. Lo cual claramente no coincide con su tono de voz, explicaciones en demasía, ni conflicto alguno. Los tickets de la familia todos separados y ""curiosamente"" todos en el medio de cada fila en el viaje luego Madrid-Buenos Aires (IB 6843), lo cuál muestra una animosidad, infantilismo y falta de profesionalismo alumbrante Luego antes de subir al vuelo esa mujer en la sala de pre embarque le quita a mí familia las carry-on, sin preguntar si teníamos una conexión en menos de 60 minutos. La señorita morena compañera de ella si a un miembro le consulto. En mí caso como había pasado más temprano el señor canoso me quita la carry-on antes de entrar a la manga y tampoco consulta si tengo conexión. Fue todo una pesadilla, si no saben español (el idioma de Europa más habla como lengua madre), trabaja en un importante aeropuerto mundial y encima opera para Iberia debería atender un negocio local porque claramente no está preparada ni ella ni su compañero (además de su personalidad violenta e infantil)"
IBE_0679,Iberia,Desconocido,Quito,Brussels,International,agosto de 2024,1,"Tuvimos un viaje de Quito a Bruselas con escala en Madrid. Perdieron una de mis maletas y no contestan correos electrónicos, no ayudan en absoluto y cuando tienes la suerte de poner a alguien en la línea realmente no responden a tus preguntas. Después de 21 días de espera, mi equipaje se considera oficialmente perdido, pero la compañía se niega a darme un certificado de equipaje perdido, por lo que no podemos acceder a nuestro seguro. Le aconsejo encarecidamente que no use esta aerolínea."
IBE_0680,Iberia,Desconocido,Los Angeles,Madrid,International,agosto de 2024,1,"¡NO VUELE ESTA AEROLÍNEA! He viajado extensamente en más de 20 aerolíneas a lo largo de mi vida y el Servicio de Atención al Cliente de Iberia Airlines en el proceso de reserva, la resolución de problemas (cuando cometieron un error) y el seguimiento es el peor que he experimentado en toda mi vida. 1 . Iberia externaliza TODO su Servicio de Atención al Cliente (Booking e Iberia Plus) a una firma de Sudamérica. NO FUNCIONAN PARA IBERIA, por lo que no tienen capacidad para resolver ningún problema o error cometido por Iberia. 2 . Durante estos meses, he hablado con más de 40 Representantes y Supervisores de Atención al Cliente de Iberia y ninguno de ellos habla inglés con fluidez - y hablan con un acento tan fuerte que bien podrían estar hablando griego. Esto hizo que cualquier conversación fuera extremadamente difícil y prolongada (tienes que hablar con ellos muy lentamente y explicarles varias veces, mientras que es casi imposible entender sus respuestas. Antecedentes: Con 8 meses de anticipación, intenté reservar dos boletos de clase Business usando millas Avios. Llamé al Representante de Iberia Plus para reservar el vuelo y confirmar que había 2 asientos disponibles en clase Business con puntos, ya que tuve que transferir millas American Express a mi cuenta Iberia. El representante de Iberia Plus me aseguró que los asientos estaban disponibles con Avios Miles. Le pedí que pudieran mantener esos asientos durante 24 horas (American y otras aerolíneas hacen esto) ya que necesito transferir los puntos. Dijo que no podían, pero dijo que los asientos ESTAMOS DISPONIBLES. Le expliqué que una vez que transfiriera los puntos, no se podían transferir de vuelta, por lo que necesitaba confirmar absolutamente que los asientos estaban disponibles. Dijo que sí, así que le transferí los puntos. Cuando llamé la mañana siguiente, el Representante de Iberia Plus me dijo que el Representante anterior había cometido un error y que NO había asientos en clase Business disponibles con Avios y nunca lo había hecho. Me quedé sorprendido y pasé las siguientes dos semanas y llamadas telefónicas con múltiples supervisores explicando la situación y acabo de alcanzar 168.000 millas con la seguridad de su empleado. Hablé con varios supervisores y representantes (hay que repetir todos los hechos cada uno a su llamada ya que no se transferirán sin saber todo) pidiéndoles que resuelvan el problema ya que estas millas estarán completamente en cintura. Ninguno de ellos pudo resolver el problema. Finalmente la única solución que me dieron es que pudiera transferir los Avios a otra aerolínea. Terminé comprando dos boletos de clase Business y luego intentaría transferir los puntos a British Airways. Ayer entré en mi cuenta Iberia Plus e intenté transferir los puntos, pero solo permitiría una transferencia de 60.000 puntos y cobré una tarifa de 50$ así que volví a llamar a Iberia Plus y pasé una hora más con el representante explicándome qué había pasado y qué me prometieron en base al error del Iberia Rep. El representante me dijo que no hay nada que puedan hacer. Pedí hablar con un supervisor y dijeron que no había ninguno disponible, sin embargo me dijeron que uno me llamaría dentro de una hora. Mi información fue tomada y me dijeron que un supervisor me llamaría. Nunca lo hicieron. Volví a llamar varias horas después y después de una explicación de 30 minutos me transfirieron a un supervisor y la línea se cayó (a propósito). Volví a llamar y tuve que pasar otros 30 minutos con el representante explicando la situación. Finalmente me transfirieron a un supervisor y de nuevo la línea se cayó de nuevo (a propósito). Volví a llamar por tercera vez e hice la misma explicación de 30 minutos. Dijeron que eran dos horas para hablar con un supervisor - les dije lo que había pasado y ellos me quedaba en la línea hasta que uno recogiera. Después de darse cuenta de que no iba a colgar, habló con un supervisor (los cobardes no se pusieron en la línea) y me transfirieron todos mis puntos. Tengo un dicho sobre Aerolíneas. Si dejas la mesa de la bandeja y no está limpia te preguntas si están dando servicio al motor. Si su servicio de atención al cliente es representativo de la forma en que gestionan su aerolínea, tengo serias dudas sobre su seguridad. NUNCA LOS VUELES - Es una pesadilla."
IBE_0681,Iberia,Desconocido,Madrid,Canton of Geneva,Europe,agosto de 2024,1,"La peor experiencia de la historia y una compañía peligrosa. Overbook de vuelo , más de 24 horas para tener un vuelo de reemplazo. Perdimos 2 vuelos en Ginebra debido al overbooking. . . nadie habla inglés y tienes que esperar más de 1 hora para hablar con el servicio de atención al cliente. El equipaje voló a Ginebra sin nosotros en el avión, es claramente ilegal y podría ser muy peligroso. Nunca más, Iberia es peor que una compañía low cost cobrando 1200 EUR por el viaje GINEBRA / MADRID"
IBE_0682,Iberia,Desconocido,Paris,San Salvador,International,agosto de 2024,1,"Sali de Paris el domingo 18 de agosto a las 7:30am. La salida se iba a hacer a ORLY y nos hicieron cambiar a Roissy CDG unas horas antes, con nuestros propios medios (47 km entre los 2 aeropuertos, 80 euros de taxi). Llego al Salvador 20 horas después sin maletas (dejaron las 3 maletas en Madrid!), y sigo esperando!!! Tengo 62 horas de esperar, nadie se ha comunicado conmigo. He intentado por todas partes (por teléfono, por whatsapp, por Facebook) y NADIE me ayuda. Son pésimos!!!"
IBE_0683,Iberia,Desconocido,Madrid,Porto,Europe,agosto de 2024,1,La peor aerolínea del mundo. El horrible servicio no cuida el equipaje ni las minusvalías. He gritado en lo alto de mi voz pidiendo servicio durante media hora. No es nadie para darme la hora del día. Gracias por arruinar mis vacaciones
IBE_0684,Iberia,Desconocido,Madrid,Menorca,Domestic,octubre de 2023,1,"Su página web convenientemente se queda infinitamente cargando cuando es hora de pagar y al final el precio sube.. En el aeropuerto las máquinas para sacar las etiquetas de los equipajes rara vez funcionan o hay personal suficiente para asistir, efectividad poca (son muy lentos), las colas son siempre tremendas con solo un mostrador de atención al cliente. He viajado varias veces con ellos y en cada viaje hay inconvenientes, nada recomendable"
IBE_0685,Iberia,Desconocido,Madrid,Buenos Aires,International,julio de 2024,1,"Se atrasaron los vuelos y conexiones, inlcuso haciendonos perder 1 vuelo. Cuando llegamos a Argentina estubimos 1 semana sin ropa porque nos perdieron las maletas a todos los pasajeros y se nos dieron falsas informaciones desde tripulación, servicio de apoyo al cliente, etc. El vuelo, comidas, etc. no tuvo ningun percance, pero sin duda los anteriores errores condicionaron gravemente nuestras vacaciones."
IBE_0686,Iberia,Desconocido,Madrid,Los Angeles,International,agosto de 2024,1,"Me cobró 170 euros por una tabla de surf, la rompió por completo y luego hace IMPOSIBLE hacer una reclamación. En la medida en que el portal para hacer una reclamación no funciona, la cámara para tomar una fotografía de su etiqueta de equipaje es literalmente completamente borrosa y manualmente ingresando errores. Ahora es casi una aerolínea de estafa."
IBE_0687,Iberia,Desconocido,Madrid,Bandar Seri Begawan,International,agosto de 2024,4,"La verdad es que un servicio muy profesional, comida, personal, el piloto dando información para no preocuparse de las turbulencias, etc gracias a todos"
IBE_0688,Iberia,Desconocido,Barcelona,Dallas,International,julio de 2024,1,"La aerolínea perdió mi equipaje facturado y tardó una semana en enviármelo. Pagué por un asiento y no lo recibí. He esperado más de un mes para un reembolso... además de todo, las azafatas fueron groseras."
IBE_0689,Iberia,Desconocido,Madrid,Paris,Europe,julio de 2024,1,"Viajé con mi familia ( 4 ) y la azafata cambió mi bebé de 2 años sentarse por otra familia que es de España, se subieron al avión antes que yo por lo tanto sentarse intercambiado Nota esto no era por seguridad o preocupación médica, ya que también tengo mi familia dispersa en el avión, y me separaron de mi hija de 2 años. poco ético y poco profesional"
IBE_0690,Iberia,Desconocido,Santiago,Madrid,International,agosto de 2024,1,"Mi familia y yo tomamos esta aerolínea dos veces y por primera vez en julio y agosto de 2024. Viajo cuatro o cinco veces al año con diferentes propósitos, Asia, Europa, Norteamérica y Sudamérica incluidas. Mi experiencia con Iberia ha sido una de las peores de mi vida como viajero habitual y estas son algunas de las razones: - mi vuelo del 24 de julio , fue cancelado de repente, los pasajeros han pasado inmigración y seguridad en el aeropuerto de Madrid, ya estábamos a bordo cuando de repente nos pidieron que desembarcáramos por algunos “problemas técnicos”, eso es todo lo que nos dijeron. Después de desembarcar nadie de la aerolínea dio más detalles o razones. Cuando los pasajeros preguntaron, el personal de Iberia parecía muy molesto y acababa de decir que nos organizarán en el próximo vuelo disponible. Antes de abordar el nuevo vuelo, después de una espera de alrededor de dos horas, se anunció que el avión tenía algunos problemas (una broma) también y nos ofrecieron un hotel sin compensación por ser cancelado dos veces. - en mi vuelo con destino a Madrid desde Santiago de Chile, el 15 de agosto, la tripulación de cabina fue tan desagradable y poco profesional que cuando varios pasajeros se quejaron del mal olor de los baños y la falta de higiene, contestaron muy groseramente y su actitud hacia nosotros, los clientes, fue muy mala. La cabaña tenía basura por todas partes, el olor de los baños llegó a los asientos que nos asignaron, así que no pudimos descansar durante todo el viaje. NUNCA MÁS ELEGIRÁ ESTA PÉSIMA AEROLÍNEA!"
IBE_0691,Iberia,Desconocido,Madrid,Miami,International,agosto de 2024,1,"Esta aerolínea es horrible desde los tiempos de conexión, al servicio al cliente, a la comunicación, a todo. Te hicieron correr por todo el aeropuerto para llegar a las puertas porque siempre llegan tarde y luego no te dejan entrar aunque sea 5 - 10 minutos antes del vuelo, a pesar de que es culpa de la aerolínea llegar tarde. Te dan un vale para comer (un café y un croissant). Tan irrespetuoso. Esta aerolínea debería someterse a regulaciones e investigaciones porque pasó mucho por lo que escuché y vi en el aeropuerto. Nadie en el espacio de atención al cliente por más de 45 minutos."
IBE_0692,Iberia,Desconocido,Copenhagen,Madrid,Europe,agosto de 2024,5,"Piloto excepcional, gastaba alguna broma para qué los viajeros qué iban en el vuelo y tengan un poco de miedo a volar, se sintietan más relajados, las azafatas muy bien.YO SIEMPRE VIAJO EN IBERIA Y NUNCA HE TENIDO PROBLEMAS"
IBE_0693,Iberia,Desconocido,Madrid,Marseille,Europe,agosto de 2024,1,"Cuidado con la horrenda política de cancelación y la experiencia en línea ridículamente terrible. Reservé un billete caro en clase ejecutiva con la condición de que habría un cargo de cancelación de 90 euros si cancelaba. Fui en línea para hacerlo y NO ES POSIBLE HACERLO EN LÍNEA. ¿Puedes creerlo? ¿Es 2024 en España o no se han puesto al día. Así que tuve que llamar -desde Australia- y cancelar por teléfono, que luego incurrió en un cargo adicional de servicio de 35 euros. Esto no se mencionó en la confirmación de la reserva, pero está oculto en los Términos y Condiciones en su sitio web. Es una locura que no puedas cancelar en línea. Incluso las aerolíneas económicas te permiten hacer eso. Es sucio que te oculten esta tarifa. Arruina toda confianza y fe en esta aerolínea. No se trata tanto de la cantidad de dinero como de la demostración de la total falta de respeto de Iberia por sus clientes."
IBE_0694,Iberia,Desconocido,Dublin,Madrid,Europe,agosto de 2024,5,"Llevamos casi una semana intentando reservar un vuelo Dublín - España con Iberia. Había hablado con al menos 8 representantes de servicio al cliente diferentes y recibí información diferente sobre viajar con un perro cada vez, uno de los representantes incluso me había dicho que es ilegal volar a mi mascota debido a las leyes en Irlanda que no permiten que las mascotas salgan de Irlanda. Finalmente conseguimos a alguien que realmente conoce su trabajo y fue capaz de organizar nuestro vuelo. Por favor pregunte por Ricardo cuando llama al servicio al cliente parece ser el único que realmente entiende las políticas de la empresa y es muy útil."
IBE_0695,Iberia,Desconocido,Madrid,Donostia - San Sebastian,Domestic,julio de 2024,1,"Volaba desde Buenos Aires a San Sebastián, con escala en Madrid. El avión llegó a Madrid a la hora estipulada, que era 10.50, y tenía la conexión a SS a las 11.50, pero cerraban puertas 11.35. Nos tuvieron 25 minutos dentro del avión sin poder salir (tengo fotos que lo demuestran), cuando pude salir tuve que esperar a que se suba hasta el último pasajero al autobús que te acerca al aeropuerto. De ahí buscar el metro que te lleva a la T4, pasar por el control de seguridad en el que había UNA SOLA PERSONA en el final de la cinta yendo de un lado para el otro. Al terminar ir a LA ÚLTIMA PUERTA, a la que llegue claramente 11.52. No me dejaron subir al avión, en atención al cliente me trataron pésimo en 2 ocasiones haciendo ver que era mi culpa (¿qué podía hacer, saltar por la ventana del avión?), y me pusieron en lista de espera para el siguiente vuelo 8 horas después, sin la seguridad de poder viajar y sin ofrecerme hospedaje si el vuelo estaba lleno. Para colmo habían perdido mi maleta, la cual llegó a mi domicilio al día siguiente gracias al cielo. Una vergüenza esta aerolínea, ah, y las dos veces que fui a quejarme éramos una fila de 15 personas, todos haciendo el mismo tipo de reclamación por diferentes vuelos. ¿Qué cuesta dar un poco más de margen entre vuelo y vuelo? Nos deberían recompensar económicamente pero no, eligen lavarse las manos y TRATAR MAL A LA GENTE. Sinvergüenzas."
IBE_0696,Iberia,Desconocido,Jerez De La Frontera,Madrid,Domestic,agosto de 2024,1,"La encargada nos trató mal desde el principio, muy hostil, regañando, con superioridad, sin intentar ofrecer opciones de ayuda, como si mintiéramos al haber sufrido un percance y haciendo señas despectivas a su compañera delante de los pasajeros. Pude equivocarme, pero siempre me expresé con educación extrema, aguardando en silencio; el trato no se permite hoy en día ni a los presuntos delincuentes; además, somos mayores, menudo ejemplo de integración y comprensión social. Inadmisible el desprecio y el uso despechado de poder. Espero que se revise este comportamiento intolerable, camuflado entre tanto ""señora"" y tanto ""usted "", que, con ese tono de voz, hiriente y humillante, dejan de ser fórmulas de cortesía y pasan a ser insultantes con una entonación de impaciente superioridad. Era cliente habitual desde hace años; las formas son esenciales."
IBE_0697,Iberia,Desconocido,Dallas,Madrid,International,julio de 2024,1,"Tuve una experiencia absolutamente terrible con Iberia Airlines. No solo perdieron mi equipaje, sino que cuando finalmente lo encontraron y lo devolvieron, la maleta quedó dañada más allá de su uso, completamente rota. Para empeorar las cosas, la aerolínea se niega a asumir cualquier responsabilidad por los daños y constantemente no ha proporcionado ninguna respuesta útil o compensación. La falta de servicio al cliente es asombrosa. Cada vez que he tratado de ponerme en contacto con ellos, me he encontrado con respuestas inútiles y sin rendición de cuentas. Comprendo que ocurran errores, pero la forma en que esta aerolínea ha manejado la situación es inaceptable. Aconsejo encarecidamente a cualquiera que considere volar con Iberia que lo piense dos veces. Si algo sale mal, no esperes que se preocupen o asuman la responsabilidad. Nunca más volaré con esta aerolínea."
IBE_0698,Iberia,Desconocido,Madrid,New York City,International,agosto de 2024,1,"El peor servicio recibido, reservamos un vuelo directo ida y vuelta con Iberia desde Madrid a JFK Nueva York. El primer vuelo nos lo cancelaron dos horas antes de salir estando ya en la T4S, nos reasignaron a otro vuelo con escala en Casablanca con la compañía Royal Air Maroc y llegamos seis horas después a Nueva York. El jueves tuvimos el vuelo de vuelta al hacer el check in el día de antes, a mí me dieron un nuevo código de reserva pero a mí chico le dejaron el código de reserva anterior por lo que tuvo que pagar 28 € para poder sentarse a mi lado (primer error grave de la compañía) nos metemos en el avión y nos tienen dos horas dentro ya que según el comandante había una avería en el motor y estaban buscando la pieza. Dos horas después la pieza no vale y nos desembarcan y nos emplazan a esperar en el aeropuerto a que nos llegue un correo para asignarnos otro vuelo y hotel ya que era las 7 de la tarde. Esperamos en el aeropuerto en un stand de iberia donde la trabajadora no podía nada más que ver o comprobar vuelos si teníamos vuelos con ese correo que nos tenían que mandar o hacer check in de otros vuelos y nos decía que llamáramos a Iberia EEUU pero no funcionaba o te tenían en espera durante una hora. Esperamos tres horas un correo que aún a día de hoy no ha llegado, mi chico cogió un hotel y me da por meterme en la app y veo que ya tengo un vuelo asignado el día siguiente,desde otro aeropuerto, desde La guardia a Chicago y después de 5 horas de Chicago a Madrid pero el perjuicio viene con el error que os he comentado anteriormente no me sale que volemos los dos en ese vuelo. Se mete mi chico con la app y, al ser otro código de reserva, su vuelo era otro la tarde del día siguiente de JFK a Roma y luego de Roma a Madrid. Lo lamentable es que llamando a Iberia España para que nos solucionen el volar juntos nos dijeron que no podían hacer nada y hemos volado separados. He pedido indemnizaciones por las dos cancelaciones, los gastos que tuvimos de la segunda cancelación y por el perjuicio de cambiarnos los códigos, reasignarnos vuelos diferentes y no poder volar juntos. Estoy a la espera de las indemnizaciones que he pedido por hoja de reclamaciones y la página web, pero el lunes me asesoraré legalmente para reclamar absolutamente todo."
IBE_0699,Iberia,Desconocido,Paris,Dallas,International,agosto de 2024,1,"Llegué a mi destino de una pieza, y las azafatas eran agradables y serviciales. Eso está bien. Mi equipaje (y el de muchos otros) se perdió y ya han pasado 18 días sin información. Nadie podía darme un número de teléfono para llamar. El sitio web no funcionó para hacer una reclamación. El asistente en realidad se alejó MIENTRAS PEDÍA AYUDA para presentar un reclamo ya que el sitio web no funcionaba. Recibí una llamada después de 10 días de que se entregaría en mi casa al día siguiente, pero no fue así, nadie me contactó, y han pasado 7 días desde entonces. No puedo recibir compensación hasta que hayan pasado 21 días. El servicio al cliente es terrible. Nunca más."
IBE_0700,Iberia,Desconocido,Palma de Mallorca,Menorca,Domestic,agosto de 2024,1,La peor experiencia de la historia y estoy viajando mucho. Incluso Ryanair tiene un mejor servicio al cliente. Solo tenía que usarlo porque era la única opción! Espero que nunca más. ¡Los amigos hablaban de vuelo casi al mismo tiempo! La misma experiencia - Terrible!
IBE_0701,Iberia,Desconocido,Las Palmas de Gran Canaria,Alicante,Domestic,agosto de 2024,1,"Viajaba el miércoles 15 a las 22:15, Gran Canaria, Alicante, nos avisan que se cancela porque el avión se rompe. Nos reubican en un hotel y en el mismo vuelo directo al dia siguiente a la misma hora. Al llegar al día siguiente, ya con maletas facturadas, se vuelve a cancelar el vuelo porque una azafata se enferma y la suplente está ""pasada de horas"". Nos vuelven a reubicar en un hotel y en un vuelo al día siguiente ya no directo sino con escala a las 7 am, todo esto con llamadas de teléfono que hacíamos nosotros ya que el personal del aeropuerto estaba desbordado. Llegamos a las 6 am y nos dice en facturación que el sistema no detecta la reserva, aunque sí constaba en mi perfil de Iberia. Que lo sienten mucho y que si queremos nos pueden reubicar para llegar a alicante el sábado. Parece surrealista pero no, es realista. No sé que ha pasado con la compañía Iberia, esto nunca lo había visto."
IBE_0702,Iberia,Desconocido,Madrid,Nice,Europe,agosto de 2024,1,"A la hora de subir al avión, cuando estaban revisando las tarjetas de embarque, el señor súper desagradable se puso a insultar y a decir que esto era un chiste, un señor maloliente y desaliñado, por respeto no dije nada pero fue muy mala experiencia, no vuelvo a viajar con esta aerolínea y sus trabajadores incompetentes. No deberían de hacerle eso a alguien que acompaña a su abuela en silla de ruedas."
IBE_0703,Iberia,Desconocido,Madrid,Lima,International,junio de 2024,1,"Vuelo retrasado por más de 7 h, mala información a través del servicio al cliente y mi equipaje no llegó a mi destino cuando llegué, llegó 3 días después. No es fácil comunicarse con el servicio al cliente y básicamente no les importa, tienen muy poca empatía. Nunca más viajaré con ellos, y les diré a todos lo terrible que es su servicio."
IBE_0704,Iberia,Desconocido,Zagreb,Madrid,Europe,agosto de 2024,1,"En mi vuelo pude ver mascotas sueltas por el avión y otras en trasportines. Cuando me quejé en iberia, me indicaron que si tengo alguna enfermedad que me impida estar cerca de alguna mascota debo llevar en el vuelo un certificado médico y, si hubiera huecos libres, me cambiarían de sitio. Por lo tanto, si no llevas el certificado o no quedan huecos libres, te tienes que llevar todo el vuelo sufriendo tu alergia o el problema que tengas al lado de la mascota."
IBE_0705,Iberia,Desconocido,Seville,New York City,International,junio de 2024,4,"Quiero expresar la opinión de mi familia con el trato recibido por la compañía. Después de viajar a Madrid desde Sevilla y al embarcar para NY, nos encontramos que nuestras ""ESTA"" (el visado ""exprés"" que emite EEUU para poder viajar) estaba mal por el ""famoso PAO"" (no era un 0 como identificó la app, si no una O). Ello nos impidió embarcar en nuestro vuelo. El personal de seguridad del embarque, nos indicó que nos dirigiéramos a un mostrador de atención al cliente de Iberia y así lo hicimos. En un primer momento nos dirigimos al que encontramos en la zona de recogida de equipajes y el trato ahí fue NEFASTO. La persona que nos ""atendió"" nos ninguneó y finalmente para quitarse el muerto, nos remitió a un numero de teléfono de atención al cliente ""ya que la reserva estaba hecha por la web"". Como estábamos desesperados nos dirigimos a otro mostrador, esta vez en la zona de salidas. Allí nos atendió MARTA, con la que estamos más que agradecidos, que nos dio tarjetas de embarque para el día siguiente, si bien en espera, aunque al final, los 4 pudimos embarcar. Es por ello que quiero agradecer públicamente a la Compañía Iberia por reubicarnos en otro vuelo pese a que el error no es en absoluto atribuible a la compañía, si bien, creo que deberían de dejar embarcar y dar la opción de tramitar el ESTA durante el vuelo, pero creo que es una cuestión de la embajada de EEUU."
IBE_0706,Iberia,Desconocido,Santiago de Compostela,Dubrovnik,Europe,agosto de 2024,1,"Volé con mi familia desde Santiago de Compostela a Dubrovnik con escala en Madrid, el primer vuelo Santiago - Madrid salió con retraso de 20 min y la escala en Madrid era de 1h, debido al retraso tuvimos que correr a nuestro segundo vuelo y no traspasaron nuestras maletas facturadas al avión con destino Dubrovnik, llegamos a Croacia y efectivamente habían perdido nuestras maletas, después de 1h hablando con el personal del aeropuerto de Croacia nos informan de que llegarán al día siguiente, sin ningún tipo de compensación o preocupación por parte de Iberia, nunca volveremos a elegir esta compañía gracias a la pésima organización y atención."
IBE_0707,Iberia,Desconocido,Madrid,Miami,International,agosto de 2024,1,"Nunca pienses en usar esta aerolínea alguna vez, mientras que los aviones y la tripulación son los mismos que otros, el servicio en tierra, el manejo de equipaje es un desastre, en dos vuelos, perdieron 2 maletas, la fila para encontrar una respuesta o seguimiento fue de 100 largo y tomó horas"
IBE_0708,Iberia,Desconocido,Barcelona,New York City,International,agosto de 2024,1,Horrible compañía es horrible servicio al cliente agentes de la puerta horrible todo el mundo es horrible despediría a todos. No los vueles
IBE_0709,Iberia,Desconocido,Melilla,Malaga,Domestic,agosto de 2024,1,"Un vuelo de 40 minutos se retrasa 1 hora , no entiendo como puede ser esto cuando es un avión que caben 70 pasajeros , tenernos 1 hora mas"
IBE_0710,Iberia,Desconocido,Brussels,Santiago,International,agosto de 2024,1,"Compré 3 billetes de avión de Bruselas a Santiago de Chile. Pagué vía transferencia, en la web de Iberia. El dinero estaba fuera de mi cuenta inmediatamente y la conexión a la página web de Iberia se perdió, por lo que no obtuve confirmación de los billetes y no se me reembolsó. Había llamado, había enviado correos electrónicos y ningún reembolso hasta ahora. El pago se realizó vía Sofort (Ayden/Klarna) un método reconocido por Iberia, no se puede confiar más en esta aerolínea. Por favor, pague un poco más en lugar de perder su dinero y tiempo con ellos. Leí que tienen muchos casos judiciales, el mío será el siguiente. He viajado mucho con muchas compañías aéreas, durante muchos años, es la primera vez que consigo esto, y siempre hay problemas con Iberia."
IBE_0711,Iberia,Desconocido,New York City,Oviedo,International,agosto de 2024,1,"Tuve un vuelo de JFK a OVD por Madrid. El primer vuelo se retrasó 3 horas y perdí mi conexión con OVD. Luego tuve que esperar en la fila durante dos horas para reservar un nuevo vuelo de conexión, momento en el que había perdido una opción que habría estado disponible si no estuvieran tomando literalmente (en realidad hice las cuentas aquí y no hay exageración) un promedio de veinte minutos por persona en la fila. Luego me dijeron que el único otro vuelo para todo el resto del día ya estaba lleno, y reservé un vuelo para la mañana siguiente. Perdí un día entero de vacaciones por culpa de estos imbéciles incompetentes y nunca les daré otro centavo."
IBE_0712,Iberia,Desconocido,Madrid,Santo Domingo,International,junio de 2024,1,"Probablemente las azafatas más rudas que he conocido. En España mucha gente llama a esta aerolínea Ibirria. Es un juego de palabras que define que esta aerolínea es una mierda. Traté de no volar con ellos tanto como fuera posible, pero cada 4 / 5 años tengo que hacerlo. En mi último vuelo en Premium Economy tuve que comer las comidas económicas porque solo tenían pescado en el menú. Por cualquier razón el catering solo les dio esto. Lo denuncié y, por supuesto, ninguna respuesta. En otro vuelo a Miami una azafata me insultó. También denuncié y presenté testigos. Ibirria nunca respondió a eso incluso cuando hice un seguimiento. Probé Internet. Nunca funcionó. Nuevo informe, todavía esperando una respuesta. Consejo: Compra con Iberia billetes más asequibles pero en aviones gestionados por americanos, más espacio para asientos, mucho mejor servicio al cliente y cualquier problema que respondan."
IBE_0713,Iberia,Desconocido,Madrid,New York City,International,agosto de 2024,1,"Pesimo servicio no la recomiendo en lo absoluto, en el aeropuerto se deslindan de cualquier cosa todo lo manejan bajo un codigo QR y dicen que te daran respuesta por correo, pase 12 horas en el aeropuerto. Vuelo cancelado, maleta abierta y robo de articulos personales un verdadera vergüenza."
IBE_0714,Iberia,Desconocido,London,Madrid,Europe,agosto de 2024,1,"Mi hijo adolescente viajó a España con amigos de la familia. A su llegada a Madrid se hizo evidente que su equipaje se había perdido. El papeleo para el equipaje perdido se completó en el aeropuerto. El equipaje se encontraba todavía en el aeropuerto de Heathrow y, al parecer, fue puesto en el próximo vuelo a Madrid. Más de dos días después sigue esperando que se entregue desde el aeropuerto de Madrid. Mi amiga se puso en contacto con la aerolínea para sugerirle que lo recogería, a lo que accedieron. Luego nos notificaron que el mensajero lo había recogido y que sería entregado. Después de múltiples llamadas telefónicas a servicio al cliente no estamos más adelante. Mi hijo tiene medicamentos que necesita. La compañía aérea nos ha mentido y engañado. Hemos pedido hablar con un supervisor y se nos ha impedido hacerlo."
IBE_0715,Iberia,Desconocido,Ibiza,Nice,Europe,agosto de 2024,1,"¡No lo haría! ¡Recomienda esta aerolínea si te gusta guardar tu equipaje! Volé con ellos dos veces y en ambas ocasiones ocurrió el mismo problema, mi equipaje no fue subido al avión y salió en el aeropuerto anterior. El servicio de atención al cliente al llamar para recibir mi equipaje de vuelta era perezoso y lento. No hubo contacto cuando ocurrieron MÁS problemas, se llenaron con la entrega del equipaje una vez que llegó al país retrasando aún más el proceso, ¡terminaron teniendo que recoger el equipaje yo mismo! La encantadora asistente en el aeropuerto (no trabaja para Iberia) mencionó que esta aerolínea es conocida por sacar maletas del vuelo debido a las restricciones de peso, a pesar del hecho de que pagué por el equipaje facturado! ¡Estoy extremadamente decepcionado y agotado por la falta de atención del servicio al cliente! No vale la pena volar de nuevo."
IBE_0716,Iberia,Desconocido,London,Madrid,Europe,agosto de 2024,1,"La peor aerolínea de todos los tiempos, el servicio al cliente es inexistente. Pasas 45 minutos al teléfono con ellos y no se hace nada."
IBE_0717,Iberia,Desconocido,Miami,Paris,International,agosto de 2024,1,"Nunca más volveré a comprar billetes de Iberia. No soy de los que dejan comentarios negativos sobre una empresa porque creo que si tienes una mala experiencia puedes rectificarla con un directivo. Ese no fue el caso con ellos porque ni siquiera me respondieron. Compré billetes de avión para viajar a Francia en noviembre de 2024 por un total de casi $ 1300. Un día recibí un correo electrónico en el que cancelaban uno de mis vuelos. Tenían un enlace que se suponía que te llevaría a su sitio web para permitirte volver a reservar... cuando intentas volver a reservar me daría un mensaje de error cada vez. 2 días después... me enviaron otro correo electrónico... mi vuelo fue cancelado... mismo proceso para intentar volver a reservar. Mensajes de error. Luego intenté contactar a su servicio de atención al cliente para obtener ayuda para reprogramar o un reembolso. Nunca pude contactar a una persona. Luego intenté usar su chat en su sitio web... cuando me preguntó si me gustaría hablar con un representante, respondí ""sí"" y dejó de responder... finalmente harto, discutí la transacción con mi tarjeta de crédito. La disputa volvió a ser desmentida porque Iberia alegó que ""los vuelos no fueron cancelados"". Así que mintieron para quedarse con el dinero. Desde entonces he enviado más documentos para demostrar que sí... fueron cancelados y no me están respondiendo... pero si una compañía está dispuesta a mentir descaradamente y ni siquiera intentar rectificar un problema con un cliente que solo estaba tratando de reprogramar su vuelo u obtener un reembolso... entonces no son de los que hacen negocios. Son una pesadilla y espero que cualquiera que lea esto se asegure de que si reservas con ellos, lo hagas con precaución. Obviamente no están por encima de las prácticas comerciales poco éticas."
IBE_0718,Iberia,Desconocido,New York City,Madrid,International,agosto de 2024,1,"Mi vuelo a Madrid fue cancelado ayer por “cuestiones técnicas” después de esperar más de una hora por retrasos. Debido a eso, cambiaron nuestro vuelo a una escala de 16 horas hoy por la noche haciéndonos perder dos días de nuestras vacaciones. Desde que nos dijeron a última hora, nuestras reservas de hotel no se pueden cancelar y los planes que hicimos no pueden suceder más. Los trabajadores no pudieron ayudar a mucha gente y nadie recibió ningún vale ni nada. Solo espero que el viaje de escala que estoy haciendo con Iberia esté bien."
IBE_0719,Iberia,Desconocido,Boston,Barcelona,International,agosto de 2024,1,"¡Los peores 2 vuelos de mi vida! Viajé a Barcelona y de vuelta Iberia en ambos sentidos. Planea traer varias botellas de agua GRANDES porque las azafatas NUNCA van a venir a darte ninguna. Durante la mayor parte de las 7 horas de vuelo, la tripulación de vuelo permaneció detrás de la cortina en la parte trasera, enviando mensajes de texto, comiendo, charlando. Solo bajaron por el pasillo con su carrito DOS veces durante todo el vuelo - - una vez tres horas para darnos una comida y la segunda vez aproximadamente 2 / 3 horas más tarde para la comida del desayuno. Mi marido y yo compramos una botella de agua grande con nosotros en el vuelo, pero se agotó rápidamente. Los dos tuvimos que caminar hasta la cortina, abrirla y golpear más de 6 veces para pedir agua, al igual que muchos otros pasajeros. Todo lo que hizo el equipo fue darnos una taza pequeña, 3/4 del camino lleno de agua. Uno pensaría que eso sería una señal de que la gente necesita agua. Un par de azafatas bajaron por los pasillos, pero estaban JAUNING, así que ni siquiera pudimos llamar su atención, no importa poner nuestras manos lo suficientemente rápido para no ser golpeados por ellos. Supongo que se apresuraban hacia la parte delantera del avión donde estaba la primera clase. Ni siquiera miraban a los pasajeros cuando salían corriendo. Además... el espacio era tan limitado que era extremadamente incómodo. No vi a una sola persona en mi área que no necesitara levantarse varias veces para estirarse. Cada vez que iba a usar el baño deseaba haber estado sentado allí todo el vuelo porque habría sido mucho más cómodo. ¡Y sabes lo pequeños que son esos baños! Finalmente, en uno de mis viajes acuáticos le mencioné a la tripulación que otro pasajero tenía la cortina de la ventana abierta a la 1 AM y el sol estaba directamente en mis ojos y en los ojos de toda una fila de pasajeros. Una azafata esperó unos 7 minutos para salir y rápidamente pasó junto al pasajero y ni siquiera lo miró. La ventana permaneció abierta durante el resto del vuelo. Estaba confundida y enfadada porque en el vuelo a Barcelona la tripulación había hecho que cada pasajero cerrara su ventana cuando era de noche para que la gente pudiera dormir. O intentarlo."
IBE_0720,Iberia,Desconocido,Madrid,Dallas,International,agosto de 2024,1,"¡Atención, no uses Iberia nunca! ¡Es un desastre caótico no organizado! ¡Nunca había visto filas tan largas y problemas con viajar! Tienes que esperar en una hora para obtener tu boleto porque los boletos digitales no funcionan, luego ve a un 1. Línea de 5 horas para revisar una maleta. Son groseros y nadie está cerca para ayudar, por lo que terminas esperando en la fila equivocada durante 30 minutos y no tienen señales para decirte nada. No estoy seguro de cómo American Airlines se asocia con una compañía tan horrible. También sabían que aterrizamos tarde y todos llegamos a la puerta 3 minutos tarde y no nos esperaron! Así que nos hicieron esperar 24 horas para un nuevo vuelo. Los trabajadores son groseros y no me ayudan. ¡Se ríen de ti cuando tienes que esperar en otra fila porque esperaste en la equivocada durante 35 minutos!"
IBE_0721,Iberia,Desconocido,Ibiza,Miami,International,julio de 2024,1,"Esta aerolínea es la peor que he encontrado. Pagamos mucho por nuestros vuelos y tuvimos todos los problemas que podíamos tener en nuestros 2 vuelos, retrasos, sentarse en la pista, correr a la siguiente puerta de embarque, no hay alimentos para las alergias, no se da agua adicional durante los retrasos y no hay aire acondicionado, poca comunicación, incluso menos en inglés, servicio grosero y conexiones perdidas sin cambio de reserva. Todo esto fue durante el vuelo y ahora después de nuestros vuelos y 2 semanas sin ninguna actualización en nuestras maletas simplemente empeora cada vez más. No reserve con ellos, no es algo aislado y no vale la pena el riesgo."
IBE_0722,Iberia,Desconocido,Budapest,Madrid,Europe,agosto de 2024,5,"Vuelo IB3291 Budapest a Madrid, 12:25 a 15:45, el pasado 3 de agosto. Quisiera resaltar la gran profesionalidad de Edgar, uno de los azafatos de este vuelo. Este muchacho, lleva su profesión en la sangre, disfruta lo que hace, lo transmite a sus pasajeros. Yo viajé con mi madre con movilidad reducida, desde el primer momento nos trató con muchísimo cariño y gran amabilidad. Ayudó a sentar a mi madre y ella le comentó que tenía pánico al avión, su reacción fue impecable, más se volcó con ella, explicándole la gran seguridad de los vuelos y entablando conversación divertida con ella. Siempre que pasaba por al lado nuestra siempre estaba pendiente de nosotros dos, sobre todo de mi madre. Hizo que el vuelo se nos hiciera corto. Como gran experto en atención al cliente en una multinacional, debo decir que no se encuentra todos los días a personas como Edgar en la vida, son contadas, y personas como el se merecen todos los mejores éxitos en la vida. Nunca me han atendido como él lo ha hecho, he interactuado con miles de personas, y este chico tiene magia. Iberia tenéis que mimar a este trabajador porque muy pocas veces encontraréis a personas como él. Por personas como él, merece la pena volar con Iberia, y ojalá pudiera atenderme Edgar siempre, pero se que eso no es posible. Ojalá tenga la oportunidad de cruzarme con él porque es muy difícil hacerme sentir mimado, mi mayor grado de satisfacción, sentir lo que yo intento hacer cada día con mis clientes, alcanzar la excelencia en el Customer promise. Y termino con una frase fácil de decir pero difícil de aplicar: ""atiende como te gustaría que lo hicieran contigo"". Gracias Edgar por todo, espero que te llegue mi valoración a través de tus superiores."
IBE_0723,Iberia,Desconocido,Madrid,Dallas,International,julio de 2024,1,"Es la segunda vez que vuelo en Iberia. La primera vez fue horrible, difícil de registrar, asientos incómodos en la economía premium y comida que no era muy buena. Esta vez, el vuelo estaba bien excepto la comida, que todavía no era muy bueno. Tanto mi esposa como mis maletas se retrasaron. La mía la recuperé 6 días después, pero por razones inexplicables, el bolso de mi mujer sigue en Madrid 13 días después. He llamado a su ""servicio de equipaje perdido"" todos los días durante los últimos 12 días sin resultados. Tengo un airtag en la maleta así que sé que todavía está en Madrid pero ahora están tratando de decirme que es en un vuelo a Londres y luego Phoenix. No vueles Iberia - - no tienen ninguna organización. Es desafortunado que formen parte de Un Mundo... el peor del grupo."
IBE_0724,Iberia,Desconocido,Madrid,Santiago,International,abril de 2024,2,Vergonzoso el trato y las comidas sin poder elegir a pesar de estar en la fila 4. Mal organizados los tiempos de comidas en función del horario del vuelo y falta de atención de los auxiliares
IBE_0725,Iberia,Desconocido,Porto,London,Europe,agosto de 2024,1,"Terrible experiencia. Se rompió el candado de mi maleta y robaron mis bienes. Compré un Oporto Vintage Santa Julia 2003 para el cumpleaños de mi marido y lo robaron con otros 2 vinos de Oporto caros. Además una de mis maletas aún no ha llegado de Madrid. Otra cosa terrible es que han llenado las cajas de vino vacías con otra caja de joyas robada (sin joyas, podría haber robado a otra persona también). Por favor, no viaje con Iberian Airlines. Mi primera mala experiencia de viaje de vacaciones!"
IBE_0726,Iberia,Desconocido,Ibiza,Palma de Mallorca,Domestic,agosto de 2024,1,"Arruinaron nuestras vacaciones. Primero, aunque tuviera asientos, estaba en un grupo de tres y sobrevendido el vuelo, así que mi familia y yo tuvimos que viajar en diferentes vuelos Luego, para el segundo vuelo, perdieron la bolsa. No saben dónde está. Este es un vuelo de 45 en una lata de hélice voladora (72 pasajeros) de un aeropuerto pequeño. a otro aeropuerto pequeño, sin embargo, sobrevendido el vuelo, y perdido nuestro equipaje. Cada vez que volaba con Iberia pasaba algo (perdía la conexión, cancelaba o posponía el vuelo). Quería darles una oportunidad más y de nuevo me decepcionaron. Nunca más. Vuela con cualquier otra aerolínea. No lo sientas como yo."
IBE_0727,Iberia,Desconocido,Barcelona,New York City,International,julio de 2024,1,Peores aerolíneas. Pagué para seleccionar un asiento que era imposible sentarse cómodamente en un vuelo de 8 horas! Había una barra de metal fija y una caja en el asiento delante de mí. Presenté una queja y pedí un reembolso que fue denegado. don't FLY IBERIA
IBE_0728,Iberia,Desconocido,Madrid,Paris,Europe,julio de 2024,2,"El vuelo originalmente estaba previsto para salir a las 7 de la mañana, sin decirme la razón dos semanas antes me lo cambian a las 9 de la mañana, bueno no pasa nada. El día del vuelo se retrasó el vuelo media hora en embarcar, más luego otros 15 minutos para salir, recuperó parte en ruta pero al llegar a París, la mitad del vuelo desembarcó y el resto nos quedamos más de media hora dentro del avión esperando a que un autobús nos llevara a la terminal. Tenía algo que hacer en París a las 15 y llegué tarde habiendo tenido tiempo de sobra en principio."
IBE_0729,Iberia,Desconocido,Cairo,Santo Domingo,International,julio de 2024,1,"Pagué por maletas de sobrecargo casi USD700. Al llegar a mi destino, faltó una maleta. Exclamó durante 13 días en servicio al cliente IBERIA, hasta que me dicen, la enviarán a mi dirección próximamente. Cuando abro las otras maletas al.llegar a casa, me di cuenta de que fueron saqueadas. Encontré en cada una la mitad de su contenido. De la maleta que me van a entregar ñ, luego de casi 15 días, no espero que tenga nada dentro. NO LE RECOMIENDO IBEARIA A NADIE. YO NO VUELVO A VIAJAR EN IBERIA MIENTRAS VIDA TENGA. NI TODAS LAS PERSONAS CON LAS QUE HABLE SOBRE ESTE TEMA."
IBE_0730,Iberia,Desconocido,Paris,Boston,International,julio de 2024,1,"La peor aerolínea de la historia. reserve en otro lugar. esta aerolínea le hará perder su vuelo y equipaje. servicio al cliente en Barcelona España es inútil. estas personas se aprovechan y parece que todos están en ella, nadie quiere ayudar y nos pidieron $ 2400 por pasajero para darnos otro vuelo. llamado atención al cliente y todos son inútiles. muy frustrante viajar con esta aerolínea. evitarlo a toda costa."
IBE_0731,Iberia,Desconocido,Madrid,Budapest,Europe,julio de 2024,1,"PESIMO SERVICIO DE ATENCIÓN AL CLIENTE. Me han cobrado doble por una reserva y llevo 37 días esperando la devolución de mi dinero. Lo único que saben decir cada vez que llamo para conocer el estado de mi reclamación es ""Le abrimos una incidencia"" y no solucionan la incidencia, ni devuelven el dinero. Es lamentado el servicio que prestan hoy en día."
IBE_0732,Iberia,Desconocido,Nice,Madrid,Europe,agosto de 2024,1,La compañía Iberia no cumple para nada las expectativas de un vuelo normal en el trayecto Niza Madrid . Anunciaron el día antes 1 h de retraso. En el aeropuerto se convirtió en 2 h y terminó siendo de 2 h 45 min. El aterrizaje fue acelerado para cumplir el anuncio del comandante de tardar 1 h 30 min. La comida casi al final del trayecto y esperando porque no sabían si tenían o no ciertas cosas. Esto ha causado mucho impacto en las conexiones con otros vuelos y refleja una mala situación en la gestión de Iberia en el tiempo actual. No podría calificar con menos porque no hay esa posibilidad.
IBE_0733,Iberia,Desconocido,Madrid,London,Europe,agosto de 2024,1,Me preguntaron en el check-in si quería un vuelo más temprano ya que era temprano. Decidí adelantarme una hora al 1650 desde el 1755. El 1755 iba y venía y Iberia tenía que conseguir un avión más grande. Llegamos más de 2 horas tarde y la correspondencia de Iberia era cero. Totalmente impactante. Perdí mi tren de conexión en Londres. En cuanto a T 5 Heathrow que hizo el vuelo aún peor.
IBE_0734,Iberia,Desconocido,Madrid,Zurich,Europe,julio de 2024,1,"No le recomiendo esta compañía a nadie. Son unos estafadores, he viajado con ellos cientos de veces y después de sentirme estafado por enésima vez he decido que ya está ha sido la última. No he visto cosa igual, debería ser ilegal."
IBE_0735,Iberia,Desconocido,Malaga,Madrid,Domestic,agosto de 2024,1,"No vuele Iberia si puede evitarlo. Cuando las cosas van mal te dejan drogado y seco. Cambiaron mi vuelo de conexión a Ginebra debido al retraso del primer vuelo sin ninguna opción, y luego enviaron un enlace para el hotel en el que habían introducido las fechas incorrectas y por lo que no funciona. Inútil e incompetente"
IBE_0736,Iberia,Desconocido,Granada,Santander,Domestic,julio de 2024,1,"Fatal, cancelaron el vuelo sin aviso ninguno y la única solución fue esperar 11 horas en un autobús que ni siquiera se podían cargar los móviles y después de 11 horas, cuando llegamos, nos dejaron tirados en el aeropuerto a dos adultos y dos niños a las 00:00 y la única solución era que esperemos a las 9:00 a que llegara un taxi"
IBE_0737,Iberia,Desconocido,Nice,Ibiza,Europe,julio de 2024,1,HORRIBLE PERDÍ LAS CUATRO MALETAS. Me dieron solo 3 de vuelta después de 3 días y el cuarto todavía estaba perdido y no pudieron devolverlo a mí. También me retrasaron 2 horas. Todo lo que decían era que la bolsa estaba perdida. Horrible experiencia. También las mujeres en el escritorio en Ibiza Iberia fue tan malo y no nos dejó recoger las maletas después de que aterrizaron y nos dijeron que volviéramos a la mañana siguiente después de que yo estaba llorando porque mi vuelo era a las 4 am y no nos dieron nuestras maletas.
IBE_0738,Iberia,Desconocido,Madrid,Hamburg,Europe,agosto de 2024,3,El vuelo Bilbao Madrid tuvo un retraso lo que casi hace que pierda mi Vuelo Madrid Hamburgo. El Piloto Explicó sus Motivos y lo entendimos. Pero a causa de esto mis maletas se extraviaron. Cuando llegas Hamburgo no hay Nadie. No puedes poner una Reclamación. Y vamos que había misma gente en mi situación y otras con el equipaje completamente destruido. He ido al otro día a buscar mis maletas. Y 2 horas esperando porque la misma situación no hay nadie que te atienda en Hamburgo. Tuve la suerte de que una de las chicas que trabaja allí me conoció por el día que viaje de ida. Y ella sin estar en su horario laboral me ha ayudado.
IBE_0739,Iberia,Desconocido,Madrid,Dallas,International,julio de 2024,1,"Vuelo de GRX a DFW con tan solo una hora de conexión en MAD. Llamé previamente para que me cambiaran el vuelo de GRX-MAD pero me cobraban $1800 por el cambio. Realicé el vuelo y logré alcanzar mi vuelo a DFW, mi maleta no. Ahora me dicen que tardaré 6 días en recuperar mi maleta. Ha sido un vuelo muy estresante desde antes de realizarlo, con tan solo una hora de transbordo era previsible que la maleta no llegaría. No ha sido un accidente fortuito es consecuencia de un mal plan de vuelo desde el principio. Trataré de no volver a viajar con Iberia."
IBE_0740,Iberia,Desconocido,Madrid,Las Palmas de Gran Canaria,Domestic,agosto de 2024,1,"Unos auténticos ladrones. Cometes un error y en vez de facturar una maleta de ida y otra de vuelta, facturas 2 de ida y no te devuelven el dinero o hacen el cambio. Solo por este gesto, siempre que viaje, trataré de evitar viajar con ladrones"
IBE_0741,Iberia,Desconocido,Madrid,Buenos Aires,International,julio de 2024,1,"IBERIA es un DESASTRE, pague la tarifa flexible, al pedir el reembolso primero dijeron que se haría efectiva la devolución de 72 hs a 7 días habiles, después en 15 días hábiles, después el último dia del mes, después en el mismo dia que reclamé ya por mas de 5ta vez, y cada vez admitieron que me habían dado previamente información errónea, y no podían decirme con certeza, CUANDO me reembolsarian el vuelo. Que no habia un responsable con el que pudiera hablar, solo los chats de WhatsApp y números telefónicos de atención general. Ya pasó un mes y sin respuesta, y la mitad de las veces, me cortaban la conversación. Es una compañia NEFASTA, LA DESACONSEJO TOTAL Y ROTUNDAMENTE."
IBE_0742,Iberia,Desconocido,Zurich,Madrid,Europe,agosto de 2024,1,"He estado volando con ellos durante años, pero en 2024 no he estado en un solo vuelo que no se retrasara más de 1 hora. No lo recomiendo. Olvídate también de cualquier explicación"
IBE_0743,Iberia,Desconocido,London,Madrid,Europe,julio de 2024,1,"El mismo problema que todos aquí. Perdimos nuestro equipaje y no podía importarnos menos. Mi esposa trabajó para British Airways durante 13 años así que habló con gente que conoce en Heathrow y confirmaron que su maleta fue puesta en el avión. Iberia no tiene ni idea de dónde está la maleta y lo único que están diciendo es ""Si aparece te avisamos"". Ni siquiera están tratando de encontrarlo. Mi esposa les ha pedido que hablen con Equipaje en el aeropuerto de Madrid e Iberia reconoce que no tienen forma de contactar con el equipo de Equipaje en Madrid, lo cual es mentira."
IBE_0744,Iberia,Desconocido,Boston,Madrid,International,julio de 2024,1,"Fui a Madrid por mi cumpleaños. Llevo meses planeando este viaje con mi mejor amiga. Mi vuelo allí no estuvo nada mal. Aparte de que el avión parecía un poco anticuado, estaba bien. Mi amigo volaba un par de días después. Me había enviado un mensaje diciendo que no podía hacer su vuelo porque la aerolínea no permitía tarjetas de embarque digitales, por lo que no podía pasar de la tsa debido a esto. ¡Literalmente no había nadie en el mostrador para ayudarla, ni quiosco, nada! Cuando pidió ayuda a la aerolínea, básicamente le dijeron mala suerte y no había nada que pudieran hacer para ayudar. Hice lo mejor de mi viaje que podía dada la situación. En mi regreso tuve que tomar un vuelo de conexión a Barcelona a Boston, no es gran cosa, así que pensé... El billete que me imprimieron me tenía yendo a la terminal “H” pero sin número de puerta. Pensé que era extraño, así que pedí ayuda. Me ordenaron ir a la terminal “M”. Así que espero en el trencito e ir a M. Pero todavía no hay número de puerta. No me estoy volviendo loco porque el embarque ha comenzado. Vuelvo a pedir ayuda y me dijeron que no está en la terminal “J”. En este punto estoy casi llorando corriendo. Miro el abordaje para ver por cuarta vez que está en la terminal M puerta 28. Hago mi vuelo. Pensar que lo peor ya pasó. Definitivamente estaba mal. Finalmente de vuelta en Boston esperando mi equipaje, de pie durante más de una hora esperando con todos los que estaban en el vuelo conmigo. Mi equipaje nunca llegó. Y básicamente cualquiera que estuviera haciendo un vuelo de conexión no tenía su equipaje. Es casi medianoche, estoy agotada y solo quiero irme a casa. Presento mi reclamación por mi equipaje, y me voy a casa. Llamé repetidamente al día siguiente. Por fin tengo a alguien, me dicen que estará en el aeropuerto a las 10 de la noche del martes. Recibo un correo electrónico hoy (miércoles) y una confirmación verbal de que es en Boston Logan. Conduce una hora en tráfico solo para que te digan que no está ahí. ¡Estoy echando humo en este punto! Así que vuelvo a llamar, sólo para que me digan que lo escanearon pero nunca lo pusieron en el avión. ¡Qué en el F*#k real! Ellos de Iberia me prometieron que estaría allí mañana pero que seguiría llamando. NUNCA MÁS DARÉ ESTE NEGOCIO DE AEROLÍNEA, por lo que la gente lee las muchas quejas sobre esta aerolínea, gasta el dinero extra en una aerolínea más reputada."
IBE_0745,Iberia,Desconocido,San Juan,Madrid,International,junio de 2024,2,"Iberia es mala, lo se... Pero mi experiencia fue muy buena, Iberia tiene sus problemas, como otra aerolinea, pero es una aerolinea para mi, que es buena, pero no se termina aqui te dire las las cosas malas que yo tuve, ok? las lineas son gigantescas y se pierden maletas, pero mi viaje a madrid a barcelona se cancelos el viaje y lo pusieron a las 6:00, me mi experienca fue buena."
IBE_0746,Iberia,Desconocido,Lisbon,San Francisco,International,junio de 2024,1,"Iberia es lo PEOR de todo! Cancelado un vuelo que me aseguraron que sería reembolsado en 8 días. Ahora son meses después, y todavía estoy luchando contra ellos. Mentiras, desinformación, ninguna acción."
IBE_0747,Iberia,Desconocido,Alicante,Madrid,Domestic,julio de 2024,1,"Un vuelo corto de Alicante a Madrid, e Iberia perdió mi maleta. He estado 1 semana en Filipinas sin medicación o ropa que estaba en mi bolso. Es casi imposible llamar a Iberia, y su apoyo es terrible Una persona dijo que no había rastro de mi bolso Al día siguiente me dijeron que se envió de Doha a Manilla La siguiente persona dijo que no tienen idea de dónde está la bolsa Nos hemos puesto en contacto con el soporte diariamente, y parece que no tienen idea de dónde está la bolsa, ni organización, ni seguimiento, ni señales de que les importe dónde está mi bolsa Les dije que tengo medicamentos que necesito urgentemente, y no les importa Justo fuera del soporte de chat de Whatsapp con ellos, y dijeron que enviaron el bolso a manilla, pero no tienen número de seguimiento o forma de identificar el bolso Parece que lo enviaron allí sin ningún plan de cómo entregármelo, y esta podría ser la causa de que lo perdieran la SEGUNDA VEZ Qué broma más absoluta de una aerolínea"
IBE_0748,Iberia,Desconocido,Santorini,Madrid,Europe,julio de 2024,1,"Tuvimos que pagar un billete de bussiness, porque no nos daba otra opción. Al pagar un billete de esas características, supuestamente, tienes unos privilegios que otros pasajeros no tienen. Pues bien, subimos después que billetes de clase turista, durante el vuelo el wifi no me reconocía mi billete, al preguntar por ello, me dijeron que volábamos por zona de no cobertura (para que te venden un billete con wifi, si no hay cobertura?). No había suficientes menús para las 12 personas que íbamos en bussines. El avión no fue limpiado, se estaban bajando del vuelo anterior y nosotros estábamos esperando en unas escaleras. Al llegar a Barajas, me acerqué a poner una reclamación, no había nadie en la ventanilla de bussiness y tuve que esperar la cola como el resto. Al pagar un billete de bussiness tienes la salida de maleta prioritaria, pues bien, mi maleta salió la última....y también salió rota....tuve que volver a la ventanilla a hacer otra reclamación. Ah y por supuesto, salimos del aeropuerto de Santorini con 45 minutos de retraso. En el aeropuerto de Santorini, no había personal de Iberia, pero ese no es mi problema. Que no vendan billetes de cierta categoría si no pueden dar un servicio ( que no me creo más que nadie, pero si Iberia me cobra por un servicio, debe darme el servicio por el que me cobra)."
IBE_0749,Iberia,Desconocido,Los Angeles,Barcelona,International,julio de 2024,1,"Compré billetes de Iberia el 29 de enero de 2024 para dos billetes de ida y vuelta a Barcelona. Ambos boletos eran para economía premium. Nuestro primer vuelo fue el 11 de julio de 2024 y en la puerta de embarque nos dijeron que estábamos rebajados a economía. Se nos dio una copia de los derechos de los pasajeros de Iberia que tenía una sección resaltada que decía que estábamos sujetos a un reembolso del 75 % en nuestro pago original. En nuestro vuelo de regreso (23 de julio de 2024 ) fuimos degradados una vez más. Me dijeron que presentara una reclamación para obtener un reembolso. Cuando recibí una respuesta, me dieron menos de la mitad de mi pago original. Iberia ha arruinado mis vacaciones por sí sola y está reteniendo deliberadamente mi compensación. Esta empresa vende billetes para llenar el avión que revenden billetes ya comprados a un precio más alto para obtener una mayor ganancia. No es así como una aerolínea debe hacer negocios y deben ser castigados por sus acciones."
IBE_0750,Iberia,Desconocido,Melilla,Madrid,Domestic,agosto de 2023,1,"Vuelos 10-13/03/23. Embarque denegado por overbooking. Reclamación (con derecho a importe de billetes e indemnización), denegada parcialmente (la empresa me reconoció en un primer momento ambas cosas y, minutos después, sólo el derecho a indemnización). Reclamación ante AESA. Ésta asegura ahora que la empresa me ha pagado el importe de los billetes (a una cuenta bancaria que no tengo) y que le ha enviado justificante de la misma. Resolución AESA no vinculante (desde el 10/05/23 sí lo son)."
IBE_0751,Iberia,Desconocido,Madrid,Chicago,International,julio de 2024,1,"No puedo enfatizar lo horrible que fue toda esta experiencia en Iveria viajando con un niño. Habíamos reservado con aerolíneas americanas, pero todo fue a través de Iberia. En el vuelo a casa me separaron el asiento de mi hijo de 2 años a pesar de comprar los asientos juntos. La respuesta de todo el personal de recepción y de la puerta fue averiguarlo en el avión. Fue solo por la amabilidad de la tripulación de vuelo que conseguimos un asiento juntos. A nadie parecía importarle o asumir responsabilidades en su registro de tripulantes o agentes de la puerta. Nunca más, nunca me pondré a través de esto y te recomendaré que te ahorres el estrés y la ansiedad."
IBE_0752,Iberia,Desconocido,Malaga,Nice,Europe,julio de 2024,1,"La peor experiencia que he tenido con una aerolínea en mi vida. Reservamos nuestros vuelos 2 semanas antes y nos registramos esa mañana. Cuando llegamos al aeropuerto por la tarde nos dijeron que habían sobrevendido nuestros vuelos y que nuestros boletos estaban en espera. Nos dijeron que pusiéramos nuestras maletas en el avión y esperáramos junto a nuestra puerta. Después de esperar durante 3 horas y media (el avión se retrasó por supuesto una hora) nos dijeron que no podíamos subir al vuelo y que tendríamos que ir a los objetos perdidos y esperar por nuestras maletas. Una vez más, nos recibió un empleado de Iberia muy poco servicial que nos dijo que esperáramos hasta que los dijéramos. Otra hora. Luego nos indicaron que fuéramos al mostrador de atención al cliente para una resolución. Pues resulta que el aeropuerto de Málaga no tiene servicio de atención al cliente Escritorio para aerolíneas Iberia. Lo hacen para casi todas las demás aerolíneas, pero por supuesto la aerolínea nacional de España no tiene un mostrador de atención al cliente en un aeropuerto español. Llamamos a la línea de atención al cliente que luego nos dijo que teníamos que tratar con él en el aeropuerto. Así que por miedo a estar atrapados en el aeropuerto durante 2 días, hemos tenido que reservar un vuelo de Air France a París. Hemos perdido la primera noche en nuestro hotel en el sur de Francia, nuestros billetes de avión cuestan, tenemos que reservar un hotel en París para pasar la noche y básicamente han arruinado nuestras vacaciones. Una vez más, estábamos en el aeropuerto a tiempo, nos registramos a tiempo, simplemente decidieron vender más boletos de los que tenían para maximizar sus ganancias sin tener en cuenta a los clientes. Todo el tiempo siendo grosero y sin entender. No es de extrañar que la economía española esté en problemas debido a cómo hace negocios su aerolínea nacional. Nunca escribo críticas, buenas o malas, pero será mi misión difundir esta palabra sobre lo mala que es esta aerolínea. Es tan malo de hecho, que nunca volveré al país."
IBE_0753,Iberia,Desconocido,San Francisco,Barcelona,International,julio de 2024,1,"Iberia = Level Airline = criminal/peor experiencia de viaje imaginable. Nuestra familia de cuatro miembros ha reservado vuelos en Iberia de San Francisco a Barcelona. Aparentemente Iberia trabaja vuelos a su filial súper económica, Level. Nuestro vuelo a casa fue cancelado y no nos informaron hasta 2 horas después de la salida programada. Nadie de Level trabaja en el aeropuerto, solo puedes contactar con ellos por teléfono. El check-in y el personal de la puerta son contratistas externos. Nadie proporcionó información sobre reprogramación de vuelos, estadías en hoteles o transporte terrestre. Todo el mundo del vuelo tuvo que volver a pasar por la aduana y luego pasar horas esperando que se liberara el equipaje. Luego tuvimos que hacer fila en las ventanas de salida de Level, nuevamente durante horas, para averiguar en qué hotel se nos permitía dormir. El único vuelo alternativo a casa que nos ofrecieron fue un vuelo indirecto TRES DÍAS después. A pesar de pasar horas al teléfono confirmando que nuestra familia tenía asientos en este vuelo, en el check-in nos dijeron que nuestro hijo de seis años no tenía un billete (a pesar de tener un número de billete). Lo mejor que pudimos hacer fue un vuelo de Barcelona a Los Ángeles. Después de la pelea de 12 horas con dos niños pequeños, tuvimos que alquilar un coche y hacer el viaje de 6 horas a casa desde Los Ángeles a San Francisco a partir de las 8 PM. A Iberia y level no les importaba que fuéramos humanos. No respetan el contrato entre un cliente y un proveedor. Servicio absolutamente criminal."
IBE_0754,Iberia,Desconocido,London,Madrid,Europe,julio de 2024,1,"Cometió un error y agregó una bolsa extra en la dirección equivocada de viaje. Llamé inmediatamente y me dijeron que no se pueden dar reembolsos. Esto es enormemente decepcionante y no entiendo cómo es legal. También lo estoy haciendo con una semana de antelación, así que no es un caso si estar demasiado cerca de volar. Así que tienes una compañía hermana (British Airways que da reembolsos e Iberia que no). Es confuso y raro."
IBE_0755,Iberia,Desconocido,Madrid,Tenerife,Domestic,julio de 2024,1,"Nos desvían al aeropuerto sur. Cuando llegamos dicen que pondrán autobuses, pero ahí no hay nadie de la compañía. Por teléfono nadie sabe nada y su oficina de atención al cliente cerrada. Tiene que ser personal de otras compañías quienes den una solución. Y más de una hora después aparecen los autobuses habiendo provocado el gasto de desplazamiento hasta Los Rodeos de una persona para no perder la reserva del coche. Un vergüenza que Iberia se haga llamar compañía de bandera."
IBE_0756,Iberia,Desconocido,Tel Aviv,Dallas,International,julio de 2024,1,"Esta aerolínea es horrible. No entiendo cómo sigue operando con un enfoque tan catastrófico para sus clientes. No se preocupan por ti en tantos niveles, ya sea tu equipaje, asientos, reserva de servicio al cliente, lo que sea. En un par de palabras: si tuviera que elegir entre caminar a mi destino o elegir iberia business class Gratis compraría un montón de zapatos cómodos seguro! ! ! ! !"
IBE_0757,Iberia,Desconocido,Vienna,Madrid,Europe,julio de 2024,2,"Retrasos y más retrasos, sin información ni ayuda, tarde al despegar, tarde al aterrizar, y caos absoluto al recuperar las maletas facturadas, debiendo esperar horas hasta que salieran por la cinta. Un desastre total, vulnerando los derechos de los clientes, UNA ABSOLUTA VERGUENZA."
IBE_0758,Iberia,Desconocido,Munich,Madrid,Europe,julio de 2024,1,"¡Ten cuidado con ellos! Volé el 25 de julio de 2024. Un retraso de una hora, una hora y media para recoger mi equipaje, perdió mi conexión. En el tren me di cuenta de que mi maleta tenía una grieta prominente. En su web dicen que puedes contactar con ellos si te das cuenta de que tu equipaje está dañado una vez que salgas del aeropuerto, pero es falso porque necesitas agregar un informe de la compañía antes de salir del aeropuerto. Eso es lo que no te dicen."
IBE_0759,Iberia,Desconocido,Madrid,Amsterdam,Europe,julio de 2024,1,"Perdí mi equipaje y de otros 20 pasajeros. Tomaron un informe y se olvidaron de él después. Ni siquiera aceptarán lo básico de la cortesía si se lo preguntas. La respuesta final fue: ""¡Y no vuelvas!""."
IBE_0760,Iberia,Desconocido,Miami,Stockholm,International,julio de 2024,1,"Pasaje pagado con mi Américan Express, patrocinado por Iberia y combinado con varias aerolíneas. El comienzo fue bueno, mientras volamos con otras aerolíneas, pero el viaje de vuelta era solamente con Iberia, Nos fue imposible escoger los asientos con días de antelación aún con nuestra disponibilidad de pago, tampoco funcionó 24 horas antes del vuelo y tampoco a la hora de viajar en el aeropuerto como nos recomendó Servicio al cliente de Iberia. Vuelo con dos horas y media de retraso y en nuestro destino final no llegarían nuestras maletas. La cena en el vuelo estaba quemada y era visible el mal humor del personal en cabina …ha sido nuestra más grande decepción de una aerolínea supuestamente reconocida.."
IBE_0761,Iberia,Desconocido,Madrid,Dallas,International,julio de 2024,1,"¡Retraso de 3 horas debido a la descarga de carga y luego perdió los vuelos de conexión y esperó 5 horas y media para que el mostrador de servicio proporcionara la tarjeta de embarque y el bono del hotel solo para ser rechazado del hotel! También reservé mi rt tix a través de American Airlines, pero Iberian operaba una pierna y ¡qué desastre!"
IBE_0762,Iberia,Desconocido,Madrid,London,Europe,mayo de 2024,1,No recomendaría eta compañía jamás. Es imposible contactar con alguna atención al cliente a menos que vayas al aeropuerto y encima allí no te solucionan nada. Creedme cuando digo que cualquier otra compañía es mejor que está.
IBE_0763,Iberia,Desconocido,San Francisco,Barcelona,International,mayo de 2024,1,"Reservé un vuelo vía Iberia y para llegar a mi destino final, me reservaron en su aerolínea económica, Vueling. En resumen, mi bolso no conecta conmigo. Debido a que Vueling era mi último vuelo, Iberia los culpó y no me ayudó en absoluto a encontrar mi equipaje perdido. Las bolsas se llevaron 3. 5 semanas para recuperarme a pesar de que tenía un Airtag y le dije a ambas aerolíneas exactamente dónde estaba mi equipaje. Nunca más."
IBE_0764,Iberia,Desconocido,Madrid,Barcelona,Domestic,julio de 2024,1,"Nos perdieron una maleta más de 10 días, tuvimos que comprar ropa, medicamentos y otras cosas. Nunca se hicieron cargo... NINGUNA EMPATIA"
IBE_0765,Iberia,Desconocido,Tenerife,Madrid,Domestic,julio de 2024,1,"Habia comprado unos billetes de adultos para viajar y finalmente días antes del viaje decidí llevar a mi hija de 9 años, por la web no permite hacer compras de menores de 12 años solos, entonces al no poder comprarlo ni tampoco asociar a mi compra llame al call center de iberia y me hicieron la reserva para pagarla online con un localizador y me asociaban el billete del menor al mio. Con el localizador que me facilitaron accedo a la web para realizar el pago online el cual permite hacerlo con tarjeta o Bizum, decido realizarlo con bizum y en el instante me retiran el dinero del banco. Al dia siguiente dos dias antes del vuelo recibo un email con el vuelo. El dia antes de salir voy a hacer el check in y el mio lo hago sin problema pero al intentar hacer el de la niña me dice que debo contactar para poder realizar el check in porqur no esta disponible. Llamo al call center y me dicen que el billete se ha anulado porque no se realizo el pago, le indico que el pago se ha hecho por bizum y que se cobro de forma inmediata ( a todas estas llamadas desesperantes de mas de 40min), todo el tiempo te dicen que van a verificar el billete, que van a verificar con el departamento de cobros bla bla bla, me indican que hay que volver a hacer el proceso de pago via telefónica porque el billete no se emitió y le indico que me lo cobraron a li que me indican que esta retenido y que se devolverá de 7 a 20 días (supuestamente), accedo a realizar nuevamente el pago y justo cuando ya esta todo casi acabado empiezan a decir “hola me escucha? Perdone? Me oye,…. “ y te cuelgan el teléfono ante la desesperación de la situación vuelvo a llamar y vuelven a hacerme exactamente lo mismo. Llamo una tercera vez y en esta me dicen que es que el pago se debe hacer con tarjeta de crédito que no aceptan de debito, les proporciono los datos de la de crédito y no se que hicieron que el banco el bloqueo las cuentas. Vivo en Tenerife y ante este panorama me desplazo al aeropuerto de Tenerife norte y sorpresa no hay ya oficinas de iberia la han cerrado, acudo al aeropuerto sur y lo mismo no hay oficinas de atención. Me dejaron sin billete, no me devolvieron mi dinero y tuve que acudir a PROFESIONALES como la agencia de viajes de el corte ingles y comprar con ellos el billete de mi hija. es vergonzoso que una aerolínea como es Iberia haga este tipo de cosas, y encima todos sudamericanos que no saben ni donde queda España y se vacilan de uno al teléfono. Esto debería ser perseguido por consumo son unos ESTAFADORES, es mas serio el kiosko del periódico que iberia."
IBE_0766,Iberia,Desconocido,Rome,Madrid,Europe,julio de 2024,2,"Una cree qud por pagar más en Iberia va a tener un buen vuelo, pero todo empieza a ir mal cuando se retrasa cerca de dos horas. Pésima atención por parte del equipo que ponía las etiquetas para la maletas de los vuelo."
IBE_0767,Iberia,Desconocido,Madrid,Barcelona,Domestic,julio de 2024,1,"Primera y ultima vez que viajo con Iberia nunca más, perdimos un vuelo por culpa de ellos , luego no nos quisieron poner otro vuelo y nos mandaron en autobús para Barcelona ....7 horas, cuando ya has pagado un vuelo y fuéramos llegado en una hora, el trato despreciable, el vuelo el trato pésimo no dan a penas comida con tantas horas de vuelo desde la habana a barcelona . Nunca más. Nefasto."
IBE_0768,Iberia,Desconocido,Madrid,Buenos Aires,International,junio de 2024,2,"Saliendo del Aeropuerto de Barajas y transcurrido una hora de vuelo se procede a servir la cena en el sector turista premiun, ofreciendo pescado y pasta.Al llegar al tercer asiento donde me encontraba solicito pasta y me infotman que no tenian y lo reemplazaban por una hamburguesa..Lamentable..En el desayuno sirvieron un pancito con una fetita trasparente de jamón y nada más...Eso es la clase Turista Premiun de IBERIA.No la recomiendo es vergonzoso dado que al manifestar no estar satisfecho con ambos servicios me trajeron una galletita de agua...Manifesté mi disconformismo informandome que iba a recibir una de resarcimiento de parte de la linea aerea...Estoy esperando..."
IBE_0769,Iberia,Desconocido,Madrid,La Coruna,Domestic,julio de 2024,1,"Realicé una compra de vuelos por + cambio flexible. Cunado la cogí, ponía cambiar la fecha hasta 15 días antes abonando la diferencia de los vuelos en caso de que la hubiera sin gastos de penalización. Cuando he procedido a relizar el cambio, veo que no se puede realziar a través de la web porque no dan opción. Llamo a iberia y me confirman que por la web no se puede hacer el cambio, que lo tiene que hacer ellos con unos gastos de gestión de 35 €. Es decir, ultizan el eufemismo de ""gastos de gestión"" para referirse a la penalización. NO COMPRÉIS EL CAMBIO FLEXIBLE"
IBE_0770,Iberia,Desconocido,Melilla,Malaga,Domestic,junio de 2024,2,"Cada dia mas ratas y jitanos,las botellas de agua de Solan de Cabras han pasado a ser de un vaso de un botella barata,asi estan las acciones de la compañia."
IBE_0771,Iberia,Desconocido,Madrid,Pamplona,Domestic,julio de 2024,1,"Malísima COMPANIA, me acerqué a taquilla k68 donde atendían 1 anciano canoso y 1 anciana canosa,a hacer una simple pregunta porque en pantalla no aparecía código puerta embarque. Se leía un cartel intermitente en verde que decía ABORDANDO HE RECIBIDO MUY MAL TRATO DE AMBOS ( al igual que otras 2 personas), que así lo mencionaron """"""""""""""que yo era una maleducada, que debía esperar aprox una fila de 50 personas que ellos tenían que atender primero"""""""""", INFORMACIONES brillo por su ausencia. YO lo que quería saber, si esa puerta la k68 era mi puerta embarque y si así era OBVIO hubiera hecho la fila correspondiente, yo ignoraba que era una FILA de RECLAMOS que ellos atendían, busque otro personal sin éxito,,, NADIEEEEE!!!! El código puerta pantalla k96 apareció 10 minutos antes del horario partida vuelo IB 8850, y decía ABORDANDO, cuando lo vi ya era tarde quedaba a muchos metros de donde me encontraba ( k68) corri pero no llegué , no había más vuelo hasta el día siguiente, luego de esperar 7 horas a IB 8850,,,sumado a MUCHAS!!!!!! horas de otro vuelo IBERIA desde mi país de origen....NUNCA MASSSSSS👎👎👎👎👎👎👎"
IBE_0772,Iberia,Desconocido,Madrid,Caracas,International,junio de 2024,1,"Decepción con Iberia. ¡Lo he vuelto a hacer! He viajado con aerolíneas de Iberia. Ruta Barcelona, Madrid/ Caracas y vuelta Caracas/Madrid. ¡Qué horrible pesadilla! ¿Alguna vez aprendería? ¡Pero te lo juro esta vez, nunca más! La historia se repite... pero ya ves que Iberia ofrece buenos horarios de viaje a Caracas. Si no quieres volar directamente a Caracas desde Madrid y llegar tarde en la noche, Iberia es tu única opción. Además, seamos realistas, Iberia ha existido durante siglos. Y ahí es donde centro mi queja o “revisión”. Cuando has sido una aerolínea de “larga trayectoria” y no siempre en la mejor forma, te pones complaciente y quizás también termines con aviones viejos en tu flota. Ahora estos viejos aviones son perfectamente funcionales. Algunas aerolíneas incluso los compran para reformarlos como lo harías en una casa antigua y voilà, vuelven a estar en servicio como nuevos. Pero parece que Iberia prefiere saltarse el sobrecoste de hacerlo y más bien asignarlos a rutas donde saben que tienen poca competencia. Con los grandes actores como Air France, Lufthansa, British Airways y otros fuera de la ruta Caracas/Madrid, Iberia es ahora el rey de estos cielos y, supongo, puede permitirse el lujo de dar servicio a esta ruta con aviones viejos. El pasado 29 de junio en el vuelo regular Madrid/Caracas, transportando a más de 100 pasajeros en clase económica, 3 horas en ruta y ya estamos con solo 3 aseos semiservicios en sucio estado. El personal le advierte al comienzo del vuelo que no se desvíe a los baños de clase ejecutiva como preludio de lo que deben saber que viene. Y ninguna cantidad de quejas pudo persuadirlos para que los adornaran, notando que este “no es su trabajo”. Bastante bien, estos ya son inodoros desgastados con manchas y asientos desgastados, papeleras de seguridad con cinta adhesiva, que carecen de papel higiénico adecuado, ya que Ibearia prefiere ofrecer paños de cocina para todas sus necesidades sanitarias. No culpo realmente al personal de cabina, solo están ahí para aprovechar al máximo lo que Iberia tiene para ofrecer. Y por favor, no me hagas empezar con las comidas, no vale la pena que escriba el periódico sobre ello. Mi regreso a Madrid de nuevo en la aerolínea Iberia, no fue diferente. La misma historia con los baños viejos y sucios y comidas de mal gusto. A mi regreso decidí comprobar si alguien más ha dicho algo o escrito alguna crítica. También compartí esta experiencia con amigos antes de decidirme a escribir una reseña. Lamentablemente, el consenso general es que los malos estándares de la aerolínea Iberia se extienden por todas sus rutas. No he estado en un vuelo de Iberia para otras rutas internacionales ni me inclino a hacerlo ahora. He dicho al principio de esto, no volveré a volar en Iberia a menos que escuche que están dispuestos a servir a sus clientes en las rutas sudamericanas con algunos baños dignos y comidas decentes. Espero que esta vez cumpla mi promesa. 😝"
IBE_0773,Iberia,Desconocido,London,Madrid,Europe,junio de 2024,1,"Falta de personal hasta el punto de que no están funcionando. 1 persona para registrarse en un vuelo completo Sábado por la mañana - tomó 3 horas y luego trataron de detener la seguridad dejando pasar para tratar de cogerlo porque solo querían que despegara y dejar a todos varados. . Volé por trabajo. Llegué allí 4 horas antes del vuelo, pero incluso entonces casi pierdo el avión debido a lo poco personal que son. Tuve 10 colegas que volaron en vuelos separados de Iberia, 8 de los cuales no recibieron su equipaje al llegar a Madrid. 3 todavía no lo han tenido de vuelta y han pasado 2 días para ellos. (Todo esto ha sucedido en el espacio de 3 días) El sitio web es inútil cuando se trata de equipaje local. ¡Ni siquiera te dice si tu equipaje facturado llegó al avión! Resulta que mi equipaje fue dejado en el Reino Unido... a pesar de que el mío fue registrado antes de que un colega con el que viajé (que el equipaje llegó bien... ) La persona del teléfono de servicio al cliente era inútil y desdeñoso. ¿Cuál es el punto de tener un número de teléfono dedicado a equipaje perdido si la persona que contesta no tiene acceso a un sistema para saber si el equipaje fue puesto en el avión? Y cuya actitud es que honestamente no les importa menos que tus posesiones desaparezcan. Eventualmente pasamos 3 . 5 horas en la cola del mostrador de atención al cliente de Iberia en el aeropuerto de Madrid. Probablemente solo había 20 personas delante de nosotros, pero de nuevo Iberia, aunque es apropiado tener solo 2 personas en el escritorio (1 para la clase ejecutiva y 1 para la economía). Para cuando llegamos al escritorio la cola era probablemente de más de 100 personas. Solo entonces 2 empleados más de Iberia nos honraron con su presencia. Aunque lo único que querían hacer era palmearnos en un formulario en línea de código QR (lo mismo que hacen en el escritorio pero en el escritorio pueden comprobar qué estancia en el viaje está en). Y la mitad de las veces el código QR no funcionaba porque claramente todo el mundo lo está usando! Honestamente inútil - nunca volaré con ellos de nuevo. Basura."
IBE_0774,Iberia,Desconocido,New York City,Madrid,International,junio de 2024,1,"Tenga cuidado con sus reservas de millas de viajero frecuente - te estafarán. Reservé un boleto económico de ida usando sus millas o aviones frecuentes. Actualicé a clase ejecutiva con una oferta cuando me registré 24 horas antes de la salida. Tuve una escala en Madrid y se esperaba que conectara con Asturias. La mañana de la salida me enviaron un mensaje informándome que perdería mi conexión y me chocaron con un vuelo un día después. Esperaban que hiciera una escala de 24 horas en Madrid y pagara mi propia habitación de hotel. Había otros dos vuelos a mi destino en el día, pero dijeron que podía volar en la tarifa de avión. Afortunadamente había uno en 24 horas. Podría haber esperado a que la tarifa de los aviones estuviera disponible en temporada alta. Esto es inaudito. Un boleto de premio donde la aerolínea no se hace responsable de redirigir si te hacen perder una conexión."
IBE_0775,Iberia,Desconocido,Tenerife,Madrid,Domestic,julio de 2024,1,"Fuimos tratados como basura... la señora que estaba haciendo la inspección llamó a mi marido inmigrante ilegal. Mi esposo es de Estados Unidos y está en proceso de recoger su identificación después de 20 años de residencia. Esta señora fue muy arrogante y poco educada durante todo el tiempo que estuve tratando de explicarle por qué compramos su billete como residente canario (somos residentes canarios). Ella no aceptó el boleto de mi esposo, así que le pedí que pagara la diferencia, me dijo que no, y se negó a ayudarme diciendo que me mudara delante de ella porque necesitaba asistir a las otras personas. Mi hijo estaba delante preguntando todo el tiempo por qué la señora me hablaba tan grosera y descortés... y por qué llamó inmigrante ilegal a su padre. Exactamente ella dijo, esto está sucediendo porque usted es un inmigrante ilegal. Me acerqué a ella para preguntarle por qué lo había dicho, puso su cara cerca de mí y me dijo que me fuera de aquí o voy a llamar a la policía. Compré otro boleto para mi esposo, y en el momento en que mi hijo y yo estábamos abordando, nos lo negaron. Tuvimos que comprar billetes a los tres, una vez llegamos a Madrid hablamos con gente de Iberia, la señora puso en el sistema que no apareciéramos durante el tiempo de embarque. Estoy tomando esto tan en serio, estoy siguiendo la asistencia legal, voy a reclamar con mi familia en la Embajada de los Estados Unidos, y espero poder encontrar su nombre para que vaya a denunciar en la corte. Conocer la ley española me hace sentir tan desprotegida. En EE.UU. esta dama será despedida y procesada."
IBE_0776,Iberia,Desconocido,Madrid,Dallas,International,julio de 2024,1,"En resumen, nuestro vuelo Iberia se retrasó del 16 : 00 los sábados a las 10: 30 el domingo. Casi no se compartió información con los pasajeros y la información que obtuvimos, fue vaga. (Un pasajero escuchó a un agente decir que los mecánicos sabían que tomaría al menos cuatro horas arreglar el avión y para entonces no tendríamos piloto, pero no compartieron esa información con ninguno de nosotros). A los 19: 30 después de un poco de confusión, los 400 nos dijeron que podíamos ir a servicio al cliente para un hotel. (Algunos fueron enviados lejos para encontrar su propio hotel, mientras que otros fueron llevados a un hotel a una hora de distancia). Después del 23: 00 mi familia finalmente se le asignó un hotel y consiguió un vale de comida para un sándwich duro seco, bebida, kit - kat, y bolsa de patatas fritas (no hay otras opciones y tenía que ser utilizado esa noche). Pasamos cinco horas en el hotel antes de regresar para nuestro vuelo. Llegamos solo media hora tarde esta vez, pero el avión ni siquiera parecía haber sido limpiado ya que todavía había basura tirada por ahí. "" Envié una solicitud de compensación y recibí un correo electrónico con un enlace para ingresar mi información bancaria para el depósito de compensación, pero el enlace no permitía la información bancaria de los Estados Unidos. Los correos electrónicos eran correos electrónicos ""sin respuesta"" y no pude encontrar otro que funcionara. Los números de extensión de la línea de servicio al cliente a menudo no funcionan y he tenido que volver a llamar varias veces. El bot Whatsapp a menudo no entiende y no es muy útil. He pasado horas en esto y he presentado múltiples reclamaciones ahora porque me dijeron que tenía que hacerlo de nuevo para obtener el enlace correcto. Ya han pasado dos semanas trabajando en esto. Planeo no volver a volar con Iberia."
IBE_0777,Iberia,Desconocido,San Juan,Madrid,International,junio de 2024,3,"La comida es buena y los asientos son buenos, servicio amable. Recomiendo totalmente las aerolíneas. Lo que dice de la cancelación del viaje es cierto, pero es bueno, pero extra, la tripulación habla en español de españa, así que cuando te subes, y los escuchas, sabes hablar en el país."
IBE_0778,Iberia,Desconocido,Madrid,Melilla,Domestic,julio de 2024,1,"Iberia es realmente una de las peores compañías y ES la peor experiencia que he tenido en mi vida. A mi familia y a mí nos han echado de dos vuelos seguidos después de negarnos a pagar nuestras maletas dos veces en un vuelo. Después de expresar nuestro enojo por esto, el servicio de atención al cliente nos envió línea tras línea después de que no tuvieran ganas de lidiar con nuestro problema. No tienen simpatía ni cuidado por los clientes y simplemente son demasiado perezosos Para dirigir una compañía adecuada desprecio Iberia y no recomiendo cada vuelo. Si volar a España requiere volar en Iberia, no te molestes en venir."
IBE_0779,Iberia,Desconocido,Madrid,Naples,Europe,junio de 2024,1,"Descontento total con Iberia.Peedieron mi maleta.Informamos con el guía de los 2 hoteles donde estaríamos: Nápoles y Salerno,para q enviaran la maleta.La maleta llegó al aeropuerto de Nápoles al día siguiente y no sé dignaron llevarla en ningún momento.La recogí yo del aeropuerto el día q. Os marchamos.Puse queja a través de la agencia del c.ingles reclamando lo q había gastado por los 8 días sin equipaje y por daños y perjuicios Había gastado 140 €!! Una .miseria teniendo en cuenta q no tenía nada!!! Me contestan q me reembolsarán 112!!!. No me lo podía creer!!! En base a qué esa cantidad... Envié otra carta quejándome y me contestaron q eso o nada.Accedi,pero quiero expresar mi descontento, intentaré no viajar con Iberia nunca más,he desaconsejado a mis amistades y familia q hagan lo mismo."
IBE_0780,Iberia,Desconocido,Madrid,Baltimore,International,julio de 2024,1,"Varias veces duplican los cargos y conseguir que te devuelvan el dinero es una penuria. Atencion al cliente es muy malo, son desagradables y poco cualificados, se equivocan y no quieren escuchar para al final, si tienes claras las cosas, darte la razon, y ni disculpas piden. Solo se puede reclamar por la web, y cuando llamas para pedir clarificaciones segun ellos tienes que esperar a que alguien te escriba y seguir quejandote por la web. Por ejemplo, resolvieron que una de las quejas me tenian que devolver el dinero y no dicen ni como ni cuando, y si llamas para preguntar, que no saben... No solucionan nada. No volvere a arriesgarme a volar con ellos, servicio de bajisima calidad y bajisima cualificacion, mas educacion cero en atencion al cliente. Pensado para desgastarte y que lo dejes ir. Su servicio de chat y WhatsApp se desconecta constantemente y por telefono te van a pasar con alguien y muchas veces cuelgan. Aseguro que no he gritado ni faltado al respeto nunca, he tenido una paciencia infinita, simplemente es su juego."
IBE_0781,Iberia,Desconocido,Almeria,Madrid,Domestic,junio de 2024,5,Fue una experiencia muy agradable volar con Iberia. El registro de entrada y embarque fue muy suave. El servicio de la tripulación de cabina era excelente. La salida y aterrizaje fue a tiempo.
IBE_0782,Iberia,Desconocido,London,Bogota,International,junio de 2024,1,"Una vez que llegué a Bogotá mi equipaje no había llegado. (Entiendo que eso sucede y lleva tiempo encontrarlo). Viene hasta 3 semanas y no he tenido una sola compensación a pesar de ser muy rápido con el envío de recibos. Me acaban de decir que voy a tener que pagar por las cosas que me he visto obligado a comprar para traer de vuelta al Reino Unido. Con la cantidad de veces que he tenido que llamar y el tiempo que he pasado tratando de resolver esto, esto no solo ha arruinado mis vacaciones, sino que me ha dejado poco sueño por la noche, sintiéndome abrumado y estresado. No solo no recomendaría Iberia a nadie, sino que pagaría para que mi familia y amigos se fueran a otro lugar para evitar tener que tener nunca ningún tipo de interacción que haya tenido. Me han mentido, colgado y nunca he podido tener una conversación decente con nadie."
IBE_0783,Iberia,Desconocido,Madrid,Porto,Europe,julio de 2024,1,"¡LA PEOR COMPAÑÍA! ¡No les reserve nada! Vuelo cancelado, vuelos tardíos, sin información. ¡Basura!"
IBE_0784,Iberia,Desconocido,Madrid,Miami,International,julio de 2024,2,"Cambiamos el vuelo de Madrid a Miami sin problemas. Pagamos 87 dólares. 00 para los asientos y necesitan su comprobante de crédito para pagar los asientos en el nuevo vuelo. Después de muchas llamadas telefónicas y diferentes historias, terminamos pagando por los asientos de nuevo. Tienen el peor servicio al cliente y no tienen oficinas en los Estados Unidos."
IBE_0785,Iberia,Desconocido,San Francisco,Lisbon,International,julio de 2024,1,"Nunca más. Es la primera vez que vuela con Iberia. De hecho empecé a reservar con British Airlines y de alguna manera terminé con un vuelo con Iberia. Así que pensé que estaría bien. Su proceso de embarque es deficiente, la línea de servicio al cliente tomó más de 3 horas de espera... nunca más."
IBE_0786,Iberia,Desconocido,Ibiza,Montevideo,International,julio de 2024,1,"La peor compañía, viaje el día 2 julio y se cancelo el vuelo, estuve 24 horas en Madrid, Horas esperando nadie nos dijo nada, ningún responsable, me vengo el día 14 julio y otra vez vuelo cancelado 24 horas más en Uruguay,, nadie, nadie nos dijo nada,, ninguna persona encargada, todos de malos modales,, nunca nunca más viajo con iberia, y ni hablar de la comida que te dan."
IBE_0787,Iberia,Desconocido,Madrid,Santorini,Europe,julio de 2024,1,"Pagamos como preferente y cual fue nuestra sorpresa que al llegar nuestros sitios estaban ocupados y..nos dijeron que "" no les constaba dicho cambio ""...viajábamos mi marido y yo y los sitios eran separados por el pasillo... He de reconocer que la tripulación fue muy amable pero a día de hoy esperando que nos devuelvan el dinero..."
IBE_0788,Iberia,Desconocido,Washington DC,Casablanca,International,julio de 2024,1,Reservé un vuelo con una escala de 45 minutos y nuestro equipaje nunca llegó. Descubrí que el equipaje de ese vuelo nunca llega porque la escala es demasiado corta y esperan que vuelvas al aeropuerto de Casablana a recoger tu equipaje. Eso es un viaje de 90 minutos para mí y hasta ahora solo han encontrado 2 o nuestras 3 bolsas. Esta es una práctica ridícula para una empresa y debe evitarse.
IBE_0789,Iberia,Desconocido,Rome,Sao Paulo,International,julio de 2024,1,"Nunca reserve con Iberia. Mi esposa y yo teníamos un viaje planeado a Sao Paulo desde Roma regreso. Reservé para nosotros una tarifa económica premium totalmente flexible. Pero nuestros planes cambiaron y llamé al servicio de atención al cliente de Iberia para que cancelaran nuestro viaje, porque no puedes hacerlo tú mismo al gestionar mi opción de reserva. El agente me confirmó que voy a obtener mi reembolso completo (3000 euros). Me han dicho que el reembolso tardará de 7 a 14 días laborables, lo cual estuvo bien. Después de casi un mes de espera no hay reembolso. Así que los llamé de nuevo, el agente se disculpó mucho y me dijo que ya deberíamos haber recibido un reembolso, y está triste porque va a plantear el problema y lo convertirá en un caso prioritario. Así que después de unos días de espera Iberia me devolvió mi reembolso, pero ni siquiera la mitad. Después de otra llamada mía a Iberia, me han dicho que solo una etapa del viaje es totalmente reembolsable y la otra no. No me lo podía creer, les dije que tengo un billete e- emitido por Iberia mostrando que es un billete totalmente flexible, pero me siguen diciendo que no lo es. Sigo luchando y tratando de recuperar mi dinero, pero estoy perdiendo mi esperanza. Hice muchas llamadas, pero todo lo que recibo son promesas de los agentes, pero no son ellos los que toman la decisión. Han pasado casi dos meses. Así que la gente por favor evita Iberia te estafarán."
IBE_0790,Iberia,Desconocido,Barcelona,Rome,Europe,julio de 2024,1,"Mi esposa y yo volamos Iberia por primera y última vez. Comenzaré con esto, el personal de ambos vuelos (Barcelona a Madrid, Madrid a Roma) fue amable y servicial. Pero hubo problemas masivos con la aerolínea en ambos vuelos. Primero es que ambos vuelos llegaron muy tarde, la primera etapa de nuestro viaje fue aproximadamente una hora tarde. Así que tuvimos que correr de la primera puerta a la siguiente para llegar a nuestro vuelo de escala. Pero esas cosas pasan de vez en cuando. No es gran cosa, pero la gente en la línea para el segundo avión se sentó esto sucede con bastante frecuencia con ellos. Así que tal vez es un gran negocio. El problema principal es que perdieron todo nuestro equipaje. Aún no estoy seguro de a dónde fue, pero es muy seguro que no está con nosotros y de acuerdo con el mostrador de servicio en el aeropuerto de Roma podría no estar durante días."
IBE_0791,Iberia,Desconocido,Madrid,Bordeaux,Europe,julio de 2024,1,"La semana pasada quise hacer una compra de unos billetes con motivo de un regalo de cumpleaños. La pasarela de pago me dio error en diversas ocasiones y me pusieron una incidencia, la cual me dijeron que me la resolverían en un plazo de 24 a 72 horas y que me mantendrían informada por teléfono o correo. También me comentaron que pese a algún cambio o modificación me mantendrían el precio de la reserva. Transcurridas 96 horas (5 días), tengo que ser yo quien llame a Iberia para que me digan que las reservas están CANCELADAS y que para una nueva compra de billetes NO se respeta el precio de la reserva por estar cancelada. Pongo reclamaciones y me contestan cosas que no tienen nada que ver con lo que yo solicito o expongo. ESTOY MUY DECEPCIONADA CON EL SERVICIO DE IBERIA Y LA ATENCIÓN AL CLIENTE YA QUE ENCIMA ES PROBLEMA SUYO Y CON SU WEB, TENGA QUE SER EL CLIENTE PERJUDICADO POR NO RECIBIR ADECUADAMENTE EL SERVICIO SOLICITADO. UNA VERGÜENZA :-("
IBE_0792,Iberia,Desconocido,Barcelona,Miami,International,julio de 2024,1,"Terrible, honestamente elegimos Iberia antes porque era una de las mejores compañías reconocidas a nivel mundial. Debo decir que el nivel ha bajado brutalmente, siendo una compañía de nivel Rynair y Vueling, diría que aún peor. Cancelan vuelos a última hora, te ofrecen alternativas de vuelo para al menos 3 días después, te dan las instrucciones mínimas y son ratas, no tienen dinero para pagar nada, desastre! ! Desastre de servicio y atención. Espero que cierren esta empresa porque va de mal en peor y no parece que vaya a mejorar."
IBE_0793,Iberia,Desconocido,Madrid,Athens,Europe,julio de 2024,1,"Horrible compañía aérea de bajo coste, que al final no es tan bajo - coste ya que cobran 45 € por 3 kg extra de equipaje : ) Escritorios “disponibles” para el check in: 9 . Mostradores disponibles para el check in: 3 . En una temporada alta cuando el aeropuerto está aún más lleno de gente. Además, hay dos líneas separadas. Uno por solo dejar tu maleta en caso de que no tuviera sobrepeso y otro renglón en caso de que tu maleta tuviera sobrepeso o no estuviera incluida en tu ticket y tuvieras que pagar extra. NADIE te dijo eso y no había señales. Esperé 40 minutos para dejar caer mi maleta y cuando vieron que eran 3 kg más me dijeron que tenía que ESPERAR de nuevo pero en una línea diferente. Organización cero. Además, el avión no estaba tan limpio, los asientos y el espacio en general no eran tan cómodos."
IBE_0794,Iberia,Desconocido,San Jose,Porto,International,junio de 2024,1,"La aerolínea a través de la página web promueve o sugiere pagar por un asiento. Pagué más de 100 dólares para salvar un asiento especial. En 2 de mis 4 vuelos, perdí mi dinero no respetaron el pago. Lo peor es que no les importa. No es importante para ellos. Yo recomendaría usar Air France en lugar de Iberia."
IBE_0795,Iberia,Desconocido,Brussels,Buenos Aires,International,julio de 2024,1,"Viajé desde Bruselas con asistencia y muletas por mi cirugía de cadera. Una de mis maleta para bodega pesaba 1.2 kilos más que lo permitido, aunque la otra pesaba 6 kilos menos. Así y todo, la muchacha del check-in me hizo abrir la valija y sacar peso, viendo que estaba con muletas y esperando la silla de ruedas para llevarme a la puerta de embarque. También me eliminó como pasajera y en Madrid me dijeron que estaba en stand-by porque así lo habían puesto en el checkin en Bruselas, algo totalmente innecesario y ridículo. Viajamos en business. No tenían la mitad de las cosas que ofrecían en el menú, no pudimos comer lo que queríamos sino lo que había, durante el vuelo había solo agua y jugo de naranja y bolsas de patatas fritas de 50 centavos, realmente un servicio pésimo. La tripulación excelente, muy amable, disculpándose todo el tiempo por algo que realmente no es su culpa sino de Iberia como empresa. El servicio en business es realmente una vergüenza, considerando lo que cuesta viajar en business. Al llegar a Buenos Aires, mis maletas NO ESTABAN y es porque en el checkin de Bruselas (hecho por una empleada de Iberia) me pusieron como pasajero en standby y mis maletas no salieron de Bruselas. Llevo dos días en Buenos Aires con temperaturas bajo cero, sin mi ropa ni mi calzado ni mi medicación ni mis pertenencias. Llamé a Iberia constantemente y NO SABEN DECIRME DÓNDE ESTÁ MI EQUIPAJE. No soy de dejar reviews negativas porque sí, pero estoy al borde del colapso con la peor experiencia de mi vida en un vuelo en una clase que tuve que comprar porque me dieron información errónea por teléfono cuando compré mi pasaje y a menos de 24 horas de volar no había asientos con espacio suficiente para que pudiera viajar sin dolor por mi operación, por lo que no me quedó más opción que hacer un upgrade y gastarme un sueldo entero y así y todo la pasé fatal."
IBE_0796,Iberia,Desconocido,Ibiza,Malaga,Domestic,julio de 2024,1,"No viaje con la compañía de Iberia, pero si estaban los chicos de Iberia en el check in de Vueling en el aeropuerto de ibiza, el trato al cliente horrible, no tenía el residente ya que en el ayuntamiento ya no te dejan sacarlo online, se ríen de ti y me dijeron textualmente:” pues si no eres residente es lo que hay”, soy residente en la isla, nací en la isla y estoy empadronada con mi familia aquí, si salgo es para viajar e ir con mis amigos, les dije que estaba dispuesta a pagar la diferencia a lo que se negaron totalmente, el trato seguía siendo horrible, era un chico joven y una chica de prácticas que parecía estar y una señora un poco más mayor, repito que me trataron fatal"
IBE_0797,Iberia,Desconocido,New York City,Tel Aviv,International,julio de 2024,1,Compré este billete a AA operar con Iberia. . El vuelo de Madrid a TLV fue un desastre. Liberia nos obliga a pagar la comida y los aperitivos que ya estaban en mi boleto como servicio. Pero su pesadilla fue el vuelo de regreso a JFK. Cancelan mi vuelo original y nos lotean en Madrid. Por más de 7 horas sin comida ni lugares para dormir. Haz tour por Faber y evita esta aerolínea
IBE_0798,Iberia,Desconocido,Boston,Tirana,International,julio de 2024,1,El peor servicio al cliente de la historia. He viajado en muchos lugares con muchas aerolíneas pero estos chicos ganan el trofeo a la peor aerolínea. El servicio al cliente es inexistente. Siguen colgando como cuando pides un gerente. Cambian de asiento incluso cuando pagas por ellos. Son vulgares en los mostradores de Boston.
IBE_0799,Iberia,Desconocido,Madrid,Caracas,International,julio de 2024,1,"Son unos estafadores, NUNCA hagan PRE RESERVA de vuelos. No se cumple los de las 72 hrs, te quitan el dinero. Y luego como no tenian excusas se inventaron la cancelación del vuelo. Que jeta tienen."
IBE_0800,Iberia,Desconocido,Madrid,Boston,International,julio de 2024,1,"Servicio horrible llevaba una maleta De mano que me mandaron a bodega, viaje por 2 semanas y llevo 3 días sin tener ningún tipo de información de mi maleta hice varios informes/ reclamación donde no me informan de nada y me Dan mi número pir para hacer el seguimiento. Estoy de viaje sin mi ropa y objetos personales desde mi llegada y lo peor es la falta de información alrespecto. Me puse en contacto con ellos por vía telefónica desde España con mi pareja y por correo desde boston ya que no puedo ni recibir ni hacer llamadas ya que no estoy en mi país habitual. Una pena!"
IBE_0801,Iberia,Desconocido,Madrid,Montevideo,International,mayo de 2024,1,Rezar para que no tengáis un retraso o una cancelación o cualquier incidente mi madre viajaba a uruguay el avion al salir de masrid una hora más tarde dio la vuelta .10 hs tirada en el suelo del aereopuerto nadie los.llevo a un hotel ni les dieron ninguna información ni tan sólo un vaso de agua 360 personas abandonadas en el aeropuerto.toda la.noche después de dos meses aprueban la indemnización que por ley te pertenece y se pasan la pelota entre ellos o a la agencia .pero nada q un juzgado no pueda arreglar .nunca más voy a viajar con iberia ni lo puedo recomendar tampoco
IBE_0802,Iberia,Desconocido,Madrid,Lima,International,junio de 2024,1,"Habíamos pagado por adelantado para que nuestros dos asientos fueran mejores, y al registrarnos en Madrid, nos dijeron que como el avión había cambiado, ya no podíamos tener esos asientos, y que los nuevos eran estándar, y no mejores asientos. Preguntamos si se podían cambiar y nos dijeron que esto no era posible y que debíamos reclamar el coste de las reservas de asientos a Iberia. Hemos presentado reclamaciones pero aún no hemos tenido noticias de Iberia. Además, el vuelo debía salir a las 1. 15 pm, pero nos siguieron diciendo que se había retrasado, pero no nos dieron una razón ni una probable nueva hora de vuelo. Se publicó una nueva hora unas dos o tres veces, pero cuando uno de nosotros preguntó si era la nueva hora de vuelo nos dijeron que era una hora en la que se daría una nueva actualización. Al final el embarque comenzó a las 17. 00 y el vuelo despegó a eso de las 17. 30 pm, es decir, más de 4 horas tarde. Cuando reclamamos una indemnización por el retraso, se nos denegó la indemnización y se nos dijo que el retraso se debía a ""circunstancias externas"". Pudimos ver el avión en la pista y estaba claro que el avión estaba siendo examinado en varios puntos por los técnicos, lo que sugiere fuertemente que el retraso fue culpa de Iberia. No se mencionaron cuestiones de control del tráfico aéreo ni problemas meteorológicos."
IBE_0803,Iberia,Desconocido,Madrid,Rome,Europe,julio de 2024,1,"Pésimo, nos cancelaron el vuelo e íbamos a ir a un crucero el cual tenía muchas ganas de ir por las islas griegas. Lo peor es que no sabemos la razón “real” por la que lo cancelaron, pero vimos en las noticias que Leonor (La princesa de España) hizo su primer viaje oficial, con Iberia, A LA MISMA HORA QUE NUESTRO VUELO. Pero es solo una teoría. 1 estrella, perdimos el barco 😐"
IBE_0804,Iberia,Desconocido,Madrid,Lanzarote,Domestic,julio de 2024,3,"Hay que tener cuidado con esta compañía con el tema de las maletas, me la han perdido dos años consecutivos el año pasado al inicio de mi viaje y este año al final, concretamente la pierden en Madrid, por lo demás bien."
IBE_0805,Iberia,Desconocido,Buenos Aires,London,International,junio de 2024,1,"NOS DECEPCIONÓ IBERIA.incomodos los asientos! !. Y no nos entregaron las valijas , llegamos ayer y hoy ni noticias de nuestro equipaje. Una vergüenza!"
IBE_0806,Iberia,Desconocido,Madrid,Almaty,International,abril de 2024,1,"Son unos sin vergüenzas, compro un vuelo para tres personas, al momento me doy cuenta que me he confundido en la vuelta así que llamo para anular el vuelo y volver a pillarlo, me dicen que tienen un coste de gestión de 30 euros, a los 5 minutos de comprarlo, no tienen política de desistimiento, ya me parece abusivo, pregunto si son 30 en total o por billete, me aseguran que son 30 en total, accedo a la anulación, mi sorpresa es mayúscula al recibir una penalización de 90, 30 euros por billete, sin haber sido advertido, pongo la reclamación pertinente y me dicen que es culpa mía por no haberlo leído en el contrato, pese a que su personal me engañó, me parece horrible esta compañía, me siento más que estafado."
IBE_0807,Iberia,Desconocido,Santo Domingo,Amsterdam,International,marzo de 2024,1,"He reservado un billete de avión de Santo Domingo a Amsterdam el 4 de marzo en la web de Iberia para mi novia para que vuele el 7 de marzo ‘24. Después de pagar, me quitaron el dinero y no recibo nada, ¡ni siquiera una confirmación de boleto! Después de eso llamé varias veces con el servicio al cliente, me mintieron todo el tiempo, que tengo que esperar y tener paciencia y que recuperaré mi dinero. Hasta hoy no he recibido mi dinero de vuelta. se refería a un billete de ida y vuelta con un valor de 1746 euros, ¿cómo vamos a solucionar esto Avísame. Louis de los Países Bajos"
IBE_0808,Iberia,Desconocido,Los Angeles,Barcelona,International,junio de 2024,1,"Recientemente volé en Iberia desde LAX a Barcelona. ¡La peor experiencia de vuelo que he tenido! El avión estaba viejo y sucio. Los asientos estaban sucios y al asiento de delante de mí le faltaba el bolsillo. No había entretenimiento en este vuelo. Ninguno de los asientos tenía pantalla, por lo que no había nada que hacer durante 11-12 horas. El aire no parecía funcionar correctamente, ya que estaba caliente durante todo el vuelo. A falta de unas 2 horas, escuché a una mujer decirle a la azafata que el baño se había quedado sin papel higiénico. Su respuesta a ella: “¡No tenemos más disponible!” ¿Cómo se queda una aerolínea sin papel higiénico? Las azafatas fueron agradables de hablar, pero realmente no hicieron mucho. Estaban atrás comiendo y hablando. ¡Cuando la gente volvía a pedir agua señalaban una botella y no se movían para ayudar! El vuelo a casa fue un poco mejor. Tuvimos entretenimiento esta vez. Sin embargo, un baño no tenía agua de trabajo y otro no funcionaba en absoluto. El sistema de aire acondicionado tampoco era tan bueno en este vuelo. Al hablar con otros pasajeros, coincidieron en lo terrible que fue. Una señora dijo “¡Iberia apesta!” Pero dijo que ella vuela con ellos, ya que son el único vuelo directo a España. Iberia, hazlo mejor por tus pasajeros!"
IBE_0809,Iberia,Desconocido,Madrid,Palma de Mallorca,Domestic,julio de 2024,5,"Hoy tenía un vuelo a Palma de Mallorca, que no he podido coger por una repentina gastroenteritis de mi hijo con vómitos que imposibilitaban su movilidad. La gestión online de la reserva me ha permitido, con la tarifa menor: la básica, solicitar reembolso por problemas de salud (debidamente justificado). Un 10 para esta facilidad/atención de Iberia. Otro 10 para la facilidad de acceso. Ala información en su web. Y otro 10 para la atención telefónica, así como para el centro de atención al cliente que me ha contestado el correo electrónico. Gracias, este trato marca la diferencia y hace que de ahora en adelante confíe aún más en Iberia."
IBE_0810,Iberia,Desconocido,Miami,Bilbao,International,julio de 2024,1,"Iberia anunciaba una conexión de Madrid a Bilbao con una corta escala. Cuando compré el billete en su página web, el vuelo no era lo que compré, sino un vuelo posterior con una escala mucho más larga. Intenté varias veces contactar con Iberia para resolver el problema, no tenían explicación."
IBE_0811,Iberia,Desconocido,Madrid,Bilbao,Domestic,julio de 2024,2,"Para sacar los billetes en atención al cliente nos aconsejaron hacerlo por la web para evitar el pago de 25€ por billete que cobran en el mostrador. Lo hacemos por la web con gran dificultad porque la T4 tiene una pésima cobertura para móvil. Pagamos por Bizum, no nos llegan los billetes, volvemos al mostrador y nos dan unos teléfonos porque ellos no saben nada de la web. Llamamos al teléfono, hablamos con una máquina, luego un agente y nos dice que está todo bien pero que los pagos por Bizum tardan entre 1 hora y 2 en enviar los billetes. A las casi 2 horas volvemos a llamar y ahora nos dicen que están canceladas las reservas. Al final volvemos al mostrador y sacamos los billetes con la consiguiente comisión de 25€ por persona. No entiendo cómo la T4 no tiene buena cobertura de móvil y como en atención al cliente de Iberia no saben nada de la web. En fin, me pareció un servicio muy malo"
IBE_0812,Iberia,Desconocido,Milan,Madrid,Europe,julio de 2024,1,"Lo de Iberia es de broma, es la unica gran aerolinea que no te ofrece ni un vaso de agua, ni nada de comer a no ser que pagues no precisamente poco. Un servicio propio de una aerolinea low cost. Por no hablar de que ahora, si haces un vuelo intercontinental y quieres facturar maleta, contratas una TARFIA APARTE. Perdon???? En qué momento hemos permitido esto???? DE TODA LA VIDA UN VIAJE LARGO INCLUYE MALETA FACTURADA. Abusan del viajero."
IBE_0813,Iberia,Desconocido,Madrid,London,Europe,junio de 2024,1,"Tenemos una semana en Europa sin maletas, haciendo llamadas diarias hasta fuimos al aeropuerto en zurich, tenemos una maleta con medicina urgente perdida, ya están localizadas y no logramos que nos las entreguen. Y megatravel quien contrata los vuelos con Iberia no ha hecho nada. Nunca viajen con Iberia no hay quien de la cara para resolver una urgencia y Megatravel peor, solo cobro el paquete y no le ha importado que 27 de los 49 personas que vamos en el tour no tengan maleta. No tienen un protocolo para este tipo de casos donde casi la mitad de sus clientes están sin maleta desde hace una semana. además ni siquiera han contestado el reporte de reclamación, ni sabemos si la poca ropa que hemos comprado la van a pagar o no, como si uno viajara a Europa cada fin de semana y no importara por lo que estamos pasando"
IBE_0814,Iberia,Desconocido,Madrid,Dallas,International,julio de 2024,1,"Esta aerolínea canceló el vuelo por razones técnicas y luego se negó a proporcionar alojamiento en el hotel a los pasajeros que pernoctaban en Madrid. Los empleados de la aerolínea que manejaron la cancelación fueron groseros, mal informados, enojados y trataron a los pasajeros con falta de respeto. La aerolínea también parece tener problemas de integración en el aeropuerto de Madrid y en el lado estadounidense, prolongando el control y el proceso aduanero en una cantidad irrazonable. En general, si quieres una experiencia de viaje HORRIBLE, puedes reservar con ellos. De lo contrario, literalmente cualquier otra aerolínea será mejor."
IBE_0815,Iberia,Desconocido,Zagreb,New York City,International,junio de 2024,1,"Iberia Airlines perdió nuestras maletas y no respondió en absoluto para ayudarnos a encontrarlas. Después de seis días decidimos viajar 8 horas para registrar el aeropuerto nosotros mismos. Encontramos las maletas y luego solicitamos el reembolso de $ 291 de Iberia para nuestros gastos de viaje. Iberia se niega a responder a esta petición totalmente razonable. A lo largo de este calvario, Iberia se ha comportado con total indiferencia ante los problemas que ha provocado. Nunca he experimentado un peor servicio al cliente de ninguna organización con la que haya tratado. Mi consejo a cualquiera que esté considerando volar con Iberia es que elija otra aerolínea."
IBE_0816,Iberia,Desconocido,Alicante,Manchester,Europe,julio de 2024,1,Qué aerolínea tan horrible. Debíamos viajar con esta aerolínea la semana pasada. 2 adultos y 1 gato en cabina. Llamamos 7 veces en el curso de la reserva de los vuelos para comprobar todos los detalles y que podíamos llevar a nuestra mascota gato en la cabina como lo hicimos hace un año. Cada conversación era sí y teníamos confirmación por escrito también. Así que partimos y cuando estamos a punto de facturar las maletas nos dicen que el gato no está permitido en el vuelo. Damos papeles de confirmación y aún así se declaró que no. Se nos dijo que habláramos con el gerente lo que hicimos y lo horrible que una persona horrible disfrutó diciendo que no y no ayudar en absoluto. Nos quedamos sin alternativa y sin apoyo del personal. Nunca volvería a usar esta aerolínea y no confío en ellos como mala comunicación.
IBE_0817,Iberia,Desconocido,Mykonos,Madrid,Europe,julio de 2024,1,"TERRIBLE. No uses el personal de la aerolínea grosero y la treta que te gusta basura Si vas en economía, no me dejarían llevar mi equipaje en el avión"
IBE_0818,Iberia,Desconocido,Venice,Madrid,Europe,julio de 2024,1,"¡TERRIBLE! Los vuelos internacionales son promedio en el mejor de los casos, con un servicio terrible. Pedí algunas comidas a través de la aplicación en línea y no tenían NINGUNA en el avión. Los vuelos más pequeños que te llevan por Europa son horrendos. Mejor gastar su dinero en Ryan Air o cualquier otra aerolínea económica, debido al mismo servicio que Ryanair pero por un precio más alto. 0 / 10 0 / 5 NO RECOMENDARÍA."
IBE_0819,Iberia,Desconocido,Guayaquil,London,International,julio de 2024,1,"Solo se puede añadir a todas las demás reseñas y decir ""no use esta aerolínea"". Las maletas de mi marido fueron sacadas para ser registradas en un control aleatorio pero no luego no puestas en su vuelo. Llegó a Heathrow menos tres bolsas. Durante los últimos 5 días su llamado y persecución. El personal que atiende el teléfono en el departamento de equipajes de Iberia no tiene nada que ver con nada. Ni siquiera puedes llamar a un gerente, el servicio de atención al cliente solo te dirige al departamento de equipaje. Mi esposo viajó en clase Business y las bolsas tenían etiquetas prioritarias. Qué broma y desperdicio de dinero. 2 bolsas que vienen hoy por mensajería, solo lo sé porque llamé a la mensajería. La otra bolsa viene por separado por qué no lo sabemos así que es volver a perseguir y llamar. Nadie de la aerolínea nos ha llamado. Horrible servicio al cliente, teléfonos atendidos por trabajadores robotizados. Además el número de teléfono de atención al cliente de Iberia en el Reino Unido NO FUNCIONA LO MALO QUE ES ESO. si tienes que volar con ellos asegúrate de poner airbags en tu equipaje. Después de no llegar a ninguna parte con la última maleta perdida mi marido condujo a Heathrow con la información de su airbag al ver que estaba en el aeropuerto. Fue a los servicios de equipaje donde una señora encantadora fue a buscar su bolso."
IBE_0820,Iberia,Desconocido,Orlando,Tangier,International,junio de 2024,1,"Una palabra lo describe todo. HORRIBLE experiencia! Nunca más volaré con ellos. Las azafatas eran groseras y estaban por todas partes. Apenas tuve tiempo de pedir nada y cuando lo hice me dijeron ¿qué quieres? Soy hispanohablante y en cualquier idioma que sea una forma muy descortés de tratar a alguien. Como si me estuvieran haciendo un favor. Pagué mi vuelo. No volaba gratis! Llegué a Madrid en mi camino de regreso de Tánger a Miami y luego Orlando. Le pregunté a TRES empleados del aeropuerto por direcciones para mi próximo vuelo. Los TRES me dieron indicaciones incorrectas y siguieron ignorándome cuando dije que iba a perder mi vuelo, también el hecho de que solo tuviera 40 minutos entre vuelos no ayudó ya que cuando lo reservé no se me hizo consciente de que el tiempo avanza una hora al salir de Tánger, Esos empleados ni siquiera mirarían mi tarjeta de embarque y por supuesto perdí mi vuelo. Entiendo que no fue culpa de Iberias, pero estaba en un aeropuerto desconocido y extremadamente grande, así que estaba un poco perdido. Se dirigió al mostrador de atención al cliente de Iberia y se sumó a la larga fila de pasajeros que también habían perdido sus vuelos. Huelga decir que me trataron con muy poca empatía y con actitudes muy cortas y desdeñosas. Supongo que dependiendo de qué nacionalidad seas te tratan diferente. Me di cuenta de eso porque a pesar de que soy ciudadano estadounidense, las personas a mi lado, que también eran ciudadanos estadounidenses, fueron tratadas con respeto y comprensión, no es que nadie esté por encima de otro de ninguna manera debido a lo que es su ciudadanía, pero seguramente me sentí un poco discriminado. La falta de voluntad de ayudar y la culpa continua me hicieron muy enojado. Me dijeron que tenía que pagar 200 euros adicionales para tomar el próximo vuelo. Que me negué a pagar. Preferí pagar la sala VIP en el aeropuerto y el billete de tren de regreso a Orlando. Iberia nunca más recibirá 1 centavo de mi dinero. Finalmente, después de arremeter y pedir hablar con un supervisor, que era inexistente, un empleado accedió a ponerme en el siguiente vuelo que era a las 11 : 40 am al día siguiente. Sin honorarios. Terminé pagando 120 dólares para quedarme en la sala VIP en el aeropuerto para descansar un poco, lo que me pareció bien. También terminé pagando un billete de tren de Miami a Orlando porque Iberia se negó a emitirme un billete de regreso a Orlando. Pero todo bien porque al menos después de discutir me pusieron en el próximo vuelo a Miami, lo cual aprecio. Estaba mejor en el tren de todos modos. Afortunadamente llegué a casa sano y salvo, pero definitivamente no recomendaría esta aerolínea a nadie. ALEJARSE"
IBE_0821,Iberia,Desconocido,Los Angeles,Madrid,International,julio de 2024,1,"Iberia Airlines es una de las peores aerolíneas que he volado. Pagué un ascenso a clase ejecutiva y cuando llegué al aeropuerto, me pusieron en economía. Me dijeron que no sabían de los $6,600 extra que pagué. El vuelo estaba lleno y eso es todo lo que sabían. Gracias a Dios por Chase y mi disputa. Me enteré de que Iberia Airlines estafa a la gente de su dinero. ¡CUIDADO! ¡Nunca más volaré con ellos!"
IBE_0822,Iberia,Desconocido,Dallas,Madrid,International,junio de 2024,1,"No malgastes tu dinero volando Iberia. Mi hijo está en un viaje de estudios en el extranjero en este momento en España y aterrizó en España el 25 de junio solo para descubrir que dejaron su bolso de vuelta en Texas. Tan pronto como aterrizó y su maleta no estaba en la reclamación de equipaje, la rastreó hasta los Estados Unidos. Fue directo a su mostrador y lo localizaron y dijeron que lo pondrían en el próximo vuelo y que lo tendría al día siguiente. Al día siguiente rodó y al siguiente y todavía no tenía su bolso. Volvió a llamar a Iberia y les preguntó por su maleta y les hizo saber que volaría a Francia un par de días y que la recogería cuando volviera a Madrid. Volvió y fue a buscar su bolso, lo habían mandado a Barcelona. 🤦🏻‍♀️ Dijeron que cogerían su bolso y que lo mandarían a donde está estudiando actualmente y lo tendría el fin de semana pasado. Ahora es 5 de julio en los Estados Unidos y 6 de julio en España y todavía no tiene su maleta. Intentó presentar una bolsa de reembolso por todo lo que ha tenido que reemplazar mientras ha estado esperando en su bolsa, y dijeron que solo le reembolsarían $ 20 de los $ 1200 que ha tenido que gastar en ropa, ropa interior, zapatos, artículos de tocador, cargadores, etc. Tenga en cuenta que es un ESTUDIANTE UNIVERSITARIO que trabajó dos trabajos para pagar este viaje. Compró ropa y todo lo que necesitaba mientras estaba en los Estados Unidos. Ahora ha tenido que comprar más mientras ha estado allí y la aerolínea no le dará una respuesta directa y no le han hecho llegar su bolso cuando dijeron que lo harían. Ahora tiene que pagarle a alguien para que lo lleve 2 horas al aeropuerto a buscar su bolso y solo dicen que le van a dar $20. Peor aerolínea. No los vueles. Vuela AA o cualquier otra aerolínea que se internacionalice. Iberia mi hijo tiene 20 años. Tienes que resolver este problema."
IBE_0823,Iberia,Desconocido,Munich,Alicante,Europe,julio de 2024,1,"Terrible atención al cliente. Tenían mi equipaje en su poder durante cuatro días - nadie fue capaz de darme un punto de contacto para que lo entregaran o lo recogieran. Cuando finalmente lo enviaron para la entrega, el conductor se presentó en el momento equivocado, lo que provocó un nuevo día de retraso. Una vez más nadie supo cómo acceder al equipaje. ¡Nunca más!"
IBE_0824,Iberia,Desconocido,Madrid,Tel Aviv,International,junio de 2024,2,"Servicio al cliente no muy profesional, falta de precisión en la información dada, menos confianza en lo que dicen y poca atención por sus clientes. No es la opción ideal para elegir su vuelo a menos que no haya otra mejor opción."
IBE_0825,Iberia,Desconocido,Brussels,Fuerteventura,Europe,junio de 2024,4,"Sabiendo que Iberia tenía una reputación bastante dudosa en el pasado elegimos este avión porque era la mejor opción para nosotros. Debo decir que todo salió muy bien, la reserva, el precio (! ) la limpieza del avión, el personal, la puntualidad y la comodidad de los asientos, PERO, tenga en cuenta que habíamos reservado Economy Comfort, significa asientos XL. Vuelo de dos tramos, Bruselas a Madrid y luego a Fuerteventura. Madrid tiene un gran aeropuerto, pudimos encontrar nuestro vuelo de conexión muy fácil, lo mismo cuando regresamos. Haber reservado ya a Gran Canaria para el próximo mes de junio : - ) PS : Voy a copiar esta reseña a las reseñas de IberiaExpress porque la segunda etapa fue con IberiaExpress."
IBE_0826,Iberia,Desconocido,Palma de Mallorca,Ibiza,Domestic,julio de 2024,1,"La peor aerolínea con la que he volado. Venden en exceso el vuelo y no te dejan registrarte en línea el día anterior. Cuando llegas al check-in en el aeropuerto te ponen en espera y dicen que tienes que esperar que nadie aparezca para el vuelo. Estresante e inaceptable. El personal del aeropuerto es inútil y grosero, evidentemente trabajar para esta aerolínea y lidiar con el torrente de quejas de los clientes es una tarea miserable."
IBE_0827,Iberia,Desconocido,Valladolid,Tenerife,Domestic,junio de 2024,5,"Quería agradecer a todo el personal que estuvo presente en este vuelo, por hacer que el primer viaje en avión de mi niño de 7 años haya sido una experiencia inolvidable, amabilidad y atención constante de las azafatas, en especial de una de ellas. Trato impecable desde la facturación hasta el aterrizaje del avión."
IBE_0828,Iberia,Desconocido,Madrid,Lisbon,Europe,julio de 2024,1,"El vuelo se retrasó y luego el personal de tierra fue muy grosero, rápido y abusó de su poder. Nunca más volaría Iberia."
IBE_0829,Iberia,Desconocido,Madrid,Denpasar,International,julio de 2024,1,"Imposible tramitar algo con ellos, tras un accidente tuvimos que cancelar un vuelo y hemos estado luchando con ellos y sus agentes telefónicos durante 2 meses, totalmente unos incompetentes que lo único que quieren es cobrar. Les da igual el pasajero"
IBE_0830,Iberia,Desconocido,Malaga,Melilla,Domestic,junio de 2024,1,"El vuelo de venir de Melilla a Málaga en nuestra maleta llevábamos unas cremas las que nos hizo que sacáramos y nos dijo “Señora esto o lo factura o va a la basura” sacan ya dinero por donde sea, hasta por unas cremas ya con nada se puede viajar una y la tuvimos que facturar y todo el rato preguntándonos si éramos residente de Melilla."
IBE_0831,Iberia,Desconocido,Los Angeles,Madrid,International,junio de 2024,4,El servicio al cliente fue muy servicial. En vuelo el entretenimiento tenía muchas opciones para mantenerse ocupado durante todo el vuelo. Los asientos eran muy cómodos. La única desventaja fue que al estar en una conexión estrecha perdieron mi equipaje. Por suerte fue encontrado y entregado en mi hotel 2 días después.
IBE_0832,Iberia,Desconocido,Washington DC,Palma de Mallorca,International,junio de 2024,2,"No vuele con esta aerolínea a menos que haya cagado toda su reserva. El piloto llegó 20 minutos tarde a Dulles y llegó tarde al destino de conexión. Dejando unos 15 minutos para hacer su vuelo de conexión. No olvidemos que la puerta de la cabina se cierra 15 minutos antes. Ve a la puerta de embarque, la señora dice que el vuelo está reservado y completado, ve a ver el servicio al cliente. Esto es en el aeropuerto MAD. 20 pasajeros fueron enviados al servicio de atención al cliente de lberia. La señora me reservó para un nuevo vuelo y dice que mi vuelo de regreso está suspendido. Y ella no tiene idea de por qué y los estados llaman a la aerolínea. Pasamos horas al teléfono con British Airways y Hotwire. British Airways dice que no te presentaron. Les explico que no es verdad que a mí y a otros 20 pasajeros nos dijeron que no podíamos subir. Elevaron mi nivel de estrés extremadamente alto. Algunas cosas salieron mal. ¿Mintieron sobre el no show y sobre el libro? No lo hagas. Una decepción espera su futuro y gastar dinero extremo para reservar el vuelo de regreso."
IBE_0833,Iberia,Desconocido,Los Angeles,Madrid,International,junio de 2024,1,"Una aerolínea terrible cuyos empleados demuestran continuamente cuánto odian sus vidas junto con sistemas que son anticuados e ineficientes. El servicio al cliente es reacio en el mejor de los casos en esta aerolínea. Iberia ofreció el único vuelo directo de California a España y ese fue nuestro único criterio de selección. Compramos boletos con cuatro meses de anticipación, pero conforme se acercaba la hora del vuelo, Iberia se comunicó para ofrecer un bono de viaje de $ 481 para cambiar nuestras fechas de viaje cuando se dieron cuenta de que el vuelo tenía demanda y podían vender nuestros boletos por más. Introduje frustradamente información de documentos de viaje (número de pasaporte, viajero frecuente, etc.) más de treinta veces en su sistema de reservas y la información nunca se registró. Requirió una llamada de dos horas con servicio al cliente (casi imposible de localizar) para tener que introducir la misma información otras seis veces antes de que se 'atascara'. Mi reserva nunca se reflejó en la App de Iberia que me puso nervioso. Tuve que introducir continuamente el localizador de registros de la reserva para Iberia para encontrar mi reserva. La función 'añadir reserva' no funciona en su aplicación. Check-in es un mundo nuevo y valiente. La aplicación de Iberia informó que mi vuelo estaba disponible para el check-in - sin embargo, mi billete se consideró “no elegible” para el check- por lo que tendría que ir al check-in del aeropuerto - en escritorio. Si no vas al aeropuerto a comprobarlo, el día anterior Iberia anulará y revenderá tus asientos y tendrás que COMPRAR NUEVOS billetes. Finalmente pude registrarme con mi laptop a través de una línea fija desde un hotel. Afortunadamente, yo estaba al tanto del cheque Iberia -en estafa de otros comentarios así que llevé mi portátil para mis vacaciones de tres semanas- de lo contrario nuestros boletos habrían sido desocupados por Iberia. Mantienen los pies en el fuego para cumplir con sus protocolos, sin embargo, sus sistemas anticuados y poco fiables a menudo no están disponibles por lo que se convierte en un juego de ruleta rusa para cumplir. ¿Necesitas ir al check-in de Iberia para obtener tus tarjetas de embarque? Bueno, es mejor que compruebes su horario de operación; Iberia no tiene un check abierto - en recepción, y llegan tarde y salen temprano. La aplicación de Iberia solo te permite hacer el check-in si determina que tu billete es “elegible”. (Ni idea de cuáles podrían ser los criterios de elegibilidad). Iberia es un espectáculo de terror y una montaña rusa de ansiedad."
IBE_0834,Iberia,Desconocido,Madrid,New York City,International,junio de 2024,1,"La calidad del vuelo está bien. Pero para llegar hay una pesadilla, el vuelo estaba sobrecargado y retrasado, así que nos pusimos en la lista de espera. Conseguir nuestra tarjeta de embarque de transferencia fue una odisea , inicialmente perdimos el vuelo por la falta de información en el Helpdesk de Iberia. Gracias a Dios por un señor que se acercó a ayudarnos después de enterarse de que el vuelo se había retrasado, así que logró ponernos en lista de espera, y luego tuvimos suerte de conseguir dos asientos. El retraso en el servicio de equipaje es lo peor, presentamos la reclamación, llamamos todos los días para recibir actualizaciones, y aún así después de cinco días de aterrizaje, nadie nos actualizó, por lo que el equipaje regresó a Madrid, aprendí esta información yendo al mostrador de JFK Iberia, la señora de allí fue muy servicial y presentó una nueva reclamación para recuperarlo lo antes posible, como mi medicina para la sangre estaba allí, tuve suerte de tener algo de medicina puesta en mi equipaje de mano, espero que la maleta venga hoy, de lo contrario me quedo sin medicina. Viajo mucho, esta fue mi peor experiencia, la gente de Iberia es muy servicial, creo que hay malos procedimientos en marcha que me hacen decidir no volver a usar esta aerolínea."
IBE_0835,Iberia,Desconocido,Madrid,Bogota,International,junio de 2024,1,Se ha convertido en la peor aerolínea. Vuelos de 11.30 h sin palanca para apoyar los pies. Los asientos pegados que no tienes nada de espacio con rodillas dobladas . Reposabrazos estropeados con lo que si quiere un pasajero ir al servicio tiene que saltar por los asientos . En total la peor compañía en la que he viajado
IBE_0836,Iberia,Desconocido,Santorini,Madrid,Europe,junio de 2024,1,"Hemos llegado a la 1:30 de la madrugada, y tras esperar tres horas en el aeropuerto, nos vamos a casa sin nuestras maletas, ya que no las han descargado por falta de personal. En este momento, hay muchísimas personas en el aeropuerto de Barajas con el mismo problema, y algunas han perdido sus conexiones debido a los retrasos en los vuelos de Iberia. Además, la atención al cliente también está bajo mínimos. Una vergüenza."
IBE_0837,Iberia,Desconocido,New York City,Barcelona,International,junio de 2024,1,"Si reservas un billete con Iberia, ruega que no tengas que ocuparte de su atención al cliente. Los representantes están muy mal entrenados y no tienen idea de sus propias políticas de empresa y hacen falsas promesas de reembolso. - El 16 de febrero de 2024 reservamos 5 entradas con reembolso flexible añadido - El 18 de junio llamamos al contact center con una solicitud para cambiar las fechas. En la misma llamada el representante confirmó que las entradas podían ser reembolsadas, con un cargo total de 125 dólares y procedió a crear dos casos. - En la calle 21 de junio recibimos un correo solicitándonos contactar con la aerolínea Iberia y cuando llamamos, el representante confirmó el reembolso y necesitamos esperar 3 días más. - El 26 de junio recibimos nuestras tarjetas de embarque por correo electrónico. Confundidos, llamamos al número de contacto y nos dijeron que el reembolso fue rechazado, ya que abrimos el caso en menos de 15 días después del vuelo. Prometieron investigar el asunto y escuchar las grabaciones de la llamada. -El 27 de junio recibimos un correo electrónico con un número de caso ERRÓNEO diciendo que no hay nada que podamos hacer sobre su caso debido a la falta de información. - Llamamos a iIberia el mismo día y el representante del contact center se disculpó y solicitamos ser contactados por un supervisor. Concretamente, quisiera destacar las siguientes cuestiones: 1. **Falta de capacitación adecuada**: Es evidente que el equipo del contact center carece de la capacitación necesaria para manejar los casos de reembolso de manera eficiente. 2. **Desinformación**: La información que me proporcionaron varios representantes fue a menudo incorrecta. 3. **Plazos de resolución ampliados**: Cada vez que llamaba, me sometían a largos tiempos de espera sin ninguna resolución. 4. **Falta de comunicación clara**: Durante todo este proceso, no he recibido ninguna respuesta clara o consistente con respecto al estado de mi reembolso. La comunicación ha sido deficiente y mis intentos de buscar claridad han encontrado respuestas vagas. así que por favor, hazte un favor y reserva tus vuelos con alguna otra aerolínea."
IBE_0838,Iberia,Desconocido,Chicago,Madrid,International,mayo de 2024,1,"Esta fue la peor experiencia de servicio al cliente que he tenido. El personal me engañó constantemente; a pesar de llamarlos más de 10 veces con respecto a un reembolso, todo lo que recibí fueron falsedades. Le aconsejo encarecidamente que no use esta aerolínea. Ha sido una experiencia extremadamente decepcionante. Espero que mi revisión ayude a otros a tomar decisiones más informadas."
IBE_0839,Iberia,Desconocido,Madrid,Santa Cruz de la Palma,Domestic,junio de 2024,1,"Un caos para facturar unas colas tremendas,las personas con movilidad reducida sin preferencia todos los días lo mismo"
IBE_0840,Iberia,Desconocido,Washington DC,Malaga,International,junio de 2024,1,"No vuelvas a volar con ellos. Esta fue nuestra primera vez viajando con Iberia a nuestro primer viaje a Málaga, España y definitivamente será el último. Los aviones son viejos. El servicio al cliente por teléfono es terrible. Las azafatas tienen un servicio al cliente horrible. Volamos cada año a Europa y pensamos en darles una oportunidad. Cíñete a cualquier otra aerolínea excepto Iberia. Turco, United, Air France valen el dinero. Ahorrar unos cientos de dólares para volar con Iberia no vale la pena, ya que hacen cargos no autorizados."
IBE_0841,Iberia,Desconocido,Brussels,Los Angeles,International,junio de 2024,1,"Una estrella ya son demasiadas. Si pudiera poner 100 negativo, lo haría. ¡Las entradas se cancelaron sin que yo supiera! Por algún milagro, tuve un tiempo para crear una cuenta para ver mis viajes, pero no estaban disponibles. Pensé que era raro y llamé a servicio al cliente. Estaba absolutamente seguro de que había algún tipo de error en el sistema, ya que la CONFIRMACIÓN DE RESERVA Y LOS BOLETOS SE ME ENVIÓ POR CORREO ELECTRÓNICO Y EL DINERO PENDIENTE EN MI CUENTA BANCARIA, sin embargo, cuando hablé con una representante, dijo que los BOLETOS SE CANCELAN debido a alguna razón (desinformación) , ¿EN REALIDAD? ¿DESINFORMACIÓN? ¡No viste ninguna desinformación mientras cargabas mi tarjeta! BÁSICAMENTE, SON UNA ESTAFA! TERRIBLE SERVICIO AL CLIENTE. El ""gerente"" me colgó después de que ella no pudo llegar a ningún lo suficientemente convincente. s. por qué me cobraron mi tarjeta, me enviaron por correo electrónico los boletos y luego cancelaron los boletos, no me informó de los boletos que se habían cancelado y no devolvieron el dinero! Estoy tan feliz de no haberme presentado en el aeropuerto DESPUÉS DE LA CIRUGÍA Y NO PODER CAMINAR solo para enterarme de que estos @holes cancelaron mis boletos y me quitaron el dinero. No tengo idea de si recuperaré mi dinero. Hasta ahora, me enviaron recibos de aspecto muy turbio que puedo crear yo mismo. Breve historia: Llamé a mi banco para solicitar una transacción NO AUTORIZADA, mientras trataba de disputar el cargo... TBC"
IBE_0842,Iberia,Desconocido,Tenerife,Madrid,Domestic,mayo de 2024,1,Iberia una muerda.mucho con la.puntualidad a la hora de aterrizar y llevamos 1 hora esperando el equipaje del vuelo IB3939 procedente de tenerife norte. Una.verfuenza la.1 de la madrugada desde las 23.40 que ha aterrizo el avión y las maletas sin salir. Iberia nada recomendable
IBE_0843,Iberia,Desconocido,New York City,Venice,International,mayo de 2024,1,"Las peores aerolíneas que he volado en mis 26 años de vida y vuelo. Mis vuelos eran JFK > MAD > VCE, y al principio me enfrenté a un retraso en JFK, que se superponía con mi escala y me haría perder mi vuelo a VCE, a pesar de que mi equipaje todavía estaba etiquetado para ir a VCE. Se negaron a cambiar mi conexión en JFK, insistieron en que cambiara en MAD. Me llevó cuatro horas, llamadas, y servicio en línea, y finalmente me dieron el cambio, pero aparentemente cancelaron el equipaje (a pesar de que me cobraron el doble por una sola pieza, jah) , y se quedó atrás en JFK. Así que llegué hasta VCE y ni una sola persona, en línea, por teléfono, en el mostrador de ayuda de equipaje en MAD o VCE, sabía dónde estaba mi equipaje. Tuve suerte de haber empacado mi AirTag en él, de lo contrario probablemente nunca sabría a dónde fue. A pesar de intentar 20 (! ) veces presentar una PIR (petición de equipaje faltante) , tengo errores de dificultad técnica. Así que intenté solicitar al centro de servicio de equipajes de VCE que lo hiciera. No hay ayuda de nuevo. Llamé 3 veces y envié un email 3 veces para hacerlo. He estado haciendo esto durante 2 días. De alguna manera, la solicitud no se presentó hasta hace unas horas, pero cuando he estado rastreando mi equipaje, ha pasado de JFK a MAD y VCE. Así que de alguna manera mi equipaje ha llegado a VCE sin tener una solicitud oficial presentada. Estos tipos son más que incompetentes y aunque el equipaje está aquí todavía no lo han entregado. Es absurdo lo desorganizadas, irrespetuosas y caóticas que son estas aerolíneas. Por favor, nunca vuele Iberia."
IBE_0844,Iberia,Desconocido,New York City,Madrid,International,junio de 2024,1,"Esta es absolutamente la peor aerolínea posible. Volábamos de JFK a Málaga con escala en Madrid (el aeropuerto más dios - horrible posible). Primero, la cantidad de espacio para las piernas y espacio personal en el avión es ridículamente pequeña. Me sentí atrapado en el pequeño espacio. Mido 1,80 m y el espacio parece estar orientado a personas de 1,80 m o menos. Ridículamente incómodo en comparación con cualquier otra aerolínea. Tenían una buena cantidad de opciones de entretenimiento que utilizaban auriculares enchufables con cable. El sonido era mucho más fuerte en una comida que en la otra. Además, el número de bebés y niños que gritaban aterradoramente mantuvo a todos despiertos en el vuelo nocturno. Y las cosas empeoraron a partir de ahí. El segundo avión debía partir a las 7: 15 am después de que el primero aterrizara a las 6 : 15 am. Después de correr por el aeropuerto temerosos de perder el vuelo, nos sentimos aliviados al llegar justo a tiempo a las 7 : 12 am. Nos dijeron que el vuelo ya estaba cerrado, dejándonos atrás (a mí, esposa, hijo) y a toda la banda de 50 ish person de mi hijo que viajó a España para actuar. Ahora estamos varados en el aeropuerto de Madrid con solo billetes de espera y nuestro coche de alquiler no se retuvo en Málaga debido al día - mucho retraso. Nadie de la aerolínea está seguro de dónde está nuestro equipaje facturado. Solo hay 2 empleados de servicio al cliente en el mostrador y esperé en la fila dos veces durante una hora para que las preguntas fueran respondidas sin éxito. La aerolínea no reembolsará los boletos, especialmente inapropiado cuando mi hijo y su grupo acaban de salir para un viaje de autobús de más de 5 horas para llegar a su destino a tiempo para tocar un concierto mañana. Alquilaré un coche en breve y haré la caminata de 5 horas yo mismo después de no dormir durante las últimas 30 + horas porque no tengo otra opción. Nunca volaré esta aerolínea de nuevo y por su propio bien elegir cualquier otra aerolínea."
IBE_0845,Iberia,Desconocido,Barcelona,New York City,International,junio de 2024,1,"Esta aerolínea te estafará con tu dinero. Pagué 89 dólares extra para elegir un asiento mejor. Llamé un día antes para confirmar que iba a conseguir ese asiento. Luego, en el aeropuerto me dijeron que me tenían que mover en la parte de atrás porque cambiaron de avión, pero podía llamar y recuperar el dinero. Al llamar me dicen que no pueden reembolsarme y necesito presentar una reclamación en línea. Presenté un reclamo en línea y NUNCA me respondieron o me pagaron."
IBE_0846,Iberia,Desconocido,Barcelona,Miami,International,junio de 2024,1,"Lo peor de lo peor. Viajo a menudo y este fue el primer vuelo de Iberia. Los aviones son pequeños e incómodos para un vuelo internacional. No hay entretenimiento ni alojamiento. Nos dijeron que los puntos de venta estaban a bordo, pero ninguno funcionó. El reposabrazos tiene 2 posiciones: 90 grados vertical o 45 grados, sin movimiento hacia abajo en absoluto. La TV no funcionó. La comida era tibia. El vuelo de regreso se retrasó 8 horas con poco aviso. Mientras escribo me siento en el aeropuerto esperando para abordar el vuelo dos veces retrasado, y los asistentes no tienen información. Esperaba llegar a casa a las 6 : 20 pm y ahora llegará a las 3 : 30 am. La app dice que el embarque comienza a las 9 pm y actualmente son las 9 : 30 sin movimiento ni comunicación. ¡Completamente inaceptable!"
IBE_0847,Iberia,Desconocido,Madrid,New York City,International,junio de 2024,2,Literalmente horrible. NO recomendar. Los 3 vuelos que tomé en Iberia se retrasaron. Cero comunicación. El vuelo se retrasó por HORAS sin que nadie nos lo dijera. Si desea llegar a su destino en - tiempo que NO recomiendo.
IBE_0848,Iberia,Desconocido,Miami,Rome,International,junio de 2024,1,"Ahora estoy de vuelta. Tomamos esta aerolínea para celebrar nuestro aniversario de bodas en Roma. Perdido 2 días en el trayecto de ida debido a un vuelo cancelado y siendo redirigido a través de Madrid en lugar de la Barcelona original. Ahora en lugar de una escala de 4 horas en Barcelona , estamos en un a” no podemos acceder a la información” retraso . Es traumático con acciones entre Vyueli f, Iberia, Level 1 y AA. Y la información es extremadamente escasa si no ausente. En lugar de una notificación anticipada que podríamos haber utilizado para salir si el aeropuerto, nos quedamos colgados en modo suspenso. Ciertamente un caso de estrés postraumático. Nunca jamás jamás volar Iberia y compañía."
IBE_0849,Iberia,Desconocido,Havana,Madrid,International,junio de 2024,3,"VUELO IB 6620 HABANA - MADRID, TERMINAL 3 (16 DE JUNIO 2024): El vuelo venía demorado, (lo cual me enteré después), cosa que no fué informada a los pasajeros esperando, que al llegar la hora de embarque e iluminarse la puerta fuimos acercándonos poco a poco a la puerta 9 que por cierto está pegada a la salita de espera del vuelo a MIAMI con la consifuiente molestia entre filas y los que llegaban a esa espera. La espera para embarcar en Iberia se alargó sin informaciçon ninguna emperorada por una laxa actitud al colocar los banderines de los grupos de embarque con la consiguiente confusión. Lamento decir que la actitud de las azafatas fue de completo pasotismo menos unos cuantos gritos contrastando con la misma una vez a bordo que fue excelente y amable."
IBE_0850,Iberia,Desconocido,Casablanca,Madrid,International,septiembre de 2023,1,"Terrible servicio! Cuando regrese de Casablanca a Toronto en septiembre. 7 , 2023 , mi hija que tenía 16 años le negó el embarque sin motivo alguno . ¿Me dijeron que su nombre desapareció del sistema? Me estafaron. Compré dos entradas y pedí el reembolso y no pasó nada desde entonces."
IBE_0851,Iberia,Desconocido,Madrid,Guatemala City,International,agosto de 2023,4,"Esta vez tuve un problema con mi boleto y cuando lo cambié me daban la opción para ir directo de pagar 900€ en business lo cual hice ni modo la vez anterior por €900 fuimos 3 pero si lo que quieres es ir cómodo y poder dormir definitivamente es la mejor opción ya que cuando se compran los boletos llegan hasta $5000 ida y vuelta en esa clase. La comida bien, la atención sin más"
IBE_0852,Iberia,Desconocido,Rio de Janeiro,Madrid,International,junio de 2024,2,"Vuelo larga distancia varias veces al año, y tengo experiencias con muchas aerolíneas. Esta fue mi primera vez con Iberia y aunque no fue una historia de terror, definitivamente fue el peor de los vuelos de 8 + horas que he tomado. El avión era un poco más viejo y no muy limpio. Muchos arañazos y marcas en las sillas y paredes. El servicio de bebidas tenía artículos gratuitos limitados, todos los licores / cócteles requerían un pago extra para comprar. La comida era decepcionante, no se presentó bien en absoluto (me dieron una hamburguesa sola empanada con algunas patatas al lado). Esto por sí solo no fue tan malo, pero hubo algunas molestias adicionales que destacaron. La señal del cinturón de seguridad se dejó puesta durante más de cuatro horas seguidas cerca del final del vuelo (sin turbulencias) y no ofrecían bebidas en este momento y a menudo le decían a las personas que no debían usar el inodoro. Además, la temperatura se mantuvo más baja de lo que creo que he experimentado en un avión, varias personas estaban tosiendo y temblando durante la segunda mitad del vuelo. Junto con un mal servicio experimentado (el asistente discutiendo con la familia tratando de abordar su hijo en silla de ruedas) hacen que esta sea una aerolínea que evitaré en el futuro."
IBE_0853,Iberia,Desconocido,Buenos Aires,Madrid,International,mayo de 2024,4,"Respetan los horarios. Muy amable la atención. A diferencia de otros vuelos anteriores, pesan el equipaje de mano. Me pareció bien."
IBE_0854,Iberia,Desconocido,Orlando,Madrid,International,junio de 2024,1,no solo la atención es ofensiva. y violenta. organizan vuelos con terceros y no se hacen responsables ni de sus servicios ni el de su partners que ha facturado ellos. en esta ovación entre varias cosas nos han cobrado dos veces la maleta.
IBE_0855,Iberia,Desconocido,Chicago,Madrid,International,junio de 2024,5,"Estábamos programados para volar Iberia de Chicago a Madrid (y regresar) y estaba un poco nervioso por las críticas sobre la experiencia a bordo. Nuestra experiencia no podría haber estado más lejos de algunas de estas revisiones. Las azafatas eran sobresalientes, atentas y, en todos los vuelos, al menos una se registró cerca del final para asegurarse de que la experiencia fuera sobresaliente. La aerolínea ofrece algunas de las mejores tarifas de los Estados Unidos a Europa, especialmente en clase Business y no dudaría en volar de nuevo. No tenía experiencia con el servicio al cliente."
IBE_0856,Iberia,Desconocido,Madrid,Oslo,Europe,junio de 2024,1,"Viaje de ensueño destrozado por no disponer de mi maleta. Viajo viernes 14 Iberia la olvidó en Madrid, localizada antes de aterrIzaje, parte de irregularidad y al día siguiente enviada al aeropuerto destino,a media hora de mi hotel, cinco dias después sigo sin maleta y en Att cliente no resuelven nada, increíble!! Y sabiendo que incluye medicación importante para mi. DESASTROSA GESTIÓN"
IBE_0857,Iberia,Desconocido,Madrid,Mexico City,International,junio de 2024,1,"Compramos un vuelo con convenio con otras aerolíneas, no nos brindaron el numero reservación del 3er vuelo, el equipaje llegó demorado, servicio al cliente no solucionó nada, fueron groseros y me colgaron el teléfono. No viajen en iberia"
IBE_0858,Iberia,Desconocido,Miami,Barcelona,International,junio de 2024,2,"Falta de comunicación, el vuelo que iba fue cancelado y nunca nos dijeron que fue cancelado. Nos paramos en la línea 3. 5 horas para registrarse. Terminó con 4 horas de retraso. El vuelo de regreso tuvo un retraso de 3 horas. Tenías que rogar por agua. Los aviones eran viejos y no te daban un aire cálido y borroso. Nunca más! !! a menos que sea capaz de adaptarse a los largos retrasos, no reserve con esta aerolínea!"
IBE_0859,Iberia,Desconocido,Montevideo,Madrid,International,junio de 2024,1,"Estoy muy decepcionado con mi reciente experiencia con Iberia Airlines. Viajé con ellos hace 7 días, y a su llegada, mi equipaje no se encontraba en ninguna parte. A pesar de los múltiples intentos de comunicarse con su equipo de servicio al cliente, aún no he recibido ninguna respuesta o actualización sobre el paradero de mis pertenencias. La falta de comunicación y transparencia es frustrante e inaceptable. Confié mi equipaje a Iberia Airlines, y no han cumplido con su responsabilidad. Aún no tengo idea de dónde están mis cosas o si alguna vez las recuperaré. Esta experiencia ha sido increíblemente estresante y ha impactado enormemente mis planes de viaje. Espero que Iberia Airlines tome medidas inmediatas para mejorar su servicio al cliente y los procedimientos de manejo de equipaje, ya que este nivel de servicio está muy por debajo de lo que se debería esperar de una aerolínea de buena reputación."
IBE_0860,Iberia,Desconocido,Miami,Madrid,International,junio de 2024,1,Ojalá pudiera dar una reseña completa pero no puedo llegar al mostrador. Parado en una enorme fila en el mostrador durante 2 horas. No hay quioscos. Sin bolsa. Sólo 3 asistentes. Llega 4 horas antes para dejar tus maletas. Ya nos registramos en línea después de que cambiaron nuestros asientos 3 veces. Todos están frustrados. El personal del aeropuerto dice que esto es típico de Iberia. ¿Llamar al servicio al cliente? ¡Buena suerte con eso!
IBE_0861,Iberia,Desconocido,San Diego,Madrid,International,junio de 2024,1,"Compramos billetes de avión para este vuelo en diciembre 2023 . Entretanto, los tiempos de vuelo cambiaron tres veces. El despegue original fue de 10: 20 am. Que se trasladó a 2 : 25 pm y finalmente a las 6 : 21 am. ¡El último cambio fue menos de una semana antes de que despegáramos! Cambiaron de nuevo el tamaño del avión y eliminaron nuestros asientos Premium Economy. ¡Este es también el segundo que desaparecen nuestros asientos Premium Economy! Para añadir insulto a la lesión, cuando llegamos a Chicago, nos dijeron que uno de nuestros asientos Premium Economy estaba roto y mi esposa terminó en un asiento económico! Cuando pedimos un reembolso por la diferencia en el precio de los asientos, nos dijeron que podíamos tener un bono para usar en otro vuelo. ¡COMO SI VOLVIÉRAMOS A VOLAR CON IBERIA OTRA VEZ!"
IBE_0862,Iberia,Desconocido,Montevideo,Madrid,International,junio de 2024,1,¡Absolutamente decepcionante! Hace una semana perdieron mi maleta y todavía no tienen ni idea de dónde está. El servicio al cliente es inexistente; nadie responde y nadie se hace responsable. Es inaceptable que una aerolínea de esta magnitud no pueda manejar correctamente el equipaje de sus pasajeros. ¡Eviten Iberia a toda costa si valoran su tiempo y pertenencias!
IBE_0863,Iberia,Desconocido,Madrid,San Juan,International,junio de 2024,1,"El sitio web de Iberia no permite el pago. Se han probado múltiples métodos (PayPal y Apple Pay solo producen errores y dos tarjetas de crédito han hecho lo mismo) se han borrado cookies y datos, se han reiniciado el ordenador y la aplicación. Tener que pagar $25 por persona para terminar de reservar por teléfono es ridículo, cuando está claro que el problema está relacionado con el proceso de pago de su parte."
IBE_0864,Iberia,Desconocido,Madrid,Caracas,International,mayo de 2024,4,"Vuelo a tiempo. Embarque organizado. Personal atento. Comida porciones muy pequeñas, he volado en otras aerolíneas con ruta muy similar y ofrecen dos comidas a bordo abundantes, en mi caso Iberia solo ofreció almuerzo porciones pequeñas y un snack que era medio sándwich antes del aterrizaje."
IBE_0865,Iberia,Desconocido,Madrid,Marrakech,International,mayo de 2024,1,"Ten cuidado. Si pierde una conexión y se reprograma en otro vuelo, tendrá que comprar un billete nuevo! ¡Evita volar en Iberia!"
IBE_0866,Iberia,Desconocido,Lisbon,Madrid,Europe,julio de 2023,1,"Esta aerolínea es horrible. Reservé mi vuelo con meses de antelación y cuando me subí a mi vuelo nos habían chocado a mí y a mi marido con otro vuelo. Nos subieron al siguiente vuelo y prometieron reembolsarnos el costo de nuestros vuelos. Trabajamos con el servicio de atención al cliente durante meses para obtener un reembolso, pero nunca se recibió. Nunca recomendaría esta aerolínea o volar en ella de nuevo, incluso si fuera la más asequible que existe."
IBE_0867,Iberia,Desconocido,Zurich,Madrid,Europe,junio de 2024,1,"Reservamos el vuelo con 6 meses de antelación. El vuelo cambió varias veces. Finalmente abordó a las 7 am, se sentó durante una hora y luego le dijo que había un error del sistema y que necesitaba restablecerse. Eso tomaría otra hora. Nos sentamos en un avión caliente durante una hora y luego nos dijeron que necesitábamos bajar del avión. Nos dijeron que Iberia nos trasladaría al próximo vuelo y que esperáramos. Esperé y esperé. Nos ofrecieron vales de comida y nos dijeron que esperáramos. No hay comunicación de nadie en la aerolínea, aeropuerto o en línea. Luego recibió un mensaje diciendo que el vuelo fue cancelado. Nos dieron un bono de hotel, perdiendo nuestro vuelo y los planes en Madrid arruinados. Adelante a la mañana siguiente. Iberia no pudo conseguirnos un nuevo vuelo porque estaba mostrando que el vuelo aterrizó en Madrid. No lo hizo. ¡Todavía estábamos en Zúrich! Después de conseguir finalmente un supervisor para solucionar dicho problema, abordamos otro vuelo. 30 minutos sentados en el avión y mucho más allá de la hora de salida, nos dicen que había problemas con un pasajero y sería una hora de espera. Actualmente sentado en el avión todavía..."
IBE_0868,Iberia,Desconocido,Barcelona,San Francisco,International,junio de 2024,1,No me reembolsó ni ofreció un crédito o ningún consuelo cuando mi abuelo falleció y tuvimos que cancelar nuestro viaje. Horrible servicio al cliente y negocios. Nunca volaré Iberia.
IBE_0869,Iberia,Desconocido,Zurich,Madrid,Europe,junio de 2024,1,"Vuelo abordado a las 7 am. Sentado en el avión durante 2 h. La tripulación anuncia un problema técnico. Todos tuvieron que desembarcar. No se proporciona ninguna actualización en el aeropuerto o en el mostrador del cliente. 2 h después nos informan que el vuelo se cancela. No pudieron volver a reservar pasajeros hasta que el vuelo fue cancelado oficialmente. Finalmente se volvió a reservar en un vuelo a los 19. 40 - 12 h más tarde de mi fecha de salida original. El asiento por el que pagué originalmente fue ocupado, así que fui golpeado en el respaldo del asiento 7 del avión al asiento 30. La falta de comunicación es simplemente inaceptable, sin empatía, sin rendición de cuentas Nunca volverá a volar Iberia"
IBE_0870,Iberia,Desconocido,Madrid,London,Europe,junio de 2024,1,"No pude registrarme en línea ya que el ref de reserva no funcionaría. Entonces no pude hacer el check-in a través de las muchas máquinas de check-in en línea en el aeropuerto. Me pidieron que esperara en el servicio de atención al cliente / check in / cola de equipaje, esperé más de una hora. Luego me dijo la señora que estaba tratando con todos que no me serviría y necesito ir al 900. No te serviré. Ir a 900 ‘fue la respuesta a que pedí una tarjeta de embarque. Le expliqué que esperé más de una hora, ella dijo ‘no es mi problema. Tal vez la persona que te dijo que vinieras aquí es un aprendiz’ Le pedí al ‘aprendiz’ que me ayudara y me negué a esperar en la isla 900 una hora más. El aprendiz (o miembro experimentado, quién sabe) dijo que estaba en la línea correcta y me aludió esperando en la misma cola de nuevo. Dije que volvería a probar la máquina de check-in. ¿Pero no volvería a hacer cola en la misma fila? La máquina me falló 3 veces. Otro miembro del personal trató de registrarse en línea para mí y la máquina todavía no funcionaba para mí. Ambos compañeros de Iberia, no sabían qué hacer. Había estado en el aeropuerto durante 2 horas y no había avanzado en conseguir una tarjeta de embarque. Había esperado en la cola y ahora hablaba con 3 miembros del personal de Iberia. Debido a la frustración y la grosería de la señora en el control - en el escritorio, me puse emocional. Y en ese momento el personal me llevó a otro control - en el escritorio donde un miembro del personal vino a sentarse, y en cuestión de minutos me proporcionaron una tarjeta de embarque. Tan emocionado por cómo Iberia me enredaba que ni siquiera podía hablar. Iberia hizo perder el tiempo a tanta gente. Los clientes pasaban las colas quejándose de que no había nadie en los mostradores. Y es cierto - Nadie en los mostradores de facturación. Y el día que estuvo allí fue tan grosero. No recomendaría."
IBE_0871,Iberia,Desconocido,Lima,London,International,junio de 2024,1,"Yo no, mi hija. Su vuelo se retrasó saliendo de Lima 3 horas y media, lo que significa que la conexión se ha perdido en Madrid. Iberia la está hospedando en un hotel que está a 1 hora y media del aeropuerto. Llegada al hotel a eso de las 9 pm, es decir, salir del hotel a las 3 am para volver al aeropuerto. ¿Qué sentido tiene eso? No hay tiempo suficiente para dormir, y no haber tenido nada en el vuelo de 11 horas. Seguramente, SEGURO que había un hotel más cercano al aeropuerto que este?"
IBE_0872,Iberia,Desconocido,Miami,Barcelona,International,junio de 2024,1,"Compré boletos de ida y vuelta para que mi esposo y yo viajáramos con nuestros amigos en octubre de 2023. Pagamos por asientos económicos premium. Unas 2 semanas antes de nuestro viaje, Iberia me dice que el avión tuvo que ser cambiado y nuestro vuelo tuvo que ser cambiado. Me dijeron que el nuevo avión no tenía asientos económicos premium, pero en el que nos pusieron sí. Y el vuelo original era directo de Miami a Barcelona. Ahora, tuvimos que hacer una escala de casi 5 horas en JFK antes de llegar a Barcelona. Entonces, ahora no estamos volando con nuestros amigos y el viaje fue ridículamente largo. Resulta que a nuestros amigos no los golpearon como a nosotros, y la razón por la que los golpearon fue para permitir que la tripulación durmiera. ¡Oh, y olvidé mencionar que había 2 asientos económicos premium vacíos al lado de nuestros amigos! ¡Todo este cambio para NADA! NUNCA más volaré Iberia y contaré todo sobre esta pésima experiencia."
IBE_0873,Iberia,Desconocido,Miami,Madrid,International,junio de 2024,1,"Mi vuelo era Lunes 10 a las 9:55pm donde yo llegué para mi check in a las 7:10pm, la persona que era una sola se tardó por estar converzando y socializando, ya llegué al counter a las 8:20pm, me dice que debo agregar a mi bebé y ella no me podía ayudar, me dió el número y llamé, en ese mismo momento llegó una aeromosa y le pidió que necesitaba subir a su marido al vuelo y ella le dijo que claro que sí, yo llamé y la que me contestó primero me dice que no la puede agregar porque me habían hecho check in, le dije a la del counter y me bajó, me puso en espera y me dice que el vuelo ya estaba cerrado a las 8:40pm, nuevamente la del counter me dice que no que el vuelo no había cerrado aún y me ponen en espera nuevamente y me dice que ya no me puede agregar a mi bebé porque el vuelo estaba lleno y todavía quedaban personas en la línea por hacer check in, la del counter para las 9:00pm la llamaron y cerró el vuelo, todos se fueron y me dejaron con mi bebé sin una explicación ni una disculpas. Yo he llamado a Iberia ayer y me han dicho que habían escalado el caso y que me iban a reembolsar el monto total o la opción de otro pasaje y que en 24 hrs me llamaban, ahora llamo y me dice Ramez Rivera con un pésimo servicio al cliente que no me pueden reembolsar solamente el 5% de mi pasaje. Yo necesito mi reembolso 100% y que Iberia se comunique conmigo urgente, porque este caso lo voy a llevar hasta donde tenga que llegar."
IBE_0874,Iberia,Desconocido,Madrid,Bogota,International,junio de 2024,2,Llevo 10 días intentando que me den razón de mi maleta y nada no hay respuesta. Nadie contesta ni ayuda siempre todos los agentes están ocupados! Todo un desastre de aerolínea. Viaje de Madrid a Bogotá el 1 de junio pagué clase Turista Premium eligí los asientos con mi familia y al poco tiempo para avordar me cambiaron y nos separaron a todos. Y luego llegué a Bogotá y no llegó mi maleta. Me dijeron que eso llegaba en los vuelos siguientes y de eso van 10 días y nada…nadie responde o cuando lo hacen no tienen ninguna información.
IBE_0875,Iberia,Desconocido,Desconocido,Desconocido,Desconocido,Desconocida,1,"Iberia tiene la aerolínea peor valorada del mundo. No tienen servicio al cliente en absoluto. De hecho, creen que están por encima del cliente. Mi equipaje quedó en Madrid y durante 48 horas guardaron silencio al respecto. Y cuando encontraron mi equipaje, la empresa de reparto del empleado de Barcelona tardó otras 24 horas en entregarlo. Y adivina lo que les pregunté ¿puedes ayudarme a entender dónde está mi equipaje, dijeron que no tienen el número de la compañía de entregas...? Demasiado para un departamento de servicio al cliente. . Creo que deberían dejar de tener ese departamento. Prometiendo no viajar nunca en Iberian Airlines. . . Por favor, manténgase fuera de estas aerolíneas. . ."
IBE_0876,Iberia,Desconocido,San Jose,Madrid,International,junio de 2024,1,Ha sido horrible. El personal que me atendió por teléfono y en servicio al cliente en el mostrador del aeropuerto ven que hay errores en la reserva pero no podian corregir los errores ni darme reembolso. El sistema de reclamaciones por la página de Iberia simplemente no sirve. Ignoran los anejos y lo que dice el recibo donde constan los asientos como los pagué. Como empresa no honran los asientos pagados por el consumidor. Terrible experiencia.
IBE_0877,Iberia,Desconocido,Madrid,Paris,Europe,junio de 2024,1,"No puedo empezar a explicar lo completamente incompetente, grosera, desvinculada y descuidada que es esta aerolínea. Aterricé en París desde MAD como pasajero de clase ejecutiva con maletas facturadas en Priority. Solo llegó un equipaje. Presenté una declaración de equipaje perdido, mi maleta no fue rastreada, no había rastro de dónde estaba. Hice 7 llamadas al servicio de atención al cliente, no pudieron decirme dónde estaba la maleta, si se había quedado en Madrid, había llegado a París. Recibí un SMS 10 horas después del aterrizaje, informándome que mi equipaje iba a abordar el vuelo VY 6937 de IBZ a ORY al día siguiente. (Vueling es la aerolínea low cost de Iberia). El descuido, la falta de profesionalidad, los errores acumulados y la absoluta incompetencia en todos los ámbitos es como ningún otro que haya experimentado. Como viajero frecuente, me ha pasado antes que una pieza de equipaje no lo logra. Pero esto era sólo el siguiente nivel. Al presentar el reporte de maleta perdida, me dieron un formulario con un número de seguimiento + 2 números de teléfono para llamar y pedir actualizaciones: El francés era un número de peaje pagado El español está fuera de servicio y aterriza en una nota de voz automatizada que revive otros dos números de teléfono para probar. Cuando llamé a uno de los números en español y pedí inglés, la línea me colgó, volví a llamar y pedí español. La persona de atención al cliente me dijo que mi bolso no fue localizado. Me pidió que describiera los artículos dentro de la bolsa, que ayudara a reconocerlo, a lo que dije que ni siquiera lo puedes localizar, ¿cómo va a ayudar una descripción de lo que sea que haya zapatillas o chaquetas ahí? A lo que ella respondió ""bien, añadiré a su expediente que usted se niega a cooperar con el operador de servicio al cliente"", amenazándome como si me equivocara, cuando mi equipaje prioritario de clase ejecutiva no llegó y es ilocalizable. Después de 7 llamadas de atención al cliente a lo largo del día, que no me llevaron a ninguna parte, recibí un SMS diciendo que mi maleta aterrizaría en ORY de IBZ al día siguiente a las 5 pm . . En el momento de presentar esta revisión, estoy esperando la confirmación de que el equipaje aborda ese vuelo y llega sano y salvo a ORY, y se me entrega. IRREAL. Hará todo lo posible para no volver a volar nunca más con IBERIA y recomendará a cualquiera que valore su tranquilidad, cordura e interacciones respetuosas con el personal, para evitarlos a toda costa."
IBE_0878,Iberia,Desconocido,Madrid,Dallas,International,junio de 2024,1,"Tuve la peor experiencia de viaje con Iberia. Tuvo vuelo de San Sebastián España con pequeña escala en Madrid en ruta a Dallas TX. Literalmente el peor día de mis 40 años de viaje. En primer lugar, no podía facturar mis vuelos en línea y tuve que esperar hasta que llegué al aeropuerto para descubrir que no tenían la tecnología para escanear mi nuevo pasaporte “inteligente”. Me emitieron una de las tres tarjetas de embarque solamente y aparentemente me marcaron para inspección también. Estaba preocupado por mi conexión de una hora en Barajas por una buena razón. No me ayudaba en la puerta, así que tuve que volver corriendo al servicio al cliente y después de esperar en la fila, la mujer literalmente tomó mi pasaporte y a mitad de la sentencia decidió ir a almorzar. Me pasó a otro hombre grosero que finalmente me dio una tarjeta de embarque para mi vuelo, pero marcado con un gran sello rojo. Pronto me encontré en una selección especial de seguridad en una habitación trasera con un asistente masculino que me hizo quitarme la mayor parte de mi ropa y zapatos y tirar mi bolso para que me “limpiaran la bomba”. Solo me quedaban 15 minutos para abordar mi vuelo y me sentía extremadamente violada y asustada, así como completamente jodida si perdía mi vuelo. Miré a mi alrededor a las otras víctimas en esta sala siendo forzadas a desnudarse y todas eran mujeres rubias de diferentes edades, muy parecidas a mí. Salí de esta habitación llorando e hice mi vuelo por la piel de mis dientes. NUNCA MÁS IBERIA."
IBE_0879,Iberia,Desconocido,London,Madrid,Europe,junio de 2024,1,"Vuelo retrasado 4 horas, y no hay una sola disculpa de ellos. La duración del vuelo es de 2 horas y se retrasa 4 horas."
IBE_0880,Iberia,Desconocido,Barcelona,Miami,International,junio de 2024,1,"Mi hijo Viajo con Iberia el 1 junio y están perdidas las 2 maletas,ni en madrid le dan respuesta ni en miami,, Entonces las maletas cayeron al mar??? Nadie responde ni soluciona esto Llamamos a diario y nada Trabajan muy mal,,no esperaba esto de Iberia, NO LO RECOMIENDO A NADIE"
IBE_0881,Iberia,Desconocido,Santiago,Madrid,International,mayo de 2024,1,"# Review for Iberia Airlines Recientemente tuve una experiencia profundamente frustrante con Iberia Airlines con respecto a un cambio en mi reserva de vuelo de regreso. Originalmente, mi vuelo estaba programado para regresar de Roma a Santiago vía Madrid. Intenté cambiar el origen de mi vuelo de regreso a Milán en lugar de Roma, pero me enfrenté a dificultades significativas en el sitio web de la compañía, que me redirigió a un operador telefónico. Después de pasar varios minutos al teléfono, me informaron que podía cambiar el origen de mi vuelo de regreso por un costo adicional de aproximadamente $ 500 por pasajero. Acepté el cargo para mí y mis dos hijos, asumiendo que el asunto estaba resuelto. Sin embargo, al llegar al aeropuerto, me sorprendió que me dijeran que no podía abordar el vuelo, aunque mis hijos sí. Esta situación era absurda y muy estresante. En el mostrador, recibí instrucciones de llamar al servicio al cliente porque el personal del mostrador no podía ayudarme, lo que causó más demoras y frustración mientras otros pasajeros esperaban para registrarse. Durante la llamada telefónica, me informaron que necesitaba pagar extra para asegurar mi lugar en el vuelo desde Milán, a pesar de haber pagado ya el cambio. Esto no tenía sentido, especialmente porque mis hijos y yo estábamos en la misma reserva. Después de una hora al teléfono, finalmente me ofrecieron un asiento en el vuelo, pero mi problema de vuelo de regreso seguía sin resolverse. A medida que se acercaba la hora de salida, temía perder el vuelo por completo. Aunque finalmente embarqué, pasé todo el viaje ansioso por no tener un vuelo de regreso confirmado. Desde España, tuve que hacer múltiples llamadas para asegurarme de que mi vuelo de regreso fuera confirmado. A pesar de las garantías por teléfono, solo recibí los boletos y la confirmación de la reserva para mi hijo menor, no para mí o mi hijo mayor. El estrés y lo desagradable de esta situación eran abrumadores, especialmente cuando viajaban con dos niños pequeños. Insto encarecidamente a Iberia a que revise sus políticas para habilitar el cheque - en el mostrador del personal para resolver tales problemas. Hasta ahora, era un cliente satisfecho que recomendaba Iberia a amigos y familiares. Sin embargo, después de esta experiencia, reconsideraré seriamente volar con ellos de nuevo. Específicamente elegí una opción de vuelo flexible, que no resultó ser flexible en este caso. Esta experiencia fue profundamente decepcionante y estresante. Iberia, por favor toma nota y mejora tu servicio de atención al cliente y tus políticas para evitar que otros pasen por calvarios similares."
IBE_0882,Iberia,Desconocido,Munich,Panama City,International,junio de 2024,1,"Reservamos vuelo con Iberia de Múnich a Panamá con 1 pasaje en Madrid. Por algunas razones 'propias' (ninguna de las cosas podría decirnos por qué) el vuelo se retrasó 2 h. Llegamos a Madrid con 20 minutos antes de que se cerraran las Puertas, corrimos por todo el aeropuerto ( desde la Terminal 4 hasta la Terminal 1 ) para coger el 2o vuelo. Sudando y apenas respirando dijimos nuestros nombres y mostramos los pasaportes y la persona en el mostrador se disculpó y nos dijo que incluso si estábamos frente a las puertas y todavía están abiertas, ella no puede dejarnos pasar porque nos reubicaron para el vuelo del día siguiente. Ella nos dirigió al lugar de información donde solo 1 empleado estaba manejando una línea con más de 50 personas tristes (que perdió su piel de vuelo de conexión a los retrasos). Durante los primeros 30 minutos la fila aumentó, y solo después de 40 minutos otros 2 empleados vinieron a ayudar. Al final pasamos 4 , 5 h solo en la fila frente al th info point. ¿CÓMO PODRÍAMOS RECOMENDAR UNA EMPRESA ASÍ?"
IBE_0883,Iberia,Desconocido,Barcelona,Miami,International,junio de 2024,1,"Esta fue la peor experiencia que he tenido en mi vida. Creo que es una estafa hacer reservas para un vuelo de Iberia y que termina en un avión de algo que se llama Level, este avión era un avión blanco viejo y sin marcar. Mi asiento estaba roto, cuando me quejé del estado del avión y de lo inseguro que me sentía y que quería salir toda la tripulación intentó convencerme de que me quedara así que lo hice, sentí que no tenía opción, aseguraron que el asiento era el único problema y no debía basar mi sensación con un asiento, que el resto del avión estaba seguro. Bueno, en cuanto cerraron la cabaña sucedió esto: NO TV EN TODO EL AVIÓN, NO WIFI, SOLAPAS OXIDADAS, Y BAÑO EN TERRIBLE ESTADO, NO AC, NO CIRCULACIÓN DE AIRE, todo esto en un vuelo de 9 horas, experimento un ataque de ansiedad durante todo el vuelo sin nada que me calme, el avión hizo tanto ruido, que sentí en algún momento que se estrellará. ¿Pagué 1500 dólares para viajar en estas condiciones? Así que mi consejo es que por favor no use esta aerolínea porque podría terminar en un avión viejo sin identificación como este y su seguridad, su tranquilidad es más valiosa. Presentaré una queja a FA porque es solo cuestión de tiempo para que esta compañía cause una tragedia"
IBE_0884,Iberia,Desconocido,Madrid,Oslo,Europe,junio de 2024,1,Nunca montes Iberia. Su servicio al cliente es lo peor. Son irrespetuosos y te tratan terriblemente. Nos hizo pagar dos veces por 1 maleta facturada y solicitamos un reembolso y se negaron.
IBE_0885,Iberia,Desconocido,Santiago,Madrid,International,mayo de 2024,2,"Contrate un tour con una agencia, donde compraron los pasajes en Iberia esta agencia se equivoco al escribir mi apellido en la reserva del pasaje, cosa que me enteré al hacer el cheque in de maletas, aunque este no fue un error directo de Iberia, las personas que estaban en el counter tuvieron una muy mala actitud para ayudar a resolver el problema, estábamos gestionando el cambio de los datos con el Call Center por lo cual varias veces consultamos si se había hecho en sistema, de muy mala forma respondían y con cara de disgusto, deberían capacitar mejor a las personas que atienden a los pasajeros ya que ellos son la cara visible de la compañía"
IBE_0886,Iberia,Desconocido,New York City,Madrid,International,junio de 2024,1,Basura completa de una aerolínea. Todo estaba mal. Perdimos un vuelo y no nos ayudaron. Comida poco personal y horrible. Me mantendría alejado de España si Iberia fuera tu única opción
IBE_0887,Iberia,Desconocido,Buenos Aires,Madrid,International,julio de 2023,1,"Después de tiempos de muchas y muy duras dificultades personales, con mi familia decidimos hacer un viaje a Europa, con mucho esfuerzo, para alegrarnos un poco. Llegó el esperado día y los nervios no faltaban, los aeropuertos son estresantes. Al llegar y despachar el equipaje en Ezeiza (Buenos Aires, Argentina) la persona que nos recibió, de nombre Micaela Morales, no quiso dejarnos pasar porque faltaba un número de nuestro vuelo de vuelta, que al día de hoy no se qué era (nos explicó todo de muy mala gana). Nosotros claramente teníamos los pasaje de vuelta, pero la aerolínea con la que volvíamo no nos había dado ese bendito número. Sin eso no quería dejarnos subir al avión y no nos ayudaba a solucionarlo. Nos trató de muy mala manera, realmente el destrato fue total y lo recuerdo con mucha bronca. No le importaba en lo absoluto que una familia se pierda un viaje tan importante y dificil de conseguir, todo por un bendito número (repito, los pasajes sí los teníamos, con asiento asignado y todo). El desinterés y destrato de esta persona, ante una familia llorándole en la cara, no lo olvido más. ""No es mi problema"" repetía una y otra vez con cara de desagrado. Finalmente fuimos a la mesa de ayuda de United y nos dieron el número famoso, logramos pasar minutos antes de que comience el embarque. El viaje fue soñado, pero creo que nunca podré olvidar el horrible momento que Micaela Morales nos hizo pasar. También aprovecho para mencionar que Iberia tuvo una demora de 12hs en el vuelo (notificada el día anterior a partir) por lo que perdimos un día de viaje"
IBE_0888,Iberia,Desconocido,Madrid,New York City,International,junio de 2024,1,"Vuelo retrasado. Mal servicio al cliente. Siempre es una combinación horrible. Debido a que Iberia cambió el operador del avión el día del vuelo, el servicio de atención al cliente en la puerta de embarque me dijo que no podían ayudarme a comprobar si había otros asientos disponibles, y que tendrían que preguntar cualquier cosa a las tripulaciones a bordo... Simplemente no querían hacer su trabajo."
IBE_0889,Iberia,Desconocido,Los Angeles,Barcelona,International,mayo de 2024,1,"Mi experiencia con Iberia ha sido absolutamente terrible. Vuelo cancelado - batalla para obtener reembolso. Reservé nuestras peleas reembolsables de LAX a BCN con 9 meses de anticipación. Exactamente 3 semanas antes de nuestro viaje, Iberia canceló nuestro vuelo y volvió a reservar con nosotros en un vuelo 2 días antes. Lamentablemente no pudimos salir del trabajo 2 días antes, así que nos quedamos para encontrar una opción diferente. Al estar tan cerca de nuestra hora de salida, nuestras opciones eran limitadas y mucho más caras. Llamé a Iberia y les hice saber que el nuevo vuelo no funcionaría para nosotros y solicité un reembolso. Me dijeron que el reembolso fue procesado y que vería el crédito en mi tarjeta dentro de 15 días. Cuando nos fuimos en nuestro viaje 21 días después, todavía no habíamos recibido el reembolso, pero no tuve tiempo de llamar y lidiar con ello hasta que llegamos a casa. En ese momento, el reembolso llegó un mes tarde. Me dijeron que el agente original de Iberia que procesó nuestro reembolso lo había hecho incorrectamente, pero el agente actual rectificaría eso y recibiríamos un reembolso dentro de 7 días. Hasta ahora no hemos recibido un reembolso y me estoy poniendo en contacto con mi compañía de tarjetas de crédito para ver qué recurso podemos tener a través de ellos."
IBE_0890,Iberia,Desconocido,Toulouse,Madrid,Europe,mayo de 2024,1,"Reservé asientos a 8€ cada uno, total 16€ con mucha antelación, Nos los cambiaron de juntos a separados sin aviso, habiéndolos pagado. A día de hoy, 8 de junio más de un mes después, con tres reclamaciones abiertas, múltiples llamadas, que es desesperante, sigo sin el reembolso, pero lo gracioso es que por dos veces me responden que me lo han reembolsado, y no a 8 euros que es lo que yo lo pagué ( Y les he adjuntado tres veces el justificante de pago ) sino a seis, porque ellos lo valen. Lo cierto es que 34 días después no he reces que no no me he recibido, ni los 12 que dicen que dicen ellos, ni los 16, que pague yo con justificante, no me lo estoy inventando. Nada de nada. Los de atención al cliente por teléfono es nefasto, no vale para nada, siempre lo escalan a un departamento superior, que después de más de un mes todavía no me ha reembolsado 16 €, Digo yo ¿no será más sencillo reembolsar 16 € de una compañía que está forrada, gracias a ingenuos como y, y todos tan contentos? Es que aparte de que es una porquería de Compañía tiene menos psicología… que hablamos de 16 € que son míos, reembólsalos de una vez y no tengas al cliente echando humo, que yo no quiero saber nada de Iberia z"
IBE_0891,Iberia,Desconocido,Lisbon,Madrid,Europe,julio de 2023,3,"Fue un vuelo bien no hay televisión o servicio, pero el vuelo estaba bien un vuelo corto. Definitivamente no tan bueno como otras aerolíneas. Prueba otras aerolíneas si puedes conseguirlo"
IBE_0892,Iberia,Desconocido,Los Angeles,Madrid,International,abril de 2024,5,La mejor aerolínea que he volado. Las azafatas eran muy agradable y servicial. La comida era muy buena. Los aviones estaban inmaculados. Recomendaría Iberia.
IBE_0893,Iberia,Desconocido,New York City,Madrid,International,mayo de 2024,1,"Son pésimos en todo ! La comida fatal, la atención pésima, la aplicación mejor no comentar, ojalá no tener que volver a viajar con ellos"
IBE_0894,Iberia,Desconocido,Madrid,Boston,International,abril de 2024,1,"He viajado por todo el mundo y en innumerables aerolíneas, incluyendo países del tercer mundo. Nunca he tenido una experiencia tan horrible e inhumana como con volar con esta aerolínea. Por favor evite a toda costa viajar por su cuenta y riesgo y por su salud mental. Soy un ávido amante de España, especialmente de su gente. Viajo allí al menos una vez al año. He tomado principalmente americano o británico. Por eso pasar por la pesadilla en la aerolínea madrileña todavía me deja cicatrices. La última vez que tomé Iberia fue algo así como un guion de película surrealista y a cámara lenta que es imposible de creer. Mis dos hijos menores y yo llegamos al aeropuerto de Madrid y nos metimos en una cola que se extendió hasta la eternidad. Al principio estaba en constante movimiento, ya que había 3 asistentes registrando a la gente. Al poco tiempo, un asistente se levantó y se fue, dejando a un asistente para atender a la primera y clase ejecutiva y al otro todo el resto. La línea comenzó a moverse significativamente más lento. Después de unos 30 minutos, el segundo asistente se levanta y se va, dejando a un asistente para registrar a unos 30 pasajeros más. En este punto nos movíamos a paso de caracol, y el tiempo de embarque comenzaba a acercarse cada minuto. Todavía había unas 15 personas frente a nosotros y la mayoría con niños y múltiples maletas para facturar. De repente, el último asistente se levanta, la agarra y comienza a alejarse. Todos estamos en shock, corriendo tras ella, explicándole que tenemos que abordar y todavía hay un tiempo estimado de 30 minutos para atravesar la seguridad y cambiar de terminal a través de un carril. Ella simplemente dice: ""Recibí una llamada, me necesitan en otro lugar. "" Luego se va, dejándonos varados, perdidos, asustados, ya que todos estamos a punto de perder nuestros vuelos. Afortunadamente un pasajero comenzó a correr frenéticamente alrededor del aeropuerto pidiendo ayuda. Un asistente al azar vino a ayudarnos con los boletos y el equipaje, pero todos tuvimos que correr para llegar a nuestros vuelos y apenas lo logramos. Cuando subimos al avión rompí a llorar. Este nivel de locura nunca debería ocurrir en una sociedad civilizada. Mis pobres hijas quedaron traumatizadas y sacudidas. Todavía es difícil de procesar, especialmente porque tuve un par de experiencias negativas con esta compañía, pero intenté no exagerar. Este tiempo es suficiente para que nunca vuelva a volar esta compañía. Prefiero pagar extra que lidiar con sus pesadillas. Son groseros, tienen CERO capacidad de servicio al cliente, como, ¿quién los entrena? Diablos? Fue demasiado impactante y traumático. Por favor, ten cuidado. No te acerques."
IBE_0895,Iberia,Desconocido,New York City,Barcelona,International,junio de 2024,1,La peor aerolínea que he volado. Compré un upgrade semanas antes de mi vuelo. Deciden cambiar el avión y luego no me dan asiento mejorado. Horrible atención al cliente en el aeropuerto y por teléfono. No recomendaría a mi peor enemigo.
IBE_0896,Iberia,Desconocido,Frankfurt,Madrid,Europe,junio de 2024,1,El personal idiota no me dejó abordar a pesar de que estaba dentro del tiempo de abordar... clase ejecutiva 0 / 10 nunca más La propia azafata que 10 minutos después SUBIÓ AL MISMO AVIÓN me dijo que era demasiado tarde
IBE_0897,Iberia,Desconocido,Rome,Madrid,Europe,junio de 2024,1,"Mi queja no es para la compañia en sí, si no por la mala gestion recibida por el personal del aeropuerto y que trabajaba para Iberia. El pasado 2 de Junio volabamos a Madrid desde Roma (vuelo IB3327) y por causas tecnicas el vuelo se cancelo. Desde ese momento (16:00 p.m.) y hasta las 22:00 p.m. no nos solucionaron la vuelta. Finalmente por que insistimos mucho nos dieron vuelo de vuelta en una cia italiana (puntual más que Iberia) y pudimos regresar a Madrid. Creo que Iberia es una empresa de pretigio (o así lo creo) y deberia tener personal propio en los aeropuertos donde trabaja. Para much gente fue muy dificil por el idioma, y en situaciones como esta deberian dar un soporte mucho mejor."
IBE_0898,Iberia,Desconocido,Lima,Madrid,International,junio de 2024,1,Mi vuelo fue cancelado por problemas en el aeropuerto. Iberia no mando ninguna información y cuando llame tampoco podía brindarme información
IBE_0899,Iberia,Desconocido,Zagreb,Madrid,Europe,junio de 2024,2,Compañía que parece que hace las cosas bien hasta que tienes un problema y actúa como las low cost. Para eso me voy en low-cost. Más barato y mismos servicios.
IBE_0900,Iberia,Desconocido,Montevideo,Madrid,International,abril de 2024,4,"El vuelo se desarrollo sin inconvenientes y llegamos a tiempo. Los asientos son normales , tenes acceso a películas o series para pasar el rato. En lo que se nota la diferencia con la otra compañía que realiza el mismo trayecto es en la llegada a la terminal T4 que es mucho mas cómoda y bonita que la T1 y en el aspecto gastronómico ya que ademas del almuerzo te proporcionan un bocadillo para cenar y desayuno, ademas de brindarte bebidas y snacks durante todo el vuelo. En el retorno que fue por la noche solamente brindan la cena y desayuno"
IBE_0901,Iberia,Desconocido,Madrid,Victoria,International,mayo de 2024,5,"Oscar, el jefe de cabina, vino y se me presentó personalmente. Su equipo fue excelente, con el servicio en esta salida de medianoche muy rápido, pero sin prisa. La cama es cómoda y la puerta de cierre significa que siempre duermo bien. Iberia hace el trabajo tan bien."
IBE_0902,Iberia,Desconocido,Oslo,Madrid,Europe,mayo de 2024,5,"Maravilloso servicio en este vuelo de la tarde. Gracias a los dos tripulantes de cabina que me cuidaron tan bien. La comida, como siempre en Iberia era imaginativa y sabrosa."
IBE_0903,Iberia,Desconocido,Split,Madrid,Europe,junio de 2024,2,"En el aerepuerto de Split en Croacia no hay personal de Iberia. Tuvimos problemas para pagar el viaje de nurstra mascota, llamamos a atencion del cliente y no nos dieron solucion. El personal croata del aeropuerto nos lo solucionó tras comprobar que el perro estaba en el travel. Iberia, una vez mas , nos volvio a fallar."
IBE_0904,Iberia,Desconocido,Madrid,Buenos Aires,International,mayo de 2024,1,"DE NO CREER,,,,,,,,,,,,,,,,,,,, Debido a un paro general en Argentina mi vuelo fue cancelado, por lo que tuve que cambiar mi reserva no sin dificultad y malos tratos Para colmo y por un error de la compañía bloquearon mi vuelo de regreso,por lo que estuve tres largos dias de infinitas llamadas(me cortaban, o no me daban una solucion) pude resolverr el problema Una verdadera verguenza,los operadores en algunos casos no tienen ni idea de lo que hacer y contestan cualquier cosa.LAMENTABLE"
IBE_0905,Iberia,Desconocido,Palma de Mallorca,London,Europe,mayo de 2024,1,"¡ATRACTIVO SERVICIO! Aerolínea absolutamente impactante. La peor experiencia. Primera reserva con Iberia. El vuelo es operado por British Airways pero la reserva se realiza a través de Iberia. Llegamos al aeropuerto de Heathrow el 22 de mayo para ir de vacaciones con dos niños pequeños. Había reservado vuelos directos sólo para descubrir que nos echaron del vuelo y no pudimos abordar el vuelo que pagamos! Iberia organizó otro vuelo para nosotros donde tuvimos que hacer transbordo en Bruselas durante 3 horas, lo que significó llegar 7 horas más tarde de lo previsto. Resultando en un viaje horrible con dos niños pequeños. Sin embargo, esto no es lo peor de la aerolínea... Un día antes de nuestro vuelo de vuelta que ya estaba reservado a través de Ibera, intentamos facturar online solo para descubrir que también nos han retirado de nuestros vuelos de vuelta e Iberia ni siquiera nos había informado de ello. Solo nos enteramos ya que no podíamos registrarnos en línea y por lo que llamó a la aerolínea para preguntar. ¡He viajado varias veces al año durante los últimos 20 años y nunca he experimentado una situación en la que me saquen de un vuelo por el que pagué miles de libras sin siquiera ser informado al respecto! Iberia ni siquiera pudo ayudarnos y nos recomendó reservar vuelos de vuelta a casa a través de una aerolínea diferente! ! Terminamos pagando otras 2000 libras para viajar de vuelta de Palma a Londres. De forma estándar, este billete solo costaría unos cientos de libras, pero como tuvimos que reservar menos de 24 horas antes del vuelo, terminamos pagando mucho dinero. Cuando solicitamos hablar con un gerente mientras tratábamos de resolver el problema con Iberia por teléfono, nos dijeron que volviéramos a llamar en 7 horas, ya que no hablamos español y, por lo tanto, tuvimos que esperar a que el gerente de habla inglesa comenzara su turno."
IBE_0906,Iberia,Desconocido,Barcelona,San Francisco,International,mayo de 2024,1,"Absolutamente NO utilice esta aerolínea. Mi marido y yo reservamos vuelos hace 6 meses en la economía premium. A última hora, cambiaron de avión sin avisar a los pasajeros, y echaron a mi marido de la prima y en espera. Dijeron que lo mejor que podían hacer era sentarlo en la parte trasera del avión y mantenerme al frente. NUNCA nos hablaron de este cambio. Incluso los había llamado 3 veces el día anterior ya que ya no mostraba nuestros asientos. Nos aseguraron que estábamos en los mismos asientos siempre. Otras personas en el vuelo fueron canceladas. Eso sí, es un 12. 5 horas de vuelo."
IBE_0907,Iberia,Desconocido,Los Angeles,Barcelona,International,abril de 2024,1,"Terrible aerolínea. Su producto de clase ejecutiva en su flota más reciente era bastante agradable, pero algunas de sus rutas son operadas por LEVEL Airlines, que tiene aviones que se están desmoronando. Toda mi familia fue rebajada de categoría en un vuelo de 12 horas y aunque nos prometieron un reembolso del 75 % en 7 días (según la legislación de la UE) , ha sido un mes con múltiples llamadas telefónicas y correos electrónicos, y nada. Su sitio web no funciona y su centro de llamadas es inútil. Nunca más volveré a volar esta aerolínea y advierto a otros que eviten a toda costa."
IBE_0908,Iberia,Desconocido,Barcelona,Miami,International,mayo de 2024,1,"Elija cualquier otra aerolínea. Iberia es lo peor y nunca más volveré a volar con esta aerolínea. Tenía un billete de clase ejecutiva y me echaron de vuelta a la economía porque necesitaban mi asiento para su tripulación. Me ofrecieron clase ejecutiva en otro vuelo, además de estancia pagada en hotel si salía de mi destino al día siguiente ya que no quería sentarme en la última fila de aviones. Cuando llegué a la recepción de Iberia, no querían ayudar y honrar la estancia en el hotel y el vuelo para el día siguiente que me habían prometido. Mi marido y yo nos quedamos atrapados en Barcelona y tuvimos que comprar otro vuelo."
IBE_0909,Iberia,Desconocido,Madrid,Canton of Geneva,Europe,mayo de 2024,1,"Iberia una compañía aérea terrible. Hemos reservado un vuelo de ida y vuelta en clase económica desde Ginebra a Madrid, por 2100 chf para 2 adultos y 1 niño, con 1 equipaje de bodega de 23 kg. Este precio es enorme para un vuelo directo de 1 , 5 horas. No solo no podíamos conseguir un vaso de agua gratis (dejar de lado un pequeño aperitivo) , un servicio de Iberia en Madrid era horrible: nuestro equipaje era unos 500 g más pesado en exhibición que 23 kg. Por lo general, todas las demás empresas aceptarían esta diferencia dentro de un margen de error (cuando medimos en casa su peso era de 23 kg) , pero aquí una señora con una expresión muy desagradable en la cara nos obligó a descargar el equipaje hasta que era de 23 kg. En ninguna compañía aérea ha ocurrido antes, incluso Easyjet es más flexible. ¡Aléjate de ellos si es posible!"
IBE_0910,Iberia,Desconocido,Mexico City,Madrid,International,mayo de 2024,3,Al abordar el 9 de mayo un vuelo a Madrid de casi 11 horas descubro al llegar a mi asiento que el cojín estaba sucio (manchado) lo que me causó una pésima impresión (ver fotos ).Cómo es posible que esto pase en un vuelo transatlántico de una aerolínea que uno piensa que es sería? A ver cómo me va en mi vuelo de regreso el día 28.
IBE_0911,Iberia,Desconocido,Madrid,Venice,Europe,mayo de 2024,1,"Pésima atención. Mal trato de el personal de cabina, además me hicieron despachar mi carry on diciéndome (de mala forma) que no había lugar para llevarla arriba cuando sobraba espacio. Además rompieron mi carry on nueva y tuvimos que esperar 40 minutos en la cinta de valijas por que se demoraron. No lo recomendaría para nada, me fui muy enojado."
IBE_0912,Iberia,Desconocido,Valenca,Barcelona,International,febrero de 2024,5,"Un buelo traquilo si colas ni espera que no es lo más habitual, fue muy placente el despegue como el aterrizaje. y un vuelo excelente. se nota que todos son profesionales."
IBE_0913,Iberia,Desconocido,Buenos Aires,Madrid,International,mayo de 2024,1,"Viajo mañana 26 /05/24 hora 21. 25 hs salida BUE, me preasignaron NRO asiento último sobre ventanilla el 48A, pedí cambio no me lo dieron dije que era persona 3ra edad , siempre viajo sien Pasajera frecuente ,sobre pasillo y cerca de los baños, dije que la app me trabó posibilidad de cambiar asiento y NRO, No reservo MAS con Uds pésima atención el call Center ni hablar todos centroamericanos que no entienden NADA demora en resolver pedidos y después piden q los califiques si son CERO."
IBE_0914,Iberia,Desconocido,Washington DC,Madrid,International,mayo de 2024,1,"Lo peor que he tenido. sin espacio para las piernas. sin espacio entre asientos. mala comida. azafatas antipáticas. peor conexión con autobús, esperando 15 minutos fuera en el sol. y llegamos tarde para conectar el próximo vuelo"
IBE_0915,Iberia,Desconocido,Barcelona,Buenos Aires,International,febrero de 2024,1,"Vuelo retrasado 20 horas, me dijeron que reservara mi propio hotel y me dieron un folleto diciendo que podía gastar y reclamar hasta 150 euros. Cuando intenté reclamar el dinero se negaron 3 veces diciendo que el retraso no era su culpa. Mi vuelo se retrasó 30 horas de camino a casa, logré tomar otro vuelo"
IBE_0916,Iberia,Desconocido,Los Angeles,Madrid,International,abril de 2024,1,"Vuelos baratos de LAX a MAD y viceversa. Me gustan los asientos de ventana. En el camino, estaba en el 22 A, junto a un amplio mamparo sin ventana. Tuve que reclinarme y girar mi cabeza 90 grados para ver. En el vuelo de regreso finalmente tuve una ventana, pero estaba sentado en una fila de 3 asientos con dos hombres de 300 libras que se desbordaron en mi espacio. Los asientos económicos son de tamaño infantil. Mido 1,80 y no hay posibilidad de consuelo. Horribles vuelos."
IBE_0917,Iberia,Desconocido,Barcelona,Santiago,International,mayo de 2024,4,"Personal muy amable. Destaco especialmente a David, joven español, que nos atendió de maravillas con nuestros pedidos El boleto fue comprado en LEVEL pero este vuelo fue operado por IBERIA"
IBE_0918,Iberia,Desconocido,Madrid,Montevideo,International,abril de 2024,1,"Deseo expresar mi profunda insatisfacción con el servicio al cliente recibido durante el incidente del pasado 29 de abril de 2024, en el que viajaba en el vuelo IB6011 de Madrid a Montevideo, con salida prevista a las 00:10 horas. El vuelo sufrió un retraso de 9 horas y 30 minutos debido a “causas técnicas”, lo cual es un hecho que lamento, pero comprendo que puede ocurrir por motivos de fuerza mayor. Sin embargo, lo que considero totalmente inaceptable es la absoluta falta de información y asistencia que la compañía ofreció a los pasajeros durante este largo periodo de espera. A mi llegada al aeropuerto de Madrid en un vuelo de la misma compañía, recibí un mensaje de Iberia informando del retraso, pero sin ofrecer ninguna información adicional sobre los motivos del mismo, las alternativas disponibles para los pasajeros o los pasos a seguir. Esta falta de comunicación inicial generó una gran incertidumbre y desinformación entre los viajeros. La situación se agravó aún más al llegar a la Terminal 4, donde no había personal de Iberia disponible para atender a los pasajeros afectados. Los mostradores de la compañía estaban vacíos y no había ningún tipo de indicación sobre dónde obtener información o qué hacer. Tras buscar información por mi cuenta, me dirigí al satélite desde donde debía salir el vuelo reprogramado. Una vez allí, me informaron en la sala VIP de Iberia que debía pasar el control de pasaportes para acceder a un mostrador de la compañía. Al llegar al mostrador, me indicaron que no podían ofrecerme ninguna información y que debía volver al hall principal para recibir instrucciones. Este periplo innecesario por el aeropuerto solo contribuyó a aumentar mi frustración y la de los demás pasajeros. Finalmente, en el hall principal, una persona de Iberia, visiblemente desbordada, nos informó que la compañía había contratado un autobús que llegaría en aproximadamente media hora, sin especificar la ubicación de la parada ni ofrecer ningún tipo de identificación del vehículo. Tuvimos que esperar en la puerta sin asistencia de ningún empleado de Iberia, expuestos a las inclemencias del tiempo y sin información precisa sobre la llegada del autobús. Esta situación caótica y desorganizada es completamente inaceptable para una aerolínea que se autoproclama como ""premium"". No abundaré tampoco en la desorganización a la llegada al hotel en que nos alojó Iberia, la ausencia de cena o desayuno caliente, o la no existencia de elementos de aseo personal en la habitación (hay que tener en cuenta que nuestro equipaje se quedaba en el aeropuerto). En definitiva, la experiencia vivida durante el retraso del vuelo IB6011 dista mucho de los estándares de servicio al cliente que se esperan de una compañía como Iberia. Considero que la falta de información, la desorganización y la absoluta despreocupación por el bienestar de los pasajeros son totalmente reprochables. Ya no espero ni una disculpa por parte de IBERIA, lo que me gustaría es este mensaje ayude a una revisión exhaustiva de sus protocolos de atención al cliente en situaciones de incidencias, porque desde luego es en esos casos donde una empresa demuestra si merece o no la pena tenerla en cuenta como una opción válida."
IBE_0919,Iberia,Desconocido,Athens,Madrid,Europe,mayo de 2024,1,"Viajo a Madrid en junio de 2024 por negocios y reservé vuelos para que mi esposa e hijos me encontraran allí después de que mi negocio terminara. Desafortunadamente eventos que no estaban en nuestra mano para controlar (cambios en el horario escolar) significaba que los niños no podían venir. Cuando intenté obtener un reembolso (incluso uno parcial) 25 días antes del vuelo, dijeron que no es reembolsable (ni siquiera parcialmente excepto por ~ 48 € de impuestos) y me preguntaron si quería cancelar de todos modos. ¿Para qué? Para que Iberia pueda volver a vender los 3 asientos que he pagado con ~ 900 €? ¿Qué tipo de compañía tiene una póliza que cobra 900 € por servicios que no se dan al cliente? Sobre todo teniendo en cuenta que quedan al menos 25 días para el vuelo y que el vuelo es en junio por lo que no tendrán ningún problema en volver a reservarlo."
IBE_0920,Iberia,Desconocido,Boston,Madrid,International,abril de 2024,1,"Cree todas las críticas horribles. Le quitarán el dinero sin intereses durante 3 meses y mientras tanto venderán los asientos mejorados por los que pagó $ 300 a otra persona después del hecho por un precio más alto (los agentes de boletos le dirán esto directamente, o la mentira de que ""cambiaron de avión"" como se lee en las otras reseñas. Te dirán que tu reembolso está ""en progreso"" durante semanas y semanas, pero mantienen tu dinero ya que son ladrón, como todas las demás reseñas. Estoy en el proceso de disputar los cargos con el banco y mañana llamo a nuestro abogado para ver cuáles son nuestras opciones. ¿Alguien conoce alguna demanda colectiva contra iberia por estas prácticas comerciales turbias? Imagino que debe haber algo empezando a juntarse dados los miles de informes de dinero robado de clientes sin recibo de bien comprado."
IBE_0921,Iberia,Desconocido,London,Miami,International,mayo de 2024,1,"Norwegian Cruise reservó un vuelo de ida y vuelta desde Londres a Miami a través de British Air, que contrató a Iberia, que emitió los billetes aéreos. Cancelaron mi vuelo menos de 5 horas antes del vuelo. Llamaron a Iberia para volver a reservar, no lo harían. Primero nos iban a volver a reservar a mí, mi esposa e hija en otro vuelo saliendo a la misma hora de Heathrow por 287 libras adicionales cada uno, luego cuando estábamos casi en Heathrow, dijo, no, no podían comunicarse con British Air para autorizar (era una reserva de BA) , así que tuvo que pagar $ 1 , 284 . 84 no reembolsables cada uno o estancia en Londres. Así que pagamos y nos reservaron en TAP aire. No puedo llegar a Iberia ahora. Su máquina de línea principal dice que llamen por whatsapp, pero no se conecta. British Air dice que es problema de Iberia. Norwegian Cruise dice que no es su problema, use el seguro de viaje."
IBE_0922,Iberia,Desconocido,Tenerife,Chicago,International,mayo de 2024,1,"Iberia era barata pero de alguna manera seguía agobiando. La pasta se quemó y por supuesto había pocas opciones saludables. La tripulación de cabina estaba bien. Perdieron mis maletas y casi cada vez que me comunicaba con el servicio al cliente solo encontraba otro problema. Su sitio web está defectuoso y a partir de esta mañana, también hay línea directa. No me aburriré con los detalles pero son dos días después de llegar y todavía no tengo mi bolso."
IBE_0923,Iberia,Desconocido,Venice,Madrid,Europe,mayo de 2024,1,"¡Esta fue la peor experiencia que hemos tenido volando! Las azafatas eran indiferentes y el servicio al cliente era más que horrible. Al aterrizar tuvimos una breve ventana de tiempo para llegar a nuestro vuelo de conexión. Entre la espera del monorraíl, la seguridad y el control de pasaportes perdimos la mayor parte del tiempo. Corrimos como el infierno y llegamos a la puerta con 10 minutos de sobra, boletos de embarque sellados y luego nos dijeron que las puertas estaban cerradas! Siguió el pánico y nos dijeron que fuéramos al servicio de atención al cliente en busca de ayuda. ¡El agente no pudo haber sido más grosero y despiadado! Dijo que estábamos por nuestra cuenta con la búsqueda de nuevos vuelos. ¡NUNCA volaremos esta aerolínea de nuevo!"
IBE_0924,Iberia,Desconocido,London,Havana,International,febrero de 2024,1,"Terrible aerolínea. Nos dieron la opción de pagar extra al reservar asientos para una mejora. Esto no sucedió y cuando pedimos un reembolso de la extra se nos dijo que no estaba disponible, ya que había sido nuestra elección pagar! ¿Eh? Esto después de muchas llamadas telefónicas en un intento de obtener algo de sentido. Era como hablar con un robot ""la computadora dice que no""."
IBE_0925,Iberia,Desconocido,New York City,Madrid,International,mayo de 2024,1,"Fue una experiencia escandalosa. El hecho de que su plan de asientos de larga distancia sería terrible, incluso si fuera una hora de vuelo doméstico, supera todas mis pésimas experiencias de vuelo anteriores. Mira, no soy una persona alta, ni soy ""grande"". Sin embargo, mis 6 pies y 172 libras fueron suficientes para no poder sentarme en una posición donde mis rodillas u otras partes del cuerpo no tocaran algunos de los plásticos duros de estilo 70 con los que estaba equipado todo el interior del avión. El comportamiento del personal era bastante descortés, y su servicio era prácticamente inexistente (aparte de servir la 'cena' y el 'desayuno', el personal no se veía por ninguna parte). La comida era nada menos que repugnante (sí, entiendo que las porciones son más pequeñas en estos días y el hambre es común durante los largos recorridos, pero a pesar de eso, no pude llevarme a terminar ni la 'pasta' que se parecía a un contenedor fallido - sesión de buceo más que la comida, o la margarina - sándwich de la mañana de pepino). Los inodoros se ensuciaron, con pedazos de papel higiénico por todas partes después de la primera hora, pero a nadie le importó devolverlos a un estado aceptable."
IBE_0926,Iberia,Desconocido,Madrid,Detroit,International,mayo de 2024,1,"¡La peor aerolínea de la historia cuando se trata de equipaje! Dejaron nuestro equipaje en Madrid, un grupo de 12 personas, luego tuvimos que rastrearlo una vez que llegó a Dallas 2 días después. ¡Una de las maletas destrozada! No hay entrega de equipaje tarde."
IBE_0927,Iberia,Desconocido,Madrid,La Coruna,Domestic,marzo de 2024,1,"En el trayecto Roma- A Coruña, vía Madrid, las cuatro maletas que llevábamos de cabina, nos las hicieron guardar en bodega porque no había sitio y luego no nos llegaron al destino hasta el día siguiente. Una de ellas toda estropeada, abollada, rayada. Era nueva, la estrenaba. Empecé con las reclamaciones, todo muy complicado. Envíé fotos, la factura de compra (390euros) ...Primero me ofrecían una maleta de las de ellos que no tenía nada que ver con la mía, luego 150 euros, y por último un presupuesto de reparación o justificante de irreparabilidad. Es increíble! Y mientras tanto, llevo más de un mes sin maleta, perdiendo mi tiempo y mi paciencia, por buscar la justicia de que me devuelvan lo que me han estropeado."
IBE_0928,Iberia,Desconocido,Madrid,New York City,International,mayo de 2024,5,¡La tripulación fue increíble! Cuidó de todos con paciencia y una sonrisa acogedora. La comida era muy buena y el momento era excelente! ¡Incluso tenían helado Magnum! Quiero mencionar a algunos de los miembros de la tripulación por su excepcional servicio: Maria Moore John Hilletas Lidia Bejines Susana Gomez de Salazar (Espero haber acertado con los nombres) ¡Gracias!
IBE_0929,Iberia,Desconocido,London,Lima,International,septiembre de 2023,1,"IB 3167 de Heathrow era 2. 5 horas tarde en Madid. Llegó a las 00: 20 el 15 / 9 / 23 y perdió nuestra conexión IB 6653 , que partió hacia Lima a las 00 : 10 . Iberia nos hospedó en un hotel del aeropuerto durante la noche y nos reservó en el IB 6659 que salió de Madrid a las 13 : 40 el 15 / 9 y llegó a Lima el 18 : 40 . Llegamos a Lima 13. 5 horas tarde y se perdió el primer día de nuestras vacaciones. Mi esposa y yo tenemos DERECHO a una indemnización de 520 libras esterlinas en virtud del Reglamento UE 261 / 2004 (con más de 4 horas de retraso en un vuelo de más de 3500 km ) , pero todo lo que Iberia quiere hacer es disculparse por nuestro retraso y no ofrecer NINGUNA COMPENSACIÓN. ¿Puedo hablar con Servicio al Cliente sobre nuestra reclamación? NO HAY POSIBILIDAD. Vuela con nosotros otra vez. NO HAY POSIBILIDAD. Mi consejo. AVOID IBERIA."
IBE_0930,Iberia,Desconocido,Madrid,Santo Domingo,International,mayo de 2024,1,"Me cobran 1026€ por un viaje a Santo Domingo de 20 días con una maleta de 10kilos y eso que lo reservo con tiempo y por su aplicación y quieren que pague 120€ por una maleta de 23 kilos, ladrones ultima vez que viajo con ellos, me hubiese salido más barato comprándole a una agencia"
IBE_0931,Iberia,Desconocido,Madrid,London,Europe,mayo de 2024,1,¡TERRIBLE! Volví del vuelo y mi maleta quedó maltrecha y dañada con marcas por todas partes. 😤 NO VOLAR AQUÍ A MENOS QUE QUIERA TENER UNA MALETA EN RUINAS
IBE_0932,Iberia,Desconocido,Madrid,Tenerife,Domestic,mayo de 2024,1,"Iberia no permite cancelar un billete comprado dentro de las primeras 24 horas. Cuando tratas de averiguarlo topas con una atención al cliente bastante robotizada, lo que complica mucho la gestión. Y de la app para móvil ni hablar. Resumiendo, pésima políticamente correcta atención al cliente."
IBE_0933,Iberia,Desconocido,Buenos Aires,Madrid,International,agosto de 2023,3,"Viajo todos los años a Madrid y Valencia desde el 2009 y debo decir que la calidad de la empresa viene decayendo muchísimo. Desde la compra del boleto, comodidad de asientos en sus tres clases, el servicio durante el vuelo, la comida, etc... En descenso."
IBE_0934,Iberia,Desconocido,New York City,Malaga,International,mayo de 2024,1,"He estado volando de ida y vuelta desde Nueva York a Málaga durante 5 años y más de cien vuelos con todas las diferentes aerolíneas que vuelan a Málaga, España. Vivo en Málaga España con mis gemelos de 11 años y llevo 2 semanas sin verlos. El servicio y el trato por parte de Iberian ha sido tan malo con sus errores y su app defectuosa debo deciros lo horribles que son. Ayer por la tarde llamé para conseguir mis asientos porque no funcionaría en la aplicación. Iberian dijo que mi vuelo no existía y les dije que lo compré hace más de un mes y está directamente en su aplicación. Después de 3 horas en el teléfono me dijeron que querían $ 5 , 350. 00 más para el vuelo. Ibérico no es más que pequeños ladrones y ladrones. Y realmente no les importa corregir sus propios errores. No podré ver a mis gemelos hasta dentro de 2 semanas. Iberian Airlines es una compañía despiadada e hiriente. He escuchado muchas otras historias de otras familias que han sufrido. Las pautas de tratamiento de pasajeros de la FAA son una broma para las aerolíneas ibéricas."
IBE_0935,Iberia,Desconocido,Madrid,Dublin,Europe,mayo de 2024,1,"La peor experiencia que he tenido con una aerolínea. Apareció 2 horas antes de la salida programada sin equipaje facturado. Fuimos redirigidos 4 veces a diferentes mostradores de ayuda porque nuestro vuelo terminó siendo a través de una aerolínea diferente, pero reservado a través de Iberia. No nos dieron el nombre de la aerolínea, solo que podríamos facturar y recoger tarjetas de embarque en el mostrador de facturación normal de Iberia. Absolutamente nadie sabía qué estaba pasando o a dónde enviarnos, y 30 minutos antes de la hora de salida de nuestros vuelos nos dijeron que no haríamos el vuelo y no nos dieron una tarjeta de embarque. Tuve que ir al mostrador de ayuda y me trataron como basura absoluta, nunca en mi vida me habían abordado con tanta condescendencia. Nos dijeron que lo único que podíamos hacer era llamar a un servicio de asistencia diferente, que de nuevo nos habló como si tuviéramos 3 años. Al final del día terminamos teniendo que pagar 700 euros extra entre los dos para un vuelo de ida. No volveré a usar esta aerolínea. De principio a fin fue una pesadilla absoluta. Ninguna compañía legítima permitiría que sus empleados trataran a los clientes que pagan de esta manera."
IBE_0936,Iberia,Desconocido,Lisbon,Madrid,Europe,mayo de 2024,1,"El personal de check-in no llegó hasta una hora y media antes de abordar, los sistemas estaban caídos, así que no pudimos obtener los boletos en línea. Traté de llamar a varias personas todos eran groseros y no serviciales y nos mentirían sobre ellos tratando de ayudar. El avión era asqueroso."
IBE_0937,Iberia,Desconocido,Buenos Aires,Vienna,International,mayo de 2024,1,"He comprado la opción más cara de Economy porque necesitaba un billete Flexible. Ahora, cuando estoy tratando de cambiar la fecha del vuelo, son 2500 euros, y ya he pagado 1500 por el billete. Puedo comprar un billete nuevo con turco por 1300 . Siempre compro billetes flexibles y siempre he pagado un máximo de 100 euros por un cambio con otras compañías, aunque lo haya cambiado 48 horas antes. Esto es ridículo."
IBE_0938,Iberia,Desconocido,Oviedo,Madrid,Domestic,mayo de 2024,1,"Salimos de Asturias en el vuelo IB0475 con retraso de 45 minutos sin que nos dieran explicaciones o disculpas. Llegamos a Madrid y en lugar de finger nos bajaron en autobuses que fueron a la T4S , la satélite !!!. Eso sin contar que nos bajaron las maletas de cabina a bodega y que después de llegar de la T4s, en la T4 esperamos casi media hora más por ellas. Resumen : un viaje de 1 hora se convirtió en uno de casi 3 horas. …… No se puede ser más ineficaz e incompetente!!."
IBE_0939,Iberia,Desconocido,New York City,Barcelona,International,julio de 2023,1,"Iberia obtiene un cero de mí en la atención al cliente! Compré un billete de ida y vuelta LEVEL de Nueva York a Barcelona y tuve que pagar mis asientos, lo que hice. Luego tuve que cambiar la fecha de uno de los vuelos y mis asientos fueron cancelados y convertidos en un bono de Iberia. No pensé que fuera gran cosa... podría usar el vale para los asientos en el nuevo vuelo e intenté reservarlo. Bueno, resulta que no puedo usar el vale para mi vuelo LEVEL ahora, lo que es ridículo, ya que compré asientos para un vuelo LEVEL. Al final, los ahorros que creía que tenía se habían ido gracias a esta condición de bono demencial. Esta es la última vez que vuelo LEVEL o IBERIA, su atención al cliente es la peor que he experimentado. Recomiendo a todos evitar tomar LEVEL e IBERIA!"
IBE_0940,Iberia,Desconocido,Vienna,Madrid,Europe,mayo de 2024,1,"Nos obligaron a facturar las maletas de cabina a pesar de tener el chekin realizado desde semanas anteriores. Se acogieron a que éramos del grupo 4 y todos los de este grupo tenían que facturar obligatoriamente (totalmente falso, ya que habíamos recibido un mensaje de Iberia indicando que era opcional) . Hacemos referencia al hecho de que es opcional y no deseamos facturar y hemos sido obligados, a pesar de tener la medicación dentro de esa maleta de cabina. Para rematar, cuando subimos al avión, nos damos cuenta que la persona que nos ha atendido nos ha mentido porque los del grupo 4 han subido con su maleta de cabina (además se lo vuelvo a decir a la chica que nos había obligado a ello y le digo que van los del grupo 4 con maleta, se nos pone nerviosa y nos dice que se las quitarán dentro del avión). Ni siquiera, se digna a disculparse Muy descontenta y enfadada de su atención"
IBE_0941,Iberia,Desconocido,Copenhagen,Madrid,Europe,abril de 2024,1,"Presenté una queja en su sitio web, pero fue un poco difícil encontrar el camino correcto, así que no estoy seguro de que vaya a pasar. La queja se refería al trato que recibí de la tripulación de cabina en el vuelo IB 3729 el 3 de abril de 2024. Mi asiento era de 9 C, había estado enferma antes del vuelo (no era relevante, pero para que entiendas lo ridícula que se comportaba la mujer) y me había dormido durante un tiempo. Cuando desperté estaba en la necesidad REAL del baño, ya que estaba en 9 C me fui a la parte delantera. La puerta estaba abierta, lo que significa que nadie la estaba usando, me acerco y esta persona de la tripulación de cabina se puso frente a mí diciéndome que el baño es solo para la clase ejecutiva. Le dije que nunca había escuchado algo así en este pequeño avión (llevo 33 años viajando...), además de que nadie lo estaba usando, así que ¿por qué no puedo? Ella solo se quedó allí diciendo que tengo que volver a los baños de clase económica, yo estaba en shock, yo estaba justo allí en frente de BAÑO COMPLETAMENTE VACÍO, la puerta estaba incluso medio abierta ella podía ver que no había nadie! Y le dije que me había despertado, que había estado enferma, por favor déjame usar el baño, es urgente. Usé la palabra urgente y ella se quedó ahí, siendo completamente grosera. He visitado TODA la web de Iberia, leído ""nuestros asientos"", ""términos y condiciones de la tarifa económica"", toda la pestaña ""Experiencia Iberia"" y NO SE INDICA EN NINGÚN SITIO QUE EL BAÑO DELANTERO ESTÉ DESTINADO SOLO PARA SER UTILIZADO POR LA CLASE ECONÓMICA EN VUELOS CORTOS. Casi me pongo los pantalones delante de ella, honestamente mi uso del baño habría tomado menos tiempo que toda la conversación que tuve con ella. Estoy asombrado de creer que Iberia entrena a su tripulación de cabina para ser personas tan descerebradas."
IBE_0942,Iberia,Desconocido,Madrid,Tenerife,Domestic,mayo de 2024,1,"A la hora del embarque la contestación ante una duda fue nula, ignorada y, a demás, siguió con lo suyo con prepotencia. Un trato que a mi parecer fue de mal gusto. Aclaro la puerta de embarque (HJK) y la hora (19:45) porque fue con la persona que se encarga de esa gestión."
IBE_0943,Iberia,Desconocido,Madrid,Boston,International,mayo de 2024,1,"Esta es la peor experiencia. Justo cuando viajé a la puerta. Me dijeron que fui seleccionado para una “inspección aleatoria”. Pregunté a los miembros de la tripulación qué es “inspección aleatoria”, no pudieron decirme cuál es la razón. Entonces estuve esperando durante mucho tiempo y la persona que debía realizar la inspección no parecía saber por qué estaba allí. Una vez después de la larga espera, me preguntaron si tenía líquido en mi mochila. Por supuesto, compré una botella de agua dentro después del control de seguridad. Entonces el inspector abrió mi bolso y miró superficialmente adentro. Yo era la única persona no blanca para este vuelo. Muy mala experiencia. No tomará esta aerolínea o aerolínea afiliada nunca."
IBE_0944,Iberia,Desconocido,Miami,Milan,International,mayo de 2024,1,"Iberia cometio el error de dejar una de mis maletas en la coneccion de Madrid a Milan. En Milan el equipo de Iberia me Pidio la informacion y el codigo de la maleta por disique temas de “aduana”. Sucede que cuando me entregan la maleta me roban mas de $6,000 en ropa y me dejaron la melta hecha un desastre. Yo fui a Milan de trabajo y toda esa ropa que me roban la iba a utilizar por lo que tuve que incurrir en gastoa extras. Iberia con todo y eso que fueron responsables de dejar mi maleta en la coneccion, y encargados de proveer toda mi informacion a aduana, no se quieren hacer responsables del robo! Cuando claramente paso por irresponsabilidad de Iberia. Tengo todos los documentos y las fotos de como me llego el equipaje! Es una falta de respeto."
IBE_0945,Iberia,Desconocido,Chicago,Madrid,International,abril de 2024,1,"Cree en TODAS las críticas. He estado volando durante 65 años y esta es, con mucho, la PEOR aerolínea que he volado! Aceptaron una transferencia desde Estados Unidos que nunca debió ser aceptada. ¿De verdad creen que pueden conseguir un traslado de equipaje con solo 35 minutos? Nuestro equipaje se extravió durante los primeros 5 días de nuestras vacaciones. Totalmente arruinado nuestro viaje. Esposa un caso de estrés masivo. Pasé múltiples llamadas con ellos por teléfono todos los días hasta que finalmente descubrieron cómo conseguir nuestro equipaje. También perdimos un vuelo de conexión mientras tratábamos con su servicio de atención al cliente en el aeropuerto de Madrid, así que tuvimos que volver a comprar ese vuelo. Ahora al vuelo en sí. Horrible avión. La tripulación fue grosera e irrespetuosa. Hicieron que fuera costumbre golpearme el codo intencionadamente cada vez que traían el carro. Incluso se les podía ver sonriendo al respecto. Los baños y el avión en general eran SUCIOS. El avión parecía que no había sido mantenido. Si hay alguna otra forma de llegar a España, me vendría bien otra persona. Yo personalmente nadaría en el océano para volver a España antes de que NUNCA abordara uno de sus aviones de nuevo!"
IBE_0946,Iberia,Desconocido,Santa Cruz de la Palma,Madrid,Domestic,mayo de 2024,1,"¡Nunca uses Iberia, NUNCA! Tuvimos que trasladar nuestra salida del 12 al 14. Hicimos 4 llamadas y obtuvimos 4 resultados diferentes. Nos ofrecieron una tarifa más alta para el cambio que la tarifa de Iberia en línea. Además, nos llevó un total de 3 horas juntos. Iberia tiene un SERVICIO MUY POBRE"
IBE_0947,Iberia,Desconocido,Dallas,Porto,International,abril de 2024,1,"Dejé DFW y mi maleta aparentemente no fue etiquetada y me quedé en DALLAS. Ahora, 30 días después y dos semanas completas después de mis vacaciones arruinadas, todavía no tengo mi maleta. No solo he llegado a Iberia a diario, sino que me dan la misma historia (estamos esperando noticias desde el aeropuerto) ¿eh? He pedido el reembolso de mi equipaje y gastos y no he recibido respuesta. Nunca volveré a volar con esta aerolínea, especialmente si no recibo un reembolso por mi estrés y esfuerzo. Incluso tenía AirTags en la maleta y nadie me escuchaba cuando decía que la maleta sigue en DFW. FURIOSO"
IBE_0948,Iberia,Desconocido,Alicante,Washington DC,International,mayo de 2024,1,"Iberia me cobro 2 vuelos por duplicado en Febrero, me han cobrado 1879€ de más. A día de hoy (10 de Abril) no he recibido el reembolso y aún me siguen pidiendo documentación para ver si es cierto. Es demasiado dinero para una familia. Espero no tengan mi misma suerte en caso de elegirles."
IBE_0949,Iberia,Desconocido,Miami,Madrid,International,marzo de 2024,1,"Compré 3 asientos más grandes, al llegar al aeropuerto me dijeron que cambiaron de avión y que tenía que ir en asientos regulares. La persona que me ayudó me dijo que el reembolso del dinero para los asientos grandes era un reembolso automático. . . MENTIRA, HICE MUCHAS AFIRMACIONES Y SOLO ME DEVOLVIERON UN ASIENTO Y NO LOS TRES COMOHABÍA PAGADO... TERRIBLE SERVICIO."
IBE_0950,Iberia,Desconocido,San Francisco,Madrid,International,abril de 2024,2,"La comida estaba bien. Limpieza bien. El sitio web se bloquea a menudo. Mi mayor problema fue literalmente estar clavado en un lugar durante horas por el asiento reclinado frente a mí. La parada sin parar de San Francisco a Madrid fue una forma de tortura y bastante dolorosa. Mi esposa es más baja y podría mover las piernas, así que si eres baja quizás no tendrás la misma experiencia. Mido dos metros. El registro estuvo bien. El sistema de entretenimiento parecía estar bien. El personal de Iberia también estaba bien. Me encantó todo en mi primer viaje a España, excepto mi viaje en asientos económicos en las aerolíneas Iberia."
IBE_0951,Iberia,Desconocido,Tel Aviv,Miami,International,abril de 2024,1,"peor compañía con la que volé, han perdido mi equipaje y no quieren hacerse responsables. . . allí el servicio al consumidor es ridículo y grosero. Evita volar con ellos, pueden arruinar fácilmente tu viaje."
IBE_0952,Iberia,Desconocido,Madrid,Athens,Europe,mayo de 2024,1,Durante un vuelo de 4 horas no nos dieron ni un solo vaso de agua. Esto no me ha pasado en ninguna empresa de este nivel.
IBE_0953,Iberia,Desconocido,Miami,Madrid,International,mayo de 2024,1,"ADVERTENCIA!!! No pagues ningún ascenso de puesto con esta gente, no te lo darán, y cuando te quejes te gritan. Supervisor fue descortés. Nunca gastaré un centavo con ellos."
IBE_0954,Iberia,Desconocido,Miami,Madrid,International,mayo de 2024,1,"Suelo sucio, comida horrible, asientos con descansos y pelo, almohadas sucias y usadas también con pelo! Dijeron que no había tiempo para limpiar! La misma respuesta que recibí la última vez hace 2 semanas cuando entré y el piso tenía basura y comida descansa... . ¡Lo siento, allí donde algunos niños juegan con la comida! ¡Por favor! ¡No eres una aerolínea low cost! Nunca volveré a usar Iberia"
IBE_0955,Iberia,Desconocido,Barcelona,Buenos Aires,International,mayo de 2024,1,Iberia es una de las peores aerolineas que he usado. El servicio abordo fue horrible y por encima de eso perdieron mi valija y ahora su costumer service esta siendo aun peor. 7 dias con mi valija extraviada y sin respuesta
IBE_0956,Iberia,Desconocido,Miami,Madrid,International,mayo de 2024,1,"Esta experiencia fue realmente una pesadilla, vuelo constantemente entre Miami y Madrid a través de muchas aerolíneas diferentes, sin embargo, nunca he estado tan disgustado con el servicio y el proceso de mis viajes. Desde el momento en que tuve que facturar mi equipaje los representantes fueron extremadamente cortos y fríos respondiendo preguntas simples como, “¿cuál es mi número de asiento?” cuando comenzó el embarque se convirtió en una verdadera pesadilla. De una multitud de personas que se vuelven extremadamente hostiles debido al cambio de alojamientos pagados previos, lo que debería ser inaceptable estar atrapado en nuestro avión 3 horas sin que se le diga lo que está sucediendo. Las azafatas no parecen querer trabajar, incluso diciéndole a los clientes enojados que no es su problema. No solo sufro de ansiedad y tiempo mis tiempos de vuelo con mucha precisión, entiendo los retrasos y lo que puede parecer, pero dejar a más de 400 pasajeros sin ninguna pista durante más de 3 horas es inaceptable. Personas mayores, personas con conexiones rápidas como yo, personas enfermas, es realmente increíble que tenga que escribir esta reseña considerando los precios del vuelo en el que estoy actualmente. Por favor piense dos veces antes de volar con esta aerolínea su dinero se gasta mejor en otro lugar. Toma de alguien que ha experimentado grandes aerolíneas en comparación con esta excusa de una aerolínea que solo contrata personal mediocre. Espero que suficientes críticas como la mía cambien sus maneras."
IBE_0957,Iberia,Desconocido,New York City,Madrid,International,abril de 2024,1,"Mi esposa y yo volamos recientemente de JFK a Madrid en Iberia. Teníamos dos maletas de cabina y dos maletas facturadas. Ninguna de las bolsas excedió las restricciones de peso o tamaño. Nos dijeron que podíamos registrar las maletas de cabina sin cargo. Entonces nos dijeron que tendría que pagar por mi maleta debido a un error en su sistema que no pudieron corregir en el aeropuerto. Me dijeron que tendría que llamar a Iberia y solicitar un reembolso. Mis múltiples llamadas a Iberia finalmente me llevaron a donde podía hacer una reclamación de reembolso en línea. Esa alegación fue denegada sin ninguna explicación, salvo para indicar que la acusación era correcta. El billete que compramos era de clase económica, lo que normalmente le da derecho a una maleta facturada en vuelos internacionales. Además, mi esposa tenía estatus de zafiro oneworld, lo que debería darle derecho a dos maletas facturadas. Iberia no ha respondido a mi petición de revisar más el asunto en más de una semana. Además, Iberia perdió la maleta de mano de mi esposa durante unos días y aún no nos ha reembolsado 40 dólares de ropa de reemplazo."
IBE_0958,Iberia,Desconocido,Tel Aviv,Miami,International,mayo de 2024,1,"Hola equipo de iberia, me alegro de conectar con ustedes, tengo tantas cosas que decir. He estado en tu vuelo de Miami a madrid, vuela 3980 en 1 mayo. Fue mi peor experiencia que he experimentado. Fue un retraso en este vuelo, 5 horas en este vuelo y no conseguimos nada, ni siquiera un vaso de agua. Espero que entiendas mi comprensión lectora por mi experiencia que he experimentado en tu vuelo. Me alegro, gracias por entenderlo."
IBE_0959,Iberia,Desconocido,Madrid,Guatemala City,International,mayo de 2024,2,"He viajado hoy y tuve que devolver la manta y cojín a la azafata porque estaba literalmente llena de pelos( cabellos) de mujer , es decir, de un vuelo anterior simplemente las doblaron y las precintaron cosa que me parece terrible teniendo en cuenta lo que pagamos por viajar en realidad no me gusta viajar por Iberia. Me tocó!"
IBE_0960,Iberia,Desconocido,Zurich,Santa Cruz de la Palma,Europe,mayo de 2024,1,"¡PEOR aerolínea! Su servicio al cliente es difícilmente accesible, no puedo comprobar si mis vuelos incluyen equipaje porque el billete electrónico no contiene ningún detalle."
IBE_0961,Iberia,Desconocido,Santo Domingo,Zurich,International,mayo de 2024,2,"El vuelo estaba bien, pero el servicio al cliente es cero! Reservé un vuelo por 1470 USD aprox. en ambos sentidos y solicité cambiar mi vuelo de regreso del 15 de mayo al 16 de mayo. Querían cobrar 150 Euros de comisión de cambio (eso es normal) y 550 Euros por el cambio de categoría (eso es ridículo). El precio de un billete nuevo de ida comienza en 368 euros. Si viajas en temporada baja, solo compra un viaje de última hora con la aerolínea más conveniente y ahorrarás dinero."
IBE_0962,Iberia,Desconocido,Los Angeles,Barcelona,International,abril de 2024,1,En el vuelo de los Angeles Barcelona con Escala en Madrid Iberia nos perdió el carro de mi bebe y la silla del coche. Nos pusieron una etiqueta y no nos dieron recibo. Ahora no nos quieren reembolsar la compra de un carro y silla nuevos. Una vergüenza sobre todo por que helos estado sin poder movernos con el bebe por 3 dias.
IBE_0963,Iberia,Desconocido,Madrid,Bogota,International,mayo de 2024,3,"Pagué por el asiento con espacio adicional, pero un asiento regular fue asignado a mí y a mi esposa. Envié una reclamación vía Email pero la única respuesta que obtuve fue : “disculpen las molestias”."
IBE_0964,Iberia,Desconocido,Marseille,Barcelona,Europe,abril de 2024,4,"El mostrador de facturación para Iberia en BCN era decente. El personal allí estaba haciendo tanto charlar entre sí como lo estaban haciendo en el trabajo, pero éramos 2o en la fila, así que aún así logramos relativamente rápido. La reserva y el equipaje parecía ir bien también, así que no tenemos quejas. Los volveríamos a utilizar en base a este viaje y experiencia."
IBE_0965,Iberia,Desconocido,Tangier,Madrid,International,marzo de 2024,1,"Te venden sobre la base de que se te permite llevar tu pequeño rollo - en la maleta y una pequeña bolsa en la cabina, pero en el avión lo prohíben, y te obligan a entregar tu maleta. El personal no estaba dispuesto a escuchar la razón (tuve un corto traslado de tiempo en Madrid). Epic fail = incumplimiento de los términos contractuales, pero estoy seguro de que era algo en la letra pequeña! Ni siquiera hay AGUA gratis en el avión."
IBE_0966,Iberia,Desconocido,San Francisco,Barcelona,International,abril de 2024,1,"Iberia realizó cambios en nuestros vuelos sin previo aviso. Una situación horrible. 30 de septiembre de 2023 , compró 2 billetes de Iberia SFO>BAR directo, MAD>SFO directo. 18 de marzo de 2024 , IB envió un correo electrónico, nos cambió a SFO>MAD>BAR, aceptamos. El 8 de abril, un día antes de salir, hice e-check-in y descubrí que nuestro vuelo fue cancelado sin previo aviso. Llamé y conseguí un vuelo diferente, el mismo día. 9 de abril , facturado en SFO, confirmó nuestro vuelo de regreso 23 de abril . 23 de abril, fue al aeropuerto MAD, nos dijeron que nuestro vuelo de regreso fue cancelado, de nuevo sin previo aviso. Tuve que hacer muchas llamadas para encontrar otro vuelo, MAD>DFW>SFO. Le dijeron que necesitaban 1. 5 horas para emitir boletos. ¡Qué ridículo! El avión se habría ido. Seguí molestándolos, conseguí las entradas en 15 minutos. El Reglamento UE 261 exige que nos compensen por el retraso. He presentado, pero no sé cuánto darán. La factura del teléfono podría ser alta, se presentará con el seguro."
IBE_0967,Iberia,Desconocido,Cleveland,Casablanca,International,marzo de 2024,1,"La peor experiencia del cliente. Perdieron mi bolso el día 1 de un viaje internacional de 17 días. Nunca lo recuperaron, y hicieron poco esfuerzo a pesar de las llamadas diarias mías. Y luego impugné mi reclamo de reembolso, diciéndome que los recibos no cumplían con sus criterios (que nunca proporcionaron mientras viajaba, a pesar de las repetidas solicitudes de mi parte). Su oferta inicial fue de solo 95 dólares (de un total de 1700 dólares). Tardaron 6 semanas en obtener un resultado insatisfactorio. Pusieron mucho más esfuerzo en negar mi reclamo que en encontrar mi bolso."
IBE_0968,Iberia,Desconocido,Oslo,Madrid,Europe,abril de 2024,1,"Es una pena cómo ha bajado la calidad de Iberia con el paso de los años. Esta opinión es una recopilación después de ya muchos años viajando con ellos (ya que no tengo muchas otras opciones para viajar directa Oslo-Madrid) La limpieza de los aviones es pésima entre un vuelo y otro ... Mas de una vez han estado los pasillos y asientos llenos de migas, las mesas manchadas de café.... Un desastre. El trato en mostradores en Oslo en alguna ocasión (con los azafatos de Iberia) obligandonos a facturar la maleta de mano o nos denegaban embarque (esto es ilegal!). Señores de Iberia, no vendan billetes con más maletas de mano de las que caben en el avión! Con el actual sistema de tarifas los que vamos con maleta de mano, lo pagamos! Lo peor son la calidad de los aviones. Los nuevos asientos ""slim"" están hechos para meter tantos pasajeros como posible en el avión, a costa de la incomodidad de los pasajeros: los asientos no son reclinables (la necesidad de ello en un vuelo de casi cuatro horas es cuestionable!), y el espacio para las piernas es mínimo! Los llamados ""asientos XL"" tienen lo que se llama un espacio normal del de toda la vida. Vaya estafa! En el último vuelo solo un aseo trasero funcionando. Espacio minímo, tan mínimo que una persona relativamenre ""grande"" apenas cabe... Y para colmo el dispensador de jabón vacío, y era el comienzo del vuelo... Basta ya de tratar a los pasajeros como ganado!"
IBE_0969,Iberia,Desconocido,Santander,Tenerife,Domestic,mayo de 2023,1,"Sin atención al cliente y si tienes que hacer un cambio, mejor compras otro billete a otra compañía. He tenido dos problemas graves con Iberia. En una ocasión pagué un vuelo con una tarjeta regalo comprada por mí, ellos anularon mis billetes por qué les salió de las narices y no me devolvieron el dinero. Contacté sobre 300 veces, no contestaron, lo llevé a consumidores, no contestaron, y les gané un juicio verbal para poder recuperar mi pasta. Os lo recomiendo, no os quedéis parados, se puede montar un juicio sin abogado, ni procurador, siempre que la reclamación no supere 2.400€ En otra ocasión perdí un vuelo de cuatro pasajeros por equivocarme e ir a Tenerife sur, cuando salíamos de Tenerife Norte. Les llamé para cambiarlo a otro horario y me salió más barato coger unos nuevos billetes con Aireuropa. Suelo evitarles, tengo que necesitarles mucho para volver a comprarles algo."
IBE_0970,Iberia,Desconocido,Rome,Madrid,Europe,abril de 2024,1,"Supongo que es estándar para las aerolíneas, pero son innecesariamente groseras. La señora del check in te habla como si estuviera ahuyentando a un vendedor ambulante. Vuelo desde Roma T 1."
IBE_0971,Iberia,Desconocido,Boston,Barcelona,International,abril de 2024,2,"Pensé que teníamos un trato en clase ejecutiva, pero sólo recibimos plus de economía. La clase ejecutiva de Iberia no es lo que esperábamos. El avión estaba limpio y seguro. No es lo que esperaba."
IBE_0972,Iberia,Desconocido,Washington DC,Madrid,International,abril de 2024,1,"¡Malos, malos, malos! ¡El vuelo fue terrible! Los asientos eran tan incómodos y el vuelo de vuelta a casa era cada vez peor! ¡Uno de los 2 baños fue cerrado todo el vuelo! ¡Increíble! ¡Hizo el viaje miserable para 100 o más pasajeros!"
IBE_0973,Iberia,Desconocido,Chicago,Madrid,International,abril de 2024,1,La tripulación de cabina hablaba muy poco inglés y parecía enfadada. Se topó con asientos y rodillas de gente con el carrito de comida y continuó como si nada hubiera pasado. Colocamos a toda una familia con dos hijos (que tiene miedo de volar) en asientos completamente diferentes. La comida era terrible. Lo único bueno fue cuando salimos del avión.
IBE_0974,Iberia,Desconocido,Venice,Madrid,Europe,abril de 2024,2,"1 . El servicio en los negocios estaba bien. Sin embargo, las azafatas pensaron que era un juego encontrarte en el camino a través del pasillo. Durante el servicio de comidas, el asistente masculino no vertía OJ sobre el carro, sino sobre mi brazo y me lo caía por todo el cuerpo... cuando me di cuenta, me dio una servilleta y eso es todo. Cuando estaba durmiendo, me despertaba 3 veces mi FA femenina que aparentemente pensaba que estaba probando para la NFL porque eran golpes decentes. 2 . Mientras esperaba mi avión, estaba hablando con una pareja que cancelamos de su vuelo original porque reservaron con expedia y el ""número de reserva no parecía correcto. "" Esta es una estafa popular con la que te encuentras en toda Europa, por desgracia, así que les pregunté cuánto pagaron por sus nuevos billetes. . y sí, como la estafa continuó, pagaron 1500 euros por los nuevos billetes. . que eran 274 eurp en la web de Iberia. Si tienes que viajar a Iberia, vuelve a evaluar las opciones de tu vida, pero si vas a ir de todos modos, asegúrate de reservar con ellos directamente o validar tu reserva en su sitio web, elegir asientos en su sitio web, etc. Y no caigas en ninguna respuesta de BS que te den sobre reservar fuera de ellos directamente. . tienen un contrato con estas agencias de reservas para vender en su mercado; si hay un problema, no es solo su culpa, sino algo que NECESITAN SOLUCIONAR con la agencia, no tienes la culpa por usar su mercado para el que contratan"
IBE_0975,Iberia,Desconocido,Madrid,Guadalajara,International,abril de 2024,1,"4 días antes del vuelo me comunican un cambio en la conexión, imposible de hacer por tiempos porque tenía según yo que pasar aduana a Ciudad de México, hablo al número para cambiar mi reservación y me dijeron que no era posible y de estar tranquilo porque mi maleta iba hasta el destino de Guadalajara…sorpresa tuve que pasar por aduana como pensaba yo y perdí la conexión, con el horario de la reserva que había hecho alcanzaba tranquilamente, cambian las cartas en el juego y no te dan opciones, pésimos"
IBE_0976,Iberia,Desconocido,Santiago,Tangier,International,abril de 2024,2,"Mi maleta con destino final Tanger , no llego… estuve 12 dias en viaje . Solicité enviar a Marrakech , nunca contestaron. En el seguimiento decía que la maleta estaba ubicada… ahora de regreso a Chile …"
IBE_0977,Iberia,Desconocido,Los Angeles,Barcelona,International,abril de 2024,1,"La peor aerolínea del planeta. Mi luggahe no llegó al destino que era un vuelo directo de todos modos. Me quedé en el aeropuerto durante 2 horas y luego me dijeron que me fuera a casa y fuera a la página web para iniciar un PIR que es básicamente un reclamo. Cuando fui al hotel y en el sitio web, entonces no hay dónde conseguir el PIR #. Así que llamamos varias veces a la aerolínea y después de hablar con 3 personas diferentes nos dijeron que tenemos que volver al aeropuerto de Barcelona y hablar con ellos allí. Dijeron que deberías obtener el PIR# en el aeropuerto, pero originalmente el aeropuerto dijo que fueras a casa y lo hicieras en el sitio web. Así que ahora no tenemos nuestro equipaje, y estamos a 3 horas del aeropuerto de Barcelona. Por favor, hazte un favor y aléjate de las aerolíneas de IBERIA LEVEL. POR FAVOR"
IBE_0978,Iberia,Desconocido,Madrid,Washington DC,International,abril de 2024,1,"¡PEOR SERVICIO AL CLIENTE! ¡Si hubiera evitado esta aerolínea a toda costa, le sugeriría que lo hiciera! Mi esposo y yo tenemos un viaje planeado en julio y compré el pasaje aéreo y cuando voy a la página web a comprar asientos mágicamente no funciona. Los llamo apenas puedo entender a alguien con quien hablo y siguen diciéndome que lo compruebe el mes que viene. . . . . . ummmm ¿QUÉ! ! ! ! ! ! ! Luego, cuando intento usar la función de chat se desconecta y literalmente no puedo conseguir que nadie me ayude. La única persona con la que hablé me dijo que me ocupara del tema de los asientos cuando vayamos al aeropuerto... No soy estúpido, trabajo para un aeropuerto y 9 de cada 10 veces eso significa que sobrevendido el avión y están rezando no todos aparecen. Voy a tener que cancelar mi vuelo y reservar con otra persona porque esta aerolínea es una completa broma!"
IBE_0979,Iberia,Desconocido,San Jose,Madrid,International,abril de 2024,1,"La peor aerolínea de la historia. El avión estaba sucio, especialmente los baños. La comida era asquerosa personal bastante grosero. Muy decepcionado teniendo en cuenta que propiedad de British Airways que cuentan hacen lo suficiente por nosotros en la salida"
IBE_0980,Iberia,Desconocido,Los Angeles,Barcelona,International,mayo de 2023,1,La peor aerolínea de la historia con la mejor calificación en peor atención al cliente. Evita reservar con esta Aerolínea. Su sitio web apesta.
IBE_0981,Iberia,Desconocido,San Jose,Madrid,International,abril de 2024,1,"El personal fue grosero, uno de ellos me empujó fuera del camino cuando estaba esperando el baño. Parecía que éramos un inconveniente para ellos. La comida era vil, me intoxicé después de comer algo. En un vuelo de 11 horas solo nos ofrecieron agua dos veces. Asientos muy incómodos y diminutos. No vayas en esta aerolínea y si no tienes opción definitivamente no comas la comida."
IBE_0982,Iberia,Desconocido,Milan,Madrid,Europe,abril de 2024,1,"El peor servicio, la tripulación del aeropuerto fue súper grosera, terrible experiencia! La mujer que estaba haciendo el abordaje, era súper grosera y 0 comprensible. ¡No volveré a volar con Iberia nunca más!"
IBE_0983,Iberia,Desconocido,Lanzarote,Jerez De La Frontera,Domestic,marzo de 2024,1,"El vuelto estaba lleno y cerraron el check in antes de tiempo, a pesar de llegar en hora no se nos permitió facturar y al llamar a Iberia nos dijeron que teníamos que quedarnos mínimo 3 noches en Lanzarote a nuestro cargo hasta que hubiera un hueco en otro vuelo. Sigo esperando a que me devuelvan mi dinero."
IBE_0984,Iberia,Desconocido,Miami,Madrid,International,marzo de 2024,1,Por segunda vez compré asientos con espacio extra y cuando llegué cambiaron el avión. Nos sientan en asientos regulares y cuando me quejo después de muchas llamadas y quejas en su página me devuelven solo una parte del dinero.
IBE_0985,Iberia,Desconocido,Madrid,Boston,International,abril de 2024,1,"¿Qué puedo decir - había escuchado las advertencias sobre el ibérico, pero reservamos de todos modos. 2 maletas perdidas en nuestro vuelo de llegada a Barcelona (tardamos 2 días en conseguirlas finalmente - y su ventana de entrega era de 8 am a 4 pm, así que... disfruta de ese día de vacaciones). A la vuelta, a pesar de haber reservado asientos en clase Business y luego haber pagado también para reservar asientos en clase Business... nos dijeron que habían sobrevendido la clase Business, por lo que fueron rebajados a clase económica. Oye, llegamos a casa, así que todo está bien en el gran esquema de las cosas, pero sin disculpas, sin servicio al cliente, sin explicación... ¿y por qué estás reservando en clase ejecutiva? De todas formas - nos lo pasamos muy bien en España, a pesar de que Iberia hizo todo lo posible para arruinarlo."
IBE_0986,Iberia,Desconocido,Oviedo,Tenerife,Domestic,abril de 2024,1,"Dos maletas perdidas en 2 vuelos, en menos de 1 mes. Vuelos con escala en Madrid. Excusas varopintas. No recomiendo que vuelen a Canarias con escalas. Sobran aerolineas con vuelos directos."
IBE_0987,Iberia,Desconocido,Madrid,Boston,International,abril de 2024,1,"Anuncio: ¡Atención, no use Iberia! Tienen un mal servicio al cliente. ¡Son una empresa estafadora! Retrasaron mi vuelo y me hicieron perder un vuelo de conexión. Se negaron a reembolsarme por mi vuelo perdido y no me reembolsaron por tener que alojarme en un hotel porque estaba varado en el aeropuerto. Cuando llamé al servicio de asistencia de Iberia, el representante me colgó en la cara. ¡Nunca vueles con Iberia! Iberia Airlines ¡¡Te estoy poniendo a prueba por tu pobre servicio al cliente!! ¡Nunca cuelgues en la cara de un cliente! ¡Usa Delta Airlines porque son las mejores!"
IBE_0988,Iberia,Desconocido,Rio de Janeiro,Madrid,International,abril de 2024,1,"Recientemente volé de Río a Madrid, check - in fue sin problemas, el personal de la puerta era eficiente. Ahí fue cuando se fue cuesta abajo. Subió a la aeronave y el personal estaba ocupado charlando consigo mismo, ignorando a los pasajeros. La gente estaba en el lado equivocado del avión al abordar y tuvieron que retroceder causando caos. El personal sigue charlando consigo mismo. Los peores asientos que he experimentado, tengo que moverme y cambiar las mejillas del trasero para que puedas sentirlo de nuevo, esto significaba que dormir estaba fuera. Estaba sentado en una fila media y esperaba que una azafata viniera con agua o jugo cada hora, como la mayoría de los otros vuelos de larga distancia de la aerolínea, pero no. Me levanté y caminé hasta el final del avión (yo era el asiento 23 G) donde encontré a la azafata mirando Top Gun en su tableta. Estaba muy molesta por el hecho de que le pidiera agua. Sólo quería lanzárselo. Espera pagar por máscara y tapones para los oídos también, $ 7. Como aspecto positivo, la comida era razonable y el entretenimiento a bordo era vasto y variado. Trae tus propios auriculares con cable, siempre que sean como dos latas conectadas con un trozo de cuerda. Me encuentro cuestionando si quiero seguir afiliado a BA ahora, odiaría encontrarme código - compartiendo con Iberia de nuevo."
IBE_0989,Iberia,Desconocido,Brussels,Santiago de Compostela,Europe,marzo de 2024,5,"Muy buena compañía, reol buen servicio y puntual. Lamentablemente no hay vuelo directo de Bruselas a Santiago, así que hay una escala en Madrid. El vuelo directo sería mucho mejor, por supuesto, pero el traslado en Madrid fue sin ningún problema"
IBE_0990,Iberia,Desconocido,Madrid,Lima,International,marzo de 2024,4,"La tripulación era amable y servicial; el asiento de clase Business era cómodo, aunque un poco sucio y podría haber sido limpiado mejor. IFE era bueno con una gran selección de películas, música y entretenimiento. La comida y la bebida eran razonables, no el mejor de la clase, sin embargo, adecuado. En general. un vuelo cómodo con una tripulación amable que salió tarde pero llegó antes de tiempo. La gente de equipaje de Iberia no me ayudó con mis maletas retrasadas, siguieron pateándolas a BA. ¡Eran inútiles!"
IBE_0991,Iberia,Desconocido,Lisbon,San Francisco,International,abril de 2024,1,"El peor vuelo de mi vida. Registro mal ejecutado - en, asientos incómodos, asistencia de vuelo grosero, asientos que se reclinan demasiado lejos poniendo a la señora delante de mí en mi regazo, no hay suficiente comida o bebida para 14 horas de vuelo, baño sucio desde la primera vez que abordamos el avión, muy lento para subir y bajar a la gente del avión. No volvería a volarlos aunque el billete fuera gratis"
IBE_0992,Iberia,Desconocido,Bologna,Jerez De La Frontera,Europe,abril de 2024,1,"Mi vuelo original era de Bolonia a Jerez, con escala en Madrid. Pero el primer vuelo fue cancelado, lo que significa que había perdido mi segundo vuelo. Al principio, el operador italiano de Iberia con el que estaba conectado dijo que no podía hacer nada, así que debería haber hablado con los operadores del aeropuerto de Bolonia. ¿Pero adivina qué? Contactando con el operador español de Iberia descubrí que había algo que se podía hacer. Sin embargo, en lugar de ayudarme, la operadora trató de obligarme a subir a 3 vuelos - 2 escalas, la segunda de las cuales debería haber sido una noche entera sin un hotel en el aeropuerto de Madrid. Ni siquiera intentaron preguntarme si estaba de acuerdo con eso, intentaron engañarme haciéndome creer que ""estaba de acuerdo con los cambios"". Esto es inaceptable. Esta no es una compañía honesta. Entiendo que había otras personas en mi misma situación, aún así, esto no es excusable. Y finalmente cambié mi aeropuerto de salida a Milano Malpensa porque no había otros vuelos desde Bolonia, pero Iberia ni siquiera aceptó pagar mi hotel, que encontré por mi cuenta en cualquier caso, así que enhorabuena por llevar a cabo su maldito trabajo. Ah, sí, buscaron y pagaron el hotel de las personas que iban en el mismo vuelo y habían tenido la fortuna de fundar otros vuelos desde Bolonia al día siguiente."
IBE_0993,Iberia,Desconocido,Granada,Madrid,Domestic,abril de 2024,1,"Maletas perdidas, vuelo terrible, tripulación molesta. Esperé en fila durante horas para conseguir bolsas. Esto fue debido a la gran cantidad de gente en la fila."
IBE_0994,Iberia,Desconocido,San Francisco,Barcelona,International,abril de 2024,1,¡Una de las peores aerolíneas! El vuelo se retrasó 7 horas y no recibió ninguna notificación por teléfono o correo electrónico. No aprendí hasta que intenté registrar mis maletas. Le dieron patatas fritas y agua de cortesía. Todos estaban furiosos. Llamé para preguntar y ver por qué se retrasó y la respuesta fue “no soy capaz de revelar”. La gente del mostrador de registro tampoco sabía qué decirnos.
IBE_0995,Iberia,Desconocido,Madrid,Santiago,International,abril de 2024,3,"Es penoso ver como baja la clase en esta compañía, menos mal que los asientos no los pueden cambiar a peor. La comida es escasa, sin productos de los que ofertan a la mitad del pasaje y con un sistema ilógico en vuelos nocturnos sin el deayuno tipico al levantarse y dan algo parecido una hora antes de aterrizar en nuestro caso en el retorno a las 16 horas"
IBE_0996,Iberia,Desconocido,Zurich,Madrid,Europe,marzo de 2024,5,"Increíble atención por parte de la tripulación de cabina, muy educado, amable. Suelo viajar mucho y este es uno de los vuelos que uno disfruta y se enorgullece de ser cliente de Iberia gracias al servicio que presta la tripulación de cabina. Muy agradecido por su arduo trabajo."
IBE_0997,Iberia,Desconocido,Madrid,Santiago,International,abril de 2024,2,"Asientos incómodos, personal antipático, sin comida suficiente en un vuelo de 12 h y sin opciones. El aire era extremadamente frío, los inodoros muy sucios. El único aspecto positivo fue que el vuelo llegó a tiempo. El entretenimiento estaba bien. El billete de avión era muy caro para lo que conseguimos."
IBE_0998,Iberia,Desconocido,Boston,Barcelona,International,abril de 2024,1,"¡No lo hagas, no lo hagas! Reservé vuelos para mí y mi hijo 6 MESES ANTES de ir de Boston España e Irlanda! 3 semanas antes de los vuelos que me reprograman me tiraron LEVEL porque LEVEL apESTA! llegué al aeropuerto Y NUNCA CONFIRMARON NUESTROS VUELOS! ! NO RESERVAR NO RESERVAR"
IBE_0999,Iberia,Desconocido,Madrid,Zagreb,Europe,abril de 2024,1,"Le escribo para expresar mi profunda decepción y frustración con respecto a la experiencia que tuve al intentar reservar un vuelo. Experimenté aumentos repentinos de precio durante la personalización de mi itinerario de vuelo. Tales prácticas son altamente poco profesionales e inaceptables en el ámbito del servicio al cliente. Como cliente, espero transparencia y consistencia durante todo el proceso de reserva. Sin embargo, los cambios repentinos en los precios no solo interrumpen la experiencia de reserva, sino que también erosionan la confianza en su marca. Los clientes no deberían tener que soportar tales inconvenientes al intentar reservar un vuelo con su aerolínea."
IBE_1000,Iberia,Desconocido,Sao Paulo,Madrid,International,junio de 2023,3,"En cuanto a viajar con Iberia, nuestras experiencias fueron muy desparejas... cuando volamos en aviones modernos (A330) fue muy buena pero cuando lo hicimos con los más antiguos de su flota (A340) tuvimos problemas con los asientos y se notaba el uso de los elementos de la cabina en general."
IBE_1001,Iberia,Desconocido,Amsterdam,Cairo,International,marzo de 2024,1,Traté de reservar boleto para mí en línea y el dinero fue retirada dos veces de mi cuenta bancaria. Pero el vuelo no fue confirmado. Llamé a su horrible servicio al cliente más de 10 veces. Cada vez que fingían que revisaban mi queja y decían que el dinero regresaría a tu cuenta dentro de 3 días pero no pasó nada. Eso pasó hace casi 0 meses y me robó el dinero. Intenté revisar sus oficinas en Holanda pero no tienen ninguna oficina de la ciudad o en el aeropuerto. Si alguien puede ayudarme a devolver el dinero de vuelta. Sari. abdelhai@gmail.com
IBE_1002,Iberia,Desconocido,Sao Paulo,Madrid,International,marzo de 2024,1,Horrible atención al cliente. Viajé solo con un niño de 2 años. Se enojaron porque estaba caminando en la isla. Entonces se enojaron porque lloraba porque tenía que sentarse en el asiento. ¡No es nada amigable! No recomiendo volar con niños con esta aerolínea. He volado muchas veces con mi hijo y nunca tuve esta horrible experiencia.
IBE_1003,Iberia,Desconocido,Tangier,Madrid,International,abril de 2024,1,"Mi amigo y yo viajamos a Marruecos con Iberia desde Madrid. Cuando compramos el boleto, compramos el paquete ""Óptimo"" para ambos lados. Pero en nuestro billete recibido, se imprimió que el billete de vuelta no contenía ningún cheque - en el equipaje. Pedimos soporte de Iberia en internet, nos respondieron que nuestro paquete SÍ contenía el equipaje. En su sitio web oficial, establece claramente que el paquete ""Óptimo"" debe incluir el check-in en el equipaje. Mientras nos registramos en el aeropuerto de Tánger, el personal dijo que nuestro billete no incluía el check-in - en el equipaje, y nos pidió que solo equipaje adicional. Ya que hay mostrador Iberia en el sitio, entonces lo compramos para que pudiéramos a bordo. Cuando regresamos a Madrid, encontramos el mostrador de Iberia y pedimos un soporte para nuestro paquete. Imprimió el detalle del boleto y muestra que COMPRAMOS el paquete ""ÓPTIMO"", que debe incluir el check - en el equipaje. Nos pidió que pusiéramos un problema en su sitio web. Después de regresar a mi ciudad natal, presento un problema y el sitio web dice que mi número de referencia es ""indefinido"". Después de 2 días después, el soporte me respondió que debía registrar el equipaje antes de comprar el boleto."
IBE_1004,Iberia,Desconocido,Madrid,Mexico City,International,marzo de 2024,1,"Mi hijo vive en Valencia desde hace 16 años; ha formado una familia y cuenta con la ciudadanía española. Cada año viajo a Madrid, España, desde la Ciudad de México durante los meses de febrero y marzo en que lo visito. Cuento con la tarjeta de Iberia Plus Clásica # 110096500. Durante esta temporada también hago viajes locales a las ciudades de Europa. Tengo 61 años, soy una profesionista en retiro, tengo una cultura sólida que enriquezco más con cada viaje, mi entorno social reconoce mi educación de trato. ¿Pueden considerarme un viajero frecuente? ¿Un cliente valioso al que deberían conservar? Yo, creo que sí. En esta convicción es que me permito escribir esta queja porque nunca en mi vida me sentí tan humillada e impotente. Una de sus empleadas del personal de embarque, el día 27 de marzo del presente año en el aeropuerto de Barajas Terminal T4S en la puerta de embarque 8, abusó de su autoridad, me dio un trato imperdonable con frases ofensivas y me hizo pasar momentos amargos al detener mi paso al avión de manera injustificada. Aún si hubiera tenido la razón (que no fue así) su conducta no es la esperada al representar una línea de su prestigio que invirtió mucho dinero y capacitación de su personal para recuperar la confianza de sus clientes. Y ustedes saben a qué me refiero. SU NOMBRE ES MÓNICA LÓPEZ. La veracidad de lo que afirmo más adelante puede ser corroborado por las grabaciones que se hacen en todos los aeropuertos. Así lo espero. Detallo brevemente los hechos que fundamentan mi reclamación: • A las 14: 30 horas, aproximadamente, del día referido, llegamos mi esposo y yo a documentar las 4 maletas que llevamos. Muy amable la señorita del mostrador nos atendió y nos entregó los pases de abordar. (Eso creímos). • Durante mi proceso de embarque para el vuelo IB 6409 con destino a México (27/03/24), a las 23:55 horas, al entregar mi pasaporte y pase de abordar emitido por el mostrador de Iberia, la Sra. Mónica López me detuvo diciendo que eso no era un boleto, me empujó y me hizo a un lado con gritos sin permitirme hablar. • En este intervalo de tiempo, desde su posición, emitió frases ofensivas como: “¡Esto no es un boleto!, ¡Hágase a un lado!, (con estas palabras acompañó un empujón sobre mí.); ¿A quién se le ocurre viajar sin documentos?; El pase de abordar no es un boleto; Tengo 20 años en boletaje y no tengo porque ayudarle; (ese no es mi trabajo). Así somos en España (en un tono racista) ¿Qué llegó nadando a España?; No pagó su boleto; su alternativa es que compre un boleto; Por otro lado, amenazó a mi esposo con que tenía que subirse al avión cuando él, se puso a un lado de mí. Incluso le dijo: “Si usted se va a quedar hágase a un lado, no estorbe.” Ante su alboroto y gritos su compañera en el monitor le pedía que dejara de gritar y volteaba hacia mí para decirme que ella me iba a ayudar. Los otros pasajeros veían indignados la escena sin poder hacer nada. Algunos se acercaron para ayudarme a hacer el chek in en el celular. Pero ella lo impedía y les gritaba que ya pasaran al avión. Su conducta era patológica. Exacerbada en extremo porque yo quería saber ¿Cuál era el error? ¿Qué faltaba? ¡No podía entender por qué mi esposo si podía pasar y yo no, cuando los boletos los había pagado el 26 de septiembre de 2023 con mi tarjeta y en el chek in, sí se habían documentado mis maletas! A pesar de mis intentos porque se me explicara la situación y actuar lo congruente me encontré con este trato irrespetuoso de la Sra. López, que me negó cualquier tipo de ayuda, acompañando sus palabras de comentarios despectivos, racistas sobre mi presencia en España, lo cual no puedo tolerar y me niego a guardar silencio en el bien de mi dignidad, de la de otros pasajeros y en beneficio del prestigio de Iberia. Cabe aclarar que llegué a México en un estado de estrés que me tuvo en cama hasta el día de hoy que pude escribir estas líneas. Al analizar en México lo sucedido me entero que mi pase de abordar no tenía los dígitos que lo identifican como boleto lo cual, por supuesto, no fue mi responsabilidad. Dicha omisión, claramente, escapa de mi control y responsabilidad. Tengo 55 años volando y no sabía que era mi obligación verificar el trabajo de la línea aérea para no ser humillada como me sucedió. No quiero escalar este asunto a un plano legal, pero sí que exijo una disculpa y ser informada de las medidas disciplinarias a las que se someterá esta empleada. Es inaceptable que, como pasajera, haya tenido que enfrentar un trato tan denigrante por errores que claramente fueron responsabilidad de la aerolínea. Confío en que esta carta contribuya a la toma de conciencia sobre la seriedad de lo ocurrido. Quedo a la espera de su pronta respuesta y de acciones concretas que demuestren el compromiso de su compañía con el respeto y la dignidad de sus pasajeros. P.D. El número de mi boleto fue: 075-1421920239 y la reservación: M6DCJ Atentamente Licenciada Alejandra Lorena Martos Enciso"
IBE_1005,Iberia,Desconocido,Tangier,Madrid,International,abril de 2024,1,negué el embarque. no hay explicación. personal grosero. no hay comunicación sobre nada. poco profesional. nunca más. Nunca más.
IBE_1006,Iberia,Desconocido,Seville,Madrid,Domestic,abril de 2024,1,"1. Cambiaron la puerta de embaqusin previo aviso, en este aeropuerto suele pasar de manera habitual. 2. El vuelo se retrasó y tampoco fuimos informados. 3. El embarque fue extremadamente lento 4. Hubo cambio de asientos, yo tenía asignada la fila 6 y en el embarque me enviaron a la 23. Sin explicaciones ni peticiones ni agradecimientos"
IBE_1007,Iberia,Desconocido,Chicago,Madrid,International,abril de 2024,1,"Mi colega fue rebajado en el vuelo de ida para dejar asientos vacíos que la aerolínea vendió, luego el camino de vuelta. Bajaron la calificación 3 de nosotros por los mismos asientos vacíos, luego cuando la pareja que fue bajada de categoría no se sentó cerca el uno del otro en absoluto, uno fue para primar el otro a ECONOMÍA. Había un asiento premium vacío a nuestro lado para su esposo y no lo dejaron ascender porque sería una “mejora”. No vuele Iberia si puede evitarlo."
IBE_1008,Iberia,Desconocido,Lima,Madrid,International,abril de 2024,1,"Nunca he visto una comida tan mala e infecta en una aerolínea como en el vuelo transoceánico de Lima a Madrid , De primero vino un bol de trigo duro y sin sabor, de segundo un estofado de carne pero sin carne solo había salsa . De desayuno, una caja con un bollo de jamón y queso con pan duro y una mini magdalena. Parecía que estábamos en un vuelo con economía de guerra. Que pena de como fue iberia a como es ahora."
IBE_1009,Iberia,Desconocido,Madrid,Frankfurt,Europe,abril de 2024,1,Horrible atención al cliente He perdido el acceso al correo electrónico con el que me registré en su programa de viajero frecuente y llevo meses intentando solucionarlo. Su atención al cliente ha sido incapaz de hacer una tarea sencilla actualizando la dirección de correo electrónico y mientras tanto no tengo acceso a las ventajas de los puntos acumulados cada vez que me pongo en contacto con ellos tengo que hablar con una nueva persona me sale un nuevo número de referencia una promesa de que el tema se solucionará y nada cambia. Terrible experiencia.
IBE_1010,Iberia,Desconocido,Newark,London,International,abril de 2024,1,"No es de esperar un servicio al cliente terrible; una mejor descripción es que no hay ningún tipo de. Cancelaron mi vuelo en el último minuto y me reservaron para otro día y el aeropuerto de salida. No funcionó para mí, así que estoy pidiendo un reembolso. Absolutamente imposible conseguir cualquier interacción con la empresa. Los teléfonos no parecen funcionar , el formulario de quejas online siempre devuelve un error del servidor, y el bot cada vez que escribo ""reembolso"" entra en error de conexión del agente. Una broma absoluta de una empresa que se ríe de sus clientes"
IBE_1011,Iberia,Desconocido,Miami,Madrid,International,abril de 2024,1,"Mi vuelo de Miami a Madrid tuvo más de 1 hora de retraso, el servicio de comida era pobre, y la calidad también... orrible no hay elección porque otros artículos se habían ido. . si te gusta tomar una bebida que necesita pagar . . sólo cerveza o vino disponible . . Estoy muy triste de que American Airlines haya elegido esto como socio de Miami. . para mí fue la última vez que 08/abril. . llegó a Madrid el próximo vuelo que tengo con socios de Iberia tienen 1 hora de retraso. . evita esta compañía. . mal servicio mala calidad. ."
IBE_1012,Iberia,Desconocido,New York City,Madrid,International,abril de 2024,3,Esta es nuestra segunda vez que vuela en clase ejecutiva Iberia y cada vez Iberia nos ha reasignado a asientos peores que los que reservamos originalmente. Supongo que tenemos que tener un apellido español para mantener nuestros asientos reservados originales. Probablemente nuestra última vez eligiendo Iberia.
IBE_1013,Iberia,Desconocido,Buenos Aires,Las Palmas de Gran Canaria,International,abril de 2024,1,"Iberia es la peor empresa con la que he viajado a nivel internacional. Mi hija se enfermó en el viaje y tuve que cambiar el vuelo (retrasarlo un día). Los precios que me pasaron eran exagerados (era más barato comprar un pasaje nuevo). Después de hablar varias veces con las centrales de Buenos Aires y Madrid, una persona competente me ayudó pero para eso ya había hablado con 6 operadores previamente y ninguno me daba una solución. Además de que el trato deja mucho que desear y no tienen empatía (yo estaba muy nerviosa). Espero que nadie se vea en esta situación y que no tengan que vivir nada parecido. Además, llegamos a Madrid y había una hora de conexión entre vuelo y vuelo y 1 hora no es suficiente para una conexión, el control de pasaportes y el control de aduana. Es necesario que el personal sea cualificado y aumentar el tiempo de conexión."
IBE_1014,Iberia,Desconocido,Madrid,Guayaquil,International,marzo de 2024,1,"Viajamos de Madrid a Guayaquil en Ecuador en un vuelo de 12 horas de la aerolínea nacional Iberia. Reservamos y pagamos extra por nuestros asientos que no conseguimos y la disposición del avión para facilitar la reserva de asientos era completamente diferente al avión en el que estábamos. ¡Nos quejamos y recibimos respuestas sarcásticas como ""deberías haber volado con otra aerolínea""! ¡Habla de la clase ganadera o de las sardinas en una lata! ¡Nunca hemos estado en un vuelo tan incómodo o tan apretado como este avión! No pudimos dejar caer nuestras mesas de la bandeja para nuestra comida debido al pequeño espacio entre nosotros y los asientos de delante. Cuando llegamos a nuestra comida principal le dijimos al mayordomo de este problema que nos quitó la comida y dijo ""¡Que tengan un buen día!"" Estuvimos doce horas sin comer nada, aunque la gente de nuestro entorno dijo que la comida no era apta para comer de ninguna manera. ¡Cuando reservamos este vuelo todos nuestros amigos nos dijeron que habíamos cometido un error porque habíamos reservado con ""Spanish Ryanair""! Pensamos que estaban equivocados en esta declaración, ya que es un insulto a Ryanair, para una compañía nacional es absolutamente repugnante. ¡Nos avergonzamos de nosotros mismos por reservar con ellos! Pelase lee todos los comentarios y reseñas, no pudimos encontrar ninguna buena!"
IBE_1015,Iberia,Desconocido,Boston,Barcelona,International,abril de 2024,1,"Debí leer los comentarios antes de reservar mi vuelo. He viajado mucho y nunca he tenido una experiencia tan horrible en mi vida. Teníamos un hermoso viaje planeado comenzando en Barcelona y terminando en Madrid Teníamos previsto salir el domingo 4 / 8 en un vuelo sin escalas por la noche. Iberia canceló nuestro vuelo a las 2 : 00 pm de ese día. Recibimos un vuelo alternativo 2 horas después que implicaba salir a las 5 : 30 am el 4 / 9 para coger un 7 : 00 vuelo a Filadelfia luego una escala de 10 horas en Filadelfia antes de tomar un vuelo alrededor de las 6 : 00 pm a Barcelona. Se convirtió en un viaje de 19 horas. Además no habríamos podido sentarnos juntos. Perderíamos un día y medio incluyendo un par de museos que habíamos reservado y reserva de hotel para la primera noche... Intentamos durante horas redirigir el viaje. La idea de hacer un viaje de 7 horas en 19 horas, sin mencionar que podrían haberse retrasado, no era factible para nosotros. El resultado final es que cancelamos todo el viaje Perdimos un par de cientos de dólares en billetes de tren, habitaciones de hotel, excursiones, etc. POR FAVOR NO vuele Iberia. Merece la pena ir directo sin escalas con otra aerolínea... . ."
IBE_1016,Iberia,Desconocido,Zurich,Madrid,Europe,abril de 2024,1,Cambio de mi asiento pagado sin reembolso. El tipo de la puerta no era amable cuando pregunto por Facturado en equipaje de mano. Avión muy viejo.
IBE_1017,Iberia,Desconocido,San Diego,Barcelona,International,abril de 2024,1,"Reservamos vuelos en octubre para una luna de miel en abril. Durante ese período de tiempo nuestros vuelos fueron cambiados 10 + veces y cancelados completamente dos veces. Después de que fueron cancelados la primera vez, el agente nos reservó para el mismo vuelo diciendo que había un error en el sistema. Tras ser cancelados la segunda vez, el agente volvió a reservar y envió un número de confirmación para Iberia que en su sistema online estaba conectado al vuelo equivocado de American Airlines. Borraron nuestras opciones de asientos y revisaron las actualizaciones de equipaje sin reembolsarnos, y cuando intentamos elegir nuestros nuevos asientos tenían un cargo de $ 200 + para sentarse juntos porque el nuevo vuelo no tenía asientos juntos. Nos sentamos al teléfono durante un total de probablemente más de 15 horas durante semanas tratando de solucionar estos problemas cada vez que cancelaban los nuevos vuelos. No se nos permitió hablar con un gerente sin saltar a través de un millón de aros a pesar de que en 1 día tuvimos que llamar 5 veces, y solo el gerente realmente podía arreglar algo. Ahora estamos a una semana de nuestro vuelo y todavía no han solucionado el problema con American Airlines, así que es posible que no tengamos comidas o asientos juntos en nuestra maldita luna de miel. Es posible que ni siquiera tengamos un vuelo dados los enlaces del portal en línea a los vuelos incorrectos en American. Esta es la peor experiencia que he tenido con una aerolínea. Y para nuestra luna de miel. NUNCA, todas las mayúsculas letras en negrita, NUNCA volaré Iberia NUNCA MÁS. Y si alguien por ahí quiere llevarlos a una demanda colectiva judicial por cancelar nuestros vuelos y nuestras mejoras y luego recargar las mejoras que CANCELARON, estaré feliz de testificar con la documentación y espero que me compensen por las mejoras que tuve que pagar dos veces y la cantidad descabellada de tiempo dedicado a arreglar las cosas que se rompieron en primer lugar."
IBE_1018,Iberia,Desconocido,Bogota,Madrid,International,marzo de 2024,1,"La peor aerolínea de la historia, conexión perdida debido a un 2. 5 horas de retraso mientras recalibraban el peso del avión. El servicio de atención al cliente de Madrid fue horrible, el caso desapareció durante una semana. Obtuve una respuesta estándar de queja que aludía a que el clima era el problema que no era el caso y ninguna respuesta al problema del servicio y el caso desaparecido."
IBE_1019,Iberia,Desconocido,Guayaquil,Madrid,International,marzo de 2024,1,Vuelo tardío Conexiones perdidas Caso perdido Personal poco servicial Indemnización prometida no pagada Nunca viajará con ellos de nuevo
IBE_1020,Iberia,Desconocido,London,Madrid,Europe,marzo de 2024,1,"Cogí un vuelo de Londres a Madrid. Como perdimos nuestra conexión de vuelo. Fuimos a la oficina de Iberia para confirmar el equipaje en lugar de mentir durante una hora mientras organizaban nuestras maletas. Al llegar, la bolsa de mi hijo estaba extraviada. Estuvieron en fila otra hora y media para ver si podían localizar la bolsa. No pudimos localizar nuestro bolso y nos dijeron que trabajarían en localizar el bolso y enviarlo a nuestra ubicación fuera de Madrid. Contacté al operador de bolsas perdidas inmediatamente después de hablar conmigo, agente. Le expliqué que mi hijo está en España 9 días para un torneo de fútbol y todo su equipo está en la bolsa. Me explicó que comprara lo que necesitara y presentara el recibo. Le compré una muda de ropa, tacos de fútbol, calzoncillos, artículos de tocador y una chaqueta. La bolsa finalmente llega 3 o 4 días después. Presenté todos mis recibos y después de su revisión me reembolsan $ 52. Les envié un email explicándoles que no creo que sea una cantidad justa, pero no respondieron y hasta la fecha no han recibido el pago. Incluso una porción más alta ni siquiera el 100% me hubiera gustado. 52 dólares básicamente cubre los árboles y tal vez un par de paquetes de ropa interior. Esto me parece ridículo hoy en día que puede sobrevivir durante 4 días jugando al fútbol y practica todos los días sin cambiar de ropa o ropa interior. Si sabes algo de fútbol español si no tienes calcetines o mangas de espinillera no te dejarán jugar lo que significa que nos habríamos perdido cuatro días de fútbol después de pagar $ 10.000 para tenerlo en este torneo. Algunas personas podrían decir lo que puede pedir prestado zapatos y almohadillas de gimnasio de alguien, pero desafortunadamente los pies de mi hijo son bastante grandes para su edad, tiene pies de tamaño adulto para un niño de 12 años de edad, tamaño 10 y 1 / 2, lo que significa que no tenía zapatos para compartir con nadie."
