id,airline,origin_user,origin,destination,flight_type,travel_date,rating,review_text
RYR_0001,Ryanair,"Madrid, España",Valencia,Karlsruhe,Europe,abril de 2026,1,"El trato recibido por parte de los agentes en la puerta de embarque 18 ha sido muy deficiente. En particular, uno de los agentes, un chico italiano, que mostró una actitud pésima, poco profesional y una falta de habilidades de atención al cliente que considero inapropiadas para un puesto de cara al público."
RYR_0002,Ryanair,Desconocido,Rome,Malaga,Europe,abril de 2026,1,"Es ña peor compañía en la que he viajado, tratan a los pasajeros como ganado , la chica de la puerta de embarque, q parecía q tenía un carrillo nos falto chillandonos cuando simplemente es q no entendíamos lo q decía, como le contestamos nos hizo pagar 46 euros por exceso d equipaje cuando era mentira , solo para quedar por encima nuestra.Servicio pésimo y falta de respeto TOTAL"
RYR_0003,Ryanair,Desconocido,Santorini,Athens,Domestic,abril de 2026,1,"La peor experiencia de mi vida. Nos dijeron que teníamos que facturar nuestro equipaje de mano en la puerta de embarque, que supuestamente cabía en la caja, solo porque parecía que le faltaba un centímetro. Tuvimos que pagar 60 € por esa maleta. Y además fue una maleta más pequeñita que puedes comprar y que cabe abajo del sillón. La empleada fue muy maleducada y nada servicial. Estaba casi gritando a todo pulmón, a pesar de que intentábamos entender lo que pasaba. Ryanair solo quiere sacarte hasta el último céntimo."
RYR_0004,Ryanair,Desconocido,Porto,Barcelona,Europe,abril de 2026,1,"Nefasta atención al cliente, no se escuchan las llamadas, sonido distorsionado y nada claro Cero empatía y empleados robot"
RYR_0005,Ryanair,Desconocido,Ibiza,Rome,Europe,abril de 2026,1,"Les pongo 1 estrella porque no se puede poner menos. Tuvieron un error en el horario de la puerta de embarque ellos y no nos dejaron embarcar y tampoco dispuestos a hacer devolución del dinero y sacamos dos billetes más para el otro día y nos obligaron a pagar €60 más porque solo se podía hacer facturación online. Una compañía estafadora , un asco"
RYR_0006,Ryanair,Argentina,London,Valencia,Europe,abril de 2026,1,Salió 20 minutos tarde. Y me cobraron por llevar una cartera de mano mi hija como segundo bulto. Una vergüenza. Nunca mas viajo por esa empresa nefasta. Siempre tratan de rapiñar por donde sea
RYR_0007,Ryanair,Desconocido,Madrid,Dublin,Europe,abril de 2026,1,"Tratan a los pasajeros como ganado. Me quejé ante la empleada que hacía el embarque, quien se lo tomó a mal, como una ofensa personal, aunque nunca la insulté; solo me quejé del trato vejatorio a los pasajeros. Me exigió una disculpa y como no se la di...ME IMPIDIÓ EMBARCAR, ME QUEDÉ EN TIERRA Es una verdadera vergüenza y las quejas no sirven de nada."
RYR_0008,Ryanair,"Huelva, España",Seville,Rome,Europe,marzo de 2026,5,"Octavo viaje con Ryanair esta vez Sevilla-Roma. Siempre salgo con la misma opinión, sus normas son claras, nos gusten o no, y te la recuerdan en muchas ocasiones antes de viajar. Siempre han sido puntuales y está claro que si no es por ellos y otras compañías low cost viajaríamos mucho menos seguro. Cumple sus normas y no tendrás ningún problema que no puedas tener con otra compañía."
RYR_0009,Ryanair,Desconocido,Oviedo,Krakow,Europe,marzo de 2026,1,Vergonzoso. Falleció un familiar directo el día 7 y teníamos los vuelos para el 21 y el 27. No nos han reembolsado nada ni nos han dado un bono. Es penoso. Muy poco empáticos.
RYR_0010,Ryanair,Desconocido,Dublin,Barcelona,Europe,abril de 2026,2,"El personal de Ryanair muy maleducado, nos cobraron 60€ a mis amigos y a mi porque la maleta de mano se pasaba de medidas, cuando pusimos la mochila en el medidor y cabía perfectamente y nos hicieron pagar."
RYR_0011,Ryanair,"Lima, Perú",Rome,Madrid,Europe,marzo de 2026,1,"En Roma (al subir al avión) una señorita super malcriada exigía que no tengas absolutamente nada en la mano, todo tenia que estar en tu maleta y tu maleta tenia que entrar en el medidor, caso contrario tenias que pagar 70 euros, a mi hija de 11 años le grito que era una malcriada, que acaso no entiendo que todo tenia que estar en la maleta (porque mi hija le dijo que solo tenia sus audífonos en la mano) que no la iba a dejar subir al avión, y la otra señorita de Ryanair le dijo ""quien es malcriada para no dejarla subir"". Yo no volvería a viajar en Ryanair, un viaje en familia nos lo malogro por un muy mal rato. Recomendación, viajen en cualquier otra aerolínea pero no en Ryanair"
RYR_0012,Ryanair,Desconocido,Edinburgh,Madrid,Europe,marzo de 2026,1,Asco No puedes hacer check in por teléfono te pide saber pasaporte y no se puede gaste 160 euros de más No vuelen esta aerilinea
RYR_0013,Ryanair,"Provincia de Buenos Aires, Argentina",Amsterdam,Malaga,Europe,febrero de 2026,1,"Estoy desde febrero esperando que me devuelvan el dinero que ellos me negaron el embarque, a mi, a mi novio y 10 personas mas. Revenden los vuelos y despues te dan mil vueltas para devolverte la plata y compensarte. Mi reclamo 72691776 sigue pendiente y no me dan fecha ni respuestas. Son unos estafadores. Voy a ir por acciones legales."
RYR_0014,Ryanair,Desconocido,Zadar,Malaga,Europe,marzo de 2026,1,"Esta compañía es lo que es, barata pero mala. Vuelos más baratos, pero te cobran tasas como ninguna y deberían denunciarla más a menudo por esto. Una pena que no tengan competencia y abusen de precisamente sus clientes que buscan el vuelo más económico."
RYR_0015,Ryanair,Desconocido,Nantes,Seville,Europe,marzo de 2026,1,"En el viaje de ida no tuvimos ningun problema con las maletas ya que era una maleta de cabina y una de mano y volabamos con preferencia, pasamos al avion y todo iba perfecto. A la vuelta la señora que comprobaba la medida de las maletas desde que se dio cuenta de que eramos españoles nos dijo que ninguna de las maletas trnia las medidas correctas,siendo esto totalmente falso ya que solo sobresalian las ruedas, seguidamente, era mi turno de medir la maleta y no me dejo ni intentarlo diciendome al verme que no entraba sin datme la oportunidad de comprobarlo, saque ropa y fui a intentarli de nuevo y sobresalian las ruedas y la señora me dijo que me quitara todo lo que me habia puesto y que mi maleta no pasaba, que si no pagaba los 75€ no me dejaba entrar en el avion y me quedaba alli. Esto ocurrio con 5 de las 13 personas que ibamos en el grupo y mientras nosotros pagabamos ella se reia de nosotros junto a sus compañeras, una de nosotras pregunto su el avion esperaba a lo que ella respondio con una gran sonrisa y lientras dava una carcajada que no y continuo riendose, consiguieron que todos los que ibamos juntos acabaramos llorando ya que ibamos de vuelta de un erasmus y a mi personalmente me dio un ataque de ansiedad. No sabemos el nombre de esta señora pero nos dio un trato horrible y nos obligo a pagar 75€ esperamos que tenga sus consecuencias."
RYR_0016,Ryanair,Desconocido,Seville,Barcelona,Domestic,marzo de 2026,1,"La peor compañía aérea que ha existido jamás. Calidad mala, atención nefasta, abusos por todos los puntos que mires, mal trato, muy mala política de equipaje, quieren cobrar por todo. Esperemos que sea nuestro último vuelo con Ryanair."
RYR_0017,Ryanair,Desconocido,Seville,Palma de Mallorca,Domestic,marzo de 2026,1,"He viajado en varias compañías y esta es la peor sin duda, te cobran por absolutamente todo sin especificarte lo anteriormente, lueho lo que pagas no se corresponde con lo que es, no te meten las maletas en cabina facturadas, tienes que volver a factura si ya has pagado UBA maleta, no te cambian ni te devuelven, y cuando estás a punto de pagar te suben el precio con algún otro cargo, nunca había visto una compañía tan rata que solo busca el dinero y no dan un buen servicio al cliente, que al final es por lo que estoy pagando, no se la recomiendo a nadie, bueno si, a las personas que les sobre el dinero, porque esta compañía te lo saca por los codos. No vuelvo a contratarla nunca más."
RYR_0018,Ryanair,Desconocido,Berlin,Porto,Europe,marzo de 2026,1,"Realizamos el viaje de ida de Oporto a Berlín sin incidencias. El día antes a nuestro regreso recibo un correo informando de que al día siguiente no saldrían vuelos desde el aeropuerto de Berlín puesto que hay una huelga durante todo el día. En la aplicación hay dos opciones: solicitar un rembolso o cambiar el vuelo. Solicitar el reembolso no es opción puesto que el precio actual de los vuelos es desmesurado. La opción de cambio comprendía varias ciudades alemanas situadas muy lejos de Berlin. No hay vuelo programado de Berlín-Oporto hasta el martes de la próxima semana. Si, hoy es miércoles. Hemos intentado incansablemente hablar con un agente. Después de más de 45 minutos de espera el teléfono se corta y el chat también. Sin conseguir hablar con nadie decidimos cambiar el vuelo a Dusseldorf para dos días después. Dos días en los que el alojamiento, transporte y manutención correrá por nuestra cuenta. Una autentica vergüenza!"
RYR_0019,Ryanair,"Rosario, Argentina",Desconocido,Desconocido,Desconocido,marzo de 2026,1,"Pésima. Cobros extras a último momento. Pagué por llevar una valija carry on, valija utilizada en muchas otras aerolíneas. Jamás tuve problemas. Me cobraron €70 minutos antes de despegar. Todo porque argumentaban que tanto yo como medio vuelo tenían un carry on más grande lo que quieren ellos ( cosa que jamás especifican que solo “permiten los mini carry on) también medían bolsos de mano y mochilas. Cosa que el bolso de mano puede ir debajo del asiento. He viajado por todo el mundo y jamás vi recaudar a una aerolínea a último momento tanto dinero. Porque la mayoría de los pasajeros estábamos pagando extra para poder viajar. Es barata pero en definitiva termina siendo igual de cara. La atención pésima. Destrato del personal. No la recomiendo. Me sentí estafada."
RYR_0020,Ryanair,Desconocido,Nuremberg,Alicante,Europe,marzo de 2026,1,"Es conocida ya por se la peor aerolinea, pero cada dia se superan mas. Ojala tuviera una cosa de la que quejarme pero es que son todas, no hacen nada bien."
RYR_0021,Ryanair,Desconocido,London,Barcelona,Europe,marzo de 2026,1,"Durante el boarding al avión recibí un trato muy desagradable por parte del personal. La comunicación fue poco respetuosa y con muy malas formas, lo que hizo la situación innecesariamente tensa. Además, me obligaron a pagar 60 € por equipaje extra debido a un póster que sobresalía levemente de mi mochila, a pesar de que la mochila no excedía el peso permitido ni representaba un problema real de equipaje. La medida fue desproporcionada y aplicada sin ninguna intención de buscar una solución razonable. La experiencia fue muy decepcionante y no estuvo a la altura del servicio esperado. Considero que el cargo de 60 € fue injustificado y espero una revisión de este caso."
RYR_0022,Ryanair,Desconocido,Madrid,London,Europe,diciembre de 2025,1,Azafatos sudamericanos y africanos jóvenes y sin cualificación. Mala higiene y formas
RYR_0023,Ryanair,Desconocido,Madrid,Lanzarote,Domestic,marzo de 2026,1,"Muy mala experiencia con Ryanair. Me han cobrado 50 € en la puerta de embarque simplemente porque olvidé que mi maleta iba en bodega e intenté pasarla como equipaje de cabina. La maleta ya estaba incluida en mi reserva y, aun así, me obligaron a pagar esa cantidad únicamente por bajarla a la bodega en ese momento. Lo más frustrante es que había espacio disponible y el equipaje iba a ir igualmente en bodega, así que el cargo resulta totalmente desproporcionado para lo que realmente ocurrió. Da la sensación de que se penaliza cualquier pequeño error del pasajero con tarifas exageradas. Este tipo de prácticas dejan una imagen muy negativa de la compañía y hacen que la experiencia de viaje sea innecesariamente desagradable. Sin lugar a dudas, no volveré a volar con esta compañía"
RYR_0024,Ryanair,Desconocido,Madrid,Prague,Europe,marzo de 2026,1,Una hora de retraso. Muy bruscos con los despegues y aterrizajes. En praga la azafata de entrada muy borde y desagradable. Nos quitó la maleta por pasarse por las ruedas y de muy mañas formas
RYR_0025,Ryanair,Desconocido,London,Madrid,Europe,marzo de 2026,1,"La peor experiencia de todos nuestros viajes, mi novio fue al servicio mientras estabamos en el embarque, cerraron el embarque y no le dejaron entrar, estando a tiempo perfectamente"
RYR_0026,Ryanair,Desconocido,Prague,Barcelona,Europe,marzo de 2026,1,"Pongo una estrella porque no se pueden poner cero. Mi experiencia reciente con Ryanair ha sido un cúmulo de despropósitos: Cobros duplicados e incoherentes: A pesar de haber gestionado el equipaje correctamente en la reserva, en la puerta de embarque me obligaron a pagar 61 € adicionales por una maleta que el propio sistema ya reconocía como facturada. Una contradicción absoluta para forzar un pago extra. Falta grave de seguridad: Tras cobrarme, dejaron mi maleta completamente abandonada y sin supervisión detrás de un mostrador accesible al público, mientras el personal estaba a 15 metros de distancia. Cualquiera podría habérsela llevado. Es inadmisible que traten así las pertenencias de los pasajeros. Trato al cliente vergonzoso: La empleada que realizó el cobro mostró una actitud totalmente poco profesional y burlona, riéndose de la situación y soltando frases como: ""Tienes dos opciones: o pagas o la dejas aquí. Tú sabrás"". Una falta de respeto indignante. Lo único positivo fue la amabilidad de un tripulante de cabina español ya dentro del avión, quien se sorprendió de la gestión y tuvo que arreglar el desastre que dejaron en tierra y gestionar el embarque de mi maleta en bodega. He presentado una reclamación formal que sabe Dios adónde llegará. Mucho cuidado con los cargos de última hora y la nula vigilancia de vuestro equipaje con esta compañía. No vuelvo a volar con ellos."
RYR_0027,Ryanair,Desconocido,Barcelona,Edinburgh,Europe,marzo de 2026,1,"Está dando muchos problemas la app para enseñar el pase de embarque para para reino unido aun teniendo permiso de residencia. Primero muestra un error, tienes que ir a check in físico y después de que me saliera el pase de embarque en el móvil hice la cola de seguridad y de repente desapareció. Viajad con tiempo al aeropuerto"
RYR_0028,Ryanair,Desconocido,Barcelona,Rome,Europe,enero de 2026,1,"Me cobraron 50 euros por una bolsa de mano, un absurdo."
RYR_0029,Ryanair,Desconocido,Barcelona,Ibiza,Domestic,marzo de 2026,1,"Sinceramente no entiendo como las compañias como esta puedan existir y operer en EU. Deberian estar cerradas y operar solo en el tercer mundo. Los tickets comprados a traves de Edreams, 3 asientos pagados, al final en la app nos asignaron solo 2 tarjetas de embarque y no habia ningun modo de elegir el tercer asiento. Es decir 1 pasajero con todo el vuelo pagado se quedó sin tarjeta de embarque. En el aeropuerto nos obligaron a pagar 31 euros más por tener la tercera tarjeta de embarque. Esta compañia es la compañia de estafadores, ladrones, delincuentes que deberia estar eliminada."
RYR_0030,Ryanair,Desconocido,Lisbon,Ponta Delgada,Domestic,marzo de 2026,1,"Cogí un vuelo conectado con otro de otra aerolínea. Ryanair me lo canceló y me daba opción a reembolso ya que me avisaron con más de 14 días. Resulta que a pesar de que he tenido que coger un nuevo vuelo con otra compañia y salirme mucho más caro ya que este lo había cogido con bastante antelación al darle a la opción de reembolso de lo que me costó el billete me hace rellenar mis datos y al entrar me sale todo como si siguiera confirmado el vuelo (solo desde la opción de reembolso, sino si me aparece como cancelado). Por lo que es imposible solicitar el reembolso. Por teléfono no te lo cogen por esperas de según ellos mínimo una hora y es un teléfono de pago y por chat o te dicen que están todos ocupados o te meten en lista de espera que cuando te va a tocar va y se reconecta el chat y vuelta a empezar. Es muy muy complicado solucionar cualquier problema y es un verdadero dolor de cabeza el solo intentarlo. A día de hoy sigo sin solución. Atención al cliente nefasta."
RYR_0031,Ryanair,Desconocido,Barcelona,Seville,Domestic,febrero de 2026,1,"Es lo peor que se podéis encontrar en aerolíneas, si podéis evitarla pues mucho mejor, todo lo hace de modo de tener que cobrar tasas a costa de lo que sea…. Ponen azafatos vigilantes para cobrar a todo el que pueda el equipaje de mano, parecen cheriff del aeropuerto jajajaja patetico…."
RYR_0032,Ryanair,Desconocido,Malaga,Las Palmas de Gran Canaria,Domestic,marzo de 2026,2,Cuando hice el check in con los asientos aleatorios para cuatro personal nos pusieron separados y al pagar para estar juntos al seleccionar los asientos estaban casi todos libres. Es una practica abusiva para sacarnos mas dinero.
RYR_0033,Ryanair,Desconocido,Dublin,Barcelona,Europe,marzo de 2026,1,"El pasado Lunes dia 2 de Marzo mi hija volvia de Dublin con una amiga despues de pasar un feliz fin de semana visitando el pais. Gracias al personal a la hora de embarcar y volar hacia Barcelona vivieron una situacion que se debe denunciar por parte del personal de la compañia. Resulta de que decian que las medidas de la bolsa de mano estaba pasando los limites que la normativa indica,mi hija y su amiga en ningun momento se negaron e intentaron sacar cosas de la bolsa e intentar equilibrar para cumplir con las medidas indicadas,algo que mi hija le extraño muchisimo porque la bolsa tenia cabida en el cajon donde te dan como prueba y en el vuelo Barcelona - Dublin no pusieron ningun problema,ademas mi hija se asguro varias veces antes de volar que las medidas estaban dentro de la normativa de la compañia. Simplemente quiero dejar claro que estoy totalmente de acuerdo que una compañia proteja y cuide las normas de seguridad de los pasajeros y todo se cumpla segun lo pactado pero en lo que no estoy de acuerdo es en las formas que este personal tiene para dirijirse a los pasajeros,a mi hija le hicieron llorar y le estaban amenzando en que el avion si no pagaba se iba sin ella,ella intentaba (al igual que otros pasajeros) hacerles entender que las medidas eras correctas y les obligaban a meter las chaquetas y una pequeña bolsa de unos obsequios que compraron en el mismo aeropuerto (era una bolsa con algunos imanes pequeños) Finalmente tuvo que pagar y la bolsa la metio en el avion como antes hubiera echo asi que no fue por seguridad sino para recaudar,no me parece bien el trato que han vivido algunos pasajeros incluida mi hija por lo que denuncio la actitud y formas del personal del aeropuerto de Dublin. Algunos pasajeros comentan que al ser una compañia economica esto puede pasar pero es algo que no tiene nada que ver el precio que ellos mismos ofrecen con las formas y al trato que reciben los pasajeros."
RYR_0034,Ryanair,Desconocido,Barcelona,Lisbon,Europe,marzo de 2026,1,"Deberia ser delito y estar perseguido como tal cobrar 85E por solicitar la modificacion de un pequeño error en un apellido en una contratacion online. Entre otros muchos y diversos atracos que no relato, pero que ya lo hacen otros usuarios. Inconcebible la permisividad legal con esta y otras compañias!"
RYR_0035,Ryanair,Desconocido,London,Malaga,Europe,marzo de 2026,1,"Vaya experiencia más indignante. El personal de entrada fue amable pero a la hora de embarcar en la misma puerta permitieron acceder a muchas personas con bolsos, mochilas, snacks... me pararon y me dijeron que lo que llevaba tendría que estar dentro de la mochila y eso que era de la tienda. Todo lo tienes que hacer y meter en el suelo porque no ponen ni una mísera mesa. Soy medianamente joven pero no veo a gente mayor tirándose al suelo. Las dos mujeres fueron muy bordes y muy desagradables. Gracias a los españoles que nos aconsejaron. Definitivamente no aconsejo volar con Ryanair con un pésimo personal tan desatento."
RYR_0036,Ryanair,Desconocido,Marrakech,Barcelona,International,marzo de 2026,1,Había comprado +10kg y me cobraron adicional 20kg alegando que el carry on no cumplía con las medidas. Aclaro que en la ida a Fez viajé sin problemas con el carry on arriba del avión.
RYR_0037,Ryanair,Desconocido,Barcelona,Malaga,Domestic,febrero de 2026,1,"No le pongo un 0 porque no puedo. La experiencia con Ryanair ha sido sencillamente vergonzosa. Nuestro vuelo a Málaga ya salía con una hora de retraso, pero lo peor ha sido la absoluta falta de transparencia y organización. Viajábamos con dos niños pequeños (4 años y 1 año y medio) y primero nos aseguran que el carrito no irá a bodega, nos ponen una etiqueta… y justo en la puerta del avión nos lo quitan y nos dicen que “depende” de si lo devolverán en pista o en bodega. Información contradictoria, improvisación constante y cero fiabilidad.Para rematarlo, uno de los adultos tenía prioridad y el otro no, y pretendían separarnos en el embarque, permitiendo pasar solo a un adulto con un niño. ¿Qué sentido tiene eso cuando viajas con dos menores? Ninguno. Una gestión nefasta y una falta de empatía alarmante.Ryanair ha demostrado una desorganización total y un trato que deja muchísimo que desear. Una compañía que no cuida ni respeta a las familias."
RYR_0038,Ryanair,Desconocido,Alicante,London,Europe,febrero de 2026,1,"Compré una maleta de 10 kg en la web al hacer el check-in online y pagué por ella. Al llegar a la puerta de embarque me volvieron a cobrar la maleta alegando que no estaba incluida correctamente. El segundo cargo fue desproporcionado, hasta el punto de que la maleta me costó casi el triple que el propio vuelo. Me parece una práctica abusiva y poco transparente. Si el sistema permite pagar una maleta online, no tiene sentido que después obliguen al pasajero a pagar otra vez en la puerta sin una explicación clara. Viajar barato no debería significar sentirse engañado."
RYR_0039,Ryanair,Desconocido,Barcelona,Porto,Europe,febrero de 2026,1,"Lo peor de lo peor, super mal educados sobre todo las azafatas de los dos vuelos super irrespetuosos"
RYR_0040,Ryanair,Desconocido,Santiago de Compostela,London,Europe,febrero de 2026,1,"Resulta que voy a viajar a Londres y Ryanair muy formalmente me envía un correo de que como pasajero que viaja a Londres tengo que hacer el UK ETA. Hasta ahí todo bien. Ryanair te envía la información y el enlace para acceder a la página oficial de la misma. Cuál es mi sorpresa? Que en vez de cobrarme 20€ por el trámite me cobran 120€. Os metéis vosotros 100€ por intermediarios? Porque a la página que se accede es la oficial. Me lo explicáis? Sois unos estafadores, y nosotros los pasajeros unos idiotas (las cosas como son). Aún encima las formas para solucionar las cosas habría que cuidarlas. Es normal que la gente cada vez vuele menos con vosotros."
RYR_0041,Ryanair,Desconocido,Dublin,Barcelona,Europe,febrero de 2026,1,"La tripulación del vuelo de vuelta muy bien. Ahora bien, la Manager del Aeropuerto de Dublin de Ryanair peliroja una maltratadora maleducada. Nos indican para pasar sin ningun problema... Y posteriormente al pasar tarjeta de embarque la supuesta manager a gritos no hace salir de la cola i exigiendo (considero un trato al cliente muy poco profesional y despectivo) para valorar nuestras bolsas de cabina, de correctas medidas, haciendonos pagar 60€ sin dar permiso a debatir o conversar. Eso si... De todos los tripulantes del avión solo a 5 personas nos han parado."
RYR_0042,Ryanair,Desconocido,Barcelona,Dublin,Europe,enero de 2026,1,"Durante el embarque la supuesta manager porque no nos dió su nombre para no hacer reclamación. Nos increpó a gritos , en inglés, por supuesto, cuando le reclamamos información respecto a nuestro equipaje, que cumplía las medidas impuestas por raynair , pero para sorpresa nuestra no pasaba por su control de medidas. El pago por la pequeña mochila 60 euros por persona. No es tanto la parte económica, como el trato que utilizó, gritando, no nos dejaba hablar, sólo le faltó insultarnos. Todo esto es una estafa , encubierta ."
RYR_0043,Ryanair,Desconocido,Dublin,Barcelona,Europe,febrero de 2026,1,"Muy mal. con Ryanair por la experiencia que hemos tenido recientemente. Nos hicieron pagar por una mochila que cumplía claramente con las medidas permitidas para equipaje de mano. A pesar de explicarlo, insistieron en cobrarnos sin ofrecer una solución razonable. Además, observamos que a otros pasajeros con mochilas similares o incluso más grandes se les permitió pasar sin ningún problema, lo que demuestra una falta de criterio y coherencia en la aplicación de las normas. Para empeorar la situación, la empleada que nos atendió se negó a facilitarnos su nombre cuando se lo pedimos con la intención de poder presentar una reclamación formal, lo cual nos parece una actitud poco profesional y nada transparente. En general, la atención recibida fue decepcionante y nos sentimos tratados de forma injusta. Esperamos que Ryanair revise estos procedimientos para evitar que otros pasajeros tengan que pasar por una situación similar. Volamos con Rynair porque no hay opción, porque siempre la evitamos, hay aerolíneas lowcost mucho mejores."
RYR_0044,Ryanair,Desconocido,Valencia,Rome,International,febrero de 2026,1,"Es increíble, tienen las medidas iguales a la maleta que permiten, claro es difícil meter la maleta con ruedas, adicional tú te cobran el doble, mientras que pague adicional por la maleta de mano, porque no me cabía las ruedas sin más remedio, me cobraron 75€ más. Un robo, ni un agua te brindan, la gente es odiosa nada que ver."
RYR_0045,Ryanair,Desconocido,Malaga,Tetouan,International,febrero de 2026,1,"Pagó mi maleta y facturo online como te lo piden. Llegó a la puerta para volar y me dicen que tengo que pagar la maleta porque se factura en el mostrador y tienes que pagar doble.cuando les digo que siempre he pagado mi maleta online me dice la que atiende "" no es mi culpa que seas ignorante y no sepas leer"" refiriéndose a la letra pequeña. Flipo.te roban ,te faltan el respeto y cuando protestó no me dejan subir al avión. Es lo más bajo donde puedes viajar.lo barato no es que te sale caro es que te humilla."
RYR_0046,Ryanair,Desconocido,London,Lanzarote,Europe,febrero de 2026,1,"La peor aerolínea que puedes existir , no se la recomiendo a nadie"
RYR_0047,Ryanair,"Cabo Rojo, Puerto Rico",Desconocido,Desconocido,Desconocido,febrero de 2026,1,"La peor línea aérea que he tenido en mi camino. Cambia los vuelo de fecha con una frecuencia que asusta y te daña cualquier itinerario de vacaciones. Es increíble que no te ofrecen alternativas y simplemente, debes pedir cancelar y reembolso.Ya no más."
RYR_0048,Ryanair,Desconocido,Madrid,Edinburgh,Europe,febrero de 2026,1,"Sin comerlo ni beberlo nos vimos en Edimburgo sin embarcar porque no nos dejaron pasar nos hablaban en un inglés supercerrado no les entendíamos absolutamente nada. Les pedimos por favor que nos explicaran porque nos dejaban subir nos trataron como basura y al final nos quedamos sin volar a España. Nos tocó cogernos un Hotel y un vuelo nuevo, que nos ha salido por el triple del que ya tenía Estuvimos hora y media por el aeropuerto buscamos respuestas las cuales no hemos encontrado todavía Queríamos tener una reclamación y se hacían los tontos Esta aerolínea no debería de existir, gracias a un alma caritativa que nos ayudó en la aerolínea easyjet Al final hemos podido volar a España no lo recomiendo para nada volar con otra aerolínea es preferible pagar un poco más"
RYR_0049,Ryanair,Desconocido,Madrid,Dublin,Europe,febrero de 2026,1,"Es una vergüenza que por una equivocación de apellidos me cueste 230€ cuando ese error le puede pasar a cualquiera, son unos ladrones y quieren robar por cualquier tontería"
RYR_0050,Ryanair,"Provincia de Barcelona, España",Barcelona,Paris,Europe,febrero de 2026,1,Han sido tan injustos no nos gan dejado volar llevando permiso de viaje de mossos de menor Todo firmado pero decian faltavan cosas y no han ayyudado nada Nos trataron mal muy nal y tido perdudo
RYR_0051,Ryanair,Desconocido,Tenerife,Santiago de Compostela,Domestic,febrero de 2026,1,"Viajamos una familia de 4 con un niño con discapacidad que se nos pone malo durante el trayecto al aeropuerto y por ese motivo tenemos que parar,llegamos 5 minutos tarde a la puerta de embarque y viendo cómo la gente sigue subiendo al avión nos deniegan la entrada,aún explicando la situación,nos hacen caso omiso y nos dejan fuera de ese vuelo, dejando a 2 niños desconsolados con un ataque de nervios y obligándonos a gastarnos 1000 euros en los siguientes vuelos, pésimo, patético e inhumano, jamás aconsejaría esa compañía, todos podemos tener algún percance y es totalmente injusto que viendo cómo la gente sigue subiendo al avión hagan algo así! Detestable!!"
RYR_0052,Ryanair,Desconocido,Barcelona,Krakow,Europe,febrero de 2026,1,"Iba con una mochila casi vacía que cumplía con las medidas però claro si te obligan a meterla en un sitio que tiene las mismas medidas es de lógica que no va a caber. Una de las azafatas era muy desagradable y me dijo que no podía presionar para que entrara. Encima tiene que entrar ligeramente en aquel hueco! Tuve que ponerme lo poco que traía, tirar dos manzanas y obligada puse la riñonera dentro. Casi me sale más caro la broma que el billete. Si puedo intentaré evitar Ryanair en el futuro o viajaré sin equipaje. Con está companía se aprenden dos cosas: hay que viajar ligero de equipaje y lo barato sale caro. Y espero que estas azafatas se lleven una buena comisión para extorsionar diariamente pasajeros de vuelo en vuelo."
RYR_0053,Ryanair,Desconocido,Malaga,Prague,Europe,febrero de 2026,1,"Que las únicas reseñas de 5 estrellas sean de gente q se ha equivocado dice mucho de la horrible compañía que son. Parece q el trato al cliente se paga por separado, como todo en esta empresa de estafadores. Trato desagradable y trabajadores maleducados hables con quien hables parece requisito para trabajar aqui. Peor vuelo de mi vida tan solo horas antes de empezar. Después de 2 horas de retraso y cambiar de puerta de embarque veces innumerables se dignan a dejarnos pasar. Para ser incomprensibles con sus medidas aún entrando en la caja como ponen en sus estatutos. Para lo cual m rompen la mochila y me dicen que eso es problema mío. Dejándome sin nada con lo q viajar de vuelta. En fin, experiencia nada recomendable si podéis evitaroslo hacedlo! Conclusión me llevo una mochila rota y 50€ menos, gracias ryanair. Pongo 1 estrella porque menos no se puede."
RYR_0054,Ryanair,Desconocido,Madrid,Rome,Europe,febrero de 2026,1,Muy mala experiencia. Espacio justisimo en avión. Asientos incómodos. Hacemos cheking y nos dan asientos separados para menor de 13 años y sus padres. No permiten cambio salvo que abones cerca de otros 20€ mas Solo nos permiten de 4 pasajeros 2 maletas de cabina. El resto mochilas. Todo es un negocio y no dan servicio de calidad para ello. Claro que cuabdo ves que todo el trayecto están vendiendo entiendes que no hay espacio pars tu equipaje. Desde luego no volveré a repetir con esta aerolínea. Totalmente decepcionada.
RYR_0055,Ryanair,"Málaga, España",Barcelona,Malaga,Domestic,febrero de 2026,1,Siempre se inventan algo para cobrarte por una maleta facturada Otra vez me dejaron 10 horas tirada en el aeropuerto de Ibiza
RYR_0056,Ryanair,Desconocido,Madrid,Bari,Europe,febrero de 2026,1,"Si pudiera darle un 0 lo daría. Las chicas que revisan las tarjetas de embarque deberían dedicarse a buscar un trabajo de oficina. En las entrevistas no se le explicó que el trabajo de atención al cliente requiere EMPATÍA?? Ryanair se confirma compañía por lo que es, compañía de BAJOS estándar."
RYR_0057,Ryanair,"Madrid, España",Bonn,Barcelona,Europe,febrero de 2026,1,"Lo barato sale muy caro. 13.02.2026 Problema del sistema de seguridad en Colonia ( Alemania). Las compañías aéreas retrasan sus vuelos, menos Ryanair que deja tirado a mas de 40 pasajeras y, esta vez, sale puntual, entiendo que porque le sale mas rentable que esperar. 0 consideración por los pasajeros, solo miden el céntimo y sino les toca indemnizar , "" te dejan tirado"". Mi hijo hubiera ido en ese avión, tenía una cita muy importante de trabajo al dia siguiente, se ha tenido que comprar otro vuelo y un tren a Bruselas y ha acabado en una enfermería con un desmayo por estrés de este viaje con esta compañía. Nunca jamás viajaré con Ryanair y espero que vaya a la quiebra algun dia por su política abusiva y desprecio a las personas."
RYR_0058,Ryanair,Desconocido,Seville,Lanzarote,Domestic,febrero de 2026,1,"Nos atendió en el vuelo Sevilla - Lanzarote, un hombre moreno con gafas y tatuajes en los dedos, el tio un antipatico, super mal hablado, tirando los dni con mala leche, en resumen super mal trato el que nos ha dado, sin duda no volvere a volar con ryanair"
RYR_0059,Ryanair,Desconocido,Madrid,London,Europe,febrero de 2026,1,"El motivo de mi queja es el siguiente, no he querido, por qué me parece un robo, pagar por los asientos, entiendo que te arriesgas a qué cuando viajas con alguien más, te separen. Pero lo que no entiendo es, que haga el check in, exista más de la mitad del avión libre y de una familia de 3, padre, madre y un menor de 12 años, nos separen a los 3, ni siquiera a mí hijo le han sentado con alguno de nosotros. No solo eso, si no que después de la asignación, te dejan hacer cambios, pagando claro, pero nos han situado de tal modo, que para ir junto a mi hijo tengo que pagar dos asientos, no uno. Sois unos sinvergüenzas, prefiero que me cobreis más por el billete que luego sacar hasta por respirar, no sois baratos, sois unos rastreros y lo peor."
RYR_0060,Ryanair,Desconocido,Valletta,Madrid,Europe,febrero de 2026,1,"Me cobraron 60€ por llevar una riñonera pequeña, me parece un abuso."
RYR_0061,Ryanair,Desconocido,Krakow,Malaga,Europe,mayo de 2025,1,"Quiero hacer pública mi experiencia con Ryanair, que considero grave, injusta y contraria al Convenio de Montreal de 1999. En el vuelo FR2589 (Cracovia–Málaga) del 03/05/2025, Ryanair causó daños graves a un instrumento musical facturado (acordeón Weltmeister Amigo 120). El daño fue declarado el mismo día de llegada en el aeropuerto de Málaga, emitiéndose el correspondiente PIR, y la reclamación completa fue presentada a través de la web de Ryanair el 06/05/2025, dentro del plazo legal de 7 días, aportando toda la documentación exigida. Tras meses de intercambios y negativas infundadas, Ryanair reconoció finalmente que la reclamación se presentó en plazo, pero ha pasado a denegar cualquier compensación alegando que el instrumento tenía más de 3 años y que, según una supuesta “política interna”, ello implica una depreciación automática del 100 %, asignándole un valor de 0 €. Esto es rotundamente falso y carente de base legal: El Convenio de Montreal NO establece ninguna regla de depreciación automática por antigüedad. Ninguna aerolínea puede imponer condiciones internas que limiten o anulen la responsabilidad prevista en el artículo 17.2 del Convenio. Un bien funcional, utilizable y con valor de mercado no puede considerarse legalmente sin valor por el mero paso del tiempo. Esta práctica supone, a mi juicio, un abuso sistemático, una interpretación inexistente del derecho y un intento evidente de eludir responsabilidades frente a daños causados exclusivamente por la propia compañía. He rechazado formalmente esta decisión y he advertido a Ryanair del inicio de acciones legales, así como de la elevación de la reclamación ante los organismos competentes. Comparto esta experiencia para advertir a otros pasajeros: Ryanair utiliza excusas internas para no indemnizar daños reales, incluso cuando la reclamación se presenta correctamente y dentro de plazo. Referencia del expediente: 69563901"
RYR_0062,Ryanair,Desconocido,Marrakech,Malaga,International,febrero de 2026,1,Es la peor compañía del mundo sin vergüenzas no valen para nada peores experiencias con ellos tramposos falsos. Que asco de trabajadores y de servicio
RYR_0063,Ryanair,Desconocido,Seville,Ibiza,Domestic,enero de 2026,1,"Rayanair es super informal, te venden por internet que puedes llevar una maleta de cabina y una vez alli te haces pagar un extra. Me parece una estafa y una falta de formalidad y compromiso. No recomiendo para nada el vuelo con esta compañia."
RYR_0064,Ryanair,Desconocido,Tenerife,Malaga,Domestic,enero de 2026,1,La verdad que es una de las peores aerolineas que he viajado en mi vida.. sus politicas son abusivas en lo referente a equipajes. Siempre salen con nuevas normas para que luego te equivoques y tengas que pagar sanciones... yo no viajaria nunca con esta compañia pero es la unica que opera desde tenerife sur a ciertas partes de la peninsula asi que no nos queda eleccion posible
RYR_0065,Ryanair,Desconocido,Porto,Madrid,Europe,febrero de 2026,1,"Ayer tuve una experiencia totalmente inaceptable con Ryanair en el vuelo Oporto - Madrid. En la puerta de embarque se me indicó que mi maleta de cabina, ya pagada online (20 €), excedía las medidas permitidas. Se me exigió un pago adicional de 75 €, que nos pareció abusivo, ya que la maleta cumplía perfectamente las dimensiones permitidas y entra en los medidores de Ryanair. Al principio me negué a pagar, pero viendo que ya iban a cerrar el embarque y que ningún miembro del personal ofrecía soluciones alternativas, decidí abonar la cantidad exigida para no perder el vuelo. Sin embargo, la trabajadora Rosa Nolasco actuó de manera imprudente y poco profesional, negándose a aceptar el pago diciendo que el embarque ya estaba cerrado, cuando no era cierto, y cerrando la puerta en nuestra cara, bloqueando el embarque a mi acompañante y a mí, sin ofrecer alternativa alguna. Las políticas de esta compañía son totalmente abusivas, y parece que el personal está entrenado para no ayudar y sacar el máximo provecho de la vulnerabilidad de los pasajeros. Como consecuencia, perdimos el vuelo y tuvimos que comprar nuevos billetes con otra compañía, con gastos adicionales totalmente injustos. Adjunto fotos que muestran la maleta dentro de los medidores Ryanair y la misma maleta en el medidor de Vueling (que comparte las mismas medidas exactamente 55x40x20), demostrando que cumplía perfectamente las dimensiones permitidas. La actuación de Rosa Nolasco refleja falta de criterio, abuso de autoridad y desprecio por los derechos del pasajero. Quiero advertir a otros viajeros para que estén alerta ante este tipo de prácticas."
RYR_0066,Ryanair,Desconocido,Tetouan,Malaga,International,enero de 2026,1,"Cambio de aeropuerto de salida 25 h de antes, te dicen que te busques la vida para llegar al nuevo aeropuerto y te niegan el reembolso de gastos que han ofrecido."
RYR_0067,Ryanair,Desconocido,Palma de Mallorca,Madrid,Domestic,febrero de 2026,1,"La peor experiencia volando que he tenido. Retraso de horas sin información clara, cambios constantes y una gestión caótica. Nadie daba explicaciones ni soluciones reales. La incertidumbre fue total y el trato al pasajero inexistente. Te envían correos automáticos sobre “tus derechos”, pero en el aeropuerto estás completamente abandonado. Ryanair demuestra que lo “low cost” también es el trato humano. No volveré a volar con esta compañía ni la recomendaría a nadie."
RYR_0068,Ryanair,Desconocido,Valletta,Seville,Europe,febrero de 2026,1,"Estafadores, paso una maleta sin problema, de Sevilla a Malta y a la vuelta esa misma maleta (con el mismo equipaje), no pasa y me cobran 60 euros. Según la empleada ""Entra, pero muy justo y esta forzada"", un auténtico atraco. Prefiero pagar el triple en otra compañía, que volver a volar con una empresa que nos toma por tontos."
RYR_0069,Ryanair,Desconocido,Marrakech,Madrid,International,febrero de 2026,1,"estafadores totalmente, te hacen pagar porque las maletas supuestamente no cumplen con las medidas, de madrid a marrakech ningún problema con las maletas. Solo he viajado con esta compañía porque es la que tenía conexión desde mi ciudad, sin ninguna duda, cuando tengo la opción de otra compañía nunca opto por ryanair."
RYR_0070,Ryanair,Desconocido,Katowice,Rome,Europe,enero de 2026,1,Es una aerolinea que no vale la pena. Te encuentras con gente con ganas de arruinarte un viaje y como si fuese poco te quieren cobrar por una mochila de las de amazon de viajes porque las asas se salen de la caja. Vergonzoso.
RYR_0071,Ryanair,"Ronda, España",Budapest,Malaga,Europe,enero de 2026,3,"Ya sabemos que los asientos son súper Estrechos e incómodos, que te cobran hasta por respirar y cada vez más exigentes con el equipaje. Pero fue llamativo, que siendo más del 90% del pasaje españoles, en ningún momento se dirigieran a nosotros en Castellano, ni con las normas de seguridad, que por cierto omitieron."
RYR_0072,Ryanair,"Heredia, Costa Rica",Desconocido,Desconocido,Desconocido,enero de 2026,1,"Pésima aerolínea, Pésimo servicio, nunca he experimentado algo igual, adicional todo Lo quieren cobrar y con precios exorbitantes"
RYR_0073,Ryanair,Desconocido,Dublin,Lisbon,Europe,enero de 2026,1,"La peor línea aérea en la que volé. Parece económico cuando sacas el pasaje, pero después te cobran hasta por respirar. Son unos estafadores. Por más barato que parezca, no viajen nunca porque les termina costando el doble. Para colmo, te dejan 10/15 minutos debajo de la lluvia antes de subir al avión"
RYR_0074,Ryanair,Desconocido,Madrid,Palma de Mallorca,Domestic,enero de 2026,1,"Pésimo servicio de la empresa,no volveré a viajar con ellos nunca. Unos auténticos estafadores. Intenté hacer el check inn 2 dias antes para que no tuviera problemas,pues fue imposible hacerlo . Dos dias intentándolo y no hubo manera de hacerlo,todo el rato dando error. Pues cuando voy al aeropuerto y les digo el problema q tengo y que me den la tarjeta de embarque me pide 30e por dármela por billete,eramos 4 pues 120e que tuve que pagar xq sino no me dejaban volar. Un auténtico robo. Que sin verguenzas."
RYR_0075,Ryanair,Desconocido,London,Madrid,Europe,enero de 2026,1,"Primera y última vez que viajamos con Rynair. Nuestra experiencia en el aeropuerto de Stansted (Londres) ha sido totalmente negativa y decepcionante. El personal nos obligó a facturar dos maletas que cumplían con las medidas oficiales establecidas por la compañía, maletas con las que en el vuelo de ida no hubo ningún problema. Aun así, se nos exigió el pago de 150 € adicionales, sin una explicación clara ni razonable. Y encima, irónicamente, vimos perfectamente, como otros pasajeros subían maletas que eran mucho más grandes que las nuestras y otros enseres que de ninguna manera cumplían ninguna de las medidas. Ha sido un trato arbitrario y las empleadas nos hablaron de muy malas formas, de forma déspota e inaceptable. Además, solicitamos expresamente la factura del importe cobrado para poder presentar una reclamación formal. El personal nos indicó que nos llegaría por correo electrónico, pero no hemos recibido absolutamente nada... El resultado es un profundo malestar y una pérdida total de confianza en la compañía. No volveremos a viajar con Ryanair y no la recomendaremos a nadie de nuestro entorno. Una experiencia así empaña por completo el viaje y nos ha dejado con una sensación de indefensión total."
RYR_0076,Ryanair,Desconocido,Rome,Marrakech,International,enero de 2026,1,"En nuestro primer vuelo (Marsella–Milán) no tuvimos mayores inconveniente. Cumplimos con todos los requisitos de equipaje, ya que pagamos la tarifa Premium, la cual incluye maleta de cabina. Sin embargo, en nuestro vuelo de Roma a Marrakech, viajamos con exactamente el mismo equipaje, y de forma inexplicable nos informaron que la maleta excedía el tamaño permitido. De muy mala manera, la empleada nos dijo que debíamos pagar nuevamente por la maleta, a pesar de que ya estaba incluida en la tarifa Premium que habíamos pagado. Al explicarle con respeto que ya habíamos viajado con la misma maleta en otro vuelo de Ryanair sin ningún problema, su respuesta fue nuevamente grosera: “¿Van a pagar o no? Porque debo seguir trabajando.” Ante esta situación y para no perder el vuelo, nos vimos obligados a pagar 70 euros adicionales. Lo más indignante ocurrió al abordar el avión, cuando observamos al menos tres maletas iguales o incluso más grandes que la nuestra, a las cuales no se les exigió ningún pago adicional. Esta falta de coherencia, junto con el trato irrespetuoso y arbitrario, es completamente inaceptable. Ryanair ha perdido dos clientes, y jamás recomendaremos esta aerolínea para viajar. Gracias por arruinar una parte importante de nuestro viaje."
RYR_0077,Ryanair,"Barcelona, España",Barcelona,Ouarzazate,International,enero de 2026,1,"Estimados señores, Me dirijo a ustedes para presentar una reclamación formal por lo ocurrido durante mi vuelo con Ryanair desde el aeropuerto de Barcelona T2. En el embarque se nos exigió el pago adicional por un bolso de mujer, a pesar de que se trataba claramente de un artículo personal que cumplía con unas dimensiones razonables y habituales. Resulta especialmente incomprensible este cobro cuando el avión se encontraba prácticamente vacío y había espacio más que suficiente en los compartimentos superiores, por lo que no existía ningún problema operativo o de seguridad que lo justificara. Además, deseo dejar constancia del trato absolutamente inaceptable recibido por parte del personal de tierra en el aeropuerto de Barcelona T2. Su comportamiento fue agresivo, grosero y carente de toda profesionalidad, llegando incluso a amenazarnos con no permitirnos viajar si no realizábamos el pago inmediato de 50€ y con tarjeta física. Este tipo de actitudes generan una situación de intimidación innecesaria y una experiencia muy negativa para mí como pasajero. Entiendo y respeto las políticas de equipaje de la compañía, pero estas no pueden aplicarse de forma arbitraria ni mucho menos acompañadas de malos tratos o amenazas. Como cliente, considero que lo ocurrido no se ajusta a unos estándares mínimos de atención al pasajero"
RYR_0078,Ryanair,"Badalona, España",Seville,Barcelona,Domestic,enero de 2026,1,"Trato del personal del mostrador con insultos, frases como “ no me toques los coj… “ llevaba una bolsa del dutti free comprada en Barcelona y a la vuelta no me dejaron entrarla, según política del aeropuerto puedes pasar una bolsa independientemente del aeropuerto que la hayas comprado, les he enseñado el ticket donde se veía que lo había comprado en el aeropuerto y me han echado de la cola, con insultos, y amenazas. Son unos maleducados, me han tratado con insultos y faltas de respeto. No volveré a viajar con ellos, además siempre van con retraso y las personas que te atienden unos irrespetuosos."
RYR_0079,Ryanair,Desconocido,Manchester,Faro,Europe,diciembre de 2025,1,"Empezando por lo descortés, mala predisposición tanto en el chek-in, como durante el ingreso, pesajes de maletas. Incomodo,poca empatia con personas con discapacidad o movilidad reducida. Compro el vuelo, te meten 200 mail de confirmación con 200 propagandas y anuncios, se abren ventanas, donde una persona se pierde en lo que está comprando.Un vuelo que empieza saliendo 20£ termina saliendo 150 £, te cobran hasta el aire al respirar, encima en todos esos mail e anuncios que para continuar tenes que verificar el mail, te terminan estafando, Me cobraron el vuelo qué salia 33£ a 89 £, e cuando miro la tarjeta en la confirmación de uno de los pasos me metieron una ""promocion"" que no pedí!! Hice el reclamo y no me van a hacer la devolución del dinero, pero me lo dieron de baja.Osea..!!!89£ más al boleto qur había pagado. Mi hija tiene Autismo y 18 años, solo precisa que la acompañen, hasta pasar migración ayuda a su control y poder desenvolverse. Créanme que la paso Horrible!! Me llamo llorando, angustiada, por el mal trato que estaba recibiendo en la mesa de chek-in. Nunca más!!no es recomendable. Cara, desactualizada, mal personal, mala predisposición, mala comodidad e confort, Estafadores.No los vale. Preferible gastar unos euros más, y viajar por compañías que valen la pena el servicio."
RYR_0080,Ryanair,Desconocido,Rome,Barcelona,Europe,enero de 2026,1,Hice dos vuelo en esta empresa y siempre te sacan plata son unos mal educados las personas q te atienden en el aeropuerto de la empresa raynair les recomiendo viajar por cualquier otra empresa son unos delincuentes !!!
RYR_0081,Ryanair,"San Fernando, España",Budapest,Malaga,Europe,diciembre de 2025,3,"Me Rompieron RUEDAS de La Maleta El día 16 de diciembre de 2025 a las 0059 GMT llego al aeropuerto de Málaga con el número de vuelo 2273, con el número de confirmación de vuelo AUK7QQ. Al recoger la maleta de la cinta de equipajes, la he revisado y comprobé que le faltaban las ruedas y me dirigí al mostrador de la compañía aérea RYANAIR. Mearme de paciencia a la hora que era, había una persona esperando ser atendida. Cuando llego mi turno, solicite un Parte de Irregularidad del Equipaje. Cubrí el parte con mis datos personales, la fecha y referencia del vuelo, el número de mi billete, equipaje y etiqueta de facturación. Una vez hayas rellene el Parte de Irregularidad del Equipaje, conserve una copia para mí. El día 17 de diciembre de 2025 Rayanair. Me contestan que está revisando mi reclamación, me piden la siguiente documentación: Copia recibo original de la maleta Datos bancarios Le conteste diciendo que no dispongo recibo de compra. La maleta tiene tres años El día 13 de enero hablo con la agencia de viajes, que pasaba con la reclamación, esta se pone en contacto con Rayanair, y esta le contesta lo siguiente: Entiendo. Su reclamación está siendo procesada en el orden en que fue recibida. Actualmente, estamos revisando reclamaciones de equipaje enviadas hasta el 30 de septiembre. Una vez que su reclamación sea revisada, recibirá una actualización por correo electrónico. Tenga en cuenta que volver a enviar su solicitud puede causar retrasos. Gracias por su paciencia y lo siento por tanta demora. Qué casualidad el día 14 de enero 2026 Rayanair me envía el siguiente correo: Your request (71040584) has been updated. To add additional comments, reply to this email. Estimado Sr. Nos referimos a su correspondencia respecto a su maleta dañada, y desde Ryanair nos disculpamos por los inconvenientes que haya podido sufrir. De acuerdo con el Convenio de Montreal y las Condiciones Generales de Transporte de Ryanair, la indemnización por reclamaciones se determina en función del valor del artículo dañado, teniendo en cuenta la depreciación por desgaste. Lamentablemente, en este caso, debido al tiempo transcurrido desde la compra del equipaje, el valor del artículo se ha depreciado por completo y, en consecuencia, no podemos ofrecerle un reembolso. Por lo tanto, lamentamos informarle que no podemos ofrecerle más ayuda con su reclamación. Le recomendamos que se ponga en contacto con su aseguradora de viaje para obtener más información al respecto, ya que podrían ayudarle. Sin embargo, tal y como indica la página web de AENA, la compañía aérea es responsable del daño causado en el equipaje facturado cuando el hecho que haya causado dicho daño se haya producido a bordo de la aeronave o mientras el equipaje facturado se encuentra bajo la custodia de la compañía. Rayanair es responsable del transporte aéreo relativa a los pasajeros y su equipaje Espero que esta carta les sirva de ayuda, y se beneficien si se encuentran en esta situación"
RYR_0082,Ryanair,Desconocido,Malaga,Lisbon,Europe,enero de 2026,1,"Ryanair es una estafa. Los precios que muestran esconden cobros por cualquier cosa que se les pueda ocurrir para sacarte mas plata. Pague el carry on aparte para 4 vuelos, lo que significo 20€ mas por vuelo. Llegue al embarque y me dijeron que mi valija no entraba en el compartimento superior del avion. Cerre el fuelle de mi carry on porque la chica me dijo que eso sobraba y aun asi me dijo que no entraba y me obligaron a pagar 70€!!! para despacharla. Cabe aclarar que es un carry on y que viaje con ella muchas otras veces y SI entra en el compartimento superior. Hacen tateti para cobrarte extras. No solo eso, sino que a tres personas que estaban adelante mio que tenian solamente el bolso de mano incluido les cobraron solo 50€ a cada uno para despachar su carry on. Es decir ellos pagaron el pasaje y un adicional de 50€ y yo que pague el carry on antes (20€) abone 70€ mas, es decir un total de 90€ (ademas del coste del pasaje). Un robo total. Al final me convenia no pagar el extra y hacerlo directo en el aeropuerto. Una verguenza. Nunca mas viajo con ryanair. Y lo que era de esperarse, las lineas de atención al cliente no contestan JAMAS y el chat (ademas de que tenes que esperar una cola de 40 personas) cuando llega el momento de hablar tenes responden mensajes que copian y pegan diciendo que las politicas de la aerolinea son asi y que ellos no hacen devoluciones. LACRAS y ESTAFADORES. Ahora tuve que pagar 40€ mas POR CADA VUELO (120€) para evitar pagar los 70€ en el aeropuerto y no arriesgarme a tener problemas. Me salia mas barato irme una semana a un all inclusive en el caribe. Por si quedaron dudas, no lo recomiendo en absoluto. Ire a quejarme al aeropuerto pero dudo tener respuestas porque asi se manejan."
RYR_0083,Ryanair,Desconocido,Malaga,Marrakech,International,enero de 2026,1,"Personal grosero, trato rudo y agresivo. No me permitieron abordar con una valija excedida solo por centímetros, pagué y la subí igual, entraba con espacio sobrado en el maletero. Otros pasajeros pasaban con con valijas mas grandes. Compré asiento con ventana y no había ventana"
RYR_0084,Ryanair,Desconocido,Venice,Madrid,Europe,diciembre de 2025,1,"ENGLISH My experience with Ryanair was very negative. From the very beginning, everything was problematic, with abusive and excessive charges for almost everything, many of them unclear and completely disproportionate. The attitude of both the cabin crew and the counter staff was rude and ill-mannered, showing no willingness to help or provide even basic customer service. Any question or issue was met with a dry, arrogant, and unprofessional response. Instead of enjoying the trip, I constantly felt penalized and treated with disrespect. This is an airline that prioritizes excessive charges while completely neglecting passenger care. I do not recommend it at all and will avoid flying with them again. ESPAÑOL Mi experiencia con Ryanair ha sido muy negativa. Desde el inicio del viaje todo fueron problemas y cobros abusivos, con tarifas adicionales por prácticamente cualquier cosa, muchas de ellas poco claras y desproporcionadas. El trato del personal de cabina y del personal de counter fue grosero y maleducado, sin ninguna intención de ayudar ni de ofrecer una atención mínima al cliente. Ante cualquier consulta o inconveniente, la respuesta fue seca, prepotente y poco profesional. En lugar de disfrutar del viaje, la sensación fue constante de estar siendo penalizado y tratado con desprecio. Una aerolínea que prioriza el cobro excesivo y descuida totalmente la atención al pasajero. No la recomiendo en absoluto y evitaré volver a volar con ellos."
RYR_0085,Ryanair,Desconocido,Malaga,Budapest,Europe,enero de 2026,1,"Fuimos con Ryanair porque no teníamos otra opción. Experiencia pésima, de los trabajadores de allí nadie hablaba español. Pagué un billete priority porque estoy embarazada y solo llevaba una mochila pero necesitaba guardarla en el compartimento de arriba para poder estirar las piernas y que no me dieran calambres, aun así tuve la de dios con el azafato porque me decía que daba igual que fuese priority que tenía que meterla debajo del asiento, todo ésto en inglés porque por mucha carrera o cursos que tengan de turismo o de azafat@ de vuelo no saben ningún idioma. Lamentable la experiencia, lamentable el trato, lamentables los trabajadores y lamentablemente la empresa."
RYR_0086,Ryanair,Desconocido,Valencia,Seville,Domestic,diciembre de 2025,1,"Fatal, no vuelvo a comprar un billete en esta compañía ni en edreams. Compro un billete a sevilla para nochevieja, intento hacer el check in online y la compañia no reconoce el número de reserva. Voy a hacer el check in en el areopuerto y me cobran 30 e por persona por la targeta de embarque. Por si fuera poco, las ventanillas se tiran cerradas 30 hora con 50 personas haciendo cola. Llega mi turno y la propia compañía tampoco reconoce los identificadores. Al final de tanto intento, cierran el check in y me quedo en tierra, sin vuelo de recambio y sin reembolso ni cancelación de los vuelos para la vuelta. Esto son más de 500€ en pérdidas. Fatal"
RYR_0087,Ryanair,Desconocido,Madrid,Dublin,Europe,diciembre de 2025,1,"No hay peor compañía aérea Una pena que no pueda poner menos estrellas, la peor compañía con la que he viajado jamás. Un retraso de 3 horas, nos mantuvieron encerrados como animales en un autobús a unas 30 personas durante 40 minutos. Ademas, llevábamos 3 maletas facturadas, las cuales por un error de ellos tuvimos que volver a pagar (150€) para que al final nos las pusieran en la bodega y no en el avión como habíamos pagado. Cuando pedimos la hoja de reclamaciones no la tenían ahí, en físico (además de ser ilegal, todos los sitios tienen que tener una hoja de reclamaciones física), aún así la pusimos online."
RYR_0088,Ryanair,Desconocido,Bologna,Madrid,Europe,diciembre de 2025,1,"La peor de los peores, siempre cambiando el equipaje de mano para cobrar ,hoy viaje con ellos y todos los trabajadores son antipsicóticos,46 euros de maleta cuando antes me la podía llevar, hace dos años 60 con un retraso de 4 horas sin avisar y nadie te hace caso.Nunca jamás"
RYR_0089,Ryanair,Desconocido,Palma de Mallorca,Valencia,Domestic,diciembre de 2025,1,Servicio malisimo tanto el de ida como la vuelta. Ambas con una hora de retraso. Luego era la primera vez que viajaba con esta compañia. Y en la ida no saqué las tarjetas de embarque online. Y cual fue la sorpresa 30€ por persona. Y digo yo si viaja una persona mayor que no sabe utilizar el online que hace 30€ en fin sois lo peor de las aerolíneas. Mi primera y última vez que viajo con esto.
RYR_0090,Ryanair,Desconocido,Manchester,Barcelona,Europe,diciembre de 2025,1,"La persona Michael Coleman 12456 Swissport nos trato de lo peor y quería mi madre con problemas de movilidad que ya le habian autorizado subir al avion y ella estando ya en su accientos, la quería obligar a regresar para sacarle dinero. Yo se lo dije en español y en ningún momento nos hablo en español y el me entendió, dejó a mi madre tranquila. De todo el viaje, esa persona nos trató muy mal y nos obligo a pagar por las maletas que ni llenas iban pero como se pasaban como 3 milímetros sobre la línea, o pagabamos o pagabamos."
RYR_0091,Ryanair,Desconocido,Valencia,Milan,Europe,diciembre de 2025,1,"Pago por la reserva de un asiento, cambian el avión y por tanto, no respetan el número de asiento. Me colocan en el que ellos quieren ( en medio de 3 asientos) que es lo que evito siempre, y al solicitar el reembolso me devuelven solo 3€ me dicen que la diferencia es lo que vale el asiento. Consejo; No paguéis por la reserva de una plaza porque pagas por ella y luego no te devuelven el dinero sentándote donde ellos quieren. Estafadores"
RYR_0092,Ryanair,Desconocido,Dublin,Barcelona,Europe,diciembre de 2025,1,"El trato que nos dieron en la puerta fue nefasto. Iba con mi pareja y mi hijo y no nos dejaron pasar porque las mochilas eran muy grandes, según ellas. Cabían en el molde ese que tienen en la entrada y aún así nos dieron que no que sobresalían por delante.... Todo con una chulería y una prepotencia dignas de ver... En fin, . No suelo viajar en avión pero no, si lo hago no será con esta aerolínea."
RYR_0093,Ryanair,"Badalona, España",Barcelona,Budapest,Europe,diciembre de 2025,1,Sale de un aeropuerto de España no las instrucciones en español. Salió con una hora de retraso a la vuelta tuvimos un imprevisto no había nadie para resolver el problemael vuelo. Tardó 1/4 de hora + en salir y perdimos el vuelo. Gracias a esto viajaremos en otra compañía.
RYR_0094,Ryanair,Desconocido,Malaga,Rabat,International,septiembre de 2025,1,"En mi último vuelo de Ryanair me quedé impactada por el servicio que recibí. Tuve numerosos problemas, empezando por la compra de mi billete y la franquicia de equipaje. Al intentar facturar, me bloquearon, alegando que necesitaban un visado, a pesar de llevar doce años viviendo en España y tener residencia legal. Después, no pude completar los trámites restantes porque me exigieron que pagara mi equipaje dos veces. Me dijeron que no sabían por qué tenía este problema, pero que debía pagar 50 euros para solucionarlo (50 euros por trayecto). Cuando llegué temprano, me dijeron que estaban cerrados y que abrirían dos horas antes. Al llegar, inmediatamente me exigieron más dinero para solucionar los problemas que habían creado. Una empleada me obligó a pagar, diciendo que no le importaba mi problema en sí; solo le importaba que pagara para solucionar algo que no era mi culpa. Otra empleada empezó a insultarme e intentó golpearme cuando me negué a pagar. Al final, me confiscaron el teléfono y me obligaron a pagar 30 euros contra mi voluntad. Me insultaron y me insultaron. Tengo mucho miedo de volver a viajar con ellos."
RYR_0095,Ryanair,Desconocido,Valencia,Santiago de Compostela,Domestic,diciembre de 2025,1,"Ryanair es lo peor,y sus empleados dejan mucho q desear,son unos maleducados y unos prepotentes,nunca he tenido problema con las dimensiones de la mochila y hoy va una y me dice q el bolso tiene que ir dentro,vale,dentro no me cogía y lo q hice fue sacar alguna cosa q llevaba y meterla en los bolsillos de la cazadora,cuando llega la hora d pasar el QR paso sin problema y oigo a la otra azafata gritar como una loca señora señora,tiene q meter la mochila en el medidor, y no puede llevar nada en los bolsillos, eso es nuevo,la mochila entraba,cierto es q sobresalia un poco,pero vamos q entra perfectamente debajo del asiento del avión,me hace quitar ropa o pagar,por lo q me pongo a quitar ropa y d muy malas maneras poniendome nerviosa me dice q no voy a poder embarcar,q tngo un minuto,cndo aún faltaba basnte para la hora d despegue,una sinvergüenza,al final pude embarcar pero ya digo así no se trata a tus clientes"
RYR_0096,Ryanair,Desconocido,Tirana,Milan,Europe,octubre de 2025,5,"Tenía mucho miedo por los comentarios, fueron puntual, no me pesaron ni revisaron mis maletas, no documenté por lo que tenía miedo con respecto a las medidas de la maleta para poder abordar, todo estuvo muy bien, cómodo, puntual, limpio, el checkin muy sencillo también."
RYR_0097,Ryanair,Desconocido,Oviedo,Brussels,Europe,agosto de 2025,1,"El día 19 de agosto me han ofrecido una prueba gratuita de 15 días del Ryanair prime, acepté y se me cobró un cargo de 99,99€, pero busqué en sus condiciones e informaban que era normal y que si cancelaba antes de los 15 días se me devolvería el dinero, cancelé este plan el 1 de septiembre (a los 13 días de haber aceptado esta oferta gratuita), a mi sorpresa, el dinero no llegó de nuevo a mi cuenta bancaria al finalizar este plazo gratuito el día 3 de septiembre. El 5 de septiembre, 2 días después de que se acabara este plazo, contacté con una trabajadora de su compañía mediante el chat para exigir mi devolución y su única solución fue que esperase entre 7 y 10 días para que se me devolviese, además de decirme que ya había informado de mi caso y de que se me devolvería el dinero. Ha pasado casi un mes y tras repetidas veces intentando chatear con ustedes y sin darme respuesta, sigo sin recibir mi devolución de 99,99€. Obligándome a tener que contactarles vía correo, exijo una explicación de su forma de actuar ante este problema y lo más importante, que se me devuelva ya mi dinero, gracias. Ya han pasado tres meses y desde su último correo que se pondrian en contacto, todavía no se nada de mi dinero, han superado ustedes el tiempo de devolución"
RYR_0098,Ryanair,Desconocido,Rome,Madrid,Europe,diciembre de 2025,1,"Pagas priority y las maletas, pero llegando a la puerta de embarque te hacen pagar 70€ por cada una, te mandan a subirte hasta el último por fuera del aeropuerto, te hacen volver acomodar las maletas y tienen malos tratos."
RYR_0099,Ryanair,Desconocido,Dublin,Barcelona,Europe,diciembre de 2025,2,"Mi novia viajó a Dublín y, al regresar a Barcelona, tuvo una de las peores experiencias que hemos vivido con una aerolínea. Antes de abordar, un miembro del personal la detuvo para decirle que no podía llevar en la mano un simple Funko Pop, un objeto pequeño que no estorba y que claramente no representa ningún problema. En su mochila ya no cabía, por eso lo llevaba en la mano. Ella intentó explicarlo y pedir que, por favor, la dejaran pasar así. La respuesta fue totalmente prepotente y fuera de lugar: “No sé por qué estás perdiendo tu tiempo si igual vas a tener que pagarlo.” Le terminaron cobrando 66 euros solo por permitirle abordar con un muñeco diminuto. Aun así, lo pagó porque le tenía cariño. Lo peor vino después: cuando ya iba a entrar al avión, otra empleada la detuvo nuevamente y le volvió a decir que no podía llevar el Funko, a pesar de que ya había pagado. Mi novia tuvo que quedarse esperando mientras esa empleada “consultaba” con sus compañeras, sin ninguna explicación clara ni respeto hacia ella. La experiencia fue pésima, principalmente porque, mientras esperábamos, vimos cómo otras personas abordaban con bolsas, chaquetas e incluso objetos en la mano sin que nadie les dijera absolutamente nada. Esto deja en evidencia la inconsistencia, arbitrariedad y mala actitud del personal, que trató a mi novia de forma injusta y totalmente innecesaria."
RYR_0100,Ryanair,Desconocido,Krakow,Valencia,International,diciembre de 2025,1,"Mala experiencia te cobran por respirar, la gente del aeropuerto de la empresa con un trato malísimo , no recomiendo , el personal del aeropuerto trato degradante."
RYR_0101,Ryanair,"Medellín, Colombia",Barcelona,Rome,Europe,diciembre de 2025,1,"Cobros ocultos e información poco clara para extraer dinero extra a los pasajeros, realizando cobros ilogicos cuando ya se había pagado una maleta"
RYR_0102,Ryanair,"Barcelona, España",Desconocido,Desconocido,Desconocido,diciembre de 2025,1,"No Tuve ningun problema ni equipaje, que pague lo estipulado ni horario. Todo lo demas deplorable, el Trato de los assistents de vuelo pesimo, mal esucados y nada profesionales, en cuanto a comodidad, pesimo todo y pagando asiento, el baño de proa no se podia utilitzar porque no habia papel,😂😂😂 Trato pesimo, solo volar con esta compañia si no hay otra opcion."
RYR_0103,Ryanair,Desconocido,Dublin,Seville,Europe,diciembre de 2025,2,"Personal de azafata pésimo una chica muy mal educada en el embarque nos trató maleducadamente y muy grosera. Además pararon a mí amiga pq uno d sus niños y ella no salía la tarjeta d embarque y ella hablándole en inglés ( lo más asombroso es q la señorita sabía español) y gritando a mí amiga q no la entendía, cuando ya a la azafata se le antojó nos habló en Español para tratarnos aún peor vamos d chiste todo. No se lo aconsejo a nadie a mí amiga además le sacaron 110 euros más por las tarjetas d embarques d nuevo. Si pueden te cobran hasta por ir al baño."
RYR_0104,Ryanair,Desconocido,Manchester,Madrid,Europe,diciembre de 2025,5,"quiero agradecer a Marcos y Elena los azafatos de vuelo FR 6814 de Manchester a Madrid del día 2 de diciembre, tengo un ligero miedo a volar, me ayudaron muchísimo y estuvieron pendientes en todo momento, volar con azafatos así da gusto, el piloto un 10 el vuelo fue súper tranquilo y rápido, muchas gracias 💖"
RYR_0105,Ryanair,Desconocido,Rome,Malaga,Europe,diciembre de 2025,2,"20 minutos de retraso en el vuelo, pero eso hasta podría ser aceptable. Lo que no lo es son personal de tierra gritando a los pasajeros en la cola dd embarque de una forma como yo no había visto rn mi vida. Me habían hablado del maltrato que ejerce el personal de esta compañía con los clientes pero nunca había volado con ellos. Y tras lo que he visto, lo seguiré evitando siempre que pueda. Por cierto, lo de low'cost es mentira. Te cobran tantos extras quw al final Iberia sale más barato"
RYR_0106,Ryanair,Desconocido,Madrid,Brussels,Europe,diciembre de 2025,3,"Es la primera vez que vuelo con Ryanair y, la verdad, después de leer las críticas pensé que mi experiencia no iba a ser buena, pero no: ha sido bastante satisfactoria. El vuelo de ida salió con 45 minutos de retraso, pero llegó prácticamente a la hora marcada, y el de vuelta fue puntual. En cuanto a la política de equipaje de cabina, pude comprobar que no hay demasiado control y que muchos pasajeros hacen un poco lo que quieren. Yo, por ejemplo, me ceñí a las medidas establecidas y tuve que comprar una maleta para bodega, pero mi sorpresa fue que mucha gente llevaba dos maletas: la gratuita y otra de “priority”, con medidas que sobrepasaban claramente lo que la compañía tiene establecido. Y, sinceramente, no me parece justo. Lo único negativo que destacaría son los asientos, bastante incómodos, sobre todo para alguien como yo, que mide 1,90 m."
RYR_0107,Ryanair,Desconocido,Rome,Barcelona,Europe,diciembre de 2025,1,"Llegamos 2 hora y media antes del vuelo y nos dió alguien de la aerolínea mal.la informática. Por o que cuando faltaban 1:58 hrs para el vuelo nos dijeron que ya no alcanzamos a hacer el check in online y tuvimos que pagar €55 por persona. Después en la fila para abordar, la chica se molestó por qué eramos un grupo de 8 personas y nos hizo pagar €46 extra por cada mochila. Traemos una carreola certificada como personal item o equipaje personal y nos pusieron etiqueta para mandarla abajo y no poderla subir como quipaje personal aun y cuando pagamos el boleto completo del niño. La atención a cliente es pésima. Jamás volveremos a viajar con esta aerolínea. Cada pasajero pagamos en total ,€100 por persona. Lo cual fue un gasto de €800 extra a lo que ya habiamos pagado. Viajamos muy seguido y hemos usado muchas aerolíneas. Mop mucho es LA PEOR. Yabordo la asistente de vuelo le quitó a una integrante del grupo su bolsa de mano y la metió a la fuerza al compartimento de arriba causándole daños. Al querer poner una queja nos dijeron que ellos no son parte de la aerolínea, si no una empresa subcontratada. Pésimo"
RYR_0108,Ryanair,Desconocido,Madrid,Dublin,Europe,noviembre de 2025,1,"El tema de equipaje es lamentable , con mochila algo abultada que cumple sus medidas si no entra por llevar un jersei te hacen ponértelo la imagen que da la compañía con estas acciónes es de cutres.....muy cutres , que no iba con una mochila de montaña ni una bolsa de deporte grande. El trato del personal de la puerta de embarque en el vuelo Dublin-Madrid es muy malo. Por mi parte un cliente menos y espero que la gente se dé cuenta que es preferible pagar algo más e ir con compañía reales y no de cutres porque hacer poner un jersei con una fila enorme......es de CUTRES"
RYR_0109,Ryanair,Desconocido,London,Las Palmas de Gran Canaria,Europe,noviembre de 2025,1,"La compañía más mala del mundo las cosas que pasan con ellos no pasa con más nadie. Resulta que tengo 2 vuelos y son con conexión. Vengo desde Turquía Estambul operada y con puntos aún y además con retraso de 30 minutos cosa que no es culpa mía ; llego a Londres y paso el control de pasaporte y aduana, en este me retienen la maleta y la revisan cosa que se pegan como 15 minutos porque habían maletas antes que la mía. Le muestro a la chica que la puerta cierra a la 13:40 si me puede adelantar y la respuesta de ellos es que no pueden hacer nada está la fila. Me revisa la maleta y listo camino hasta la puerta a todo tren , Final cuando llego a la puerta obviamente ya había cerrado no me dejaron subir. Luego de hacerme correr por todo el aeropuerto para buscar información no dan solución con mi problema. No entiendo porque si es vuelo con conexión porque lo saqué a través de un teleoperador según ellos no esperan y la solución es que saque un pasaje nuevo que sería para el día siguiente y pagarlo por supuesto. La otra solución de RYANAIR es que volé primero con pegasus y luego ellos no pueden hacer nada si fuera RYANAIR Y luego nuevamente RYANAIR Y el vuelo trae retraso si me solucionan. Qué culpa tengo si pegsus se retraso ?? Es indignante con esta gente. MÁS NUNCA SACO UN PASAJE CON ELLOS ASÍ SEAN LA ULTIMA AEROLÍNEA DEL MUNDO. Conclusiones me tuve que quedar en el aeropuerto más de 12 h y pagar nuevamente un pasaje. Horrible la experiencia."
RYR_0110,Ryanair,Desconocido,Valencia,Milan,Europe,julio de 2025,5,"Sin duda la mejor compañia de bajo coste junto con easy jet, tuve que viajar con Wizzair por disponibilidad de fechas y NUNCA MÁS, antes me paso 20h en autobus lleno de gente sin aire acondicionado a volver a probar una compañia q no sean ellos. La atención del personal es buena y la relación calidad precio también, tienen costes adicionales en algunas cosas, pero ni se pasan en los precios ni son nada irracionales, ya que para quienes no necesitan estos servicios proporciona un vuelo mucho más barato y de buena calidad."
RYR_0111,Ryanair,Desconocido,Valletta,Madrid,Europe,noviembre de 2025,1,"No le pongo 0 estrellas porque no hay. Ratanair debería llamarse, ruines como siempre. Lo que te ahorras en el billete te lo cobran alegando que tu mochila de mano es demasiado grande cuando cumple perfectamente las medidas exigidas. Los trabajadores del aeropuerto de Malta unos maleducados. ESTAFADORES!"
RYR_0112,Ryanair,Desconocido,Memmingen,Alicante,Europe,noviembre de 2025,1,"Un viaje horrible y asqueroso. No entiendo a estas alturas y con tantos controles como pueden dejar que la gente suba con alcohol al avión y que incluso se pueda vender alcohol en el mismo. Me tocaron tres personas justo en los asientos de al lado, y estuvieron las 2 horas de vuelvo de juerga, no solo entre ellos, molestando a todos los que podían y a los que no podían. Una peste alcohol que no se podía estar a su lado, todo el rato moviéndose y tirando la cerveza y los chupitos a todo su alrededor. Me parece vergonzoso que tengamos que aguantar tonterías y estupideces de esta clase de gente y lo que más me molesta es que sigan permitiéndose esas cosas. Nadie os ha hablado de respeto verdad? VERGONZOSO"
RYR_0113,Ryanair,Desconocido,Krakow,Barcelona,Europe,noviembre de 2025,1,"El vuelo se retrasó más de 3 horas y como el aeropuerto es pequeño nos iban pasando de un lado a otro, como borregos. Nadie nos informaba. Cuando hice la reclamación no me la aceptaron. Son unos impresentables. Nunca más. Prefiero pagar algo más y volar más tranquilo."
RYR_0114,Ryanair,Desconocido,London,Alicante,Europe,noviembre de 2025,1,"La peor aerolínea que hay, todas las veces que he viajado con ella me han puesto problemas y me han hecho pagar el doble. Son unos estafadores y unos sinvergüenzas"
RYR_0115,Ryanair,Desconocido,Barcelona,Naples,Europe,noviembre de 2025,1,"Varias veces me he dado cuenta que al aterrizar no es bueno del todo. Primero fue el año pasado cuando tocaba tierra lo hacía muy fuerte y así dos veces.Hoy 25 de noviembre de 2025 me subí al vuelo con miedo y cuando estaba llegando al aerpouerto de napoli a aterrizar el avión simplemente subió nuevamente,la experiencia más fea y confusa de mi vida pensé q iba a morir ,de echo creo que todos pensamos en eso,nos dijeron que era por el aire fuerte y cuando bajamos no había aire fuerte, el avión venía a aterrizar con mucha velocidad y eso no es normal, Me he sentido mal toda la noche y mañana creo que tendré que ir al médico por esta mala experiencia, más nunca me montaré con esta compañía . Qué feo sentir que estás bajando a velocidad y nuevamente subas sin esperarlo. No los recomiendo y este será mi último vuelo porque si hubiera padecido del corazón hubiera muert()"
RYR_0116,Ryanair,Desconocido,Valencia,London,International,octubre de 2025,1,"OJO! En el aeropuerto de VALENCIA hay una encargada de Latinoamérica que afirma de ser la responsable de Ryanair a los mostradores, que obliga a varios pasajeros a pagar para sus maletas y además EXIGE COBRAR en EFECTIVO sin dejar recibo de compra y aprovechando de la prisa de embarcar, ya que siempre van con retraso.."
RYR_0117,Ryanair,Desconocido,Budapest,Alicante,Europe,noviembre de 2025,1,"Problemas mecanicos en el avión que hacen retrasar el vuelo más de 2horas, personal de la compañia absolutamente desagradable, no hablan ni siquiera ingles correctamente, cero empatia, te tratan de forma absolutamente despreciable. No lo recomiendo a nadie,"
RYR_0118,Ryanair,Desconocido,Valencia,Palermo,Europe,noviembre de 2025,3,Retraso 50 minutos me cambiaron tres veces la puerta de embarque a la vuelta también 40 minutos de retraso pero la tripulación muy amable y también Un vuelo agradable
RYR_0119,Ryanair,Desconocido,Porto,Madrid,Europe,noviembre de 2025,1,"Compañia pesima ,mucho ruido al viajar , tardan muchísimo en despegar y en abrir las puertas al aterrizar en fin que se puede esperar de rayaner"
RYR_0120,Ryanair,"Región de Murcia, España",Murcia,Dublin,Europe,noviembre de 2025,1,"Malísimas experiencias tanto desde Alicante como desde Murcia. El avión muy sucio, Personal de tierra mal educados y desganados en su trabajo, personal de cabina cada vez menos formado, malísimo trato a las personas. En definitiva si puedes evitar volar con ellos te recomiendo que lo hagas."
RYR_0121,Ryanair,Desconocido,Valencia,Las Palmas de Gran Canaria,Domestic,noviembre de 2025,1,"Que te cobren casi lo mismo por hacerte el cheking que por los pasajes que compré, lo dice todo compañía que se debería arruinar todo malo"
RYR_0122,Ryanair,Desconocido,London,Madrid,Europe,noviembre de 2025,1,"Siempre intentamos abaratar los costes. Pero está vez nos salió más caro. No pudimos embarcar pq se había cerrado la puerta 5 minutos antes de que llegáramos, de ido a la lluvia se retrasó el trasporte y tardamos más de lo normal. Y ellos no se hacen cargo de ello. Ellos en cambio tardaron media hora en salir al siguiente vuelo que cogimos, pero no pasa nada si es por culpa suya, por causas ajenas 235 euros más tuvimos que pagar para poder volver ajar de vuelta mi esposa y yo. Además al tener que comprar otros billetes nos dieron unos en la parte trasera y al llegar a Madrid con retraso tuvimos que esperar otra media hora para desembarcar puesto que solo dejaban desembarcar por la puerta delantera."
RYR_0123,Ryanair,"Nueva York, Estado de Nueva York",Marrakech,Berlin,International,noviembre de 2025,1,"La peor experiencia con Ryanair en el aeropuerto de Marruecos. Eviten volar con esta aerolínea. Intenté hacer el check-in desde la aplicación, pero no me lo permitía, y aun así quisieron cobrarme una tarifa extra. La señora del mostrador fue muy grosera y poco profesional; incluso dijo que mi tarjeta no pasaba, aunque luego, desde otra terminal, el cobro se realizó sin problema. Además, me cobraron mi carry-on como si fuera equipaje documentado, algo que nunca me había pasado con ninguna otra aerolínea. En general, un servicio pésimo y nada recomendable."
RYR_0124,Ryanair,"Aranda de Duero, España",Madrid,Berlin,Europe,septiembre de 2025,1,"El avion se retraso nada menos que 5 horas,nos cambiaron de avion y tenian los dos problrmas tecnicos.ni una triste botella de agua nunca jamas repetire la experiencia.mi tiempo es oro y mi salud mental tambien..no tienen verguenza.al tener que coger equipaje pagar pqra embarque yq que hay que llevqrlo impredo pitos y flautas sale el vuelo igual que con iberia"
RYR_0125,Ryanair,"Madrid, España",Madrid,Valletta,Europe,octubre de 2025,1,"La gestión en la facturación en el aeropuerto de Madrid, llego un correo no muy entendible sobre la forma digital de conseguir la tarjeta de embarque, llegue 2 horas y 10 minutos antes al aeropuerto T1, iba con mi hijo con discapacidad no podíamos correr por el aeropuerto y cuando llegamos a mostradores, se pusieron a hablar de sus cosas entre ellos y nos atendieron mal y de forma despota, se pasó 4 minutos en lo de las 2 horas antes y entonces sin ninguna atención más empatica al momento no cobran 30 euros por cada tarjeta de embarque. VAYA ROBO QUE HAN CREADO EN SUS GESTIONES. NUNCA MAS CON ESTA COMPAÑIA. VAYA ROBO DE GESTIÓN."
RYR_0126,Ryanair,Desconocido,Rome,Madrid,Europe,julio de 2025,1,"Viajamos como ganado. Los asistentes de cabina iban sucios y trataban mal a la gente. Me rompieron la maleta, reclamé al llegar al aeropuerto el 28 de julio. Estamos a noviembre y no paran de pedirme una y otra vez la misma documentación, pero aún no me han pagado. Llamo y después de 30 minutos a la espera, cuelgan. Hablas con el chat y la persona que contesta dice que no puede dar ninguna información, que tenga paciencia. (menos mal que es la persona que está para informar a los clientes....) La peor compañía aérea con la que he viajado y con la que no volveré a viajar más."
RYR_0127,Ryanair,Desconocido,Marrakech,Santander,International,noviembre de 2025,1,"El hombre que estaba en el checking un mal educado, lo único que le interesaba era facturar una de nuestras maletas de mano para cobrarnos 40€ y de muy malas formas. Pésima experiencia gracias a él."
RYR_0128,Ryanair,Desconocido,Milan,Madrid,Europe,noviembre de 2025,1,"Lamentable. Dos horas de retraso, nos llevan a un avión, media hora de espera en el bus, tras lo cual nos llevan a otro avión. Es vergonzosa la organización, y esto afecta directamente porque se pierden las conexiones de vuelos, trenes… y lo peor, NO ES LA PRIMERA VEZ. Pero intentaremos que sea la última con estos impresentables."
RYR_0129,Ryanair,Desconocido,Edinburgh,Madrid,Europe,agosto de 2025,1,"Hola a todos, está compañía es pura mafia y estafadores . Te intentan cobrar si tu maleta , aunque sea de cabina, sobre pasa por cualquier motivo la medida y no entra 100% en el hueco. Debes de vaciar y que entre toda en el hueco o debes de pagar 75€. Encima te amenazan con dejarte en tierra de una forma burda y chulesca. Delante mía han cobrado por esto a una familia de tres miembros , las tres maletas 75x3. Abuso de poder, sin educación, sin dar servicio al cliente. Esto es del vuelo Edimburgo- Madrid del domingo 11 agosto a las 14,45h. Mi nombre José Antonio Gracia Aviles Asiento 2E. Por si quieren comprobar todo esto."
RYR_0130,Ryanair,Desconocido,Lanzarote,Madrid,Domestic,octubre de 2025,1,"No recomendable para nada, compañia abusiva sobretodo con el equipaje , personal deprimente , y si te pueden colar que vuelvas a facturar tenlo claro que lo haran, al final lo barato sale caro, y siempre tarde."
RYR_0131,Ryanair,Desconocido,Desconocido,Desconocido,Desconocido,octubre de 2025,1,"Tuve una pésima experiencia. Es, sin duda, la peor aerolínea de todas. Tanto el personal de tierra como el de a bordo fueron increíblemente groseros y poco profesionales. I had a terrible experience. It’s by far the worst airline ever. Both the ground staff and the cabin crew were extremely rude and unprofessional."
RYR_0132,Ryanair,"Teulada, España",Sofia,Alicante,Europe,septiembre de 2025,5,"Hola buenas, pues nada cuento mi experiencia del viaje de vuelta a Alicante desde Sofia. Viajamos tres, siempre con priority, te da derecho a una maleta en cabina así como una bolsa de mano o mochila, cumpliendo las medidas de la compañía, con 10 como máximo de peso y compro asientos XL por 5.- €, vale la pena. Embarque perfecto, diferenciando cola de priority a la no priority, rápido y sin problema alguno, nada de comprobar maletas, pesar o medir. Todos sentados y arrancamos a la hora prevista. Llegada a Alicante como no podía ser de otra forma en hora, suenan las trompetas típicas de Ryanair cuando llega el avión en hora, saludos y las gracias por volar con Ryanair. Todo perfecto, desembarque correcto y nada más que decir. Que días antes recibes correos electrónicos sobre el equipaje, que adquieras más por si acaso, que si quieres añadir vía rápida etc etc, nadie puede decir que no te informan ya que lo hacen hasta la saciedad. También depende si has comprado pasajes directamente en su página y no a través de una agencia de viajes, ahí puedes tener algún problemilla con el equipaje si no lo contratan los de la agencia, después vienen los madre mía en la puerta de embarque. Yo de momento y espero que siga así no he tenido problema alguno, la tripulación siempre española simpática y atenta. Lo dicho, hay que leer la normativa de la compañía con la que se viaja, de esa forma de pueden evitar imprevistos. Saludos. PD: El avión de vuelta era de la compañía Malta Air, que para el caso es lo mismo, la tripulación vestía de Ryanair."
RYR_0133,Ryanair,Desconocido,Valencia,Malaga,Domestic,agosto de 2025,1,"Experiencia pésima con Ryanair: maltrato al cliente y cobros abusivos Nuestra experiencia con Ryanair ha sido absolutamente decepcionante y frustrante. Nos denegaron el acceso al vuelo FR680 Valencia–Málaga (01/08/2025) si no pagábamos 100 € extra por unas maletas de cabina que cumplían con las medidas estándar. A pesar de aportar pruebas (recibos, fotografías, tarjetas de embarque), la compañía ignoró nuestras reclamaciones y no respondió a ninguno de nuestros tres requerimientos. Este cobro es totalmente injustificado y contrario a la ley, ya que las maletas cumplían perfectamente los requisitos de cabina y no existía motivo real para exigir ese pago. La actitud de Ryanair es claramente abusiva: aprovechan su posición para extorsionar a los pasajeros con cargos ilegales e ignoran cualquier reclamación, demostrando un absoluto desprecio por los derechos de los viajeros. Finalmente, ante la falta total de respuesta, hemos tenido que presentar una reclamación oficial ante la Agencia Estatal de Seguridad Aérea (AESA). Consideramos imprescindible advertir a otros usuarios sobre estas prácticas y desaconsejamos totalmente volar con Ryanair si no quieren exponerse a abusos, falta de ética y una atención al cliente inexistente."
RYR_0134,Ryanair,Desconocido,Desconocido,Desconocido,Desconocido,octubre de 2025,1,En el aeropuerto de Toulouse Tengo una maleta comprada con las medidas 40/55/20 y no cabe Me gustaría un metro para medir su cajón seguro que no mide lo que anuncian
RYR_0135,Ryanair,Desconocido,Alicante,Bologna,Europe,octubre de 2025,1,"Es bajo costo y entiendo la logística. Quiero solo comentar que en el vuelo Alicante a Bolonia, a una de las azafatas deben darle clases de amabilidad y no ser grosera. No me tocó a mi, pero si a un adulto mayor que no escuchaba bien y había colocado su maleta ( preferente) y mochila en el compartimiento de arriba. Saco la mochila y pregunto de quién era, el señor no escucho y aviso que ""tiraría afuera esa mochila"" hasta que el señor vió lo que sucedió. Era un rubia de anteojos, con cabello recogido, joven y con prendedor en la solapa del Indalo y la Bandera de Andalucía. Así sucedió con otras mochilas y no estoy en contra, es la manera como se actúa y se habla. Otra señora de los puestos de adelante trato de acomodar una maleta para ubicar su equipaje, y ella le dijo: "" no la toques, que está rota y es mía"". Reintegre la luego de unas clases de modales. Gracias"
RYR_0136,Ryanair,"La Plata, Argentina",Barcelona,Marrakech,International,octubre de 2025,1,"Pague por llevar una maleta, cuando pasas por mostrador te engañan con el tamaño, siempre para ellos es más grande y te hacen pagar extra, toda la gente muy enojada. El resto es malo, pero bueno es loucost"
RYR_0137,Ryanair,"Antofagasta, Chile",Liverpool,Madrid,Europe,octubre de 2025,1,"Viajé con mi familia (5 personas) a Gran Bretaña en octubre y decidí volver de Liverpool a Madrid. Habia comprado solo un equipaje de bodega para una maleta grande donde llevamos todos los recuerdos y botellas de licor. Pensaba llevar dos de las maletas de cabina en bodega, que todas las aerolineas ofrecen de manera gratuita. Ahi empezaron los problemas. La señorita del counter nos dice que para llevar las maletas en bodega debemos pagar, que nuestra tarifa solo permite llevarlas arriba. Con el poco inglés que manejo me dio solo para entenderle esto, pero no para discutirle que todas las aerolineas lo permiten. Después de reclamar un poco, le dije, ya ok, cuánto cuesta llevar el equipaje abajo, y en ese momento ella me responde que ya no es posible"
RYR_0138,Ryanair,"Toledo, España",Desconocido,Desconocido,Desconocido,octubre de 2025,1,"Cobros extras por todo, y siempre anotación escondida y letra pequeña. Para tener que pagar. Maltrató y mala atención de los trabajadores por el revuelo y desengaño de los viajeros."
RYR_0139,Ryanair,Desconocido,Valencia,Agadir,International,octubre de 2025,1,"En mi vuelo del 16 de octubre de 2025 valencia - agadir a las 5:50 (para que tengáis en cuenta las azafatas que hacen el check in) La peor experiencia de mi vida en aeropuertos hasta el momento. La azafatas me mira en la cola, luego se acerca de buen rollo a decirme que me meta el bolsito en la maleta de mano. La mochila comprada por amazon con las medidas reglamentarias de ryanair. Cuando estaba a punto de pasar, le dice en voz baja a la compañera: “la maleta, “la maleta” Pasa para medirte. Mi maleta entra en vertical y en horizontal se sobre sale minimamente. Mi amiga, que llevaba maleta compartida conmigo, ya arriba del avión, no puedo “acomodarme” como me decía ella. Me hace pagar 50€, no tienen ni para pagar con movil. La gente de al lado, con la mismisima maleta que yo, le digo pero mira, y no paran a nadie. Unas envidiosas y maleducadas, no sé quién hace de rrhh en ryanair pero una experiencia horrible. Tenía un viaje programado para el mes que viene y prefiero pagar 100€ más con vueling que con esta compañía de azafatas maleducadas, niñas jovenes que no tienen ni argumentos y no saben ni hablar. Espero que se tomen medidas en especial con ellas porque juro que no tiene ningún tipo de sentido lo que me han hecho hoy. Es totalmente injusto."
RYR_0140,Ryanair,Desconocido,Bologna,London,Europe,septiembre de 2025,1,"Vuelo desde Bolonia a Londres el 11 de septiembre. Un desastre. Me cobraron el checkin 51€ por persona, abrieron el checkin online dos minutos, lo estaba haciendo y se me cerró. Después no me dejaron subir las valijas de mano, querían que pague 46€ cada una, me dijeron que una si, vacié una y cuando llegué me dijeron que esa tampoco, tuve que dejar mis valijas por que encima era todo con tarjeta. Nos trataron mal en el checkin y antes de subir al avión. Una barbaridad que te cobren eso por hacer un checkin. Jamás visto. No viajen con esta empresa son unos estafadores."
RYR_0141,Ryanair,Desconocido,Tenerife,Madrid,Domestic,octubre de 2025,1,"No volveré a volar con ryaner, 2 horas de retraso en el vuelo, luego cambian la puerta de embarque y si no estás atento pierdes el vuelo, los asientos son incomodisimos y te intentan cobrar por llevar maleta 70€ . No le recomiendo a nadie está compañía. La peor de todas sin duda"
RYR_0142,Ryanair,Desconocido,Madrid,Lanzarote,Domestic,octubre de 2025,2,"Es una aerolíneas de bajo coste eso estal ckaro,pero de ahí a reírse de los pasajeros ya no tiene pase. Hace unos días concretamente el 4 de octubre viaje con esta compañía y debo de decir que no todo vale por ser de bajo coste,ya en en el aeropuerto nos hacen cambiar de puerta cuatro veces reírse no lo siguiente con un retraso de 55 minutos,en el avión suciedad tanto en butacas como el suelo ,así que este señor consejero delegado tanto presumir y su actitud de prepotencia y exigir y recortar vuelos en aeropuertos regionales mejor se preocupaba de las cosas importantes para lis viajeros que usan esta aerolinea Váyase señor,usted y su compañia deje que otro haga las cosas sin tanta prepotencia"
RYR_0143,Ryanair,"Lanzarote, España",London,Lanzarote,Europe,octubre de 2025,1,"Reseña sobre Ryanair – Vuelo FR5003 del 13 de octubre de 2025 (Londres Stansted – Lanzarote) Tuve una muy mala experiencia con la compañía Ryanair el día 13 de octubre de 2025 en el aeropuerto de Londres Stansted. El azafato de la puerta de embarque fue muy poco amable y me trató de forma déspota. Me dijo que no podía subir al avión con mi maleta de mano porque sobresalía apenas unos centímetros del tamaño permitido.Intenté explicarle que mi esposo tenía espacio en su maleta (ya habíamos pagado por equipaje adicional) y que podía sacar algo de ropa para ajustarla, pero no me dejó hacerlo. Además, como no hablo bien inglés, le pedí usar el traductor para comunicarme y tampoco me lo permitió. Solo insistía en que debía pagar 70 € adicionales por la maleta, y me obligó a pagar con tarjeta física en ese momento, de lo contrario no me dejaba volar.Jamás en ninguna otra compañía aérea me han tratado de esa forma. De hecho, en el vuelo de Lanzarote a Londres con la misma compañía y la misma maleta, no tuve ningún problema: todo fue correcto y sin pegas. Me parece lamentable la falta de empatía y el abuso en los precios. Sentí que solo querían aprovecharse para cobrar más, y la actitud del azafato fue totalmente inaceptable. Después de esta experiencia, no recomiendo viajar con Ryanair."
RYR_0144,Ryanair,"Barcelona, España",Palma de Mallorca,Barcelona,Domestic,septiembre de 2025,1,"Vuelo de regreso de Palma a Barcelona retrasado más de una hora. Cambian el avión. Tenía reservados tres asientos más amplios (mido más de 1,90m y los asientos normales son un problema). Nos obligan a cambiar a asientos normales. Nos dicen que no hay ningún problema, porque podemos reclamar el coste de la reserva de los asientos especiales. En la práctica no es así. Imposible. La excusa es que se nos asignaron asientos de “categoría superior”, aunque yo repito que reservé los asientos por su tamaño, no por su categoría. Además el avión era normal. No tenía ninguna distinción de categoría de asientos. Una manera más de sacar el dinero al cliente. Conclusión: nunca pagues más por la reserva de un asiento. Porque te pueden obligar a cambiarlo, no podrás impedirlo y no te devolverán el dinero. :-("
RYR_0145,Ryanair,Desconocido,Barcelona,Palma de Mallorca,Domestic,septiembre de 2025,1,"Pésimo servicio. A la hora prevista de llegada a Palma, salía el vuelo del Aeropuerto de Barcelona. No ofrecen ningún tipo de información, las auxiliares de vuelo y aquí generalizo (lo siento por las comprometidas y educadas en su trabajo) son maleducados y antipáticos. Al llegar a Palma justo saliendo de la rampa del avión intenté hablar con una auxiliar de tierra que me dejó con la palabra en la boca, se giro y se fue. No recomiendo para nada sus servicios. Cero enpatia, cero información y cero educación."
RYR_0146,Ryanair,"Málaga, España",Malaga,London,Europe,julio de 2025,5,"Uso esta aerolínea con mucha frecuencia, y la verdad es que salvo algún imprevisto, en general, estoy bastante contento con ella. En esta ocasión efectué un vuelo desde Málaga hasta Londres Stansted, a un precio solo ida de 29 € con equipaje de mano . La salida prevista era a las 12.10 y despegó a las 12.26, y en cuanto a la llegada, lo hizo con 10 minutos de retraso, lo que es de lo más razonable. Poco que objetar."
RYR_0147,Ryanair,Desconocido,Fez,Madrid,International,septiembre de 2025,1,"Maleta de cabina aceptada en el vuelo de Ida Madrid-->Fez 18/09/25. Retraso de mas de una hora después de estar en el autobús encerrados al pie del avión. Nos devuelven a la terminal. Ninguna explicación. Como van retrasados cruzan las tormentas y aterrizan a velocidad crítica. Vuelo de regreso Fez-->Madrid : El empleado estima que para el regreso no es valida en cabina la maleta que llevamos en el vuelo de ida. Las ruedas sobresalen un cm. del cajón que arbitrariamente la compañía pone a efectos de determinar las dimensiones permitidas. Voy a otro mostrador, pongo la maleta en el cajón y pregunto a otra persona que me dice que es aceptable. El arrogante empleado hace caso omiso a la opinión de su compañera. La decisión es arbitraria, pero sospecho que tienen una prima por cada maleta que hacen facturar, o por cada norma que imponen (por ejemplo cobrar si no llevas tarjeta de embarque impresa, cosa a veces imposible en un viaje. No aceptan tarjeta en el móvil) . Trato deplorable, soberbia y arrogancia. No es una compañía low cost porque al final te hacen pagar por todo. Es una compañía low service, low education,higt arrogance. A evitar"
RYR_0148,Ryanair,Desconocido,Palma de Mallorca,Barcelona,Domestic,octubre de 2025,1,"2h de retraso, y al llegar a barcelona, 30' para desembarcar por problemas con los autobuses, como para ahorrar no cogen las rampas, pues venga retraso. Que deixin tots els aeroports i ja sortirà una companyia millor..."
RYR_0149,Ryanair,Desconocido,Montego Bay,Madrid,International,octubre de 2025,1,"El vuelo llegó con 1 hora de retraso, lo cual nos hizo perder el ÚLTIMO autobús que teníamos para volver a nuestras casas, además que son unos insistentes con las malditas maletitas y sus malditos pesos. Gracias (el lugar de origen está mal, no me deja poner marruecos)"
RYR_0150,Ryanair,"Florencia, Italia",Pisa,Valencia,Europe,octubre de 2025,1,"Hola presenté la cancelación de una póliza el 27 de septiembre y se me dijo que me habrían devuelto el dinero, pero ésto no ha pasado. Entonces viajé sin seguro y todavía nollego el dinero a mi cuenta. He hecho varias reclamos por e Mail y me responden si si estamos estudiando tu caso pero nada de nada. Me parece una tomedera de pelo. Además llegue con un pequeño monociclo de 6 quilos, que había reservado como segunda maleta en estiva de 10 kilos y las señoritas del check in, que por cierto eran absolutamentente desapacibles y poco serviciales y profesionales me obligaron desonestamente a pagar 56 euros más reservando mi pequeño monociclo de seis kilos como un material deportivo muy grande. Una vergüenza! Un robo! Decir que ésa pequeña rueda con anexa una silleta, que no pesaba ni seis quilos, fuera una bicicleta. Menos mal estaba mi papá, porque o si no ésas señoras maleducados me habrían obligado a botar mi material de estudio o perder mi vuelo, y todo habiendo reservado un segundo equipaje de 10 quilos. Todo para robar algunos euros más. Exiji un rembolso inmediato tanto de la póliza cancelada el 27 cómo de los 56 euros pagados en el aeropuerto por culpa de la falta de profesionalidad de una auxiliar de vuelo muy pero muy maleducada, pero ni dieron la cara para disculparse. Nadie respondió. Pesima experiencia!!"
RYR_0151,Ryanair,Desconocido,Palma de Mallorca,London,Europe,octubre de 2025,4,"Tuvimos una muy buena experiencia , tanto de ida como de vuelta , los vuelos salieron a horario. Cabe destacar la destreza del capitán para descender en Londres con la espesa niebla que había! El precio no existe 15 euros solo con mochila ! 😊✈️"
RYR_0152,Ryanair,Desconocido,Menorca,Madrid,Domestic,octubre de 2025,1,"La peor aerolinea en la que he viajado. Sobretodo desde el aeropuerto de Menorca, son unas incompetentes, groseras mal habladas que ni siquiera saben el reglamento de la aerolínea, desde cuando tengo que llevar mi cuellero guardado en la maleta? Cuando en todos los aeropuertos lo permiten, desde cuando no puedo llevar mi bolso personal con billetera y pasaporte a la mano y tengo que guardarlo en la maleta, deberían capacitar bien al personal porque a una niña ni siquiera la dejaron pasar por una simple manta que llevaba en la mano, no entiendo si es la misma aerolínea en un aeropuerto dejan pasar y en otro no? Cero recomendable esta aerolínea y este aeropuerto sobre todo por la rubia que tenía aires de superioridad y saberlo todo dirigiéndose a los pasajeros de una manera grosera sin saber el reglamento de la aerolínea, seguro que no volveré a viajar con ustedes, dan vergüenza cómo aerolínea."
RYR_0153,Ryanair,"Madrid, España",Venice,Madrid,Europe,octubre de 2025,1,"Mal trato, mala gestión, con retrasos te hacen esperar de Teo del avión, parece una feria anuncian lotería productos comida bebida… compensa dejarse 50 euros más y volar agusto."
RYR_0154,Ryanair,Desconocido,Valencia,Seville,Domestic,febrero de 2025,1,"HORRIBLE! Las azafatas dijeron que no les importaba el vómito que había en el suelo a mi y a mi hijo nos dijeron que Lo limpiaramos nosotros! Además tuve que sentarme con las piernas en el asiento por qué el espacio de piernas era PEQUEÑISIMO de verdad y del aterrizaje no se habla, el aterrizaje fue tan fuerte que mi hijo se golpeo la cabeza en el asiento de en frente. Una estrella."
RYR_0155,Ryanair,Desconocido,London,Girona,Europe,octubre de 2025,1,"El avion vacio, el personal de la puerta de embarque desagradable, llegas al aeropuerto con dos horas de antelación para que se retrase media hora el embarque, llevamos media hora mas en el avion sin movernos y nos avisan que estaremos almenos 25 minutos mas. Revisa las medidas de tu equipaje, a mi por un vuelo que me ha costado ida y vuelta 30€ he tenido que pagar 70€ por la mochila (desproporcionado) y no te la dejan llevar contigo aunque quepa en todos sitios, la tienes que facturar aunque no quieras. Fatal!"
RYR_0156,Ryanair,Desconocido,Malaga,Vitoria-Gasteiz,Domestic,septiembre de 2025,1,"pésima compañia, no debería ni existir, la peor experiencia de mi vida. y barato nada, porque luego te cobran por todo. lo barato sale caro. evita volar con esta compañia. se equivocan ellos y lo pagas tú."
RYR_0157,Ryanair,Desconocido,Seville,Toulouse,Europe,septiembre de 2025,1,"El 23/09/2025 viajé con Ryanair. El día anterior intenté hacer el check-in online y su web no permitía el acceso. En el aeropuerto me obligaron a pagar 30 € por pasajero (60 € en total) para imprimir las tarjetas y poder embarcar. Este cobro, impuesto por la falta de acceso al check-in online, constituye una práctica abusiva que roza la extorsión y refleja un patrón de conductas comerciales inaceptables. He presentado reclamaciones ante la OCU, mi banco y el Centro Europeo del Consumidor; voy a solicitar además que las autoridades competentes investiguen y sancionen estas prácticas si procede. No volveré a volar con Ryanair."
RYR_0158,Ryanair,"Granada, España",Malaga,Zagreb,Europe,septiembre de 2025,1,"Es realmente insuperable lo mal que esta compañía funciona. En todos los sentidos. No hay ninguna razón para seguir volando con esta empresa. Los vuelos ya no son baratos. La política de maletas nefasta: 100 € hemos tenido que pagar por 2 maletas pequeñas. Ni factura hemos recibido. En la vuelta la hemos tenido que reclamar y no estoy seguro de que llegue a buen término. Los aviones no están ni tan siquiera limpios. Los retrasos son continuos y cuando entras en litigio con ellos, o vas a juicio, o las facturas que guardes de poco van a servir. Pero hay algo absolutamente reseñable por su increíble desfachatez; su personal. En mi vida he visto gente más maleducada e ineficiente. No sólo es que no te piden perdón por su inoperancia, sino que, te conminan a no viajar con ellos nunca más. Cuando he escuchado eso no me lo he podido creer. Su comportamiento es, probablemente, de lo peor que yo haya visto en cualquier tipo de servicio."
RYR_0159,Ryanair,"Mogán, España",Las Vegas,Bangkok,International,septiembre de 2025,1,Toda la vida pensé que tenía miedo a volar...hasta que cambie de aerolínea y la verdad solo tengo miedo de volar con vosotros
RYR_0160,Ryanair,Desconocido,Las Palmas de Gran Canaria,Santiago de Compostela,Domestic,septiembre de 2025,1,Realmente son unos ladrones. yo y mi pareja cogimos el vuelo de regreso de Gran Canarias con ellos y como se pusieron en huelga (que tienen todo su derecho) se canceló. Hemos tenido que comprar otro billete más caro pero lo peor de todo es que el dinero que perdimos en esa reserva te lo meten en SU BILLETERA PARA QUE GASTES OTRA VEZ EN RYNAIR. Solicité el reembolso en mi cuenta y NADA! y eso que me dijeron que en 7-10 días estaría en mi cuenta. Pero van 15 y sigue en su billetera. UNOS LADRONES
RYR_0161,Ryanair,España,Marrakech,Madrid,International,septiembre de 2025,1,"Amenaza de no volar. Tuve que pagar 40 euros, a pesar que mi equipaje de mano cumplía requisitos exigidos por la compañía. Amenazas y fraude"
RYR_0162,Ryanair,"Buenos Aires, Argentina",Madrid,Porto,Europe,septiembre de 2025,3,"linea de bajo costo, q cumplio los horarios, algo desordenado el traslado al avion y el embarque. Diferencia de costos en el aereo que vale la pena"
RYR_0163,Ryanair,Desconocido,Reus,Dublin,Europe,septiembre de 2025,1,"Si quieres que tu vuelo se retrase, vuela con Ryanair. La atención al cliente es inexistente y las respuestas parecen automáticas. Te cobran por absolutamente todo, incluso por respirar. Los asientos son incómodos y el espacio para las piernas es ridículo. Una experiencia pésima de principio a fin."
RYR_0164,Ryanair,Desconocido,Corfu,Naples,Europe,septiembre de 2025,1,"Ryanair ofrece un servicio deficiente y descortés. El personal en taquillas muestra una actitud grosera y desconsiderada, sin interés en atender al pasajero. Su única prioridad parece ser sacar dinero mediante políticas abusivas, requisitos estrictos y normas poco claras. La organización es caótica: pocas taquillas abiertas, largas filas, esperas innecesarias y tiempos que se extienden de manera arbitraria bajo el pretexto de la “prioridad”. No existe consideración hacia quienes llevan más tiempo aguardando, obligados a esperar donde puedan y como puedan. La descoordinación interna agrava la experiencia: diferentes empleados ofrecen versiones contradictorias y no hay personal disponible para orientar. Cuando finalmente hay atención, esta suele ser agresiva y sin disposición de ayudar. Ryanair no se preocupa por el bienestar de sus pasajeros. Su eslogan, “low fares, great care”, resulta una burla"
RYR_0165,Ryanair,Desconocido,Madrid,Palma de Mallorca,Domestic,septiembre de 2025,1,"Una basura, nada más llegar al aeropuerto 2 horas de retraso que con el paso del tiempo se han convertido en 3. No merece la pena, está empresa se tiene que hundir"
RYR_0166,Ryanair,"Vilches, España",Zagreb,Naples,Europe,marzo de 2025,1,La peor compañía en la que he viajado. Falta total de empatia con los viajeros. Teníamos que aterrizar en Napoles para coger otro avión a Málaga pero por razones que a día de hoy no sabemos el vuelo fue a Roma y perdimos el vuelo a Málaga sin que nadie nos explicara absolutamente nada. Tuvimos que desplazarnos por nuestra cuenta a Napoles y sacar vuelo para Madrid. En Madrid sacar billete Ave para Málaga todo costeado por nosotros. IMPRESIONANTE Y DECEPCIONANTE!!! NO LA RECOMIENDO.
RYR_0167,Ryanair,"Madrid, España",Madrid,Manchester,Europe,septiembre de 2025,1,"Retraso de aproximadamente dos horas y media y nunca nadie en ningún momento informó nada.. Aunado a eso el personal con mal aspecto y actitud borde te atienden como si les debes la vida.. despotas, mal hablados y poco atentos.. Sinceramente cada día peor el servicio que ofrecen! Lamentable..."
RYR_0168,Ryanair,Desconocido,Prague,Madrid,Europe,septiembre de 2025,1,"Durante los últimos años he viajado con cierta frecuencia con esta compañía. Al principio, dentro de retardo aceptable, los vuelos (dado el precio) eran aceptables. Los últimos vuelos siempre con un retraso inaceptable. Eso sí. Tienen cuidado de no llegar con un retraso superior a 3 horas. Así evitan reclamaciones. Anoche llegamos a Barajas cerca de las 2.00am. Lógicamente el metro cerrado. Intentaré no volver a volar con ellos"
RYR_0169,Ryanair,Desconocido,Bremen,London,Europe,abril de 2025,1,"Horrible. Me dejaron tirada en el aeropuerto. Después de esperar dos horas retraso, el avión que llegó era más pequeño que el inicial, lo cual hizo que ocho personas, sentados en las últimas filas, nos quedáramos sin volar. Llamaron mi nombre por megafonía y al hablar con las chicas me dijeron que no podía volar porque habían quitado mi asiento. Les dije que ese no era mi problema y que buscaran una solución, pero después de reírse casi en mi cara, lo único que conseguí fue perder dos horas más. Llego ya cinco meses pidiendo la devolución y compensación pero también pasan de mi cara. Nunca más voy a volar con esa aerolínia, soys unos ladrones."
RYR_0170,Ryanair,Desconocido,Madrid,Paris,Europe,septiembre de 2025,1,"Fue la peor experiencia, la peor aerolínea que he usado me cobraron dos veces la maleta o no me dejaban subir al avión! Ladrones"
RYR_0171,Ryanair,"Provincia de Barcelona, España",Barcelona,Frankfurt,Europe,septiembre de 2025,1,"La peor compañía que ha existido y que existira. asignan mi asiento a otra persona por overbooking, cuando ya lo he pagado."
RYR_0172,Ryanair,Desconocido,Las Palmas de Gran Canaria,Berlin,Europe,septiembre de 2025,1,"Te sacan dinero por todos lados ,tenía mi maleta de 10kg supuestamente solo para facturar y me hacen pagar 50€ en la puerta de embarque para poder meterla al avión y después me la mandan para la bodega . Y ensima las chicas que como hablaron todas no sé con cual hablé ,dejan mucho que desear cara al público ."
RYR_0173,Ryanair,"Manuel, España",Krakow,Valencia,Europe,septiembre de 2025,1,"HDLP, nos dejaron tirados, se rieron de nosotros haciendo un viaje a otro aeropuerto y después no devuelven al de cracovia, sin información, sin nadie que nos diera una pequeña explicación, espero que vuestra empresa quiebre, tuvimos que buscarnos la vida, bus a Prada, vuelo a Barcelona y después tren a Valencia. Espero que sufrais lo que hemos sufrido nosotros."
RYR_0174,Ryanair,Desconocido,Menorca,Madrid,Domestic,septiembre de 2025,1,"Creo q será mi última vez con esta compañía y eso q he volado bastante con ellos pero ya no compensa, es preferible pagar algo más pero ir tranquilos. Lo estricto que se ponen con el equipaje haciendo pagar a la gente, hoy he visto como han cobrado a varios, no es normal que en Madrid pase bien todo y en Menorca te pongan trabas llevando la misma mochila. Por otro lado no entenderé que en un vuelo dentro de España lo primero que hablen sea el inglés y después ya castellano, creo que un vuelo que va a Madrid debería hablar en castellano que son sus pasajeros aunque la compañía no lo sea"
RYR_0175,Ryanair,Desconocido,Madrid,Tenerife,Domestic,septiembre de 2025,1,"Retrasos tanto en vuelo de ida como de vuelta, cobran por todo (en unos años seguro que por respirar), siendo vuelo nacional no estaría mal que te informaran en español, asientos incomodísimos y duros, comida además de sacarte un riñón por lo que te cobran es mala.... En fin, un suma y sigue de cosas a cual peor. Personal correcto."
RYR_0176,Ryanair,Desconocido,Rome,Barcelona,Europe,septiembre de 2025,1,"La peor companía de Europa, si vas a sacar pasaje con ellos o ya lo sacaste, te recomiendo que lo canceles, es una estafa total esta empresa. Estabamos en el aeropuerto de Roma , habíamos facturado una maleta de 10kg y nos la volvieron a cobrar (45 euros) cuando ya estaba pagada. La verdad es una estafa, ojalá se fundan lo antes posible. Saludos desde Argentina. Pd: NO VIAJEN CON RYAN AIR"
RYR_0177,Ryanair,Desconocido,Alicante,Tenerife,Domestic,julio de 2025,1,"Si tienen un viaje por trabajo no vuelen en Ryanair, tome la ida en ryaair y la vuelta en Vueling, Vueling ni un problema en realizar la factura, ryan air 3 empleados me dijeron cosas distintas de como realizar la factura previo al vuelo, por ultimo me indicaron que me enviarían un correo luego de un mes donde rellenaría los datos de la empresa. El correo nunca llego cuando llamo e indican que no pueden realizar la factura. si tienen un viaje de trabajo ahórrense los problemas."
RYR_0178,Ryanair,"Valdivia, Chile",Malaga,Marseille,Europe,septiembre de 2025,1,Si viajan con esta empresa chequeen 3 veces toda la información. Compré una maleta de 10 kg. en la página web pero al llegar al embarque me cobraron 50 € DE NUEVO por la maleta. La página y la información entregada en general está hecha para equivocarse. Aunque es una maleta pequeña tenía que facturarla en el check-in antes pero esa información NUNCA entregada claramente. LES DOY UN 0 y recomiendo NO volar con la empresa mentirosilla.
RYR_0179,Ryanair,Desconocido,Berlin,Palma de Mallorca,Europe,septiembre de 2025,1,"Es la peor compañía de la historia, nunca viajen con esta compañía. Me hicieron pagar una valija extra con la excusa de que no tenia pago una de cabina. 60 euros me cobraron. Pésimo el servicio."
RYR_0180,Ryanair,Desconocido,Amsterdam,Rome,Europe,septiembre de 2025,1,"Perdí mi vuelo y no me dieron ni una sola solución, no puedes hacer nada el servicio de atención online es pésimo y además ni siquiera tienen mostradores en el aeropuerto, la peor experiencia con una aerolínea, horrorosa la aerolínea no la recomiendo para nada!"
RYR_0181,Ryanair,"Teulada, España",Alicante,Sofia,Europe,agosto de 2025,4,"Muy buenas a todos/as, cuento mi experiencia, que hasta el momento y siendo mi 5º vuelo con Ryanair ha sido buena. Salimos desde Alicante, día 28 de agosto, previsto a las 17'30 horas dirección a la capital de Bulgaria, Sofia. El embarque correcto, diferenciando cola de priority, prioridad de la normal. Lo dicho embarcamos primero, puerta de embarque Nº 40 y salida a pie de pista, nos gusta más que por la manga o pasarela, día caluroso, subida rápida al avión, sentados y maletas de cabina en su lugar así como las mochilas, siempre compro asientos XL, por 5.-€ más vale la pena. Avión en marcha, tripulación española, super simpáticos como siempre hasta ahora. Anuncian que por problemas del espacio aéreo, no retrasamos 40 minutos, bien, no pasa nada, nos relajamos, estiramos las piernas y nos comemos unos frutos secos que traíamos y agua fresquita comprada en maquina expendedora a 1'30.- € la más barata nada más pasar el control, antes de la zona de dutty free. La pongo en bidón de aluminio para que se conserve todo el trayecto fresca. Total arrancamos con el retraso, durante el vuelo ganamos 10 minutos, con lo cual la perdida es de 30. Nada importante, al menos para nosotros, que compañía no tiene retrasos? léase sobre Iberia...Aterrizaje super brusco, como siempre, no lo entiendo pero bien, llegamos sanos y salvos que es lo importante. Decir que ningún problema con la tripulación de tierra, nada de medir maletas o mochilas en la puerta de embarque. Como dije compro billete con prioridad, derecho a llevar maleta en cabina con las medidas que indica Ryanair, 55X40X20 con 10 kg. de peso y bolsa de mano, en este caso una mochila táctica de 40x30x20, con 10 kg de peso también, han cambiado las medidas ahora unos centímetros más grande. Con prioridad y comprando asientos, como dije XL, tienes derecho a realizar la facturación 60 días antes, imprimo los pasajes por si la aplicación no funciona, nunca me ha pasado y también la utilizo por el asistente de viaje que te informa en todo momento de la situación, puerta de embarque etc etc. Pienso que todo aquel que sufre algún percance es por que no se ha leído la normativa de la empresa, yo lo he hecho, puntos y comas y como dije es mi 5º viaje a falta del de vuelta y no he tenido ningún problema en la puerta de embarque, a la hora de facturar, con la tripulación, nada de nada. Siempre simpáticos y serviciales. Nada más, espero que os sirva de algo mi experiencia, como digo siempre hay que leer la normativa de la empresa con la cual se viaja, pesar, medir e imprimir siempre los pasajes, de lo contrarío pagaras en el mostrador de facturación si tu no lo haces. Saber que has pagado y que te permite llevar, de lo contrario si te presentas en la puerta de embarque con una maleta que no has pagado, la pagaras en ese momento mínimo 50.-€, y la meterán en la bodega del avión. Nadie puede decir que la empresa no informa, una semana antes del viaje te acribillan el correo de mensajes electrónicos, que puedes llevar, que factures, que imprimas, que peses, que midas, las maletas que hay que llevar, si quieres llevar más malestas etc etc... No me creo los que dicen que no les han informado, la verdad no me lo creo. Y no roban, como se dice, pagas por lo que no has contratado y crees que si tienes derecho a llevar, hay que leer más señores y señoras. Saludos y feliz retorno. PD: Ya cuento la vuelta en otro momento, fueron puntuales y sonaron las trompetas al aterrizar."
RYR_0182,Ryanair,Desconocido,Toulouse,Palma de Mallorca,Europe,septiembre de 2025,1,"Muy mala empresa, sus trabajadores son cazadores intentando encontrarte algo para luego cobrarte. No la recomiendo."
RYR_0183,Ryanair,Desconocido,Malaga,Marseille,Europe,septiembre de 2025,1,Es una m***** hacer el check-in con esta compañía... No vuelvo en la vida a comprar un vuelo con Ryanair. Todos son dificultades. Atención telefónica pésima.
RYR_0184,Ryanair,Desconocido,Menorca,Madrid,Domestic,agosto de 2025,1,La peor experiencia con esta aerolínea viaje de Madrid a Menorca y posteriormente el regreso a Madrid albur a Menorca no tuve inconveniente pero el regreso fue catastrófico mi acompañante y yo volvimos de regreso con el mismo equipaje de mano con el cual nos fuimos no comiéramos nada de souvenirs porque no queríamos excedernos y nos cobraron el equipaje de mano porque según estaba fuera de los rangos establecidos la pregunta es porque de ida no le dijeron nada y de regreso si? Además en la cara de las personas encargadas de ver tu vuelo y las maletas otras personas pasaban con equipaje más grande que el de nosotros y no les decían nada incluso una persona burló las reglas y su acompañante le pasó por debajo de las cintas más equipaje de mano del permitido yo amablemente les dije que no tenía problema de pagar pero porque los demás hacían esas cosas y no les decían nada solo recibí malos tratos de parte de las trabajadoras de esa aerolínea no les importó que yo viajaba con mi madre que tiene 75 años nos trataron muy mal espero a los lectores les sirva mi experiencia y a la hora de elegirlos tengan cuidado son nefastos.
RYR_0185,Ryanair,Desconocido,Santiago de Compostela,Valencia,International,septiembre de 2025,1,"Trato denigrante porque el bolso de mano no se ajustaba al encaje preestablecido por la compañia, una estafa para el viajero. Desgraciados."
RYR_0186,Ryanair,Desconocido,Madrid,Marrakech,International,septiembre de 2025,1,Son unos estafadores si hay algo que te parece mal e intentas poner una reclamación los empleados te hablan de malas maneras y si no te callas te impiden coger el vuelo porque según ellos eres una persona peligros. Te dejan en tierra con los billetes y el viaje pagado. Quieren imponer sus normas y es mejor aprender a callar como me dijo a mí una empleada. No hay nadie que impida que esta compañía imponga sus normas y te pueda dejar en tierra con tu billete comprado?
RYR_0187,Ryanair,Desconocido,Madrid,Dublin,Europe,agosto de 2025,1,"Contraté un vuelo de Ryanair a través de una página web de viajes. El día antes de mi vuelo, no generaba mis tarjetas de embarque, así que los llamé. Me dijeron que dicha página estaba denunciada, ya que suplantaba tu identidad (no entendí entonces por qué seguían permitiendo que se contrataran desde ahí). La cuestión es que me dijeron que la única vía era pagar 140 euros adicionales para solucionarlo y me negué. Tuve que ir al aeropuerto personalmente y allí estuve una hora y media para que me facilitaran los billetes de avión, curiosamente, de forma gratuita. Para colmo, cuando voy a recoger mi maleta en Dublín, la habían roto. Fui a poner reclamación y ahora acabo de solicitar la devolución del dinero que, por cierto, no me van a devolver. No volveré a viajar con ellos. Tampoco entiendo por qué te hacen facturan una maleta de mano pequeña, cuando otras compañías sí te lo permiten."
RYR_0188,Ryanair,Desconocido,Menorca,Malaga,Domestic,septiembre de 2025,1,"La información sobre el equipaje es confusa a la hora de comprar el billete ya que especifica que según el tamaño del bulto va arriba o bajo los pies y cuando llegas al aeropuerto a dedo te señalan y no te dejan meterlo contigo. Siempre que viajo con el mismo equipaje de mano, con la misma compañía y al mismo sitio me acogen sin ponerme traba alguna sobre el equipaje. Bien, pues hoy la encargada de la aerolínea de este aeropuerto se ha encargado de que pague 50€ más porque según ella mi bolso personal en el que llevaba un monedero y un libro era “otro bulto”(siempre viajo con ese bolso y en la misma modalidad “no priority”). Junto a este bolso llevaba otro de mano de cabía a la perfección el uno de los huecos de medición (cabe destacar que nunca me han puesto ningún problema). Esta chica y sus compañeras de una forma grosera y muy poco profesional (con risas incluidas) han procedido a decirme que eso sería en otros aeropuertos donde trabajan mal y que no era su culpa ya que ella es la encargada del mismo. He pagado porque no me quedaba otra. Vergonzoso y aún más vergonzosa la poca profesionalidad de algunas de estas chicas, en concreto de la encargada"
RYR_0189,Ryanair,"Madrid, España",Bucharest,Madrid,Europe,agosto de 2025,1,"Después de una reseña por cobrar incorrectamente mi maleta de cabina, sorprendentemente me devolvieron el dinero....pero...a los e días lo volvieron a cobrar...no sé si se pueden burlar más, es vergonzoso."
RYR_0190,Ryanair,Desconocido,London,Menorca,Europe,agosto de 2025,1,"Hicieron que un viaje hermoso termine de la peor manera. Son unos estafadores, señalan con el dedo al que van a hacer pagar. No vuelo con ellos nunca más"
RYR_0191,Ryanair,Desconocido,Venice,Malaga,Europe,agosto de 2025,1,"son muy malas personas, impresentables!! estafadores, hacen que sea imposible realizar el check in para obligarte a pagar 50 euros en el aeropuerto!! es super injusto como se aprovechan de la gente que viene del exterior y no espera encontrarse con esta sorpresa. NO RECOMIENDO PARA NADA VIAJAR CON ESTA AEROLINEA!"
RYR_0192,Ryanair,Desconocido,Valencia,East Midlands,International,agosto de 2025,3,"Estaba grabando un vídeo del avión y la azafata vino y me dijo de una manera nada amable que no la grabe a ella, como que a mí me interesaba grabarla 🙄"
RYR_0193,Ryanair,Desconocido,Seville,Las Palmas de Gran Canaria,Domestic,agosto de 2025,1,"Ha sido realmente vergonzoso la organización y la poca información que saben dar los supuestos trabajadores de Ryanair. Teníamos un vuelo a las 6:50 am y como somos primerizos no sabíamos que teníamos que hacer el check in por la app 24 horas antes, ya que los únicos emails que sabe mandar la compañía es spam para que pagues más. Cuando íbamos a entrar en el primer control un muchacho nos dijo que teníamos que hacer el check in manual en el puesto de Ryanair. Nos dirigimos al puesto y otra mujer nos manda a otro puesto y nos dice que ""tenemos que esperar la cola entera de los que van a facturar maletas y hacerlo allí"", le preguntamos varias veces si esperando la cola nos daría tiempo a hacerlo ya que quedaban 50 minutos para el vuelo, y nos dice que sí. Nos esperamos toda la cola y cuando llegamos al final nos dice el hombre que el check in había cerrado ya y no se podía hacer nada, solo cambiar el billete para el próximo vuelo, que no sería hasta el martes (hoy es sábado). Por lo cual, no tuvimos más remedio que comprar otro vuelo en otra compañía a un precio desorbitado, perdiendo así el dinero del vuelo que podríamos haber cogido perfectamente si nos hubieran informado como deben."
RYR_0194,Ryanair,Desconocido,Bydgoszcz,Alicante,Europe,agosto de 2025,1,Prepárate siempre más o menos 100 euros te crees que te ahorras algo en el vuelo pero los dolores de cabeza y los pagos por malestar con medidas reglamentarias para todas las aerolineas para ellos no son suficientes. Así que te hacen retrasarte y te cobran por molestas que cumplían con las medidas cuando les interesa parece que van a comisión. Lo dicho mucho mejor Vueling
RYR_0195,Ryanair,Desconocido,Dublin,Santander,Europe,agosto de 2025,1,"En el embarque de vuelta me obligan a pagar 60 euros por una mochila comprada expresamente para viajar sin facturar. Está claro que lo hacen aleatoriamente con la única intención de hacer caja. Además el personal maleducado y grosero. Pésimo trato. Indignante. Sé que no voy a conseguir nada, pero al menos que quede constancia del abuso ."
RYR_0196,Ryanair,Desconocido,Milan,Valencia,Europe,agosto de 2025,1,Es una vergüenza que siempre se retrasen estamos cansados queremos llegar a casa y estos incompetentes nos tienen dentro del avión desinformados
RYR_0197,Ryanair,"Ayamonte, España",Bonn,Seville,Europe,agosto de 2025,1,"Totalmente defraudado co. Su trato y servicio , habiendo pagado una cantidad por facturar varias maletas, el trato recibido por la azafata fue lamentable , negándose a hablar mi idioma y negándose a que mi mochila pasara , me hizo pagar 60€ , con muy poca educación y diciéndome que me expulsaba del vuelo si no pagaba (you don”t flight…) y a pesar del retraso del vuelo, la señora quiso que se retrase más aún el embarque. Supongo que se llevará comisión de cada mochila que cobre. No es normal el trato dado a los pasajeros aleatoriamente, Sin vergüenzas y mal educados . No puedo recomendar a nadie volar con ellos. “Al final lo barato sale caro” Adjunto foto de los 60€ de regalo, por una mochila que la señora se empeñó en facturar"
RYR_0198,Ryanair,"Jerez de la Frontera, España",Bristol,Malaga,Europe,julio de 2025,5,"Aunque en este vuelo, en concreto hubo retraso y cambio de avión, recibimos en pocos días la indemnización correspondiente. Llevamos años viajando con Ryanair y su precio competitivo nos ha permitido visitar muchos destinos. Es obvio que, cuando viajas de una manera tan asequible, el nivel de exigencia baja. Lo importante es la seguridad y nunca hemos tenido problemas."
RYR_0199,Ryanair,Desconocido,Madrid,Menorca,Domestic,agosto de 2025,1,"En un viaje corto de Madrid a Menorca a la ida llevamos un bulto y el bolso de mano lleno, q nos dejaron pasar sin problema ninguno.Pero a la vuelta nos dijeron literalmente que metiéramos el contenido del de mano en el otro...mientras lo hacíamos (a su lado) cerraron las puertas y no nos dejaron embarcar. Tuvimos q buscar otro vuelo de vuelta cuatro veces más caro que el primero (de ida y vuelta) y encima con Ryanair de nuevo...fue humillante y con falta total de empatía y humanidad dado q viéndonos lo apuradas que estábamos no nos dieron información relevante, como el tiempo que nos quedaba para cerrar las puertas."
RYR_0200,Ryanair,Desconocido,Budapest,Malaga,Europe,agosto de 2025,3,"Con Ryanair siempre pasa igual. Pegas para llevar una mochila que por 1 o 2 centímetros no cabe en la porquería esa que te ponen para comprobar el tamaño. A la más mínima, a fectuar por 70 pavos. Vaya tela. Dentro del avión, espacio superreduciudo. Eso sí, pasan 40 vees ofreciendo ""cositas"" a precio de oro. Ya les vale. En fin, cada vez pagamos más por menos."
RYR_0201,Ryanair,Desconocido,Tenerife,Barcelona,Domestic,agosto de 2025,2,"Te cobran por todo. Cuando fué la hora de hacer el checking para que te asignen los asientos, no tienen en cuenta si vas en familia o no, simplemente rellenan huecos. En nuestro caso íbamos 2 adultos con dos niños, si hacíamos caso a la asignación de plazas propuesta por Rynair, no solo íbamos en asientos separados sino que incluso repartidos a lo largo del avión, así que para poder sentarnos juntos hubo que pagar. Otra cosa a tener en cuenta es que en la facturación de las maletas, van con el peso muy justo, donde muchas compañías te ofrecen por menos dinero 25kg, en esta solo puedes llevar 20 y preocúpate de no pasarte ya que por exceso te cobran lo que no está escrito. El personal de tierra, fue maleducado exigiendo medir las maletas para su subida al avión, poniéndose bastante borde con los viajeros hasta rallar la mala educación. Ya en el avión, el viaje fue tranquilo el problema es que las indicaciones se realizan primero en inglés (lógico siendo una compañía irlandesa) y luego en español pero el problema es que no se entendía absolutamente nada, o bien el sistema de audio no funciona o bien la chica no vocalizaba bien además de ir muy rápido. En fin, me lo pensaré muy mucho volver a volar con esta compañía."
RYR_0202,Ryanair,"San Lorenzo de El Escorial, España",Madrid,Rome,Europe,agosto de 2025,1,"Las medidas del equipaje de cabina que publicita es falsa. Solo se puede viajar con maletas de 40x30x20 si llevas una de 55x40x20 te cobran 70 euros , ladrones."
RYR_0203,Ryanair,Desconocido,Faro,Porto,Domestic,agosto de 2025,1,Nos sentimos estafados. No funcionaba la plataforma para hacer el check in on line. Llegamos al aeropuerto 1 hora y media antes al mostrador. Nos hicieron pagar 233 euros ( éramos una familia de 4 personas) para darnos las tarjetas de embarque. El vuelo era a las 7.30 de la mañana. Mas de lo que había costado el vuelo . No volveremos a viajar con ellos nunca más.
RYR_0204,Ryanair,Desconocido,Porto,Madrid,Europe,agosto de 2025,1,"Estamos muy decepcionados con esta compañía Ryanair, porque nos han hecho pagar 110 € por no hacer el checking online y no fue nuestra culpa porque fallaba el sistema en la plataforma. No volveremos a viajar con esta compañía. Nos hubiera gustado que nos avisaran."
RYR_0205,Ryanair,Desconocido,Valletta,Barcelona,Europe,agosto de 2025,1,"Son unos ladrones!! Llevando la mochila de debajo del asiento y cumpliendo con las medidas establecidas nos han hecho pagar 60€!!!!!!! Encima ni nos han pedido el DNI en el embarque, van a saco intentando sacar dinero a la gente. De low cost no tiene nada el vuelo de 150€ y encima 60€ más por la mochila. No tienen vergüenza. Nunca más volaremos con esta nefasta compañía."
RYR_0206,Ryanair,Desconocido,Lisbon,Ponta Delgada,Domestic,agosto de 2025,1,"Son unos ESTAFADORES. Me han robado 47,50€. En la web reservé UN equipaje de mano adicional y se me han cobrado DOS. Para quien pueda dudar de lo que pasó, repasamos varias veces el proceso de compra y en la página final ponía ""Total a pagar: 47,50€"". Se me han cobrado 95€. Eso sí, después de cobrar da igual lo que llames y reclames. Ya no lo devuelven. No me molesta tanto el dinero como lo injusto de la situación. Es, abiertamente, un robo."
RYR_0207,Ryanair,Desconocido,Malaga,Porto,Europe,agosto de 2025,1,"La empresa RYANAIR son estafadores, te venden el boleto y no te dan tarjeta de embarque, te hacen pagar en los aeropuertos un extra de 50 euros para hacerte el check-in y darte la tarjeta de embarque. Son estafadores. No los recomiendo. Tened cuidado de no ser estafados es mejor buscar otras aerolineas"
RYR_0208,Ryanair,Desconocido,Madrid,Verona,Europe,agosto de 2025,1,"Imposible comunicarse con atención a clientes. Derivan a una agencia Solotol o algo asi,estos te vuelven a derivar a Ryanair,el clásico peloteo. El sobrecargo muy pesado,solo quería vender sus mercancías( recibirá una comisión por ventas? parece q si....),retraso de más de hora a la salida,dijeron q por mal tiempo....igual fuimos por un buen tiempo con turbulencias,así q no entiendo lo del retraso si al final el vuelo fue un infierno."
RYR_0209,Ryanair,Desconocido,Alicante,Barcelona,Domestic,agosto de 2025,1,"La peor compañía de vuelos con la que he viajado y con la que viajaré. No te dan opciones para que gestiones tú tus vuelos así que dependes de ellos y te cobran disparates para poder disfrutar el vuelo que ya has pagado ¿Te parecen baratos los vuelos? Tranquilo que te intentarán cobrar por cualquier otra cosa: maletas, check-in, validación de vuelo (no había oído esto antes…). Son unos ladrones. La empresa con más comisiones “ocultas” que he conocido."
RYR_0210,Ryanair,Desconocido,Valencia,Palma de Mallorca,Domestic,agosto de 2025,1,"Son una estafadores en serie, todo planificado para abusar en el momento que puedan de ti y de tu familia. Jamás volver a volar con ellos, jamás lo recomendaría"
RYR_0211,Ryanair,Desconocido,Vienna,Valencia,Europe,agosto de 2025,1,"muy mala la experiencia, retraso de vuelo y todo fatal me ha parecido horrible, no volvere a volar con ellos me parece fatal"
RYR_0212,Ryanair,Desconocido,Menorca,Malaga,Domestic,agosto de 2025,1,"Son la gente más despreciable que me he encontrado en muchísimo tiempo, el personal es asqueroso y la compañía son unos ladrones"
RYR_0213,Ryanair,"Viña del Mar, Chile",Trieste,Madrid,Europe,junio de 2025,2,"Pésima aerolínea, controlan todo el equipaje y si te pasa te cobran. La atención del personal es muy irrespetuoso, hasta pelean con los pasajeros. Lo único bueno es precio que es mas barato, pero a que costo?"
RYR_0214,Ryanair,Desconocido,Valencia,Palma de Mallorca,Domestic,julio de 2025,1,"Mi vuelo se retrasó casi 5 horas, cuando fui a Manises a pedir ayuda para la reclamación ninguna de las chicas del mostrador que tienen allí fijo me quiso ayudar...atención pésima."
RYR_0215,Ryanair,Desconocido,Bologna,Alicante,Europe,agosto de 2025,1,"La aerolínea cambia las reglas de acceso según el país de origen. En el aeropuerto de Vuelo Bolonia/Alicante 17/08/2025 08:05 horas. En el vuelo Alicante/Bolonia se pudo embarcar con una mochila y un pequeño bolso sin problema en no priorizo. Eso sí con un retraso de dos horas. Sin embargo, en el aeropuerto de Bolonia, no lo permitieron. No puedo quejarme al respecto porque esas son sus reglas, pero sí de las malas formas de una de las encargadas de hacer el checkin (no puedo edintificarla, únicamente decir que era rubia con el pelo largo)). Se puede llamar la atención a los pasajeros, pero siempre con educación y sin ponerlos en evidencia frente al resto de usuarios. Una vergüenza el funcionamiento de esta aerolínea en los últimos años. Siempre he viajado con ellos, pero creo que nunca más volveré a hacerlo"
RYR_0216,Ryanair,Desconocido,Barcelona,Brussels,Europe,agosto de 2025,1,"La peor experiencia de mi vida. Se nota que van a comisión para cobrar 2 cm mas de equipaje a los pasajeros, no te ayudan en nada, nefastos, horrible"
RYR_0217,Ryanair,Desconocido,Venice,Madrid,Europe,agosto de 2025,1,"Desastre de aerolínea, mal llamadas lowcost pero el costo de salud mental y tiempo perdido son altísimos. Retraso de mas 1hs sin explicación jugando con el tiempo de la gente."
RYR_0218,Ryanair,Desconocido,Madrid,Fuerteventura,Domestic,agosto de 2025,1,"La azafata de facturación de pelo ondulado con gafas de la madrugada del 16 de Agosto de 2025, poco agradable y cobra por una maleta de tamaño 38x20x40 que es lo permitido, y otros viajeros con mochilas mas grandes. Es un sacadinero de compañía y depende de la azafata que te atienda."
RYR_0219,Ryanair,"Barcelona, España",Tenerife,Barcelona,Domestic,julio de 2025,1,Te cobran por maleta aeropuerto tenerife sin más 60 euros misma maleta en Barcelona no me dijeron nada gracias.por retasar el vuelo atraco legal si no te quedas en Tenerife
RYR_0220,Ryanair,Desconocido,Naples,Venice,Domestic,agosto de 2025,1,"Aparte de retrasarte el vuelo, Te cobran 60€ por persona por no hacer check in online. Te cobran porque la maleta tiene ruedas, te cobran porque llevas tu cartera aparte de la mochila, reservamos un coche y nos dieron uno diferente de menor precio, te cobran porque respiras y te dan el peor servicio que puede existir."
RYR_0221,Ryanair,Desconocido,Venice,Venetie,International,agosto de 2025,1,"No saben de qué manera sacarte más dinero. Pésimo servicio, pésima aerolínea, te cobran todo lo que pueden después de haber incluido todo dentro del pasaje. Buscan que pagues extras hasta por el aire que respiras."
RYR_0222,Ryanair,"Valencia, España",Ibiza,Valencia,Domestic,agosto de 2025,1,"Lamentable experiencia con esta aerolinea. No se la recomiendo ni a mí peor enemigo. Me intentaron cobrar 120€ por cambiarme la fecha de nacimiento que ellos mismos habían puesto mal argumentando q en el aeropuerto iban a cobrarme mucho más y que sino no podría volar... Por supuesto no la cambié y pude viajar sin problemas. Las instrucciones del avión las daban en inglés pese a estar en España, el aterrizaje pésimo, asientos pequeños... Todo Mal..."
RYR_0223,Ryanair,Desconocido,Palma de Mallorca,Hamburg,Europe,julio de 2025,1,Esta opinión hace referencia al alquiler de coche que se ofrece junto al vuelo. ES PÉSIMO! Pagamos un coche de clase confort y al llegar nos dieron un opel corsa básico y una hora más tarde de lo previsto. La empresa de alquiler era Wheego. Un auténtico desastre. Intentamos contactar con el intermediario pero no hubo forma. Os aconsejo no reservar servicios complementarios y tampoco usar Wheego.
RYR_0224,Ryanair,Desconocido,Corfu,Barcelona,Europe,agosto de 2025,1,"Hemos pagado dos veces las maletas, en la segunda nos hacen pagar el priority para llevarla como extra con nosotros en el avión porque ya no podemos facturar porque la bodega esta cerrada, pagas 60 euros por persona... Y cuando vas a subir al avión te la quitan para ponerla en la bodega. Además con prisas que no hemos podido cerrar candados ni nada... Venga a ganar dinero dinero y más dinero... cono los mafiosos que son."
RYR_0225,Ryanair,Desconocido,Madrid,Vienna,Europe,agosto de 2025,1,"Nos gustaría expresar nuestra decepción con la experiencia reciente que tuvimos con la administración de esta aerolínea. Al momento de hacer el check-in en el aeropuerto, nos fue imposible completar el proceso a través de la aplicación oficial, ya que el sistema no permitía ingresar nuestros datos personales ni avanzar en la navegación. Como resultado, nos vimos obligados a pagar €30 por persona para que el check-in se realizara manualmente en el mostrador. Curiosamente, observamos que otra familia que viajaba con nosotros enfrentó exactamente el mismo inconveniente y también fue obligada a pagar €30 por cada uno de sus cinco integrantes. Lamentablemente, el trato que recibieron por parte de la operadora fue notoriamente descortés. Este tipo de situaciones genera una gran incomodidad y deja una impresión negativa del servicio. Compartimos esta experiencia con el fin de que se tomen las medidas correctivas necesarias para evitar que otros pasajeros pasen por lo mismo. Esperamos que la aerolínea revise estos procedimientos y mejore la atención al cliente."
RYR_0226,Ryanair,Desconocido,Barcelona,Menorca,Domestic,agosto de 2025,1,"No dejan subir nada en el avión, aunque tengas problemas de espalda y lleves una maleta de mano pequeña, si no es mochila (aunque sea mas grande) no lo dejan pasar sin pagar 50€. Todo es un timo para ganar más. No recomiendo ir con Ryaner, te dicen una cosa y después tienes que pagar si o si."
RYR_0227,Ryanair,Desconocido,Zakynthos,Milan,Europe,agosto de 2025,1,"El 8 de agosto de 2025 volaba con Ryanair de Zante a Milán para hacer conexión a Barcelona. El vuelo salió con casi 3 horas de retraso, lo que ponía en riesgo la conexión. Durante todo el tiempo no recibimos ninguna asistencia (ni comida, ni bebida, ni información clara) a pesar de que el Reglamento Europeo obliga a la compañía a hacerlo. El personal de Ryanair y del aeropuerto nos aseguró que perderíamos la conexión y nos recomendó comprar nuevos billetes de más de 1.000 € (además de transporte terrestre), asegurando que el segundo vuelo saldría puntual. Finalmente, ese vuelo también salió con retraso y los nuevos billetes no sirvieron para nada. Intentar contactar con Ryanair fue imposible: llamadas sin respuesta y, en el chat, un agente que no ofreció ninguna solución real. Esto demuestra una total falta de profesionalidad, empatía y compromiso con el pasajero. Conclusión: no sólo sufrimos el retraso, sino que perdimos tiempo, dinero y paciencia por culpa de la mala gestión y la ausencia de asistencia de Ryanair. No volveré a volar con ellos y no recomiendo a nadie confiar en su servicio."
RYR_0228,Ryanair,Desconocido,Barcelona,Gdansk,Europe,agosto de 2025,1,"Compre un billete por la web y automáticamente me cambio el día y no me di cuenta, no hace ni una hora y no me dan soluciones, sois unos estafadores, por que pone un precio y luego se multiplica por 5. servicio atención al cliente un 0, pagina web una estafa por que si no te das cuenta te envía a otra fecha. ultima vez."
RYR_0229,Ryanair,"Madrid, España",Madrid,Porto,Europe,agosto de 2025,1,"El trato recibido por parte de Ryanair ha sido sencillamente inaceptable. Primero, el vuelo tuvo un retraso de dos horas, pero lo más grave fue que nos lo notificaron una vez que ya estábamos todos los pasajeros dentro del avión. Nos tuvieron encerrados sin información, sin explicaciones y sin opción de bajarnos, lo cual me obligó a cancelar dos reuniones de trabajo importantes. La tripulación no daba respuestas claras, y cuando los pasajeros hacíamos preguntas, simplemente las ignoraban o las esquivaban. La sensación de desamparo y falta de respeto fue total. Para colmo, nos cobraron 60 euros por persona, por maleta, a pesar de que ya habíamos pagado el servicio de prioridad con maleta de 10 kg incluida. Alegaron que, como habíamos subido de los últimos, ya no quedaba espacio en cabina y que si no pagábamos, no podríamos volar. Fue una situación de chantaje directo y presión injustificada, totalmente fuera de lugar. Nos sentimos amenazados y sin opción. Es absolutamente inaceptable que una aerolínea se aproveche así de sus pasajeros."
RYR_0230,Ryanair,"Madrid, España",Tenerife,Madrid,Domestic,agosto de 2025,1,"Pagamos por prioridad de embarque y luego terminas en un autobús donde no sirve para embarcar primero. Durante el vuelo la temperatura era heladora y todo el mundo se echaba encima jerseys, toallas, etc . Se lo dije a una auxiliar de vuelo y ni caso. Claramente para esta compañia sus clientes son ganado."
RYR_0231,Ryanair,Desconocido,Rome,Madrid,Europe,agosto de 2025,1,"una experiencia fatal, mejor no lleves maleta de cabina porque seguro que te la hacen pagar y te cobran 50 euros, como si el viaje hubiera sido barato"
RYR_0232,Ryanair,Desconocido,Santiago de Compostela,Barcelona,Domestic,agosto de 2025,1,"Nefasta atención de las Sras de la puerta de embarque. Dejaron pasar a varias personas cuyo equipaje no cumplía, por poco, el tamaño de debajo asiento y me retuvieron y marearon haciéndome vaciar la mochila que utilicé en el Camino de Santiago y que solamente no encajaba por el hierro en un par de centímetros. Al final, la señorita que no me dejaba tranquila, me llamó "" pesada ""porque le dije que cómo me iba a hacer pagar 50€ por 2 cms, cuando en otro vuelo de ida, me dijeron que estaba bien y más si era mochila de estructua de senderismo para el Camino (comprendieron que la intención de la mochila era cumplir las medidas pero un par de cms de huerro no eran significativos). Nula empatía, mucha chulería y prepotencia, escasa profesionalidad y muy mala educación. De acuerdo en que hay que cumplir unas medidas y normas, pero ser tan estrictos y a rajatabla me parece inhumano, nada profesional y dice muy poco a favor del personal de la compañía. Si me hubiese pasado 10 cms, sería otra cosa, pero un par y por el tipo de mochila que se necesita, es absurdo!!!!"
RYR_0233,Ryanair,"Madrid, España",Prague,Madrid,Europe,agosto de 2025,1,"El embarque prioritario es un engaño, te sirve para subir primero al autobús, pero no para subir primero al avión. Una decepción"
RYR_0234,Ryanair,Desconocido,Rome,Madrid,Europe,agosto de 2025,1,"En el preembarque están pendientes quien tiene una maleta q la ven más grande de lo que debería hacer y lo llaman adelante para medirla. Así cobran una maleta adicional, En mi caso fue lo que me pasó y la azafata mal educada me dijo que sé yo que hacer con lo que le sobra, ni me escuchó cuando yo le dije al momento que me lo facture. Cuando subo al avión, la que me recibe me vuelve a cuestionar el tamaño de la mochila, a pesar que ya me habían facturado por su tamaño y que si era por ella me la hacía bajar. En fin unos maleducados, peseteros. Voy a evitar viajar con ellos."
RYR_0235,Ryanair,Desconocido,Ibiza,Barcelona,Domestic,agosto de 2025,1,"✈️ Reseña para Ryanair: Vuelo K4257R – Ibiza a Barcelona. Una vergüenza absoluta. Lo vivido en la puerta de embarque de este vuelo fue indignante. Dos azafatas de tierra ofrecieron un trato lamentable a los pasajeros: mala cara constante, cero empatía, respuestas groseras y una actitud de desidia impropia de cualquier trabajo de atención al público, y menos aún en un sector donde la amabilidad debería ser un mínimo. Una de las azafatas de tierra, insisto, tuvo un trato que deja en el peor de los lugares a la compañía. Deplorable. Lo peor fue el supervisor: un hombre desaliñado, con malos modales, que gritaba e insultaba a los pasajeros con una actitud altiva e inaceptable. En vez de mediar o calmar los ánimos, avivaba el caos. Resulta incomprensible que personas así estén en un puesto de interlocución directa con el cliente. Y por si esto fuera poco, tuvimos que soportar de nuevo las políticas abusivas de equipaje de Ryanair, que rozan lo ilegal. Pero lo más grave no es el cobro: es la humillación pública y el trato irrespetuoso hacia quienes simplemente preguntaban o intentaban entender lo que estaba ocurriendo. Me pregunto cómo puede Ryanair permitir que personal tan poco capacitado represente a su marca. Esta reseña no es solo una queja: es un llamado de atención. Porque si ya pagamos por menos derechos, lo mínimo que exigimos es trato digno. Vergonzoso. Inaceptable. Urge revisión inmediata."
RYR_0236,Ryanair,"Quintanar del Rey, España",Ibiza,Valencia,Domestic,agosto de 2025,1,Una estafa de compañía!!!! Llegamos 1 minuto tarde a la puerta de embarque y no nos miraban a la cara para hablar aún diciéndole que teníamos una operación de mi sobrina al día siguiente no nos dejaron subir ! Que impotencia y que gente tan poco empática y desagradable!! No os recomiendo viajar con ellos!!!. No te dan ninguna solución ni te reubican en ningún vuelo.
RYR_0237,Ryanair,"Pozuelo de Alarcón, España",Edinburgh,Malaga,Europe,agosto de 2025,2,Desastre de compañía tuvimos un problema con las tarjetas de embarque y nos tocó sacarlas en el aeropuerto con un coste de 55 libras por persona. No les conozco de nada y te tutean como si te conocieran de toda la vida. Prefiero pagar un mayor coste que viajar como ganado en una bodega. Jamás volveré a volar con ryannair
RYR_0238,Ryanair,Desconocido,Las Palmas de Gran Canaria,Milan,Europe,septiembre de 2024,1,"TENIAMOS HORARIO DESDE LAS 19.50 LLEGADA A LAS 01 Y HEMOS LLEGADO A LAS 11/11:30. Buenos días a todos, soy cristian bozzano y emanuela scambelloni en fecha de 6 Mayo 2024 teníamos el vuelo pagado desde Las Palmas de Gran Canaria a Milano. El vuelo tardó 1 hora en despegarse del suelo de Gran Canaria, luego nos dejaron tirados en el aeropuerto de Palma de Mallorca. El mensaje que nos han enviado por teléfono fue este: ""Su vuelo ha desviado a Palma de Mallorca ya que la tripulación ha alcanzado el máximo de horas de vuelo diarias permitida le acomodaremos en un vuelo a Bergamo mañana 7/5/2024 a las 9.20 locales. Nuestro equipo de operaciones en tierra están trabajando para organizar las habitaciones del hotel y el transporte para usted y lo actualizaran un a vez que se confirmen."" No estoy aquí contando todo los sucedido, fue una horrible experiencia para todos los pasajeros, yo y mi mujer quedamos en aeropuerto con solo 4 euros de voucher cuando solo un zumo costaba 6 euros. Otros pasajeros decidieron salir del aeropuerto para ir al hotel que la compañía supuestamente había organizado, y al rato volvieron a entrar porqué tampoco estaba organizado el transporte. Por esto también le quitaron todas las compra hecha en el duty free de Las Palmas. Por fin hemos llegado en Italia sobre las 11:30 de la mañana. TENÍAMOS HORARIO DESDE LAS 19.50 LLEGADA A LAS 01 Y HEMOS LLEGADO A LAS 11/11:30 Yo estoy pidiendo mi rembolso desde el 6/6/2024 a través de AirAdvisor que no consiguió nada si no perder tiempo. Las escusas que la compañía suelta son varias, cambiando de problemas técnicos a mal tiempo o que el vuelo ha sufrido menos de tres horas de retraso. Al día de hoy seguimos con otra oficina que está buscando obtener el rembolso, la compañía aérea le contesta que mi reclamación ha pasado el plazo de prescripción . Cada vez me contestan cosas diferentes."
RYR_0239,Ryanair,Desconocido,Berlin,Rome,Europe,agosto de 2025,1,"Malísima compañía, vaya experiencia más horrible, si tienen la oportunidad te realizan cobros extras abusivos por cualquier cosa y te atienden de una manera desagradable e irrespetuosa. Y bueno, ni hablar de la comodidad… Les recomiendo nunca viajar con estos sin vergüenzas amargados sin gusto a su trabajo."
RYR_0240,Ryanair,"Palma de Mallorca, España",Barcelona,Budapest,Europe,julio de 2025,1,"Avión pequeño y estrecho los asientos, personal de cabina mal educados. Solo se empresas en inglés y de malos modos. Te tratan como ha ganado. Las maletas nos la hicieron poner debajo del asiento delantero sin caber. Vuelo de 2 horas y media sin poder estirar las piernas. Nos vendieron la moto de que las 8 primeras filas los asientos tenían un poco más de distancia y pagamos por ello , pero ,MENTIRA TODO’. Lamentable el trato. Tengo más de 300 vuelos y era la primera vez que volaba con Rianair. Y aseguro si puedo enviárselo lo haré sin dudar aunque valga el doble."
RYR_0241,Ryanair,Desconocido,Santander,London,Europe,agosto de 2025,5,"Hoy tuve un percance con mi maleta de 27kg (pipas, comida de la buena, aceite virgen extra). El trato de la cabin crew de Ryanair del Aeropuerto de Santander (Severiano Ballesteros) ha sido excelente me facilitaron fill transparente. Señalar la atención recibida por la Guardia Civil fue exquisita, me ayudaron con mi equipaje. La llegada ha sido buena y la comidita está a muy buen recaudo. España necesita gente como ustedes. Gracias miles...."
RYR_0242,Ryanair,"Valladolid, España",Madrid,Las Palmas de Gran Canaria,Domestic,julio de 2025,1,"Aunque el vuelo es relativamente corto, el avión -quizás por antigüedad- tenía los asientos sin relleno, prácticamente era como ir sentado en una banqueta de metal. Superincómodos. Ya sabemos q es línea low cost, pero un poco de espuma en los asientos........"
RYR_0243,Ryanair,Desconocido,Madrid,Ibiza,Domestic,agosto de 2025,1,"No recomiendo volar con esta compañía! De cuando han cambiado las condiciones de las maletas se están burlando de los clientes! Hoy la azafata de una manera mal educada me ordenó meter la maleta en el medidor como no entraba por un centímetro porque tenía 56x35 me cobraron un extra de 70e aunque tenía prioridad! Mi marido se dio la vuelta para ver qué pasaba y teniendo la maleta igual cobraron otros 70e en total 140e por las dos maletas! Les pedimos que tenemos derecho de sacar las ruedas y la chica riéndose se negó diciendo que nos quedan solo 5 min o pagamos o dejamos las maletas ahí ! De cuando les dan comisión se aprovechan de esto no te dejan ni hablar! Hemos pagado pero es la última vez que volamos con esta compañía ! Mejor pagar un poco más y volar con otras compañías porque al final lo barato sale caro y no solo esto, no os van a faltar el respeto!"
RYR_0244,Ryanair,"Bristol, Reino Unido",Desconocido,Desconocido,Desconocido,Desconocida,5,"Ryanair recibe tantos comentarios negativos que quería compartir una experiencia positiva. Hace poco volé a Francia y en el camino de regreso nos retrasamos 4 - 5 horas. La falla fue un rasguño a lo largo del lado del compartimiento de carga y un Ingeniero fue requerido para firmar IT. Después de una espera, un ingeniero aún no había llegado, así que un avión voló vacío para rescatarnos. Solicité una compensación a través de la App como se sugirió el 17 de julio 25 y recibí el pago el 28 de julio 25 , y la compensación era más que el costo de mi vuelo. Gracias Ryanair."
RYR_0245,Ryanair,Desconocido,Marrakech,Seville,International,agosto de 2025,2,"El viaje de ida estubo bien, pero a la vuelta la azafata no hablaba español en un viaje con destino españa, en todo el vuelo hablaron español, el unico momento q hablaron español fue para ofrecer unos rascas a la gente y en todo el vuelo volvieron a hablar español, en un viaje con destino o salida a españa deberian hacerlo"
RYR_0246,Ryanair,Desconocido,Bucharest,Madrid,Europe,agosto de 2025,1,"La politica de Ryanair es estar al acecho de cobrar maleta ce mano con ruedas, si tienes mochila normal ni te miran, en cambio lo de las ruedas es fuente de ongresos o lo que se llama robar 60€ porque tu maleta se sobresale 1cm."
RYR_0247,Ryanair,Desconocido,Berlin,Madrid,Europe,julio de 2025,1,"En mi viaje con escala, el vuelo FR110 del 21/07/25 desde Berlín a Palma llegó con retraso. Ryanair no se hizo cargo del traslado automático de equipajes en la escala y tenía que volver a facturar la maleta en Palma. Pero por culpa de ese retraso, cuando llegué a Palma para coger mi siguiente vuelo FR403 a Madrid, el mostrador de facturación ya estaba cerrado y no pude volver a facturarla. Me vi obligada a pagar 50€ para llevarla en cabina. Como consecuencia, perdí material profesional de trabajo valorado en 200€ que no me dejaron pasar en los controles y tuve que dejar ahí. Yo ya contaba con que ese material no me lo dejarían pasar por el escáner y por eso había pagado de antemano una maleta facturada en ambos trayectos, sino evidentemente me hubiese ahorrado dinero y la hubiese subido conmigo desde el primer momento... He reclamado formalmente y enviado todos los justificantes por todos los medios posibles, pero Ryanair ignora mi caso y no se digna a hacerse cargo de los perjuicios económicos que el retraso del vuelo me ha causado. Es su responsabilidad por esta gran falta de coordinación. Exijo una SOLUCIÓN RÁPIDA Y JUSTA"
RYR_0248,Ryanair,Desconocido,Milan,Tenerife,Europe,julio de 2025,5,"Jamás me ha fallado, jamás tuve problemas con la aerolinea ya que siempre he cumplido con sus requisitos. Si bien los sillones son incómodos, para dos horas que dura el trayecto no pasa nada. Siempre me ha dado las mejores rutas y posibilidades. Y contenta con los precios. Gracias Ryanair!"
RYR_0249,Ryanair,Desconocido,London,Seville,Europe,abril de 2025,1,P u t a ryanair me perdió la maleta y me dicen que no podía reclamar la maleta porque el atención al cliente estaba cerrado p u t a ryanair
RYR_0250,Ryanair,Desconocido,Madrid,Menorca,Domestic,julio de 2025,5,"La política de Ryanair es muy mala, no volveremos a volar con esta compañía. Lo único bueno Alejandra Daniela una trabajadora majisima y muy profesional de los mostradores de facturación."
RYR_0251,Ryanair,Desconocido,Bologna,Catania,Domestic,julio de 2025,1,"Me perdieron la maleta en un viaje sencillo, no hay posibilidad de contactarlos, la chat con los operadores no sirven, el Portal no funciona para hacer el reclamo…en pocas palabras se lavan las manos!!! Que horror de compañía!!"
RYR_0252,Ryanair,Desconocido,Malaga,Santiago de Compostela,Domestic,julio de 2025,1,"Día del viaje mi mujer y yo disponíamos de las tarjetas de embarque, con la cual accedimos por el control de seguridad del aeropuerto de origen. Cuando llega la hora de embarcar en el avión mi tarjeta de embarque no aparecía solo la de mi mujer. No me dieron solución por lo cual no pude volar y tuve que salir y coger un billete en otra compañía para poder realizar el viaje ese día. ( unos sinvergüenzas )"
RYR_0253,Ryanair,Desconocido,Barcelona,Eindhoven,Europe,julio de 2025,1,Personal de atención al cliente nefasto Barcelona - EindhovenEurope El día 23 de Julio a las 4 de la mañana me atendió un chico muy mal educado me dejó a medias para atender al teléfono y no me escucho con lo cual no resolvió mi consulta. Una vergüenza nunca me habían tratado de ese modo. Le moleste porque estaba medio dormido a esas horas.
RYR_0254,Ryanair,"Sant Joan d'Alacant, España",Milan,Alicante,Europe,julio de 2025,1,"Pague por 2 asientos XL, como cambiaron de avión y este,tenía menos asientos XL, nos dieron asientos normales, pido que me devuelvan el dinero pagado por estos asientos, y dicen que ellos pueden cambiarlos, y no me devuelven nada....."
RYR_0255,Ryanair,Desconocido,Palma de Mallorca,Madrid,Domestic,julio de 2025,2,"Estamos mis amigas y yo en la fila de la puerta de embarque de las primeras. Ellas entran y a mi me apartan para medirme la maleta. No me dejaron pasar por que superaba las medidas por 2cm(las ruedas). Yo fui de las únicas, por no decir la unica que me hicieron medirme la maleta, cuando al resto de pasajeros que tenian bastantes maletas de mi mismo tamaño, no les dijeron. nada. Pasaron a todo el mundo y a mi me dejaron apartada la ultima, cuando estaba justo al principio de la cola. Cuando voy a pagar, no me dejaron ni 2 minutos para buscar la tarjeta por que decían que iba a salir el avión, de unas maneras bastante impresentables, nada de respeto ni educación por su parte. Eso sí, cuando llegamos al avión estuvimos esperando dentro como 15 minutos a que empezara el vuelo. Para añadir, cuando vamos a entrar a coger nuestros sitios, estaban ocupados por otras personas, cuando yo exclusivamente había pagado en el check in para poder escoger mi asiento, y no pude elegirlo. En resumen, una vergüenza el trato recibido, y una falta de respeto como se dirigen a sus clientes."
RYR_0256,Ryanair,Desconocido,Rome,Catania,Domestic,julio de 2025,1,"Malisima compañia, la atencion es un 0. No solo te tratan mal sino que si necesitas ayuda jodete. Se hacen los que no hablan en otro idioma que no sea italiano( a proposito) y te faltan el respeto"
RYR_0257,Ryanair,Desconocido,Bremen,Palma de Mallorca,Europe,julio de 2025,1,"Nuestro vuelo se retrasó +5 horas. El piloto dijo que por un problema técnico, que había una luz que no se apagaba y no podíamos salir hasta que se solucionase el problema. Pero cómo en el aeropuerto de Bremen no hay ingenieros tenían que llamar a una empresa externa. Se suponía que el vuelo salía a las 19:50h y salió a las 23:47h. Luego volando nos dijeron que teníamos que parar en Frankfurt Hahn porque las azafatas llevaban más de 13:30h volando y no podían seguir volando por seguridad (y las azafatas dijeron que si seguían volando podían perder sus licencias). Bajamos en Frankfurt Hahn y al final llegamos a Palma a las 2:47h (la hora de llegada inicial eran las 22:25h). Primero Ryanair me denegó la compensación porque mienten y dicen que fueron situaciones extraordinarias (eso es debido al clima o por huelgas del personal del aeropuerto). Los problemas técnicos de la aeronave y la falta de personal NO son situaciones extraordinarias. Volví a reclamar que no era verdad y ahora me dicen que fue por tráfico intenso, cosa es mentira, no hay tráfico en Bremen y el piloto nos explicó a todos la causa (problema técnico y luz encendida mostrando un fallo). Solo con el problema técnico sin el desvío ya nos pasábamos de las +3h para la compensación. Y por lo que he leído parece que sí el avión se desvía entonces te pagan la mitad de la indemnización (y repito, en nuestro caso el retraso ya era más de 3h sin el desvío). O sea, una mafia horrible y con mentira en la causa. Lo comento por si a alguien más le ha pasado algo similar o le pasa en el futuro. Ahora voy a seguir discutiendo con Ryanair y con la ADR (Resolución alternativa de disputas) para ver si consigo los 400€ a los que tengo derecho por retraso por problemas técnicos en un vuelo de más de 1500km."
RYR_0258,Ryanair,Desconocido,Valencia,Santander,International,julio de 2025,1,"Es vergonzoso la poca educación y humanidad que tienen las azafatas del aeropuerto, me hicieron tirar mis pertenencias a la basura y por si fuera poco casi nos hacen perder el avión porque según ellas no se puede llevar una bolso pequeño con una cartera y el móvil."
RYR_0259,Ryanair,Desconocido,Vitoria-Gasteiz,Malaga,Domestic,julio de 2025,1,"por el hecho de que el avión llegara tarde, han hecho medir todas las maletas de cabina a todos los usuarios del avión. Falta de humanidad y ganas de tocar lo que no se debe. Una vergüenza de servicio y una vergüenza de trabajadores."
RYR_0260,Ryanair,Desconocido,London,Malaga,Europe,julio de 2025,1,"Vergonzoso, falta de humanidad, nos han tratado como ha ganado. Querían hacernos pagar 60£ por el aparto de respirar de mi madre, el cual está claramente recetado por un médico. Al negarnos nos trataron sin ninguna humanidad ni empatía como si fuésemos ganado. Al final pudimos volar no sin antes regalarnos un muy mal rato. Tenemos que elegir otras compañías su monopolio empieza a asustar."
RYR_0261,Ryanair,Desconocido,Madrid,Fuerteventura,Domestic,julio de 2025,1,"Penoso. No creo que vuelva a viajar con ellos. Íbamos mi marido, mi hija, mi hijo y yo por lo que pagamos un extra para viajar dos y dos . Nuestra sorpresa llegó cuando vimos que nos colocaron en el pasillo en cuatro asientos separados tanto para ir como para volver. A la vuelta una hora sentados en el avión esperando a despegar. En la fila de embarque para volver una empleada desagradable como ella sola. Aleatoriamente la familia de delante fue elegida por este personaje y al medir la maleta de cabina no entraban las ruedas por centímetros y les cobraron 70€ por maleta y encima malencarada. Habia maltas visiblemente más grandes en la fila pero como eran chavales jóvenes ni las miró aunque se le dijo.En fin a mi que me esperen. En fin VERGONZOSO"
RYR_0262,Ryanair,Desconocido,Valencia,Naples,Europe,julio de 2025,1,"Es la peor compañía que hay con diferenciaron unos estafadores.Te cobran por servicios que luego no tienen y no te devuelven el dinero ,si te cancelan el vuelo ponen mil excusas para no pagarte ,son unos estafadores profesionales.Si vuelas con ellos vas a tener problemas seguro, deberían prohibir operar a esa compañía.El vuelo parecerá que te sale mas barato ,pero te aseguro que te va a salir mas caro que con otra compañía.Si no quieres que te amarguen las vacaciones ,ni se te ocurra volar con ellos."
RYR_0263,Ryanair,Desconocido,Fez,Malaga,International,julio de 2025,1,Cobran por todo no comprar pasajes lo barato sale muy caro estafa por 5 cm de alto 140 dolares y por no tener boleta de embarque hacer propaganda en contra
RYR_0264,Ryanair,Desconocido,Oujda,Barcelona,International,julio de 2025,1,"La experiencia ha sido absolutamente decepcionante, tanto por la pésima organización del aeropuerto como por el trato inaceptable del personal de Ryanair. Mi vuelo era el 17/07/2025 a las 12:05 (FR3147). Llegué una hora y 45 minutos antes para hacer el check-in en la caja 4. Allí, una empleada nos atendió con mala educación y una actitud prepotente. A pesar de que nuestras mochilas cumplían el peso permitido que era 7kg y nuestras mochilas pesaban 6 y 6,8 kg y entraban perfectamente en los medidores, se nos dijo que no estaban permitidas y que debíamos pagar 40€. Intentamos razonar con ellos y demostramos que las mochilas sí cumplían los requisitos de tamaño y peso. Aun así, tanto esta empleada como otro trabajador con chaleco insistieron en que “no eran lo suficientemente planas”, lo cual no figura como un criterio oficial de Ryanair. Nos vimos obligados a vaciar gran parte del equipaje hasta quedarnos con menos de 3 kg, y solo entonces nos dejaron pasar, diciéndonos encima que nos hacían un favor. Lo más grave es que a todos los pasajeros de la fila de Ryanair les pasó lo mismo: todos tuvieron que pagar 40€ adicionales, incluyendo personas mayores que fueron tratadas con la misma falta de respeto. Fue evidente que había una intención sistemática de cobrar por equipaje de mano, aunque cumpliera las normas. Esta experiencia ha sido tan desagradable que tengo claro que nunca más volaré con Ryanair. El nivel de desorganización, abuso y falta de profesionalismo es inaceptable. Una vergüenza."
RYR_0265,Ryanair,"Elche, España",Alicante,Vitoria-Gasteiz,Domestic,julio de 2025,1,"Cobro dos veces del equipaje de mano en cabina, treta para cobrar 50 Euros, sin avisar del cambio de condiciones, ni a usuarios habituales, con el unico fin de incrementar el montante de los billetes con un servicio al cliente pesimo. Solo valida cuando el billete es tan barato que sino vas no te importa tirarlo a la basura."
RYR_0266,Ryanair,Desconocido,Alicante,Ibiza,Domestic,julio de 2025,1,"Tuve que pagar una multa de 50,01 € en la puerta de embarque por llevar conmigo una maleta de 10 kg ya pagada, simplemente por no haberla facturado previamente. ¿Lo peor? En ningún momento te avisan durante el check-in online de que debes facturarla, ni por correo electrónico ni en la propia app. La frase “10 kg check-in bag” aparece en letra enana, sin destacar, sin color, sin advertencia alguna. Así, pasa totalmente inadvertida. Me dijeron que yo debía “sobreentender” que eso significaba que había que facturarla. ¿Perdón? Estamos en España, y mínimo deberían mandar un correo claro y en español e inglés explicando este detalle. Para colmo, me comentaron allí mismo que el personal de puerta se lleva comisión por estas multas, lo que da aún más rabia y confirma que este sistema está diseñado para confundir y sacar dinero, no para informar ni ayudar. Una experiencia muy desagradable que deja claro que con Ryanair hay que viajar con miedo a cometer cualquier mínimo “error” que te pueda costar caro. No vuelvo a confiar."
RYR_0267,Ryanair,Desconocido,Valencia,Las Palmas de Gran Canaria,Domestic,abril de 2025,1,"La peor compañia en la que he viajado, además de ir con un bebe que te lo ponen más dificil en vez de más fácil… en todas las compañias que he volado viajar con un bebé es prioritario.. en Ryanair pasas casi la última, te ponen en el asiento de la ventanilla por “obligaciòn” cuando con un bebé te levantas continuamente y lo que haces es molestar al resto de la fila, además de que te ponen asientos separados de tu compañero evidentemente para que pagues, pero incluso con un bebé!? En fin.. podría decir mucho más respecto a otras situaciones pero no vale la pena dedicarles tanto tiempo"
RYR_0268,Ryanair,Desconocido,Valencia,Cluj-Napoca,Europe,julio de 2025,1,"No hay otro vuelo directo’’ de Valencia a Cluj. Y a veces tengo que tomar este sin falta de otras opciones, por mucho que digas que es barato, si necesitas a última hora comprar un vuelo no sale del todo barato por el trato que dan. siempre van con retraso, esperas a las colas para entrar, se supone que cierran las ciertas a cierta hora y ya puedes estar esperando hasta después de que se supone que debe despegar. las azafatas no conocen la amabilidad para nada. NO LO RECOMIENDO, si se puede otra compañía vale la pena porque no son NADA PUNTUALES."
RYR_0269,Ryanair,Desconocido,Madrid,London,Europe,julio de 2025,2,"El personal pésimo arrogantes casi no hablan y menos informan , me cobraron por narices £60 de la maleta Luego la salida era a las 18:40 y cambiaron a las 21:00 al final salimos a las 21:30 se descontrola salidas, llegadas y transporte a esas altas horas de la noche y pagos extras por todo lado. Ni que fuera servicio de primera clase. No es recomendable"
RYR_0270,Ryanair,Desconocido,Menorca,Barcelona,Domestic,julio de 2025,1,"Atención al cliente inexistente, nefasta. Cancelaron mi vuelo por tormenta, el próximo disponible salía 3 días más tarde. No nos facilitaron alojamiento ni para una noche, ni syuda en coger otro vuelo o barco. La chica en atención al cliente nos dijo que tiene otras cosas más importantes que hacer. Te encuentras en plena temporada de verano sin vuelo ni hotel, con 2 niños y una persona mahor y te ficen que te busques la vida. Nunca más viajaré con Ryanair."
RYR_0271,Ryanair,Desconocido,Las Palmas de Gran Canaria,Santiago de Compostela,Domestic,julio de 2025,1,"Para mi es la peor aerolinea, al final lo barato sale caro porque te cobran por una mochila que sea mediana, 3 viajes seguidos con la misma mochila y la 3ra me la cobraron como si fuera un maletin, no entiendo nada y el personal muy mal preparado y pesimo trato, no viajo mas ypor Ryanair"
RYR_0272,Ryanair,"Buenos Aires, Argentina",Vienna,Madrid,Europe,julio de 2025,1,Desastre. Esperando en la manga que en realidad no existe...hay que caminar.... Más de 15 min. Y eso que era priority! Te tratan de sacar plata con todo. 1cm de rueda de más en tu valija... 70 dólares...
RYR_0273,Ryanair,Desconocido,Barcelona,Milan,Europe,julio de 2025,1,El trato del personal de tierra sin educacion pesimo para resolver sus propios herrores incluso a las personas afectadas las siguieron por el aeropuerto cuando fueron hacer una reclamación a la comisaria del aeropuerto el encargado molestándole intentando a las personas afectadas
RYR_0274,Ryanair,Desconocido,Madrid,Menorca,Domestic,julio de 2025,1,Mala organización por parte de la compañía de no informar correctamente a los pasajeros sobre el equipaje permitido después de acordar las nuevas medidas tampoco comunicadas. Muy decepcionada por el trato en el vuelo y sobre todo por la poca indiscreción de informarnos. Pésimo y no creo que vuelva a viajar nunca en esta compañía.
RYR_0275,Ryanair,Desconocido,Edinburgh,Barcelona,Europe,julio de 2025,1,"Fatal,Incómodo,Pésimo.Para nunca volar con esta compañía mala. Si hay otras opciones que Ryanair. Tienen que volar con esta compañía"
RYR_0276,Ryanair,Desconocido,Ibiza,Madrid,Domestic,julio de 2025,1,"El día 11 de julio de 2025, a las 07:15 h, nos encontrábamos en la puerta de embarque del vuelo [añadir número de vuelo si lo tenés] cuando fuimos abordados por la operaria de Ryanair, quien se dirigió a nosotros de muy malas formas. Nos indicó, sin explicación razonable, que no podíamos embarcar sin antes abonar 50 euros por un supuesto bulto extra, a pesar de que cada uno llevaba únicamente su maleta de mano. Accedimos al pago de los 50 euros para evitar mayores problemas. Sin embargo, y de forma totalmente injustificada, se me impidió embarcar igualmente, dejándome tirado en tierra sin asistencia, sin reembolso y sin posibilidad de recuperar el bulto por el que ya se había pagado. Esta situación es completamente inaceptable, más aún sabiendo los numerosos antecedentes y reclamaciones que Ryanair acumula por conflictos similares con el equipaje. Pero en este caso, lo más grave y destacable es que se me prohibió volar sin motivo alguno, a pesar de haber cumplido con todas las exigencias impuestas por el personal. Solicito una respuesta inmediata, la devolución íntegra de los 50 euros, el reembolso del billete no utilizado, y la correspondiente compensación por los daños y perjuicios ocasionados."
RYR_0277,Ryanair,Desconocido,Palma de Mallorca,Tenerife,Domestic,junio de 2025,5,Son muy inclusivos y respetuosos con las personas con condiciones específicas aue viajan con mascotas o animales de servicio y asistencia médica. Lo valoro mucho
RYR_0278,Ryanair,Desconocido,Valencia,Trieste,Europe,julio de 2025,1,"Me han tenido que operar de urgencia, no puedo coger el vuelo por motivo de fuerza mayor, intento hablar con ellos y no contestan al teléfono, al whatsapp ni al correo electrónico, consigo hablar con ellos y lo único que me dicen es que no pueden hacer nada que lo modifique, no puedo saber cuándo voy a viajar porque mi recuperación no tiene fecha estimada, y su humilde respuesta es decirme que pase un buen día y abandonar el chat. Excelente trato, no vuelvo a volar con ellos"
RYR_0279,Ryanair,Desconocido,Madrid,Menorca,Domestic,julio de 2025,1,"Es una vergüenza de compañía que no sabe que hacer para conseguir dinero. Merece la pena contratar una compañía de calidad, ya que se acaba pagando lo mismo y tanto seguridad, servicio, comodidad, experiencia de los pilotos .... Es superior en cualquier otra compañía que no sea Ryanair. En resumen son unos estafadores."
RYR_0280,Ryanair,Desconocido,Barcelona,Palma de Mallorca,Domestic,junio de 2025,1,"Pongo una estrella y porque no puedo poner menos. Es una compañía pésima y con muy malos tratos, se ríen de la gente y son muy maleducados. Por no decir que retrasan vuelos sin dar explicaciones o simplemente los cancelan. No recomiendo para nada viajar en RYANAIR."
RYR_0281,Ryanair,Desconocido,Malaga,Marseille,Europe,julio de 2025,1,"Asiento incómodo. Muchísimo frío en el avión, al día siguiente estuve afónico. Nunca me han avisado del apertura del embarque en la aplicación del móvil."
RYR_0282,Ryanair,Desconocido,Las Palmas de Gran Canaria,Santiago de Compostela,Domestic,junio de 2025,1,"30 min en la cola me dicen prepare tarjeta de embarque i DNI, Entonces necesito ir al baño y cuando regreso vuelo cerrado. Gente aun bajando por la pasarela y me dicen vuelo cerrado"
RYR_0283,Ryanair,"Vigo, España",Porto,Alicante,Europe,julio de 2025,1,"Ryanair es una basura que además de salir con 2 h de retraso, vende exceso de billetes y luego si eres el último en hacer el check-in porque quizás necesitas hacerlo en persona en el aeropuerto o simplemente lo haces online pero 3 h antes del vuelo en vez de 10, te deja en tierra. Te compensan económicamente y te cuentan mil milongas, pero la basura de 250€ que te dan no compensa el cansancio, las horas perdidas en el aeropuerto esperando a un embarque que luego te deniegan habiendo pagado tu billete, la pérdida de tiempo respecto a los planes que tenías organizados en la ciudad de destino, pero especialmente la humillación que sientes por parte del personal, que si bien no todos son así, tuve el ""placer"" de ser atendida por la empleada Sandra Silva en el aeropuerto de Oporto, la cual es una señora con cero educación y profesionalidad, y cero sensibilidad y humanidad, que mostró cero empatía y comprensión con las dos que nos quedamos en tierra por culpa de sus estafas. Ya en el primer momento que nos comunicó la situación lo hizo de malas maneras y con chulería, como si la culpa de quedarnos en tierra fuera nuestra y no de la estafadora compañía para la que trabaja. Por tanto, este ser humano no debería trabajar frente al público. Luego en el escritorio de Ryanair, (oh, sorpresa, estaba ella allí escondida esperándonos con emoción) estaba yo hablando con una empleada de Ryanair y salió ella hecha una *persona no cuerda*,gritándome y diciendo que no me iba a compensar. En conclusión, basura de compañía y basura de seres humanos que no sé cómo pueden trabajar en algo que hace tanto daño a las personas cómo es quedarse en tierra cuando vas con toda tu ilusión a ver a tu familia durante escasas 36 h que finalmente se convierten en 24 h por culpa de su incompetencia. No sé cómo pueden dormir por las noches sinceramente."
RYR_0284,Ryanair,Desconocido,Paris,Barcelona,Europe,julio de 2025,1,"Quiero que todo el mundo sepa la pesadilla que viví con Ryanair (vuelo desde París). Esta compañía es sinónimo de incomodidad, abuso y discriminación. ✔️ Me hicieron facturar la misma maleta tres veces sin ninguna explicación. ✔️ Me apartaron de la fila de embarque aun teniendo embarque prioritario. ✔️ Registraron mi equipaje de forma humillante, tirando mis cosas como basura. ✔️ Me sometieron a cacheos repetidos delante de todos, claramente por el color de mi piel. ✔️ Me quitaron una pulsera valiosa que pedí por favor no me quitaran porque era muy cara y difícil de volver a poner: la perdí durante el vuelo. Todo esto demuestra que Ryanair es una compañía que no respeta ni la dignidad, ni la privacidad ni los derechos de sus clientes. Barato sale caro cuando te tratan como basura. Jamás volveré a volar con Ryanair y ojalá todo el mundo se lo piense dos veces antes de regalarles su dinero."
RYR_0285,Ryanair,Desconocido,Madrid,Tenerife,Domestic,julio de 2025,1,"Son unos auténticos estafadores. Por decir que es low cost. Lo único que hacen es vender vuelos baratos, y luego una vez que te encuentras en los aeropuertos te van añadiendo extras pues los tienes que pagar sí o sí y que finalmente terminan costando mas o menos igual que compañías profesionales (Iberia, Air Europa, etc). Llegué al aeropuerto de Tenerife Norte para volar hacía Madrid y después de estar intentando sacar las tarjetas de embarque toda la mañana finalmente no pudimos. Por lo que llegamos más de una hora antes al aeropuerto y nos dicen que nos tienen que cobrar un suplemento de 30 euros por personas al no hacer sacado las tarjetas de embarque previamente. En las normas tan maravillosas que tienen esta aerolínea pone que el chekin se cierra una hora antes del vuelo, pues ya estaba cerrada cuando nos ubicamos en el aeropuerto y llegamos como he mencionado anteriormente 1 hora y media antes. No volveré a volar más con ellos, de mí desde luego que no van a comer."
RYR_0286,Ryanair,Desconocido,Madrid,Ibiza,Domestic,julio de 2025,1,"Estoy profundamente decepcionada con el servicio de atención al cliente de Ryanair. Esta misma tarde, mientras gestionaba la facturación online para un vuelo de cinco personas, cometí un simple error al introducir el año de nacimiento de uno de los pasajeros. Me di cuenta del fallo inmediatamente, en mitad del proceso, pero el sistema no me permitió retroceder para corregirlo. Llamé al servicio de atención al cliente en ese mismo momento, y para mi sorpresa, me informaron de que corregir ese error supondría un coste de 55 euros. ¿Estamos hablando en serio? Un fallo humano, detectado en el mismo instante y en un proceso que aún no había finalizado, y no ofrecen ninguna solución lógica. Lo peor es que, cuando les dije que quería poner una hoja de reclamaciones, me colgaron sin darme ninguna explicación. Más tarde volvimos a llamar, y nos dijeron que corregir la ida y la vuelta costaba 175 euros, porque, según ellos, el cliente solo había gestionado un trayecto. Es indignante. Lo que estáis haciendo no es atención al cliente, es un abuso. En lugar de facilitar soluciones, penalizáis al usuario por errores mínimos, y aprovecháis cualquier ocasión para cobrar cifras desproporcionadas. Ryanair, sois unos sinvergüenzas. Lo vuestro no es low cost, es low ética."
RYR_0287,Ryanair,Desconocido,Palma de Mallorca,Barcelona,Domestic,julio de 2025,1,"Son unos sinvergüenzas, no viajeis con ellos. Son tus enemigos y te asaltan como vulgares rateros. Llevo 45 min en la cola de facturacion,( y no tengo que facturar) porque la tarjeta de embarque que me han enviado no tiene codigo de barras valido. Seguramente perderé el vuelo. Ellos generan el problema aposta para atracarte. Por favor hacedme caso no voleis con Ryanair."
RYR_0288,Ryanair,Desconocido,Alicante,Milan,Europe,julio de 2025,1,"Estafadores,Racistas y trato PÉSIMO. Nos atendieron 2 chicas las cuales nos hicieron perder dos vuelos , no nos querían devolver el dinero y para volver a viajar exigían 100€ más para volver a viajar. Empezaron a reírse de nuestra situación, tomándonos el pelo por el simple hecho de ser de orígenes Latinos a pesar de que Naci y vivo en España. La compañía tampoco avisa de que para ir con Un menor se necesita la Autorización de padres, siempre hemos viajado y nunca nos han dicho nada al respecto, se pusieron a vacilar sobre el tema y reírse de que acabábamos de perder mucho dinero en transportes para llegar a nuestro destino. Mi acompañante Habla muy poco español ya que Habla Italiano, y se pusieron a reírse nosotras por el simple motivo de que una de nosotras no habla el Español perfecto, Esto no es una aerolínea segura, Es un negocio. Tengo Mucha Relevancia en las redes sociales, me voy a encargar personalmente de que NADIE quiera volver a elegir esta compañía, por APROVECHADOS,RACISTAS,CLASISTAS Y LO MÁS IMPORTANTE ESTAFADORES."
RYR_0289,Ryanair,Desconocido,Madrid,Menorca,Domestic,junio de 2025,1,"Ryanair no es una compañía aérea. Es una estafa en toda regla. Son unos ladrones y el personal total y absolutamente ineficaz. Viajamos con dos menores y ni a la ida ni a la vuelta pudimos viajar juntos. Nos hicieron pagar dos maletas que en nuestros billetes ponía claramente que nos correspondía maleta pequeña gratis y es lo que llevamos. Más de dos horas y media de cola para hacer el checking de un menor que finalmente en el avión lo consideran adulto. Primera y última vez que viajo con esta compañía. En pleno vuelo el aire acondicionado cae sobre ti hasta hacerte enfermar. Solicitas que lo bajen o que te den una manta y ni una ni otra. Eso sí, te venden mierdas a precio de oro y te invitan a la ludopatía ofreciéndote rasca y gana! Una vergüenza, una pésima experiencia. Ojalá dejen de ponerles sanciones económicas y pasen a cerrar la aerolínea de una vez por todas."
RYR_0290,Ryanair,Desconocido,Barcelona,Menorca,Domestic,junio de 2025,1,"Es una aerolínea que aparenta vender de manera económica sus pasajes, luego debes ir pagando las maletas adicionales, luego no te dejan vincular niños al check in y no lo puedes realizar y al llegar al mostrador te dicen debes pagar y te cobran por el adulto y niño, el trato de los empleados pésimo porque están entrenados para quitar dinero a los usuarios, al embarcar te hacen medir la maleta para cobrarte o te busques la vida. La peor de todas las empleadas es la del número 599189"
RYR_0291,Ryanair,Desconocido,Budapest,Tenerife,Europe,junio de 2025,1,"Pague por una maleta de 10kg con la que he viajado toda mi vida en ryanair y otras aerolíneas, desde que vieron mi DNI español me mandaron a medir la maleta y la mochila, ambas cabían perfectamente en el medidor, aún así me hicieron pagar 80€ por mi maleta, después de mí había otra familia de españoles a la que le hicieron pagar otras 4 maletas. Varios húngaros tenían maletas el doble que las nuestras y a los pocos que les hicieron medirlas y sobresalían bastante el medidor, les decían que pueden pasar sin pagar, que no pasa nada, pésimo pésimo son unos estafadores sobretodo en este aeropuerto tengan cuidado."
RYR_0292,Ryanair,Desconocido,Malaga,Marrakech,International,junio de 2025,1,"Nefasta el trato de los trabajadores, además de no explicar nada por la propia web de las medidas de las maletas, te tratan pésimamente y además te amenazan con no poder volar, destacar el trato de Gladys Mabel Garay, que fue NEFASTO, además, sin ningún tipo de educación. No volveré a viajar con esta compañía."
RYR_0293,Ryanair,Desconocido,Santander,Rabat,International,junio de 2025,1,"La peor compañía sin duda, me han echo dos reservas el mismo día y mismo avión con diferentes números de reserva, cobrándome dos veces. Esto es una estafa"
RYR_0294,Ryanair,Desconocido,Palermo,Milan,Domestic,junio de 2025,2,"Además de tener retraso, de estar en cola en el túnel sin AC , para morirse asados, el avión esta sucio ,da asco sentarse, peor de un chicken bus"
RYR_0295,Ryanair,Desconocido,Valencia,Seville,Domestic,junio de 2025,1,"Trato desagradable, discriminatorio y humillante por parte del personal de tierra hacia los pasajeros. Peor que al ganado."
RYR_0296,Ryanair,Desconocido,Madrid,Tenerife,Domestic,junio de 2025,1,"Una estafa, esperando desde las 12:00 en la cola para el check in y para un vuelo que tenía a las 14:15 y me dijeron ala 13:29 de reloj, que se había cerrado ya, cuando se cierra 40 minutos antes del embarque, IMPORTANTE recalcar que los únicos vuelos que avisaron para saltarse la cola fueron uno para Polonia y otro a La Palma. Me mandaron a hacer otra cola para cambiar mi vuelo y la que me atendió, repitiendo palabras textuales, dejándose el micro encendido le dijo a su compañera ""ahora tengo que arreglar las cagadas de los demás"" con una actitud borde todo porque el check in online no funciona y me hicieron pagar 100€ más para cambiar el vuelo que saldría 1 día y medio más tarde"
RYR_0297,Ryanair,"Madrid, España",Ibiza,Madrid,Domestic,junio de 2025,1,"Tiene una azafata rubia mal educada que solo está parada sin hacer nada , me acerco para que me ayude en algo y me dice que solo habla inglés cuando estamos en España, para que esta en un avión si no puede solucionar nada tuve que solucionarlo sola parece que ustedes regalan los vuelos y no son pagados por el cliente que nefasto todo"
RYR_0298,Ryanair,Desconocido,Alicante,Milan,Europe,junio de 2025,1,"La chica de la fila para facturar se enloquecio de la cantidad de gente que se les acumulo (por desorganizados) a las 5am y nos mando a seguridad. Teniamos las maletas pagadas y nos hicieron pagarlas nuevamente en la puerta de embarque, sino se quedaban en tierra. Nos pidieron la tarjeta fisica para el pago y copiaron los numeros en un ordenador (ILEGAL), pedimos factura de lo que nos cobraron y nunca nos llego (ILEGAL X2). Pedimos hoja de reclamaciones y nos dijeron que las tenian supuestamente en la oficina, en la otra punta del aeropuerto y que estaba cerrada, que si no pagabamos no volabamos (ILEGAL X3). Pague mas por las maletas que por el vuelo en si, son de lo peor, personal desprolijo y con cara de perro mojado porque saben que trabajan para unos estafadores. Atencion post-venta realmente la peor que me toco en la vida, se desentendieron de todo. Cabe aclarar que google limita las reseñas de esta empresa, como si facturaran ambas empresas en Irlanda y tuvieran un negocion."
RYR_0299,Ryanair,Desconocido,Alicante,Brussels,Europe,junio de 2025,1,"Nefasto, no vuelvo a volar con Ryanair, como iba con una menor, no me dejaban hacer el checkin online, lo tuve que hacer en el aeropuerto y me cobraron 30€, como una facturación, sin facturar y lo peor fue en la vuelta, al ir a facturar 3 horas antes del vuelo, también en el aeropuerto, porque repito, no nos dejaban facturar online a una menor. Nos dicen que NO hay asiento para ella, nos tocó esperar a que pasara todo el mundo en la puerta de embarque, y ver si faltaba alguien y poder darnos su asiento, después de tener el billete comprado, tres meses antes, por suerte alguien faltó y pudimos volver. Si no llega a ser así nos tocaba esperar a ver si había suerte el día siguiente. No vuelvo a volar con Ryanair. Nos cobraron otros 30€ de la vuelta por volver a facturar en ventanilla. Horrible lo que pasamos y el personal desagradable. Lo peor"
RYR_0300,Ryanair,Desconocido,Valencia,London,International,junio de 2025,1,"Esta compañía solo tiene el objetivo de lucrarse. Los usuarios no le importan lo más mínimo. Un trabajador se equivocó al embarcar mi maleta. Dijo que como era de mano podía llevarla conmigo. En el embarque, otro trabajador diferente me dijo que t enía que haberla embarcado. O pagaba 50€ o se quedaba en tierra. Me dijo que sabía que era injusto, pero que era la política de la compañía. Que pusiera una reclamación. Al ponerla la contestación fue que haber embarcado la maleta. No importa que ellos mismos me dijeran que podía llevarla conmigo. Horrible compañía."
RYR_0301,Ryanair,Desconocido,Krakow,Madrid,Europe,junio de 2025,1,Como suele pasar con -Ryanair una experiencia horrible. Personal maleducado y con pocas ganas de trabajar. No organizan nada e hicieron que los pasajeros q¡nos mojáramos por su incapacidad para organizar el embarque. Eso hizo aumentar también el retraso
RYR_0302,Ryanair,Desconocido,Ouarzazate,Barcelona,International,junio de 2025,1,Esta compañía es pésima. Nos hicieron pagar 3 asientos que ya estaban pagados simplemente porque Ryanair no envió un código para verificar los asientos. Encima nos dijeron que la aplicación falla unas horas antes del vuelo. ¿Qué culpa tenemos de que falle? La única opción según el trabajador era pagar así que no hubo más remedio que hacer lo que decía.
RYR_0303,Ryanair,"Mendoza, Argentina",Rome,Barcelona,Europe,junio de 2025,1,"Retraso, cobros sorpresa; cambio de nombre si te equivocas 110 € check in en el aeropuerto 55€ por persona. Darse de alta en la pagina web para hacer el check in on line te cobran! Te cobran asiento obligado!!! Retrasado 2 h . Lo peor de lo peor no viajen con esta empresa corrupta!!"
RYR_0304,Ryanair,Desconocido,Rome,Madrid,Europe,junio de 2025,1,Pésima aerolínea. Intentan de la forma más ordinaria cobrar por equipaje extra (así ya haya sido pagado) sin justificación.
RYR_0305,Ryanair,Desconocido,Seville,Marrakech,International,junio de 2025,1,"MUCHÍSIMO RETRASO EN EL VUELO, EXCESIVA DURACIÓN DE LA COLA PARA EMBARCAR, ""SENDERISMO"" HASTA EL AVIÓN CON UN CALOR DE JUSTICIA, TRATO PREPOTENTE Y NO CORRECTO DE ALGUNA TRABAJADORA DE LA COMPAÑÍA CON ALGÚN PASAJERO, COBROS EXCESIVOS POR EXCEDER MÍNIMAMENTE LAS DIMENSIONES DEL EQUIPAJE DE MANO, Y PERSONAL EN GENERAL MENOS AMABLE QUE EN OTRAS COMPAÑÍAS."
RYR_0306,Ryanair,Desconocido,Sofia,Madrid,Europe,junio de 2025,1,"Mi madre viajó y tenia un asiento pagado delante y el ultimo momento en aeropuerto le cambiaron con un asiento de atrás, prácticamente el último que no cuesta nada. Son sin vergüenza, si ella quería un asiento aleatorio no pagaba y encima se sienta en su asiento una chica con mini falda,pregunto yo en que siglo vivimos, que todavía hay tanta burocracia,que mi amiga,que mi mujer o amante,eso lo dejo en el aire ellos sabrán. Pero que vergüenza,jugar con una persona mayor,no hay derecho ninguno, tanto si es mi madre o otra persona."
RYR_0307,Ryanair,Desconocido,Prague,Krakow,Europe,mayo de 2025,1,"La peor compañía, no viajaré más con ellos. Pagamos un boleto que incluía carry on, cuando estamos esperando para embarcar nos dicen que nuestra valija era muy grande (cabe destacar que tenía las medidas permitidas) la pusieron en un cubículo con dimensiones mucho menor que las que informan, por lo cual obviamente la valija no entró. Nos dijeron que teníamos que despacharla y pagar un costo que era más del doble de lo que nos costó el pasaje. Cuando le dijimos que nos descuenten el monto que habíamos pagado por la carry on del tamaño que la aerolínea permite (y no nos querían subir), nos dijeron que no; por lo tanto, lo que habíamos pagado se perdía. Varios de los pasajeros tuvimos el mismo inconveniente y cuando subimos al avión, los compartimentos superiores estaban casi vacíos. Quisiera aclarar que veníamos realizando vuelos con compañías low cost dentro de Europa (con el mismo equipaje permitido para cabina) y no habíamos tenido inconvenientes. No recomiendo utilizar esta compañía aérea!!"
RYR_0308,Ryanair,"Teulada, España",Alicante,Sofia,Europe,junio de 2025,5,"Hola buenas, sólo informar que acaba de salir un avión hacia Bulgaria de Ryanair, cumpliendo el horario. Ahí lo dejo, es por las quejas sobre esta compañía. Contaré mi experiencia en agosto que saldré volando desde Alicante. Saludos."
RYR_0309,Ryanair,Desconocido,Valencia,Palma de Mallorca,Domestic,junio de 2025,1,"LA PEOR AEROLINEA DE EUROPA NO VUELEN CON ELLOS, LOS AVIONES UN DESASTRE, CERO MANTENIMIENTO. ME CANCELARON 2 VUELOS POR DESPERFECTOS TECNICOS. MALISIMA!!!!"
RYR_0310,Ryanair,Desconocido,Brussels,Tenerife,Europe,junio de 2025,1,"La peor compañía, no viajaré nunca más con ellos. Nos cancelan el vuelo de vuelta a menos de una semana y nos lo cambian gratis para 3 días después. Obviamente buscamos otro vuelo con otra compañía para el mismo día, gastando más dinero."
RYR_0311,Ryanair,Cuba,Porto,Madrid,Europe,junio de 2025,1,"Servicio online pesimo, no permite hacer el check-ink ni con más de 24 horas, ni con 2 horas, dando error todo el tiempo, cuando llegas al Aeropuerto, te cobran 55 euros por pasajeros, por lo que tu viaje no sale tan economico."
RYR_0312,Ryanair,Desconocido,Madrid,Fuerteventura,Domestic,junio de 2025,1,"Una vez mas Ryanair hace de las suyas, sacamos los billetes con antelación, hacemos chekin con antelación y como siempre nos sientan en la fila 3 a mi pareja y a mi en la 26 , estando vacío el avión en el momento de hacer chekin, y no somos los únicos , toda la gente de mi alrededor les hicieron lo mismo. Es una vergüenza que quieran sacar dinero hasta por respirar cuando llevan el avión de ida y vuelta lleno. Una pena, no volveremos a volar con ellos."
RYR_0313,Ryanair,Desconocido,Alicante,Tenerife,Domestic,mayo de 2025,1,"Me sentí estafado. Me cobraron 50 euros por cada maleta de mano (éramos 4 personas). Pague 100 en efectivo y 100 con tarjeta. Me llegó factura de 100 euros solo, los otros 100 acabarían en el bolsillo de la señorita que nos engañó desde la facturación de la maleta grande."
RYR_0314,Ryanair,Desconocido,Palermo,Barcelona,Europe,junio de 2025,1,"Desastre, como siempre. El precio ""relativamente bajo"" no vale el servicio que dan. La mayoría de vuelos de Ryanair que he comprado se han retrasado, sin una explicación ni una simple disculpa. Son unos incompetentes. La peor aerolinia sin duda."
RYR_0315,Ryanair,Desconocido,Prague,Madrid,Europe,junio de 2025,1,"En mi viaje de vuelta a Madrid desde Praga me pidieron medir mi maleta de cabina y según ellos no cumplía las medidas exigidas cuando 3 días antes había hecho la ida de Madrid a Praga con la misma maleta y no hubo ningún problema. Se nota que lo único que quieren es recaudar dinero de una manera totalmente injusta e ilegal. Además el personal se mostró muy maleducado, muy poco profesional y nada empático. Solo quieren cobrar a toda costa. Mi experiencia la resumo en que no viajaré más con Ryanair y no lo recomendaría nunca a nadie."
RYR_0316,Ryanair,Desconocido,Valencia,Malaga,Domestic,junio de 2025,1,"Pésimo, una estafa total, haré la reclamación en OCU y donde tenga que ir, me ha costado al final más que ir en primera clase con otra compañía, nos bloquean los vuelos porque no los contratamos directamente con ellos, desbloquear 100 € por cabeza. Llevamos mochila especial para debajo del asiento, en Málaga, Madrid, con otra compañía, ningún problema, la vuelta con Ryanair un infierno, una estafa, sudando del calor, con retraso. No es la primera vez que vuelo con ña compañía, pero porsupuesto si la última."
RYR_0317,Ryanair,Desconocido,Rome,Athens,Europe,julio de 2024,1,"Por un mal entendido, fueron agresivos conmigo y me cancelaron mi vuelo, siendo yo la víctima, en las cámaras se puede ver que el que hace el chequeo me está alzando la voz a mi y a mi esposo, haciéndome gestos con las manos, además de decirme groserías, solo por no poder pagar rápido el extra de las maletas (las cuales son maletas de mano) de excusa dijeron que ofendimos a su compañera pero no tienen ninguna prueba de agresividad, por el contrario yo si, motivo por el cual iré a la policía a colocar una denuncia, me quede sin pasaje, sin dinero y en Italia que no es ni mi país de nacimiento, ni mi país de residencia. Ignorada y ofendida la peor experiencia en un país tan Bello como ITALIA."
RYR_0318,Ryanair,Desconocido,Faro,Porto,Domestic,junio de 2025,1,"Son unos ladrones, intentan estafarte a la hora de elegir el equipaje y al final acabas pagando más que en una compañía no low cost"
RYR_0319,Ryanair,"Barcelona, España",Girona,Nuremberg,Europe,junio de 2025,1,"Más de dos horas de retraso en el vuelo, todo el día perdido y ninguna explicación, y mucho menos compensación. Experiencia para no repetir, no vale la pena ir hasta Gerona para volar con esta aerolínea."
RYR_0320,Ryanair,Desconocido,Valencia,Krakow,Europe,mayo de 2025,1,"Son como los taxistas de los países cutres, hay muchos taxis! te cobro algo apropiado con arreglo a la situación, no hay taxis!, me aprovecho de mi posición ventajosa y hago contigo lo que quiera, hay un solo taxista, arrodíllate y dame el precio extorsionante que yo decida. El servicio es inigualablemente pésimo tanto para los explotados de su plantilla como para los borregos que volamos con ellos, solo les falta cobrar por el oxigeno de las mascarillas si alguna vez caen, Ryanair no tiene ética, son un grupo de mafiosos delincuentes que decidieron montar una compañía aérea."
RYR_0321,Ryanair,Desconocido,Madrid,London,Europe,mayo de 2025,1,"Pésimo servicio del personal de tierra, trato despectivo y humillante! Nunca más Ryanair! Gente sin empatía, soberbios, escasos de algún signo de amabilidad, 😡 es una compañía que se debería plantear y saber que es lo más esencial y tener en cuenta a quienes tenemos la desgracia de bolar con vosotros!"
RYR_0322,Ryanair,Desconocido,Seville,Barcelona,Domestic,junio de 2025,1,"Es un desastre de aerolínea. Pésima atención, pésimas opciones, te persuaden a pagar más y más por un servicio que no lo vale. Él avión se lo ve en muy mal estado lo cual da miedo subirse."
RYR_0323,Ryanair,Desconocido,Madrid,Frankfurt,Europe,junio de 2025,1,"Pesimaaaaa horrible , no usen esta aerolínea es la peor que existe y el personal es muy grosero , viajen con cualquier otra"
RYR_0324,Ryanair,"Oleiros, España",Santiago de Compostela,Tenerife,Domestic,junio de 2025,1,"No compensa viajar en esta aerolínea, nunca pagan por uso de finger, gente mayor con maletas bajando y subiendo por las escaleras del avión con riesgo de caída."
RYR_0325,Ryanair,Desconocido,Alicante,Palma de Mallorca,Domestic,junio de 2025,3,"Me parece fatal que den instrucciones en inglés y después no las traduzcan al español, es más el idioma principal debería ser español, ya que no estamos volando fuera de España. Por otro lado, veo genial que se hable en inglés pero que se traduzca al español, gracias."
RYR_0326,Ryanair,Desconocido,Alicante,Manchester,Europe,junio de 2025,1,"LA PEOR COMPAÑÍA QUE EXISTE, OJALÁ DESAPAREZCA, NO COMPREN BILLETES AQUÍ, AHORRARÁN EN DISGUSTOS, NO SE LO RECOMIENDO A NADIE"
RYR_0327,Ryanair,"Fuerteventura, España",Madrid,Fuerteventura,Domestic,junio de 2025,1,"Horrible experiencia. Viaje lleno de problemas por culpa de RyanAir. El personal supergrosero, la política de equipaje una auténtica locura, los asientos, el embarque, … todo caótico y como una película de mal gusto. Compañía barriobajera y sin escrúpulos. Ahórrate un disgusto y elige otra compañía."
RYR_0328,Ryanair,Desconocido,Fuerteventura,Madrid,Domestic,junio de 2025,1,"Me dieron problemas con el equipaje, con la hora de vuelo, con los QR de los billetes.... Hicieron de mi viaje y mis vacaciones una intranquilidad constante, no pienso volver a viajar con ellos, no merece la pena por barato que sea."
RYR_0329,Ryanair,Desconocido,Brussels,Oviedo,Europe,junio de 2025,1,"El 6 de junio de 2025, en el vuelo FR4882 de Ryanair desde Bruselas-Charleroi, se me denegó injustamente el embarque pese a tener billete válido y estar dispuesta a pagar un recargo de equipaje. Mientras intentaba abonar los 60 €, la empleada cerró la puerta de embarque sin previo aviso. Expresé que viajaba urgentemente para despedirme de mi abuelo en estado terminal, pero no mostraron empatía. Perdí el vuelo, los casi 300 € del billete y la posibilidad de despedirme de él. Solicito compensación y que se investigue al personal implicado."
RYR_0330,Ryanair,Desconocido,Nice,Valencia,Europe,abril de 2025,1,"Me destrozaron la maleta , he hecho varias recomendaciones y no me han pagado nada. Tratan fatal el equipaje y en consecuencia a los pasajeros"
RYR_0331,Ryanair,Desconocido,Brindisi,Milan,Domestic,mayo de 2025,1,"Nos rompieron dos valijas. Hicimos el reclamo en el aeropuerto y nos indicaron de hacerlo también por la web. Así lo hicimos y nos dijeron que habían recibido el reclamo y nos solicitaron información adicional, la cual contestamos y enviamos en el mismo día. A partir de ahí, nunca mas se comunicaron, ni siquiera para decir si lo reconocían o no, pese a preguntar si tenían novedad sobre mi pedido. Intenté hacer nuevamente el reclamo por la web y automáticamente lo rechaza porque pasaron los siete días. Vergonzoso trato."
RYR_0332,Ryanair,Desconocido,Madrid,Palermo,Europe,junio de 2025,1,"Nos cobraron por asientos por que viajamos con dos menores y en el momento de hacer el check-in no daba opción de asientos aleatorios ,,, si o si tenias que pagar así nos sacaron 80 euros para 4 personas ida y vuelta . Su error, su culpa… ¿y aún así se niegan a devolvernos el dinero? Una estafa en toda regla. Trato nefasto, cero atención al cliente, y una política abusiva que solo busca sacar dinero sin dar soluciones. Si quieres evitar frustraciones, pérdidas de dinero y sentirte estafado: elige cualquier otra aerolínea. Ryanair = ROBO LEGALIZADO."
RYR_0333,Ryanair,Desconocido,Madrid,Tenerife,Domestic,mayo de 2025,1,"MUY MALA EXPERIENCIA EN MADRID BARAJAS ,LAS ENCARGADAS DE ATENCION AL CLIENTE MAS BORDES WUE HE VISTO EN MI VIDA Y AYUDARTE A RESOLVER PROBLEMAS NO, ESE NO ES SU TEMA PRA COBRAR RECARGOS DE 60 PAVOS , ULTIMA VEZ WUE USO ESTA AEROLINEA ."
RYR_0334,Ryanair,Desconocido,Madrid,Menorca,Domestic,mayo de 2025,1,"No lo recomiendo, hacen pagar por llevar una mochila, en la pagina web ponen que puedes llevar una maleta gratis, pero de tamaño muy pequeño, en realidad lo que puedes llevar gratis es una mochila pequeña, hay que saber diferenciar una maleta de una mochila, es vergonzoso!!"
RYR_0335,Ryanair,"Sevilla, España",Pisa,Seville,Europe,junio de 2025,1,Fa schifo! Un modelo de negocio que tratan a las personas como animales. Deberían las autoridades quitarles la ruta a estos impresentables
RYR_0336,Ryanair,Desconocido,Valencia,Tenerife,Domestic,junio de 2025,1,"En el día de hoy , un chico muy amable me comentó a la hora de facturar la maleta , que tenía que comprobar si mi mochila que era el equipaje de mano cabía en el lugar donde ellos miden las dimensiones , y de echo sí que cabía , nos dieron el okey , y al embarcar nos hicieron pagar 50€ de más con la respuesta de que no cabía , me parece una vergüenza que por ganar 50€ de más se rían en tu cara contradiciéndose entre ellos solos ."
RYR_0337,Ryanair,Desconocido,Vienna,Malaga,Europe,junio de 2025,1,es nefasto que no haya ni una sola persona para recibir tu maleta que has pagado como para facturar una auténtica vergüenza
RYR_0338,Ryanair,Desconocido,Palma de Mallorca,Alicante,Domestic,mayo de 2025,1,Pésima aerolínea. Vuelo retrasado y mucho desorden. No volvería a viajar con esta aerolinea. Es muy mala la atención ...
RYR_0339,Ryanair,"Fuerteventura, España",Seville,Fuerteventura,Domestic,junio de 2025,1,"Han dejado ha mi marido y a mi hija de 12 años tirados en Sevilla, estaban en la puerta de embarque 1 hora y 15 minutos antes. Mi hija llevaba una bolsa y estando en la cola la azafata les dice que vayan para atrás y que guarden la bolsa en una mochila, quedan los últimos y cuando van a embarcar les cierran la puerta en las narices y les dicen que el vuelo está cerrado. Tres pasos adelante embarcó una chica,TRES PASOS DELANTE DE ELLOS....TODAVIA HABIA GENTE EN EL TUNEL PARA SUBIR AL AVIÓN. La única solución reclamar y esperar al día 5 y pagar 110 euros por persona... HABÉIS DEJADO A UNA MENOR TIRADA EN SEVILLA, SIN FAMILIA CERCA Y SIN DINERO..."
RYR_0340,Ryanair,Desconocido,Seville,Fuerteventura,Domestic,junio de 2025,1,"En la fila de espera la señora no nos dejó pasar a mi y a mi padre porque teníamos un bolso demás, bueno, cuando ya metimos las cosas en nuestras mochilas solo quedaba una persona en la fila y nosotros estábamos atrás suya, cuando entra esa señora cierran la puerta en nuestra cara y le pedimos por favor qué si podíamos entrar, qué su compañera nos dijo qué metieramos las cosas en la mochila, nos dijeron qué no, porque ya había cerrado el sistema, qué ya iba a cerrar el avión y qué ya habían avisado por los altavoces cuando ni mi padre ni yo escuchamos nuestros nombres, y la señora de antes estaba pasando todavía por el túnel y había gente entrando al avión. Total, qué fuimos a la oficina de Ryanair para explicar qué pasó y dijeron qué no podían hacer nada, y qué la única opción qué teníamos era un vuelo 4 días después y qué salía 110€. La cosa es qué no habíamos llegado tarde al avión, llegamos a tiempo y dejaron a mi padre y a mi qué soy menor de edad en la calle. Esta compañía no se merece nada, es todo una estafa porque nosotros no habíamos llegado tarde."
RYR_0341,Ryanair,"Madrid, España",Menorca,Madrid,Domestic,mayo de 2025,1,"Una vergüenza de compañía que solo busca como sacarte dinero extra al precio que has pagado por tu billete Unos extorsionadores y un nefasto servicio La maleta estaba incluida en el precio del vuelo de ida Madrid a Mahón pero a la vuelta habiendo un 30 % de plazas libres o pagaba el precio del billete de nuevo o no me dejaban subir al avión Peor que la mafia . Una vergüenza de compañía Si puedes Vilar con otra compañía, EVITA comprar un billete a RYANAIR Al final te sale más caro que el precio que pagaste por el billete La peor compañía en la que he volado con mucha diferencia"
RYR_0342,Ryanair,Desconocido,Seville,Fuerteventura,Domestic,junio de 2025,1,"Nunca más. Tengo a mi padre y a mi hermana pequeña en Sevilla solos y sin dinero. A la hora de embarcar mandaron a mi padre a poner una bolsa de zapatos en la maleta (se apartó un metro) y cuando los metió fue a pasar detrás de una chica y le dijeron que no, que el vuelo ya estaba cerrado, a todo esto aún había gente en el túnel para pasar al avión. En el mostrador la única solución, aún siendo problema de ellos, es esperar 5 días y pagar 100 euros por persona."
RYR_0343,Ryanair,Desconocido,Menorca,Malaga,Domestic,junio de 2025,1,"Azafatas de vuelo nefastas, compramos los billetes de avión y aún así nos dieron diferentes asientos, hablamos con la chica de la entrada y nos cambió los asientos porque el avión iba casi vacío, cuando entramos las azafatas nos trataron fatal y aún habiendo hueco suficientes no nos dejaron viajar juntos, el problema no es ese, el problema es como tratan a los pasajeros los cuales han pagado su billete de avión y no están viajando gratis. Deberían de cambiar su vocabulario e intentar comprender un poco más a las personas, porque somos personas, no animales"
RYR_0344,Ryanair,Desconocido,Madrid,Tenerife,Domestic,junio de 2025,1,"Todo mal, asientos y cinturón estrecho. El azafato no de cayó un momento se pego las 4h de vuelo vendiendo productos por interfono. Me hacen pagar 50€ por una maleta de mano con la cual a la ida no me dijeron nada. La atención de las chicas de pista nefasta. La falta de educación y respeto , les preguntaba y no me contestaban. Encima que me hacen pagar , me hacen llevar la maleta hasta el avión. Durante el vuelo en de ida en el aterrizaje pensábamos que no lo contábamos, todo el avión temblando y dando tumbos. No volveré a viajar con Ryanair."
RYR_0345,Ryanair,Desconocido,Catania,Seville,Europe,mayo de 2025,1,"Una de las azafatas fue muy mal educada , contestaba mal a los viajeros y ponía malas caras. Pésima la atención. Estaba amargada. Por si algún día lo lees, o cambias la actitud o cambia de trabajo , porque definitivamente la atención no es lo tuyo."
RYR_0346,Ryanair,Desconocido,Rome,Barcelona,Europe,mayo de 2025,1,Aerolínea horrible!! Me cobraron dos veces el equipaje y no me quisieron devolver cuando hice el reclamo. El vuelo se retrasó cuando ya habíamos embarcado y nos hicieron salir
RYR_0347,Ryanair,Desconocido,Agadir,Tenerife,International,mayo de 2025,1,"un pago injusto y un tratamiento súper desagradable. Con mi cuento de ryanair compré 4 billetes con prioritarios para Tenerife-Agadir-Tenerife. Al ida ningún problema pero al regreso me hicieron probar la misma maleta que llevo al ida, dentro el expositor, la maleta entró perfectamente porque son las dimensiones que indicaba en la tarjeta de embarque además he siempre viajado con en esta sin ningún problema. Bien, la señora me dice non estoy segura entonces tienes que pagar 339,90 dhiramo, le dije que non lo iba a pagar porque llegué con la misma compañía Ryanair y me hicieron medir la maleta y estaba bien, que cambia ahora? Me dijo que ahí non era Tenerife y que ella estaba haciendo su trabajo y de non hacerla perder tiempo( Yo que viajaba con mi hijo que necesitaba ir al baño non estaba perdiendo tiempo con ella). Metió mi pasaporte a parte y me dijo en un tono muy desagradable:si quieres tu tarjeta de embarque tienes que pagar y llamo al siguiente que estaba en la cola. Repito que mi hijo necesitaba ir al baño entonces me tocó pagar injustamente para la maleta. Pido reclamación de lo que he pagado. Adjunto fotos de pruebas."
RYR_0348,Ryanair,Desconocido,Brussels,Alicante,Europe,abril de 2025,5,"Hola mi nombre es Jesús ,fui a ver la final del Betis a Polonia,nunca había viajado en avión y tuvimos que coger en 24 horas 5, hicimos alicante -italia Italia-polonia Polonia -italia italia-bruselas Bruselas-alicante,una de ellas con Wiz Air la cual no me gustó encima con retraso, tengo que decir que de los 4 con ryanair ninguno nos fue con retraso ,el último vuelo fue el mejor bruselas-alicante ni 1 turbulencia y encima nos trataron como reyes una chica de Almería un argentino y los otros no me acuerdo,pero todos fenomal ,si tengo algún día que volver a volar sin duda usaré Ryanair,Graciias !!!"
RYR_0349,Ryanair,"Barcelona, España",Barcelona,Seville,Domestic,mayo de 2025,1,"La peor aerolínea que me he encontrado jamás, nuestro vuelo de ida a las 8 de la mañana ya iba con retraso y el de la vuelta ya ni te cuento. Además pagamos un seguro de cancelación y para poder cancelar un billete he estado una hora y media tramitándolo con todos los documentos que te piden que igual luego ni te devuelven el dinero porque tienen unas condiciones que igual no cumplen con tu enfermedad, me parece lamentable. Desde luego no pienso contratar más está aerolínea."
RYR_0350,Ryanair,"Soria, España",Palma de Mallorca,Barcelona,Domestic,mayo de 2025,1,"Son unos ladrones. La peor compañía de vuelo que he probado en mi vida, primera vez y última. Realicé la reserva a travéz de Edreams, habiendo pagado la facturación de la maleta de manera online a parte de el billete. Al llegar a la puerta de embarque, te indican que debes pagar mas por llevar la maleta en bodega ya que en cabina no te dejan porque el billete es ""no priorato"". La ida fue a travéz de Vueling y no hubo ningún problema. Ryanair son unos ladrones estafadores."
RYR_0351,Ryanair,Desconocido,Dublin,Santander,Europe,mayo de 2025,1,"Teníamos que facturar una maleta y como en otras compañías, al facturar te hacen el check in todo a la vez. Pues nos cobraron 55€ por persona por no haberlo realizado online. La compañía es una estafadora."
RYR_0352,Ryanair,Desconocido,Wroclaw,Alicante,Europe,mayo de 2025,1,"Aeropuerto, maleta de cabina que había pasado sin problema en Alicante, nos hacen facturar por menos de 1 cm de fondo. De acuerdo, pero otra española lo mismo y todos los polacos subieron maletas más grandes que la nuestra, de unos 30 cm de fondo. No es por facturar, es por la discriminación. En cuanto me oyeron hablar midieron la maleta. Y con una actitud muy desagradable. Y luego los asientos incomodísimos. Pésimo."
RYR_0353,Ryanair,Desconocido,Naples,Palma de Mallorca,Europe,mayo de 2025,1,"Un desastre! El vuelo se retrasó y nadie dió aviso. Todos esperando a que aparezcan los encargados. Al momento del desembarque (tarde) comenzaron a medir los bolsos que iban en cabina! Nos cobraron extra, no tenían cambio para recibir el dinero, las empleadas no estaban capacitadas para resolver los problemas. Se retrasó dos veces el vuelo, y nos hicieron salir. Llegamos tarde a nuestro destino y perdimos el alquiler del auto que teníamos previsto. La aerolínea debería hacerse cargo de esos gastos, y tener un poco más de respeto y empatía por sus clientes"
RYR_0354,Ryanair,Desconocido,Alicante,Milan,Europe,mayo de 2025,1,La peor compañía de vuelos! Última vez que viajo con ellos! ESTAFADORES! Retraso de 3 horas de la cual una hora en el avión sin despegar! PENOSO SERVICIO
RYR_0355,Ryanair,"Ontinyent, España",Valencia,Tenerife,Domestic,mayo de 2025,1,"Las reservas a traves de ellos, tanto el psrking como el alquiler de coche penoso. Falta de información, no puedes contactar con ningun operador. El vehiculo de goldcar en nsl estado y perdimos un dia de vacaciones tras una averia"
RYR_0356,Ryanair,"Madrid, España",Madrid,Palma de Mallorca,Domestic,mayo de 2025,1,"1-En la salida de Madrid,tuve que pagar 30€ por una tarjeta de embarque,pero faltaba 2 horas para el vuelo,el funcionario podría haber me orientado a hacer el cheking on line,y aparte el vuelo retraso 2 horas,hemos cambiado 4 veces de puerta 2-En la vuelta querían que yo pagara 50€ por una mochila,la misma mochila que use pra ir ,me fizeram esperar que pasará todos los pasajeros,una vergüenza una mala experiencia en los dos vuelo Ryanair Más nunca 👎🏾 no recomendo a nadie"
RYR_0357,Ryanair,Desconocido,Porto,Barcelona,Europe,mayo de 2025,1,"Para hacer un cambio en una confusión de un apellido querían cobrar 85 euros cuando se puede hacer gratuitamente, al final lo pude realizar pero con todos los impedimentos posibles y muy mala educación"
RYR_0358,Ryanair,Desconocido,Malaga,Valencia,International,mayo de 2025,1,Nos estafaron de malaga a valencia y de valencia a malaga por las maletas son unos tonto y nos faltaron el respeto por la cara y son unos chulos Una experiencia muy mala no cogeria ryaniar nunca mas
RYR_0359,Ryanair,Desconocido,Seville,Barcelona,Domestic,abril de 2025,1,Vergonzoso todos los asientos mezclados porque sí y con la finalidad de pagar. Las mochilas mega controladas y la simpatía de la tripulación con cara de amargura.
RYR_0360,Ryanair,Desconocido,Rome,Dubrovnik,Europe,mayo de 2025,1,Nos estafaron. Pagamos dos pasajes con una maleta de 10 kilos cada uno y al abordar nos separaron de la fila y de manera prepotente nos cobraron 97 Euros por nuestras valijas Carry on una con 5.5 kilos y la otra con 7.5 kilos. Nos gritaron. Insultaron. Maltrataron sin que hubiera motivo para ello. Cuando les exprese que eran estafadores amenazaron con llamar a la Policía y hacerme detener. Por favor elijan cualquier otra línea aérea. Son estafadores profesionales.
RYR_0361,Ryanair,"Encamp, Andorra",Paris,Barcelona,Europe,abril de 2025,1,"Terrible. Se tarda más tiempo en llegar del aeropuerto a París que el vuelo de Barcelona al aeropuerto. Compramos un billete para aerobus para poder desplazarnos al aeropuerto y coger el vuelo dirección Barcelona. A las ocho de la tarde ya no salía ningún bus, así que la broma de Ryanair nos costó 140 euros de un taxi. No entiendo como programa vuelos si no hay conexiones para llegar en transporte público. Durante el vuelo sólo hablaban inglés."
RYR_0362,Ryanair,Desconocido,Tangier,Valencia,International,mayo de 2025,1,"Me cobraron una tasa que ellos llaman “cambio de nombre” porque el mío de la tarjeta de embarque no coindía exactamente con el de mi documento de identidad, no coincidía porque era el diminutivo pero seguía siendo mi nombre, y por eso le cobran a uno casi 200 euros por esa mierda, ladrones estafadores, que vale más eso que los vuelos del viaje, por la cara, ojalá os quiebre la empresa"
RYR_0363,Ryanair,Desconocido,Prague,Barcelona,Europe,abril de 2025,1,"Definitivamente lo barato sale caro, fue un trato terrible por ser latino, sin importar que mi esposa estaba embaraza. En el counter una señora nos dijo que el único propósito de ella era cobrarnos y no importaba lo que tuviese que hacer para lograr hacernos pagar, tomó mi pasaporte y lo retuvo como si fuese una autoridad competente para eso, realmente pagar no fue un problema es la manera en que lo imponen y le tomo foto a mi tarjeta de crédito cuando me baje del avión habían hecho compras con mi tarjeta aprovechando las horas en las que estuve en el vuelo. Una experiencia supremamente desagradable"
RYR_0364,Ryanair,Desconocido,Marrakech,Barcelona,International,mayo de 2025,1,"De nuevo otra decepción más. Y está vez ya es la última. Escoger Ryanair y pagar menos por un vuelo nunca sale a cuenta, y más si eres estafado y te cobran más antes de salir el avión. Primero volamos desde Barcelona a Marrakech, no hubo control respecto al tamaño de nuestras mochilas. Así que pasamos sin problema. A la vuelta en cambio nos cobran más de 80€ por dos mochilas de mano. ¿Porqué a veces miran el tamaño exacto y otras no? Si desde el primer vuelo me hubieran hecho pagar la maleta seguramente para el siguiente vuelo lo hubiera hecho online y me costaría la mitad de dinero. Otra persona más que dejará de viajar con Ryanair, felicidades."
RYR_0365,Ryanair,Desconocido,Barcelona,Palma de Mallorca,Domestic,mayo de 2025,1,"Hoy 13 de mayo viajamos de Roma a Barcelona con esta empresa, midieron nuestras valijas y abordamos sin problemas. Al llegar al aeropuerto de Barcelona teníamos otro vuelo a Mallorca 3hs después, nos en esta misma empresa, nos volvieron a medir las valijas con la sorpresa de que no decían que sobresalían unos centímetros. Querían que pagáramos la valija y les explicamos varias veces a empleados y supervisores que acabábamos de bajar de uno de sus aviones sin ningún problema con la medida del equipaje. Realmente tuvimos que pasar casi 20 minutos entre discusiones para que nos dejen abordar. Ya había escuchado las malas reseñas respecto al tema de la arbitrariedad a la hora de medir los equipajes pero no podíamos creer la contradicción dentro de la misma. No recomiendo en lo absurdo esta empresa, no solo por esta situación sino porque además los tres vuelos que tomamos este mes se atrasaron. Es preferible pagar un poco más y no pasar un mal rato. Empresa nefasta."
RYR_0366,Ryanair,Desconocido,Malaga,Lanzarote,Domestic,mayo de 2025,1,"Porque no hay puntuacion mas baja, Estafadores! A algunas personas sacandole el dinero por una mochila que cabe perfectamente debajo del asiento! Yo tuve suerte, pero que pena como estafan a la pobre gente! El medidor del equipaje es una estafa absolutamente. Ryanair penosos."
RYR_0367,Ryanair,Desconocido,Brussels,Alicante,Europe,mayo de 2025,5,"Destacó la Puntualidad, y en especial el trato recibido por la Azafata Lidia, pendiente en todo momento. Trabajadores así hacen que confíes en esta compañía. Gracias"
RYR_0368,Ryanair,Desconocido,Prague,Budapest,Europe,mayo de 2025,1,"No permiten salir del recinto para ir al servicio. Trato denigrante. No volveré a viajar con Ryanair, eso seguro. 90 Euros por una maleta de cabina"
RYR_0369,Ryanair,Desconocido,Seville,Fuerteventura,Domestic,mayo de 2025,1,Nefasta compañía. Trato pésimo por parte de las azafatas de tierra. Una pena que traten tan mal a los clientes. Son personas muy bordes y mal educadas. No parecen de Sevilla.
RYR_0370,Ryanair,"Madrid, España",Bristol,Madrid,Europe,mayo de 2025,1,"Son unos ladrones. Me cobraron 75 libras, 88 euros porque según ellos sobresalía 1 cm el equipaje. Habiendo pagado previamente por dos bultos y llevando únicamente uno, porque las ruedas sobresalían 1 cm. Es una vergüenza, pena que hay destinos donde ellos van pero es con diferencia la peor de las compañías low cost. Nada que ver con easyJet y por supuesto con compañías de primer nivel. Una vez en el avion una azafata me dijo que dependía siempre del equipo que embarcaba, había volado con ellos 6 días antes desde Madrid y no tuve ninguna incidencia. Son unos sinvergüenzas."
RYR_0371,Ryanair,Desconocido,Fez,Barcelona,International,mayo de 2025,1,"Horrible experiencia, horrible aerolinea, tuve vuelo de Fez a Barcelona, primero me querian cobrar por equipaje extra solo por una pequeña bolsa con 3 suvenirs, luego el vuelo se retrasó una hora y nunca notificaron ni en la app ni en la pantalla del aeropuerto, ni hablar que ni agua te ofrecen en todo el vuelo y los asientos demasiado incomodos, y no es la primera vez que me pasa con esta aerolinea."
RYR_0372,Ryanair,"Teulada, España",Alicante,Sofia,Europe,abril de 2025,5,"Hola buenas, pues viaje de regreso a Sofia (Bulgaria), el 26 de abril, con despegue a las 07'45 horas desde el aeropuerto del Altet, según unos Alicante, según otros Elche, con puntualidad británica, llegando a su hora al destino, increíble verdad, pues llegó unos minutos antes. Decir que la tripulación como siempre que he viajado muy correcta y simpática, española cosa que es de agradecer, el avión muy nuevo y porque no decirlo también limpio. Embarque correcto, siempre con priority pudiendo subir en cabina una maleta pequeña que no supere las medidas exigidas por la compañía 55X40X20 ni el peso de 10 kg y una bolsa de mano de 40X20X25 sin superar los 10 kg de peso, cumpliendo la normativa siempre, no he tenido problema alguno. Viajo con Ryanair por horario, vuelo directo y precios, anteriormente lo hacía con WizzAir pero se están pasando con los precios y ya no utilizo esa compañía con la cual tampoco tuve problemas siempre y cuando se respete su normativa, cosa que parece ser no se respeta mucho, yo he leído toda la normativa de ambas compañías y la aplico a rajatabla, será por eso que nunca he tenido ningún percance. Retrasos, si, una vez, pero ajeno a la compañía pienso yo. Que compañía no tiene retrasos? Nada más, saludos y feliz regreso. Hay que hacer el registro de pasajeros por ti mismo (el checking), imprimir los billetes , pesar y medir las maletas, saber lo que puedes llevar a bordo según lo que hayas contratado. Nada más, saludos."
RYR_0373,Ryanair,"Ibiza Ciudad, España",Malaga,Ibiza,Domestic,mayo de 2025,4,Todos sabemos como es la CIA Ryanair . Suelo viajar bastante y general ante con mi Esposa tango por mitivoanprofesionales como personales . Ella siempre elige ventanilla con lo cual a Mí como caballero me toca en medio . En esta ocasion viaje ida y vuelta de Ibiza a Málaga por trabajo . Elijo porque medio hace ilusión ventanilla así por una vez veré algo en el vuelo . Pues pago para elegir asiento y el número 14 A ( también 14D) ventanilla no tiene ventanilla- vaya mala suerte !!!! Tanto ida como vuelta . Deberían de aclarar ese punto porque seguro que no soy el único y además ponerlo como asientos que dan a los que no pagan por elegir asiento . Gran fiasco . No los cojáis nunca !!
RYR_0374,Ryanair,Desconocido,Barcelona,Alicante,Domestic,mayo de 2025,1,"¿Por dónde empezar? Tan agarrados que no dejaron a pasajeros llevar funda de abrigo; sonido altavoces pésimo; inglés macarrónico; debido al mal tiempo salimos tarde pero supongo para que no reclamásemos, el piloto comenzó a volar a mil por hora con tal brusquedad que en un momento parecía que nos estrellábamos. Gente gritando en el avión. Y con razón. He volado muchas veces , tanto nacional como internacionalmente, y ésta es sin duda, la peor. Ninguna disculpa. Antipatía y brusquedad del personal de vuelo, ni siquiera dejando que un padre comprase en efectivo una coca cola para su hija, con todo lo ocurrido (que hubiera sido de dárselo gratis). Iluminación incomodísima en vuelo de noche; no dejarte cerrar las ventanas; al aterrizar desorganización para salir del avión. Al hacer el check-in online intentando por todos los medios ponerte difícil el que no te equivoques para pedir algo que no quieres. EXPERIENCIA DESAGRADABLE COMO ELLA SOLA. NUNCA MÁS. TESTIFICO QUE COMO PASAJERA QUE FUI, ÉSTO ES CIERTO."
RYR_0375,Ryanair,Desconocido,Dublin,Barcelona,Europe,mayo de 2025,1,"Pésimo todo, aplicación personal en tierra y aéreo No te envían PDF de las tarjetas de embarque, la aplicación es patética, te cambian los vuelos osea ellos deciden mi tiempo Realmente son una mafia Cdo ves Irlanda no puedes creer que tengan una empresa asi Ni hablar de los asientos, una tabla es más comoda"
RYR_0376,Ryanair,Desconocido,Porto,Madrid,Europe,mayo de 2025,1,"son unos sinverguenzas, 120€ por dos maletas que cabían perfectamente en los pies en el asiento del avión, pésima atención y malísimos modales, parece barato pero te sacan el dinero por donde pueden, primera y última vez que viajo con ellos"
RYR_0377,Ryanair,Desconocido,Rome,Ibiza,Europe,abril de 2025,1,"Son unos estafadores! Mas de 100 euros gastados en maletas en la puerta de embarque, en un vuelo que se retrasó más de tres horas. La actitud de las chicas en el mostrador no fue generosa. Literal solo quieren aprovecharse de tu tiempo y llevarse todo el dinero que puedan. Es una lástima el pésimo servicio que ofrecen en Italia para los pasajeros. Habíamos estado muy augusto en Roma pero nos fuimos con mala experiencia de la aerolínea. Nos quitaron nuestros pasaportes hasta que no pasaron la tarjeta de crédito."
RYR_0378,Ryanair,Desconocido,Madrid,Palma de Mallorca,Domestic,abril de 2025,1,"Unos estafadores, pagué Priority con una maleta de 10 kilos y saliendo de Madrid todo ideal, no me pusieron pegas ni nada, ahora en Mallorca se han enamorado de mí y otras 5 personas y nos han clavado 70€, sin explicación y arrogantes y bordes las que atendían el mostrador. Luego viendo gente que no pagó priority con mochilas grandes como maletas y a ellos no se les dice nada. Se nota que van por objetivos por cada vuelo y esta vez me tocó a mí."
RYR_0379,Ryanair,Desconocido,Pisa,Memmingen,Europe,mayo de 2025,1,"La peor AEROLÍNEA DEL MUNDO , ladrones estafadores. Los 100 euros que ahorran en un pasaje en otra aerolínea tómenlo es ladrones peor experitdel mundo . Nunca más volveré a volar con ellos . Maletas dañadas, te cobran por maletas que aún pasando igual cobran son un servicio horrible ."
RYR_0380,Ryanair,Desconocido,Valencia,Essaouira,International,abril de 2025,1,"NEFASTA, peor aerolínea en gestión, servicio postventa, profesionalidad, etc Experiencia frustrante, pagas precio barato (solo en ocasiones) pero lo acabas pagando por otro lado. Es frustrante insisto, la impotencia, o pagas por sus errores técnicos e incoherencias q no son legítimas y luego reclamas con 0 o ningún posibilidad de ganar a una compañía tan grande o decides no volar con ellos. Unos incompetentes"
RYR_0381,Ryanair,Desconocido,Palma de Mallorca,Barcelona,Domestic,mayo de 2025,1,"Más de 30 minutos de retraso en la facturación, y al entrar al avión, a parte de estar sucio no, lo siguiente, nos dicen que debemos esperar 1 hora más dentro. Una vergüenza."
RYR_0382,Ryanair,"Madrid, España",Las Palmas de Gran Canaria,Madrid,Domestic,mayo de 2025,1,"Vuelo de las 9:00 de 3 de mayo, Las Palmas a Madrid. En el acceso a avión con tarjeta de embarque, tanto el hombre como la mujer que estaban con el boarding, han empezado a exigir meter las mochilas en el hueco de Ryanair exclusivamente a los pasajeros de No Prioridad. Las mochilas, que suelen tener unas medidas flexibles dado que no son rígidas, han hecho encapsularlas en el hueco de sus medidas. Hasta ahí puede entenderse, salvo que les expliques que llevas objetos o comida que puede malograrse si se compacta. Es decir, no se altera el peso ni nada parecido, pero si consideran que aparentemente puede tener unos centímetros más, van a por ellas. Cierto es, que metes la mochila, pero en mi caso, he prensado la comida. Previamente, les he explicado a los dos, que eran unos centímetros, y que le mochila cabia, pero el resultado de introducirla en el hueco iba a resultar fatal. Finalmente, y desatendiendo mi explicación, me han hecho introducir la mochila hasta que ellos han considerado que había pasado el control. Por supuesto, me he cargado la comida que llevaba. Ambos 2 trabajadores, sólo tengo que decirles que encuentren tanta rectitud en su vida, como que proclaman. Trabajar bien no es esto, lo tengo claro. Ryanair, creo que fuerza a sus trabajadores a esto, a intentar sacar dinero. Y los trabajadores, hacen su trabajo con total frialdad y despegó al cliente. Muy mal s señor O'really, muy mal. También le pondré la quería x escrito, poco me cuesta, y hay que formular quejas para intentar cambiar comportamientos de este tipo contra clientes, que pongo en duda a que nos cojnsideren como tal."
RYR_0383,Ryanair,Desconocido,Las Palmas de Gran Canaria,Madrid,Domestic,mayo de 2025,1,"Personal del aeropuerto LAS PALMAS DE GRAN CANARIA que trabajan para Ryanair. Maleducados, insultos, mal hablados e incumpliendo la ley y haciendo pagar 50 euros por una mochila. Vuelo de Las Palmas -Madrid con salida a las 9;00. Retrasado 22 minutos por increpar y cobrar extra a los pasajeros."
RYR_0384,Ryanair,"Santiago, Chile",Dublin,Bonn,Europe,abril de 2025,2,"Increíble la mala atención al cliente, cobran maletas que están bien en medidas maleta Samsonite (sin expandir) y pese que uno pago antes, las vuelven a cobrar en la puerta, sin aceptar explicación alguna, sin ningún criterio, y la única explicación es que si no pagar E60 por maleta ( 120 Euros, eran 2) no te puedes subir al avión , con una arrogancia increíble. Cero política al cliente y discriminación absoluta"
RYR_0385,Ryanair,Desconocido,Malaga,Santander,Domestic,abril de 2025,5,"Escribo x tantas opiniones negativas! En mi caso todo bien, tanto ida como vuelta. Ningun problema con las maletas y tampoco retrasos. Eso si nosotros ibamos con check ing hecho y con priority. Las maletas ni las midieron ni nos pusieron ningun impedimento para viajar en cabina, y que yo viera tampoco a ningun pasajero. Los asientos normales y espacio suficiente, no entiendo a quien dice que no se cabe. Lo importante es ajustar el tamaño de las maletas a un cm menos de lo que permiten, asi no vas justo que es donde yo creo que pueden decir que no cumples. Lo unico que no hay y que me gusta es la pantallita que te dice por donde vas en el mapa. Tambien he de decir que vole en semana santa y que el viaje tampoco era tan low cost en comparacion con otras semanas."
RYR_0386,Ryanair,"Córdoba, Argentina",Edinburgh,Barcelona,Europe,marzo de 2025,2,"Pésima atención y arbitrariedad en las medidas de las maletas Pagamos todo. Maleta grande , carry ob y mochila. Y me volvieron a cobrar el carro on por ser “demasiado grande” cuando en realidad ingresaba en el adminiculo q usan para medir"
RYR_0387,Ryanair,Desconocido,Malaga,Rabat,International,abril de 2025,1,Pagamos por equipaje de 20kg y al hacer el check-in nos lo volvieron a cobrar. Dicen que nuestra tarifa no lo contempla. Mil pegas para poner una reclamación y encima el trato en el aeropuerto malisimo
RYR_0388,Ryanair,"Valladolid, España",Oviedo,Düsseldorf,Europe,abril de 2025,1,"Nefasto, la ida perfecta atención de 10 y muy amables, la vuelta 0 consideración, no nos ayudaron en nada y no nos dejaron montar"
RYR_0389,Ryanair,"Fuengirola, España",Malaga,Rhodes,Europe,abril de 2025,5,"Ibamos asustados por tantas críticas negativas, nada que ver con la realidad. Hicimos un vuelo a Rodas desde Malaga con escala en Bruselas. Llegadas puntuales, incidente por una tormenta en Grecia solventado con eficacia y profesionalidad con los pilotos, azafatas amables."
RYR_0390,Ryanair,Desconocido,Madrid,Santa Cruz de la Palma,Domestic,abril de 2025,1,"Terrible atención y mínima ayuda, cambié mis vuelos y me confundí no tarde ni tres horas en darme cuenta y les pedí ayuda para rectificar y mi sorpresa es que después de haber pagado los vuelos y los cambios y, querer rectificar me cobraban casi 400€ más, vamos que querían que pagase mas de 1000€ por un vuelo a Mallorca en la tarifa de turista, se aprovechan de las debilidades de los clientes, ninguna consideración, muy mala gente y en mi opinión unos oportunistas. NUNCA MAS."
RYR_0391,Ryanair,Desconocido,Milan,Lourdes,Europe,abril de 2025,1,"Pésima organización. Vuelo atrasado, nos tuvieron de pie muchas horas, nos cambiaron la puerta tres veces, en lugar de dejarnos sentar y dar información segura y confiable. Horrible experiencia"
RYR_0392,Ryanair,Desconocido,Madrid,Palma de Mallorca,Domestic,abril de 2025,1,"Malísimo. Fuimos mi pareja y yo de Madrid a Palma de Mallorca con Ryanair. En Madrid nadie nos puso pegas con el equipaje y a la vuelta de Mallorca nos dijeron que teníamos que pagar 70€ por cada maleta porque no cumplían con las reglas que pedían, también los empleados súper bordes e insistentes con que pagásemos 140€ euros por las maletas en aquel momento, 0 empatía. No lo recomiendo para nada, te venden los billetes baratos para luego estafarte con el equipaje por todos lados."
RYR_0393,Ryanair,Desconocido,Dublin,Seville,Europe,abril de 2025,1,"Lo cogimos tanto para la ida como para la vuelta. De Sevilla a Cork genial, hicimos el check in, las chicas super agradables, y todo muy bien señalizado, pero a la vuelta de Dublín a Sevilla, la mujer que estaba en el check-in super desagradable, íbamos con hora, nos dijo que una de las mochilas era más grande (cuando es Sevilla no nos pusieron pega, ya que la mochila era lo justo) pero aún así sacamos cosas y la metimos en la otra que llevábamos, a parte llevaba un pequeño bolso para las pertenencias, como los 95% de pasajeros y nos dijeron que debíamos pagar 120€ por ambas mochilas, por el bolso y por la supuesta mochila que era más grande de lo recomendado, cuando metimos delante de ella la mochila y no sobresalía nada. A parte, le hablabamos en castellano y ella aún hablando castellano, porque nos habló al principio, nos volvió a hablar en inglés. Le dijimos que metíamos el bolso en la mochila que nos hacía facturar y nos dijo que no tenía tiempo que pagasemos ya los 120€. Le volvimos a decir que lo estábamos metiendo y nos dijo que ya, que ella tenía que irse y tuvimos al final qué pagar los 120€. La tipa fue una DESAGRADABLE, UNA TRABAJADORA PÉSIMA, si está amargada de ese trabajo que se lo deje a cualquier otr@ joven que seguro que lo hace mil veces mejor y la gente vuelve con más ganas en esta aerolínea. Del resto de azafatas, no tenemos una sola pega, super agradables. Cuando entramos en el avión estaba el ambiente alborotado porque la señora de la puerta había dejado pasar a gente con mochilas enormes y bolsas al avión y a otros como nosotros y más, por un bolso pequeño de pertenecías y decir que la mochila era más grande, cuando cabía de sobra bajó el asiento, ya que a la ida entró y no pasó nada, nos hizo pagar 120€. NO VUELVO A VIAJAR CON RYANAIR. VIAJÉ PORQUE NOS COGIERON EL VUELO, PERO UNA Y NO MAS. MEJOR PAGAR DE PRIMERAS 30€ MÁS, QUE DESPUÉS LLEGAR ALLI Y PORQUE UNA SEÑORA QUE NO TENGA EL DIA LE APETEZCA, TE HACE PAGAR 120€ DE MAS POR IR BIEN. Y NO TE QUEJES PORQUE ENCIMA TE DEJA EN TIERRA."
RYR_0394,Ryanair,Desconocido,Edinburgh,Santander,Europe,abril de 2025,1,Sois basura. Ellos solitos son capaces de cargarse un viaje perfecto de 15 días...tratan mal a sus clientes. Solo he volado con ellos porque no había otra compañía.
RYR_0395,Ryanair,"Santiago, Chile",Dublin,Bonn,Europe,abril de 2025,1,"Estimados usuarios, Soy Guillermo Guembes Les recomiendo no usar esta línea aérea , ya que tienen cero criterio en cobrar maletas Rechazan maletas Samsonire con medidas estándar sin estar expandidas ni nada indicando que no cumplen con normativa y cobrando adicional por cada una Amenazando que sino se pagaba no se puede subir al avión. Increíble el descriterio de esta línea aérea y el incumplimiento de normas básicas"
RYR_0396,Ryanair,Desconocido,Rome,Malaga,Europe,abril de 2025,5,"Quiero dar las gracias a todo el equipo de Ryanair por un vuelo excepcionalmente tranquilo. Normalmente tengo mucho miedo a volar, pero esta vez me sentí cómoda y segura como pasajera. La tripulación fue muy atenta, hablaban conmigo y me preguntaban a menudo cómo me sentía. En especial quiero agradecer a una chica que me ofreció agua y a “Zentia”, que fue absolutamente maravillosa. Me dio consejos útiles para superar mi miedo a volar y me hizo sentir acompañada durante todo el trayecto. También quiero destacar lo amable que fue la gente sentada cerca de mí. Fue una experiencia humana y cálida, algo que no siempre se vive en un avión. Además, en el aeropuerto de Roma, el personal fue majísimo. El proceso de facturación fue rápido y organizado, y me sentí bien atendida desde el primer momento. Gracias, Ryanair, por demostrar que volar también puede ser una experiencia muy positiva. ¡Repetiré sin duda!"
RYR_0397,Ryanair,Desconocido,Malaga,Marrakech,International,abril de 2025,1,"Horrible experiencia, compre un boleto por una agencia de viajes online y a dos días de iniciar mi viaje quise hacer el check in y no pude, lo intenté varias veces y me redireccionaron a la aerolinea q es RYANAIR no pude a pesar q lo intenté por horas, llego al aeropuerto y les informo que no pude hacer el check in y me cobraron 60 euros !! Una locura la excusa fue que no lo intenté más!!"
RYR_0398,Ryanair,Desconocido,Barcelona,Budapest,Europe,abril de 2025,1,"El día 17 de abril teníamos un vuelo de Barcelona a Budapest. El día antes llegó un email para que hicieramos check-in online. Al acceder a la página de Ryanair y poner la referencia y el email que nos habían facilitado desde edreams daba un error. Se proponía hacer la verificación y al poner el nombre y apellidos aparecía un mensaje diciendo que no era necesaria la verificación. En definitiva que era un bucle infinito sin salida posible. El día del viaje nos cobraron 90€ (para 3 personas) en el aeropuerto. Parece ser que Ryanair no quiere que se compren los billetes a través de edreams y por eso este error en el sistema es una práctica habitual para conseguir que los pasajeros compren directamente a Ryanair. Por todo lo expuesto, no aconsejamos volar con Ryanair . No se pueden tolerar estas prácticas abusivas! Atentamente, M.Pujol"
RYR_0399,Ryanair,"Madrid, España",Paris,Madrid,Europe,abril de 2025,1,"La experiencia fue pésima. Nada más comprar los vuelos, me bombardearon a publicidad. El día antes llegó un correo para que hiciera check in online, pinché en la opción y me refirió a una página que se quedaba bloqueada y no pude hacerlo. El día del viaje me cobraron 55€ por persona, en mi caso, 110€ en facturación por la tarjeta de embarque sino no me dejaban volar. Ilegalidad total y práctica abusiva contra los derechos de los pasajeros. Nunca más volaré con Ryanair."
RYR_0400,Ryanair,Desconocido,Shannon,Alicante,Europe,abril de 2025,3,"La atencion al cliente cuando vas en silla de ruedas deja mucho que desear en el aeropuerto de Shannon, me querian facturar la silla junto con la maleta, cuando no puedo caminar. Nadie vino a indicarnos que teniamos que hacer y donde ir hasta que, practicamente, estuvimos en la puerta de embarque. Ya dentro del avion me sentaron en otro asiento, separandome de mi familia. No me parecio nada bien ya que si tenia alguna necesidad no estaban para ayudarme. Por el contrario en el aeropuerto de Alicante la atencion al discapacitado es muy buena desde que llegas al aeropuerto hasta que te vas."
RYR_0401,Ryanair,Desconocido,Alicante,Dublin,Europe,abril de 2025,3,Dentro del avión todas las instrucciones y comunicaciones son en inglés. Al ser un vuelo de España a Irlanda se debería decir en los dos idiomas
RYR_0402,Ryanair,Desconocido,Barcelona,Vienna,Europe,abril de 2025,1,"Gestión horrible. Realice la compra de mis billetes y sin aviso previo me realizan un reembolso NO SOLICITADO. Ningun correo ni mensaje con explicación. Consigo ponerme en contacto con ellos y me dicen que han anulado mi reserva y que si quiero mis vuelos, tengo que volver a comprar los billetes estando 50€ MAS CAROS que cuando realice mi reserva. PÉSIMA GESTIÓN Y TRATO."
RYR_0403,Ryanair,Desconocido,Edinburgh,Venice,Europe,abril de 2025,1,"Primera vez viajando con Ryanair, la experiencia fue desagradable, viajamos un mes completo por Europa con el mismo equipaje, y Ryanair fue el único que puso problema con una de nuestras maletas. Cero comprensión y amabilidad. No lo recomiendo para nada."
RYR_0404,Ryanair,"Santa Cruz de Tenerife, España",Madrid,Brussels,Europe,abril de 2025,1,Solo deseo que ALGÚN DÍA CIERREN ESTA COMPAÑÍA!! Son unos ladrones de tasas que ya no saben cómo obligarte a pagar. Debería estar PENALIZADA DE POR VIDA!!! Solo informo para si podéis tomar otra compañía para vuestro vuelo que no lo dudéis ni por un momento. Por mi parte será DENUNCIADA de todas las maneras posibles.
RYR_0405,Ryanair,Desconocido,Vienna,Palma de Mallorca,Europe,abril de 2025,1,"Nunca más, la peor compañía en la que viajado, el personal muy desagradable el peor trato que me han dado, tanto el personal del aeropuerto como el de vuelo. El personal de tierra me trato fatal en Viena, no sé puede ser más maleducado."
RYR_0406,Ryanair,Desconocido,Porto,Madrid,Europe,abril de 2025,1,"La peor aerolínea con la que he volado, nunca he tenido ningún problema hasta que por primera vez se me ocurre volar con esta empresa, nunca lo repetiría. Aunque sean los vuelos más “económicos” no es verdad, te cobran absolutamente todo y puede que ni te des cuenta. Por cualquier cosa buscan sacarte dinero, si vuelan chequen bien las maletas y en donde van, asientos, etc. Por ahí está la frase: “lo barato sale caro”. Termine pagando 150 € por un vuelo solo de regreso de una hora de Porto a Madrid y todo porque escogí maleta de cabina y ellos al entrar al avión no me dejaban pasar hasta que volviera a pagar 60 € porque no la “facture” como decía en el check in. En fin, si vuelan chequen el punto y coma de lo que les mandan."
RYR_0407,Ryanair,Desconocido,Palma de Mallorca,Madrid,Domestic,abril de 2025,1,"Ayer volé de Mallorca a Madrid, y en la fila para embarcar nos hicieron pagar 50 euros para facturarnos la maleta de mano que llevábamos debido que al no coger el pase ""priority"" tenían que facturarla. El problema no es el pago del priority ya que lo pone claramente en su página que se debe pagar si se lleva maleta de mano, sino que nos obligaban a facturarla porque ""no había espacio en la cabina ya que no habían contado con mi maleta"". Al entrar el avión había más de 30 huecos libres para meter la maleta. Además, solo están pendientes de este tipo de maletas ya que otras personas con mochilas mucho más grandes que la mía pasaron sin ningún problema simplemente POR NO TENER FORMA DE MALETA. En definitiva, parece ser que lo grande que sea tu mochila da igual mientras no sea una maleta, ya que eran las únicas que miraban y medían. Es un robo esta compañía, tratan a los clientes como les da la gana y te obligan a hacer lo que ellos quieren con tal de sacarse dinero de más. No vuelvo a viajar con ellos."
RYR_0408,Ryanair,Desconocido,Palma de Mallorca,Muenster,Europe,abril de 2025,1,"La agente de embarque a parte de no dominar el inglés ni si quiera domina el idioma de la región que es el catalán, además se anima a estar estricta sabiendo que no está en posición por su carencia de requisitos básicos para el trabajo…."
RYR_0409,Ryanair,Desconocido,Palma de Mallorca,Rome,Europe,abril de 2025,1,"NOS HAN ROBADO €65 PARA CAMBIAR LOS DATOS DE NACIMIENTO DE UN PASAJERO, Y SIGUE SIENDO UN MISTERIO COMO LOS DATOS DEL PASAJERO SE HABÍAN REGISTRADO MAL."
RYR_0410,Ryanair,Desconocido,Desconocido,Desconocido,Desconocido,Desconocida,1,"Cuando viajo con Ryanair no me hacen el descuento de residente. Cuando finalmente les llamo me dicen que tengo que bloquear las cookies en Google y entrar de incógnito. Mi vuelo costaba 14,99. Con el descuento serían 3,99 pero cuando pude hacerlo según me dijeron el descuento no era tal. Ese dia solo había un horario y un precio de 17,99, que se quedó en 10 con algo. Evidentemente ese no es el descuento del 75%. No entiendo cómo pueden hacer eso. Otras compañías no lo hacen y además, al comprar el billete te sale el descuento automático con tu DNI y con Ryanair hay que hacer todo ese lío para que al final no te haga el 75%. A alguien le pasa como a mí?"
RYR_0411,Ryanair,Desconocido,Madrid,Prague,Europe,abril de 2025,1,"Es obvio que este tipo de compañías ""baratas"" se dedica a extorsionar a sus clientes en busca de mayores ganancias. Lo que en definitiva no comprendo es el porqué de la actitud intimidante y grosera de sus empleados. En mi caso, llegué una hora y media antes de mi vuelo. Le expliqué a la encargada que había tenido un problema con mi teléfono para hacer el check in. La tipa -ya debe ser famosa en el aeropuerto de Barajas por lo vil y racista que es- me dijo que estaba bien, que sólo debía formarme en una enorme fila y pagar 30 euros. Estuve de acuerdo. En ningún momento discutí esa penalización. Me formé, me regresaron con ella y, cuando le pedí que me hiciera el trámite se negó. Argumentó que no tenía sistema, lo cual era mentira. Lo peor de todo fue que le tuve que rogar. Si no hubiera sido por una de sus compañeras habría perdido el vuelo. En mi caso me discriminó por mi acento mexicano. Tengan mucho cuidado con ella. Usa gafas y el cabello recogido; pero lo que la hace inconfundible es la cara de amargura que tiene. Si van a viajar en Ryanair háganlo definitivamente sin maletas y traten de hacer el check in antes del embarque, porque de los contrario se aprovecharán para extorsionarlos o negarles el servicio. Qué tan malos son que ni siquiera Google permite hacer comentarios sobre ellos."
RYR_0412,Ryanair,Desconocido,Valencia,London,Europe,marzo de 2025,1,"Son unos delincuentes Llegamos 1:15 hora antes de la salida del vuelo Nos presentamos para despachar una maleta estaba en la fila y avisé al personal que tenía poco tiempo para volar. Hizo todo para demorar, hizo pasar a otros pasajeros que estaban detrás nuestro primero y luego cuando nos tocó a nosotros se fué y volvió a los 5 minutos y nos dijo que se nos cayó el vuelo porque se pasó el tiempo. Y faltaba 1 hora todavía Tuve que hacer otra fila para que nos hagan la tarjeta de embarque ahí perdimos 30 min y claro cuando llegamos a la puerta de embarque ya estaba cerrada Tuve que pagar 300 libras y la maleta nuevamente para tomar el vuelo siguiente Son delincuentes seriales"
RYR_0413,Ryanair,Desconocido,Barcelona,Palma de Mallorca,Domestic,abril de 2025,1,"Hoy estoy viajando en Vueling y me han soplado 50 euros por llevar un bolso y una mochila me parece un robo. Estoy muy enfadada porque en otras compañías como Vueling esto no pasa, desgraciadamente tengo que volar en esta compañía pero espero no volver a hacerlo nunca más. No le deseo a nadie el mal trago que he pasado al decirme que debía pagarlo."
RYR_0414,Ryanair,Desconocido,Madrid,Lanzarote,Domestic,abril de 2025,1,"⸻ Experiencia decepcionante en el mostrador de Ryanair en la Terminal 1 Recientemente, enfrenté una situación sumamente desagradable en el mostrador de Ryanair ubicado en la Terminal 1, cerca del Burger King. Tuve un problema relacionado con el embarque y, al buscar asistencia, fui atendida por una señora de mediana edad, con cabello rizado hasta los hombros y gafas. Desde el primer momento, su actitud fue despectiva y poco profesional. En lugar de ofrecer ayuda o soluciones, me instó repetidamente a que me apartara del mostrador, sin mostrar interés en resolver mi situación. Me sentí humillada y tratada con una falta de respeto inaceptable, lo cual arruinó por completo mi día. Entiendo que las aerolíneas de bajo coste operan con recursos limitados, pero eso no justifica un trato tan insensible hacia los pasajeros. Esta experiencia me ha llevado a reconsiderar seriamente volver a volar con Ryanair, incluso si eso implica pagar más con otra compañía. EViTAR RYANAIR"
RYR_0415,Ryanair,Desconocido,Santiago de Compostela,London,Europe,abril de 2025,1,"Nada más entrar al avión la azafata estaba al teléfono ignorando completamente a los viajeros. Esta misma azafata bajó bruscamente mi reposabrazos golpeándome la pierna y haciéndome mucho daño,ella ignoró mi quejido. Se lo comuniqué a otra azafata y esta dijo que reportaría el fallo del reposabrazos a los ingenieros pero en ningún momento se preocupó de si yo estaba bien o necesitaba algo. Ahora tengo un gran moratón en la pierna e inchazón. Más tarde durante el mismo vuela la primera azafata pasó con el carrito a nuestro lado mirándome agresivamente con una actitud muy chulesca,yo le preguntè que porquè me estaba mirando de esa manera y su respuesta fue muy arrogante y sin sentido. Es horrible que te lesionen y ni siquiera se preocupen ni lo más mínimo por el pasajero. Cero humanidad y cero profesionalidad."
RYR_0416,Ryanair,"Alicante, España",Birmingham,Malaga,Europe,abril de 2025,1,"Habiendo pagado 25.5 libras para llevar mi maleta de mano en cabina. Me hicieron medirla en un medidor ridículamente pequeño, dijeron que no cumplía con las medidas y me hicieron pagar 75 libras extra arruinado la experiencia del vuelo."
RYR_0417,Ryanair,Desconocido,Santander,Edinburgh,Europe,abril de 2025,1,"La peor compañía para volar. Pagas por los asientos demasiado dinero y por la cara te cambian y no te devuelven el dinero. No le recomiendo absolutamente a nadie volar con esta compañía, es totalmente una porquería."
RYR_0418,Ryanair,Desconocido,Venice,Malaga,Europe,abril de 2025,1,"Voy a empezar. En el vuelo de ida salió 40 minutos tarde y encima se movía mucho y no bajaba, en el de la vuelta ya salió 50 min y aparcando MAL. Perdí un vuelo de helicóptero. Fui a la taquilla de atención al cliente y dijeron que solo daban devoluciones si se retrasa 3 horas, increíble. Tuve que coger un apartamento, uber y no me pagaron nada. No cojan nunca Ryanair"
RYR_0419,Ryanair,"Rosario, Argentina",London,Vilnius,Europe,abril de 2025,4,No. 1 de 1 · Hola quise comprar un pasaje desde Londres para julio 2025 y daba error el pago. Llame x teléfono a la asistencia en España e informan que hay que hacerlo en incógnito con el navegador. Solo que después pide ser reconocido. Pero es la única manera de hacer la compra si da error de pago!
RYR_0420,Ryanair,Desconocido,Brussels,Barcelona,Europe,abril de 2025,1,"En el avión mi hija se puso mal, se empezó a hinchar toda su panza y espalda parecía un globo que iba a explotar y le costaba respirar, ante esta situación pensé que la perdía y pedí ayuda cuando an venido me dijeron que no saben qué hacer que ellos no están preparados para este tipo de situación, sería una buena opción que en cada vuelo haya una azafata que esté preparada para cualquier emergencia en la alturas gracias ."
RYR_0421,Ryanair,Desconocido,Malaga,Wroclaw,Europe,marzo de 2025,1,"Son unos sinvergüenzas, la peor compañía que opera como aerolínea. Después de llamar y comprar vuelos para mis hijos siguiendo sus instrucciones, con permisos de la Policía nacional y toda la documentación en regla, me cobran los vuelos y un suplemento de 150 euros, y después de desplazarme hasta Málaga no le s dejan volar, me han estafado 310 euros, y el personal de Ryanair Málaga unos sinvergüenzas, no se han dignado ni a hablar conmigo personalmente ni ha mirar las documentaciones... El mes pasado llegué de París con Vueling y vaya diferencia... Ni una vez más con estos ladrones."
RYR_0422,Ryanair,Desconocido,Brindisi,Madrid,Europe,abril de 2025,1,"Nefasto y estafados. Compramos el billete online con maleta de mano incluida. Cuando llegamos a la puerta de embarque sin medir, y sin pesar la maleta de mano, nos dijeron que teníamos que pagar por ella sino no subíamos al avión. Hemos reclamado y con tal de no pagar dicen que hay una política en la que si te pasas de medidas pagas por la maleta, pero eso en ningún momento fue cierto. Nos va a tocar ir a la oficina del consumidor."
RYR_0423,Ryanair,"Teulada, España",Sofia,Alicante,Europe,abril de 2025,5,"Hola, bueno pues nuevamente viajo con Ryanair, desde Sofia (Bulgaria), llegada a Alicante el 1 de abril. Puntuales, tripulación española muy simpática. El avión anticuado, sería de los de primera generación, por lo demás nada que objetar, bueno si, que no se puede pagar en efectivo, obligan al pago con tarjeta. Llegada a Alicante 5 minutos antes con lo cual nuevamente escuchando las trompetas anunciando el aterrizaje sin retrasos, segunda vez que me pasa. Pagando priority como siempre, (25.- €), subo maleta pequeña en cabina y otro bulto más (mochila táctica de 20 litros) y elijo asiento gratuito según filas, sin problema. Hay que leer la normativa de la compañía con lo cual viajas, lo digo siempre. Checking sin problema, lo hago con 60 días de antelación, con lo cual no hay saturación ni nada por el estilo. Imprimo los pasajes y listo a volar. Saludos."
RYR_0424,Ryanair,Desconocido,Toulouse,Alicante,Europe,marzo de 2025,1,"Horrible, el viaje fue corto pero al llegar estuvimos más de 30 minutos esperando el bus de conexión con el aeropuerto, lo cual provocó que nos dejáramos una chaqueta a bordo (culpa nuestra), pero no solo no la llevaron a objetos perdidos, sino que me dijeron que volvió con el avión y no me querían decir a dónde había volado ese avión. Al buscar información iban pasándose la pelota de unos a otros, hasta terminar hablando con un tal Juan C por su servicio de chat que fue muy grosero y maleducado y ni siquiera nos ayudó en nada. Tengo capturas de pantalla del chat porque él lo borró posteriormente. Que no paran de intentar venderte, que te cobran casi hasta por respirar y que los aviones dejan que desear ya lo sabíamos, pero que además el personal era así de borde o incompetente no. En definitiva, fatal"
RYR_0425,Ryanair,Desconocido,Palma de Mallorca,Madrid,Domestic,abril de 2025,1,"Sinvergüenzas, no validan las reservas por no haberlas adquirido en su web, faltando 24 horas para la salida del vuelo te dicen que tienen 7 días para verificar la reserva, ladrones......"
RYR_0426,Ryanair,Desconocido,Madrid,Budapest,Europe,febrero de 2025,1,"Mi hermana fallece el día de antes del vuelo y ellos no devuelven el importe, dicen que tienes q mandar el parte de defunción con un periodo de máximo 28 días antes del vuelo… el parte de defunción tardan días en dártelo desde el fallecimiento…. Poca empatía y poca vergüenza."
RYR_0427,Ryanair,Desconocido,Tangier,Madrid,International,abril de 2025,1,"Es un robo lo que hacen , timan a las personas mayores que no entienden mucho mi padre viajaba sin equipaje y al hacer el chekin le dijeron que el avión en el que iba a viajar había cerrado puertas y para que no perdiera el viaje tenía que pagar 50€ que alfinal fueron 72€ porque le sumaron equipaje que elo no tenía siquiera mi padre de los nervios y las prisas que le metieron pago con tarjeta y subió al mismo avión que dijeron que ya cerraron puertas al recogerlo en el aeropuerto nos contó lo que pasó y vimos en las hojas que le dieron que tenía su billete( el primero que dicen que ya cerraron puertas ) y otro billete que le sacaron con equipaje para que no perdiera el viaje total que TIMOOOO , ROBO Y MALA EXPERIENCIA NUNCA MAS VIAJAREMOS CON RYANAIR"
RYR_0428,Ryanair,Desconocido,Barcelona,Rabat,International,enero de 2025,1,"ESTAFADORES! No pongo menos estrellas porque no se puede , os merecéis la ruina , solo Queréis dinero y más dinero . No te dejan hacen el checkin online para que lo hagas en el aeropuerto y tengas que pagar. VERGONZOSO"
RYR_0429,Ryanair,"Cancún, México",Barcelona,Palermo,Europe,abril de 2025,1,"un desastre esta aerolinea, muy grosero el personal y pésimo servicio. Afortunadamente soy influencer y voy a comentarles a todos mis seguidores que NO viajen por esta aerolínea."
RYR_0430,Ryanair,Desconocido,Seville,Valencia,Domestic,marzo de 2025,1,"Son unos ladrones!!! Su página web no te deja hacer la verificación, te la cobran igual y en el aeropuerto también te vuelven a cobrar 66€ por qué no la has podido hacer en la web. Además de que el trato al cliente es pésimo! En el aeropuerto de Sevilla un chulo de playa queriéndome cobrar 50€ por llevar mi bolso colgado y la mochila, en cambio a mi pareja que tenía un bolso de mano no le dijeron nada! Y a mí no me querían dejar pasar, gracias a que todavía hay gente buena y una familia nos ayudó mucho. No cojáis vuelos con ryanair a la larga os saldrá más caro! Vueling no me puso ningún impedimento por llevar mi bolso, PORQUE ES UN BOLSO. Obviamente he reclamado y no me devuelven absolutamente nada! SOIS UNOS LADRONES Y UNOS SIN VERGÜENZAS."
RYR_0431,Ryanair,Desconocido,Malaga,Madrid,Domestic,marzo de 2025,1,"Mi experiencia en el proceso de compra y gestión de la reserva con la compañía fue horrible. Pero encontré la ayuda y el soporte perfecto en este número +34 918294840. Este es el número de asistencia gratuito que ofrece una agencia externa pero oficial con Ryanair. ME ayudaron en todo, me encontraron solución a mis problemas y todo fue mejor que bien, nada comparado con la asistencia con la compañía. También se le puede escribir por whatsapp al 621405800"
RYR_0432,Ryanair,Desconocido,Madrid,Lisbon,Europe,marzo de 2025,1,"La empleada n. 334315 en la puerta de embarque del aeropuerto de Madrid en el dia 23 de marzo, cuándo cuestionada sobre la prioridad de familias e embarazadas para entrar, contestó de forma grosera denegando un derecho universal de prioridad a este tipo de pasajeros. Violó la norma internacional cuándo otros empleados de la misma compañía ya lo respetan. Además no se quiso identificar y ni la tarjeta de empleado mostró para identificarse, indicando el número de empleada de forma oral y de modos aún más groseros. Esta persona no tiene la capacidad de trabajar con el público pues no cumple las normas mínimas de respeto a personas. Está situación me causó mucho estrés en el embarque innecesario."
RYR_0433,Ryanair,Desconocido,Rome,Barcelona,Europe,marzo de 2025,1,"Ladrones, buscan cualquier excusa para cobrarte más. Mal servicio. Personas desagradables. Hacía tiempo que no volaba con ellos pero ya nunca más."
RYR_0434,Ryanair,"Madrid, España",Madrid,Rome,Europe,marzo de 2025,1,"Es un engaño. Si no lees tada la letra pequeña te piensas que es barato pero es la compañía más cara a igualdadde servicios, simplemente el vuelo que compras no lleva ni equipaje de mano que te cobran 50 euros y llevas entre las piernas. Trato pésimo y agresivo"
RYR_0435,Ryanair,"Rio Cuarto, Argentina",Lisbon,Seville,Europe,marzo de 2025,1,"Pagamos por 2 maletas de 10 kg, cuando estábamos en la fila de abordar una chica paso sellando maletas y nos sacó de la fila que debíamos despacharlas abonando 77 euros. La maleta no llegaba a los 10 kg, adujeron las medidas. Una verdadera estafa! Pésimo servicio, para subir al avión debimos correr por la pista. M"
RYR_0436,Ryanair,"Punta del Este, Uruguay",Paris,Rome,Europe,marzo de 2025,1,"Experiencia horrible, asientos súper incómodos, chicos, no se reclinan, los cintos súper chicos. La verdad no volvería a viajar con ellos"
RYR_0437,Ryanair,Desconocido,Prague,Madrid,Europe,marzo de 2025,1,"La información sobre facturación que provee la aerolínea genera confusión . Se indicó que tenía derecho a una maleta gratis de un tamaño Pequeño y al llegar cobraron la maleta . Además, la persona que lo hizo no hablaba claro y fue grosera."
RYR_0438,Ryanair,Desconocido,Birmingham,Porto,Europe,marzo de 2025,1,"La aerolínea anunció erróneamente una última llamada para abordar antes de tiempo, por lo que tuvimos que correr en el aeropuerto para llegar a la puerta indicada, todo para descubrir que todavía no abordaban porque los empleados estaban muy ocupados pelando con algunos pasajeros para cobrarles más por su equipaje diciendo que eran maletas más grandes de lo permitido cuando claramente no era cierto. Les importó más ver como le cobraban de más a algunos que salir a tiempo. Por supuesto el vuelo salió muy demorado"
RYR_0439,Ryanair,Desconocido,Venice,Paris,Europe,marzo de 2025,1,"Pésimo servicio, te dan la mínima información para cobrarte plata por bajar bolsos a la bodega aunque sean las medidas correctas y ya pagadas . No lo recomiendo para nada . Fue la peor experiencia de mi vida y viajo siempre . Deberían denunciar este tipo de estafas para que no puedan vender más ."
RYR_0440,Ryanair,"Madrid, España",Berlin,Madrid,Europe,marzo de 2025,1,"Pésimo, lamentable. Mal trato, retrasos constantes, basura de aviones, esta compañía debería ser ilegal. De los 20 vuelos que habré cogido con ryannair 19 con retrasos."
RYR_0441,Ryanair,Desconocido,Malaga,Milan,Europe,marzo de 2025,2,"En el vuelo de ida mi amiga y yo íbamos con una maleta de mano ( la que va incluida gratis para todos los pasajeros en todas las aerolíneas), bueno pues nuestros equipajes cumplían con las medidas, pero aun así nos hicieron comprobarlas. No me gustó nada el trato que recibimos, como querían intentar en todo momento sacarnos a todos los pasajeros el dinero porque la “maleta no entraba”, las formas tan maleducadas y despreciables de como nos hablaban, etc. Encima nuestra maleta como ya he indicado anteriormente cumplían con las medidas, pero al estar un poco petadas tenía más dificultad al entrar en la caja. Aun entrando regularmente y viendo que perfectamente cumplían con las medidas nos hicieron sacar cosas de la maleta y no obligaron a que la teníamos que llevar puestas. Resumiendo no me gustó nada el trato y me parece de muy poca vergüenza como van a la más mínima para sacarle el dinero a las personas."
RYR_0442,Ryanair,"Madrid, España",Madrid,Lanzarote,Domestic,marzo de 2025,3,"Falta de respeto a todos los que no hablamos ingles. Apenas unos datos y, eso si, cuando te quieren vender algo te lo dicen tambien en español. Volé desde Madrid ( España) hasta Lanzarote ( Espala) y desde la presentación del comandante ( español) hasta la llegada a destino, todo en ingles. Inciuso el asistente de vuelo me dijo que no hablaba español. . Cuando al salir, finalmente pregunté si habia llegado a Lanzarote, me dijo en asistente que la compañia era angloparlante y asi tenían que hablar. Tan dificil es traducir al español ya que trabajan aqui. Solo un poco de resoeto"
RYR_0443,Ryanair,Desconocido,Madrid,Male,International,marzo de 2025,1,"Pésimo trato de las personas que en el aeropuerto de Malta nos trataron. Una auténtica vergüenza. Solo quieren sacar dinero a tu costa. Pero lo peor de todo el trato recibido, una auténtica vergüenza. No lo recomiendo bajo ningún concepto."
RYR_0444,Ryanair,"Salamanca, España",London,Madrid,Europe,marzo de 2025,1,"Nefasta experiencia, salida del 13.30 horas desde el aeropuerto de Stansted, nos tuvieron en el avión hasta las 15.00 horas, debieron dar alguna explicación en ingles, en español debieron de decir algo pero no se entendía nada de nada, un vecino de asiento, no era español aunque si hablaba el idioma nos preguntó, en que idioma está hablando porque no se entendía nada, asientos de tortura, espacio estrecho, un suplicio. Por otro lado el personal tanto del aeropuerto como de cabina de 10. No volveré a volar en esta compañía."
RYR_0445,Ryanair,Desconocido,Palma de Mallorca,Seville,Domestic,marzo de 2025,1,"Pésimo!!! Prefiero gastarme 20 o 30 euros más y asegurarme mi vuelo. Hemos llegado a las 7 de la mañana a la puerta de embarque ya que la zona de control estaba colapsada y saliendo el avión a las 7.25h ,nos han dejado en tierra. Sin tener que facturar ni nada. Pésima compañía,las chicas ni nos miraban a la cara. Fatal."
RYR_0446,Ryanair,"Tenerife, España",Tenerife,Seville,Domestic,marzo de 2025,1,"Todo en general es desagradable, desde el Check-in hasta que sales del avión. No lo he cogido por el precio (si acaso 20€ más barato), sino por el horario."
RYR_0447,Ryanair,Desconocido,London,Castellón de la Plana,Europe,marzo de 2025,1,"Recientemente adquirimos unos vuelos con Ryanair desde Londres Stansted a España y el trato por parte de los trabajadores ingleses de la compañía de Ryanair NO PUDO SER PEOR. Llegábamos muy justos porque el taxista que nos había llevado al aeropuerto llegó tarde pero aún así corrimos por la terminal para llegar, estábamos en la puerta 3 de las 5 personas que viajábamos, y nos dejaban entrar y coger el vuelo a esas 3, pero no así a las otras 2, una persona de 80 años y una persona con discapacidad física de movilidad. No fueron capaces de dejarnos pasar y dejar abierta la puerta a pesar de que expusimos (en un buen inglés) la circunstancia de las que venían detrás y que veíamos claramente por las cristaleras del aeropuerto que los pasajeros hacían cola para entrar en el avión. Su frase fue siempre la misma, sin atender a razones y ante todos nuestros requerimientos porque no dábamos crédito: ""Madam, la puerta está cerrada"". Puedo comprender que el avión no nos espere mucho rato pero esos minutos mientras suben los pasajeros, hacían cola en la escalerilla y en pista!, no, no lo comprendo. Y más viendo que habíamos llegado nosotras. Tuvimos que comprar nuevos vuelos y el trato siguió siendo malo, desagradable, con ninguna empatía, prisas y aparentes mofas por su parte. Absolutamente desaconsejable. Parece mentira que a estas alturas y con trato directo con personas sigamos encontrando personas tan desagradables en puestos de atención directa."
RYR_0448,Ryanair,Desconocido,Alicante,London,Europe,abril de 2024,1,"Dejo mi opinión sobre la compañía Ryanair, ya que solicite apoyo por su departamento de soporte y no me han querido dar una solución, tras haber solicitado una anulación de reserva no pasadas ni 2 horas y media sin haber recibido respuesta, pasadas 14 horas, he vuelto a contactar con el soporte de Ryanair, y no me han querido solucionar el problema, sabiendo que por ley estoy en mi derecho solicitar el reembolso y la cancelación de la reserva si aun no han pasado 24 hora. todo esto sabiendo que llevo años siendo clienta de Ryanair, tanto yo como mi familia. Pero por desgracia como siempre nunca valoran a sus clientes saliendo del chat a pesar de que tengas mas preguntas."
RYR_0449,Ryanair,Desconocido,Barcelona,Prague,Europe,marzo de 2025,1,"Ayer me dirigí a la puerta de embarque. Cuando esperaba, llegó un operario y dijo que la cabina estaba llena. De repente, empezaron a cobrar a pasajeros por sus maletas. Cuando llega mi turno, yo tenía mi maleta facturada como equipaje de mano. Pero me obligan a pagar un importe superior al que estipulan sus condiciones y me la facturan como equipaje de mano (algo que figuraba en mi billete que ya había pagado). He intentado reclamar que me devuelvan lo que había pagado por mi maleta porque ya la había pagado y me han ignorado . Dado la cantidad de pasajeros que obligaron a pagar , parece una actividad frecuente en la empresa timar. Actualmente, en proceso judicial por no responder mi reclamación."
RYR_0450,Ryanair,Desconocido,Palma de Mallorca,Seville,Domestic,marzo de 2025,1,"La peor agencia de vuelo sin duda alguna, todos los vuelos van con retraso y se ponen exquisitos en el tema del equipaje, lamentable"
RYR_0451,Ryanair,Desconocido,Palma de Mallorca,Barcelona,Domestic,marzo de 2025,1,"Una experiencia decepcionante con Ryanair Hoy he volado de Mallorca a Barcelona con Ryanair, y sin duda ha sido la peor experiencia en los 32 vuelos que he tomado. Al viajar desde Barcelona, llevaba exactamente el mismo equipaje, el cual cumplía con las medidas estipuladas por la aerolínea. Sin embargo, en el vuelo de vuelta, el personal de Ryanair me obligó a introducir mi riñonera dentro de la mochila, lo que dificultó que esta pasara sin problemas debido al volumen adicional. Para colmo, también me indicaron que no podía llevar mi chaqueta en la mano, algo que nunca me habían exigido en vuelos anteriores. La actitud del trabajador fue claramente hostil y parecía más preocupado por encontrar alguna excusa para cobrarnos un extra por facturar maletas que por brindar un buen servicio. El trato hacia los pasajeros fue inaceptable. Ante la situación, algunos viajeros hicieron un comentario sobre la política de equipaje, a lo que el empleado respondió de manera chulesca y poco profesional, en lugar de intentar manejar la situación con educación y respeto. Esta experiencia ha dejado claro que Ryanair es la peor compañía con la que he volado hasta ahora. No solo por sus estrictas y arbitrarias normas de equipaje, sino por la falta de empatía y profesionalidad de su personal. No volveré a volar con ellos si puedo evitarlo."
RYR_0452,Ryanair,"Ibiza, España",Ibiza,Madrid,Domestic,marzo de 2025,1,Si quieres llegar con retraso de 2 o más horas esta es la compañía ideal! Un autentico desastre. Y no indemnizar por dejarte tirado. Es una vergüenza.
RYR_0453,Ryanair,Desconocido,Dublin,Madrid,Europe,marzo de 2025,1,"Te cobran de más el equipaje diciendo que es grande sin medirlo y sin darte más opción que dejarlo en tierra o pagar, apremiándote, porque se va el vuelo. UN AUTÉNTICO ROBO PROGRAMADO"
RYR_0454,Ryanair,"Valencia, España",Valencia,Paris,Europe,marzo de 2025,1,"Estimado/a Supervisor/a de Ryanair, Mi nombre es Marcelo Fernandez Da Silva (DNI 52072486A) y me pongo en contacto con ustedes para presentar una reclamación formal respecto a los inconvenientes que experimentamos en el vuelo (DWDCWM) del 7 de marzo de 2025, con origen en (París Beauvais) y destino (Valencia). Viajaba con mi familia, compuesta por los siguientes pasajeros: - Marcelo Fernández Da Silva - Ana Karina Fernández Da Silva - Guillermo Beraldo Saldivia - (Bebe) Sofía Fernández Ruescas - Mateo Saldivia Fernández (niño de 8 años con discapacidad) - Laura Verónica Fernández Da Silva (quedó en tierra) Debido a un incidente externo, el 7 de marzo de 2025, París bloqueó el tráfico aéreo por la localización de una bomba en la ciudad. Esta situación afectó gravemente nuestro traslado al aeropuerto, ya que el servicio contratado con Aerobús se vio interrumpido, ya las 17:30 horas nos derivaron a otro punto de salida, específicamente a la estación (Saint Denis Université), lo que retrasó nuestra llegada al aeropuerto. A pesar de todo esto, llegamos al aeropuerto de (París Beauvais) a las 20:20 horas, con 45 minutos de antelación a la salida del vuelo, lo cual consideramos suficiente para proceder con el embarque, según las políticas de su compañía. Sin embargo, el personal de Ryanair se niega a embarcar a los 7 pasajeros, sin ofrecernos una solución adecuada, como la posibilidad de enviar la maleta al día siguiente, que es una opción prevista en sus normativas. Tras varias discusiones con los responsables en el aeropuerto y tener los bebes nerviosos y llorando, finalmente se permitió que 6 pasajeros embarcaran, pero lamentablemente Laura Verónica Fernández Da Silva quedó en tierra, junto con su maleta y la perdida de los Articulares Apple Airpod 4 con cancelación de ruidos nuevos, debido a la falta de tiempo. El retraso y los problemas derivados de la situación nos obligaron a adquirir un billete alternativo a Madrid, y luego otro para el trayecto de Madrid a Valencia. A continuación, adjunto los comprobantes de dichos gastos, los cuales solicitamos sean reembolsados. Considere que Ryanair no mostró la flexibilidad ni empatía necesarias ante una situación extraordinaria, especialmente dado que viajábamos con niños pequeños y un pasajero con discapacidad. Por ello, solicite la compensación correspondiente por los perjuicios sufridos, que incluyen los gastos de los billetes adicionales y el desplazamiento no previsto. Agradezco de antemano su pronta respuesta y una solución satisfactoria a esta situación. En caso de no recibir una respuesta adecuada, me veré en la obligación de tomar las acciones pertinentes ante las autoridades competentes en materia de aviación y defensa del consumidor. Atentamente, Marcelo Fernandez Da Silva (DNI 52072486A)."
RYR_0455,Ryanair,Desconocido,Rome,Barcelona,Europe,marzo de 2025,1,"Ryanair es una vergüenza de compañía, pésimo trato al cliente, después de estar dos horas esperando por vuelo retrasado, nos hacen embarcar, cuando ya estábamos dentro nos vuelven a hacer bajar por problemas técnicos, más de media hora esperando, no te dicen nada más que esperes, chulos y maleducados, la seguridad para ellos no vale nada!!! Por favor evitar coger esta compañía de impresentables."
RYR_0456,Ryanair,Desconocido,Porto,Valencia,International,marzo de 2025,1,"No entiendo porque me cobran por llevar una maleta de mano, un plus por elegir asiento, y cuando llego al avión no hay espacio . Por que lo llena la gente que no a pagado? No sé.. però la azafata ana rita .... ha estrujado las maletas,sin importar el contenido...y sin comprobar quin paga o no. Me considera estafado."
RYR_0457,Ryanair,Desconocido,Malaga,Barcelona,Domestic,marzo de 2025,1,"Señores no viajen nunca con ryanair nunca, son super engañosos. Nos querían cobrar 100€ porque han bajado el peso de las maletas de 23kg a 20. Son impuntuales muy impuntuales y el personal impresentable cuando le dices la verdad se giran son darte la cara. Señoreessss hay que quejarse de las injusticias que sólo quiene facturar a costa de nuestro sudor"
RYR_0458,Ryanair,Desconocido,Malaga,London,Europe,marzo de 2025,1,"Una vergüenza Ryanair me obligaron a pagar una maleta cuando ya había pagado en priority y tenían las medidas, me obligaron a pagar 93 euros o no volaba, las empleadas con muy poca educación para estar cara al público y por supuesto es motivo de denuncia ya que es ilegal. Quiero que me devuelvan mi dinero."
RYR_0459,Ryanair,Desconocido,Barcelona,Rome,Europe,febrero de 2025,1,TUVIMOS PROBLEMA PARA EMBARCAR PORQUE MI MARIDO Y YO TENEMOS PRIORITY Y MI HIJA DE 8 AÑOS NO.. NO COGE PRIORITY PARA ELLA NO POR AHORRAR..DE HECHO PAGUE A PARTE SU ASIENTO AUNQUE NO HACIA FALTA…NO COGE PRIORITY POR UN MOTIVO TAN SIMPLE QUE ELLA NO VIAJA CON NINGUN MALETA NI EQUIPAJE..PERO LA HORA DE EMBARCAR EL AZAPATO DE MOSTADOR NOS DIJO: SEGUN LA POLITICA DE LA COMPANIA SOLO PUEDEN PASAR POR PRIORITY MI MARIDO Y YO Y QUE MI HIJA MENOR QUE ESPERA EN FINAL DE LA COLA PORQUE ELLA NO TIENE PRIORITY…O NOS DA LA OPCION DE ESPERAR EN FINAL DE LA COLA SI QUEREMOS ENTRAR JUNTOS…PERO EN NINGUNA MANERA MI HIJA DE 8AÑOS NO PODRA EMBARCAR HASTA QUE LE TOQUE!!!EVIDENTAMENTE Y ESPERADO EN FINAL DE LA COLA CON MI HIJA Y LE DEJO MI MARIDO QUE PASARA PARA COLOCAR LAS COSAS QUE PARA EL COLMO HAY QUE COGER UN BUS PORQUE EL AVION ESTA EN LA OTRA PUNTA Y MI MARIDO SE A IDO CON EL PRIMER BUS!!.EL STRESS QUE QUERIA EVITAR PAGANDO DE MAS NO SERVIO PARA NADA!!!
RYR_0460,Ryanair,Desconocido,Palma de Mallorca,Las Palmas de Gran Canaria,Domestic,marzo de 2025,5,Muy bueno el vuelo y el personal bastante bueno David y Marina se portaron muy bien conmigo y mi amigo en general le doy un diez a todo
RYR_0461,Ryanair,Desconocido,Dublin,Barcelona,Europe,diciembre de 2024,1,Una verguenza de compañia. La maleta tenia perfectamente las medidas ( Y habia pagado por subir una maleta de cabina arriba del avion) pero en dublin nos hicieron pagar 60€ a mi y 60€ a mi hermano sin ninguna explicacion! (Solo a los 10-15 primeras personas de la fila) el resto de pasajeros no les miraron ni las medidas. A parte que el chico era muy desagradable y borde. Con ryanair nunca mas.
RYR_0462,Ryanair,Desconocido,Marrakech,Madrid,International,marzo de 2025,2,Nos sacaron media hora antes al aire libre diluviando pila. Me resfrié y esto hizo que mi experiencia fuera negativa. Un saludo.
RYR_0463,Ryanair,"Bahia Blanca, Argentina",London,Rome,Europe,marzo de 2025,1,"La realidad no se cual es el motivo para estafar y embaucar a los usuarios del la Aerolínea. Sin sentido y adrede. Compre vuelo con 2 piezas de equipaje en cabina. Primer tramo, Roma Fiumucini-Dublin, perfecto con las medidas correspondientes ningún problema. Vuelo Londres Stansted a Roma Ciampino, misteriosamente mi maleta de cabina ""no estaba en las medidas reglamentarias"", Vergonzoso! Mal trato de los jovenes encargados del abordaje, desbordados, solo pagando podías abordar el vuelo, descontrol. Yo creo que la mitad de los pasajeros, misteriosamente, no cumplían las medidas reglamentarias. NO estoy en contra si las medidas de la maleta no son las correctas, al igual que el peso, que se cobre lo que corresponde. Pero no entiendo el cambio de reglas según el Aeropuerto? No es unificado para la Aerolínea?. Reitero, vergonzoso y me sentí estafado, además del mal trato del personal."
RYR_0464,Ryanair,Desconocido,Dublin,Malaga,Europe,marzo de 2025,1,"He viajado hace un día y el servicio , el trato del personal pésimo, falta de educación de su personal , sobre todo del que atiende en embarque , nos han cobrado de regreso de nuestro viaje de Dublín a Málaga, 150 € por dos maletas cuando en nuestro billetes iba incluido su precio y sus medidas reglamentarias , me parece una estafa increíble y no lo recomendaría por nada ,una pesadilla , vaya 🤯😡"
RYR_0465,Ryanair,Desconocido,Edinburgh,Malaga,Europe,marzo de 2025,1,"Viajé de vuelta desde Edimburgo a España en Ryanair, es como el Corazón de Midlothian: esperas en la fila, te escupen en la cara y te empujan al avión. Sin duda, una de las mejores experiencias inmersivas."
RYR_0466,Ryanair,Desconocido,London,Madrid,Europe,marzo de 2025,5,"Perdimos nuestro vuelo a causa del retraso del Stanted Espress, un tren que comunica con el aeropuerto mi familia ,dos adultos y dos niños desesperados acudimos a Información al cliente , donde el personal de Ryanair nos trato de forma excelente en concreto JUAN ,un ángel, que hablaba español por familia colombiana, nos ayudo a encontrar nuevo vuelo en el mismos día y pudimos terminar nuestra aventura en LONDRES."
RYR_0467,Ryanair,Desconocido,Pisa,Malaga,Europe,marzo de 2025,3,"Toda la atención recibida buena en general. pero quería hacer constar y lo es la primera vez que me parece bien que las indicaciones se hagan en Igles pero que al elegir el segundo idioma tanto a la ida como a la vuelta sea en Italiano cuando practicamente el 100 por 100 del pasaje era ESPAÑOL me parece muy mal y poco considerado. Menos mal que por lo menos habia una sola azafata que te podias dirigir a ella en español. Queria hacerlo constar por si pueden tomar nota. Ya digo que no es la primera vez, no me parece nada bien."
RYR_0468,Ryanair,Desconocido,Ibiza,Madrid,Domestic,marzo de 2025,1,No nos daba la opción de hacer el check in en 24 h antes y tuve que acudir a la ventana y me cobraron 30 euros por persona. Una Estafa. Cuidao con estas puñaladas de sinverguenzas
RYR_0469,Ryanair,Desconocido,Dublin,Malaga,Europe,marzo de 2025,1,Nos trataron fatal y nos cobraron indiscriminadamente por una maleta de cabina y sin hablarnos en Español ni intentar comunicarnos adecuadamente cual era el motivo.
RYR_0470,Ryanair,Desconocido,Porto,Barcelona,Europe,marzo de 2025,1,Pésimo Servicio nos hacen esperar en el sol antes de subirte al avión Salió retrasado Nos cobraron 150 Euros que porque el carry on era más grande
RYR_0471,Ryanair,Desconocido,Alicante,London,Europe,octubre de 2024,1,"Viajamos con dos niños muy pequeños, 5 y 2 años. Por desgracia perdimos el vuelo. Al intentar llegar al aeropuerto estaba toda la carretera cerrada por obras y muy mal señalizado, dimos vueltas sin parar. Al llegar al aeropuerto, fuimos a la recepción para etiquetar el carro, le dijimos que íbamos justos de tiempo y llamó al embarque. Según ella teníamos tiempo. Luego paramos el control, y al llegar la puerta de embarque estaba cerrada. Y aunque el avión seguía ahí no nos dejaron subir. Tampoco quiso hablar con el piloto para preguntar si podíamos subir. Ninguna empatía por la azafata."
RYR_0472,Ryanair,Desconocido,Alicante,Dublin,Europe,marzo de 2025,1,"Evitaré volver a reservar con esta compañía. El trato al cliente es fundamental en cualquier empresa que se precie, la chulería, la arrogancia y la prepotencia no deberían ser "" cualidades"" de gente que trabaje en servicios."
RYR_0473,Ryanair,Desconocido,Lanzarote,Madrid,Domestic,febrero de 2025,1,"Primeramente verificación pasaporte online no funciona esto ocasiona problemas en el check in , personal no cualificado , me quisieron dar una tarjeta de embarque en papel y escrita a mano y me mandaron a sellar por el responsable , ponen gente descualificada, trabajan super lento, largas colas del check in, mi madre de 80 años no pudo facturar antes, sin respeto a personas mayores , tuvo que esperar de pie mucho tiempo porque el personal no esta cualificado. Los aterrizajes malos, dando golpes fuertes sobre el piso , malo para la espalda. NO LO RECOMIENDO!!!!!!!"
RYR_0474,Ryanair,"Provincia de Badajoz, España",Seville,Venice,Europe,febrero de 2025,1,Para atender el teléfono son simplemente unos sinverguenzas. Una hora esperando y sigo. Es increíble que puedan hacer esperar tanto tiempo a un cliente.
RYR_0475,Ryanair,"Buenos Aires, Argentina",Madrid,Naples,Europe,febrero de 2025,1,"Sobrevendieron los pasajes de mi familo. 6 personas, entre ellas una con una enfermedad incapacitante. Veníamos desde Argentina. La atención PÉSIMA"
RYR_0476,Ryanair,Desconocido,Alicante,Sofia,Europe,febrero de 2025,1,"Es una auténtica vergüenza lo de esta compañía, cosa que en otras compañías no pasa. Y si que te reembolsen el precio del vuelo cuando se trata de motivos más que justificados como en mi caso estar con una neumonía ( lo cual no es ninguna tonteria) y tener los informes para demostrarlo y la baja laboral) y que me tenga que comer con patatas mi vuelo y el de mi pareja, ni siquiera qué te reembolsen la mitad o que te dejen modificar la fecha pero sin pagar tasas. Cómo si yo tuviera la culpa de estar enferma. Por no mencionar que te venden la moto de ''barato'' pero luego te cobran hasta por coger un asiento al lado de tu acompañante. Pero vamos a ver si yo reservo un vuelo al mismo tiempo y con la misma cuenta , ¿ Por qué narices me separas de mi acompañante? Poderoso señor don dinero . ..cuando vas al cine , al teatro , etc coges los asientos juntos y no te cobran jajajaja."
RYR_0477,Ryanair,Desconocido,London,Malaga,Europe,febrero de 2025,1,"Como siempre, Ryanair intentando sacar dinero a toda costa. Nos han cobrado 75 libras por mi maleta, con la cual llevo viajando más de 6 años, una maleta samsonite, que cumple todas las normativas, además incluida en paquete que te venden de priority. La “explicación” del empleado de Ryanair que nos atendió y que nos cobró la maleta fue que no cumplía con el tamaño normativo. TOTALMENTE FALSO, y además no se nos dejó ni opinar, a los dos minutos estaban cobrando las 75 libras, unos 90€ euros. Me parece abusivo. Son unos sinvergüenzas con los cuales jamás volveré a viajar. Lo “barato” sale caro. Hora del incidente 14:50 de 24/02/25 vuelo Londres Málaga …. Aquí dejó la queja para dar la publicidad que se merecen."
RYR_0478,Ryanair,"Comunidad de Madrid, España",Dakhla,Madrid,International,febrero de 2025,1,"En el mostrador de Ryanair en Dakhla te cambian el billete por otro . Me obligaron "" a meter 2 veces ""la bolsa pequeña en la jaula y tuve que sacar mis enseres personales y entregar a un joven empleado marroquí de Ryanair. El espacio de la jaula es diminuto y tuve que meter dentro de la bolsa mi bolsito bandolera pequeño con la documentación , móvil . Para pasar a la sala de embarque me obligaron "" por tercera vez"" ha meter la bolsa en la jaula a presión"
RYR_0479,Ryanair,Desconocido,Brussels,Malaga,Europe,febrero de 2025,1,"NUNCA MÁS VOLAREMOS CON RYANAIR. Son unos estafadores y ladrones de información. No nos han enviado la verificación de nuestros billetes a unas horas de viajar, siendo todo una sucia estrategia para que paguemos más. Por lo que venden vuelos baratos que después cobran por otro lado. La peor experiencia en vuelo que he tenido. Espero que los usuarios dejen de volar con esta compañía"
RYR_0480,Ryanair,"Palma de Mallorca, España",Naples,Barcelona,Europe,febrero de 2025,1,"Nos cobraron 55€ por persona incluida mi hija de 3 años por no realizar el checkin 2 horas antes del vuelo, azafata irrespetuosa y altiva que nos amenazó con no dejarnos volar. Me salió el doble de caro y no hay manera de reclamar. ESTAFADORES"
RYR_0481,Ryanair,Desconocido,Palma de Mallorca,Barcelona,Domestic,febrero de 2025,1,"Mi experiencia con Ryanair ha sido muy negativa. Desde la dificultad para hacer el check-in online hasta el trato recibido en el mostrador, todo ha sido un caos. Su publicidad es engañosa, venden servicios que luego no cumplen y hacen que el proceso de viajar sea innecesariamente complicado. Además, trabajan con terceros como 8Dreams, pero luego resulta ser falso y todo se vuelve un problema para el pasajero. El personal de atención al cliente en el aeropuerto no fue nada amable ni resolutivo. No recomiendo esta aerolínea y espero que mejoren su gestión."
RYR_0482,Ryanair,Desconocido,London,Belfast,Domestic,febrero de 2025,1,"Pésimo servicio, cobran por todo, llegamos una hora y media antes para hacer check in en persona y nos cobraron el doble de lo que salió el vuelo. No lo vuelvo a tomar nunca mas aunque me regalen el vuelo. Hicimos el check in para el regreso (para que no nos cobren, este lo hicimos online) y nos obligan a elegir asientos y, para variar, vuelven a cobrar. Una estafa."
RYR_0483,Ryanair,Desconocido,Palma de Mallorca,Malaga,Domestic,febrero de 2025,1,"Pésima aerolíneas, estafan con los precios de maletas facturadas. Cobran a valor de maleta en vuelos internacionales. La información que brindan sobre equipaje luego no coincide con lo q dice el personal de embarque. Pésima atención del personal. Vuelos retrasados, No recomiendo está aerolíneas. Primera y ultima vez que viajo por está aerolíneas."
RYR_0484,Ryanair,Desconocido,Valencia,Lisbon,Europe,noviembre de 2024,1,"Ryanair no ha considerado a los afectados por la Dana de Valencia 2024 porque tenía un vuelo para el día 15 de noviembre con el billete comprado antes del día de la catástrofe (29 de octubre) y no me han querido hacer el reembolso, me era imposible viajar con semejante situación personal. Empatía 0."
RYR_0485,Ryanair,Desconocido,Madrid,Berlin,Europe,febrero de 2025,1,"Pues la verdad es que es una compañía muy pésima, siempre intentan engañar al viajero, ponen muchos problemas, ahora cambiaron su aplicación y ponen ""facturar"" y no ponen ""check in"", todo para liar a la gente, entonces te vas al aeropuerto y te cobran 30€ en la taquillas por qué no queda tiempo"
RYR_0486,Ryanair,Desconocido,Barcelona,Marrakech,International,febrero de 2025,1,"El avión salía a las 6:25 y el cierre de embarque era a las 5:55, entramos con nuestros billetes al control dentro de hora, pero nos retrasamos 3 minutos a llegar a la puerta de embarque, ahí nos encontramos a dos señoritas que nos dicen que el sistema informático ya no les permite dar acceso aun habiendo gente en la pasarela de acceso al avión, frialdad absoluta y cero empatía, había otra familia con niños pequeños como nosotros que habían llegado 1 minuto antes y les hicieron lo mismo. Voy a poner una reclamación a la oficina de ryanair y la chica que me atiende me dice que ahí no es y me da un enlace para hacerlo por la web, no hay manera de poder hacer la reclamación(luego me entero de que las reclamaciones se han de hacer en el aeropuerto), desaconsejo totalmente esta compañia, sospecho que había overbooking y les fue muy bien el no dejarnos subir aún faltando media hora para el despegue. Impotencia total."
RYR_0487,Ryanair,"Huelva, España",Porto,Seville,Europe,febrero de 2025,3,En la cola del embarque el personal de ryanair se pasea de forma militar mirando a la gente por si lleva bolsas más grandes o demás y te ponen de los nervios. Pasamos mucho tiempo de pie esperando para embarcar. Cumplieron con los horarios.
RYR_0488,Ryanair,España,Madrid,Tenerife,Domestic,febrero de 2025,1,"Lo primero tarde siempre tarde por lo menos el que cogí de Mallorca asta Madrid fue ameno por las chicas azafatas que son muy amables y a rentas pero las de Madrid, Dios me paso una vez con las azafatas madrileñas que creen que yo viajo gratis o que fue una donación de caritas, pero siempre tarde siempre en el aeropuerto el avión tarde y destino también, y además por un mínimo peso de más te sacan un riñón, para mi experiencia sigo con lo que ya conozco."
RYR_0489,Ryanair,"Alicante, España",Bournemouth,Alicante,Europe,febrero de 2025,1,Aparentemente esta compañía vende asientos que no existen. Casi nos quedamos en tierra por haber sido los últimos en hacer el check in. Una chica que incluso tenía su asiento asignado no ha podido volar. Es eso legal? Es decir yo puedo vender y cobrar un servicio que no tengo??? Vaya p*** m***** de compañía
RYR_0490,Ryanair,Desconocido,Malaga,Valencia,Domestic,febrero de 2025,1,"Al comprar el billete on line no advierten en ningún momento que, si hacemos la tarjeta de embarque en el aeropuerto, cobran 33 euros por persona. Tampoco recibimos información, con lo cual pensábamos hacer el check-in en el aeropuerto. Llegamos con algo más de dos horas de antelación. En el momento en que fuimos a entrar al pasillo de Ryanair la chica que miró la reserva nos dijo que, al no hacer el che-in on line, debíamos pagar 30 € por pasajero; estaba mal informada y nos comunicó que ya no teníamos tiempo para hacer el checkin on line. Ahí comenzamos a perder tiempo para hacerlo. Al llegar al mostrador también perdemos tiempo porque la chica del mostrador se entretuvo en buscar un dni que le pidió un compañero en ese momento. Pierde tiempo también en el ordenador antes de atendernos; cuando por fin lo hace nos dice que Ryanair funciona así (no tenemos obligación de saberlo), que nos quedaban tres minutos y que si no podíamos tendríamos que pagar 30 por persona (que después fueron 33). Ayuda cero para facilitar el trámite. Obligados a perder 66 euros le pedimos que al menos nos asignaran dos asientos juntos y en ventanilla uno. Nos dijo que sí; nos los dio separados y sin ventanilla alguna. Falta de amabilidad y de ayuda en el mostrador. En la ventanilla de reclamaciones igual. Para facilitar un boli hay que echar otra instancia. Un engaño que nos ha costado 66 euros y que reclamamos al no recibir información con antelación y al entorpecer las empleadas el poder hacerlo on line en el aeropuerto. No pueden cobrar por un título de viaje que es obligatorio."
RYR_0491,Ryanair,"Teulada, España",Sofia,Valencia,Europe,febrero de 2025,5,"Hola buenas, recién llegado de Bulgaria, despegando del aeropuerto de la capital Sofia, día 5 de febrero saliendo a las 13'25 horas clavadas, sin retrasos y llegamos en hora a Manises (Valencia). Como siempre pago priority, es la única forma de poder subir la maleta de cabina sin cobro y una bolsa o bolso de mano, también tienes derecho a elegir asiento gratis según filas, como he dicho alguna vez, pago 7.- € más y elijo fila 16 ó 17 que son asientos XL y estiramos las piernas, vale la pena, También tienes la ventaja que desde 60 días antes, puedes realizar el check-in a través de la pagina de Ryanair, de esta forma no sufrirás imprevistos como que no funciona la aplicación, que si no tengo cobertura, que no funciona el internet, que dos días antes la pagina está colapsada, etc etc etc. Personal de tierra atento y sin ningún tipo de problema, viajo en familia y las maletas cumplen las medidas así como si llevamos alguna mochila, se pasan centímetros pero nunca van llenas, con lo cual siempre puede apretujarlas en caso de que quieran medirlas con los famosos medidores del aeropuerto. El embarque correcto, rápido y sin problemas, el avión muy nuevo y limpio, la tripulación española, muy correcta y atenta. La única pega para quien no utilice, no es mi caso, no se puede pagar en efectivo. Por lo demás aterrizaje correcto, esta vez sin golpes y como dije al inicio llegada en hora a Manises. Desembarcamos también rápido y al no tener que esperar maletas en 20 minutos estábamos en el parking. Como he dicho alguna vez, siempre he viajado con WizzAir y nunca tuve problemas como las opiniones que aquí se reflejan, he cambiado a Ryanair, ya que los horarios son mejores y tanto a la ida como a la vuelta llegamos de día al destino, cosa que con Wizz, llegas de madrugada a Sofia. Además el precio es la mitad que con Wizz. Nada más que añadir, sólo que como digo siempre hay que leer la normativa de la empresa con la que viajas, pesar y medir las maletas así como imprimir los pasajes. De esta manera no sufriras ningún contratiempo, al menos yo así lo hago. Saludos y féliz retorno. PD: Menudo tocho..."
RYR_0492,Ryanair,Desconocido,Marrakech,Madrid,International,febrero de 2025,1,Una experiencia muy fea. El personal tiene un trato muy desagradable y buscan cualquier motivos para hacerte pagar un extra. No la recomiendo para nada
RYR_0493,Ryanair,"Barcelona, España",Barcelona,Liverpool,Europe,febrero de 2025,1,"Hola, he comprado unos billetes para el 16 de febrero a Liverpool con Ryanair a través de Edreams. Ahora me.piden una verificación de identidad, puede ser ""express"" o ""standar"". Estoy muy preocupada porque no tenía ni idea de esto y he leído que muchos viajeros han tenido montones de problemas, y que si llego al mostrador de Ryanair para facturar sin haber hecho la verificación me cobrarán 55 euros (por pasaje?!!!!). ¿Alguno de vosotros habéis pasado por esta experiencia? Tengo preguntas: l¿a verificación la deben hacer todos los viajeros? O sólo el que recibe el correo? Yo pagué a Edreams la opción de que me hicieran el checking y me lo enviaran a mi correo electrónico, ¿este checking seguirá siendo válido? Porque he leído que una vez haces la verificación (si lo consigues) tienes que hacer el checking con Ryanair. Lo siento, mis preguntas son confusas. Si alguien puede orientarme en esto se lo agradecería mucho. Un saludo a tod@s y disculpad si esto es una pregunta en lugar de una opinión, no encontré donde preguntar"
RYR_0494,Ryanair,Desconocido,Vitoria-Gasteiz,Seville,Domestic,febrero de 2025,1,"Robo a mano armada!!! En el aeropuerto de Vitoria no me dejaron llevar mi maleta en cabina porque sus pequeñas ruedas sobresalían 2 cm del tamaño máximo establecido, tuve que facturarla pagando 50€. Ojalá que la multa del gobierno sea el doble, y la paguen claro!!"
RYR_0495,Ryanair,"León, España",Dublin,Madrid,Europe,febrero de 2025,1,"La misma maleta que lleve de Madrid a Dublin me hacen pagar 60 euros a la vuelta. Una vergüenza, si hay normas son para todos. En el equipaje de cabina he visto maletas mucho más gruesas y grandes. Una pena que hagan caja de esta manera… efectivamente son igual que los británicos"
RYR_0496,Ryanair,Desconocido,London,Alicante,Europe,febrero de 2025,1,"Gracias a la mala gestión del aeropuerto Stansted (Londres) perdimos el vuelo y ante esta situación la compañía de ryanair fueron poco sensibles. Nos dejaron al menos a 15 personas sin subir al avión, sin darnos ningún tipo de solución. Además, fueron muy desagradables para comunicarnos las cosas, tuvieron muy poca empatía y educación!!"
RYR_0497,Ryanair,Desconocido,London,Madrid,Europe,febrero de 2025,1,"No me dejaban hacer el check in online, la web no funcionaba. Llegué dos horas antes al aeropuerto, me hicieron pagar 60 euros por hacer el check in en el mostrador y la chica que me atendió fue muy antipática. Un servicio pésimo, no voy a volver a volar con ellos. Lamentable."
RYR_0498,Ryanair,España,Tenerife,Marrakech,International,enero de 2025,1,"Cogimos el vuelo Tenerife sur a Marrakech y todo fue bien. Éramos 4 adultos y compramos 4 maletas de 10 kg con prioridad de embarque. En este viaje todo cumplía con la normativa. El problema lo tuvimos a la vuelta, de cuatro maletas tres según ellos no cumplían las medidas ( se salían las ruedas) una vergüenza!!! 40€ por cada maleta cuando ya habíamos pagado por llevarlas. Además el “azafato” muy maleducado nos dijo o pagas o te quedas sin volar, sabiendo y abusando ya que volver teníamos que volver. (Vimos a otros pasajeros con maletas totalmente iguales que ellos si cumplían.) Nos mandó a la supervisora y a cual peor, nos dijo que si en Tenerife hacían las cosas mal, no era su culpa. Una estafa en toda regla. Atención a todos los usuarios. Haremos la reclamación propia y la denuncia en consumo y al juzgado que si es menos de 2.000€ no te hace falta abogado. Debemos luchar entre todos para que estas estafas, no lo dejen pasar."
RYR_0499,Ryanair,Desconocido,Tetouan,Alicante,International,febrero de 2025,1,"Ryan Air sistemáticamente crea dificultades para cobrar por servicios innecesarios y no solicitados, un verdadero abuso, te ponen entre la espada y la pared. NO VUELVO A VIAJAR CON ESTA EMPRESA, NO HABLO DE LOS EMPLEADOS SINO DE LA AEROLINEA."
RYR_0500,Ryanair,Desconocido,Valencia,Turin,Europe,diciembre de 2024,1,"Ryanair cobra ilegalmente por el equipaje de mano, entonces uno viaja restringido y sin hacer pleno uso de sus derechos como viajeros. ¡¡¡Sinvergüenzas!!!"
RYR_0501,Ryanair,Desconocido,Tangier,Madrid,International,enero de 2025,1,"EXPERIENCIA NEFASTA, MALISIMA, EL DIA 24/1 TENIA UN VUELO DE TANGER A MADRID, NO ME MANDAN LA TARJETA DE EMBARQUE, HABIENDO HECHO LA RESERVA Y CONFIRMADA POR EDREAMS, ME PONEN QUE NO LOCALIZAN LA RESERVA, LO CUAL ME OBLIGAN A SACAR OTRO BILLETE CON UN NUMERO DE ASIENTO DIFERENTE PAGANDOLO Y CON MUCHO ESTRÉS, PORQUE TE DEJAN EN TIERRA Y LOS TRABAJADORES NO TE AYUDAN PARA NADA AL REVÉS, NI PUEDES CONSEGUIR HABLAR CON ALGUIEN POR TELEFONO ES UNA PANACEA,LA PAGINA POR APP UN AUTÉNTICO DESASTRE, UN SACADERO DE DINERO, LAS RECLAMACIONES ESTAN MANIPULADAS, SOLO TE DEJAN PONER LO QUE ELLOS CONSIDERAN Y NO TE DAN OPCIÓN, NO ACONSEJO ESTA COMPAÑÍA A NADIE, SOLO QUIEREN FACTURARTE Y LES DEA IGUAL TODO"
RYR_0502,Ryanair,Desconocido,Madrid,Copenhagen,Europe,diciembre de 2024,1,Una vergüenza. Las controladoras de los billetes era groseras y mal educadas. Vuelo con una hora de retraso y para colmo iban cobrando 50€ por cada maleta no facturada de mano. Cosa que siempre se ha podido llevar…. Una vergüenza
RYR_0503,Ryanair,Desconocido,Valencia,Birmingham,International,enero de 2025,1,"Mi queja no es acerca de el vuelo, mi queja y lo que me ha defraudado de Ryanair es su empatía hacia el cliente. Mi madre de 75 años compró 5 vuelos para llevarse a sus hijas a pasar unos días a Londres y compró la fecha equivocada por una semana, llamé pero nadie me contestó. Al día siguiente, contacte otra vez pero como ya habían pasado 24h no me hicieron caso, yo no quería que me devolvieran el dinero, si no que si había alguna manera de ese dinero ponerlo en el monedero de mi cuenta de Ryanair. Nada, no me hicieron caso y me trataron fatal, nunca me había pasado. Y al final a mi madre le tocó comprar otros vuelos. Me ha defraudado mucho y por desgracia tengo que seguir volando con ellos por qué viajo mucho unas 20 veces al año a España y es la compañía que tiene mejor horarios, pero que si encuentro otra ya os digo que me cambio seguro. Descontenta y mucho"
RYR_0504,Ryanair,Desconocido,Santiago de Compostela,Lanzarote,Domestic,enero de 2025,1,"me equivoque y puse dos veces mi nombre en la reserva en vez del de mi marido,tan pronto como voy a imprimir la reserva me doy cuenta y llamo no pasara ni un minuto. El que me cogió me dice que no se puede cambiar porque él no sabe si yo quiero dos asientos para ir más cómoda ...me cobran 115 euros por modificar el nombre.Vueling billete de vuelta me lo dejó modificar sin coste alguno. Antes del viaje cancelan mi vuelo sin ningún tipo de explicación y lo retrasan 13horas, como te avisaron con 14 días de antelación no tienes derecho a indennización. Osea yo me equivoqué en un nombre y pago 115€ ellos cancelan un vuelo, pierdo todo un día en destino , pierdo el hotel ese día y no pasa nada , rozan la ilegalidad."
RYR_0505,Ryanair,Desconocido,Barcelona,Palma de Mallorca,Domestic,enero de 2025,1,"todo comienza cuando empezamos a embarcar, empieza a embarcar la mitad del avión y no comprueban ninguna maleta pero justamente la nuestra si, a lo que yo le digo porque la mía si? y la de los demás no? y me contesta porque sé que esa maleta no cabe y tendrás que pagar 60€ a lo que le respondo que no los voy a pagar y me dice que si no los pago que no vuelo, entonces voy a comprobar la maleta y efectivamente sí que cabía, a lo que me dice que si sigue hablando o riéndome que no podré viajar con lo cual veo mal que solo tengan que comprobar mi maleta y la de los demás no, pero lo hizo con bastantes ganas porque a la hora de irme se estaba poniendo chula con un compañero suyo referiendose a que si ella quiere yo no viajo. muchas gracias ariadna"
RYR_0506,Ryanair,Desconocido,Tangier,Malaga,International,enero de 2025,1,Unos estafadores de lo peor jamás cojere un vuelo con ellos me hicieron de pagar 70€ de más en el aeropuerto por no haber echo el check in online ESTAFADORES
RYR_0507,Ryanair,Desconocido,Seville,Bologna,Europe,enero de 2025,1,Vamos a ver… Reservé un viaje para Bolonia y resulta que había puesto mal mi apellido. Llamo y me dicen que para poder cambiar un billete de vuelo ya facturado te cobran 110 o 160 en la oficina cuando supuestamente el DNI estaba correcto. Ahora mi pregunta es la siguiente: Como puede ser que cobren tanto para cambiar un nombre cuando la identificación de una persona ósea EL DNI seria suficiente para confirmar la identidad de alguien? Cualquiera puede intuir qué clase de estafa es esa y como lo hacen todo para que no tengas otras opciones y siempre te lleva a la conclusión de pagar para no perder tu vuelo. No aconsejo esa compañía poco profesional y sin interés para su pasajeros.
RYR_0508,Ryanair,Desconocido,Marrakech,Madrid,International,diciembre de 2024,1,"De vergüenza, nos cobraron 70€ por una mochila dimensiones mínimas (la típica mochila de colegio que encima llevé debajo del asiento durante el viaje), se aprovechan para cobrarte cuando estás en país extranjero (Marrakech) te hacen ir 3 horas antes al aeropuerto y te mandan directamente a las colas de facturación aunque lleves mochila, de esta manera se aseguran estafarte y cobrarte por el equipaje. Da igual las reclamaciones que pongas y que haya sentencias condenatorias, o te metes en juicios (que obviamente por 70€ pasas de quebraderos de cabeza) o te vas a tu casa con cara de tonto y con 70€ menos en la cartera. Esta compañía es una vergüenza, parece más barata, pero lo barato sale caro y al final vas sumando y sale más caro que Iberia"
RYR_0509,Ryanair,Desconocido,Dublin,Madrid,Europe,enero de 2025,1,Una pésima experiencia y servicio al cliente. Lo aparentemente barato sale caro. Muy descontentos con el trato recibido
RYR_0510,Ryanair,Desconocido,Eindhoven,Malaga,Europe,enero de 2025,1,"La peor experiencia de mi vida. Ayer supuestamente debería de haber volado a malaga y me quedé en tierra por su mala organización. Nos mandaron a otro aeropuerto y en ese aeropuerto nos dijeron al instante que cerraban las puertas de control de seguridad a las 7 pm, pero media hora después lo abrían de nuevo. Después no había casi personal en los controles de seguridad, a mas de la mitad de los pasajeros estuvimos esperando más de 4 horas y no pudimos subirnos al avión. Ryanair no hizo nada, nos dejaron ahí en mitad de un pueblo sin hotel, ni comida, con los aeropuertos cerrados. Esto ha sido una vergüenza, encima según ellos es nuestra culpa de no subirnos al avión."
RYR_0511,Ryanair,Desconocido,Barcelona,Rabat,International,agosto de 2024,1,"viaje con ryanair muchas veces y siempre es lo mismo retraso horas y horas,el avion esta sucio,venden tus asientos a ultima hora,el aterizage es mu brusco revota contra el suelo y te multan por llevar una rueda de la maleta fuera"
RYR_0512,Ryanair,Desconocido,Malaga,Palma de Mallorca,Domestic,enero de 2025,1,"Trato humillante y hasta repulsivo por parte de su política de empresa y por el personal de cabina, cero empatía y no saber resolver un problema.."
RYR_0513,Ryanair,Desconocido,Naples,Venice,Domestic,enero de 2025,1,"Nunca logramos hacer el check in online, la página no lo permitía. Llegamos al aeropuerto y nos cobraron 60 euros por cada uno del grupo... Y adicionalmente nos cobraron el equipaje de mano. Es la peor aerolínea del mundo. El personal es muy grosero. Nunca más en mi vida, pero jamás en la vida me vuelvo a subir en un avión de esta gente."
RYR_0514,Ryanair,Desconocido,Budapest,Madrid,Europe,enero de 2025,1,"Hacia tiempo que no viajaba con esta compañía y no me extraña, no se como puede seguir funcionando. Este fin de semana volabamos de vuelta de Budapest, al hacer el check in online a través del móvil algo fallo y nos asignaron dos asientos que ni existían, al acceder al embarque con la mínima explicación nos asignaron dos asientos nuevos, me tocó ir separada de mi marido. Pero no quedó todo aquí, uno del personal de abordo al intentar colocar una maleta en los compartimentos superiores, sacó una mochila más o menos grande que era de una señora y se la tiró (literal) de muy malas maneras y la dijo que colocara la mochila debajo del asiento, la señora no pudo y fue las 3h que dura el vuelo con la mochila en sus rodillas. Para culminar nuestro vuelo uno de los pasajeros subió al avión tomando una bebida alcohólica durante el vuelo se le vendió más, a pesar de la petición de una de las viajeras que por favor no se le suministrará ya que iba visiblemente afectado, el personal de abordo entre risas decían que esta persona iba en ""bien"", todo un espectáculo y una vergüenza tener que viajar así."
RYR_0515,Ryanair,Desconocido,Barcelona,Dublin,Europe,enero de 2025,2,"Muy mal trato por parte de las azafatas, y poco colaborativas. El vuelo ha sido tranquilo y en hora, la maleta no ha sufrido daño, pero como decía un mal trato por parte del personal."
RYR_0516,Ryanair,Desconocido,Las Palmas de Gran Canaria,Madrid,Domestic,enero de 2025,1,Totalmente insultante. Una estafa absoluta. Reservé y pagué el viaje por 70 € y finalmente me salió por 220€. Son lo peor. Basura.
RYR_0517,Ryanair,"Provincia de Barcelona, España",Girona,Pardubice,Europe,abril de 2024,1,"Reservo un vuelo para el 30 de abril y al entrar el la pagina del aeropuerto comunica que estará cerrado hasta el 31 de mayo. Llamo a Ryanair, hablo con el chat y no hacen reembolso porque dicen que no tiene comunicación. No dan respuesta, no dan solución. Continúan vendiendo vuelos."
RYR_0518,Ryanair,"Madrid, España",Madrid,Prague,Europe,enero de 2025,1,"Nos cancelaron el vuelo 3 meses antes, sin razón alguna. Con todo reservado por otra parte. Les da todo exactamente igual. No tienen responsabilidad ninguna, cuidado con las reservas!"
RYR_0519,Ryanair,Desconocido,Pisa,Madrid,Europe,enero de 2025,1,"Cuidado con comprar prioridad + 2 maletas porque la realidad es que es 1 maleta + tú mochila que te permiten, si vas con dos maletas y ninguna mochila teniendo dos billetes comprados te harán pagar en mi caso 46 eu más para facturar una maleta."
RYR_0520,Ryanair,Desconocido,Dublin,Malaga,Europe,enero de 2025,1,Lamentable.. Facturé una maleta grande que en teoría debería ser de 20kg pero fueron 27kg que obviamente pagué la diferencia. El vuelo retrasado como siempre y al llegar para recoger la maleta nunca salió.. Me dijeron que probablemente lo llevo otro pasajero pero que supuestamente la maleta había llegado y que ellos no pueden hacer nada.. El personal muy desagradable en todo momento. En todo momento echándole la culpa a la seguridad del aeropuerto.. He volado un montón de veces y lo de los retrasos y malos tratos del personal lo estaba tolerando pero esto ya no... Nunca más volaré con éstos ladrones..
RYR_0521,Ryanair,"Madrid, España",Dublin,Madrid,Europe,enero de 2025,1,"Penoso el trato recibido al entregar los pasajes prioritarios, diciendo a la gente con maletas iguales o superiores en tamaños y haciendo pagar 60€ de más a quien a ellos le apetecía. Los gritos del personal a personas mayores que no entendían nada en inglés diciéndoles que no entendían, ni que tenían ellos porque saber español, para poder atenderlos, cuando anteriormente yo mismo hablé con ellos en español. Vergonzoso e insultante el trato con los clientes. Más de diez minutos de espera, para entrar al avión en pasillos h en pista, para entrar al avión y ver patatas por los suelos. Lo barato siempre es más caro. Jamás volveré a viajar con ellos."
RYR_0522,Ryanair,Desconocido,Malaga,Barcelona,Domestic,enero de 2025,1,"Es la peor aerolinea que te puedes echar en cara, no tengo ni espacio para explayarme en las innumerables ocasiones en las que he tenido incidencias, cancelaciones, retrasos y cualquier cosa que se venga a la cabeza. De 10 vuelos probablemente solo 1 vaya en hora y con todo correcto. Si hay opcion de coger otra aerolinea aunque sea un poco mas cara, recomiendo coger esa otra alternativa."
RYR_0523,Ryanair,Desconocido,Prague,Madrid,Europe,enero de 2025,1,"El viaje de ida, Madrid- Praga fue bien. En cambio el de regreso , Praga-Madrid, 14,50h, se canceló tras varias horas de espera. Primero se retrasó, nos dijeron que por fallo técnico. Al poco, el problema fue el clima, minutos después el vuelo Ryanair a Barcelona sí salió. De otras compañías tb salieron hacia Madrid. Tras horas de espera nos suben a los autobuses de pista para llevarnos al avión, media hora después nos mandan bajar y a esperar. Sale mensaje de vuelo a las 22,00h. Al final salió aviso de vuelo cancelado. Solución que nos dan: reembolso o cambio de vuelo (para marzo a Madrid). Visto que fue imposible conseguir un vuelo, nos trasladamos a Viena en autobús y allí hemos cogido un vuelo a Madrid. El reembolso ha sido de un tercio del precio de los billetes. Última vez que vuelo con esta compañía, RYANAIR. Y, desde luego lo desaconsejo. No puedo ni imaginar esas familias con niños que no han llegado a la noche de Reyes a casa. Que manera de estropear una noche mágica."
RYR_0524,Ryanair,"Santiago, Chile",Dublin,Manchester,Europe,enero de 2025,1,"Vuelo atrasado, sucio, pésima atención al cliente, faltas de respeto y mi primer vuelo de Edimburgo a Dublin fue una pesadilla, vuelo atrasado por más de 2 horas, pusieron un avión asqueroso en reemplazo, lleno de basura, sucio, el personal trabajando de pésima manera, actitudes que no había visto en ninguna aerolínea del mundo. Ha sido por lejos la peor aerolínea en la que he viajado. No la recomiendo y no viajaré más en ella."
RYR_0525,Ryanair,Desconocido,Marrakech,Zaragoza,International,enero de 2025,1,Asqueroso vuelo con vomito en nuestro asiento que estaba sin limpiar del viaje anterior. Ni si quiera es barato. Sin poder pisar con los pies en el suelo para no pisar el vomito.
RYR_0526,Ryanair,Desconocido,Valencia,Santander,Domestic,enero de 2025,1,"te observan desde la fila a ver si llevas dos maletas, te recogen delante de todo el mundo Como en un paseíllo y delante de todos, como si fueses un delincuente para pesar Y medir la maleta si te cae una especie de buzón vaya pandilla de ridículos y paletos para mi opinión es una pandilla de paletos no se podría hacer a la entrada. Cuando vayas a entregar el DNI tranquilamente que te diga señorita lleva dos? te hacen un recorrido como si fuese una plaza de toros ridículos es que eso es unos ridículos"
RYR_0527,Ryanair,"Castilla-La Mancha, España",Tenerife,Madrid,Domestic,enero de 2025,1,Me vuelto loco para hacer cheking. No me reconocía mi edad .salimos con retraso más de 30 minutos. Y me an cobrado por una bolsa y una maleta 80€ que no llega a 12 kg entre las 2 .espero el vuelo aterrice .son unos sinvergüenzas
RYR_0528,Ryanair,"Bogotá, Colombia",Fez,Madrid,International,enero de 2025,1,"No vuelen con esta aerolínea! Tuvimos un vuelo de Fez a Madrid con RYANAIR y nos cobraron casi 90 euros por 2 maletas que cumplían las medidas de bolso de mano. Con Iberia y Transavia no tuvimos ningún problema con el equipaje porque, como lo dije anteriormente, todas nuestras maletas cumplían con las medidas. A esta aerolínea le gusta robar el dinero de los clientes y, además, el personal es grosero, la mujer del counter del aeropuerto de Fez nos gritó y nos dijo que solo porque la maleta tenía un bulto de lo más pequeño e insignificante ya era grande y no pasaba como equipaje de mano. Tuvimos que hacer el pago desilusionados y tras del hecho nos insulta en árabe, estando segura que no le íbamos a entender. Recomiendo NO volar con esta aerolínea."
RYR_0529,Ryanair,"Terrassa, España",Luxembourg,Barcelona,Europe,diciembre de 2024,2,"Nefasto, ... después de tres días todavía me duele el coxis por la dureza del asiento Más que incómodo, bajo mínimos, imposible cruzar las piernas ya no digamos estirarlas. Soy una persona de complexión normal (creo), 1,78m 81kg"
RYR_0530,Ryanair,Desconocido,Venice,Barcelona,Europe,enero de 2025,1,"Un desastre la gestión y la atención tecibida en el aeropuerto de Venecia. Nadie de ryanair nos ayudó, el vuelo se retrasó y fuimos a preguntar a chicas de ryanair que estaban realizando embarque a otro vuelo y su respuesta fue que las dejasemos en paz y mirasemos la pantalla en vez de preguntar. Nadie nos daba información y las pantallas y app no coincidian."
RYR_0531,Ryanair,Desconocido,Santiago de Compostela,Palma de Mallorca,Domestic,enero de 2025,1,"Hoy viajaba de Santiago a palma de mallorca ,(mañana trabajaba) y no puedo embarcar ,por qué no tengo el certificado de viajes. Llevo viajando nueve años ,dos o tres veces por año con Vueling ,iberia etc. Y nunca e tenido problema y hoy segunda vez que vuelo con Ryanair, segundo problema. Me quedo sin viaje y sin soluciones . Y sin hablar de la señorita de la puerta de embarque , sin comentarios. Una vergüenza ."
RYR_0532,Ryanair,Desconocido,Prague,Malaga,Europe,diciembre de 2024,1,"Nunca imaginé que una compañía aérea pudiera ser tan pésima como esta. 2 horas de retraso en el vuelo de ida y otras 2 en el de vuelta. Personal de la puerta de embarque antipático y maleducado. El equipaje de mano tiene que ser en miniatura si no quieres que te hagan pagar más. Apenas dan información en español, eso sí, para intentar que compres el rasca que ofrecen en el vuelo sí lo hacen en español. Antes de volver a viajar con rayanair me quedo en mi casa."
RYR_0533,Ryanair,"Málaga, España",Malaga,Santiago de Compostela,Domestic,diciembre de 2024,1,"He puesto el aeropuerto de destino por poner algo, porque no hemos llegado al destino gracias a una trabajadora muy sinvergüenza por cierto, muy muy pero que muy mal educada, que nos dejó a las puertas de la puerta de embarque porque según ella ya las habían cerrado, cuando todavía estaba la gente en el pasillo que te lleva hacia el avión, esperando que abrieran sus puertas, y cuando quedaban MÁS de 20 minutos para que despegase (que luego resultó que salió con otros pocos minutos de retraso) la señora, por llamarla de alguna forma, no tuvo en ningún momento ni empatía ni respeto con nosotros. Me parece una auténtica vergüenza la forma en la que se dirigió hacia nosotros, insultándonos y deseandonos no volar más con ellos (que no se preocupe que JAMÁS). Sólo espero que a esta tía la echen o la sancionen de alguna forma, porque se ve a leguas que no le gusta su trabajo PARA NADA. AH!! Se me olvidaba contar, que todo esto sucede el 31 de diciembre de 2024, quiere decir, el día de noche vieja, otro extra añadido a mi favor. 0 espíritu y 0 remordimiento por su parte de haber dejado a una familia coja sin dos integrantes y no poder celebrar la entrada de año gracias a que la señorita no le apetecía abrirnos y se le ocurrió decir que la puerta de embarque estaba cerrada. Me parece inhumano que ellos tengan el derecho de atrasar vuelos a diestro y siniestro por ""imprevistos"" y que nosotros los pasajeros no podamos retrasarnos ni 30 segundos por ir al cuarto de baño, porque claro, ""ese no es su problema"" palabras textuales de la suso dicha. UNA AUTÉNTICA NEGLIGENCIA. A partir de ahora, iberia, que son más humanos."
RYR_0534,Ryanair,"A Coruña, España",Santiago de Compostela,Seville,Domestic,diciembre de 2024,3,"La verificación de identidad que solicitan cuando compras los billetes a través de una agencia externa (en mi caso Edreams), y para mí fue imposible de hacer, más allá de que no sé hasta qué punto es legal que te pidan fotografiar tu dni y hacerte un autorretrato sonriendo, sin sonreír, con los ojos cerrados, de derecha y de izquierda. Digo que es imposible de hacer porque hay que meter el dni en un recuadro para capturar la foto y a mí siempre me daba como ilegible (tanto desde mi ordenador como desde mi teléfono y el de mi marido). Milagrosamente y tras 8 días intentándolo unas 12 veces cada día, logré llegar a la fase de los autorretratos en una sola ocasión. Pero tras haberla pagado y llegado hasta ahí, esa misma aplicación me dijo que no había podido verificar mi identidad (surrealista que sea una máquina la que diga que un ser humano es él o no). Desesperada, mandé una reclamación/consulta al contacto de ayuda de Ryanair y su respuesta fue un correo estándar que no solucionaba, en absoluto, mi problema, y me recomendaba no contratar nunca más sus servicios a través de una agencia externa. Tuve que ir dos horas y cuarto antes de que saliera el vuelo, en persona, a la ventanilla de atención al cliente del aeropuerto de Santiago, y menos mal que estaban allí Noelia y Bea (a quienes pedí su nombre para darles las gracias y que constara por aquí). Ellas dos comprobaron que era imposible realizar la verificación, intentándolo desde mi teléfono y el de mi marido, y enviaron un email con las capturas de pantallas. Así lo solucionaron todo tras un rato de magnífica atención. Gracias a ellas no tuve problema para lograr mis tarjetas de embarque tanto de ida como de vuelta. Mi conclusión es la de ellas: No compréis a través de agencias extrernas y hacedlo siempre directamente con la compañía aérea. Como Ryanair no se fía de dichas agencias (en mi caso, Edreams) tiene que pedir esas verificaciones."
RYR_0535,Ryanair,Desconocido,Santiago de Compostela,Las Palmas de Gran Canaria,Domestic,diciembre de 2024,1,"Los de más de 63 años no estamos en las mismas condiciones que quienes entienden de informática y x llegar 5 minutos después de las 2 horas por meternos por delante a una Peruana ha hecho que pagaramos 60€ y nos sentara por separado. No somos conocedores de la informática y no estamos en igualdad de condiciones, no hemos recibido ningún e-mail dando esta alerta. Uds tienen disposiciones que algunos pueden cumplir pero la gente que no sabe no las puede cumplir. No recomendaría a nadie que no sepa usar la tecnología y por lo pronto cogeré otros vuelos y bus para hacer uso de mi opción de no coger vuestra aerolíneas. Cordialmente Gabriel gabyaddiego@gmail.com"
RYR_0536,Ryanair,Desconocido,Porto,Seville,Europe,diciembre de 2024,1,"Es una aerolínea de lo peor,te ofrecen unas condiciones q no cumplen te venden unas medidas de equipaje q no corresponden y solo por cobrar más,vuelos con retrasos de más de media hora... definitivamente si puede no viajar en ella es la mejor decisión q se puede tomar..tuve q romper la maleta porque la medida de 55 cm q ellos dan es desde el suelo,y el hueco tiene una base q mide 5 cm en total solo son 50cm de alto para la maleta"
RYR_0537,Ryanair,Desconocido,Lisbon,Madrid,Europe,diciembre de 2024,1,"Si pudiera poner 0 estrellas , pero bueno . No merece ... Estafadores Servicio: 0 Atención al cliente: 0 Gente de check in : 0"
RYR_0538,Ryanair,"Vecindario, España",Santiago de Compostela,Las Palmas de Gran Canaria,Domestic,octubre de 2024,1,"Empresa tramposa y exenta de los mínimos cánones de seriedad y respeto a sus clientes, precios engañosos, servicios nefastos. Lo barato sale caro."
RYR_0539,Ryanair,Desconocido,Lanzarote,Madrid,Domestic,diciembre de 2024,1,Una vergüenza que te cobren por algo que ya pagaste compré mi vuelo por internet voy hacer el chekin y me dicen que tengo que pagar para destrabar mi reserva ya que la compañía que me lo vendió no está habilitada la verdad una vergüenza se piensan que a uno le regalan el dinero
RYR_0540,Ryanair,Desconocido,Oviedo,London,Europe,diciembre de 2024,4,"Yo todavía no he viajado, pero tuve que cambiar un apellido en uno de mis billetes y en el número español +34 918 294 840 me atendió Jose, que supongo que era del Sur por su acento. Jose, estaré agradecida por toda la vida contigo, eres un profesional de 10 y una persona de 1000 ojalá tengas felices fiestas y feliz año, porque eres un sol."
RYR_0541,Ryanair,Desconocido,Vigo,Barcelona,Domestic,diciembre de 2024,1,"Una vergüenza... salimos de Vigo para Barcelona con nuestras mochilas puestas y nuestros bolsos que entra perfectamente debajo del asiento sin ninguna pega. Me dice una amargada maleducada tenéis que meter el bolso en la mochila y como que estaba con nosotros nuestro hijo y estaba ""mareado y se encontraba mal"" le dije si un momento y lo hacemos y la maleducada nos contesta ""no no lo tenéis que hacer ahora, tengo que verlo"" ha sido super maleducado y no nos habló mal sólo a nosotros sino a todos los pasajeros, se peleó mínimo con 10 familias.. y q la mochila entraba perfectamente, tanto de ancho como de largo . Son unos sinvergüenzas los que trabajan en el Check in .. es mi último viaje con vosotros 👎🏻👎🏻👎🏻👎🏻"
RYR_0542,Ryanair,Desconocido,Seville,Rome,Europe,diciembre de 2024,1,"Todos los trabajadores se portaron genial, a excepción de la GAFAS AMARGADA DEL MOSTRADOR DE CHECK IN. Esta señora nos dio el peor servicio recibido de parte de un trabajador de la compañía, traíamos un equipaje con peso extra y solo puso contratiempos, llegando casi a perder nuestro vuelo por su culpa. GAFAS AMARGADA te lo recuerdo si lo lees"
RYR_0543,Ryanair,Desconocido,Madrid,Pisa,Europe,diciembre de 2024,1,"Hicimos una reserva de asientos, pagando por asientos en ventanilla y cambiaron el avion por lo que nos cambiaron de lugar sin respetar nuestra seleccion. Me comunique para pedir que respetaran esto que habiamos pagado, y nos pusieron donde quisieron, dejando a mi hija de 6 años sola! Y a mi por otro lado. Tuvimos que pagar nuevamente porque nadie se hacia cargo y no tengo derecho a ningun reclamo. La atencion al cliente, un desastre!!!"
RYR_0544,Ryanair,Desconocido,Prague,Palma de Mallorca,Europe,diciembre de 2024,1,"Viajamos mi pareja y yo con mi bebé de 3 meses. Al realizar el check-in online solo me asignaron asiento para mi pareja y a mi (junto a mi hija de 3 meses que iba asociada a mi billete) nos pusieron que nos asignarían asiento en la puerta de embarque (incluso habiendo comprado los billetes con PRIORIDAD). Al llegar allí los primeros de todos (ya que fuimos con mucha antelación debido a no tener asientos) las azafatas de tierra nos dijeron que había over booking y que solo podría volar él y yo CON UN BEBÉ DE 3 MESES no podría coger el avión. Finalmente, el destino quiso que una mujer tuviese 'x' problemas, no pudiese coger el vuelo y quedase 1 asiento libre. Ya nos parece ilógico que las compañías hagan lo del over booking vendiendo más billetes que plazas tiene el avión, pero me parece VERGONZOSO que sean capaces de dejar en tierra a un bebé de 3 meses con lo que conlleva viajar con él (tiempos largos de espera, desajuste horario, incomodidad, etc.) Tengo constancia de que otras compañías a pesar de hacer over booking, no dejan en tierra a bebés ni mucho menos separan núcleos familiares permitiendo que el padre vuelva a casa y la madre junto a su bebé se queden solas en otro país. Añadir que solo dejan hacer check-in gratuito con 24h de antelación ya que si lo quieres hacer antes, te obligan a pagar y elegir asiento. Jamás volveremos a viajar con Ryanair."
RYR_0545,Ryanair,Desconocido,Santiago de Compostela,Seville,Domestic,diciembre de 2024,1,"Una vergüenza... salí de Santiago con mi mochila puesta y mi bolso que entra perfectamente debajo del asiento sin ninguna pega o problema camino de Sevilla. Sorpresa máxima cuando a la salida de Sevilla, me hacen medir la mochila y me dicen que mi bolso tengo q meterlo dentro y vamos q la mochila de largo entraba de sobra pero de ancho iba juntito y entonces me dicen que pague. Por suerte mi acompañante tenia pase priority y le metí mis cosas de la mochila. Luego la mochila entró sin problemas y le digo, mira que cuando entre en el avión lo voy a volver a meter así que un poco tontería lo que habéis hecho y me monta un pollo diciendo que eso no se puede, que compre un priority que no sé.... vamos que la mandé a pastar y me niego a volver a hacer viajes con esta compañía, como si tengo que hacer escalas pero no les doy un duro más"
RYR_0546,Ryanair,"Cracovia, Polonia",Valencia,Las Palmas de Gran Canaria,International,diciembre de 2024,1,Viajar en Ryanair es una sorpresa siempre. Te salen cobros por todos lados. Una vergüenza. Será un placer no volver a viajar.
RYR_0547,Ryanair,Desconocido,Alicante,Vienna,Europe,diciembre de 2024,1,"Tenía pagada la maleta de 10kg, y en facturación nos dijeron que la maleta la podíamos llevar arriba si queríamos porque era pequeña. Y dijimos que sí. Así que nos la llevamos al embarque y en la misma puerta nos dicen que no podemos meter la maleta y que para eso tenemos que pagar (cuando ya habíamos pagado). Nos dicen que las opciones son o pagar 50€ o que se quede la maleta en el aeropuerto y ""la destruirían"" (palabras textuales). En fin, al final pagamos (doblemente por exactamente el mismo servicio) porque en este mundo, el dinero lo puede todo. Que clase de humanidad es esta y que compañía tan aprovechada y capi***ista."
RYR_0548,Ryanair,Desconocido,Lanzarote,Madrid,Domestic,diciembre de 2024,3,"Acabo de tomar tierra (vuelo Lanzarote-Madrid) y quiero compartir mi indignación con la falta de comunicación con el pasaje por parte de Ryanair. Todas las comunicaciones procedentes de cabina se han efectuado en inglés. Yo puedo entender que si la compañía es inglesa, utilicen esta lengua como prioritaria, pero me parece una falta de consideración mayúscula hacia los clientes que en un vuelo nacional, donde el 90% del pasaje sería español, no hayan tenido el detalle de traducir al español. Eso sí, las ventas y los ""rasca y gana"" sí se aseguraban de que nos enteráramos. Nada que reprochar sobre cuestiones técnicas del vuelo, que aunque sea lo más importante, la calidad del servicio también lo es."
RYR_0549,Ryanair,Desconocido,Naples,Barcelona,Europe,diciembre de 2024,1,"UN VERDADERO DESASTRE!! atencion check in embarque, maltrato por parte del personal de mostrador, es una feria ...venden de todo hasta rifas!! LO BARATO SALE CARO.."
RYR_0550,Ryanair,Desconocido,Alicante,Vienna,Europe,diciembre de 2024,1,LADRONES y pésima gestión. Sinvergüenzas que se entere el mundo entero. Compré mi billete de vuelo y pagué por una pequeña maleta que no supera ni las dimensiones ni mucho menos los 10kg. Antes de pasar el control fui a facturar la maleta ( ya pagada online) y en la propia facturación me comentan que podia llevarla conmigo en cabina sin problema. Decido hacerle caso la llevo conmigo y para mi sorpresa en la cola de embarque me dicen que tengo que pagar cuando ya la había pagado y su compañera de facturación me autorizo a poder llevarla conmigo. Me dieron dos opciones volver a pagar por ella otros 50€ o se quedaba en el aeropuerto y la destruían. Ojalá está aerolínea se extinga pronto porque son unos ladrones desde el máximo responsable a los chavales que tienen en la puerta de embarque preocupados de maquillarse y no saltarse el gimnasio. Basura que sois basura
RYR_0551,Ryanair,Desconocido,Tenerife,London,Europe,noviembre de 2024,1,"La peor compañía sin lugar a dudas, personal de cabina poco atento y poco agradable. Todo el tiempo del vuelo venden múltiples productos que parece un mercadillo, en muchas ocasiones no te dejan ni pasar al baño hasta que no acaben su recorrido de venta. Aviones muy incómodos , carentes de confort y muy poco espacio para las piernas. No repetiré nunca, ni recomiendo a nadie."
RYR_0552,Ryanair,Desconocido,Alicante,East Midlands,Europe,diciembre de 2024,1,"Hemos comprado por duplicado 1 billete de vuelo para un compañero y Ryanair nos niega por completo la devolución del billete. Nos indica que no pueden hacer nada, que solo podrían haber reembolsado la reserva si fuese para una sola persona en un único número de reserva. Además de esto, no podemos hacer uso de ese viaje para ceder el vuelo a otra persona ya que cambiar el nombre de un billete para dentro de 3 meses conlleva una ""penalización"" de 110€. LAMENTABLE ATENCIÓN AL CONSUMIDOR Y LAMENTABLE POLÍTICA DE EMPRESA USURERA. No merece la pena viajar con estas empresas bajo coste."
RYR_0553,Ryanair,Desconocido,Edinburgh,Malaga,Europe,noviembre de 2024,1,La peor compañía sin lugar a dudas. Te cobran hasta por respirar. Yo y cuatro personas más viajamos a Edimburgo en noviembre. Fuimos con las mismas maletas a la ida y a la vuelta. Alguien me puede explicar porque en un aeropuerto no nos cobran por esas maletas y en el otro si? En Málaga a las ida no nos cobraron y la la vuelta en el aeropuerto de Edimburgo tuvimos que pagar por 4 maletas 300 libras. Las maletas entraban todas en el medidor que tienen. Acabo de poner una reclamación a la aerolínea. Espero que nos abonen el día. No volveré a volar con ellos.
RYR_0554,Ryanair,Desconocido,Santiago de Compostela,Madrid,Domestic,diciembre de 2024,1,Un desastre tuvimos que bajarnos del avión con más de 3 horas de retraso perdimos una cita importante y los billetes de vuelta de Renfe y nos dijeron que no podíamos hacer un reclamo
RYR_0555,Ryanair,Desconocido,Krakow,Corfu,Europe,septiembre de 2024,1,"Por mucho, la peor aerolínea que he usado. La atención al cliente en el aeropuerto de Cracovia es escandalosa. Nunca volveré a usarlos, y aconsejaré a todos que no los usen también."
RYR_0556,Ryanair,"Milton Keynes, Reino Unido",London,Bucharest,Europe,diciembre de 2024,1,"Reserve un vuelo con Ryanair... Lamentablemente tengo problemas en el trabajo y mi manager no da más vacaciones, trato de cancelar la mosca pero no te dan reembolso ni créditos , si sé que antes no reservaba nada con esta empresa , ahora si cambio de fecha necesito pagar 270 por 3 pers , estoy muy decepcionado nunca reservo con esta empresa, si me ofrecen volar gratis no aceptaré, he estado con diferentes empresas y si algún problema te ayudan , rynair es peor ! ! ! ! ! ! Así que abre los ojos antes de reservar"
RYR_0557,Ryanair,Desconocido,Leeds,Warsaw,Europe,julio de 2024,1,"Experiencia absolutamente horrible diría que nunca más por £ 16 , muy sucia , mesa de bandeja había escupido en ella cuando bordeé pero gracias a Dios me las arreglé para intercambiar asientos , baño estaba extremadamente sucio."
RYR_0558,Ryanair,"Nantwich, Reino Unido",Manchester,Seville,Europe,enero de 2024,1,"Ni se te ocurra obtener un reembolso, reservamos vuelos a través de Thomas cook , luego Ryanair cambió el vuelo , lo que significa que perdimos 2 días de un descanso de 4 días , en el 25 de enero como golpearte la cabeza contra una pared , no te ayuda , nunca más , piensa antes de reservar con ellos"
RYR_0559,Ryanair,"Liverpool, Reino Unido",Palma de Mallorca,Liverpool,Europe,octubre de 2024,1,"Esta revisión refleja los traslados de Ryanair no sus vuelos. Reservé un traslado de regreso desde nuestro hotel al aeropuerto de Palma. Había reservado un autobús de 7 plazas para recoger a un grupo de seis personas para llevarlos desde nuestro hotel al aeropuerto de Palma para nuestro viaje de regreso. Esto costó 65. 97 euros. El autobús no apareció. Llamé a la compañía que me preguntó si el conductor me había enviado un mensaje, le dije que no. Intentaron contactar a su conductor pero no contestó ninguna llamada. Le pedí a la compañía que enviara un autobús de reemplazo pero no tenían uno disponible. Le pedí a la compañía que enviara dos taxis a su costa, pero se negaron y declararon que tenía que pedir mis propios taxis. Hice esto a un costo de 50 euros por taxi. Un total de 100 euros. Lo informé inmediatamente a través de su proceso de quejas. Afirmaron que se trataría en un plazo de 20 días hábiles. Después de 31 días hábiles he recibido una respuesta indicando que la empresa admite que no nos recogieron pero no pueden pagar nuestros taxis de regreso. Sólo están dispuestos a reembolsar lo que ya les he pagado. ¡Qué broma! Además podría tomar hasta 20 días hábiles para recibir mi 65. 97 euros de devolución. se disculparon por cualquier inconveniente causado, nos dejaron en el hotel sin transporte!!!! ¡Esperan que el asunto se resuelva a mi satisfacción y esperan servirme de nuevo en el futuro! ¿Qué servicio me han prestado para servirme de nuevo? Nos dejaron sin transporte al aeropuerto que estaba reservado y pagado y no ofreció ayuda, cuando no pudieron contactar con su conductor. No ofrecen compensación, aunque admiten que se equivocaron. NO use Ryanair Transfers!!!!!!!!!!!!!!!!!!!!!!!!!!!!!!!!!!!!!!!!!!!!!!!!!!!!!!!!!!!!!!!!!!!!!!!!!!!!!!!!!!!!!!!!!!!!!!!!!!!!!!!!!!!!!!!!!!!!!!!!!!!!!!!!!!!!!!!!!!!!!!!!!!!!!!!!!!!!!!!!!!!!!!!!!!!!!!!!!!!!!!!!!!!!!!!!!!!!!!!!!!!!!!!!!!!!!!!!!!!!!!!!!!!!!!!!!!!!!!!!!!!!!!!!!!!!!!!!!!!!!!"
RYR_0560,Ryanair,"Arona, España",Tenerife,Birmingham,Europe,noviembre de 2024,3,"Ambos vuelos a Birmingham y de regreso a Tenerife fueron sin problemas, boardnig fue fallido pronto, ambas peleas aterrizaron a tiempo, el único comentario en vuelo que tuvimos fue que el avión de 1 calle era uno más nuevo y no había tanto espacio en nuestros asientos. Las peleas tenían una buena relación calidad-precio, PERO un mes antes de volar a casa en Tenerife Ryanair canceló nuestro vuelo y tuvimos que volar de vuelta al día siguiente, lo que significa una pernoctación en Birmingham Ibis Hotel (& a Meal) , con un coste de 160 libras, que lamentablemente Ryanair no tiene que compensarnos, ya que cancelaron nuestra pelea antes de 14 días de vuelo. ¡Así que nuestro vuelo de buena relación calidad-precio resultó ser más caro de lo planeado, Niza!"
RYR_0561,Ryanair,Desconocido,Thessaloniki,Budapest,Europe,diciembre de 2024,1,"Me cobran extra, aunque hablé con ellos 10 veces para asegurar las dimensiones del equipaje. Siempre encuentran excusas. Nunca"
RYR_0562,Ryanair,Desconocido,London,Luxembourg,Europe,diciembre de 2024,1,"Tuve una experiencia muy negativa con el servicio al cliente de Ryanair. A pesar de recibir instrucciones para registrarme en línea, encontré dificultades técnicas que me impidieron hacerlo. Luego me cobraron una tarifa de 50 libras para registrarme en el aeropuerto. Además, el personal con el que interactué fue poco útil y mostró un mal servicio al cliente."
RYR_0563,Ryanair,"Canegrate, Italia",Milan,Madrid,Europe,noviembre de 2024,2,"Abusan, me cobraron 45 euros por la maleta de mano en la ida y en la vuelta 50, acostumbrada a usar esa maleta sin pagar en ninguna línea aérea y mis pertenencias cogieron un mal olor a gas o quien sabe a qué que no me las pude poner, no se descansa porque tienen un mercado de ventas en el aéreo, todo el tiempo durante el vuelo haciendo propaganda de sus ventas, les interesa solo su dinero ...."
RYR_0564,Ryanair,Desconocido,Stockholm,Sarajevo,Europe,enero de 2024,5,"Gran vuelo. Todo estaba bien para un vuelo de 2 horas y media. El aterrizaje era muy suave, no era nada áspero como en Internet."
RYR_0565,Ryanair,Desconocido,Leeds,Palma de Mallorca,Europe,septiembre de 2024,1,"Cargado para el equipaje de mano a pesar de que cabía en la caja de verificación - era un maletín de mano medio lleno (y me refiero a medio llenar - 3 días de descanso y tenía mochila) que encajaba perfectamente en la caja de verificación que hizo que la parte delantera de la caja de tela se abombara, pero era solo aire - literalmente lo golpeé con el pie y se fue al menos 3 ""detrás de la línea amarilla. No discutí porque me di cuenta de que no tenía sentido, pero la actitud de la mujer con otras personas era tan mala, ¡claramente en un viaje de poder! Llamó a dos pasajeros mientras caminaban, pero era ruidoso y realmente no creo que la oyeran y gritó “oi stop or I will have you throwd off the flight” se podía decir que lo disfrutó como si estuviera presumiendo a sus colegas. La forma en que habló con la gente fue impactante - sí que consigues lo que pagas, una aerolínea barata pero ella era horrible. Nunca más usará esta aerolínea."
RYR_0566,Ryanair,Desconocido,Madrid,Budapest,Europe,noviembre de 2024,1,"Como midas más de 1,60 no te entran las piernas, todavía estoy esperando que me contesten por qué el vuelo salió con 3 horas de retraso, en el embarque un trato vejatorio, a parte de obligarme a pagar el equipaje de mano incluso llevando modalidad prioritaria por la q puedes llevar maleta ( a la ida no me cobraron, a la vuelta , misma compañía y misma maleta)pequeña de cabina y bolso de mano, una vez en el avión el personal muy desagradable."
RYR_0567,Ryanair,Desconocido,London,Helsinki,Europe,septiembre de 2024,5,"Fui a ver a mi novia, hago esto cada dos meses. La primera vez que volamos en junio y usamos Ryanair y no puedo quejarme. Todo salió bien, estaba extremadamente preocupado y me cuesta preocuparme por todo en general. Subir estaba bien, para un vuelo de 3 horas era cómodo no puedo decir por más tiempo. Fui con prioridad porque estaba muy preocupado por volar y todo el proceso en todo. Las llevé de nuevo en septiembre y fue la misma experiencia y esta vez no me dieron prioridad. Probando el camino aún más barato. Como tengo que ir tanto durante todo el año quiero intentar ir lo más barato posible y una vez más la experiencia fue buena. Volviendo hoy para el vuelo de las 6 am tan enfermo ver como va este. He ido a no prioridad de nuevo y tengo mi bolsa llena de regalos de Navidad. No puedo culparlos hasta ahora. Bueno para el dinero y son muy amables, no creo que mi opinión cambie después de mañana por la mañana, pero bueno ver. Aunque tengo 30 años cuando volé por primera vez todavía los reservé de nuevo, así que eso dice algo. Todavía era una experiencia cómoda para alguien que nunca había volado antes en su vida."
RYR_0568,Ryanair,Desconocido,Sofia,Eindhoven,Europe,diciembre de 2024,1,"Las reglas del equipaje de mano son ridículas. Yo iba con una bolsa pequeña que sé que cabe debajo del asiento (no es el primer vuelo con mochila así) pero me cobraron 60 euros en la puerta, porque la bolsa DEBE caber horizontal no vertical en el mesuarment ryanair metal cosa. Después de embarcar debido a que no hay espacio de todos modos necesito tener mi maleta debajo del asiento - el mayordomo dijo ""perder ningún espacio es ningún espacio"". Todo se hace por dinero. . por qué entonces me cobraron por mi bolso (es menos de 10 kg). billete de bajo coste pero compensando altos y ridículos cargos. Para no hablar de eso se puede pagar solo con carrito - patrón o visa . . nada más. Tenía efectivo, así que una pareja encantadora pagó por mí y les di el efectivo. Otra chica tenía el mismo problema, pero no tenía dinero en efectivo, así que le di dinero en efectivo y se lo dio a otra persona, después de transferirme el dinero. Sólo tengo una palabra: ¡ridículo! ¡NO VUELVAS A VOLAR CON RYANAIR!"
RYR_0569,Ryanair,Desconocido,London,Madrid,Europe,diciembre de 2024,1,"LA PEOR AEROLÍNEA! lo único que le importan es sacarte dinero, tratarte mal, un ASCO ESTÁ AEROLÍNEA, NO RECOMIENDO A NADIE ESTE PAPELON"
RYR_0570,Ryanair,Desconocido,London,Krakow,Europe,noviembre de 2024,1,"Viajamos recientemente con Ryanair y mi familia no tenía billetes prioritarios, así que solo habíamos llevado mochilas. Cuando acabamos de llegar a la puerta el empleado de registro llegó directamente a nosotros y quería comprobar el tamaño de nuestras mochilas. Ella trajo el equipo de chequeo y hizo el chequeo con las espaldas y no estaba contenta y tuvimos que pagar 120 libras por 2 mochilas. Comprensible mientras no se ajusten a sus necesidades. ¿Pero mi punto es por qué nos eligió a 3 personas solamente? Ellos donde cientos de personas que tenían mochilas de gran tamaño y pudimos ver eso mientras estaban de pie en la cola no prioritaria. Trato muy injusto. Rynair debe revisar sus procedimientos y encontrar una manera mejor y justa de no recoger pasajeros debido a su raza/cara/sexo. Los mismos cheques para todos."
RYR_0571,Ryanair,"Dublín, Irlanda",Male,Dublin,International,diciembre de 2024,1,"La peor aerolínea. Es una broma, el servicio es extremadamente terrible. Robo a la luz del día. Cómo siguen operando me desconcierta."
RYR_0572,Ryanair,Desconocido,Rome,Barcelona,Europe,diciembre de 2024,1,"Publicidad engañosa constante, me hicieron pagar 3 veces las maletas por lo mal explicado que esta el proceso de compra. Ni hablemos de lo incómodos que son los aviones, que encima siempre salen con retraso."
RYR_0573,Ryanair,"Fuerteventura, España",Fuerteventura,Pisa,Europe,noviembre de 2024,1,"No hay respecto por parte de los asistentes durante el proceso de imbarco, muy poca profesionalidad por parte de chicas que ni saben hablar a los clientes. Ma sobretodo, al pagar por un servicio de prioridad y no ser atendidos haciendo otra vez la cola y luego durante el chequeo de la maleta ( que voló mil veces ) hacer pagar 70€ porque una ruedita sale de 2 cm … me parece un total abuso."
RYR_0574,Ryanair,Desconocido,London,Naples,Europe,diciembre de 2023,5,Aerolínea más segura Sobreviví. El avión no se estrelló. Agua libre Más espacio para las piernas Boletos baratos Cuenta de W tiktok No morí. Mi gato Leo se está volviendo flaco para variar Yo no fui en el avión
RYR_0575,Ryanair,"Gdansk, Polonia",Valletta,Gdansk,Europe,noviembre de 2024,1,"Volábamos de Gdansk a Malta y viceversa. En el camino de ida y vuelta había un problema con los asientos. Hemos comprado asientos con espacio extra para las piernas, no los subimos al vuelo, ya que los comisarios nos dijeron que ha habido un cambio con las manualidades. Así que aquellos que no pagaron por asientos largos obtuvieron nuestros asientos. Dijeron que no pueden hacer nada, así que no solo hay un terrible desastre, sino que el equipo en el avión no ayuda en absoluto. No voy a volar ryanair de nuevo es un desastre total"
RYR_0576,Ryanair,Desconocido,Funchal,Porto,Domestic,noviembre de 2024,1,Nunca mandaron correo con link para hacer check in. Al intentar hacerlo antes del vuelo el sitio web de Ryanair no me lo permitió. Al llegar al mostrador no les importo. Tienes que pagar 55 euros por pasajero si quieres tu pase de abordar. Nunca más volare con estas ratas
RYR_0577,Ryanair,"Lapinjarvi, Finlandia",Helsinki,London,Europe,noviembre de 2024,1,Mal con el avión cuando comenzó a despegar la torre nos envió de vuelta a la puerta de embarque 1 hora de retraso. Horrible servicio al cliente que necesitaba comprar y saqué mi tarjeta porque no quería interrumpir a otros clientes cuando debería haber sido mi turno ella simplemente continuó más atrás. Si desea tener un buen servicio al cliente nunca vuele bruja ryanair.
RYR_0578,Ryanair,Desconocido,Marrakech,Manchester,International,noviembre de 2024,1,¡Ladrones absolutos! Primera y última vez usando Ryanair. Me cobraron en línea y luego otra vez en el aeropuerto. ¡Nunca uses Ryanair! ¡LADRONES!
RYR_0579,Ryanair,"Laguna Niguel, California",Rome,Palermo,Domestic,mayo de 2024,1,"Ryanair tiene el peor servicio al cliente y no les importa. En mi viaje de Roma a Palermo empañaron una de nuestras maletas facturadas y luego la descargaron en Roma. El agente en el registro... en el equipaje nunca revisó ninguna de nuestras identificaciones. La maleta nunca llegó al vuelo Palermo. Cuando llegamos a Palermo, la gente de equipaje se negó a ayudarnos porque la maleta estaba mal etiquetada y dijeron que no podían ayudarnos y literalmente nos dieron la espalda. Pasamos horas al teléfono con Ryanair y nadie sabía qué hacer. La única opción para nosotros era volar RT de vuelta a Roma para recuperar nuestra maleta. No hubo absolutamente ninguna compensación de Ryanair o disculpas de que hicieron algo malo. Si puedes permitirte volar con otra aerolínea, por favor hazlo. Fue una pesadilla."
RYR_0580,Ryanair,Desconocido,Seville,Cork,Europe,noviembre de 2024,1,Han embarcado antes de tiempo y han dejado a una familia de cinco miembros sin poder coger el vuelo y sin viaje.una vez perdido el vuelo en el mostrador de información NO nos informaron que si sacábamos otro billete en la hora después de haberlo perdido nos hacían un 60% de descuento.Compañia estafadora y personal de probable y con mucha falta de humanidad .
RYR_0581,Ryanair,Desconocido,Palanga,London,Europe,noviembre de 2024,1,"Horrible compañía, no estoy seguro de si todas las aerolíneas son así, pero ten cuidado que si cometes un error - oh bueno, es tu culpa y no te dejarán cancelar. Ellos también harán que sea lo más difícil posible para ti hacer cualquier cambio. Si cometes el error, tienes un período de gracia de 24 horas. No, no puedes cancelar. O pagas una tarifa de cambio + la diferencia de precio en un billete nuevo (que cuesta prácticamente lo mismo que un billete nuevo) o tienes que pasar por un dolor de cabeza masivo al hacer una cola de 300 personas y tener que lidiar con el sitio web tratando de echarte de la cola por no estar constantemente activo. Parece una gran estafa oligopolística legal."
RYR_0582,Ryanair,Desconocido,Santiago de Compostela,Palma de Mallorca,Domestic,noviembre de 2024,5,"Me tendio en atención al cliente una chica llamada Clara, ha sido muy amable y me ha facilitado soluciones a las dudas que tenía"
RYR_0583,Ryanair,"Barcelona, España",Barcelona,Prague,Europe,noviembre de 2024,1,"La peor compañía con la que he volado: 1. Al comprar el billete ya pagué un extra por la maleta de cabina. Mi sorpresa fué cuando me obligaron a pagar 50€ por subir la maleta al avión en el momento del check in porque según ellos tenía que facturarla. 2. 24h antes del vuelo antes se podìa elegir asiento sin pagar, ahora te obligan a pagar o Ryanair hace una selección aleatoria= 2 adultos y una niña todos en asientos y filas separadas. 3. Te obligan a llevar impresa la tarjeta de embarque. Todo prácticas abusivas contra los usuarios"
RYR_0584,Ryanair,Desconocido,Budapest,Madrid,Europe,octubre de 2024,1,"Pésima atención de la compañía y del personal de tierra. No actualizaron el estado del vuelo en las pantallas del aeropuerto hasta el momento del cierre de la puerta y cuando nos acercamos a la puerta de embarque extrañados (al no actualizar el estado pensamos que salía con retraso), habían cerrado el embarque y nos habían sacado la maleta. Llegamos 5 minutos antes del cierre oficial de la puerta según el billete (40 minutos antes del despegue teórico) y aun así y teniendo en cuenta el error con respecto a la actualización del estado del vuelo (primera vez en la vida que veo algo así con ninguna compañía), no nos dejaron embarcar y nos quedamos en tierra (con el consiguiente desembolso de 500 euros por otros dos billetes de vuelta con otra compañía). La única explicación plausible es que había overbooking y en lugar de reconocerlo, aprovecharon que llegamos los últimos para despacharnos sin reubicarnos o sin darnos indemnización, porque no se entiende que cerraran las puertas antes de tiempo."
RYR_0585,Ryanair,Desconocido,Belfast,Gdansk,Europe,noviembre de 2024,1,"La misma mujer que registró nuestras maletas y nos abordó en el avión a avión fue grosera y abrupta, nunca volveré a usar Ryanair. Cuando abordamos nos retrasamos debido a un fallo técnico. . Todo está por debajo del bordo, barato, el personal no entrenado con modales AVOID"
RYR_0586,Ryanair,Desconocido,New York City,Dublin,International,diciembre de 2023,5,Luz muy cómoda para esta persona (pequeña). Fácil abordaje. El avión aterrizó en el aeropuerto correcto y la recuperación de equipaje fue rápida. ¿Qué más quiero?
RYR_0587,Ryanair,Desconocido,Essaouira,London,International,noviembre de 2024,1,"Me decepcionó el vuelo RK 9861 el 11 / 23 de Essaouira a Londres. Cuando me registré, una joven me habló de manera arrogante e inhumana. Soy un tipo mayor, y ella no hizo el esfuerzo de girar mi maleta delante de ella, incluso fue fácil en su lugar pedirme que lo hiciera. No entiendo por qué contratan personal así."
RYR_0588,Ryanair,Desconocido,Zagreb,Frankfurt,Europe,noviembre de 2024,1,"Debido a que mi asiento estaba roto y el vuelo estaba lleno, tuve que tomar otro vuelo a casa. En lugar de enviarme al día siguiente de Zagreb a Frankfurt, Ryanair me da un billete de avión de Trieste a Bruselas Charleroi. Luego, cuando llamé al servicio al cliente, me prometieron que el combustible sería compensado por los viajes que mi familia tenía que hacer para traerme a Trieste y venir a buscarme a Charleroi. Después de enviarles mis recibos, como me dijeron que hiciera, dijeron que no me devolverían mi compensación por combustible. Mienten a los clientes para ahorrar costes. Lo que puedo aconsejar a otros viajeros que soportarían este tipo de situaciones, es que tienen que tomar un taxi caro al otro aeropuerto, porque ese recibo es válido y se lo reembolsarán."
RYR_0589,Ryanair,"Great Yarmouth, Reino Unido",London,Tenerife,Europe,noviembre de 2024,3,"A uno de los nuestros se le negó volar por una mordedura de perro de 5 mm en la esquina (no en ninguna foto o impresión solo en la frontera) pero si esas son las reglas que así sea pero si eso no era lo suficientemente malo la mujer que se registra no mostró ninguna compasión, curtiousey acaba de decir que deje ir al resto de la fiesta y disfrutarlo ! ! ! ! ! ! ! ! ! ! ! ! ! ! ! ! ! ! ! ! ! ! ! ! ! ! ! ! ! ! ! ! ! ! ! ! ! ! ! ! ! ! ! ! ! ! ! ! ! ! ! ! ! ! ! ! ! ! ! ! ! ! ! ! ! ! ! ! ! ! ! ! ! ! ! ! ! ! ! ! ! ! ! ! ! ! ! ! ! ! ! ! ! ! ! ! ! ! ! ! ! ! ! ! ! ! ! ! ! ! ! ! ! ! ! ! ! ! ! ! ! ! ! ! ! ! ! ! ! ! ! ! ! ! ! ! ! ! ! ! ! ! ! ! ! ! ! ! ! ! ! ! ! ! ! ! ! ! ! ! ! ! ! ! ! ! ! ! ! ! ! ! ! ! ! ! ! ! ! ! ! ! ! ! ! ! ! ! ! ! ! ! ! ! ! ! ! ! ! ! ! ! ! ! ! ! ! ! ! NECESITA RE ENTRENAMIENTO MUJER GROSERA"
RYR_0590,Ryanair,Desconocido,Palma de Mallorca,Barcelona,Domestic,noviembre de 2024,1,"El personal de facturación de palma de Mallorca es un asco, son pésimos, te gritan, se burlan de ti. Jamás en mi vida vuelvo a viajar en esta aerolínea."
RYR_0591,Ryanair,Desconocido,Bristol,Gdansk,Europe,noviembre de 2024,5,"¿Por qué la gente se queja de Ryanair seguro que no es la mejor pero al menos te lleva de un punto a otro? Tuve un vuelo de ida y vuelta de Bristol a Gdansk y fue una comodidad de asiento encantadora, no la mejor, pero soportable y el espacio para las piernas era muy bueno."
RYR_0592,Ryanair,Desconocido,Brussels,Dublin,Europe,noviembre de 2024,1,Las azafatas son muy poco serviciales y el dinero justo es esta prioridad de las aerolíneas y el avión está muy sucio... Primero y último
RYR_0593,Ryanair,Desconocido,Alicante,Kaunas,Europe,noviembre de 2024,1,"Nuestras puertas fueron cambiadas y llegamos tarde, pero la puerta de los aviones estaba abierta y cuando llegamos a nuestra puerta dijeron: “más rápido, tienes que dar tu pasaporte” y luego simplemente cerraron la puerta y dijeron que eras demasiado tarde y nos gritaban. 10 minutos antes del despegue del avión ya teníamos nuestro equipaje porque no lo subieron a un avión. Muy mala experiencia con Ryanair, creo que es la última vez que vuelan con ellos."
RYR_0594,Ryanair,Desconocido,Prague,London,Europe,noviembre de 2024,1,"Nunca más volaré con Ryanair. El vuelo de regreso tenía muchos asientos vacíos y, como consecuencia, Ryanair ganó su dinero cobrando a la mayoría de los pasajeros por el equipaje. Incluso el equipaje de las personas cuyo equipaje encajaba dentro de las medidas se les decía que tenían que pagar para facturar el equipaje. Para una maleta del tamaño de una cabina, que era de unos 2 cm a lo grande, pagué £ 100 en total para viajar con ella. Ryanair no es de ninguna manera una aerolínea económica y, de hecho, habría sido mucho más barato volar con otra aerolínea. Absolutamente no recomiendo a nadie, puede parecer la opción más barata en ese momento, pero al final de ella, definitivamente no lo es."
RYR_0595,Ryanair,Desconocido,Rome,Alicante,Europe,noviembre de 2024,1,"Vivo en Murcia y el sábado (23/11/24) volamos de Roma a Alicante con Ryanair, la maleta no llegó. Pusimos la reclamación pertinente y nos avisaron de la llegada de dicha maleta dos días después. Las opciones que ofrecen son realmente ridículas: si eres un turista y estás en Murcia de vacaciones te la llevan donde estés, pero si Murcia es tu residencia fija mandan la maleta a Dublín para volver a mandarla al aeropuerto de Murcia y de allí a nuestro domicilio. Solución: desplazarte a Alicante y recogerla tú"
RYR_0596,Ryanair,Desconocido,Naples,Madrid,Europe,noviembre de 2024,1,"Para quien lea esto he tenido la peor experiencia yo pague 24 euros por la maleta de 10kg, prioridad y comida. NO ME DIERON COMIDA NI PRIORIDAD Y LO PEOR ES QUE PEDI AGUA Y NI SIQUIERA ESO ME DIERON TODAVIA PARA MÁS LADRONES PIDIERON QUE SAQUE MI TARJETA. Pero el vuelo fue normal"
RYR_0597,Ryanair,Desconocido,Rovaniemi,London,Europe,noviembre de 2024,2,"Mientras esperábamos abordar nuestro vuelo de Ryanair de regreso a casa en Londres desde Rovaniemi nos dimos cuenta de que algunos pasajeros estaban discutiendo el retraso en el embarque y que algunas personas habían recibido un correo electrónico 2 horas antes, indicando que el vuelo se retrasaría durante 8 horas. Hubo mucha confusión y finalmente a la hora de salida de nuestro vuelo se anunció que nuestro vuelo se retrasaría 8 horas debido a la falta de personal. Cuando solicitamos más información sobre si podíamos salir del aeropuerto y luego regresar, consultas de compensación, etc., el personal de Ryanair parecía muy despistado y no estaba seguro de los protocolos. Recibimos un mensaje informándonos que teníamos 8 vales de comida de euros para gastar como compensación, pero el único café en el aeropuerto era la cocina y el bar Ahkio y la mayoría de los artículos eran el doble - el triple del valor del vale. Incluso en la hora de salida retrasada recientemente propuesta, hubo más retrasos y caos en la puerta: estaba muy desorganizada. Solo estaban repostando el avión después del tiempo de embarque a pesar de que el avión estaba allí desde 8 horas antes. Hubo un mal servicio en el vuelo, personal poco servicial y antipático, asientos incómodos, no limpios y hubo algunas comunicaciones extrañas hechas desde la cabina en un momento. Lo peor fue que hubo falta de comunicación e información durante todo este período estresante, e incluso la app dijo que llegamos sin demora cuando aún estábamos en el aeropuerto de origen; esto dificultó mucho la reclamación de indemnizaciones."
RYR_0598,Ryanair,"Dublín, Irlanda",London,Dublin,Europe,noviembre de 2024,2,"Soy un viajero regular con Ryanair para ir a Londres a ver a mi hija. Siempre pago por un asiento trasero, así que estoy dentro y fuera rápidamente. Siempre traigo un pequeño maletín para ir en los gastos generales. No había espacio para mi maleta, ya que otras personas tenían bolsas debajo del asiento. La azafata me dijo que había espacio en uno de unos 6 asientos abajo, cómo al bajar del avión esperan que uno coja la maleta cuando la gente está de pie esperando para bajar. Me negué a hacerlo y ella hizo espacio. También pedí desde mi aplicación ryanair y compré una botella de whisky 200 cigarrillos y un café, ella trató de entregarme todo junto, sin bolsa para el whisky y los cigarrillos y cuando pedí uno me dieron una bolsa que no contenía una bolsa de palomitas de maíz. la botella pasó directamente a través de ella. Debería haber bolsas libres de impuestos. ¿Cómo esperan que uno se lleve el avión cuando tienes una maleta pagada a bordo y un bolso? Abordamos en la puerta 52. Horrendous. Sin asientos y una chica gritando a todos como una manada de ganado."
RYR_0599,Ryanair,Desconocido,Stockholm,Madrid,Europe,julio de 2024,4,La gente ha estado diciendo ”OMG! RYANAIR ES TAN HORRIBLE TAN SOLO TAN EUW” o “RYAN AIR ES TAN REPUGNANTE” quiero decir que podría ser PERO he presentado con Ryanair varias veces y NADA era cierto. Bonito fly attendends y precio OKAY para comida y bocadillos. NO HABÍA PANTALLA/IPAD🥲 DE TODOS MODOS le doy un 10 de 10 ! ! ! ! ! ! ! ! ! ! ! ! ! ! ! ! ! ! ! ! ! ! ! ! ! ! ! ! ! ! ! ! ! ! ! ! ! ! ! ! ! ! ! ! ! ! ! ! ! ! ! ! ! ! ! ! ! ! ! ! ! ! ! ! ! ! ! ! ! ! ! ! ! ! ! ! ! ! ! ! ! ! ! ! ! ! ! ! ! ! ! ! ! ! ! ! ! ! ! ! ! ! ! ! ! ! ! ! ! ! ! ! ! ! ! ! ! ! ! ! ! ! ! ! ! ! ! ! ! ! ! ! ! ! ! ! ! ! ! ! ! ! ! ! ! ! ! ! ! ! ! ! ! ! ! ! ! ! ! ! ! ! ! ! ! ! ! ! ! ! ! ! ! ! ! ! ! ! ! ! ! ! ! ! ! ! ! ! ! ! ! ! ! ! ! ! ! ! ! ! ! ! ! ! ! ! ! ! ! ! ! ! ! ! ! ! ! ! ! ! ! ! ! ! ! ! ! ! ! ! ! ! ! ! ! ! ! ! PERO UNA VEZ ESTUVIMOS EN EL AVIÓN Y ESPERAMOS 35 MINUTOS 🥲😢😰
RYR_0600,Ryanair,Desconocido,Pisa,Madrid,Europe,noviembre de 2024,1,"Llego a los mostradores de check in, porque no pude hacerlo desde el móvil. Resulta q darle a un botón desde un ordenador cuesta 60€! Eso me cobraron por hacer el check in allí. Por si fuera poco, llevaba una mochila que a la Ida, de madrid a pisa no me pusieron ningún problema, pero se ve q ahora no les parecia bien, y ya q estaban completaron negocio. 99 € me costo la tercera de embarque en el aeropuerto de pisa. Orgullosos de hacer tan bien negocio. Ojalá se crucen con gente en la vida q les trate igual que tratan ellos."
RYR_0601,Ryanair,Desconocido,Liverpool,Krakow,Europe,noviembre de 2024,2,"Horrible ""organización"" de la puerta, en cola antes del control de embarque, luego se arreó en un apretado corral sin asientos antes de otra cola para abordar. Asiento muy apretado (pero normal para la economía) , incluso la red de la revista quitado! Todo el personal, asistentes, etc. bien, la carne de res está en contra de la pareja hasta el hueso absolutas instalaciones básicas y organización. ¡Probablemente permitiendo al Sr. O'Leary hacer sus próximos mil millones de libras!"
RYR_0602,Ryanair,"Morro del Jable, España",East Midlands,Fuerteventura,Europe,noviembre de 2024,1,"Te cobran por todo, no les basta ya con todo lo que te quitan para que encima te quieran cobrar casi 50euros por cambiar un vuelo 1 día antes, teniendo el mismo precio desde que se compró y exactamente la misma hora. Odio esta compañía"
RYR_0603,Ryanair,Desconocido,London,Rome,Europe,abril de 2024,4,"Recientemente volé con Ryanair y me impresionó la limpieza, especialmente para una aerolínea económica. Los asientos eran básicos pero limpios, sin suciedad ni manchas notables. Las mesas de las bandejas y los apoyabrazos fueron limpiados, aunque no impecables. El baño era funcional, pero podía utilizar una limpieza más frecuente en vuelos más largos. En general, cumplió con mis expectativas de una compañía de bajo costo. Lo suficientemente limpio para un viaje corto, pero no lujoso. Volvería a volar con expectativas razonables!"
RYR_0604,Ryanair,"Horndean, Reino Unido",Dublin,London,Europe,noviembre de 2024,1,"Cargos ridículos e injustos. Después de una reserva de última hora debido a la cancelación de mi vuelo, tuve que reservar Ryanair a Gatwick. El vuelo fue de compras, pero no se permitió suficiente tiempo para facturar en línea debido a que Ryanair cerró el check in en línea, lo que obligó a cargos adicionales para facturar en el aeropuerto. El personal fue poco servicial al tratar de explicar y resolver el problema. El personal de vuelo era miserable y desagradable. Como alguien que vuela 40 veces al año y lo ha hecho durante 17 años, ha habido una razón por la que evité esta terrible aerolínea, y no me decepcionaron al recordarme por qué hoy. ¡EVITA A TODA COSTA!"
RYR_0605,Ryanair,Desconocido,Seville,Frankfurt,Europe,octubre de 2024,1,"Nos rompieron el nuevo check in, informamos y abrimos una reclamación y la aerolínea no pagó el costo de la maleta porque la reclamación desapareció de su sistema."
RYR_0606,Ryanair,"Poole, Reino Unido",Valletta,Bournemouth,Europe,noviembre de 2024,2,"Normalmente tienen experiencias muy positivas con Ryan air y no han tenido ningún problema. Hoy, sin embargo, me desafiaron sobre mi maleta de cabina de 10 kg que era del tamaño correcto y encajado en la ranura en el aeropuerto para el tamaño correcto, sin embargo Michelle que estaba en la puerta fue extremadamente grosero y francamente dirigido a mí ella no comenzó desde el principio de la cola y revisó todos los casos de trajes solo me eligió al azar en el que me siento extremadamente violado. Me cobraron 62 libras. 22 por una bolsa que ya pagué y es las medidas correctas. He volado con este caso durante los últimos tres años y he hecho 11 viajes desde 2022 con este caso y no se me ha cobrado, así que explíquelo... También me gustaría saber por qué el personal no usa identificación o distintivos por qué el personal no sigue los valores básicos de Ryan Air que usted declara defender y claramente no. Me gustaría saber qué habilidades de atención al cliente tiene su personal? Me gustaría expresar que Michelle en la puerta hoy no tenía derecho a acusarme o amenazarme con la seguridad. Michelle en Malta aeropuerto Ryan air necesita ir a algunos cursos sobre cómo hablar con los clientes. También pediré compensación por mi tratamiento hoy."
RYR_0607,Ryanair,"El Paso, Texas",Knock,London,Europe,octubre de 2024,1,"Ryanair no me ha reembolsado por destruir completamente mi maleta facturada. ¿Quieres escuchar mi historia de aflicción? Volé de Londres a Irlanda Occidental con esta maleta como equipaje de mano, sin problemas. A mi regreso, yo y varios otros pasajeros fuimos apartados en la puerta porque el personal pensó que nuestras maletas eran de gran tamaño. Para mi sorpresa, descubrí que mi equipaje que había estado dentro de las dimensiones de carga en otras aerolíneas era aproximadamente una pulgada demasiado profunda para la menor cantidad de Ryanair. A pesar de saber que cabía cómodamente en su contenedor aéreo en el vuelo, dije ""bien, eso es mi culpa"" y tosí la tarifa de verificación de puerta de 75 €. ¡Resulta que cortésmente pagué por el servicio de tener mis pertenencias cortadas por un dragón que guardan en la parte de atrás en el aeropuerto de Stansted! Después de que mi maleta, que descanse en paz, no apareciera en el reclamo de equipaje, presenté un encantador ""Informe de Irregularidad de la Propiedad"" y me fui con la ropa en la espalda a esperar a que el aeropuerto ubicara mi maleta. El agente que se puso en contacto conmigo dos días después dijo: ""Estaba completamente destrozado. "" No podrían entregarme el contenido hasta dentro de cuatro días, lo que no funcionaría porque vivo en el extranjero y volvía a casa en tres días. Así que fui a recoger la maleta a mis expensas, un viaje divertido que tomó cuatro horas de ida y vuelta desde donde me alojaba. El personal de Stansted era cortés y no tengo ningún problema con ellos individualmente. Sin embargo, parecían avergonzados y poco preparados para seguir conmigo. Sacaron mis pertenencias dentro de una maleta de reemplazo barata y usada y tuve que pedir ver el original, lo que provocó exclamaciones de horror de otros pasajeros que estaban alrededor del escritorio cuando surgió. Le pregunté si podía revisar el contenido en un lugar más privado, y me ofrecieron la palabra en un rincón de la reclamación de equipaje. Un conserje curioso pasó y me preguntó qué aerolínea me había proporcionado este increíble servicio. Mis pertenencias me fueron devueltas en una pila revuelta, con algunos objetos rotos y todo cubierto de polvo negro. Las suelas de mi par de zapatillas aplastadas habían sido amoladas como si estuvieran sujetas sobre una amoladora de carpintero. Esto me lleva a pensar que la maleta probablemente quedó atrapada en un carrito de equipaje y arrastrada sobre la pista, o algo así. Pero probablemente nunca lo sabré, y lo verdaderamente extraño para mí es que el agente que me ayudó afirmó repetidamente que “quedó atrapado en un motor”. “¿Atrapado en QUÉ?” Le respondí. ¿No sería eso catastróficamente peligroso? Tartamudeó diciendo que no creía que fuera peligroso porque el avión “probablemente estaba en tierra en ese momento”. Pasando de esa noción preocupante, llené el papeleo correcto y presenté un reclamo en línea dentro de su plazo. Esta resulta ser una de las políticas depredadoras más inteligentes de Ryanair, ya que, en comparación con un mostrador público de reclamo de equipaje, nadie en línea puede escucharte gritar. Pedí que me reembolsaran el costo de la maleta y seguí sus instrucciones confusas y a menudo contradictorias para informar el costo de la maleta y cualquier contenido ""dañado o sucio"". Sin embargo, soy un ser humano normal y no había retenido recibos en papel por la maleta que compré varios meses antes, ni mis escasas posesiones de campesino (es decir, viajero de economía). Nadie en el aeropuerto me había indicado que tendría problemas con el reembolso debido a los recibos, o me ofreció una tarifa nominal, que leí más adelante en los foros. Así que incluí una captura de pantalla de mi extracto de tarjeta de crédito para la compra de la bolsa en su lugar, y esto ha atado mi reclamo hasta el día de hoy, 15 días hábiles después de la presentación. TL; DR, estoy seguro de que el costo de facturar, recoger y reemplazar mi maleta es más del doble de la cantidad que pensé que podría ahorrar volando Ryanair. De todas formas, me lo pasé de maravilla en Irlanda y volveré! Pero en Aer Lingus."
RYR_0608,Ryanair,Desconocido,Madrid,Tenerife,Domestic,noviembre de 2024,1,"Con esta aerolínea siempre viajaras fuera de hora. Las pocas veces q he viajado en Ryanair ha ido mal. Siempre los vuelos con retraso, esta última vez un retraso de 2 horas...es que cada vez va a peor .No la recomiendo para nada"
RYR_0609,Ryanair,Desconocido,London,Malaga,Europe,noviembre de 2024,5,"Tengo 5 vuelos con Ryanair este mes. He oído a gente quejarse de cosas diferentes, pero se han olvidado de los días anteriores a las aerolíneas económicas. ¡Gracias Ryanair, por mantener sus precios para que TODOS podamos permitirnos viajar de una manera que nunca antes lo había hecho! Su personal siempre es servicial, incluso cuando está abrumado por clientes incómodos. Eres increíble. Gracias. Gracias de todos nosotros que realmente apreciamos las nuevas vidas que ahora vivimos que incluyen tantos viajes... y en nombre de todos los gemidos y quejas... Gracias por darles tales problemas del 'Primer Mundo' para que entren sus dientes poco apreciados..."
RYR_0610,Ryanair,Desconocido,London,Barcelona,Europe,agosto de 2024,5,"Muy, muy buen viaje. Personal fantástico y comida encantadora. Además, es muy barato. Recomiendo 100% volar con esta aerolínea. El personal es muy amable y amable. Vuela con esta aerolínea si quieres vuelos baratos y fantásticos a destinos vacacionales."
RYR_0611,Ryanair,"Derby, Reino Unido",East Midlands,Fuerteventura,Europe,noviembre de 2024,5,El vuelo de ida y vuelta fue excelente relación calidad-precio como de costumbre con una tripulación amable y acogedora que trabajan sus calcetines para hacer los vuelos lo más agradable que pueden ser.
RYR_0612,Ryanair,"Edimburgo, Reino Unido",Edinburgh,Paris,Europe,noviembre de 2024,1,"Estoy más que furioso con Ryanair por cobrarme la exorbitante suma de 75 libras esterlinas (91 euros) por ser mi equipaje ""demasiado grande"", a pesar de que claramente estaba dentro de los límites de tamaño especificados por la aerolínea. Esta tarifa injustificada no solo agotó mi cartera, sino que también transformó lo que debería haber sido un viaje relajante en una prueba altamente estresante. El personal era rígido y poco servicial, sin mostrar empatía ni voluntad de resolver el problema. Si tuviera £ 75 de sobra, habría elegido una aerolínea mucho más reputada y amigable con el cliente. La prioridad flagrante de Ryanair de los cargos adicionales sobre la satisfacción de los pasajeros es absolutamente inaceptable. Nunca más volaré con ellos."
RYR_0613,Ryanair,Desconocido,Rome,Krakow,Europe,agosto de 2024,1,"Falta de honestidad Después de mi vuelo cancelado solicité un reembolso desde agosto y después de la primera respuesta de que el reembolso será procesado, termine; ya no hay contacto. El servicio de atención al cliente no tiene ninguna actualización que decir (me pregunto por qué están allí). Además, está escrito en la web que los reembolsos se procesan en un plazo de 24 horas. Imagínate si son confiables con sus trabajadores."
RYR_0614,Ryanair,Desconocido,Palma de Mallorca,Seville,Domestic,noviembre de 2024,1,"Una compañía nefasta, nos cerraron la puerta de embarcar antes de la hora anunciada y perdimos el vuelo. La responsable que estaba el 24 de noviembre a las 7.00h demostró alegrarse cuando nos dejaron sin vacaciones y también, como dicen en otras reseñas amenazaron con llamar a la policía...Los empleados que había este día demostraron su falta de educación y empatia. Muy mala experiencia y NO recomiendo esta compañía"
RYR_0615,Ryanair,Desconocido,Berlin,Pisa,Europe,noviembre de 2024,1,"Recuerda esta cara, esta es la cara del estafador de Ryanair. Debía volar hoy de Berlín a Pisa, pero no pude hacerlo porque este hombre no me dejó subir al vuelo. En la puerta de embarque, me pidieron que pusiera la maleta en el calibrador, quité las ruedas, y la dejé, la maleta entró exactamente en el tamaño permitido, como se puede ver en la foto, pero este estafador encontró una regla que la maleta debe entrar junto con las ruedas, de lo contrario, se debe facturar y pagar extra."
RYR_0616,Ryanair,Desconocido,Birmingham,Lanzarote,Europe,octubre de 2024,1,Terrible servicio en todos los sentidos. Prácticamente imposible contactar. Poco profesional con un total desprecio por los clientes que pagan.
RYR_0617,Ryanair,Desconocido,Düsseldorf,Copenhagen,Europe,noviembre de 2024,1,"Cierran el check-in en horarios muy diferentes, así que perdí mis viajes. No están organizados y dan un servicio deficiente. Ojalá supiera esto"
RYR_0618,Ryanair,"Rennes, Francia",Poitiers,London,Europe,noviembre de 2024,4,"Ryanair es un regalo para muchos. Las tarifas son razonables, especialmente si solo toma una bolsa pequeña. Ok , así que ha habido retrasos, pero no es para tanto a menos que tengas una cita importante. La tripulación de cabina es buena. Hacen un buen trabajo en entornos difíciles. Sí, sería bueno tener más espacio, pero para un vuelo de 1 hora 15 no es tan malo. Si lo ves como tomar un autobús, entonces es similar. Sube, lo más rápido que puedas, aparca tu parte trasera y tu bolso, y llega a tiempo. Para mí es esencial para visitar a la familia. Gracias Ryanair."
RYR_0619,Ryanair,Desconocido,Leeds,Marrakech,International,noviembre de 2024,5,"Esta es la segunda vez que viajo con Ryanair y no escribí una crítica la última vez. Por lo tanto, pensé que sería mejor escribir sobre ello esta vez. Ryanair llegó y partió en el momento adecuado en mis dos viajes y el personal era amable. El avión estaba más limpio que algunos otros en los que he estado. El servicio en ella era bueno. Todo estaba bien organizado y tuvimos buenos viajes este año y el año pasado también. Espero que Ryanair nos siga dando viajes asequibles con viajes sin estrés, gracias Ryanair."
RYR_0620,Ryanair,"Kozienice, Polonia",Seville,Krakow,Europe,octubre de 2024,1,"Me gustaría expresar mi descontento con el servicio de manipulación de equipaje durante mi vuelo de Sevilla a Cracovia el 11 de octubre 2024 . Al llegar al aeropuerto de Cracovia, recuperé mi maleta de la zona de recogida de equipaje solo para encontrar que una de las ruedas estaba completamente rota. La maleta estaba en perfecto estado antes de ser facturada, y ahora es prácticamente inutilizable. Este tipo de daño indica un manejo descuidado del equipaje por parte del personal del aeropuerto o de la aerolínea. Espero profesionalismo, especialmente cuando se confían pertenencias personales a una aerolínea. He hecho todo lo que estaba en mi mano para reclamar una indemnización por los daños a mi maleta, pero me siento ignorado. Mis intentos de resolver esta cuestión han sido recibidos con indiferencia, lo que no hace sino aumentar mi frustración. Estoy extremadamente decepcionado con la falta de rendición de cuentas y atención al cliente en esta situación."
RYR_0621,Ryanair,Desconocido,Manchester,Seville,Europe,septiembre de 2024,1,"Terrible experiencia. Reservo mi vuelo, pago por un equipaje. Llego a mi embarque, y la persona de recepción me dice que ponga mi bolsa dentro de la jaula metálica. Encaja - PERFECTAMENTE. Pero me dice que tiene que encajar completamente en la jaula de metal, así que tengo que intentar aplastarlo. 20 cm de ancho. Le digo que es una bolsa TRAVEL PRO, es literalmente la bolsa estándar que emite Airlines para los trabajadores de las aerolíneas. Le digo que no voy a tratar de aplastarlo, así que ella trata de empujarlo. Le digo que se detenga porque no vamos a hacer esto. Me cobra 125 dólares. Mientras espero, el joven que carga maletas me grita (levanta la voz) ¡Vamos ahora! Los tres pasajeros detrás de mí están borrachos y hacen ruido todo el vuelo. Después de que desembarcamos, veo las maletas de otros pasajeros como las mías saliendo de los contenedores. Llego a casa, y el iPad que tenía en mi bolso está doblado. ***Aplastado por tratar de conseguir un acarreo, que debería haber sido permitido, en la papelera. 120 euros de reparación en España. =$ 300 + extra para este viaje."
RYR_0622,Ryanair,Desconocido,Naples,Copenhagen,Europe,noviembre de 2024,1,"Ryanair es una compañía poco seria que no se preocupa por los pasajeros, su tiempo y sus dificultades logísticas. Una vergüenza para el Reino Unido."
RYR_0623,Ryanair,"Manchester, Reino Unido",Prague,Krakow,Europe,noviembre de 2024,1,"Horrible aerolínea, tratando de que el capitalismo de la última etapa vuele hasta el punto en que es insoportable. Sinceramente sería mejor tomar el tren o ir con otra aerolínea, incluso si significa una conexión. Compré equipaje para llevar en el vuelo, me apartaron 4 veces para decirme que mi maleta era demasiado grande, absolutamente ningún equipaje en el avión en absoluto, solo parece que el personal también se le dice que encuentre todo inaceptable y cobrar por ello, incluso cuando como en este caso, ya pagó por ello. No culpo al personal como, probablemente son tan miserables y averiados como los aviones en este punto."
RYR_0624,Ryanair,Desconocido,London,Krakow,Europe,noviembre de 2024,1,"He reservado un coche con 'Alquiler de coches Express' a través de Ryanair Alquiler de coches. Llegué al lugar de recogida de coches de alquiler indicado por la reserva con poco más de 15 minutos de retraso, sin embargo, no había ningún vehículo en el punto de recogida designado (estación de Cracovia Plaszow) ... no solo eso, ni siquiera había una oficina de alquiler de coches Express, o cualquier oficina de alquiler de coches de cualquier tipo. Era una pequeña y oscura estación de tren suburbano. Traté de encontrar una oficina de alquiler de coches Express en la estación de tren de Cracovia principal y no había uno. No me di cuenta de que porque era un 'tipo al azar dejando un coche en los suburbios' me quedé en medio de los oscuros bosques de Cracovia sin idea de cómo proceder y sin manera de siquiera hablar con alguien. Nunca conseguí un coche. Ahora por supuesto que están diciendo, '¡qué pena, no hay reembolso para ti! ' Por qué demonios Ryanair recomendaría una 'compañía' de alquiler de coches tan esbozada está completamente fuera de mí. Sorprendentemente poco profesional."
RYR_0625,Ryanair,"Hertford, Reino Unido",Malaga,London,Europe,noviembre de 2024,4,"Pagué asientos, no los conseguí, ¡viaje escolar VIP! 1 vez en la calle los pilotos Rebecca & Yan se deslizaron y sin caderas, espalda, asientos magullados tenían cojines puestos. España ha multado a Ryanair con 180 millones por cobrar por maletas y asientos ya era hora. Sigue multándolos hasta que aprendan."
RYR_0626,Ryanair,Desconocido,Bristol,Madrid,Europe,noviembre de 2024,1,Horrible trato de la persona que escanea las tarjetas de embarque. Ella nos dio a mí y a mi pareja una actitud desagradable y mi experiencia muy desagradable.
RYR_0627,Ryanair,Desconocido,Glasgow,Dublin,International,noviembre de 2024,5,"Necesitaba ayuda con un cambio de nombre en la reserva de mi hijo. Zuzanna, la agente en línea que me atendió fue la mejor. Zuzanna fue muy amable. Ella arregló este problema para mí rápidamente y me salvó de tantos problemas. Realmente agradecido por la ayuda de Zuzanna."
RYR_0628,Ryanair,Desconocido,Milan,London,Europe,noviembre de 2024,1,"Mi hija y yo somos portugueses, pero vivimos en el Reino Unido durante los últimos 4 años con un estado anterior al asentamiento. Viajamos a menudo y decidí llevar a mi hija, (8) a una excursión de un día a Milán. Se suponía que regresaríamos en el último vuelo de Bérgamo a Stanstead a las 22 h 20. Cuando mi hija y yo subimos a bordo y les muestro nuestros documentos, la señora que hizo el embarque me pidió que le mostrara a mis hijas Liquidación ya que viaja con su tarjeta de identificación portuguesa, y así le muestro la liquidación, como lo he hecho tantas veces antes en varios vuelos, la señora dice que eso no es válido y solicita la liquidación, le explico que esa es la liquidación e inmediatamente comienza a decir que se me negará el embarque porque me niego a mostrarle la liquidación, a pesar de que le estoy mostrando la liquidación. Luego dice que necesito proporcionar un código de acciones para mi hija y le explico que no existe tal cosa para una menor y comenzar a ponerse nerviosa y llorar porque no solo se niega a escuchar o entender que comenzó a decir que no abordaré el vuelo si no le muestro esto. Y no puedo mostrar algo que no existe. Sigo mostrándole el finiquito, le enseñé mi finiquito, El sitio web del GOV con toda la información que muestra que se le permite entrar al Reino Unido con su tarjeta de identificación (su finiquito se hizo con su tarjeta de identificación) , le ofrezco mostrarle una prueba más de que vivimos, trabajamos y estudiamos en el Reino Unido cuando simplemente se niega a entender, le explico Im mostrándole las mismas cosas exactas que la propia fuerza fronteriza en el Reino Unido ve cuando vuelvo a casa y ella se niega, le explico que tengo trabajo y mi hija tiene escuela, no conozco el país y ella no puede hacer esto, sigue cancelando mi abordaje y mis hijas diciendo que no le importa y ni siquiera me escucha. Pedí hablar con un superior varias veces y ella se NEGÓ! Lloro de desesperación, mi hija llora porque está asustada y esta señora procede a decirme que no subiré porque me negué a mostrarle un acuerdo, ¡lo cual es una mentira totalmente contundente! Negándome a hablar con un superior, varias veces repite que no le importa, y se puso por encima del gobierno del Reino Unido haciendo sus propias reglas y pidiéndome cosas que ni siquiera existen. También mencionó que el acuerdo era de 2021 y necesita uno actualizado con una fecha válida, cuando claramente establece en el acuerdo que es válido hasta 2026! Después de apelar, rogar y tratar de explicar un millón de veces, y como lloraba por estrés y desesperación y veía llorar tanto a mi hija me hizo aún más desesperada la señora decidió que no estaba tranquila y llamó a la policía para que nos escoltara fuera. La policía, que tampoco hizo absolutamente nada para ayudar, explicó que tenía que salir y hablar con alguien en el mostrador de Ryanair. Ya es pasada la medianoche, sin vuelos, el aeropuerto vacío y estoy sola con mi hija en un país extranjero. Cuando por fin encuentro el camino fuera, me dicen que el mostrador de Ryanair está cerrado y me indican que vaya al mostrador de información. Voy allí y le explico toda la situación, mientras mi hija está literalmente durmiendo en el suelo. Inicialmente la señora del mostrador de información me pregunta por las mismas cosas equivocadas, Código de acciones, Liquidación actualizada. Pero sí me escucha, ve toda la documentación y la página web del GOV y dice que tengo razón, habla con el que creo que es su superior y explica todo. Luego imprime mi liquidación para demostrarle a su superior que tenía razón y me dice que debería reservar un hotel para mi hija y volver por la mañana para ir al mostrador de Ryanair a que me metan en un nuevo vuelo y me reembolsen mis gastos. Encuentro un pequeño hotel cerca (la mayoría de los hoteles en Italia no parecen aceptar niños), así que tuve que tomar un uber al hotel más cercano. Despierta 4 h 30 y vuelve al aeropuerto, mi hija está ahora físicamente enferma y vomita y llora sin parar. Y es mi sorpresa cuando me entero de que un mostrador de Ryanair no existe en este aeropuerto! En el check in de Ryanair le explico mi situación a la señora extremadamente grosera que dice que no lo sabe y necesito una tarjeta de embarque y eso es todo. Mi hija está llorando, diciendo que solo quiere irse a casa y vomitar así que compré un billete nuevo para el próximo vuelo que me costó casi 500 libras. No tengo ningún problema en el embarque, demostrando que la situación anterior era personal! Una vez que llego a Londres explico la situación en la frontera y el oficial se sorprende. Voy directamente al servicio de atención al cliente de Ryanair y explico toda la situación y todo el mundo se sorprende porque simplemente no tenía ningún sentido. A menudo uso Ryanair y viajo frecuentemente con mi hija en las mismas condiciones exactas y nunca fue un problema. Mi hija sufrió mucho con toda esta situación, no solo faltó a la escuela, se traumatizó mucho y la enfermó físicamente. Perdí un día de trabajo y un funeral de un familiar para que entiendas lo molesto que estoy."
RYR_0629,Ryanair,Desconocido,Rome,Madrid,Europe,noviembre de 2024,1,La aerolínea es una m!3d@ envían mucha publicidad. te llegan correos electrónicos sobre importes a pagar no correspondientes si haces el check-in en el aeropuerto te cobran y no solo eso hice el check-in y cuando llegue me dijeron que mi mochila era muy grande y que debía pagar no obstante había más gente con equipaje de mano en mayor cantidad y a ellos no le cobraron pero a mí si que porque supuestamente tenía mucho volumen pero era el mismo que traía en un vuelo anterior
RYR_0630,Ryanair,Desconocido,Alicante,Leeds,Europe,noviembre de 2024,1,"Mi esposa y yo fuimos a pasar una buena semana al sol, donde debido a volar de regreso el domingo, pero decidimos volar de regreso el jueves en su lugar. Volvimos a reservar nuestros vuelos pagamos el cargo administrativo y donde nos dijeron que las maletas prioritarias de 10 kg se transferirían, cuando llegamos a la puerta nos dijeron que solo teníamos equipaje facturado y tuvimos que pagar para tomar la maleta que ya habíamos pagado en el avión. Cambiaron mis vuelos por una tarifa Me dijeron que mis maletas se transferirían No me notificaron ningún cambio. Suena como otra estafa de Ryanair para obtener más dinero de ti."
RYR_0631,Ryanair,"Huddersfield, Reino Unido",Manchester,Alicante,Europe,noviembre de 2024,1,"Volando con Ryanair sabes que te van a vellón. Y en ese sentido nunca te decepcionaron. Hay cargos ocultos en cada paso del proceso. La última es la maleta de mano más pequeña de la historia, cuyo tamaño es tan pequeño que ni siquiera se adapta a una noche de distancia. Es una experiencia totalmente desagradable desde el inicio de la reserva hasta el final del vuelo."
RYR_0632,Ryanair,"Londres, Reino Unido",London,Ancona,Europe,noviembre de 2024,1,Mi prometido y yo volamos hoy desde el aeropuerto de Stanstead. Nuestro bolso pequeño era de las dimensiones mencionadas y todavía teníamos que pagar. Específicamente compramos este bolso de Costco con las dimensiones y hemos utilizado este mismo bolso en un par de ocasiones antes.
RYR_0633,Ryanair,Desconocido,Thessaloniki,Heraklion,Domestic,noviembre de 2024,1,"Me cobraron 75 euros por un equipaje de mano de Salónica a Herakleion (distancia de una hora y quince minutos). En el aeropuerto, me informaron a última hora que el equipaje de mano es más grande que el equipaje de mano normal - lmao. Ni siquiera lo pesaron. Además, en ninguna parte del sitio informan sobre las dimensiones de un equipaje de mano “normal”. Nunca volveré a confiar en Ryanair y recomiendo lo mismo a todo el mundo!"
RYR_0634,Ryanair,Desconocido,Valletta,London,Europe,noviembre de 2024,1,"El check - en la aplicación es un desastre ridículo. El personal es imposible de comunicarse con y el servicio al cliente en general es lo peor que puede experimentar. Mi pareja y yo fuimos prácticamente extorsionados 110 euros por cheque tardío - en cuando la culpa estaba de su lado. La aplicación tenía un fallo técnico; llamarlos era imposible, ¡y ni siquiera tienen representantes en el maldito aeropuerto! El personal del aeropuerto dijo que teníamos que pagar o que perderíamos nuestro vuelo, y cuando finalmente llegamos al servicio al cliente de Ryanair, nos dijeron lo mismo: no había empatía y absoluto desprecio por la situación del cliente (todo sonaba como una amenaza). Y sí, ponen a su personal en la puerta de embarque para extorsionar aún más a los clientes desprevenidos. Te cobrarán dinero extra (75 euros) por el tamaño del equipaje. Tienen este artilugio en la puerta para comprobar el tamaño de las bolsas. Ni siquiera me pongas en marcha en la experiencia del viaje; todo está a la venta en un vuelo de tres horas; incluso podrían ofrecerte vender oxígeno premium. ¡Ni siquiera te ofrecen agua! Mi consejo es que si te encanta tener una buena relación calidad-precio, evites esta aerolínea. Es peor si no te adelantas constantemente a sus trucos dudosos."
RYR_0635,Ryanair,"Mullingar, Irlanda",Kaunas,Dublin,Europe,noviembre de 2024,5,"Fue una experiencia brillante. Viajaba con mi madre discapacitada. Tuve un problema con mi aplicación Ryanair y no pude reservar asistencia para necesidades especiales. Contactó directamente con el servicio de atención al cliente del aeropuerto de Kaunas y se comunicó con dos chicas increíbles Evelina y Gerda / Greta. Me ayudaron a resolver el problema de la mejor manera posible. No pude describir lo agradecido que estoy con todo el equipo que sirvió este vuelo: chicas en servicio al cliente, equipo de vuelo y asistentes en ambos aeropuertos. Gran comunicación, actitud laboral y rendimiento. Todo el mundo merece una paga extra por un trabajo tan excelente. ¡Gracias masivas para todo el equipo!"
RYR_0636,Ryanair,Desconocido,Palma de Mallorca,London,Europe,octubre de 2024,1,"¿Alguien ha pagado alguna vez los asientos con rianair para saber cuando llegan a la Puerta para abordar el avión a las 11.30 pm, el personal de Boading le dice que sus asientos han sido vendidos? ? ? ? ? ? ? ? Ustedes dejaron a mi familia en las calles de Alucudia a las 12. 00 am de la mañana, Mi hija de 12 años de edad y mi hijo de 8 años ambos muy angustiados! También una esposa muy angustiada! Nos costó casi £ 3000 después con hotel! Comida y agua, etc! ¡Transporte! ¡y tener que pagar los billetes para volar a un lugar en el Reino Unido 48 horas más tarde de lo que deberíamos haber estado llegando! ¡a otro aeropuerto que estaba entonces a otras 3 horas y media de donde nuestro coche estaba estacionado! Ustedes arruinaron las vacaciones de mi familia! ¡Nos has endeudado! ¡Su servicio es una completa desgracia! Grabé los convos con el impactante personal que trabaja para Ryanair en el aeropuerto de Malta, ya que hay palabras de no me importa es una discordia! Me encantaría enviar las grabaciones a la oficina central, ya que estoy seguro de que merecemos algún tipo de compensación. De alguna manera, 600 euros que nos has ofrecido no parecen coincidir. ¡JAMÁS LES DARÉ A LOS CHICOS OTRO CENTAVO DE MI DINERO! ¿Alguien más ha estado en mi situación? ¡Por favor, responda!"
RYR_0637,Ryanair,"Estocolmo, Suecia",Lamezia Terme,Stockholm,Europe,septiembre de 2024,1,"El vuelo llegó tarde 10 horas debido al mal tiempo, supongo que pasa. Tuvimos un vuelo de conexión en Bérgamo que naturalmente perdimos y tuvimos que alojarnos en Bérgamo en un hotel para pasar la noche. Por la información en su horrible sitio y después de hablar con su horrible servicio al cliente yo estaba siendo elegible para el reembolso, así que pensé. Tengo una respuesta: Tras una revisión de sus gastos recibidos, lamentamos informarle que no podemos reembolsarle los gastos solicitados. Tenga en cuenta que, una vez que un cliente llega a su aeropuerto de destino, Ryanair no tiene ninguna responsabilidad adicional por los costos adicionales incurridos. Respondió: Horrible, mira ahora que todos los rumores sobre Ryanair son ciertos, bueno de que te mantengas fiel a tus tratos habituales jajaja. Así que me estás diciendo que venir a mi destino 10 horas después y perder mi vuelo de conexión (Ryanair también) , no me certifica para el reembolso, solo wow. ¡Qué compañía tan horrible eres! Dejaré una reseña adecuada, tanques para nada. ¡Nunca más volaré contigo!"
RYR_0638,Ryanair,Desconocido,Palma de Mallorca,Manchester,Europe,noviembre de 2024,1,"Imposible tomar este vuelo y hacer esta conexión en Bruselas! Como este es el único vuelo disponible para Manchester, ¿por qué no hay algún tipo de notificación en el sitio web del vuelo para indicar que esto no es viable? Si tiene maletas facturadas, esta aerolínea tampoco puede facturar sus maletas... Ryan Air está encantado de tomar su reserva, pero una vez que la conexión de vuelo falla, usted está solo y varado. No hay personal disponible para ayudar. Tuve que pagar 100 € para cambiar mi reserva para el día siguiente junto con los nuevos costos de vuelo y, por supuesto, los costos de bolsas y asientos. Aerolínea de calidad inferior! Nunca más. Michael O'Leary eres un ladrón."
RYR_0639,Ryanair,Desconocido,Dublin,Valletta,Europe,noviembre de 2024,1,Muy insatisfecho. Solo tenía una mochila y una bolsa de papel con unos bocadillos y ropa sucia y me cobraron 60 euros extra solo por esa bolsa de papel. Le cobraron a mi hija otros 60 euros por lo mismo. Lo mismo le pasó a otras personas en el mismo vuelo. Una fue acusada porque tenía una cámara colgada del cuello y una mochila. Indignante Nunca más viajaré con Ryanair. Sólo son ladrones.
RYR_0640,Ryanair,Desconocido,Dublin,Copenhagen,Europe,agosto de 2024,1,Los miembros del personal de Ryanair acosan y amenazan a los pasajeros durante el proceso de embarque... eligen aleatoriamente a las personas y les dejan pagar costes adicionales de equipaje. Comportamiento increíble del personal
RYR_0641,Ryanair,Desconocido,Wroclaw,Dublin,Europe,noviembre de 2024,1,El 90 % de mis vuelos con Ryanair se retrasaron más de 2 horas. Es increíble lo pobre que es el servicio en este contexto.
RYR_0642,Ryanair,Desconocido,Bucharest,Malaga,Europe,noviembre de 2024,5,"Muy buena aerolínea. Despegó y aterrizó a tiempo, vuelo agradable, gente muy amable a bordo, aunque fueron puestos a prueba por el equipaje sobredimensionado de los pasajeros. Volé con compañías de marcas y no experimenté tal profesionalismo, al contrario, vuelos muy retrasados, aviones perdidos, asientos vendidos más allá de la capacidad, etc. Bravo Ryanair Gracias."
RYR_0643,Ryanair,Desconocido,Tangier,Madrid,International,noviembre de 2024,1,"Una vergüenza.Llegamos 4 personas al mostrador con nuestras tarjetas impresas y sin nada que facturar.A dos de nosotras nos dan la tarjeta de embarque y a las otras 2 no por llegar 2 minutos tarde. Nos hicieron pagar una tasa de 1440 dírhams si queríamos volar , no sé de dónde se sacaron el importe pero fue lo que tuvimos que pagar para poder coger el vuelo.por supuesto voy a denunciar aunque me harán perder tiempo y dinero porque se lo pasan todo por el forro. Hacen lo que quieren"
RYR_0644,Ryanair,Desconocido,London,Burgos,Europe,abril de 2024,5,Siempre volaría con Ryanair es la mejor aerolínea buen servicio a bordo y cómodos asientos 10/10 aterrizando además en no tan difícil
RYR_0645,Ryanair,Túnez,Reggio Calabria,Brussels,Europe,noviembre de 2024,1,"Actualicé mi boleto durante el proceso de reserva para incluir una maleta de cabina, pagando extra por este servicio. Además, estaba al tanto de su política establecida en el sitio web de Ryanair, que menciona que las maletas de mano pueden facturarse gratuitamente si el vuelo está lleno. y con mi experiencia con todas las demás aerolíneas donde pude facturar la maleta de mano, traje líquidos en mi maleta de mano. Para mi sorpresa, en el mostrador, me pidieron que pagara 37 € adicionales para facturar la maleta de cabina. Esto me pareció poco razonable, sobre todo porque ya lo había pagado como parte del paquete prioritario, que no proporcionaba ningún beneficio tangible. Todos los pasajeros seguían siendo procesados en el mismo flujo y estaban esperando juntos, sin prioridad aparente, además del retraso del vuelo. Además del error con la aplicación donde no podía pagar extra por el equipaje que debería haber sido facturado de forma gratuita."
RYR_0646,Ryanair,Desconocido,Lisbon,Berlin,Europe,noviembre de 2024,1,"Estaba en la puerta 204, Terminal 2, Lisboa. El personal era grosero y arrogante. Pagué extra por mi violín, pero dijeron que necesitaba pagar más y comprar un asiento extra. Dije que no es un violonchelo y nunca he necesitado un asiento. Dijo que todo sucede por primera vez y dejó de comunicarse. Otro miembro del personal dijo que debía pagar y rechazó. Le conté a los otros empleados sobre mi situación y ella dijo que tenía que pagar por el asiento adicional o dejar el instrumento o encontrar otra manera de ir! Ella dijo: ""Bueno, entonces, nunca vuele con Ryanair. "" Ninguna comunicación. Dije que no necesitaba un asiento. Cabe en la cabina. Después de que pagué, pregunté de nuevo y ella dijo que pusiera el violín en la cabina (no se necesita asiento). Podrían hacerlo mejor, pero no lo hacen. Estoy decepcionado con su comportamiento. Sucede con el equipaje o los instrumentos, pero nunca he oído hablar o experimentado falta de respeto."
RYR_0647,Ryanair,Desconocido,Malaga,Las Palmas de Gran Canaria,Domestic,noviembre de 2024,1,"“Ryanair cobra 30 €/persona por el check-in en el aeropuerto, lo oculta en los términos y condiciones, da emails falsos para bloquear reclamaciones, abre la puerta 1:30 h antes para presionar y amenaza con llamar a la policía si protestas. Una mafia.”"
RYR_0648,Ryanair,"Mildenhall, Reino Unido",London,Lisbon,Europe,noviembre de 2024,1,"Este fue un servicio absolutamente repugnante. En primer lugar, no solo se retrasaron casi una hora y tuvimos que esperar en las escaleras a saber Dios cuánto tiempo, sino que los asientos que mi familia y yo pagamos, que eran PRIORITARIOS, así como asientos elegidos, se cambiaron por completo y todos nos separamos el uno del otro. Tenemos un bebé de 8 meses del que todos compartíamos la responsabilidad, pero por supuesto, eso no fue posible y lo hizo muy difícil para la mamá. Estoy absolutamente horrorizado por cada persona en este equipo y exijo un reembolso completo para mi familia. Esto es asqueroso y nunca recomendaré esta horrible aerolínea a nadie que conozca."
RYR_0649,Ryanair,Desconocido,Marrakech,Barcelona,International,noviembre de 2024,1,"La peor compañía, me hicieron pagar 90 euros (ya habiendo pagado para poder llevar equipaje de mano)porque el equipaje era superior a las medidas según dijieron, a pesar que ya me habían dado el billete para embarcar y había volado con la misma compañía y la misma maleta a la ida, y en múltiples ocasions. Cuando me queje y dije que quería poner una reclamación me amenazaron con llamar a la policía y no dejarme volar."
RYR_0650,Ryanair,Desconocido,Florence,Prague,Europe,octubre de 2024,1,E-S-T-A-F-A. Sin duda la peor compañia de la historia. Te intentan sacar dinero de cualquier lado. Nunca mas si hay otras opciones.
RYR_0651,Ryanair,Desconocido,Norwich,Alicante,Europe,noviembre de 2024,4,"Gratamente sorprendido. Ryanair nunca voló y criticó sus políticas mercenarias, que resultaron útiles para el desarrollo de los aeropuertos, donde nos dieron un pase. Llegué listo para una disputa o dos. Norwich es un pequeño aeropuerto. La seguridad inexperta estaba bajo presión y luego se cargó en una cabina que me tenía pensando en la escena de la ducha en la lista de Schindlers e igual de oscuro y frío. Sin embargo, el vuelo fue bueno. Excelente tripulación no los gruñones habituales, pero conocían sus trabajos y se sentían seguros. Los asientos son incómodos después de una hora, pero fue una experiencia más agradable que el easyJet 2 semanas antes con los gruñones mencionados a Luton. Los usaré de nuevo. Gracias."
RYR_0652,Ryanair,Desconocido,Dublin,Prague,Europe,noviembre de 2024,5,"Tuvimos que usar Ryan Air como parte de un paquete que reservamos a Praga, shock - horror para mi sorpresa fue un gran viaje todo llegó a tiempo y todas las personas con las que morimos eran geniales único problema sería el espacio en la zona de estar, pero a 6 pies y 2 pulgadas no creo que haya mucho que puedan hacer."
RYR_0653,Ryanair,"Stoke-on-Trent, Reino Unido",Manchester,Vienna,Europe,julio de 2024,3,"Volé en Ryanair cuando viajaba de Manchester a Viena y luego volví una semana después durante mi visita a Austria en julio (y he volado con él un par de veces cuando era más joven). Diría que era conveniente para mí, pero el servicio no era perfecto, ya que los asientos del avión no eran los más cómodos en los que me he sentado (estaba bien para los vuelos cortos sin embargo) , las opciones de comida caliente en el avión se agotaron y me pareció que las bolsas de cabina pequeñas para la cosa de abordar rápido un poco raro. Otro problema fue que mis dos vuelos se retrasaron, con un retraso de 3 horas de mi vuelo a Viena y un retraso de casi 1 hora al regresar a Manchester. Sin embargo, algunos aspectos positivos fueron que era conveniente como se mencionó anteriormente, el personal era relativamente amable y servicial y los aviones estaban relativamente limpios / bien mantenido. En general, mis experiencias recientes con Ryanair no fueron geniales, pero tampoco terribles."
RYR_0654,Ryanair,Desconocido,London,Krakow,Europe,noviembre de 2024,1,"Reservar un vuelo con Ryanair ya era una apuesta, pero esta experiencia lo ha consolidado como una de las peores decisiones que he tomado. El 16 de noviembre, reservé un vuelo para mi esposa de Stansted a Cracovia, junto con un billete de autobús OPEN de ida y vuelta con National Express. He reservado viajes similares innumerables veces sin problemas, hasta que Ryanair decidió arruinarlo todo. Ryanair envió a National Express los detalles equivocados para el viaje de regreso, reservándolo para el mismo día en lugar de un boleto ABIERTO según mi reserva. National Express confirmó que esto fue culpa de Ryanair, y recibí la misma confirmación de Ryanair cuando me puse en contacto con ellos. Sin embargo, Ryanair se lavó las manos con el tema, diciéndome que contactara a National Express, quien, como era de esperar, se negó a ayudar. Según ellos, Ryanair cometió el error, y no fueron responsables de errores de terceros. Ahora tengo que desembolsar dinero adicional para comprar un nuevo billete de vuelta para mi esposa, porque Ryanair, a pesar de tener la culpa, se niega a hacer nada al respecto. Su sistema de reembolso es una broma — no hay manera de solicitar un reembolso por este tipo de error. Cuando exigí una resolución, me encontré con el mismo consejo inútil de ""contactar directamente con la aerolínea"", a pesar de que National Express ya ha dejado claro que no pueden ayudar. La absoluta incompetencia y falta de rendición de cuentas de Ryanair son asombrosas. No solo arruinaron nuestros planes de viaje, sino que su servicio al cliente es una vergüenza. Buscaré un reembolso a través de cualquier medio necesario, pero en cuanto a confiar en Ryanair con cualquier reserva futura, absolutamente no. Preferiría pagar extra por cualquier otro servicio de línea aérea o autocar que realmente sepa hacer negocios. Nunca más."
RYR_0655,Ryanair,"Coleford, Reino Unido",Bristol,Tenerife,Europe,noviembre de 2024,2,"Apat de ser retenido en el stand a su llegada por algún idiota siendo arrestado el vuelo estaba bien, sin embargo en el viaje de regreso el reposabrazos del pasajero frente a nosotros se cayó, el mayordomo dijo que le diría al capitán! ¿Qué iba a hacer? ¡Sal con su bolsa de herramientas y arréglala! Mi esposa y yo pedimos una baguette de tocino, cuando llegaron la de ella estaba bien, abrió la mía para encontrarla completamente vacía. Llamó al mayordomo que pasó 2 o 3 minutos decidiendo qué hacer, finalmente dijo que conseguiría otro, 15 minutos después, nada. Presione el botón de llamada solo para que el administrador lo apague cuando pase. Esto sucedió otras 3 veces. Finalmente llegó después de más de una hora. El personal no parecía haber recibido ningún tipo de formación de clientes. Pasé la mayor parte del tiempo en la parte de atrás charlando... Basura."
RYR_0656,Ryanair,Desconocido,Rome,Seville,Europe,noviembre de 2024,2,"Aunque ya habíamos hecho anteriormente la tarjeta de embarque, nos encontramos en el aeropuerto de Roma con que teníamos que hacer la facturación a través del móvil, bajarte una app que no funcionaba y provocó un lío tremendo entre los pasajeros, pésima la atención del personal incluso entendiendo que tienen que estar un poco quemados."
RYR_0657,Ryanair,Desconocido,Vienna,Seville,Europe,noviembre de 2024,1,"Sois nefastos, el trato es asqueroso, me han obligado a pagar mi equipaje de mano y entraba en el hueco de verificación. Es de verguenza o pagas 60 euros o no vuelas"
RYR_0658,Ryanair,Desconocido,Alicante,Hamburg,Europe,noviembre de 2024,1,"La peor compañía del mundo ,por 5 minutos me dejaron sin poder volar ,Por favor no vuelen con esta compañía es de lo peor que hay"
RYR_0659,Ryanair,Desconocido,Edinburgh,Rome,Europe,noviembre de 2024,1,"Hace poco reservé dos billetes de avión junto con Ryanair, y me decepcionó mucho su servicio. Parece que han encontrado una nueva forma de ganar dinero separando pasajeros intencionalmente, incluso cuando se reserva en la misma reserva, a menos que pagues un extra por elegir tus asientos. ¡Es como reservar una mesa en un restaurante y luego que te digan que no pueden sentarse juntos a menos que paguen extra! Esto es completamente injusto y se siente como una táctica deliberada para extraer más dinero de los clientes. La experiencia general carecía de respeto básico por los pasajeros. No hay un sentido de atención o satisfacción del cliente. Nunca volveré a reservar con Ryanair, y recomiendo encarecidamente a otros que eviten esta aerolínea. No tienen responsabilidad ni consideración por sus clientes. Honestamente, esta aerolínea debería reconsiderar cómo tratan a las personas — o cerrar por completo."
RYR_0660,Ryanair,"Baguio, Filipinas",Krakow,Prague,Europe,noviembre de 2024,1,"Ryanair es una estafa que te invita con sus precios más bajos pero te ordeña en cada paso del camino imponiendo comisiones con sus reglas no estándar. Fue absolutamente ridículo pagar por 1.848 Zolty polacos por no facturar -en línea- un acto que se usa mayormente por conveniencia pero Ryanair lo hace OBLIGATORIO. Pero no termina ahí, otra tarifa fue impuesta por sus requerimientos de maleta de cabina pequeña. MUCHO más pequeñas que todas las otras aerolíneas que no son estafas, por lo que se nos dijo que paguemos 2 016 Zolty polacos adicionales. En el lapso de unas semanas, abordamos 4 aerolíneas, y no hemos tenido ningún problema ni siquiera en las aerolíneas económicas de nuestro país de origen. Viajamos de 4 a 5 veces al año y NUNCA he sido tan irrespetuoso por el personal. Sí, podemos pagar los honorarios pero maldita sea Ryanair por este nivel de mierda que haces. Nunca más reservaremos vuelos adicionales con usted. no RESERVE DESDE ESTA AEROLÍNEA. ES UNA ESTAFA, SIMPLE Y LLANAMENTE"
RYR_0661,Ryanair,Desconocido,East Midlands,Alicante,Europe,noviembre de 2024,1,"Cuando solicité asistencia especial, el servicio al cliente me dijo que tendría que pagar por estar discapacitado y necesitar un asiento en el pasillo. Se supone que la discriminación hacia las personas discapacitadas está prohibida en el Reino Unido, pero una vez más, Ryanair cree que están por encima de la ley una vez más."
RYR_0662,Ryanair,"Holmfirth, Reino Unido",Manchester,Lanzarote,Europe,noviembre de 2024,1,"En el momento de escribir esta crítica estoy actualmente sentado en la pista disfrutando de un retraso de 2 horas en el aeropuerto de Manchester, así que pensé que también podría utilizar mi tiempo sabiamente. Estoy viajando como parte de un grupo de 4 personas que han pagado extra por el abordaje rápido y prioritario # desperdicio de dinero # servicio terrible. En primer lugar nos retuvieron antes de abordar en una escalera fría y con corriente. Finalmente fuimos liberados en la lluvia torrencial para abordar el vuelo solo para ser mantenidos en la parte inferior de los escalones en la lluvia torrencial mencionada anteriormente durante otros 10 minutos antes de que se nos permitiera abordar (los beneficios de la vía rápida y el abordaje prioritario) la tripulación parecía encontrarlo bastante divertido. Nos sentamos en nuestra ropa mojada en remojo para ser informados rápidamente de un retraso de 2 horas debido a las condiciones climáticas. De nuevo la tripulación parecía estar disfrutando de la situación (¿tal vez reciben un pago de horas extras? ). Mal comienzo de un servicio Ryan Air normalmente promedio. Actualizaré con los resultados finales de mi hasta ahora decepcionante Viaje."
RYR_0663,Ryanair,Desconocido,Alicante,London,Europe,noviembre de 2024,1,"El personal de Alicantie cuando abordamos el avión fue tan grosero, que teníamos equipaje de mano con el que volamos, el equipaje era de menos de 10 kg y se ajustaba al tamaño correcto, pero me dijeron en el camino a casa que tenía que pagar £ 120 euros para subir al avión con él a pesar de que encajaba nunca más volando con estos muppets"
RYR_0664,Ryanair,Desconocido,Dublin,Madrid,Europe,noviembre de 2024,1,"Las azafatas de la puerta de embarque dejaron pasar a todos los pasajeros con sus mochilas de mano hasta llegar a nosotras. De muy malas formas nos hicieron medir nuestras mochilas cuando delante de nosotras había pasado todo el mundo con el mismo modelo. Nos dijeron, sin adaptarse a nuestro idioma, que hasta que la mochila no entrase perfecta en el medidor, no podríamos pasar. Una vez conseguido con toda la ropa encima, nos hicieron ponernos hasta el plumas de invierno y las bufandas que todo el mundo pasaba en la mano. La peor experiencia con la compañía."
RYR_0665,Ryanair,Desconocido,Exeter,Alicante,Europe,noviembre de 2024,1,"Nuestro vuelo fue cancelado y nos dijeron que volviéramos a reservar u obtener un reembolso, volvimos a reservar a un aeropuerto diferente que era un viaje de dos horas más largo que nuestro aeropuerto original, además tuvimos que reorganizar los traslados en Alicante más el transporte al aeropuerto , solo para descubrir más tarde ese mismo día fue un error, llamadas telefónicas para pedir que el vuelo original se reinstaurara pero todo lo que obtuvimos fue un mensaje automatizado, además de no alegría de los correos electrónicos, nos dimos cuenta de que era nuestro número de teléfono que se conectaba a nuestro vuelo, así que usamos otro número de teléfono que no reconocían bajo y he aquí alguien respondió en 5 segundos explicó situación y pidió que se reinstalaran en nuestro vuelo original esto se hizo de inmediato y se confirmó por correo electrónico , esta es nuestra primera vez volando con Ryanair y la última pero diría el señor que resolvió esto era bueno, parece que tienes que pensar fuera de la caja con esta aerolínea si viajas con ellos por si acaso alguien más tiene un problema usa un número de teléfono que no conocen y podrían simplemente responder"
RYR_0666,Ryanair,Desconocido,Dublin,Paris,Europe,agosto de 2024,1,"No vuele con Ryanair si es posible. Tienen un equipaje muy depredador y tarifas de verificación que no incluyen en sus precios anunciados. Podrías pensar que estás ahorrando algo de dinero, pero luego tienes que pagar 30 extra por una bolsa de mano. Y luego en la puerta te dicen que tu maleta es demasiado grande (¡A pesar de medir con antelación para asegurarte de que no lo era! ) y cobran 60 extra por no haber diferencia funcional en el embarque. Además de esto, a menudo llegan tarde, se retrasan o cambian de puerta con poco aviso o explicación. Su personal hace lo mejor que puede, pero las prácticas comerciales en general son deficientes y generalmente no terminan ahorrándote dinero. Ahórrate el trabajo y el dolor de cabeza y vuela con literalmente cualquier otra persona."
RYR_0667,Ryanair,Desconocido,London,Helsinki,Europe,noviembre de 2024,1,"Escribiré una crítica negativa todos los días si tengo que hacerlo hasta que resuelvan lo que me hicieron. Me dijeron que mi vuelo fue cancelado, tuve que reservar nuevos vuelos a un costo aumentado solo para que me dijeran que era un error de administrador y mi vuelo nunca fue cancelado. 9 . Tardaron 5 horas en darse cuenta del ""error administrativo"" en el que había reservado nuevos vuelos, nuevos viajes al aeropuerto y nuevo hotel. Todas las cuales Ryanair se niega a compensar. Pasó 5 horas en su chat en línea, el único número de teléfono que tienen le da un mensaje automatizado y luego cuelga. Desgraciado."
RYR_0668,Ryanair,Desconocido,Dublin,Bristol,Europe,noviembre de 2024,1,"No hay atención al cliente y personal grosero. Entienda que paga por vuelos baratos, pero el estándar de servicio fue más allá de un nivel inaceptable. Estuvo volando con ellos durante los últimos 2 años, pero los últimos dos vuelos fueron geniales y estresantes. Vuelos cancelados y sin reemplazo y a nadie le importa. Cargos extra por cada pieza pequeña, equipaje 41 cm en lugar de 40 , cobrado extra 60 eur. Consejo - volar con aerolíneas alternativas. Después de todo extra será el mismo, pero diferente nivel de servicio y atención."
RYR_0669,Ryanair,"Harrogate, Reino Unido",Funchal,Manchester,Europe,noviembre de 2024,1,"Recibí un correo electrónico sobre mi vuelo cancelado, pero me estaban ofreciendo reembolsos, así que procedí con el formulario de solicitud de reembolso, solo para averiguar que no puedo enviar el formulario, ya que me estaban solicitando un número de vuelo, que obviamente no tenía ya que mi vuelo ya no existía, así que no pude enviar mi solicitud. Mientras tanto tuve que reservar otro vuelo, y reorganizar nuestras reservas de hotel, etc., para luego recibir un correo electrónico por la tarde que, cometieron un error y el vuelo en realidad no se cancela. Así que aunque ahora tenía un número de vuelo no podía solicitar un reembolso ya que los vuelos se restablecieron. Me puse en contacto con el servicio al cliente y básicamente me dijeron que no se dan reembolsos a pesar de que cometieron un error. Escribí una queja formal al servicio de atención al cliente, donde en su correo electrónico de respuesta ni siquiera podían dirigirse a mí con mi nombre, solo me llamó ‘estimado cliente’ y solo diciendo perdón por el error, pero no me reembolsaron. Piensan que solo porque restablecieron los vuelos, resolvieron todos los problemas, pero cometieron un gran error al enviar los correos electrónicos de cancelación, por lo que estoy bastante seguro de que está en nuestro derecho de los consumidores recibir una compensación por todo esto. , por lo que me pondré en contacto con el defensor del pueblo para resolver este problema. Cualquiera que lea esto con un tema similar, le recomiendo encarecidamente que haga lo mismo!"
RYR_0670,Ryanair,Desconocido,Rhodes,London,Europe,abril de 2024,1,"Esta no es una aerolínea low cost, había tantos cargos extras a la llegada al aeropuerto. El avión estaba sucio y apretado... Nunca más. Este viaje fue horrendo... Al llegar a casa después de enviar un correo electrónico a la oficina central nunca recibí una respuesta... Cambian los horarios de los vuelos que nunca he tenido antes. El personal estaba estresado y cansado y no podía molestarse en ayudar a nadie. . . ¡La peor experiencia de la historia!"
RYR_0671,Ryanair,"Málaga, España",Ibiza,Malaga,Domestic,noviembre de 2024,1,"Tienen un servicio de atención al cliente nefasto, me quejo de que tiene una empleada que deberían de dar clases de educación, empatía y saber atender correctamente, porque les escribí para decirle que de vez en cuando no siempre que viajamos y dicho por ellos si saco un prioritario y otro no,nos ponemos en la fila del prioritario porque ellos siempre así me lo han indicado y el jueves 14 en el vuelo de ida Ibiza-Malaga la empleada me dice que ese mismo día hizo un curso que le indicaron que ya cada uno a su fila, además con unos modales que deberia de estar en otro puesto de trabajo no ahí de cara al público. Bueno pues me contestan que no tengo derecho a reclamar el importe del bolso ya que existen una medidas, !!pero si a mí no me cobraron nada !! ya que yo llevaba una maleta y un bolso que entra en la prioridad y podría llevar otro pero no fue el caso. En fin que son torpes no lo siguiente no leen ni siquiera porque estás quejandote"
RYR_0672,Ryanair,Desconocido,Valletta,Sofia,Europe,noviembre de 2024,1,"¡Terrible! El nos cobró dos veces por llevar - en el equipaje, aunque estábamos en las medidas correctas. El avión estaba lleno de gente con maletas más grandes que la nuestra, obviamente no en medidas. Obviamente fue a propósito cumplir algunos objetivos para el mes. Esta práctica es injusta y repugnante. Obviamente no para 1 hora de calle, ya que he rojo otros comentarios sobre el mismo asunto."
RYR_0673,Ryanair,Desconocido,Alicante,Memmingen,Europe,noviembre de 2024,1,"Una vergüenza lo de esta compañia, llevaba una mochila con SOLO un portatil, y otra mochila con equipo fotográfico como equipaje de mano, ambas mochilas JUNTAS no superaban las medidas dadas por la compañia NI DE CERCA, aun así pregunté al facturar mi maleta grande si tendría algun problema, me aseguraron que NO, que al ser equipo delicado y encima de ese pequeño tamaño, aun siendo dos vultos, no tenia porque pagar nada extra, pues al llegar a la puerta de embarque, YA SIN NINGUNA OPCION de meter una de las mochilas en la maleta (por algo pregunte al facturarla), me niegan el acceso a menos que pagara 50 EURAZOS, por no hablar del trato deplorable de las tres sinvergüenzas de la puerta, diciendo que ""las palabras se las lleva el viento"", y que si no me callaba (obviamente, me estaba quejando al explicar la situacion y lo que me habian dicho al facturar) que sino me callaba, me quedaba en tierra. Pongo una reclamación, y no solo me responden que no tengo derecho a reclamación, sino que ni si quiera tienen la decencia de disculparse por decirme cada cual una cosa diferente, ni por las faltas de respeto de esas señoras, UNA VERGÜENZA, en la vida me ha pasado algo asi, y no es que haya viajado poco precisamente, SINVERGÜENZAS"
RYR_0674,Ryanair,Desconocido,Palma de Mallorca,Marseille,Europe,agosto de 2024,1,"Tuve una experiencia absolutamente horrible con Ryanair y desaconsejo encarecidamente volar con ellos. Pagué por mi equipaje cuando compré los boletos, pero cuando llegué al aeropuerto, me volvieron a cobrar por el mismo equipaje. Cuando cuestioné esto, me dijeron que pagara en el aeropuerto y que podía contactar al servicio al cliente para un reembolso. Seguí sus instrucciones, pero ¿adivina qué? ¡Nunca se emitió ningún reembolso! Ryanair es una estafa. Tomaron mi dinero dos veces y se negaron a resolver el problema. Terrible servicio al cliente y prácticas deshonestas. Nunca volveré a volar con ellos, y recomiendo a todos evitar esta aerolínea a toda costa."
RYR_0675,Ryanair,Desconocido,Palma de Mallorca,Madrid,Domestic,noviembre de 2024,1,No es justo reservar unos pasajes de palma de mallorca pagados con mucha antelacion y al llegar el dia de facturacion cobrarte 62 mas por no hacer check in antes
RYR_0676,Ryanair,"Condado de Dublín, Irlanda",Dublin,London,Europe,noviembre de 2024,1,"He viajado con Ryanair durante los últimos 20 años, pero mi experiencia reciente fue terrible. El personal del internado no solo fue descuidado y grosero, sino que también parecía decidido a hacer sufrir a mi familia y a mis padres ancianos. A pesar de llegar a la puerta 30 minutos antes de abordar con mis padres ancianos y tres niños pequeños, la fila estaba parada. Cuando mi hija necesitaba usar el baño, mi esposa se la llevó, y durante ese tiempo, mis padres lograron abordar el avión. Sin embargo, cuando regresaron, el agente de la puerta se negó a dejarnos abordar, permitiendo que otros detrás de nosotros siguieran adelante. Suplicamos durante 10 minutos, explicando que nuestros hijos pequeños y padres ancianos, que ya habían abordado, no podían regresar a casa sin nosotros. El agente ignoró nuestras súplicas y estaba dispuesto a abordar a mis padres, pero no nos permitió abordar el avión. Estaba claro que habían reservado el vuelo y tomado nuestros siete asientos, mostrando una completa falta de consideración por nuestra situación. Además, el comportamiento del personal no sólo es poco profesional, sino también discriminatorio y racista. No mostraron empatía o comprensión por nuestra situación, tratándonos con flagrante desprecio. La falta de comunicación y transparencia es escandalosa, ya que no dan explicaciones de sus acciones y parecen indiferentes a la angustia que causan. Esta experiencia fue tan inaceptable que nunca volveré a viajar con Ryanair. El comportamiento del personal fue vergonzoso, y desaconsejo encarecidamente el uso de Ryanair. El trato que reciben los pasajeros, especialmente los que tienen hijos pequeños y padres ancianos, es totalmente inaceptable."
RYR_0677,Ryanair,Desconocido,London,Marrakech,International,noviembre de 2024,1,"Entrada ref: DQMQHQ Vuelo: 03 / 11 / 2024 Equipo de manipulación azul incompetente (TED 5069 ) Me cobraron 75 libras por pensar que no era un billete prioritario, una vez que tomaron el pago del equipaje y nos dijeron que nos cobrarían un cheque - en precio nos hicieron caminar con él. ERA UN EQUIPAJE DE CABINA DE 10 KG. Empleados incompetentes, ni siquiera responden adecuadamente a las quejas y la cierran, esto es una estafa de una empresa. Cuando les haces una pregunta, su respuesta es ""no sé"""
RYR_0678,Ryanair,Desconocido,Copenhagen,Manchester,Europe,noviembre de 2024,1,"Ryanair está tan equivocada por lo que le hicieron a mis padres visitantes esta noche. Rechazaron que mis padres volvieran al Reino Unido con las mismas maletas con las que volaron y cuando intentaron pagar las maletas, rechazaron la única moneda internacional que mis padres llevaban consigo (dólares) y los dejaron varados en el aeropuerto de Copenhague. Mis padres solo estaban de visita."
RYR_0679,Ryanair,Desconocido,Athens,London,Europe,noviembre de 2024,1,"Realmente decepcionado por el vuelo de hoy y el servicio en Ryanair - se debatió entre ellos y otra aerolínea, por razones de ahorro, pero chico estaba equivocado. Tuve que pagar 60 euros para facturar un equipaje de mano que estaba un poco por encima de la dimensión máxima permitida para Prioridad (que ya había comprado). Después me dieron una etiqueta de equipaje para colocarla manualmente en el equipaje de mano (aparentemente el personal estaba demasiado ocupado tratando con esto) y me pidieron que se la entregara a los representantes que cargaron equipaje en el avión, excepto que no había ningún representante; solo un controlador Skyserv debajo del avión. En última instancia, traje mi maleta a bordo, y se adaptó muy bien a pesar de la dificultad temprana - de esto, puede extraer libremente sus conclusiones sobre la política de la aerolínea. El servicio a bordo tampoco estaba a la altura de los estándares - era mucho más fácil tomar el pago con tarjeta que seguir los procedimientos con respecto a las bebidas (caras) que me sirvieron. Al menos mi vuelo llegó a tiempo (aunque con un retraso de 20 minutos al comienzo) y el espacio para las piernas era decente, pero esto no alivió la mala experiencia que tuve a bordo. Hablando con calma pero conscientemente, evite usar Ryanair a menos que no haya otra manera de llegar a su destino."
RYR_0680,Ryanair,Desconocido,Seville,Barcelona,Domestic,noviembre de 2024,1,"Una auténtica vergüenza. Venden más billetes que plazas hay en los aviones de manera que si haces el check y otros han sido más rápidos que tu, te quedas en tierra. Cuando llegué al mostrador para embarcar me dijeron que no tenía asiento. Unos sinvergüenzas"
RYR_0681,Ryanair,"Limassol, Chipre",Paphos,Sofia,Europe,noviembre de 2024,1,Peor compañía. Cosas más groseras. Me hizo pagar 60 euros por un bolso pequeño con documentos. Nunca consideraré esta aerolínea para viajes futuros.
RYR_0682,Ryanair,Desconocido,Athens,London,Europe,noviembre de 2024,1,"Sí, una aerolínea económica, pero nos trataron como animales. Estábamos esperando en interminables señales, de pie, sin información sobre el retraso de la carga (de nuevo). Tuvimos que caminar durante horas a través del aeropuerto, los asientos del avión eran demasiado estrechos, opciones limitadas para comer o beber, no hay ayuda del personal al abordar, retrasos, retrasos, retrasos... No, no volveré a viajar con esta aerolínea."
RYR_0683,Ryanair,Desconocido,Brussels,Manchester,Europe,octubre de 2024,1,"Primer y último vuelo en el Ryanair MAX. Quería evitar estos aviones trampa, pero el Sr. O'Leary los disfraza llamándolos 737-8-200 en toda la literatura. Los asientos fueron los peores que he sufrido en ninguna aerolínea. NO hay relleno en la base del asiento, por lo que puede sentir la estructura dura por debajo. Lo mismo con el respaldo - una barra horizontal sólida en el medio se siente a través de los pequeños trozos de así - llamado relleno. Lo peor es el reposacabezas: el acolchado tiene menos profundidad que el plástico duro circundante. Así que tu cabeza está en contra de eso NO del relleno. ¡Hubiera sido más cómodo pararse en el vuelo!"
RYR_0684,Ryanair,"Oxford, Reino Unido",Porto,London,Europe,noviembre de 2024,1,"Atrapado por las reglas de equipaje. Mi espalda medía unos 2 mm más de altura para caber en su dispositivo de control de equipaje en la puerta. 1 . Pero las reglas del billete muestran claramente que la restricción de altura no incluye las ruedas. 2 . Allí, docenas y docenas de bolsas de pasajeros incumplían claramente la regla de los 20 cm de ancho, que Ryanair estaba ignorando. Solo están aplicando la regla de las 2 dimensiones, no la de las tres. Trato incoherente de los pasajeros. Y reglas contradictorias en sus boletos impresos. Odio viajar con Raynair. Prefiero EasyJet."
RYR_0685,Ryanair,Desconocido,Barcelona,Palma de Mallorca,Domestic,noviembre de 2024,1,"Debe ser muy infeliz la Sra. que está a cargo de facturar, con mas de 40 min de tiempo, vuelo retrasado 15 min.y con un bebé de dos años y tiempo perdido en la fila, porque es para todos los vuelos la misma fila, me dice con sonrisa que el vuelo ya está cerrado... será mi culpa de ser tan pava y comprar en Ryanair mis tickets? Pues sí, que dependa del control de una sola persona que te amargue la vida, perder tiempo y dinero. ? Aún intento hacer mi checking en el vuelo de retorno, pegada a la página, que está diseñada con el despropósito para cobrar por todo. Lo juro.. NUNCA MAS!!!!!!!!"
RYR_0686,Ryanair,"Sunderland, Reino Unido",Alicante,Newcastle upon Tyne,Europe,noviembre de 2024,5,Perdí mi bolso de viaje en el aeropuerto de Alicante (perdido o robado) (que tenía ciertas otras cosas en). Lo informé a seguridad pero no recibí ayuda. Cuando me subí al avión tan lejos en el vuelo estaban haciendo las bebidas y aperitivos. Amelia me preguntó si quería algo. Le dije que solo quería un trago de agua y le mostré el mensaje que estaba teniendo con mi BFF antes de abordar. Dijo que estaba bien y lo arregló para mí. Gracias u amelia u son absolutamente estrella y merecen un ascenso o aumento de sueldo (o ambos). Fuiste más allá. Ella es un crédito para la compañía Ryanair y merece ser reconocida por lo que hizo. Mi vuelo era de unas 11. 20 h del 12 de noviembre de 2024 .
RYR_0687,Ryanair,Desconocido,Budapest,Seville,Europe,noviembre de 2024,5,"Realizé el trayecto Budapest-Sevilla (FR9894) el dia 5/11/2024, debía estar en la estación de Santa Justa a las 10:10 para tomar u tren y sólo dispondría de menos de 30 mnts para trasladarme debido a un retraso de 45 mnts en la salida. Se lo hago saber a la sobrecargo la cual me permite cambiar el asiento a la primera fila para salir cuanto antes del avión, un auxiliar de vuelo (Juan Antonio) está muy pendiente de ir informándome de los tiempos y cuando llegamos a Sevilla me informa de la salida del autobús shuttle. También me encuentro a una persona de pista que me espera y me facilita el acceso al aeropuerto de una forma directa, seguro que también fue gestión del personal de vuelo. Consigo llegar justo a tiempo a la estación de tren gracias a la excelente ayuda y disposición del personal de cabina a los cuales agradezco de corazón y felicito a Ryanair por tener a estas maravillosas personal en la compañia."
RYR_0688,Ryanair,"Dudley, Reino Unido",East Midlands,Valletta,Europe,septiembre de 2024,1,"Viajó a Malta. Nuestro equipaje permaneció en el Reino Unido. Llegó más tarde esa semana. Todo el vuelo se vio afectado. No teníamos equipaje de mano. Compramos artículos de tocador básicos y un par de días de ropa. No éramos codiciosos. Encontramos una tienda similar a primark y comprada en el riel de venta. Guardamos todos los recibos y rellenamos los formularios de reclamación apropiados y el formulario de equipaje perdido en el aeropuerto. 2 meses después. Múltiples correos electrónicos y todavía nada de Ryanair. Las reclamaciones se resuelven normalmente en 15 días. Hoy logramos contactar con ellos una vez más. Ahora además de formularios, recibos y todos los datos bancarios relevantes quieren un montón de información sobre la empresa con la que reservamos. No teníamos esto a mano así que nos cortaron. Parecen hacer las cosas mucho más difíciles de lo necesario. Las tácticas de demora combinadas con semanas sin respuesta es ridículo. Horrible servicio al cliente. Nunca más usaré esta compañía. Esta fue una ocasión especial de vacaciones para nosotros. Arruinado por esta ineptitud de las empresas."
RYR_0689,Ryanair,"Nueva York, Estado de Nueva York",Birmingham,Barcelona,Europe,noviembre de 2024,1,"Absolutamente repugnante comportamiento del personal de Birmingham hoy. Cobraban a los pasajeros de edad avanzada 75 libras por las maletas que cabían en el compartimento superior y cuando un hombre trató de ayudarlos y les dijo 'no deberías tener que pagar por esto', lo hicieron ir al final de la cola y no le permitieron abordar el avión. También llamaron a la policía, aunque el tipo estaba muy tranquilo todo el tiempo. Parecía que disfrutaban tener el poder de decir que no y no les gustaba que usara su libertad de expresión. Realmente sorprendido por su comportamiento mezquino. Deberían ser despedidos por un terrible servicio al cliente y perder tiempo policial."
RYR_0690,Ryanair,Desconocido,Amsterdam,Dublin,Europe,noviembre de 2024,1,"Solo un aviso de que al conectarse a Ryan Air, debe recoger su tarjeta de embarque en el mostrador de boletos FUERA de la aduana (lo que lleva mucho tiempo) , esperar en la línea del mostrador de boletos de Ryan Air (lo que lleva una eternidad) , y luego volver a través de la seguridad. No te informan de esto antes de comprar el boleto y debido a esto, perdí mi vuelo y tuve que comprar otro boleto de $200. No hacen excepciones. Sé que United Airlines da una ventana de 4 horas si besas tu vuelo por cualquier razón, y te volverá a reservar en el próximo vuelo disponible. Y el hecho de que no puedas obtener una tarjeta de embarque en tu teléfono o en la puerta de embarque en esta época se siente un poco viscoso, como si estuvieran tratando de ganar un dólar extra. Hecho para un comienzo frustrante y decepcionante de mi viaje."
RYR_0691,Ryanair,Desconocido,Wroclaw,Bournemouth,Europe,noviembre de 2024,1,"Qué broma son los empleados, asquerosos petulantes también, aman las preocupaciones y luchas de la gente decepcionada por lo que he observado. ¿Por qué tenemos que pagar por exceso de equipaje cuando otros tamaños en otros países están bien? Me cobraron £ 72 por equipaje de cabina de gran tamaño, sin embargo, mi equipaje tenía las medidas necesarias. ¿Por qué el stand de medida cambiado y carente de pared frontal? ¿Es porque no podemos empujarlo hacia abajo para mantenerlo intacto y demostrar que teníamos el tamaño correcto, pero sin la maleta de pared se cae. Tenga en cuenta que al viajar desde Cracovia, Cracovia, había muchas personas que tenían que pagar mucho dinero antes de este vuelo. He usado el mismo equipaje durante años. Volé este viaje de ida y vuelta a Breslavia y otros países europeos y nada. ¿Qué pasa, dónde está el respeto y la humanidad? Muy decepcionado con el enfoque de polos y siendo uno me alegré de dejarlo. Horrible experiencia. Espero que Ryanair entrene a su personal joven, tonto y sin experiencia y Ryanair lo hará. Revisa esta política. Mantén contentos a tus clientes (pero bueno, incluso los administradores no se sienten escuchados por sus propios jefes como me dijeron). Haré una reclamación."
RYR_0692,Ryanair,Desconocido,Alicante,Vitoria-Gasteiz,Domestic,noviembre de 2024,5,"todo fabuloso,tripulación estupenda,llegada puntual aunque salida con retraso,recogida de maletas muy rápida ,perfecto"
RYR_0693,Ryanair,Desconocido,Barcelona,Valletta,Europe,noviembre de 2024,1,"Son muy groseros el supervisor llamó Alicia ella es tan grosera que está gritando mientras estaba en el error y teníamos razón, ella estaba gritando como una tragedia pasó"
RYR_0694,Ryanair,Desconocido,Copenhagen,Prague,Europe,noviembre de 2024,1,Asqueroso con tu aerolínea. Te deseo bancarrota pronto. Asqueroso con tu aerolínea. Te deseo bancarrota pronto. Nunca más volaré contigo. Asqueroso con su servicio.
RYR_0695,Ryanair,Desconocido,Ibiza,Alicante,Domestic,noviembre de 2024,1,"Tarifas ocultas, parecía extorsión. Tan molesto por la forma en que cuelan estos honorarios. Deberían ser procesados. Mi marido y yo volamos a Ibiza desde Alicante durante un largo fin de semana. En el trayecto hicimos el check-in online pero no nos dieron tarjeta de embarque porque tenemos una tarjeta de “familia numerosa” que nos dio un descuento de 2 euros y que tuvo que ser facturada en el mostrador. Nos dijeron que tendremos que ir al mostrador en el camino de vuelta también, así que no nos registramos en línea. llegamos más de 2 horas antes y esperamos 30 minutos para obtener ayuda, momento en el que nos dijeron que teníamos que pagar 2. 6 veces el precio de nuestro billete porque no hicimos el check in online, antes de llegar al mostrador. Pedimos una gerente para quejarse y básicamente se rió de nosotros y dijo que estaba en la letra pequeña del boleto. Nunca he volado con una aerolínea que trate a la gente tan mal. No se los recomendaría a nadie."
RYR_0696,Ryanair,Desconocido,Amman,Madrid,International,octubre de 2024,1,"En la semana siguiente al ataque con misiles iraní contra Israel, Ryanair canceló mi vuelo desde Ammán, Jordania con aproximadamente 24 horas de aviso debido a ""razones comerciales. "" El correo electrónico de cancelación prometió ayuda con el reencaminamiento. Como Ryanair canceló todos los vuelos desde la ciudad hasta el mes siguiente, la asistencia al cliente me aconsejó reservar otro vuelo y luego presentar una reclamación de reembolso de gastos en virtud de la UE 261. Los precios de los boletos habían aumentado más de 3 veces debido a la baja oferta, así que compré el boleto comparable más barato y presenté la reclamación. El especialista de la EU 261 que más tarde se puso en contacto conmigo rechazó un reembolso y declaró que el espacio aéreo jordano estaba restringido en el momento de la cancelación del vuelo. Esta justificación era una mentira. El espacio aéreo jordano estaba abierto a la hora prevista del vuelo y abierto el día en que se canceló. Escalé la reclamación y alrededor de un mes después, Ryanair aún no ha emitido el reembolso o contra-ofrecer un reembolso. Creo que es patético que si Ryanair cancela vuelos cuando se considera que son financieramente riesgosos, se nieguen a reembolsar gastos (a pesar de la publicidad que deben hacer en virtud de la legislación de la UE) y esperen embolsarse la tarifa original del billete. Ryanair me costó alrededor de 700€. Habría sido más barato para mí viajar con una aerolínea más cara pero confiable. No volveré a volar con ellos."
RYR_0697,Ryanair,"Carmel, California",London,Dublin,Europe,octubre de 2024,1,"Lo peor, que es decir algo. Esta aerolínea está tan arruinada que venden boletos en pleno vuelo. No hay bolsillos en los asientos, así que supongo que no tienen que pasar tiempo limpiando los bolsillos. En nuestro vuelo de regreso de Dublín a Stansted, el avión aún no había llegado, así que nos empujaron a todos a un hueco de escalera para despejar el área de la puerta. La temperatura subía y subía mientras ancianos con bastones y andadores intentaban averiguar cómo navegar la situación. Es la peor aerolínea de la historia."
RYR_0698,Ryanair,"Londres, Reino Unido",Edinburgh,London,Domestic,noviembre de 2024,1,COMPAÑÍA ABSOLUTAMENTE REPUGNANTE. Se produce un error y la reserva se realiza incorrectamente. Su aplicación no funciona y no puedo cambiar la reserva dentro de las 24 horas posteriores a la reserva. Contacta con ellos y te están pidiendo £ 93 para aplicar un cambio. Reserva con una aerolínea real y hazte un favor. PD: un cambio de nombre cuesta 115 libras! Cambiar 7 letras en el sistema cuesta más de 2 vuelos! Ladrones absolutos. Me aseguraré de agregar una reseña negativa en todos los demás sitios posibles. Estoy impresionado de que tengan 1. 3 *s. Eso es un hito para una empresa como esta.
RYR_0699,Ryanair,Desconocido,Krakow,Catania,Europe,noviembre de 2024,1,La azafata insistió en que mi pequeña riñonera que tiene mis pasaportes tenía que ir yo. Es más pequeño que una camiseta. Ella dijo que tenía que tener mis pasaportes ya que no quería que estuvieran desatendidos. Completamente grosero pedazo de basura miserable. No es de extrañar que la reputación de esta compañía esté hecha trizas. Sin cerebro y sin sentido común.
RYR_0700,Ryanair,Desconocido,Düsseldorf,Zadar,Europe,septiembre de 2024,1,"Se fue de vacaciones a Croacia. El vuelo estaba programado alrededor del 23 ; 15 Lamentablemente el vuelo fue cancelado como 30 minutos antes de la salida. Necesidad de proporcionar costos adicionales para volver a casa y al día siguiente de regreso al aeropuerto para un nuevo vuelo. Totalmente roto de la noche. Después de todo, he solicitado una reclamación por correo, porque el sistema no funcionó como debería. Después de unas semanas RyanAir me dijo que no hay derecho a obtener una reclamación o recibir algo por los costos adicionales. Muy decepcionado de la forma en que dio el servicio. ¡Sin recomendación!"
RYR_0701,Ryanair,Desconocido,Madrid,Brussels,Europe,noviembre de 2024,1,El servicio es pésimo. Nunca he visto gente tan maleducada. No creo que les exijan ninguna formación ya que no es necesario para lo que hacen.
RYR_0702,Ryanair,Desconocido,Rome,Malaga,Europe,noviembre de 2024,2,"El vuelo en sí, bien, la atención, muy mal. En primer lugar, la información de seguridad no la dieron en español, cuando todo los viajeros éramos españoles y era un vuelo a España, tan sólo dieron una información en español, y fue la venta de una lotería, lo demás todo en italiano e inglés, es decir, priorizan la venta de la lotería antes que la seguridad de los viajeros.Las azafatas, también me llamaron la atención, sobre todo una pelirroja, muy antipática, y esta misma, a la hora de salir, cuando su deber es despedir a los viajeros, se puso en un rincón a whatsear ( la primera vez que veo eso) . En definitiva, no me ha gustado nada la atención al cliente, sobre todo lo de la información de seguridad, INCREIBLE, que prioricen la venta de una lotería, antes que la seguridad de los pasajeros"
RYR_0703,Ryanair,Desconocido,Birmingham,Lodz,Europe,noviembre de 2024,1,"Horrible experiencia con un servicio desagradable y arrogante en el check in. Están obligando a las personas a apretar sus maletas en el portamaletas, incluso si tienen el tamaño correcto de las bolsas, por ejemplo, carritos prioritarios. Están siendo muy estrictos sobre 1/2 cm de medidas, lo que te hace volver a empacar, incluso si los carros se han comprado de las marcas dedicadas a este rey de los viajes. Además de que son muy groseros y tratan a los pasajeros como “cosas” lanzando órdenes hacia ellos como humanos de peor categoría. Esto es ridículo e inaceptable. Recomendaría evitar esta aerolínea cuando sea posible."
RYR_0704,Ryanair,Desconocido,Madrid,London,Europe,noviembre de 2024,1,"En primer lugar, el cheque - en línea estaba mal organizado. Nos movieron 3 veces, y la gente que ya había estado en la fila muy temprano estaba casi al final de la fila. Segundo, la persona que me ayudó fue muy grosera, grosera y carente de empatía, e insinuó que no tenía los documentos necesarios para viajar, cuando les entregué todo lo que pude. Tercero, por su mala actitud, le hice entender que trabaja en servicio al cliente en una aerolínea y que debe saber al menos los requisitos básicos que necesita el país, y por lo tanto, tomó una actitud aún más grosera, haciendo que casi pierda mi vuelo. Estuve en el aeropuerto con mi hija desde las 2 am, mi hija estaba cansada, llorando y molesta, y nos estaba haciendo pasar un mal rato."
RYR_0705,Ryanair,Desconocido,Dublin,London,Europe,noviembre de 2024,1,Los asientos más incómodos. El personal es miserable. Ni siquiera es barato con la adición de tonterías. Hazte un favor y selecciona cualquier otra aerolínea.
RYR_0706,Ryanair,"Parana, Argentina",Denpasar,Prague,International,octubre de 2024,1,Pésimo. UNA ESTAFA. NOS COBRARON UNA MULTA DE 110 EU. Por no haber hecho un che kin cuando durante 1 día se les cayó la página y No lo pudimos hacer. No entiendo como siguen autorizados para volar estos delincuentes
RYR_0707,Ryanair,"Palma de Mallorca, España",Barcelona,Palma de Mallorca,Domestic,noviembre de 2024,1,"Solo lo recomiendo cuando encuentras alguna oferta buena como fue en este caso ,pero si no prefiero ir en otras compañias ya que muchas veces te ponen oferta Ryanair y le sumas las maletas,etc e,etc y sale mas caro o igual. Solo he viajado 10 veces con Ryanair ,de los cuales este es mi resultado: 2 veces salio en hora y 8 veces salio con retraso ,de los cuales tres fueron mas de tres horas de retraso y lo reclame a una agencia de reclamaciones y me imdennizaron. De esas veces con retraso hoy dia 10/11/2024 es otro dia de esos (por 20 minutos no pido reclamacion). Luego me he encontrado personal algo antipatico y que no informan,les comento porque el retraso y no me dicen nada No lo recomiendo al menos que sea superoferta ,sino evitarlo"
RYR_0708,Ryanair,"Frankfurt, Alemania",Dublin,Cluj-Napoca,Europe,noviembre de 2024,1,"Estuve retenida con mi esposo por más de 30 minutos en el medio porque nos vendieron un asiento que no estaba en el avión. Pagué cerca de 50 euros por asientos y prioridad por las maletas... para los dos. Así que no es nada barato. Un asiento que no existe. También no querían ofrecer otros asientos y también se quejaron de mi mochila (tenía solo la mochila, pero mi billete estaba incluyendo un carrito también) es una pesadilla. No puedo esperar a que aparezca otra compañía más confiable en el mercado. Ryanair es peor todos los días. ( y no .. no era tan barato tampoco .. Pagué más de 500 euros por dos billetes con casi 3 semanas antes del vuelo) mal servicio al cliente, codicioso y mala compañía."
RYR_0709,Ryanair,Desconocido,Milan,Paris,Europe,noviembre de 2024,1,"Ryanair hace todo lo posible para ser peor en su segmento de negocio. Empleados del aeropuerto grosero y lento, vuelo retrasado por 1 . 5 h, el avión está completamente sucio por dentro, estoy sentado alrededor de la basura en el suelo."
RYR_0710,Ryanair,Desconocido,Sarajevo,Memmingen,Europe,noviembre de 2024,1,"Estoy absolutamente consternado por la falta de profesionalidad y cuidado mostrado por Ryanair en mi reciente viaje familiar ( 8. 11. y segundo intento el 9. 11 . ) de Sarajevo a Memmingen. Durante dos días consecutivos, Ryanair canceló sus vuelos sin ofrecer ninguna opción de viaje alternativa. Se quedaron varados en el aeropuerto de Sarajevo desde primera hora de la mañana hasta última hora de la noche del día siguiente sin apoyo ni servicios básicos como comida y agua. Ningún otro vuelo se vio afectado por la supuesta niebla, sin embargo Ryanair utilizó repetidamente esto como excusa, mientras que los pasajeros, incluidos los niños pequeños, esperaron sin cesar sin tanto disculparse. La aerolínea no mostró empatía, ni rendición de cuentas, ni ciertamente compromiso con el bienestar de los pasajeros. Muchos de los pasajeros faltaron al trabajo, tuvieron importantes compromisos retrasados y ahora no tienen una forma viable de llegar a su destino. Insto a cualquiera que considere Ryanair a pensarlo dos veces: esta compañía claramente prioriza las ganancias sobre las personas, y los pasajeros quedan solos para lidiar con las consecuencias. Inaceptable"
RYR_0711,Ryanair,Desconocido,Dublin,Newcastle upon Tyne,Europe,noviembre de 2024,5,"Voló Ryan Air por primera vez de Newcastle a Dublín y luego de regreso. Después de escuchar historias de terror sobre la aerolínea no estaba seguro de cómo iba a ir. Los vuelos eran baratos, los vuelos eran puntuales sin demoras. Todo alrededor de buena experiencia."
RYR_0712,Ryanair,"Bruselas, Bélgica",Marrakech,Brussels,International,noviembre de 2024,1,"Muy, muy desagradable experiencia. Todo el check-in en las salas y el personal está ahí para faltar al respeto a la inteligencia del viajero al no mostrar ningún sentido común o ningún valor cuando se les ocurren excusas estúpidas para cobrar otros 40 € por nada."
RYR_0713,Ryanair,Desconocido,London,Bucharest,Europe,noviembre de 2024,1,"El personal del internado es muy grosero, grita y habla sucio. Variar Mala, mala, mala experiencia. Asientos de avión incómodos , muy poco espacio."
RYR_0714,Ryanair,Desconocido,Sarajevo,Memmingen,Europe,noviembre de 2024,1,"Nuestro vuelo fue el viernes a las 08:00: 00 de la mañana, el vuelo se retrasó a las 11: 30 debido a la ""niebla"", entonces a 12 : 15 , luego a 17 : 25 , donde nos dicen que vayamos a las 17 : 30 , a pesar de que saben que la niebla es aún peor entonces. Cuando llegamos, nos enviaron de nuevo a casa porque el avión ""no puede aterrizar"". Nuestro nuevo vuelo es el sábado a las 11: 30 , de nuevo hay pasajeros esperando para volver a casa, con niños, discapacitados. . Actualmente son 13 : 36 y seguimos esperando que aterrice el avión, siguen moviendo nuestro vuelo y haciéndonos quedar como idiotas. Nunca más con esta compañía. ."
RYR_0715,Ryanair,Desconocido,Naples,Budapest,Europe,noviembre de 2024,1,"No pude hacer el check-in online antes de mi vuelo debido a problemas en el sitio web. Después de intentarlo varias veces y llamar sin éxito, me presenté en el aeropuerto 1 : 40 horas antes del vuelo. Me cobraron una tarifa de 55 euros incluso después de explicar que había intentado registrarme antes en línea y llamar, pero no pude. Después de solicitar un reembolso, ya que no fue mi culpa que no pudiera hacer el check-in antes del aeropuerto me dijeron que ningún reembolso era posible porque es política de la compañía. He volado muchas veces con otras aerolíneas y nunca me han cobrado cargos por check-in en el aeropuerto. Estas tarifas son tácticas depredadoras que intentan exprimir cada centavo de los clientes."
RYR_0716,Ryanair,Desconocido,Manchester,Malaga,Europe,octubre de 2024,4,"El avión ofrecía amplio espacio para las piernas, las azafatas eran corteses y el piloto era excepcional. Tuve un gran vuelo"
RYR_0717,Ryanair,Desconocido,Valencia,Santiago de Compostela,International,noviembre de 2024,1,"Cuidado con las maletas, te cobran por todo, a mí la maleta por 5 cm me han cobrado 50 €, ir con mucho cuidado no tienen hojas de reclamación tampoco todo es por la web"
RYR_0718,Ryanair,Desconocido,Krakow,London,Europe,noviembre de 2024,1,"Nunca más. Esta aerolínea realiza múltiples estafas con el fin de robar dinero a sus pasajeros. Principalmente sobre los costos de equipaje, así como ofrecer tarjetas de rasguño de todo a los pasajeros. Equipo de tierra grosero que pensó que era una buena idea menospreciar y luego gritar a los clientes frente a otros pasajeros. Cualquiera que lea esto, hágase un favor y tome WhizzAir en su lugar. Mucho mejor servicio, cuesta menos y no te estafarán."
RYR_0719,Ryanair,Desconocido,Cardiff,Dublin,Europe,noviembre de 2024,1,"El peor de todos. Incluso si intentas comprobar online, pero no puedes, te harán pagar 55 euros por persona en el check in. Estoy demasiado enojado para escribir mortero esta vez. Perdieron un cliente. Que se vayan al infierno."
RYR_0720,Ryanair,Desconocido,Milan,Birmingham,Europe,noviembre de 2024,1,"Voló desde Milán Bérgamo. Algunos de los miembros de la tripulación son terriblemente groseros, necesitan un curso de capacitación para tener este trabajo de servicio público al cliente. Volé durante más de 20 años y nunca conocí a ningún miembro de la tripulación como él habla con los pasajeros. Compartí mi experiencia con otro pasajero después de la llegada, desafortunadamente, dijo que tenía la misma sensación de ser tratado sin respeto. No volveré a volar con Raynair; no quiero ser tratado como un criminal. En esta recesión económica global, sus competidores se esfuerzan por proporcionar un servicio de calidad para mantener la participación de marketing, y esto rara vez - visto individuo ha hecho un daño masivo a su marca."
RYR_0721,Ryanair,Desconocido,Madrid,Las Palmas de Gran Canaria,Domestic,noviembre de 2024,1,"Cuando vueles con ryanair mejor que no sea por algún motivo obligatorio, como por ejemplo acudir a tu puesto de trabajo o tener un vuelo con conexión, porque siempre llegarás con retraso a tu destino o sino sufrirás por overbooking!! Es una vergüenza la compañía aérea."
RYR_0722,Ryanair,"Haan, Alemania",Bonn,Bologna,Europe,noviembre de 2024,5,"Como siempre, recibí todo lo que reservé y un vuelo barato que llegó a tiempo. Registrarse en mi maleta también fue rápido y fácil. Con todo, volvería a volar con Ryanair."
RYR_0723,Ryanair,Desconocido,Rome,Athens,Europe,noviembre de 2024,1,No reserve un vuelo con Ryanair. Me obligaron a revisar mi pequeño equipaje de mano con mi laptop en él. Mi laptop está completamente rota y era nueva. No puedo hacer que se encienda. Y vi a la mujer tirarlo. No me llamarán ni me ofrecerán un reembolso.
RYR_0724,Ryanair,Desconocido,Barcelona,Manchester,Europe,noviembre de 2024,1,"Los retrasos pueden ocurrir por casualidad, pero la incompetencia es evitable. Comunicación atroz, a menudo completamente incorrecta y luego evitar cualquier responsabilidad. NUNCA MÁS"
RYR_0725,Ryanair,Desconocido,Bristol,Las Palmas de Gran Canaria,Europe,noviembre de 2024,1,"La verdad que muy pésimo el compromiso con los pasajeros por falta de atención y de cuidado, ya que anticiparon la salida sin esperar a todos los pasajeros del vuelo, increíble, no recomiendo para nada esta empresa."
RYR_0726,Ryanair,Desconocido,Prague,Budapest,Europe,noviembre de 2024,1,"Ryanair es la peor aerolínea en la que he estado. Obtienes lo que pagas... excepto cuando te detienen en la fila para registrar tu equipaje y cobrarte $100 extra. Ya pagué extra para llevar un equipaje de mano (mi bolso se ajusta a la medida requerida). Horrible servicio desde el aeropuerto de Praga. El empleado fue grosero y no quiso escuchar mis preguntas. Los asientos son extremadamente pequeños. Mi mochila apenas cabía debajo del asiento. Después de poner mi maleta en el almacén de arriba, la azafata me hizo moverla de nuevo hacia abajo, obligándome a llevar mi botella de agua en mi regazo durante todo el vuelo. No hay salidas. En realidad, había intentado preguntarle a la azafata sobre los puntos de venta, pero ella me ignoró y se alejó. Nos hicieron tomar una lanzadera para llegar al aeropuerto, pero fue tan ineficiente que me quedé atascado esperando afuera en el frío durante otros 15 minutos. Tenga en cuenta que esto NO vale el precio “barato”."
RYR_0727,Ryanair,Desconocido,Seville,Santiago de Compostela,Domestic,octubre de 2024,1,Al embarcar la azafata nos comenta que vayamos con ella a medir el equipaje de mano. Por muy poco la mochila no entra en el cajón y no de muy buenas maneras la azafata nos comenta que tenemos que facturar la maleta ( 50 euros). Nos quejamos y le comentamos que con la misma mochila habíamos viajado hacia un mes y no habíamos tenido problema y en otro vuelo a paris en junio tampoco. Para nada te dan otra solución y además la chica fue una maleducada
RYR_0728,Ryanair,Desconocido,Porto,Madrid,Europe,noviembre de 2024,1,"1 . Horrible chequeo de pólizas. Si no facturas online tienes que pagar 55 euros para facturar en el aeropuerto y eso ni siquiera te garantiza que puedas conseguir un asiento en el avión y despegar. Venden en exceso cada vuelo en un 10% de asientos extra. Si facturas en el aeropuerto, tendrás que abordar el último avión, con la esperanza de que alguien a quien ya le vendieron tu asiento pierda el vuelo. No puedo confiar en su servicio, teniendo otros vuelos de conexión después de Ryan Air. 2 . Su UX e IU en tu sitio web está claramente engañando a la gente y diseñado de una manera que las personas casi se ven obligadas a comprar cosas adicionales que no necesitarán. Si compras boletos a través de RyanAir asegúrate de tener mucho cuidado. Hacen que los botones upsell sean extra grandes, brillantes y en tu cara, y saltan botones extra pequeños. Es tan molesto, se siente como si estuvieras tratando con un chico que está tratando de engañarte en la calle cada segundo, y necesitas estar más concentrado. 3 . Sus paquetes Prioritarios y opciones de equipaje también son tan engañosos. Especialmente si vuelas 2 personas. 4 . Sé que es una aerolínea económica, y vuelo mucho con otras aerolíneas. Pero los asientos son horribles, ni siquiera tienen un bolsillo delante para mantener tu teléfono y los asientos son súper incómodos"
RYR_0729,Ryanair,"Londres, Reino Unido",Manchester,Marrakech,International,octubre de 2024,3,"Lo que pagas es lo que obtienes - ¡simple aerolínea sin lujos!... ¡los asientos ni siquiera tienen bolsillos! El personal no era particularmente atento / amable, pero tampoco grosero."
RYR_0730,Ryanair,"Madrid, España",Madrid,Palma de Mallorca,Domestic,agosto de 2024,1,"Si hay algo peor que ""pésimo"", eso es esta empresa... Su símbolo debería ser un reloj roto... Y además, cuando fallan, que es Siempre, ni piden disculpas ni nada que se le parezca. Lo más fuerte fue lo siguiente: En ese trayecto Madrid-Palma en agosto de 2024, se iban a cumplir las tres horas de retraso, con lo que tendríamos derecho a indemnización. Pues debieron de dar un ""mensajito"" al piloto para que hiciese todo lo posible por llegar antes de que se cumpliese dicho período de tiempo. Así fue, llegamos tres minutos antes de las 3 horas, pero a costa de ir sobradamente ""embalados"". Hasta el ruido percibido en la cabina de pasajeros era perceptiblemente mayor de lo normal (y he viajado mucho en avión como para poder hacer comparaciones), así como el aterrizaje, por llamarlo de alguna manera, fue más bien como si hubiesen tirado una piedra desde lo alto. Por supuesto todo adornado con el silencio por disculpa. Unos caraduras. Después de cuatro viajes con ellos llegando notablemente tarde, este que comento fue el último, decidí y así ha sido, no volver a volar JAMAS con estos jetas, aunque tenga que pagar algo más por los billetes."
RYR_0731,Ryanair,Desconocido,Madrid,Ibiza,Domestic,noviembre de 2024,2,"Después de haber cogido 3 vuelos con Ryanair y no haber tenido ningún problema con las medidas de la maleta en cabina, en el ultimo vuelo ya destino a casa nos toca con una azafata llamada Esther con muy poca educación que ni si quiera mira a la cara cuando te está hablando y de muy malos modos nos dice que la maleta no tiene las medidas, y nos hace pagar 70€. Los empleados que están con las tarjetas de embarque se han quedado asombrados y los trabajadores que nos han bajado la maleta a la bodega igual. Y para más rabia el vuelo iba vacío. Por un mal día de la azafata la cual vuelvo a repetir con muy poca educación y muy malos modos el regalito de vuelta a casa fueron 70€."
RYR_0732,Ryanair,Desconocido,Manchester,Paris,Europe,septiembre de 2024,1,Compañía chambólica. Nunca más volaré con ellos. Los estafadores roban dinero a los clientes. Atención al cliente inexistente. Es mejor evitarlo.
RYR_0733,Ryanair,Desconocido,Budapest,Tirana,Europe,noviembre de 2024,1,"Terrible actitud de los asistentes en el aeropuerto de Berlín y terribles reglas sobre el registro de entrada. Haces lo que dice en línea, pero al final no sales en el aire. Tuve que comprar un billete nuevo en otra compañía y se perdió todo el día siguiente. Evite esta compañía si puede."
RYR_0734,Ryanair,Desconocido,Prague,Malaga,Europe,noviembre de 2024,1,"Son unos sinvergüenzas. Dejando a parte el retraso de 45 minutos sin dar explicaciones, en el aeropuerto había uno de los trabajadores buscando maletas y las cogía y las pesaban y median y aún cumpliendo con su normativa nos han hecho pagar 90 euros para facturar. Había maletas más grandes y no lo han hecho con todos. Son unos estafadores y si puedo, jamás volveré a volar con ellos."
RYR_0735,Ryanair,Desconocido,Manchester,Katowice,Europe,septiembre de 2024,1,"¡Aléjese de esta aerolínea a toda costa! ¡Aléjese de esta aerolínea a toda costa! ¡Aléjese de esta aerolínea a toda costa! ¿Crees que estás ahorrando algunas libras en el billete? Tienen muchas reglas para recuperar el dinero. El tamaño de su equipaje de mano, el pasaporte propio o de sus hijos, harán que no sea posible facturar en línea, y luego cuando crea que puede facturar en el aeropuerto, un cargo de £ 50 por persona le está esperando. Cuando trates de hablar con el personal de la mesa. Necesitas contactar con el servicio al cliente, cuando intentas contactar con el servicio al cliente o te quejas, ¿crees que les importa un segundo? Si lo piensas, ¿cómo pueden sobrevivir con boletos baratos como ese? Tendrán que volver de alguna manera, sin mencionar que su jefe principal tenía un bono de € 100 millones."
RYR_0736,Ryanair,"Birmingham, Reino Unido",Manchester,Madrid,Europe,octubre de 2024,2,"Viajar desde Manchester estaba bien - auto-registro - en y no hay problema con mi equipaje de cabina de maridos, que encaja en el compartimento superior. De regreso, llegamos al aeropuerto de Madrid a las 12 de la noche para nuestros 2 . 30 pm vuelo - un montón de tiempo. Sin embargo, había varios mostradores para los pasajeros que iban a Manchester o Londres. Ninguno de ellos dijo qué vuelo, así que hicimos la cola más corta solo para que un agente gritara qué cola era para qué aeropuerto. La cola para Manchester era muy larga ya que solo había una persona revisando maletas. No pasamos hasta la 1. 45 pm. Como uso un bastón, fuimos rápidamente por el carril de asistencia por seguridad. En ese momento nuestro vuelo estaba supuestamente abordando. Una vez más, había una larga cola y a mi marido no se le permitió llevar su maleta de mano a bordo - estaba echando humo al tener que pagar 50 euros por el equipaje de bodega, que no tenía sentido ya que podría haber encajado en el compartimento superior. El vuelo salió mucho después de las 3 pm, como había anticipado dadas las largas colas y el mal servicio al cliente. Toda la experiencia fue muy estresante. Sufro de ansiedad y una semana después, no me he recuperado completamente de la horrible experiencia. Evitaré viajar con Ryanair en el futuro como resultado de esto."
RYR_0737,Ryanair,Desconocido,Barcelona,Milan,Europe,junio de 2024,1,"Esta aerolínea no tiene moral. Compré boletos con 6 meses de anticipación. Una semana después de la compra me enviaron un aviso de que el vuelo había sido cambiado. Tuvimos un 8: 30 am vuelo saliendo y lo cambiaron a 10 : 30 de la noche. Eso nos dejaría sin manera de llegar a nuestro destino, que requería 3 + horas de viaje en tren y un ferry. En el camino de vuelta nos movieron de llegar a las 3 : 30 pm a llegar después de medianoche. Tenemos un vuelo de regreso a los Estados Unidos a las 7:00: 30 am, así que básicamente tendríamos que quedarnos en el aeropuerto. Cuando me puse en contacto con ellos dijeron que las horas de vuelo aún no estaban confirmadas, así que no había nada que podíamos hacer hasta que nos confirmaran, lo que puede estar más cerca de nuestras fechas de viaje. Curiosamente, si voy a su sitio web, se me permite cambiar mis horarios de vuelo a mis horarios originales por una tarifa. Claro que eso no significa que vaya a tener esos tiempos. Básicamente toman tu dinero y luego te mantienen como rehén hasta tu fecha de viaje, lo que te deja sin tener idea de a qué hora del día volarás. Nunca más. En realidad contacté a mi compañía de tarjetas de crédito y ellos se encargaron de ello por mí. Nunca más me acercaré a esta aerolínea."
RYR_0738,Ryanair,"Londres, Reino Unido",Bonn,London,Europe,noviembre de 2024,1,"Normalmente viajo con una pequeña maleta de mano en todos mis vuelos, pero esta vez reservé con Ryanair, y me cobraron 60 euros por la maleta, aunque solo tenía una muda de ropa y un cepillo de dientes. El vuelo en sí era de solo 28 libras, pero con la tarifa de la maleta, terminé pagando alrededor de 90 libras por un viaje corto. El servicio fue terrible, con personal grosero y sin sentido de la atención al cliente. Ni siquiera ofrecieron agua durante el vuelo. Se sentía como una estafa total para un viaje tan corto."
RYR_0739,Ryanair,Desconocido,Santiago de Compostela,Valencia,International,noviembre de 2024,1,Lamentable que los vuelos a Valencia estén a más de 200€ en plena crisis por la DANA... No hay nada más rastrero que aprovecharse de algo así.
RYR_0740,Ryanair,"Mons-en-Baroeul, Francia",Madrid,Milan,Europe,noviembre de 2024,1,"Cogí un billete para mi hijo, con opción de equipaje de mano por 3 veces el precio del billete. es decir, 100 euros. Al embarcar, mi hijo de 17 años tuvo que volver a pagar 50 euros. Motivo: el equipaje de mano debería haberse puesto... en la bodega. lo cual es deplorable: la comunicación es muy confusa. Entonces, el personal claramente apunta a su víctima. No tienen tiempo para controlar a todos y atacan a los jóvenes. este tipo de comportamiento es escandaloso. e imposible presentar una denuncia compañía a evitar!"
RYR_0741,Ryanair,Desconocido,Malaga,Manchester,Europe,octubre de 2024,1,". Vimos a pasajeros anteriores bajar del avión, antes de que abordáramos inmediatamente. Hubiera sido imposible realizar cualquier tipo de limpieza. El avión estaba sucio, la comida en el piso donde se espera que coloque su equipaje de mano, mesas sucias pegajosas. Todo el mundo tiene derecho a la limpieza incluso en una aerolínea económica."
RYR_0742,Ryanair,Desconocido,Birmingham,Lisbon,Europe,noviembre de 2024,1,"Terrible, vuelo cancelado y en ese momento todos los demás vuelos habían subido, originalmente se le dijo que pagarían por otro vuelo de otra aerolínea, luego la próxima vez dijo que no era posible y ni siquiera podía enviarme la transcripción del chat, me dieron el reembolso y me devolvieron menos de lo que pagué, servicio de bromas"
RYR_0743,Ryanair,Desconocido,Tenerife,Madrid,Domestic,noviembre de 2024,1,"Pésima aerolínea de vuelo, justo las 3 veces que he volado con ellos este año, siempre con retraso. Nunca pueden salir a su hora, y mínimo una hora de retraso. Evitaré volar con ellos desde ahora siempre que pueda."
RYR_0744,Ryanair,Desconocido,Manchester,Funchal,Europe,octubre de 2024,1,Qué horror. Simplemente no. ¡No! Realmente no Estos lotes te estafarán en la gota de un sombrero Nadie ahí para asumir la responsabilidad No
RYR_0745,Ryanair,"Clapham, Reino Unido",London,Zagreb,Europe,octubre de 2024,1,"Leí en algún lugar que se quedará conmigo para siempre. ""Los amigos no dejan volar a Ryanair"". Una declaración tan cierta. En resumen, llegué a la puerta mientras las juntas del aeropuerto decían ve a la puerta. Llegamos allí con 38 minutos de sobra y nos negaron el embarque. Me reservé un nuevo vuelo con BA y eso es todo. Espero que Ryanair vaya a la quiebra"
RYR_0746,Ryanair,Desconocido,Palermo,London,Europe,noviembre de 2024,1,"¡Absolutamente horrible! ¿Nadie trabaja en Ryanair tiene abuelos? Estuve en una cola de embarque durante 20 minutos con una pareja vieja y frágil frente a mí. Ambos tenían bastones, maletas pequeñas y estaban luchando muy claramente por mantenerse estables de pie durante tanto tiempo. Cuando nos dirigimos hacia el avión, tuvieron que bajar escaleras y luego subir algunas al avión. Ni UNA SOLA VEZ alguien que trabaja para Ryanair intervino y ofreció abordar temprano, saltarse las colas o ayudarlos con sus maletas. Desgraciado"
RYR_0747,Ryanair,Desconocido,East Midlands,Faro,Europe,noviembre de 2024,1,"No pude dar una crítica 0. Rip Rip de la aerolínea! Tuve que pagar £ 75 por bolsa x 2 debido al tamaño. La maleta encajaba en todas las plantillas de tamaño de la aerolínea en el aeropuerto. sin embargo, cuando fuimos a bordo, los tamaños de la maleta ryanair son mucho más pequeños! Definitivamente no es una aerolínea económica, te bajarán los pantalones en cualquier oportunidad. ¡ADVERTENCIA!"
RYR_0748,Ryanair,Desconocido,Ibiza,Barcelona,Domestic,octubre de 2024,1,Pesima gestión para hecer el p*** check-in. Nos cobra para tramitarlo onlinen y al final dice que no se puedes. El check-in más complicado de hacer. Espero que no nos cobren en el aeropuerto.
RYR_0749,Ryanair,Desconocido,London,Rome,Europe,octubre de 2024,1,"Servicio realmente terrible. Llegamos con una hora y diez minutos antes de que el vuelo debía volar, no se hizo ningún intento para acomodar a los pasajeros de última hora y aunque nos apresuramos lo más rápido que pudimos perdimos el vuelo por 2 minutos. Después recibimos información de al menos diez miembros diferentes del personal y un servicio muy grosero. Nos hemos prometido que nunca volveremos a volar con Ryanair. Puede parecer más barato, pero nos costó mucho más."
RYR_0750,Ryanair,"London, Canadá",Porto,Frankfurt,Europe,octubre de 2024,1,"La aplicación se averió y no me dejó registrarme; cuando llegué al aeropuerto, reconocieron que lo había intentado, pero aún así me cobraron $ 220 euros. No me importan los honorarios por una feria baja, pero si es tu culpa, arréglalo. Nunca más."
RYR_0751,Ryanair,"Carlisle, Reino Unido",London,Santorini,Europe,octubre de 2024,1,"Había reservado equipaje de mano. Era una maleta clasificada como equipaje de cabina, pero estos idiotas decidieron que no lo era. Me cobró £ 75, ya que supuestamente era demasiado grande, pero todavía tenía que seguir! ¡Cabe absolutamente bien en la taquilla superior, pero otros pasajeros que no cobraban nada adicional estaban luchando para obtener su equipaje en los estantes superiores! Mi vuelo costó menos que el maldito cargo extra. Si era demasiado grande, ¿por qué dejarme subirlo a bordo? Mis próximos vuelos con BA, entonces Emirates no tuvo problemas con mi equipaje de mano, así que lo dice todo, para obtener todo lo que puedan y una aerolínea codiciosa que no volveré a usar."
RYR_0752,Ryanair,Desconocido,Krakow,Manchester,Europe,noviembre de 2024,1,"Terrible, la puerta debía cerrarse a las 7: 05 ninguna información nada dijo a la puerta 15 para ser cambiado a 17 y 18 y llamada final a los pocos minutos del cambio a las 7. Pagado extra por espacio para las piernas, asientos normales deben ser hechos para personas de 2 pies de altura si esto es espacio extra para las piernas. Mido 5 pies 10. Incapaz de poner maletas en lo alto, incluso con un asiento pagado, nunca he estado en un vuelo tan terrible. Definitivamente trataría de conseguir un vuelo a donde quiera que vayas con alguien más, estos son inútiles, captadores de dinero, y probablemente desarrollarás TVP volando con estos."
RYR_0753,Ryanair,Desconocido,Vienna,London,Europe,noviembre de 2024,1,El servicio en la recepción fue un completo desastre y horrible. Son racistas y sin modales. No deberían estar en un mostrador del aeropuerto. ¡Estaba a punto de llamar a la policía de Viena por su abuso racial! Necesitan seriamente una formación completa para el comportamiento y el servicio al cliente.
RYR_0754,Ryanair,Desconocido,Dublin,Amsterdam,Europe,noviembre de 2024,1,"Terrible servicio al cliente, tan grosero, poco útil y poco profesional. Me hizo pagar prioridad y luego aún así no me dejó llevar mi maleta en el avión, 100 € por una maleta de 10 kg que ni siquiera podía traer en el avión, buscan cada pequeña cosa para ganar dinero. ¡Qué vergüenza!"
RYR_0755,Ryanair,Desconocido,London,Tallinn,Europe,noviembre de 2024,5,"Viajo muy a menudo en avión al menos 6 - 8 veces / año en los últimos 15 años, pero nunca tuve un aterrizaje tan suave. Nunca había experimentado esto antes, quiero felicitar al Capitán. En 1 calle noviembre 2024 a 16. 30 horas viajé con Ryanair de Londres Stansted a Tallin y disfruté del viaje especialmente del aterrizaje."
RYR_0756,Ryanair,Desconocido,Manchester,Lanzarote,Europe,octubre de 2024,5,"Volé de MAN - ACE el 28 / 10 / 24. El avión llegó a nuestra hora de salida, pero nos bajaron a todos y a nosotros rápido. Solo aterrizamos 10 minutos después de lo previsto. La tripulación era amable y siempre estaba a mano. Tengo alergia al cacahuete de la que informé a la tripulación al abordar. Hicieron un anuncio un par de veces para que el mensaje fuera claro y no sirvieran ningún chiflado. Volé ACE - MAN el 31/10/24. El avión que llegó tuvo un fallo técnico, lo que significa que tuvo que dar la vuelta a la isla y nos retrasamos. Sin embargo, el personal se comunicó bien. Salimos 1 hora 15 minutos después de lo previsto. Estaba extremadamente preocupado, pero la tripulación me tranquilizó y me explicó cómo era un avión diferente para que pudieran llevarnos a casa, el avión original podría haber tardado horas en arreglarse. La tripulación en el vuelo a casa era la tripulación más encantadora que he conocido, tan amable y hablador. Fueron absolutamente brillantes con mi alergia. En general, una experiencia brillante!"
RYR_0757,Ryanair,Desconocido,London,Warsaw,Europe,noviembre de 2024,1,"Llegué exactamente 1 hora y diez minutos antes de la hora de salida anunciada en un vuelo retrasado en el check-in de equipaje - en máquinas automatizadas y cuarenta minutos antes de la hora de salida original. Me cobraron £ 75 por una facturación tardía de equipaje a pesar de que el vuelo se retrasó. Ryanair es estresante. Recomiendo Wizz air a todos los clientes de Ryanair que lean esto que vuelan desde Luton directamente a Varsovia chopin. El check-in automatizado de equipaje de ryanair no funcionó y no escaneaba mi tarjeta de embarque. La máquina automática de bolsas no funcionó. Me dijeron que deberían haber abierto el check-in de equipaje - en mi caso manualmente porque el vuelo se retrasó y yo había llegado a tiempo al check-in automatizado para un vuelo retrasado, pero se negaron a abrir el check-in de equipaje."
RYR_0758,Ryanair,"Cardiff, Reino Unido",Liverpool,Alicante,Europe,octubre de 2024,1,"A pesar de que había un montón de asientos vacíos en el avión al hacer el check-in en línea, su asignador de asientos al azar eligió ponernos a mí y a mi esposa en extremos opuestos del avión. Son sólo una estafa para ganar dinero. No hay servicio al cliente y todo tipo de cabrones malvados."
RYR_0759,Ryanair,"Barcelona, España",Jerez De La Frontera,Barcelona,Domestic,octubre de 2024,1,"El día 30/10/24, teníamos vuelo de regreso a Barcelona a las 21:45. Estando en el hotel, a media tarde, recibimos una alerta roja de protección civil, en la que nos aconsejan no salir. Nos ponemos en contacto con la susodicha compañía y nos aseguran que el vuelo saldrá. Pasadas las 22:00 horas cancelan el vuelo, según el personal del aeropuerto, por falta de personal de la compañía. Un buen rato después, aparecen dos chicas de la compañía, ( parecían recién levantadas de la cama). Nos dicen que nos devolverán el importe y que nos busquemos la vida para volver a Barcelona. Viernes día 1, estamos en Sevilla esperando el vuelo de vuelta, ( con otra compañía, claro está) Vale la pena pagar un poco más y no volar con esta compañía de inútiles."
RYR_0760,Ryanair,Francia,Paris,Agadir,International,octubre de 2024,1,"Viajamos tantas veces con su compañía sin ninguna preocupación hasta ahora, pero nuestro último viaje con usted fue un desastre! No esperes vernos más en tus vuelos. 2 de nuestros 3 niños fueron registrados por error como adolescentes en su sistema y nos impidió proceder al check-in en línea. Tuvimos que llamar a su servicio de ayuda en línea (que lamentablemente estaba cerrado en ese momento). Por lo tanto, tuvimos que esperar hasta el día siguiente (el mismo día para nuestro vuelo btw) para hacerlo. ¡Y se necesitaron varias llamadas para corregirlo! Una vez corregido, todavía no fue posible completar nuestro check-in porque cuando ha llegado el momento de seleccionar nuestros asientos, no había posibilidad de tener a nuestros 2 hijos sentados cerca de nosotros (padres) incluso si hubiéramos tenido que pagar por ello. En la recepción del aeropuerto, nos han dicho que nos traslademos a la mesa de ayuda global donde Ryanair fue llamada para resolver la situación. Después, nos trasladamos de vuelta para comprobar - en el escritorio con 5 asientos casi cerca uno del otro. Pero en el último escritorio al abordar, nos han dicho que nuestros asientos ya estaban ocupados y que nuestros asientos fueron reemplazados de nuevo, repartidos en 5 filas diferentes por todo el avión. Esto es absolutamente inaceptable e incluso una violación de las normas de seguridad (viajábamos con 2 niños que tienen 2 y 8 años! ) ¡Este fue y será nuestro último viaje con Ryanair!"
RYR_0761,Ryanair,"Londres, Reino Unido",London,Genoa,Europe,octubre de 2024,1,"El personal realmente carece de actitud de servicio al cliente. Maleducado y antipático, falta de flexibilidad. Nos sentimos muy desagradables y ni siquiera es un presupuesto de las aerolíneas para ser honesto. Pagando por todos los check ins y equipajes ha sido los mismos precios que British Airways. Nunca sugeriré a nadie que tome estas aerolíneas. Yo mismo voy a ser vergonzoso incluso recomendarlo."
RYR_0762,Ryanair,"Attleborough, Reino Unido",London,Pisa,Europe,septiembre de 2024,2,"A la salida de Stansted estábamos confundidos sobre el procedimiento de facturación de nuestro propio equipaje y por eso tuvimos que preguntar. ¿Qué hay de malo en que la gente ayude con este proceso como en Pisa, en el camino de regreso? Después de pasar de esto a la experiencia, nuestro viaje de vuelta fue aún más frustrado. Se nos hizo sentir mal por los horribles humos del motor que eran aspirados al avión; encontré esta prueba bastante estresante, ya que no podía respirar aire limpio y no sabía cuánto tiempo duraría. Una experiencia muy traumática."
RYR_0763,Ryanair,Desconocido,Birmingham,Marrakech,International,octubre de 2024,1,"Mi amigo y yo reservamos unos días de distancia con en la playa y nuestros vuelos era con Ryanair. Bueno, nunca más volveré a volar con Ryanair, ¡fue un espectáculo de mierda! El personal en el vuelo desde Marrakech fue grosero, mala actitud y mirar a los clientes. El vuelo se retrasó sin comunicación a los pasajeros, la falta de espacio en el avión es súper incómoda. Volamos desde Marrakech el 25 de octubre a las 12 del mediodía, se retrasó. Se quedaron sin comida caliente, en vuelo. Honestamente era mi 1 calle y la última vez volaré con Ryanair."
RYR_0764,Ryanair,"Londres, Reino Unido",London,Alicante,Europe,octubre de 2024,1,"Recordé por qué no volé con Ryanair compañía grosera y con poco personal. Retrasos de ida y vuelta de Alicante... lo que puede pasarle a cualquier vuelo... Principalmente decepcionados con el hecho de que continuaron sirviendo alcohol a la escoria más asquerosa / ruidosa / sin educación en el avión, lo que hizo que todo el vuelo fuera completamente miserable para las 6 filas detrás y delante de ellos. Cuando le planteé el punto a un miembro del personal, me dijeron que personalmente no les servían alcohol, así que no había ninguna culpa .. manojo patético .. Comida... no me hagas empezar con eso..."
RYR_0765,Ryanair,Desconocido,Wroclaw,Shannon,Europe,octubre de 2024,1,"El servicio en la puerta era grosero y desorganizado, tratando a los pasajeros como ganado. El personal fue selectivo a la hora de facturar el equipaje de sus amigos, lo que creó una cola caótica, incluso con siete empleados de Ryanair presentes. Nunca he visto un espectáculo así ni he sido testigo de tantos clientes infelices. La próxima vez voy a grabar eso en video y publicarlo en Youtube. La única razón por la que estoy volando con esta aerolínea es debido a la falta de otras opciones. Si hay alguna otra aerolínea, por favor entre y permítanos volar con dignidad."
RYR_0766,Ryanair,"Manchester, Reino Unido",Manchester,Alicante,Europe,octubre de 2024,1,"Hola me gustaría decir que Ryanir son una empresa asquerosa que intentan dejar a las familias varadas en España, ya que me cobraron 50 euros para volar de vuelta a Manchester debido a que el tamaño malo es de 1 / 2 centímetros por encima, incluso yo podría aplastarlo juntos para que quepa. También manipulador de plomo de equipaje me arrancó el billete y todavía tenía equipaje debajo del asiento delantero que encaja perfectamente. Así que ni siquiera usaron la zona de maletas para meter mi bolso así que no consiguieron un servicio más rápido como se supone que tengo que hacer para la vía rápida, y no consiguieron suficiente espacio para las piernas como había pagado en 50 euros. También les pregunté a las dos chicas españolas no señoras si nos dejarían varados si me negaba a pagarlo y me dijeron que nos dejarían varados a mí y a mi hijo de 13 años. Además y el tamaño del equipaje de mano es 5 cm diferente al easyjet que volé a Alicante con lo que no tiene ningún sentido porque los asientos son exactamente del mismo tamaño. Solo otro sistema de estafa para ganar dinero que usan para estafar a todos de que son dinero. NUNCA MÁS VOLVERÉ A VOLAR CON ESTA HORRIBLE COMPAÑÍA , EN VUELOS PRECIOS 4 X EL PRECIO LATA DE COCA FUE DE £ 3 . 33 CUANDO ESTÉ EN TIENDA MÁXIMO £ 1. ESTAFADORES ESPAÑOLES TOTALES Y ABSOLUTOS, PIENSEN QUE TODOS NO DEBERÍAMOS VOLAR YA QUE LLEGAMOS TARDE VOLANDO POR 30 MINUTOS ASWEL . PARA QUE PUEDAN ROMPER LAS REGLAS Y ESTÁ BIEN LADRONAR DINERO DE LOS CLIENTES. ESPERO QUE EL PROPIETARIO SEPA QUE SU NEGOCIO SE VA A IR POR EL DESAGÜE. BOICOTEEN ESTAS TEIVAS PARA SIEMPRE!"
RYR_0767,Ryanair,Desconocido,Cork,London,Europe,octubre de 2024,1,"No es una gran experiencia en absoluto, por favor cambie la redacción de la franquicia de equipaje por prioridad! Indica 2 bolsas de cabina para clientes prioritarios! Pero este no es el caso, usted está en voz alta 1 maleta de mano y una pequeña maleta de mano, así que por favor cambie la redacción en su sitio web y dejarlo mucho más claro para los pasajeros! De lo contrario Ryanair le cambiará cualquier cosa por £ 50 - £ 100 lo que ellos quieran en el día!"
RYR_0768,Ryanair,Desconocido,Birmingham,Fuerteventura,Europe,octubre de 2024,1,"Ten en cuenta que si tienes que cambiar un vuelo con RYANAIR pagarás una tarifa por cada persona y trayecto por billete. Además, si sus nuevos boletos cambiados son menores que los anteriores, no recibirá ningún reembolso. PERO si los vuelos son más tu paga la diferencia. Aquí está el grande. Si tienes que cambiarlos de nuevo, entonces ellos usan el último precio que pagaste para hacer el saldo. Así que si tu primera entrada fue de 250 libras. Cambiaste entonces a un billete de £ 50 (sin reembolso). Luego los cambias a un billete de 90 libras, luego te cobran la diferencia. A pesar de que el dinero que ya han recibido de usted es considerablemente más que el nuevo billete. Es decir, el segundo billete cambiado a £ 90 realmente le costará más de £ 500. ¿Cómo puede ser esto éticamente correcto? Atención al cliente una pérdida de tiempo. Nunca puedo hablar con nadie. Luego bots estúpidos. ¿Entonces un bot de chat que dice su política y yo acepté? Nunca más volaré con Ryan Air."
RYR_0769,Ryanair,"Coventry, Reino Unido",Barcelona,Birmingham,Europe,octubre de 2024,1,Aerolínea barata y pobre con boletos que necesitas para comprar asientos / checkout rápido / en equipajes es básicamente basura no viajar con ellos a menos que quieras sorpresas desagradables 👎👎👎
RYR_0770,Ryanair,Desconocido,Copenhagen,Madrid,Europe,octubre de 2024,1,"Honestamente, solo tuve que escribir esta crítica para canalizar mi odio por Ryan Air en alguna parte. Minutos después de reservar mi vuelo de 110$ a Madrid, mi amigo In Madrid tuvo una emergencia personal, así que ya no había razón para que fuera a Madrid. Comprobé otros vuelos de Ryan Air y vi que podía ir a Roma por 20 dólares, que está cerca de mi familia. Le pregunté si podía cambiar el destino del aeropuerto a Roma por teléfono, y no solo no me darían la tarifa más baja, sino que querían cobrarme $ 50 extra por la tarifa de cambio! A pesar de que acababa de reservar minutos antes! Entiendo que tienes que dirigir un negocio y las aerolíneas económicas necesitan ganar dinero, pero esto es solo un desprecio flagrante por los clientes. Podrían vender fácilmente mi asiento a otra persona; reservé el vuelo un mes antes de la fecha de salida. La mayoría de las aerolíneas que son incluso semi-decentes tienen una política de cancelación de 24 horas. Es increíble que RyanAir sea tan terrible con sus clientes. Este no es mi único problema con la empresa. En todos mis vuelos pasados con la aerolínea, el avión ha sido terriblemente incómodo. Trato de no quejarme, pero estaba realmente dolorido durante el vuelo. En el futuro pagaré más para evitar Ryan Air. Si no fuera tan caro, ¡ojalá pudiera cancelar mis futuros vuelos que ya he reservado con RyanAir! Ningún negocio respetable jode a los clientes de su dinero!"
RYR_0771,Ryanair,Desconocido,Dublin,London,Europe,octubre de 2024,1,"LAS COSAS MÁS TERRIBLES. NUNCA MÁS CON RYANAIR. Tenía prioridad con una maleta de mano y la coloqué en la máquina y no aceptaron esa causa del diseño del equipaje. Todos los pasajeros intentaban ayudarme y decían que el equipaje se adapta perfectamente a las cosas, pero ni siquiera me escucharon y me pidieron que pagara 75 euros! ¡NUNCA MÁS CON ESTA COMPAÑÍA!"
RYR_0772,Ryanair,Desconocido,Manchester,Berlin,Europe,octubre de 2024,1,"Pagué por equipaje de mano adicional para ambos vuelos, en la puerta de embarque en el vuelo de ida tuve que pagar £ 60 para poner mi maleta de mano en la bodega ya que las ruedas eran de 1 cm como máximo sobre la línea de profundidad de 20 cm (he utilizado esta maleta varias veces como maleta de mano y nunca tuve un problema, así que me sorprendió mucho). La señora de la puerta me dio un recibo y dijo que si me pongo en contacto debería ser capaz de obtener el reembolso de mi costo adicional de la maleta de cabina como mi maleta entró en la bodega, desde entonces me he enterado de que esto era una mentira y mi maleta de cabina no será reembolsado. Como entonces me preocupaba que pasara lo mismo en mi vuelo de regreso pagué por el equipaje de bodega, luego me puse en contacto con Ryanair antes de mi vuelo para preguntar si podía reembolsar mi equipaje de mano adicional, ya que he cambiado para facturar mi equipaje en la bodega, me dijeron que no sería posible un reembolso. Al facturar mi maleta en el vuelo de regreso, la señora en el check in dijo que no necesitaba facturar la maleta, ya que ya tenía equipaje de mano prioritario y la maleta era adecuada para usar como maleta de mano, lo que indica que no me deberían haber cobrado extra en el vuelo de ida. Encuentro absolutamente ridículo que el potencial de cobrar entre 60 y 75 libras esterlinas en la puerta de embarque quede librado al azar o a cómo se sienta ese funcionario en particular ese día. Esto pone a SUS clientes en una falsa sensación de seguridad cuando no tienen problemas para usar una maleta de mano para múltiples otros vuelos y luego se les cobra al azar cuando el personal de la puerta de Ryanair lo desea. Son típicas payasadas baratas de aerolíneas a las que no estaré sujeto en el futuro. Prefiero pagar un poco más por una aerolínea y no tener que pagar cargos por estafa sin ninguna razón."
RYR_0773,Ryanair,Desconocido,Manchester,Barcelona,Europe,diciembre de 2023,2,"Lo peor de todo, lo siento, pero por qué había manchas por todos los asientos. Y no hay asientos de la pantalla son demasiado pequeños el servicio es mala comida y bebidas sobrepreciosas, las persianas se rompieron. La turbulencia fue horrible. Ryanair necesita trabajar en el interior"
RYR_0774,Ryanair,Desconocido,Liverpool,Alicante,Europe,octubre de 2024,5,"Solo quería mostrar gratitud, volé de Liverpool el 22 de octubre a Alicante y volé de vuelta de Alicante a Liverpool hoy 29 de octubre. Puedo decir que soy un piloto nervioso odio volar pero me encantan las vacaciones, cuando intentamos aterrizar en Alicante no pudimos debido a un problema en la pista, así que fuimos a tierra y el piloto de última hora tuvo que volver a subir, lo hizo increíble 🤩 Y volviendo a casa de Alicante tuvimos tormentas enormes me asusté tanto por completo temiendo la turbulencia con el trueno y el viento pero de nuevo el piloto lo hizo lo más suave posible, así que solo quiero decir muy bien hecho a los pilotos en esos días no puede culparlos en absoluto fueron brillantes"
RYR_0775,Ryanair,Desconocido,London,Thessaloniki,Europe,agosto de 2024,1,"Recuerdo los días que le rogaban a la gente que volara para completar los asientos, o que cancelara los vuelos para volar con un avión completo y creo que merecen un futuro peor y no mejor. Aléjate tantos como podamos para reducir sus precios y empezar a rogarnos de nuevo."
RYR_0776,Ryanair,Desconocido,Valletta,Athens,Europe,octubre de 2024,1,"Por mucho, la peor compañía aérea. Intencionadamente están bloqueando su solicitud y no permiten a los clientes hacer el check-in, para pagar sanciones de 55 euros por pasajero. Están extorsionando a los clientes con el dilema de ""o pagas la multa o no vuelas"". Cuando solicité el reembolso no hicieron nada y cuando les pedí que investigaran el caso varias veces y que levantaran un boleto a IT, varias veces lo rechazaron. Claramente estamos hablando de ladrones que intentan robar dinero de cualquier manera posible."
RYR_0777,Ryanair,Desconocido,Alicante,London,Europe,octubre de 2024,1,¡Absolutamente inútil! Esperando embarcar en Alicante nos dicen que es un retraso de 2 horas! ¿Estábamos abordando? ¡Inútil Ryanair! Mi familia nunca te volverá a usar. ¡La peor aerolínea por lejos siempre retrasa y desinforma! ¡Patético!
RYR_0778,Ryanair,Desconocido,London,Paris,Europe,agosto de 2024,1,"Prefiero morir que volar con Ryanair. Manchas de caca en el suelo, basura delante de mi asiento, las azafatas estaban peleando ☠️."
RYR_0779,Ryanair,"Shanghái, China",Dublin,Madrid,Europe,octubre de 2024,1,Sabemos q viajamos como ovejas pero q nos traten con falta de educación cómo si fuésemos ovejas no es aceptable. Si puedo evitaré en lo posible volver a volar en esta compañía.
RYR_0780,Ryanair,"Cardiff, Reino Unido",Murcia,London,Europe,octubre de 2024,1,"Una vez más Ryan Air falla miserablemente en el servicio al cliente. Antes de nuestro viaje, nos informaron que nuestro vuelo fue cancelado de Murcia a Stansted. Nos dieron la opción de volar más tarde a las 18: 30 pm del vuelo original del mediodía. Como reservamos nuestro estacionamiento y alquiler de coches a través de la aplicación Ryan Air, no pudimos cambiar nuestra reserva, por lo que nos vimos obligados a pagar una tarifa tardía por nuestro estacionamiento. También llegamos al aeropuerto de Murcia para nuestro tiempo habitual debido a que no queríamos pagar la penalización por retraso en nuestro regreso de alquiler de coches. Nuestro traslado de alquiler de coches nos devolvió a un aeropuerto cerrado. Con la terminal abierta solo 2 horas antes de nuestro vuelo. Se negaron a permitirnos entrar más temprano, lo que significa que nos sentamos fuera durante 5 horas. Una pronunciada curva aprendida de esto: 1 ) No vuelvas a volar con Ryan Air, son totalmente inútiles y su servicio al cliente apesta absolutamente. 2 ) El aeropuerto de Murcia es basura. Con personal que no tiene compasión, carece de deseo de trabajar y está restringido por la ridícula política de 2 horas de Ryan Air."
RYR_0781,Ryanair,Desconocido,Vienna,Milan,Europe,octubre de 2024,1,"¡La peor compañía de todas! Nunca hice una última llamada, el personal del aeropuerto de Viena que representa a Ryanair fue grosero, desinformado, nos han dicho que después de volver a reservar nuestro vuelo tendremos un check-in sin cargo. . sí, seguro, pero nunca mencionó que el check-in es como una lotería o una carrera que corre el primero en llegar a la meta. . Cambiamos las fechas del vuelo, nadie nos dijo sobre la posibilidad de ""modo stand by"". . así que .. no llegamos al primer vuelo como la señora nos dijo que la puerta de embarque se cierra 20 minutos antes de la salida, pero no, eran 30 minutos .. así que debido a esto, necesitábamos volver a reservar .. lo hicimos, por 300 euros adicionales .. pero como se mencionó antes, no nos notificaron sobre ""quién es el primero gana"" situación . . así que, permítanme resumir .. primer vuelo perdido, niño asustado del personal y la situación, próximo vuelo por la mañana a las 6 : Así que mi hijo tuvo que despertarse a las 4 de la mañana... y otra señora nos dijo: ""Lo siento, no tienes check-in, así que estás en espera"". Es decir, debes esperar a que alguien pierda un vuelo... con un niño de 4 años, experiencia ""increíble""... así que, hasta el último momento tuvimos miedo de que debido a la falta de comunicación no volviéramos... y básicamente, te cobraron 300 euros sin certeza de que llegaras al avión... estrés innecesario para mi familia! NUNCA MÁS!!! obviamente la gerencia general nos muestra claramente que el único interés que tienen es el dinero. ."
RYR_0782,Ryanair,"Teror, España",Marrakech,Las Palmas de Gran Canaria,International,octubre de 2024,1,"Lamentable esta compañía y su personal, una experiencia frustrante en Marrakech Menara, trato vejatorio y xenófobo."
RYR_0783,Ryanair,Desconocido,Warsaw,Porto,Europe,octubre de 2024,1,Estas reglas son una locura. Ni siquiera podía tener mi handbad personal (para el pasaporte y el teléfono) conmigo. Horribles aerolíneas y personal terrible.
RYR_0784,Ryanair,Desconocido,Donegal Town,Antigua,International,septiembre de 2024,1,"La mejor aerolínea, recomiendo volar la comida sabía a vómito y el equipo es tan agradable que gritaron y juraron y los baños están muy limpios 😭😭 Fregué el inodoro y desplegué el tobogán de emergencia💀💀"
RYR_0785,Ryanair,Desconocido,Manchester,Bordeaux,Europe,octubre de 2024,2,"Recientemente volé con Ryanair de Burdeos a Manchester y de regreso, viajando sola con mi bebé de 7 meses, y tuve una experiencia mixta. En el vuelo de ida desde Burdeos, la tripulación de cabina fue considerada y servicial, lo que me permitió abordar con prioridad. Esto hizo una gran diferencia y fue de gran ayuda como madre soltera viajando con un bebé. Desafortunadamente, mi experiencia en el vuelo de regreso de Manchester fue mucho menos positiva. El personal que revisaba las tarjetas de embarque no me permitía usar la línea prioritaria, a pesar de que estaba manejando a un bebé llorando por mi cuenta. En cambio, me dijeron que esperara de lado, lo que hizo que una situación ya estresante fuera aún más difícil. La falta de empatía en ese momento fue decepcionante. Para colmo, cuando regresé a Burdeos, descubrí que el asa de mi maleta estaba rota. Parecía como si alguien hubiera intentado repararlo con unas grapas que en realidad no mantenían nada unido. Acababa de comprar esta maleta, y estaba en perfectas condiciones antes del viaje – ahora, es prácticamente inutilizable. Esta experiencia me ha hecho dudar en volver a volar con Ryanair."
RYR_0786,Ryanair,Desconocido,Alicante,Zagreb,Europe,octubre de 2024,1,"Desafortunadamente, mi experiencia con Ryanair no fue positiva. El personal de los vuelos era poco profesional y a menudo se comportaba como si los pasajeros fueran una carga en lugar de clientes. Esta falta de cortesía hizo el viaje más difícil. Respecto al equipaje de mano, las normas son bastante estrictas. En mi vuelo de Zagreb a Madrid, pasé sin ningún problema, pero en un vuelo posterior, intentaron cobrarme por mi maleta sin ningún motivo válido, lo que fue muy frustrante. El espacio de almacenamiento de la cabina era limitado, y los pasajeros a menudo se enfrentaban a desafíos al intentar guardar sus maletas. En general, mi experiencia con Ryanair no cumplió con las expectativas, especialmente en términos de servicio y flexibilidad con respecto al equipaje. Espero que las cosas mejoren en el futuro."
RYR_0787,Ryanair,"Manchester, Reino Unido",Manchester,Bordeaux,Europe,octubre de 2024,5,"Un vuelo bastante agradable a Burdeos recientemente. Tuvimos que esperar unos 20 minutos en la puerta antes de poder salir, así que hubo un ligero retraso. Al aterrizar, el piloto tuvo que abortar en el último segundo cuando alguien se puso de pie tontamente a punto de aterrizar. Piloto no estaba contento."
RYR_0788,Ryanair,"Marston Moretaine, Reino Unido",London,Santiago de Compostela,Europe,octubre de 2024,1,"Frustran el proceso de check in si tienes un pasaporte que no es del Reino Unido. Tienes que hacer el check-in por separado y lo dificultan de tal manera que pierdes tu vuelo y tienes que volver a reservar/reprogramar tu vuelo a £ 100 por persona. Esperé en la recepción durante 1 hora 55 minutos. Sin embargo, no se hacen responsables de las molestias que causan al frustrar el proceso de registro."
RYR_0789,Ryanair,Desconocido,Manchester,Agadir,International,octubre de 2024,2,"Ryanair es, con diferencia, la aerolínea más estafadora con la que podría viajar. En el camino a agadir, nuestras maletas de cabina estaban bien para abordar, sin embargo, en el camino de regreso, tuve que pagar £ 108 para dos maletas de cabina para facturar porque eran ""demasiado grandes en tamaño"". ¿Cómo puede una misma aerolínea tener dos políticas y procedimientos diferentes, a pesar de que las maletas de mano nunca cambiaron de tamaño? Esto también se le preguntó a Ryanair si nuestras maletas de cabina estarían bien antes de salir y dijeron que nuestras maletas pasarían a través de ok. Mentiras absolutas. Por no mencionar que tienes cierto personal que permite bolsas mucho más grandes, y otro personal que es completamente irrazonable y está examinando a ciertas personas. También en el avión a agadir, permitieron a los pasajeros poner bolsas de transporte en la bodega por encima de nuestros asientos, lo que significa que tuvimos que poner nuestras maletas de cabina mucho más lejos de nuestros asientos. ¿Dónde están las implicaciones políticas? Tuvimos un bebé y una abuela mayor con nosotros, así que el aguante y el estrés no fue bueno para ninguno de los dos. Nunca más volaré con Ryanair."
RYR_0790,Ryanair,"St. Albert, Canadá",Marrakech,London,International,octubre de 2024,1,"Tuve una experiencia realmente decepcionante con Ryanair. El vuelo se retrasó y no nos dieron ninguna actualización real o disculpas del personal. Cuando finalmente abordamos, me sorprendió el estado del avión. Los asientos estaban sucios, y parecía que la basura de los pasajeros anteriores ni siquiera se había limpiado: usaban kleenex en los asientos, mesas de bandeja sucias y basura que quedaba en el suelo en nuestros asientos. Por el precio que pagué, esperaba al menos limpieza básica y puntualidad. Espero que Ryanair mejore sus estándares de servicio, ya que esta experiencia me dejó sabiendo que nunca volvería a reservar con ellos."
RYR_0791,Ryanair,Desconocido,Barcelona,Tenerife,Domestic,octubre de 2024,1,"Sabemos que Ryanair es una empresa de bajo coste. Pero no por eso nos merecemos este trato. Tuve que pagar 30€ porque, literalmente me pasé 2 minutos del tiempo. Lo pagué porque entiendo las normas. Cuando llego a Tenerife mi maleta facturada no está. Al día siguiente, que era jueves, me avisan que está en el aeropuerto de Barcelona. Dije en la ventanilla que mi trabajo no me permite llevar el teléfono encima. He estado de guardia todo el fin de semana. Hoy me dicen que han devuelto la maleta al aeropuerto porque no he estado disponible. Ahora tengo que ir a por ella porque en su procedimiento no hay una segunda oportunidad. Pierden el equipaje, me dejan sin dinero(que iba en la maleta) y encima tengo que desplazarme a por ella porque no he estado disponible 2 días, que eran fin de semana y estado trabajando. El chico que me ha atendido, me atiende con desprecio porque no he podido estar atenta al teléfono y encima pone en duda que no haya tenido el teléfono en la mano. Esto es vergonzoso. Entiendo que no he estado disponible y que tenga represalias pero una atención cariñosa y empática no es solo de las empresas que no son lowcost, es algo que nos hace humanos. Si trabajar con personas no es lo tuyo, no lo hagas."
RYR_0792,Ryanair,Desconocido,Rabat,London,International,octubre de 2024,1,"El personal en el aeropuerto de rabat durante el registro de entrada y las puertas de salida eran el personal más rudo que he encontrado. Fui testigo de varias discusiones entre el personal y los pasajeros. Tenía una segunda bolsa más pequeña que me las arreglé para caber en mi bolsa más grande que obviamente estaba dentro de las dimensiones del tamaño. El personal grosero insistía en que pagara, lo cual rehusé. Luego finalmente me pidieron que pusiera mi bolso en el verificador de tallas y se conformaron con que estuviera dentro de los límites y me dejaron ir. Pude ver que había algún perfil racial, ya que los pasajeros que no parecían blancos fueron detenidos, pero los pasajeros que parecían blancos y claramente tenían equipaje de gran tamaño no fueron detenidos."
RYR_0793,Ryanair,Desconocido,Marrakech,Fez,Domestic,octubre de 2024,2,"Tuve una experiencia muy pobre en el registro. El representante del cliente me estaba dando un mal momento sobre mi bolsa de lona, aunque claramente cabe en el compartimento de tamaño designado. He tenido cero problemas antes en cualquier otra aerolínea tanto en vuelos nacionales como internacionales. El representante me decía que tenía que pagar aunque mi bolsa de lona era claramente del tamaño correcto. Incluso la gente de la fila se ponía detrás de mí. Eventualmente después de discutir por otros 10 minutos el agente me dio mi tarjeta de embarque advirtiéndome que me harán registrarlo en la puerta (nunca sucedió). El vuelo en sí estaba muy por debajo de la media. Los pisos estaban muy sucios, claramente no se ha aspirado en mucho tiempo. El vuelo también se retrasó. En general no recomendaría esta aerolínea. Preferiría caminar la próxima vez."
RYR_0794,Ryanair,Desconocido,Leeds,Alicante,Europe,octubre de 2024,1,"Después de que mi familia y yo escaneamos nuestras tarjetas de embarque y fuimos facturados, como prioridad debido al equipaje de mano tuvimos que revisar nuestras maletas en forma, todos lo hicieron, pero hicieron una declaración diciendo que mis hermanos no lo eran a pesar de que era una bolsa squish - capaz y él había viajado usando esa bolsa con aire Ryan muchas veces antes y habíamos reservado un casillero completo para solo dos maletas. por lo tanto, mi hermano tuvo que quedarse atrás y pagar el extra para ponerlo en la bodega al final. pero cuando se trataba de abordar el avión después de pagar las £ 75 cerraron las puertas, conmigo y mi familia en el avión y solo él en el aeropuerto. Así que por supuesto nos quejamos pero como mi hermano no es menor de edad se fueron sin él. ahora mi hermano está esperando el próximo vuelo un aeropuerto de Leeds sin reembolso excepto el pago anterior de su último vuelo. TERRIBLE EXPERIENCIA. NO RECOMENDAR"
RYR_0795,Ryanair,Desconocido,Palma de Mallorca,Barcelona,Domestic,octubre de 2024,1,"A día 27.10.2024 en mi vuelo FR2890 a Barcelona desde Palma de Mallorca una de sus trabajadoras, la número 351770, cuidado con ella porque ha hecho probar la maleta a todo el mundo en el espacio y si sobresalía lo más mínimo te quería cobrar. A mí concretamente me ha hecho pagar por llevar un portatrajes, a pesar de que solo llevaba una mochila pequeña e iba sin bolso. Me siento estafada, ya que he pagado porque a ella le ha apetecido. No me he podido negar, ya que me amenazaba con que no iba a subir al vuelo. Además de tratarme mal y ser una maleducada, se ha negado a darme su identificación, la cual llevaba colgada. Al final me ha dado únicamente su número de indentificación sin enseñármelo, hasta que su superior la ha obligado a enseñármelo aunque tapando todos sus datos personales, que no he podido llegado a saber… Una vez pagado, me dice que como había dos perchas me tenía que cobrar otra pieza, me he negado y al meter la percha por dentro, me ha dejado pasar. Aun tenía la cara de cobrarme doble, me parece increíble que haya gente así trabajando de cara al público, vergonzoso. Al llegar al avión, hasta sus propios trabajadores encargados de bajar el portrajes a bodega me han dicho que eran unos cabrones en las entradas, que era increíble que nos cobraran por aquello…. Y todo eso sin contar que el vuelo se ha retrasado durante 2 horas, teóricamente por mal tiempo en Barcelona aunque allí a penas llovía. Son unos ladrones!!! Es mejor evitar esta compañía si no quieres tener problemas, ya que estan asegurados en sus vuelos…"
RYR_0796,Ryanair,Desconocido,Barcelona,Palma de Mallorca,Domestic,octubre de 2024,1,"Ten cuidado con los cargos abusivos por equipaje que tuve que pagar 70 € por una raqueta de tenis en mi bolso. . . Si te sucede, simplemente rechaza el pago en tu banco inmediatamente después, si todos hacemos esto, tal vez se detengan en una etapa... La UE multó a esta empresa con algunas otras con una multa de 150 M€, pero solo continúan..."
RYR_0797,Ryanair,Desconocido,Las Palmas de Gran Canaria,Valencia,Domestic,octubre de 2024,1,"SON LAMENTABLES HASTA DECIR BASTA. SI NADIE COMPRARA VUELOS CON ESTA AEROLINEA, SE HUNDIRÍAN. POR FAVOR COMPRAD VUELOS CON OTRAS COMPAÑÍAS Y QUE QUIEBREN."
RYR_0798,Ryanair,Desconocido,Liverpool,Alicante,Europe,octubre de 2024,1,El personal de Ryanair en el aeropuerto John Lennon de Liverpool grosero muy poco servicial maleta de mano pequeña debajo del asiento tuvo que pagar un extra de £ 35 una - manera de evitar esta aerolínea
RYR_0799,Ryanair,Desconocido,Seville,Naples,Europe,octubre de 2024,1,"Ciertamente, aquí hay un borrador de una crítica negativa basada en su experiencia: Terrible experiencia con Ryanair: tarifas ocultas y flexibilidad cero Recientemente tuve una experiencia terrible con Ryanair. Reservé un vuelo y pagué para facturar mi equipaje, pero cuando llegué, inesperadamente me cobraron 50 euros más para llevar mi maleta a bordo! A pesar de haber pagado ya por el equipaje facturado, no tuve más remedio que pagar de nuevo, o no me permitirían embarcar. Para empeorar las cosas, me retrasé porque salí del turno del hospital a las 8 pm. Mi vuelo estaba programado para salir a las 9: 20 pm, y la falta de flexibilidad de Ryanair me impidió llegar a la puerta a tiempo. El servicio al cliente fue completamente inútil y poco comprensivo con mi situación, a pesar de que le expliqué mis circunstancias. Está claro que Ryanair prioriza exprimir dinero a sus pasajeros por encima de la satisfacción o comprensión del cliente. Esta experiencia fue más que frustrante, y lo pensaré dos veces antes de volar con Ryanair de nuevo. Si los está considerando para vuelos “asequibles”, tenga en cuenta: le esperan tarifas ocultas y un servicio deficiente."
RYR_0800,Ryanair,Desconocido,Valletta,Madrid,Europe,octubre de 2024,1,"El peor servicio de la historia, el gerente no hizo nada para facilitar es el check-in, tuvimos que pagar dos veces las maletas debido a un error y no nos ayudaron con el problema, solo para seguir las instrucciones que dijeron que cito. Tenían una actitud, y tuve que pagar 55 dólares por registrarme en el aeropuerto."
RYR_0801,Ryanair,"Lisboa, Portugal",Lisbon,Terceira,Domestic,junio de 2024,5,"Sinceramente, vuelo bastante en Ryanair y nunca he tenido una mala experiencia (sin vuelos retrasados, buenas azafatas) y por ese precio es increíble"
RYR_0802,Ryanair,Desconocido,London,Porto,Europe,agosto de 2024,1,"Mi amigo y yo llegamos al Aeropuerto Humberto Delgado de Lisboa y nos unimos a la cola de embarque (Itinerario: Lisboa T 2 - Londres (Stansted) Salida: 30 de agosto de 2024 , 11 : 10 am). Nos atendió el personal Azevedi ( 28 AVR 25 ). Antes, mi equipaje de mano había encajado en el verificador de tamaño de equipaje que estaba al lado de su registro - en el escritorio, pero no cabe en el que está junto a su puerta de embarque! Staff 28 AVR 25 , con una sonrisa, me pidió que pagara la diferencia de equipaje. Estaba confundida, pero obedecí. Le expliqué que mi equipaje de mano anteriormente sí cabía y estaba confundido, sin embargo 28 AVR 25 simplemente sonrió de nuevo, ignoró lo que había dicho e inventó de contrabando que me había 'negado' a medir mi equipaje de mano en el mostrador de facturación. Cuando le mostré que había usado el medidor de tallas, dijo que era el equivocado. Cuando le dije que debería haber aclarado que en el cheque - en el escritorio dijo que no era su trabajo. Esto me provocó y me pidió que dijera lo que fuera que estaba diciendo 'con pecho', lo que me pareció un lenguaje desconcertante y poco profesional de un personal de Ryanair. Me dirigí al avión, pero Alves me detuvo para una última revisión (16 AG 025 ) que dijo ser el gerente y pronto se convirtió en confrontación. Al mismo tiempo, 28 AVR 25 me acusó al azar de tomar una foto de su identificación, otra falsedad. 16 AG 025 impactantemente me dijo que ""algo está mal conmigo. "" Su comportamiento abrasivo como así llamado manager fue apagado, golpeado y faltado. No creo haber sido testigo de una exhibición de servicio tan extraña e inapropiada. Así que se quejó a su centro de atención al cliente. Su manejo del caso fue igual de malo, perdiéndose el punto por completo al recitar robótica y repetidamente su política de equipaje en lugar de centrarse en la cuestión que planteé con respecto al trato sucio por parte del personal. En conclusión, no hay esperanza para la aerolínea, y es mejor evitar si se puede."
RYR_0803,Ryanair,Desconocido,Lisbon,Seville,Europe,octubre de 2024,1,"aerolíneas ofrecen opciones para que la gente pueda facturar - ya sea en línea o en el aeropuerto, lo que es una lógica muy humanista. Esta aerolínea barata nos cobró 110 euros por no hacer el check-in en línea. El personal del aeropuerto dijo algo como “Sin paga, sin tarjeta de embarque”. ¡Qué ladrón tan total! Unas palabras para ti Ryanair. Vivir robando es vergonzoso."
RYR_0804,Ryanair,"Madrid, España",Madrid,Krakow,Europe,octubre de 2024,1,"La peor compañía aérea con diferencia. Nunca, y digo, NUNCA, sale a su hora. De una hora de retraso no baja. No pienso volver a volar con ellos nunca más."
RYR_0805,Ryanair,Desconocido,Toulouse,Rabat,International,octubre de 2024,1,Terrible experiencia. Nunca reservaré un vuelo con Ryanair. Muchos requisitos para equipaje y damas poco respetuosas
RYR_0806,Ryanair,Desconocido,Paris,Manchester,Europe,octubre de 2024,2,"Retrasado por 2 horas en Beauvais, que probablemente no era Ryanairs Fault (problema de atc por lo que fue tarde salir de Manchester en la etapa anterior) PERO realmente no deberían haber dado instrucciones al aeropuerto de Beavais para llamarnos para abordar cuando el avión todavía estaba en la pista en su punto de partida y una hora antes de que realmente estaba allí para abordar. 200 pasajeros mucho con Niños ahora obligados a permanecer en una zona de embarque durante una hora + sin acceso a baños o refrigerios. Todos buscábamos subir al avión para sentarnos y tomar algo. El avión finalmente llegó y una vez que empezamos a abordar se hizo evidente que habían cambiado la asignación de asientos de todos en el último minuto. Sus asignaciones significaban que todos los padres habrían estado sentados separados de sus hijos, lo que no está permitido, así que tuvimos 30 minutos en la pista de sillas musicales mientras que la tripulación de cabina tenía la tarea imposible de reorganizar a todos. Finalmente todos nos sentamos con un montón de pasajeros ahora muy cansados, estresados y deshidratados, solo deseamos tomar una copa en el aire... nos pusimos airbourne y llegó un anuncio ""disculpas por los retrasos, nos han dado un avión de repuesto con un equipo de emegency llamado en el último minuto, el problema de asignación de asientos se debe a que el avión tiene una conruguración de asientos diferente y también desafortunadamente porque fue un cambio de avión de última hora no se ha abastecido de NADA. Excepto unas mini botellas de vino! "" Así que aquí estamos en un avión lleno de familias que no han tenido acceso a refrescos durante más de 2 horas y no tienen nada que no sea alcohol... ¡NI SIQUIERA AGUA! Puedo perdonar los retrasos, e incluso dejar ir el impactante fiasco de asignación de asientos, pero ni siquiera tener agua ni nada para que los niños beban es simplemente irresponsable y no es bueno. Si alguien hubiera tenido un episodio médico debido a la deshidratación o permanecer de pie durante demasiado tiempo, no habría terminado bien."
RYR_0807,Ryanair,"Orpington, Reino Unido",Corfu,Warsaw,Europe,octubre de 2024,1,¡Qué terrible servicio y vuelo! El vuelo llegó de Corfú a Varsovia Modlin 7 h. más tarde de la hora prevista! Perdí mi vuelo y tren de conexión. No hay disculpa significativa de Ryanair.
RYR_0808,Ryanair,Desconocido,Birmingham,Corfu,Europe,septiembre de 2024,1,"Qué insensible no dar un reembolso debido a no poder viajar debido a un duelo, te has rebajado aún más hacia tus clientes. Mi vuelo de ida fue con EasyJet lleno en su formulario tomó 7 días que me reembolsaron a mí mismo y también a mi amigo no hay problema, mi vuelo de regreso estaba con usted y me rechazó un reembolso, ni siquiera se trata del dinero es el principio de que era un familiar cercano. Yo era su pariente más cercano. No podía irme de vacaciones sabiendo que estaba en el hospital con sepsis y moriría unos días después, totalmente inaceptable."
RYR_0809,Ryanair,Desconocido,Amsterdam,Dublin,Europe,octubre de 2024,1,"Así que no estoy orgulloso de decirlo, con el cambio climático y todo, pero he viajado bastante en mi vida, y muchos de mis vuelos han sido con Ryanair. Claro, he escuchado las historias de terror de clientes que se enfrentan al lado oscuro de esta aerolínea, y sí, mido más de 6 pies de altura, por lo que su falta de espacio para las piernas es algo que tuve que sufrir. Y oh, esas molestas ventas - lanzamientos de todo tipo de tonterías durante el vuelo, y ese pequeño tema atroz - canción cuando el avión aterriza, es todo lo que siempre he tomado en la barbilla a falta de tarifas baratas. Pero entonces el dragón decidió girar sus fosas nasales humeantes en mi dirección esta semana. Allí estaba, con mi esposa y mi hija de 22 meses en la puerta de embarque en mi vuelo de regreso a casa desde Amsterdam. No tuve problemas al entrar. Revisamos nuestras maletas en Dublín, y no encontraron nada. Pasamos por la puerta de Dublín, no hay problema. Tampoco vieron nada malo cuando registramos nuestras maletas de regreso a Amsterdam. Pero luego llegamos a la puerta... Aparentemente había algo mal con mi nombre en mi tarjeta de embarque. No coincidía con mi pasaporte. Y he aquí, es verdad. No coincidía. Y no podían dejarme pasar. A menos que haya cambiado de nombre. Por 160 euros... 160 euros!!! ¡Por un problema administrativo que no era un problema en tres ocasiones antes! ¡Indignante! Pero si era la única manera, entonces vamos a hacerlo. Así que saqué mi tarjeta y estaba listo para pagar... Y luego las tonterías se profundizaron... aunque el tipo me aconsejó que esta era la única manera, no pudo hacerlo. En el teléfono (con quien sea), el tiempo pasaba... hasta que el tiempo ya no existía. Y nos negaron el embarque porque Oompa Loompa estaba, bueno... Yo, entonces y allí, me fui a Amsterdam, cuando caía la noche, con mi familia sin dónde ir, hice el voto de no volver a gastar ni un centavo en Ryanair. Incluso si tuviera que encontrar un vuelo de regreso y Aerlingus, o KLM, o Lufthansa, y tuviera que volar por todo el mundo con 10 escalas en el camino, y me cobraría 1000 euros, Ryanair nunca volverá a ver mi negocio. Por supuesto que presenté una queja. Y presentó una reclamación. Y mi reclamo fue denegado. -Claro. Y así, me quedo con un desvarío, un voto, y la esperanza de que mi historia posponga algunos otros volar con este horror - espectáculo de una aerolínea."
RYR_0810,Ryanair,Desconocido,Vilnius,London,Europe,septiembre de 2024,1,Las ventanas estaban sucias y el avión seguía temblando y la comida era demasiado cara y seguían dándonos anuncios para comprar perfume y cigarrillos. Un niño estaba detrás de mí y estaba pateando mi asiento y gritando.
RYR_0811,Ryanair,Desconocido,Faro,Manchester,Europe,octubre de 2024,2,"Así que el vuelo era tu Rynair promedio, no te molestes realmente aparte de UNA tripulación de cabina. Cuando estoy volando en el aire con avisos de tormenta a la 1: 30 AM No espero tener que escuchar a un miembro de la tripulación hablando tan alto a su compañero de tripulación sobre la ""turbulencia horrible de cecinas accidentadas"" que acaba de experimentar en su vuelo anterior. También prosiguió hablando sobre los pasajeros anteriores y sobre cómo le parece raro y espeluznante que se refieran a ella por su nombre, por lo que no lleva su etiqueta. Ella era de boca alta, desconsiderada y realmente debería ir por alguna capacitación de servicio al cliente. Su nombre era HANNAH btw, ella habló tan fuerte que literalmente le dijo a todos su nombre de todos modos!"
RYR_0812,Ryanair,Desconocido,Barcelona,Rome,Europe,octubre de 2024,1,"Siempre igual, nunca van a su hora el servicio es pesimo, no voleis con esta compañia, las condiciones del avión lamentables, però mas lamentable aún su puntualidad ni 1 dia ha salido el avión a la hora, no vuelvo a volar con esta gentuza."
RYR_0813,Ryanair,"Hexham, Reino Unido",Genoa,Manchester,Europe,octubre de 2024,1,"Ayuda! Nuestro 10. Hoy, 25 de octubre, el vuelo 30 de Génova a Manchester se 'retrasó debido a un pequeño problema técnico' hasta el 16. 15 . Luego se anunció un retraso hasta el 20. 00 horas y que ahora se sugiere ( 16. 00 ) que para EVITAR pagar una indemnización fue un golpe de pájaro - o un acto de Dios, por lo que no son responsables. Pero eso significa que como pasajeros nos han mentido durante 6 HORAS. Como Ryanair sabía que el avión estaba inservible al mediodía, tuvieron tiempo suficiente para volar en un avión de socorro en lugar del cual todos hemos sido guiados por el camino del jardín con falsos horarios de embarque. Ryanair trata a los pasajeros como ganado tonto. Las últimas noticias son 11. 15 vuelo esta noche ahora revisado a 21. 45 . ¿Y entonces sin duda otro ""retraso""? Los pasajeros ahora sospechan que Ryanair espera que todos nos dispersemos silenciosamente para volver a casa. Huelga decir que los pasajeros aquí saben más sobre los retrasos que los representantes de Ryanair aquí en el aeropuerto! Servicio absolutamente terrible y desprecio para el público viajero con poca o ninguna información de su personal de tierra."
RYR_0814,Ryanair,Desconocido,Krakow,London,Europe,octubre de 2024,2,"El vuelo se retrasó, ¿un clima terrible aparentemente? No, era sol y el vuelo se retrasó 2 horas. Tren perdido. Se retrasó 2 horas, mi familia y yo no estábamos contentos."
RYR_0815,Ryanair,Desconocido,Marrakech,Lisbon,International,octubre de 2024,1,"Dejaría 0 estrellas si pudiera. Nunca más volará Ryanair. Pagué por asientos baratos para mi esposa y yo. Llegamos al aeropuerto y fuimos al registro - en el escritorio y le pregunté al agente si tendría que registrar mi maleta. Dijeron que no, que estaba bien. Apareció en la puerta y me apartaron para revisar mi bolso. Otras personas con el mismo modelo ""LEJOS"" maleta de mano brised a través de. Fui a poner mi bolso en el talle checker y extrañamente, mi bolso era demasiado alto. ¿Por qué mi maleta especialmente diseñada sería demasiado grande para la prueba? No estaba sobrecargado. Falso. Le dije al agente de la puerta lo que había pasado, que lo pregunté antes y que habría pagado 50 euros. No le importó e insistió en penalizarme y cobrarme 90 euros. Podría haber comprado otro asiento en el avión por menos. Es un sistema de mierda que usan para estafar a algunas personas. Es sistemático y les ayuda a cobrar menos por traer negocios. Comuniqué con el servicio al cliente de Ryanair sobre un reembolso. Me dijeron que tenía que llenar un formulario de queja. Rellené el formulario de queja y esperé una respuesta y me dijeron que básicamente pateara piedras. Simplemente evitaré estas tonterías en adelante y le recomiendo que haga lo mismo a menos que solo viaje con maletas de tamaño promedio."
RYR_0816,Ryanair,Desconocido,Palma de Mallorca,Newcastle upon Tyne,Europe,octubre de 2024,1,"Horrible. Primero me cobraron por el check in cuando intenté hacerlo en línea y la aplicación Ryan Air me bloqueó. De hecho, lo intenté varias veces haciendo esto por adelantado y me multaron con 150 euros por este inconveniente que no fue culpa mía. En segundo lugar, me cobraron en el vuelo por artículos que no pedí pedí un té y Coca-Cola y me cobraron dos veces por estas cosas. Nunca más he aprendido que las aerolíneas económicas son más molestas de lo que valen"
RYR_0817,Ryanair,Desconocido,Manchester,Grand Turk,International,octubre de 2024,1,"Ryan Air es un desastre absoluto monstruoso. Nuestro vuelo no solo se retrasó 12 horas por el momento, sino que nadie se comunicó para permitir que la gente supiera lo que sucedió, en su lugar nos dejaron sentarnos en un aeropuerto durante horas. No volver a volar evitaría a toda costa. Absolutamente horrible. PEOR experiencia con el vuelo, tengo mucho."
RYR_0818,Ryanair,Desconocido,Bristol,Dublin,Europe,octubre de 2024,1,"Volaba con Ryan Air de Bristol a Dublín para tomar un segundo vuelo de Dublín a Rumanía. Mi vuelo Ryan Air se retrasó 4 horas, por lo tanto, perdí mi vuelo de conexión. Como no había más vuelo de conexión, tomé la decisión de no volar y me dejé varar. Después de plantearlo a Ryan Air, esta fue mi respuesta “Nos gustaría informarle que lamentablemente no tiene derecho a un reembolso, ya que el retraso fue de 2 horas y 45 minutos (las tasas no son reembolsables hasta 5 horas de retraso). Además, no tiene derecho a compensación ya que no abordó el vuelo.” Así que Ryan Air no consideraría mi solicitud de compensación ya que no me permití quedarme varado en otro país al abordar el vuelo a ninguna parte, muy pobre Servicio Cusotmer Ryan Air. Como resultado del retraso. No estoy de mi bolsillo para dos vuelos, gracias Ryan Air."
RYR_0819,Ryanair,Desconocido,Alicante,Palma de Mallorca,Domestic,octubre de 2024,1,"Buenos días, en el día de hoy 25 de octubre iba a viajar desde Alicante a Palma de Mallorca a las 13h, actualmente no tengo el número de vuelo porque me han cancelado el embarque. Explico la situación, la aplicación 24h antes no me dejaba hacer el checking con lo que he mostrado un pantallazo en el mostrador demostrado que ha sido error de la página, haciendo caso omiso me han hecho pagar 30 euros lo cual quiero poner una reclamación. La azafata me ha tratado con actitud despectiva a lo cual le he dicho que me parece una maleducada por como me estaba tratando, tras darme la tarjeta de embarque me ha hecho esperar toda la cola y a la hora de montar al avión me ha dicho que no me deja montar en el avión por haberla llamado maleducada, he pedido disculpas por las formas pero la he dicho que no me parece correcto como me ha tratado y que por favor me dejase volar porque tengo que ir a tanatorio de mi abuela a lo que me responde ""me da igual tu abuela"" mientras yo estaba llorando y suplicando y el resto de pasajeros pidiéndole por favor que no me haría eso, me ha prohibido montar en cualquier vuelo de esta compañía y me he tenido que comprar un nuevo billete con vueling con un coste de 80 euros, más los 30 de ryanair. Llevaré a consumidores esta reclamación y quiero llegar a un acuerdo ya que sino lo tramitaré por vía judicial a través del defensor del pasajero ya que he hablado con una abogada."
RYR_0820,Ryanair,Desconocido,Venice,Lisbon,Europe,octubre de 2024,1,"Cuando la aplicación Ryanair solo me funcionó para poner los datos de mi pasaporte y luego me siguió dando problemas para terminar mi check-in en línea. Decidí tomar la ayuda en el mostrador del aeropuerto. Que era 1 : 45 minutos. Espera y luego me hicieron pagar 110 euros por imprimir mi tarjeta de embarque. 3 horas de vuelo no ofrecieron una gota de agua. Me pregunto si su es emergencia a bordo como caída de presión de aire o aterrizaje de agua es Rayan aire va a pedirme primero tarjeta de crédito antes de que me dan máscara de oxígeno o chaleco salvavidas en caso de emergencia. En serio creo que si la seguridad es su preocupación nunca viaje en Rayan Air. Te arrepentirás en alguna etapa de tu viaje. He aprendido la lección y comparto con todos ustedes. Creemos que ahorramos dinero, pero cuando termines tu reserva, incluyendo tu maleta. Costó lo mismo. No creo que 20 - 30 euros diciendo valga la pena viajar a una aerolínea que no se preocupan por el servicio o la seguridad."
RYR_0821,Ryanair,Desconocido,Ibiza,Newcastle upon Tyne,Europe,octubre de 2024,1,"Ww estaban en el 19. 45 IBIZA a Newcastle. Compramos equipaje prioritario a la salida y añadimos un equipaje de bodega también a la vuelta. Desafortunadamente en una de las reservas no se había añadido el equipaje de mano prioritario. Las dos chicas eran absolutamente horrible en la forma en que manejaron el problema. Mi compañero inmediatamente dijo que pagaría los 50. 00 cargo y quería pagar en su banca telefónica. ¿No aceptarían eso? Querían el dinero que había en nuestro equipaje de bodega. Su actitud era terrible. Nos habían retenido para ser el último en el vuelo y luego dijeron que tienes un minuto para decidir. Tuvimos que vaciar la pequeña maleta en un portaobjetos de vuelta y dejar cualquier cosa no vital. Nunca he tenido un servicio al cliente tan pobre. Cuando finalmente subimos al avión el aire acondicionado estaba en congelación , pregunté por ello y la azafata dijo que estaba en quiebra y si me pareció malo imagine lo que era para el personal, en realidad no la respuesta correcta! . Cuando sabes que el avión tiene problemas algunas pequeñas mantas de viaje habrían sido un buen gesto."
RYR_0822,Ryanair,Desconocido,Birmingham,Venice,Europe,octubre de 2024,1,"Estaba tratando de averiguar dónde terminaba la cola donde la señora asumió que estaba saltando la cola y en lugar de guiarme cortésmente comentó delante de todos “no, buen intento”, me agarró de mi mochila y me empujó al final de la cola"
RYR_0823,Ryanair,Desconocido,Agadir,Fez,Domestic,octubre de 2024,2,"Primero facturé mi equipaje y luego cuando llegué a mi puerta el vuelo se retrasó! Durante 3 Horas y fue terrible yo estaba en un vuelo de Agadir Marruecos a Fez Marruecos y hacía calor en ese momento, pero cuando llegamos a la aeronave fue una experiencia divertida y la azafata estaban tratando de vender perfume en el avión mientras estábamos en el aire, pero fue un mal vuelo el aterrizaje fue terrible NO VALE LA PENA."
RYR_0824,Ryanair,Desconocido,Dublin,London,Europe,octubre de 2024,1,"El avión llegó tarde, la gente todavía haciendo cola para subir al avión no abordando. En realidad pasajero de pie junto a la gente que aborda. Fui a subir y me dijeron que abordaría al terminar. En realidad estoy viendo a la gente esperando para abordar el avión. No se llevan bien. Con RyanairNo Give tendrás que pagar 100 euros por el vuelo perdido. Tiene la impresión de que están esperando un error de pasajero. Dinero fácil para ellos. La última vez vuela con 'Crook Airlines' qué montón de tramposos."
RYR_0825,Ryanair,"Almería, España",East Midlands,Murcia,Europe,octubre de 2024,1,"Intentamos registrarnos 2 días antes de que fuéramos a volar a casa, la aplicación estaba caída y no nos dejaba registrarnos, lo intentamos varias veces en diferentes dispositivos y todavía no funcionaba. Llegamos al aeropuerto para facturar más de 2 horas antes de nuestro vuelo y nos dijeron que ahora tenemos que pagar una tasa de facturación de 60 € para abordar el vuelo que ya hemos pagado. Estábamos absolutamente fumando ya que intentamos registrarnos en línea varias veces y no pudimos debido a su aplicación defectuosa. No tuvimos elección, ya que necesitábamos llegar a casa y tuvimos a nuestro bebé con nosotros. La mujer detrás del mostrador que nos atendía era grosera e inútil, estaba al teléfono la mayor parte del tiempo. Cuando volvimos al Reino Unido intentamos discutir esto con Ryan Air con la esperanza de obtener un reembolso, ya que esto fue un error de su parte y nos costó dinero que no tenemos! Ryan Air nos lo lanzó a la cara y dijo que la responsabilidad recae en nosotros para asegurarnos de que nos registramos en línea, ya que está en sus t&cs No tuvimos elección y nos esforzamos al máximo para registrarse antes. Es asqueroso cómo te dicen que es tu culpa y no ofrecen boletos reembolsables. Pueden devolver dinero a la gente... Están eligiendo no reembolsarnos por un error que han cometido. Nos dieron a nosotros y a nuestro bebé de 1 año los asientos equivocados durante el vuelo también y nos separaron. Esta fue nuestra primera experiencia volando con nuestro bebé. He usado Ryan Air varias veces en el pasado y ahora no volveré a volar con Ryan Air, ya que no es de extrañar que sean de bajo presupuesto y nunca vayan más allá de esa etiqueta con la forma en que tratan a sus clientes."
RYR_0826,Ryanair,Desconocido,London,Burgos,Europe,octubre de 2024,1,"No fue como esperaba, en el aeropuerto estaba bien, pero en el avión, yo y mi buen amigo Juan nos sentamos, en pleno vuelo hubo turbulencias, y la azafata estaba hablando con el capitán mientras había una cola masiva, para los baños, el personal estaba dentro, supuestamente limpiando, pero en realidad se proponían matrimonio y besándose durante 30 minutos, un anciano se cagó en los pantalones mientras tanto, nunca jamás vaya en Ryanair a España, es asqueroso 🤮"
RYR_0827,Ryanair,Desconocido,Madrid,Palermo,Europe,octubre de 2024,3,"Vale, entiendo que algunas cosas en la experiencia del cliente pueden ser más difíciles de controlar... averías técnicas, huelgas de personal, instalaciones aeroportuarias, etc... pero cuando haces que los clientes estén parados durante cincuenta minutos en la cola de la puerta de embarque (y lo hiciste también para el vuelo antes que nosotros) en una terminal donde el aire acondicionado no funciona, entonces mereces críticas. En serio... sabes que tan pronto como llamas a la puerta todos corren allí como un montón de niños en una fiesta de comer donuts. Piense un poco y no levante a la gente hasta que aterrice el avión anterior. Es particularmente injusto con los ancianos. Hazte un favor y empieza a tratar a tus pasajeros como clientes"
RYR_0828,Ryanair,Desconocido,Brussels,Vitoria-Gasteiz,Europe,octubre de 2024,1,"Una experiencia nefasta. Nos avisaron que el vuelo estaba cancelado a menos de 24 horas de volver. Nos abandonaron a nuestra suerte en un país extranjero sin saber como volver a España. No fueron capaces de coger el teléfono y darnos una solución, solo la devolución del dinero del billete. Y todo por email¡¡¡¡¡¡¡¡ Cuando pasan estas cosas dad la cara y ayudar a vuestros pasajeros. Es lo mínimo que se espera de una compañía. NOS ARRUINARON EL VIAJE"
RYR_0829,Ryanair,Desconocido,Madrid,Edinburgh,Europe,octubre de 2024,1,El vuelo se retrasó más de 2 horas sin ninguna explicación (solo uno de los tripulantes nos dijo que el resto de la tripulación llegó tarde al vuelo. El capitán no mencionó ni disculpó a la aerolínea por el retraso y la tripulación estaba de mal humor.
RYR_0830,Ryanair,"Oakland, California",Rome,Catania,Domestic,octubre de 2024,1,"Largas filas para facturar maletas y conseguir tarjetas de embarque, largas filas para abordar un autobús al avión. El embarque es caótico, ya que la mayoría de los pasajeros intentan colocar sus bolsas en la parte superior. Asientos muy ajustados e incómodos con un espacio mínimo para las piernas. Tardamos más de una hora en recoger nuestras maletas facturadas en el vuelo a Catania, y 90 minutos en el regreso a Roma. Nunca más."
RYR_0831,Ryanair,Desconocido,Memmingen,Rome,Europe,octubre de 2024,1,"Mi esposo y yo fuimos al mostrador de embarque a un ritmo relajado solo para que nos dijeran que el embarque estaba cerrado. El avión estaba frente a nosotros, la gente estaba parada a dos metros, el embarque no había comenzado. Aparentemente el ordenador se bloquea después de 20 minutos, después de eso no es su problema. No entiendo por qué no dan un último grito. No fuimos los únicos a los que les pasó esto. Los empleados de Ryan Air se sentaron en el mostrador de embarque charlando entre ellos, tuvieron tiempo de dar una última llamada."
RYR_0832,Ryanair,Desconocido,Berlin,Palma de Mallorca,Europe,octubre de 2024,1,"Tuve que viajar con un grupo de pasajeros borrachos, que hacían lo que querían mientras la tripulación de cabina estaba mirando / ignorando el hecho de que se estaba celebrando una reunión de bebida en medio de los pasillos. Hablamos con la tripulación ""no hay nada que podamos hacer"" fue su respuesta. Aparatos sanitarios destruidos. Cereza encima: el vuelo llegó más tarde de lo anunciado. El peor vuelo que he tenido."
RYR_0833,Ryanair,Desconocido,Birmingham,Malaga,Europe,octubre de 2024,1,"Vuelo retrasado desde Birmingham (no es culpa de Ryanair), pero Ryanair nunca se molestó en cargar equipaje en el avión. No informó a los pasajeros, no informó a la tripulación de tierra. Los pasajeros estuvieron sentados durante una hora esperando equipaje hasta pasada la medianoche. Ninguna comunicación de Ryanair - ninguna excusa para un servicio tan impactante"
RYR_0834,Ryanair,Desconocido,Rome,Oviedo,Europe,octubre de 2024,4,"La tripulación de cabina perfecta, pero en el aeropuerto de Roma fiumicino una auxiliar muy muy borde empeñada en que todo el mundo se descargara la aplicación de Ryanair y facturara por si misma y al que no podía por haber reservado con agencia unas contestaciones muy groseras, de hecho algunos asustados pensando que no podían viajar y kes tuve que explicar yo que se pusieran a la cola y facturarían en los mostradores sin ningún problema cuando ese es su trabajo. Está gente no se dan cuenta de que si facturamos nosotros su puesto de trabajo no es necesario."
RYR_0835,Ryanair,Desconocido,London,County Kerry,Europe,octubre de 2024,1,Atrapados en la pista durante casi 5 horas por un poco de viento y dijeron que no querían dañar el avión abriendo las puertas. Ofrecía taytos o refrescos ya que la comida o bebida caliente no estaba en voz alta. Sabiendo esto ellos mismos sobre las condiciones climáticas volaron de todos modos sabiendo que nos dejarían en tierra a su llegada (claramente no queriendo ver el vuelo retrasado en caso de que tuvieran que pagar un poco de compensación) esto fue Kerry a Londres
RYR_0836,Ryanair,Desconocido,Lisbon,Seville,Europe,octubre de 2024,1,"¡La peor experiencia con Ryanair! Esta aerolínea cobró a mi familia 110 euros por no registrarse en línea debido a un problema de Internet. ¡Ninguna otra aerolínea cobra tarifas tan irrazonables e inaceptables! ¡Nunca irá con esta complicada aerolínea barata! Ryanair - ¡NO hay reputación, NO hay futuro!"
RYR_0837,Ryanair,"Redditch, Reino Unido",Las Palmas de Gran Canaria,Birmingham,Europe,octubre de 2024,1,"¡Un servicio al cliente extremadamente deficiente en la puerta de embarque, el personal avisando que están cerrando puertas y negándose a sacarme a mí y a mi hija de la enorme fila en la que estábamos atrapados para el control de pasaportes ya que tenía menos de 18 años! Afortunadamente una mujer maravillosa nos dejó entrar por ella de lo contrario habríamos perdido nuestro vuelo! Llegué a bordo para encontrar a alguien más sentado en nuestro asiento que habíamos pagado y el personal de Ryanair no ayudando con la situación en absoluto, entonces todos necesitábamos una bebida después de las horas de estrés en el aeropuerto para descubrir que se habían quedado sin todas las bebidas después del último vuelo! ¡Solo tenía agua disponible! ¡Muchos boletos libres de impuestos y de lotería, pero no hay comida ni bebida! ¡Creo que Ryanair necesita repensar los acuerdos de stock y formar al personal de manera básica!"
RYR_0838,Ryanair,Desconocido,Lisbon,Seville,Europe,octubre de 2024,1,Pésima experiencia. Retrasó dos veces la salida sin explicación. Nunca se molestan por el servicio al cliente. Mal trato por parte del Personal.
RYR_0839,Ryanair,Desconocido,Naples,Palma de Mallorca,Europe,octubre de 2024,1,Nos hizo esperar en la fila dos veces porque llegábamos “demasiado temprano” nos cobraron una tasa de registro de 110 $ tarde porque llegábamos “demasiado tarde”. Mi consejo es pagar los $ 100 - $ 200 extra e ir con una aerolínea real. Definitivamente empeoran aerolínea que he experimentado.
RYR_0840,Ryanair,"Sisak, Croacia",Zagreb,Dublin,Europe,octubre de 2024,1,"Vuelo a menudo de Dublín a Zagreb últimamente y muchos vuelos se retrasaron, lo que es muy malo para el viaje y las citas de negocios y para cualquier otro plan hecho!"
RYR_0841,Ryanair,"Oulton Broad, Reino Unido",London,Dublin,Europe,octubre de 2024,5,"Ryanair recibe un montón de mala publicidad, pero tengo que decir que mi viaje de ida y vuelta de Dublín fue sin un solo problema, todo a tiempo, ninguna tarifa de problemas de equipaje estaba bien teniendo en cuenta los cargos adicionales por una maleta, etc."
RYR_0842,Ryanair,Desconocido,London,Lanzarote,Europe,octubre de 2024,1,"Horrible, más incómodo avión, nunca más! Pague por asientos adicionales en el espacio para las piernas solo para descubrir que no puede arreglar el cinturón de seguridad y necesita un extensor (grasa avergonzada por ser naranja brillante) y no se le permite sentarse en los asientos adicionales del espacio para las piernas con un extensor. Es curioso como los asientos estándar tienen un cinturón de seguridad más largo, seguramente todos deberían tener la misma longitud que los estándar? Podría anunciarse como una Aerolínea barata aunque con todos los costes adicionales por los extras no estoy convencido pero en mi opinión no merece la pena. Obtienes lo que pagas."
RYR_0843,Ryanair,Desconocido,Edinburgh,Dublin,Europe,octubre de 2024,1,"Evita Ryan Air si es posible. Ryan Air es una operación de “obtención” total. Traté de hacer todo correctamente. Pagué por adelantado por todo. Asientos, prioridad, vía rápida, equipo deportivo facturado, una bolsa pequeña y una bolsa de cabina, incluso un seguro que nunca adquiero. Estaba atento a los pesos de las bolsas. Me presenté en el aeropuerto más de dos horas antes y revisé mi bolsa de golf. Había pagado por mi maleta de mano y tenía una bolsa de rodadura de lados suaves que es un equipaje de mano en cualquier otra aerolínea del mundo. Llegué a la puerta y mientras abordaba me pidieron que pusiera mi maleta en la cosa para medir la maleta. Básicamente encajaba, pero sobresalía alrededor de 1 a 2 pulgadas. Luego me informaron que serían 75 libras (unos 100 dólares) y lo comprobarían. Esto también le estaba pasando a muchas otras personas. No tuve elección, así que pagué. Mucha gente estaba descontenta y discutiendo con los agentes de la puerta. Le dije a la mujer “debes lidiar con gente enojada todo el día” ella respondió “sí”. En resumen, si aplican estrictamente todo y cobran tarifas irrazonables. Vuela con otra aerolínea."
RYR_0844,Ryanair,Desconocido,Valletta,London,Europe,octubre de 2024,1,Volviendo de malta al aeropuerto londinense de Stansted he tenido que sacar mis cosas de mis otras maletas donde cobraban 60 euros solo para subir mis 2 maletas al avión que están a punto y mi vuelo tardó más de 3 horas nunca voy a volar con ellas baratas pero grandes estafas a las aerolíneas
RYR_0845,Ryanair,Desconocido,London,Seville,Europe,septiembre de 2024,1,"Pagado por 4 vuelos, incluyendo equipaje. La primera máquina no funcionó. La segunda máquina solo nos deja facturar dos maletas. Nos pidieron que lleváramos la última bolsa al avión. Llegamos al avión y nos hicieron pagar £ 60 por una maleta de mano que ya habíamos pagado y habíamos intentado facturar. La señora se disculpó porque pasa todo el tiempo y no está claro. No recomendaríamos Ryanair y haremos todo lo posible para evitar volver a volar con ellos. Volamos a Sevilla 6 - 7 veces al año, por lo que su pérdida."
RYR_0846,Ryanair,Desconocido,Rome,Split,Europe,octubre de 2024,5,"Este fue mi mejor viaje hasta ahora. Definitivamente recomendado a todos para un transporte rápido, seguro y cómodo! ¡Son los mejores!"
RYR_0847,Ryanair,Desconocido,Valletta,London,Europe,octubre de 2024,1,"La peor vía aérea voladora de la historia. Harán cualquier cosa para quitarte el dinero, y el personal grosero, es una broma. No recomendar a nadie."
RYR_0848,Ryanair,"Cary, Carolina del Norte",Catania,Rome,Domestic,octubre de 2024,1,"Traté de comprobar - en el uso de la aplicación: lo siento, es demasiado pronto. La próxima vez que lo intenté: lo siento, es demasiado tarde. Debido a que (apenas) perdí la ventana de facturación en línea, tuvimos que hacer el check-in en el aeropuerto y cobramos más de la tarifa por el privilegio y perdimos nuestra reserva confirmada y tuvimos que volar en espera! Es exasperante. No culpo al personal, sólo estaban haciendo su trabajo. Es política de la compañía atrapar a gente así."
RYR_0849,Ryanair,Desconocido,Aarhus,London,Europe,noviembre de 2023,5,"Ryanair es SIEMPRE mi opción - a la aerolínea. Tienen un espacio para las piernas impresionante, ¿realmente no puedo ver por qué la gente odia en ellos? ¡Son muy buenos!"
RYR_0850,Ryanair,Desconocido,Milan,Prague,Europe,octubre de 2024,1,"Política de Ryanair: 1 . Caro y quieren dinero para todo 2 . ¿Te gustaría hacer un reembolso? Sin reembolso, sin problema 3 . Tienen aviones modernos de los 70. 4 . Puede respirar y parpadear sin ningún cargo 5 . ¿No tienes dinero? ¡Consigue otra compañía! No puedes, porque no tienes elección."
RYR_0851,Ryanair,"Provincia de Barcelona, España",Palma de Mallorca,Vienna,Europe,octubre de 2024,1,"Nunca más. Los agentes de la puerta del aeropuerto de Mallorca (PMI) son discriminatorios y están buscando cobrarle un extra de cualquier manera que puedan. Mi esposa y yo habíamos pagado por el embarque prioritario, mientras que ambos de nuestros equipajes son del mismo tamaño, mi esposa se vio obligada a pagar para registrar su equipaje a pesar de que encajaba en sus medidas. Un agente dijo que estaba bien, el otro mayor, que claramente estaba buscando hacer dinero extra para la empresa, no lo haría sin pagar 70 euros. Fue indignante. Ese es el precio de volar una aerolínea ""low cost"". Compensan el ""bajo costo"" con tarifas de extorsión en cualquier lugar que puedan. No te dejes engañar por estos estafadores. La única manera de que cambien es a través del boicot y para volar otras aerolíneas más reputadas."
RYR_0852,Ryanair,Desconocido,Bristol,Venice,Europe,octubre de 2024,1,"Esta aerolínea es horrible. . . Me cobraron 75 libras adicionales por una maleta de cabina que es exactamente del tamaño de su póliza para maletas de cabina. Su personal es poco servicial y tienen dobles raseros donde vimos a personas sacando artículos de sus maletas para ajustarse a las medidas de las maletas, pero pudieron continuar a bordo sin que se les cobrara. Te sugiero que si quieres volar con Ryanair no lo sea también ya que te engañan con multas. ¡Seguro que no volveré a volar con ellos!"
RYR_0853,Ryanair,Desconocido,Vilnius,London,Europe,octubre de 2024,1,"El personal de Ryanair Lithuanian escanea los billetes de embarque del aeropuerto de Vilna . Es triste ver a gente tan amargada e infeliz, con alma podrida. Repitiendo sobre la franquicia de equipaje cuando mi mochila era demasiado grande por uno o dos centímetros ... haciéndome meter mi libro en el bolsillo de mi abrigo y haciendo un punto y amenazándome con que no tomaré un vuelo si no meto esto en ... Sencillamente triste y gente como esta no debería estar haciendo este tipo de trabajos."
RYR_0854,Ryanair,Desconocido,Manchester,Vienna,Europe,octubre de 2024,1,"Esta valoración se refiere a Ryanair Transfers, tal y como se anuncia en su página web. Le escribo en relación con mi reciente experiencia de traslado con “Ryanair Transfers” del aeropuerto de Viena al Hotel Post City Centre. Reservé un traslado privado para mi amiga y para mí porque, al ser “señoritas de cierta edad”, queríamos llegar a nuestro hotel con seguridad y no queríamos preocuparnos por coger un tren o autobús a las 21 horas. Al principio la recogida fue sin problemas y el conductor era educado y agradable. En algún momento el conductor se desvió de la calle Principal y de inmediato fue rodeado por automóviles policiales y uniformados. Dijeron que estaba trabajando ilegalmente y que no podíamos continuar nuestro viaje. También dijeron que deberíamos “tomar un taxi” en la calle para continuar nuestro viaje. Exactamente lo que no queríamos hacer y con más gastos. Bienvenidos a Viena pensamos... Posteriormente cancelé nuestro traslado de regreso, ya que había perdido toda fe en el servicio y no podía subir a un automóvil sabiendo que podría ser ilegal y, por lo tanto, sin seguro. Esto supuso una vez más un coste adicional para regresar al aeropuerto. Mi tarjeta de crédito mostró ET Car Hire London. 'looking 4 transfers', cartrawler, y Ryanair están todos involucrados en algún lugar, pero es imposible encontrar a alguien responsable. Mi consejo es evitar Ryanair Tranfers a toda costa - el uso de un conductor ilegal y sin seguro podría tener consecuencias fatales - cuidado ... . ."
RYR_0855,Ryanair,Desconocido,Milan,London,Europe,octubre de 2024,1,"El vuelo se retrasó masivamente, y hubo frecuentes interrupciones durante el vuelo. Parecía que elegían a propósito momentos en los que todo el mundo se dormía para subirse al tannoy a vender cosas. Cronometré uno de estos argumentos de venta a las 4. 5 minutos, espilas ruidosas e innecesarias para vender boletos de lotería o perfume. Los asientos son incómodos y el vuelo se sentía inseguro a veces."
RYR_0856,Ryanair,Desconocido,Dublin,Glasgow,Europe,octubre de 2024,1,"Pagué por exceso de equipaje por si acaso. Luego me golpearon en la puerta para pagar más equipaje. Tenía 30 kg todo arriba, pagado por 80 kg. Una gran estafa. Preferiría pagar más en vuelos y ser tratado mejor. El personal es grosero y más que feliz de decirle a todo el aeropuerto. No recomendaría incluso si dentro de un presupuesto. Solicité un reembolso, sí, invitado, se mantuvo pulsando un botón de respuesta por correo electrónico. Ninguna investigación podría importarle."
RYR_0857,Ryanair,Desconocido,Bologna,London,Europe,octubre de 2024,1,"Si crees que tiempo = dinero, ryanair te está costando mucho. Nuestro vuelo se retrasó 2 veces. 5 horas a 11: 25 PM y luego durante 6 horas más hasta las 5 : 45 PM. No se proporcionó ningún tipo de comunicación, excepto a través de correos electrónicos automatizados sobre nuestros derechos en la UE y cómo tan amablemente han proporcionado un bono de 4 euros para los cafés participantes en el aeropuerto, que ni siquiera abren hasta las 4 am. Buena suerte para usted si ha facturado equipaje, ya que tendrá que recogerlo, salir y repetir todo el shebang de nuevo en un aeropuerto caótico con personal grosero e ineficiente. Ryanair le informará sobre todos los derechos a la compensación por correo electrónico, pero luego le dirá en su sitio web que es raro que paguen, ya que la mayoría de las condiciones están fuera de su control. Cada dos vuelos de esa noche seguían adelante, y aun así, he experimentado retrasos durante la noche con otros proveedores de presupuesto que al menos te proporcionan lo mínimo y te tratan como humanos. Ryanair básicamente te trata como ratas. Esto podría haber sido parcial, ya que hemos tenido mala suerte con los retrasos, pero esto nos ha marcado y las £ 30 de diferencia a otras compañías vale la pena cuando tienes que pasar por algo así. Es literalmente volar bajo tu propio riesgo."
RYR_0858,Ryanair,Desconocido,Malaga,Palma de Mallorca,Domestic,octubre de 2024,1,"UNA VERGÜENZA. Teníamos que salir a las 23:30 de Málaga y hasta las 2:15 no ha salido el avión. Ya haciendo el embarque, a una señora le han hecho apartarse de la cola porque llevaba un bolsito pequeño además de su maleta de mano. Se lo hacían pagar. No ha sido a la única a la que le han puesto pegas por algo mínimo que después de un retraso de 3 horas y siendo las horas que eran, es lo último que piensas en hacer. Servicio pésimo. Uno de los azafatos ha sido un verdadero mal educado cara al público. He viajado 3 veces con Ryanair y sin duda, no se lo recomiendo a nadie. Después de todas las quejas que recibe esta aerolínia no se como siguen trabajando y organizandose de la misma manera. Espero que algún dia tomeis medidas."
RYR_0859,Ryanair,Desconocido,Manchester,Tenerife,Europe,octubre de 2024,1,"No tenían agua, ni cerveza ni patatas fritas a bordo. El personal era grosero y en sus teléfonos la mayor parte del vuelo (claramente no se molestó en ponerlos en modo vuelo) nos costó subir a los escalones con cochecito exterior solo para que nos dijeran que necesitábamos dejarlo en los otros escalones. . y solo para colmo el vuelo llegó 40 minutos tarde, así que perdimos nuestro traslado al hotel. Nunca más volaré con Ryanair. Broma de una aerolínea. Preferiría hacer caca en mis manos una palmada que consiga otro vuelo de Ryanair."
RYR_0860,Ryanair,Desconocido,Dublin,Glasgow,Europe,octubre de 2024,1,"Después de cancelar mi vuelo esperé 3 horas para el Helpdesk de Ryanair. Una vez en la parte superior nos informaron que estábamos en la zona equivocada para los vuelos cancelados. La agente de servicio al cliente declaró que había bajado la cola e informado a todos de esto, pero esto era completamente falso (como lo demuestra la cola de 3 horas de personas cuyos vuelos habían sido cancelados). Una vez que nos quejamos, dejó el escritorio sin administrar. Tuve que volver a reservar mi vuelo y encontrar mi propio alojamiento alternativo por 2 noches, ya que la cola en el lugar “correcto” era X 5 más largo! Siento que esto se ha manejado terriblemente y como viajero frecuente con Ryanair me sentí extremadamente decepcionado."
RYR_0861,Ryanair,Desconocido,London,Barcelona,Europe,octubre de 2024,1,"Ryanair es una aerolínea de basura. He hecho dos viajes separados desde Londres Stansted a destinos en Europa - nunca más. Al menos una cosa salió mal en cada pierna (cuatro en total). Los dos peores fueron el fiasco en Oporto cuando en realidad nos hicieron registrarnos y bajar por la pasarela para abordar el avión, luego después de media hora de pie allí en calor de 85 grados, nos dijo que estábamos en la pasarela equivocada! ¿Sabes qué? Tuvimos que retroceder - rastrear, uno por uno, mientras nos registraron de nuevo ""en"" al aeropuerto, y luego nos hicieron mover la puerta vecina. Fue un desastre, todo el mundo sudando y tratando de permanecer civilizado. ¡Qué horror! La otra experiencia de regreso fue en camino de regreso de Barcelona. El avión llegó unos 30 minutos tarde, sin personal que nos informara de lo que estaba sucediendo. Cuando el personal realmente apareció y la gente hizo cola, caminaron por las filas buscando personas cuyas maletas podrían ser demasiado grandes de acuerdo con sus límites de tamaño de maleta MUCHO MÁS PEQUEÑOS - me enteré de la manera difícil que mi maleta de buena calidad comprada específicamente para llevar a cabo (y que había utilizado como equipaje de mano para al menos seis vuelos anteriores, incluido el vuelo de Ryanair entrante! ) era una fracción demasiado grande para caber en su ""caja. "" Me vi obligado a pagar 70 Euros y la inconveniencia de facturar mi maleta. Si miras a tu alrededor, había muchos otros pasajeros cuyas maletas eran al menos tan grandes, si no más grandes, que las mías. Llevo demasiado tiempo. Basta decir que NUNCA VOLVERÉ A VOLAR RYANAIR."
RYR_0862,Ryanair,Desconocido,Tangier,Madrid,International,octubre de 2024,1,Experiencia malísima no volveré a volar con Ryanair compañía de bajo coste mentira llena de ladrones y cuando les pides explicaciones se ríen de ti en la cara mal educados y poco profesionales Al llegar al mostrados de facturación con nuestras tarjetas de embarque impresas y asientos adjudicados éramos cuatro personas nos dicen que no podemos facturar y que si queremos montar en el avión tenemos que pagar 70€ por persona Nosotros solo íbamos al mostrador a que pesaran dos de nuestras maletas que teníamos contratadas con 20 kilos cada una pues llegamos allí nos cobran 70€ a cada uno es decir 280€ y nos dicen que la maleta la llevemos nosotros directamente al avión sin pesarla ni nada Reclamas y te dicen que no tienes razón Desde luego será la última vez que viajemos con esa compañía pues encima de ESTAFADORES siempre retrasan sus vuelos mínimo una hora sin pensar en las consecuencias que pueda ocasionar a cada uno de sus pasajeros
RYR_0863,Ryanair,Desconocido,Bucharest,Paphos,Europe,septiembre de 2024,1,"Están acosando a sus clientes y cuando protestan, lo castigan, o se ajusta a su abuso o se castiga. Espero que quiebren muy muy pronto."
RYR_0864,Ryanair,Desconocido,London,Venice,Europe,septiembre de 2024,5,"Después de haber volado más de 100 viajes con Ryanair, y mucho más con todos los demás presupuestos, incluso en los Estados Unidos y en todo el sudeste asiático, Ryanair es uno de los mejores, si no el mejor en general. La mayor parte de las quejas que se presentan aquí se refieren a problemas aeroportuarios que sufren todas las aerolíneas y a la captura de equipaje. La etiqueta de la tienda puede decir que tu bolso es de un cierto tamaño, pero a menudo las ruedas y el asa oculta no se cuentan (la etiqueta a menudo se refiere a la capacidad) y una vez que comienzas a llenarlo pueden expandirse en tamaño. Siempre hay portaequipajes alrededor del área de entrega de equipaje cuando apareces en el aeropuerto. Pruébalo allí. Si no encaja completamente, entonces usted está jugando en si la puerta va a aplicar controles. Entra en línea, compra el tamaño de equipaje correcto en lugar de la tarifa de la puerta. De lo contrario, el personal de la puerta toma una visión general rápida de la fila de personas y estima si habrá un problema con el espacio en los casilleros de la cabina, especialmente si hay un alto número de personas prioritarias que buscan obtener una bolsa de gran tamaño más allá de la puerta pensando que la prioridad es igual al derecho. Si hay un llamado para que los voluntarios pongan sus maletas en la bodega y tienes alguna inquietud estas sobre tamaño (recuerda las ruedas) voluntario y evita una comprobación de tamaño! ! ! A menudo, el personal sube a la cola, si preguntan por su bolso, significa que están adivinando que no pasará la verificación de tamaño. Si te ofrecen un transporte de bodega gratuito pero te niegas, es por eso que terminas siendo el que tiene el tamaño de la maleta revisado. El otro problema principal es que la gente no se registra en línea antes de llegar al aeropuerto y ser picado en el mostrador. Este procedimientoe es ahora común en la mayoría de las aerolíneas con altos costos para aquellos que todavía de alguna manera logran pasar por alto las advertencias contundentes y muy claras antes de la reserva, durante la reserva y a través de correos electrónicos después de la reserva. Si la aplicación o el sitio web no están funcionando, obtenga capturas de pantalla para obtener evidencia y obtenga confirmación por escrito en el mostrador de facturación. Debería haber la mitad del vuelo con el mismo problema, por lo que el problema estará bien marcado en el sistema de reembolsos. La política local a cobrar tiene que ser implementada para que la computadora emita una tarjeta de embarque - o tal vez usted estaría más cómodo con cualquier persona que recibe una tarjeta de embarque con CERO seguridad. Sospecho que muchas de las reclamaciones hechas aquí de cargos por check-in que no son reembolsados tienen una historia de fondo - si el sitio web o la aplicación está caído, usted no sería el único pasajero afectado. La distancia entre asientos se debe al tipo de avión y los Boeing de Ryanair son en realidad más generosos que los aviones Airbus. Estira las piernas debajo del asiento de delante, hay una gran cantidad de espacio allí si lo buscas. Los vuelos económicos, incluyendo las principales aerolíneas en estos días son autobuses voladores. Están punto a punto sin ceremonia ni fantasía. No eres nada especial yendo en avión, eres solo uno de los cientos de millones que vuelan cada año, no eres un VIP, una estrella de rock o una celebridad. Deje de esperar ser tratado como tal y muestre un poco más de respeto por todo el personal que hace que sea tan fácil acceder a la libertad de viaje real."
RYR_0865,Ryanair,Desconocido,Manchester,Milan,Europe,octubre de 2024,1,"El servicio de atención al cliente a través del centro de llamadas es una basura absoluta, ya que esperar 40 minutos y no poder hablar con nadie sobre mi alquiler de coches que parecía pendiente a pesar de que he pagado por ello!"
RYR_0866,Ryanair,Desconocido,Liverpool,Dublin,Europe,octubre de 2024,1,"¡Cuidado con la estafa de equipaje de Ryanair! Parece que aunque lleves una bolsa dentro de las medidas y límites te siguen cobrando. Cuando envié pruebas fotográficas de esto, sus llamados servicios al cliente todavía se negaron a reembolsar el cargo de £ 60 que tuve que pagar en la puerta. Háganse un favor, elijan una aerolínea diferente."
RYR_0867,Ryanair,Desconocido,Frankfurt,London,Europe,octubre de 2024,1,"Anoche mi hermano tuvo vuelo. No tiene idea de esta aerolínea. Primero dieron entrada sin tarjeta de embarque también hacen stemp en pasaporte sin ninguna tarjeta de embarque. Pero en la última cuando mi hermano hizo cola en la puerta de entrada (de la última hora) en los últimos 10 minutos cuestionaron sobre la tarjeta de embarque ... debido a su mal servicio mi hermano pierde su vuelo. Además su personal no es bueno no te dan la respuesta correcta incluso no solucionan tus problemas de acuerdo a tu vuelo. Así que es mi sugerencia personal Nunca creas en esta aerolínea dar algo más de dinero a otras aerolíneas porque si tu cerca vienes por esta aerolínea no te proporcionarán ninguna sugerencia tampoco ayudándoles así que elige cuidadosamente tu vuelo. No le dieron su reembolso o ningún vuelo alternativo, incluso es su culpa y su mal servicio"
RYR_0868,Ryanair,Desconocido,Prague,Copenhagen,Europe,octubre de 2024,1,Personal horrible muy irrespetuoso y grosero. Me dijeron que en el registro de equipaje antes de la seguridad mi transporte - en el tamaño estaba bien entonces en la puerta fue gritado y llamado estúpido por no revisar mi bolso. NUNCA volverá a tomar esta aerolínea.
RYR_0869,Ryanair,"Tampa, Florida",Palma de Mallorca,Valencia,Domestic,octubre de 2024,1,"Engañados asi fue...no pudimos hacer el check in on line por no tener internet, pagamos en el aeropuerto 30+Euros por persona (3 total) y no nos permitieron abordar el avion por que estaba over booking,como fue esto posible si compramos los pasajes directamente a la compania con 3 meses de antelacion ?? por que si sabian que estaba over booking el vuelo,nos cobraron el dinero de check in en mostrador ?? hay malicia en esta compania,son delincuentes con trajes (trabajadores del aeropuerto de Palma de Mallorca,Espana) Perdimos Hotel, transporte y una reunion importante que teniamos al dia siguinte en nuestr destino."
RYR_0870,Ryanair,"Nueva York, Estado de Nueva York",Palma de Mallorca,Rome,Europe,septiembre de 2024,1,"Volamos un vuelo de ida y vuelta en Ryanair entre Roma y Mallorca hace un par de semanas. Deberíamos haber leído las muchas malas críticas antes de reservar esta parte de nuestro viaje. Animo encarecidamente a la gente a creer en el uno - estrellas reseñas a continuación. También advierto a los viajeros de negocios y a las personas con conexiones de vuelo que eviten las molestias adicionales de un vuelo de Ryanair. Basándonos en nuestra experiencia, haremos todo lo posible para evitar Ryanair en el futuro. Vale la pena señalar que volamos extensamente por razones personales y de negocios. Ocasionalmente volamos con aerolíneas de bajo costo y generalmente no tenemos problemas con la experiencia. Pero esto se sentía muy diferente... descuidado en demasiados sentidos con elementos de una operación de ""cebo y cambio"". Bajo coste significa realmente baja calidad en Ryanair. Primero, nuestro vuelo era el único vuelo en el monitor que mostraba ""retraso"" y el personal de Ryanair no tenía idea de dónde estaba su avión, cuándo llegaría y qué puerta de salida estábamos usando. Tampoco parecía importarles. Llegamos a Roma casi dos horas tarde y nuestros planes para esa noche se vinieron abajo. Esta aerolínea de “pellizcos de centavos” parecía convertirse en “captura de dinero” a medida que nuestro avión comenzaba a abordar. Los agentes de la puerta finalmente dejaron de hablar entre sí y mirar sus teléfonos y se centraron singularmente en medir las bolsas enrollables que claramente cabían en la parte superior y cobrar una tarifa adicional por la bolsa de verificación de la puerta. Cree en las muchas críticas, el etiquetado de maletas de última hora en la puerta es una manera en que esta pobre excusa para una aerolínea extorsiona a los pasajeros con boletos. Mi maleta bien viajada estaba en la parte superior en el vuelo de Roma a Mallorca, pero la persona en la puerta en Mallorca dijo que no cabría en el vuelo de regreso (mismo avión, misma parte superior). Hizo algunos comentarios sobre los agentes de la puerta en Roma que no hacían su trabajo (no bromeaba) y dijo que mi bolso no iba en el avión en la parte superior. Me vi obligado a dejarla etiquetar mi bolso y cobrarme 78 dólares adicionales. Btw - Tenía un billete de embarque “prioritario” que permite el embarque anticipado y dos maletas de mano. Nada de eso importa cuando el único objetivo es extraer más dinero de un titular de boleto. (Nota: Los ""billetes prioritarios"" no valen el dinero extra. No lo hagas.) Así que pagué y luego rodé la bolsa en el jetway, pero nadie estaba allí para tomar la bolsa. Lo hice rodar en el avión y lo puse en la parte superior con esa etiqueta de verificación de la puerta todavía colgando de la bolsa. Nota: También contacté a mi tarjeta de crédito mientras estaba sentado en el avión e inicié el proceso de disputa del cargo. A continuación, la tripulación de a bordo pasó todo nuestro vuelo vendiendo cosas a los pasajeros, primero billetes de lotería (que nadie compró), luego perfume libre de impuestos y colonia. También vendían bebidas y aperitivos. He leído que Ryanair se queda con la mayoría de las ganancias de los boletos de lotería mientras le dice a los pasajeros que están recaudando dinero y lo dan a una causa digna. Una cosa más que evitar en Ryanair. Mientras que la tripulación de vuelo estaba muy enfocada en vender cosas, no hicieron lo básico de inspeccionar el avión entre vuelos. El desastre en nuestro avión estaba a plena vista. A la cerradura de la puerta del baño le faltaba el pomo, y el avión estaba sucio (migajas de comida en el asiento a mi lado, mesas de bandeja sucias y algunas servilletas en el piso debajo del asiento frente a mí). Esta parte de la experiencia me recordó una historia que escuché hace muchos años sobre un CEO de una aerolínea importante que, al dirigirse a todo su personal, dijo: ""Las mesas de bandejas sucias en los respaldos de nuestros asientos envían un mensaje a nuestros pasajeros de que no mantenemos nuestros aviones. "" Su punto fue que si no hacen bien las pequeñas cosas, ¿por qué los pasajeros deben confiar en que mantendrán el avión? Irónicamente, acabo de ver que un vuelo de Ryanair fue evacuado antes de despegar en la pista de Brindisi, Italia, el 3 de octubre de 2024 , con llamas aparentemente disparadas desde un motor. Búscalo. No es un gran look para la aerolínea pincher."
RYR_0871,Ryanair,Desconocido,Milan,Vienna,Europe,agosto de 2024,1,"Mi hermana y yo tomábamos un vuelo por la tarde. Comenzamos a abordar con normalidad, pero nos detuvieron en el puente de pasajeros caliente y húmedo durante unos 45 minutos cuando finalmente nos dijeron que nuestro vuelo se retrasaría durante 2 horas. No es gran cosa, pasa. Volvemos cuando llega el momento y no hay nadie para abordar el avión. Unos diez minutos antes de la nueva hora de vuelo un par de azafatas aparecen y un rumor de un retraso de 6 horas surge a través de los volantes. Digo un rumor porque en NINGÚN momento pasaron por el intercomunicador y hicieron un anuncio. Fue un caos. Así que después de seis horas, que no recibimos un vale de comida, el vuelo se retrasó otras dos horas. Perdimos un día entero en Viena, perdimos nuestro próximo transporte para llegar a la ciudad y llegamos casi a la 1 am - forzándonos a tomar un taxi de $ 80 dólares. Y lo que es más, como estadounidense, literalmente NO había MANERA de que me pusiera en contacto con el servicio al cliente para solicitar la devolución del dinero que se me debía por el retraso por derechos. Allí la plataforma en línea no permite solicitudes que tengan un banco estadounidense y buena suerte hablando con nadie por teléfono. Además, el peor aterrizaje que he experimentado."
RYR_0872,Ryanair,"Cannock, Reino Unido",Birmingham,Fuerteventura,Europe,octubre de 2024,2,"Esta será la última vez que vuelemos con esta aerolínea , personal que simplemente no quiere estar allí , asientos horribles apretujados , todo es dinero extra incluso para sentarse en cualquier lugar cerca de su familia , situaciones peligrosas todo el tiempo con la cantidad de alcohol servido y permitido a bordo, pasajeros arrancando y el personal no hacer nada al respecto , juramentos y amenazas de violencia entre los pasajeros esta compañía es un desastre esperando a suceder Nunca voy a considerar volar con ellos de nuevo pagar un poco más por la seguridad y un comienzo / final agradable de sus vacaciones"
RYR_0873,Ryanair,Desconocido,Edinburgh,Dublin,Europe,octubre de 2024,1,"Ladrones. Tratan de cobrarte por cualquier extra. Muy dictadores con el equipaje de mano y si pueden te dan el sablazo. Asientos muy incomodos y venden tabaco en el avión. Si puedes evitarlos, compra los vuelos en otras compañías. Además de que acaban saliendo caros los billetes, es muy incomodo hasta embarcar con ellos en el avión."
RYR_0874,Ryanair,Desconocido,Bristol,Tenerife,Europe,octubre de 2024,1,"Ryanair debería llamarse con-aire. Ten cuidado con el tamaño de tu maleta de mano, es más pequeña que todas las demás aerolíneas. Aunque mi mini bolso encajaba en el tamaño checker se sacó la parte superior, superior de la foto, por la que me cobraron £ 60. Aire acondicionado."
RYR_0875,Ryanair,Desconocido,London,Rhodes,Europe,octubre de 2024,2,"Ryanair estaba incómoda y los asientos estaban apretados y muy juntos y apretados. El personal no se comunicó con los clientes, pero estaban bien aparte de eso. No volveremos a volar con Ryanair."
RYR_0876,Ryanair,Desconocido,Rome,Madrid,Europe,octubre de 2024,1,"El peor viaje de mi vida, el piloto no sabe conducir y adicionalmente me cobraron doble el equipaje solo por la mala actitud del personal."
RYR_0877,Ryanair,Desconocido,Edinburgh,Valletta,Europe,octubre de 2024,1,Servicios de basura y cobro extra por cada cosa sencilla que nunca más y no recomiendo en absoluto
RYR_0878,Ryanair,Desconocido,Leeds,Alicante,Europe,octubre de 2024,1,"En primer lugar, habíamos reservado anteriormente nuestras vacaciones con nuestros vuelos incluidos con vacaciones. cuando intentamos hacer el check-in antes del vuelo y tuvimos problemas para hacerlo en línea, ya que el sistema no nos permitiría hacer el check-in a menos que elijamos nuestros asientos, primero de los cuales tienes que pagar extra, que habían asignado asientos para mí y 2 hijos, pero no mi marido y mi hijo de 15 años, debido a esto el sistema no permitiría un check-in. Llegamos al aeropuerto 2 horas antes del vuelo y nos dijeron que ahora teníamos que pagar £ 275 Fui a pagar y ella dijo Ryanair tienen una política de tarjeta solo que no hay efectivo. Le expliqué que no tenía dinero en mi banco, ya que no confío en usar tarjeta en el extranjero y ella dijo bueno, lamento que no vaya a ir de vacaciones mis hijos y yo donde llorar en este punto ella se estaba riendo. Mientras estaba hablando por teléfono con un familiar a las 3 de la mañana tratando de obtener ayuda y sintiéndome angustiada, mi niño autista muy molesto y cansado que llevaba un cordón estaba extremadamente angustiado por todo se estaba derritiendo. La misma mujer y su colega pusieron los ojos en blanco y vinieron a decirnos que nos alejáramos para que otras personas pudieran irse de vacaciones. Me sentí como ellos donde haciendo todo lo posible para no ayudar o empeorar. cuando finalmente logramos pagar pudimos ver a otros pasándolo mal con las mismas 2 personas. Nunca más lo recomendaremos. El vuelo fue terrible, el servicio terrible. Es una pena, ya que son fantásticos en España, pero el Reino Unido deja caer el servicio."
RYR_0879,Ryanair,Desconocido,Milan,Helsinki,Europe,octubre de 2024,1,Me han MULTADO porque tenía bolsas de la compra del aeropuerto y eso cuenta como “un equipaje extra” Y ni siquiera intentaron ayudarme de ninguna manera Y después de la multa me dijeron que una de las maletas tenía que ir en la bodega de carga porque me multaron no pagué un equipaje extra en el avión (46 €) Le pusieron una pegatina pero nadie la cogió y cuando intenté preguntar le dijeron Yo para abordar
RYR_0880,Ryanair,Desconocido,Barcelona,Seville,Domestic,septiembre de 2024,1,"Sumamente impuntuales y les dio igual. No les importa su cliente.A pesar de retrasarse el vuelo más de una hora por la noche, ni ofrecieron lo más mínimos de snack ni tuvieron la decencia de guardar silencio para que los viajeros pudieran descansar….tenían que anunciar a todo volumen los perfumes que tenían en venta"
RYR_0881,Ryanair,"Londres, Reino Unido",Edinburgh,Knock,Europe,octubre de 2024,1,"Mi marido ha intentado reservar 7 veces y después de Ryanair tratar de atraparnos con cargos adicionales, hacernos crear una cuenta y mostrar un mensaje de error para una tarjeta de débito válida no estamos más adelante."
RYR_0882,Ryanair,"Vancouver, Canadá",Zagreb,Thessaloniki,Europe,octubre de 2024,1,"La compañía establece una tarifa secreta de 55 euros por persona para las personas que no realicen el check-in online 2 horas antes del vuelo. Aparentemente no puedes registrarte en persona antes de hacerlo en línea. Y si no lo haces a tiempo pagas 55 euros por persona. Su stand abre exactamente 2 horas antes del vuelo, así que cuando me acerqué, la chica con una sonrisa me dijo que tengo 1 minuto para registrarme - en línea de lo contrario no me darán boletos sin cargo adicional. Me apresuré a iniciar sesión, pero era demasiado tarde. No hubo aviso o notificación de que en - persona check-in es imposible sin check-in en línea, esto es muy nuevo para mí y tuve mi parte de vuelos, donde se puede elegir cómo hacer check-in. Obviamente esta es una trampa para las personas que esperan un servicio honesto de la empresa. ¿Cómo puedo seguir confiando en la gente?"
RYR_0883,Ryanair,"Kingston-upon-Hull, Reino Unido",Manchester,Barcelona,Europe,octubre de 2024,1,"No volvería a volar con Ryanair si fuera la última compañía en la Tierra. Se suponía que el vuelo saldría a las 9. 55 pm. Recibió un correo electrónico en el que se indicaba que se había retrasado con una hora estimada de salida de 11. 56 pm. Esto fue y vino y le dijimos que la nueva hora estimada de salida sería a la 1. 00 de la mañana. Nos dieron una £ 3. 00 vale cada uno, este aparentemente es el cupón de comida como se requiere por la normativa de la UE después de un retraso de 2 horas, aunque no estoy muy seguro de qué tipo de comida se puede comprar por £ 3. 00 en un aeropuerto. Alrededor de las 12. 40 pm comenzaron a enviar pasajeros a través de la puerta, a pesar de no haber tripulación de vuelo a bordo de la aeronave. Después de unos 30 minutos se les dijo que regresaran a la puerta de embarque ya que el vuelo no saldría. A la 1. 49 am Recibí un mensaje de texto indicando que el vuelo partiría ahora a las 6. 45 am y que el equipo de tierra estaba organizando hoteles y transporte. Esto fue lo último que supe de Ryanair. El personal del aeropuerto suministró una botella de agua cada uno mientras intentábamos dormir en la puerta. El vuelo finalmente partió aproximadamente a las 7. 30 am. Al intentar reclamar una indemnización en el formulario correspondiente en el sitio de Ryanair, el formulario muestra un mensaje de error indicando que el vuelo no se retrasó más de 3 horas. Actualmente estoy esperando una respuesta a mi sexta solicitud de indemnización, cada una de mis solicitudes anteriores se atiende con una respuesta genérica que tengo que utilizar el formulario correcto, a pesar de adjuntar capturas de pantalla que muestran el mensaje de error. Diabólica falta de servicio al cliente."
RYR_0884,Ryanair,Desconocido,Rome,Barcelona,Europe,octubre de 2024,2,"Recomiendo no usarla...lo primero por lo que se preocupan es por facturar equipaje..nada de servicio, nos hicieron bajar escaleras con las maletas para ir al avion caminando....una mala experiencia por evitar..mala atención delos empleados."
RYR_0885,Ryanair,"Glasgow, Reino Unido",Prestwick,Palma de Mallorca,Europe,noviembre de 2023,3,"Muy sorprendida con Ryanair, no estuvo tan mal. . . Había un chico molesto pateando el respaldo de mi asiento y sentado en la mesa de la bandeja, pero ¿qué puede hacer el CC al respecto? No conseguí comida, no se veía tan bien jajaja. Pero era un vuelo bastante barato, así que estaba por encima de la media del vuelo. La tripulación de cabina también era bastante amable, español creo. (Revisión del 23 de septiembre , no del 23 de noviembre )"
RYR_0886,Ryanair,Desconocido,Lisbon,Manchester,Europe,octubre de 2024,1,"El servicio más feo Hora de salida: 17 : 50 pero volar de Lisboa a las 19: 49 . Fue solo 2 horas de retraso, pero fue la experiencia más agotadora. Tras retrasar el vuelo dos horas RYANAIR ofreció vender agua por 3€ ~<<< {] ##€^} ~iiittttt"
RYR_0887,Ryanair,Desconocido,Zagreb,Brussels,Europe,julio de 2024,3,"Lo bueno de esta compañía son sus vuelos de bajo presupuesto, por lo que esta calificación es satisfactoria. El mayor problema que he experimentado con ellos es el desfase y poco espacio para estirar las piernas mientras estás sentado. En general, califiqué a esta compañía como suficientemente buena y volvería a volar con ellos."
RYR_0888,Ryanair,Desconocido,Barcelona,Dublin,Europe,octubre de 2024,1,"Si pudiera dar Ryanair - 1, lo haría. El personal de recepción que trabaja para Ryanair es terrible, mi hermana menor de edad que estaba en un viaje escolar a Barcelona volviendo a Dublín se ha traumatizado es lo que diría a la ligera. La forma en que hicieron llorar a una menor porque al parecer no se puede llevar más que una mochila y una bolsa pequeña en el avión a pesar de que ella ya lo había pagado con la escuela está a otro nivel. Hubo un personal femenino y masculino que se entregó a ella, la ignoró mientras hacía una pregunta, habló con ella duramente, todo mientras estaba sola sin la supervisión de un adulto también. No puedo creer que trataran tan mal a alguien, ella tuvo la peor experiencia y fue horrible para nosotros ya que no estábamos allí para ayudarla. Volar con Ryanair es una vergüenza, nunca más especialmente porque ella era solo una estudiante de la escuela y el personal fue diseñado para ayudar a no ignorar."
RYR_0889,Ryanair,Desconocido,Marrakech,Girona,International,octubre de 2024,1,"Compañía aerea horrible. Muy mal servicio. Su objetivo es facturar extras a los pasajeros. Muy mal trato del personal. Dos cobros en menos de 1h de diferencia. Miden malestas, pesan, etc. No te dan el recibo de lo cobrado aunque lo reclames. Nunca mas volaremos con Raynair. Compañía del tercer mundo!!!"
RYR_0890,Ryanair,"Manchester, Reino Unido",Fort-de-France,Manchester,International,julio de 2024,1,"Un servicio realmente pobre, así de simple. No les importa. Si quieres tener un servicio agradable no vuele ryanair."
RYR_0891,Ryanair,Desconocido,Edinburgh,Dublin,Europe,octubre de 2024,1,"Este fue uno de los peores servicios que he experimentado. Viajando con mi familia a través de Europa y nos cobraron una tarifa de $ 359 para ""registrar"" cuando la aplicación estaba claramente caído. Esperaban que yo registrara a todos en su conveniencia en lugar de actuar como una aerolínea. No reembolsable. Nunca volveremos a viajar con Ryanair."
RYR_0892,Ryanair,Desconocido,Dublin,Birmingham,Europe,octubre de 2024,1,"Repetidamente un servicio terrible y casi siempre terriblemente retrasado. Buscan quitarte dinero en cada oportunidad. A menudo, el personal no parece tener claras sus funciones y no le importa mucho el grado en que las cumple."
RYR_0893,Ryanair,Desconocido,Liverpool,Zadar,Europe,julio de 2024,4,El personal era agradable precio bastante razonable. pero un aterrizaje extremadamente duro. pero en general bueno Le recomendaremos volar con esta aerolínea
RYR_0894,Ryanair,Desconocido,Bari,Billund,Europe,octubre de 2024,1,"La peor experiencia de la historia, se le cobró ilegalmente 46 euros por maleta por 2 pequeñas maletas de mano Ryan Air ha sido informado por la ley judicial de su práctica de negar a los pasajeros el derecho a llevar su propio equipaje de mano a bordo es ilegal, simplemente dan una respuesta estándar cuando escribes y te quejas"
RYR_0895,Ryanair,Desconocido,Krakow,Bristol,Europe,septiembre de 2024,1,"Cuando mostramos nuestras tarjetas de embarque en Bristol, la señora dijo que todo estaba bien, incluido nuestro equipaje de mano. Sin embargo, en el vuelo de regreso de Cracovia en el mismo tipo de avión, a mi amigo y a mí nos dijeron que nuestras maletas eran demasiado grandes y que teníamos que pagar más para meterlas en la bodega. Entiendo que estas cosas pueden suceder y que son estrictas en el tamaño por una razón. Aunque, cuando vi pasar a 8 o 9 personas con maletas visiblemente más grandes que las mías, parece que Ryan Air tiene un objetivo para picar a la gente por su equipaje de cabina. Tenga en cuenta que he usado esta maleta 6 veces antes con easyjet, BA y RyanAir una vez. En general, el servicio era pobre, y muy irrespetuoso."
RYR_0896,Ryanair,Desconocido,Dublin,Dubrovnik,Europe,octubre de 2024,1,"Ryannair tarde otra vez, 2 horas Esto es ahora una política, cada vuelo tiene que ser retrasado, incluso el capitán dijo que no sabemos por qué hay un retraso. 2 horas una vez más. . Hasta que no haya sanciones por retrasarse así, nunca va a mejorar."
RYR_0897,Ryanair,Desconocido,Valencia,London,International,octubre de 2024,1,"Viajar con Ryanair, de las peores cosas! Trato nefasto y estafadores! Nos cobraron 55 euros, porque SU página donde tuvimos que hacer el check-in, puso los mismos datos de mi pareja en los míos, se peto la pagina y sin aceptar ni finalizar el check-in se puso, llamamos para solucionar el problema y nos dijeron que teníamos que pagar 55 euros, cuando fue ERROR DE LA AEROLINIA, además mi madre llamó para que se lo explicaran y uno de los operadores no la dejaba ni hablar, posteriormente el operario dijo “señora ya le he explicado lo que queria saber” y le colgó, dejándole a mi madre con la palabra en la boca y sin responderle a las preguntas que mi madre le estaba haciendo. Nefasto sinceramente! No me extraña que estén el punto de mira, última vez y espero que la gente deje de comprar vuelos en ésta!"
RYR_0898,Ryanair,Desconocido,Vilnius,London,Europe,octubre de 2024,1,"Ryanair. Espero una respuesta y una compensación completa en virtud de la legislación UE 261 que han seguido otras aerolíneas comparables a usted. En la aplicación Ryanair no puedo completar el formulario de compensación. En línea a través de mi correo electrónico que enviaste no se aceptará, pasando por tu sección de quejas, sección de chat en línea y la sección EU 261 todos terminan sin ser procesados con excusas diciendo, “por favor, vuelve más tarde” o “tu nombre no coincide con la reserva” (y he tomado capturas de pantalla en cada obstáculo). Se trata de un intento flagrante de no indemnizar con arreglo a la ley UE 261, a la que tengo derecho a más de 400 euros de indemnización por un retraso de seis meses y medio después del embarque completo y un anuncio de que el embarque estaba completo. No recurriría al piloto Trust si tuviera una plataforma o proceso que nos permitiera como los pasajeros reclaman con razón. Como aerolínea, ha hecho posible a propósito todos los obstáculos con la esperanza de que la gente se rinda o de que algunos piensen que no tienen derecho a esa compensación. Conozco mis derechos y sé que tengo derecho a esta indemnización de 400 euros por un retraso grave. Fecha 11 de octubre de 2024 . reserva ref FU 5 Z 9 be. Vuelo FR 3467. He recibido absolutamente compensación de sus competidores y su proceso fue eficiente y transparente como debería ser y no oculto e imposible como su proceso. REEMBOLSO COMPLETO esperado y legalmente obligado a darme inmediatamente. Se pueden enviar todas las capturas de pantalla y correos electrónicos enviados por Ryanair."
RYR_0899,Ryanair,Desconocido,Manchester,Palma de Mallorca,Europe,octubre de 2024,4,"Sé que la reputación general de esta aerolínea no es buena, pero me gustaría decir que hemos volado muchas veces con Ryanair y no hemos tenido ningún motivo para quejarnos. Sugiero a cualquier pasajero potencial que lea cuidadosamente (y cumpla) los Términos y Condiciones para evitar ser impactado por cualquier cargo extra. La cabina del avión no es lujosa, pero nos pareció adecuado. (nuestros tiempos de vuelo suelen ser 2 / 2. 5 horas). Los asistentes siempre han estado ocupados pero cortés. Suelo realizar una búsqueda exhaustiva de nuestros vuelosa y me ha resultado muy difícil superar los precios de Ryanair (incluidos todos los extras). También suelen tener la mejor elección de horarios de despegue."
RYR_0900,Ryanair,Desconocido,London,Tenerife,Europe,octubre de 2024,1,"Tenían una prueba con aplicación y sitio, así que no podía registrarnos a todos. Me cobraron una tarifa de check in del aeropuerto, porque tenían un error del sistema! Tuve el mismo problema hace 3 semanas, y me quitaron el cheque del aeropuerto - de pago. Pero obviamente, alguien no estaba contento con perder dinero y en el camino de regreso me han dicho que es imposible eliminar esa tarifa. El servicio de atención al cliente me dijo que es un error del sistema! Así que su sitio no funcionó, la app no funcionó, el sistema tuvo un problema, pero fui YO quien pagó al final! ! ¡Miserable compañía! ¡Nunca más!"
RYR_0901,Ryanair,Desconocido,East Midlands,Lanzarote,Europe,octubre de 2024,2,"Los aviones tienen poco espacio para las piernas, las mercancías a bordo son muy extensas. En el vuelo de regreso el aire acondicionado no funcionó hasta que fuimos transportados por el aire... terrible"
RYR_0902,Ryanair,"Bogotá, Colombia",Paris,Madrid,Europe,octubre de 2024,1,"Terrible experiencia. La demora fatal, la atención de seguridad pésima. No se trata de pagar menos, hay muchas otras aerolíneas low cost que no necesariamente te torturan. Lo mínimo esperado no se cumple con Ryanair. NO VIAJEN NUNCA aquí"
RYR_0903,Ryanair,"Nantes, Francia",Nantes,Edinburgh,Europe,octubre de 2024,1,"Viaje de negocios a Escocia, sabía que esta aerolínea es terrible, así que para evitar cualquier problema pagué todas las opciones posibles y obtuve este precio más alto posible, solo viajando con una maleta de mano y una pequeña maleta por la que pagué. Lo creas o no, lograron encontrar una manera de obtener 75 libras más pagadas porque mi maleta era 2 cm más gruesa que su equipaje registrador! Primera y última vez con Ryanair, la peor aerolínea del mundo y un servicio al cliente vergonzoso"
RYR_0904,Ryanair,"Stockton-on-Tees, Reino Unido",Palma de Mallorca,Middlesbrough,Europe,octubre de 2024,1,"Mi esposo había reservado asientos juntos en el vuelo. En el aeropuerto en el camino de vuelta mi marido se le dijo que nuestros asientos se habían movido y luego nos dijeron que nos pusieron en extremos opuestos del avión, que es extraño! ¿Por qué pondrías a una pareja que ha pagado asientos en otros lados del avión? Soy un volador nervioso y esto acaba de enviar mi ansiedad por las nubes. El personal de Ryanair explicó que podíamos solicitar un reembolso a lo que mi marido intentó hacer al día siguiente solo para que le dijeran que necesitaba solicitarlo, lo que ya había hecho. Estábamos dando vueltas en círculos. No tenía sentido. Para colmo, el servicio fue impactante! Los mayordomos literalmente me pasaron y la pareja a mi lado con bebidas y bocadillos y literalmente pasaron y se ofrecieron a la gente detrás de nosotros. La señora a mi lado estaba tan impactada. Traté de llamar la atención para que me ignoraran. Finalmente después de 15 minutos de tratar de llamar la atención, pedí una taza de té para que se la dieran a otra persona que luego me la pasó. No se le ofreció leche o azúcar, solo té negro. No me atreví a pedir ningún caso. Lo devolví una vez que dieron la vuelta con un contenedor unos 45 minutos después y el administrador me miró fijamente y dijo que estaba lleno. Solo sonreí ya que no quería más estrés. Yo diría que es mi peor experiencia hasta ahora con Ryanire. Soy un volante nervioso y el personal me hizo sentir que no importaba."
RYR_0905,Ryanair,Desconocido,London,Dublin,Europe,octubre de 2024,1,"No me permitieron llevar mi café en el avión. Me pidieron que pagara 60€ por una bolsa debajo del asiento que era 1 cm más gruesa que las dimensiones permitidas. El personal me estaba observando antes de abordar mientras ordenaba mi maleta. Había viajado hace dos semanas con la misma aerolínea y la misma maleta, cargada de manera similar y no tuve ningún problema."
RYR_0906,Ryanair,Desconocido,Dortmund,London,Europe,octubre de 2024,1,"La peor compañía, tuve un vuelo de Dortmund Alemania a Londres standst y mi equipaje no llegó. Mi hijo estaba conmigo y solo tiene 2 años y muchas de sus cosas estaban en ese equipaje. Lloraba en el aeropuerto. Y a nadie de la compañía le importa que haya ido al escritorio y nada. Dijeron que deberías esperar, puedes llamarnos y bla bla bla. 7 días después y nadie responde a nuestras llamadas/mensajes. Tuve muchas cosas personales y nos sentimos tan mal. Nunca más con Ryanair. Stll waiting😭"
RYR_0907,Ryanair,Desconocido,Frankfurt,Palma de Mallorca,Europe,octubre de 2024,1,"No se trata de una excavación en Ryanair, sino en la organización de entrega de pasajeros que es responsable de acorralar a los clientes de Ryanair, posiblemente en cumplimiento de la política de Ryanair. Pasajeros de todas las edades están siendo separados en áreas sin asientos, a veces afuera y a menudo por largos períodos. Fui testigo de pasajeros mayores tratando de permanecer sentados cuando fueron engatusados para pasar por la ""Puerta"" unos 45 minutos antes de la probabilidad de abordar. Hasta ahora no he estado por ahí con las inclemencias del tiempo. No me sorprendería que empezaran a emplear Border Collies."
RYR_0908,Ryanair,Desconocido,London,Berlin,Europe,octubre de 2024,1,"A pesar de que mi equipaje era del mismo tamaño y peso que el de mi amiga, Nefise Yuksel, que viajó conmigo en el mismo vuelo, me cobraron una tarifa adicional por exceso de equipaje, mientras que ellos no. Ambos cumplimos con las directrices de la aerolínea, y nuestro equipaje era similar en todos los aspectos. He adjuntado fotos de ambos equipajes, solicito amablemente que se aclare por qué ocurrió esta discrepancia y por qué me cobraron injustamente, sin mencionar que viajo regularmente con este equipaje de mano con Ryanair y nunca se me ocurrieron tales inconvenientes. Además, otros pasajeros tenían equipaje más grande que yo y, sin embargo, se les autorizó el acceso al avión con su equipaje de cabina. La tarifa que me cobraron fue de 75 libras, que encuentro exorbitante dadas las circunstancias. Si se hubieran seguido estrictamente las normas, todos los pasajeros habrían verificado su equipaje. ¿En función de qué criterios he sido seleccionado? mientras que mis amigos que tenían las mismas dimensiones de equipaje que mi equipaje podían abordar sin ningún problema. ¿Qué discriminación es esa? Esto es increíble, ya que pagué deliberadamente por un equipaje prioritario, y ninguno de los otros pasajeros prioritarios tuvo su equipaje verificado. Los agentes deberían hacer mejor su trabajo, ya que claramente los pasajeros no prioritarios no tenían mochilas ""pequeñas"". Es o revisas a todos o no revisas a nadie."
RYR_0909,Ryanair,Desconocido,London,Porto,Europe,octubre de 2024,1,Aerolínea de basura que fabrica cargos de última hora. Para cuando te digan que es demasiado Kate para cambiar nada. También esperará afuera bajo el frío y la lluvia a pesar de que el avión ni siquiera ha sido desplanado
RYR_0910,Ryanair,"Dublín, Irlanda",Dublin,Cardiff,Europe,octubre de 2024,4,"Utilizado para una estancia rápida en Cardiff como asistir a un evento el domingo por la noche. El vuelo de ida se retrasó una hora dejando el tiempo un poco apretado. Esto parece pasar bastante con Ryanair, pero los encuentro buenos una vez que no necesitas hacer ningún cambio de itinerario. App fue útil. El personal que encontramos era agradable. Para mí me gusta esta aerolínea una vez que la ves como lo que es: en algún lugar para llevarte allí, llevarte de vuelta, sin comodidades enormes pero una vez que no haces cambios puede ser buena relación calidad-precio. El vuelo de regreso fue a tiempo y no hay problemas"
RYR_0911,Ryanair,"Glenrothes, Reino Unido",Edinburgh,Porto,Europe,octubre de 2024,1,"Atroces retrasos causados inicialmente por fallos en la aeronave exacerbados por la falta de información y luego la total incompetencia del personal de la puerta. Para añadir insulto a la lesión, la tripulación de cabina se ofreció a VENDER agua a los pasajeros mientras nos sentábamos finalmente a bordo del avión, pero aún así en tierra, casi 3 horas más tarde de lo anunciado tiempo de despegue. El viaje de regreso fue igualmente malo para una variedad de problemas diferentes, también despegando al menos tres horas tarde. ¡Nunca más!"
RYR_0912,Ryanair,"Sterrebeek, Bélgica",Brussels,Prague,Europe,septiembre de 2024,5,"Volé con Ryanair en numerosas ocasiones y no tengo quejas específicas. Los retrasos son bastante raros, pero cada vez son más frecuentes, en mi opinión debido a la superpoblación del espacio aéreo europeo y no a Ryanair. Cuando se retrasa, la mayoría de los vuelos de todas las compañías se retrasan. El personal es en su mayoría muy amable y los asientos confortables. Si usted paga por un vuelo de bajo costo no espere que le ofrezcan una campaña tan pronto como su trasero toque el asiento. En mi experiencia son menos exigentes con el tamaño del equipaje a bordo que otras compañías."
RYR_0913,Ryanair,Desconocido,Paris,Edinburgh,Europe,octubre de 2024,1,"Primera y última vez que voy a utilizar Ryanair. Su servicio al cliente es terrible. Llegó un aeropuerto de salida, sin llamada de embarque, y el personal grosero. Abordamos el plan y fuimos a asientos que Ryanair había reservado para que nos dijeran que nuestros hijos no podían sentarse en esos asientos. Cuando preguntamos cuál era su solución, nos dijeron repetidamente que los niños no podían sentarse allí. No reservamos esos asientos, Ryanair lo hizo por nosotros. No recibieron ninguna sugerencia y fueron groseros creando una escena frente a otros. Uno de nuestros hijos no se las arregla bien en lugares concurridos, así que esto fue extremadamente incómodo para ellos con todos los que buscan. El personal no ofreció disculpas por su error, ni soluciones. Afortunadamente otro pasajero ayudó. Tuve problemas con los traslados reservados directamente con Ryanair, pero no nos apoyarán con estos. Tuve que contactar con el defensor del pueblo para intentar recuperar algo de dinero ya que nos han cobrado por un servicio que no se puede usar. No volveré a viajar con ellos."
RYR_0914,Ryanair,Desconocido,London,Pisa,Europe,octubre de 2024,1,"Reservar los vuelos fue fácil. Las instalaciones en el aeropuerto son buenas. Reservar el aparcamiento a través de la aplicación fue fácil, así como el traslado en autobús a la terminal... Sin embargo la puerta se cerró temprano, por 5 minutos y perdimos nuestro vuelo. Se nos dijo que era política denegar el acceso al vuelo después del cierre de la puerta. Nos dijeron que la tripulación era libre de decidir la hora del cierre de la puerta, estábamos entre los 9 que nos quedamos sin palabras mientras veíamos nuestras maletas cargando sin poder acceder al avión. Obligados entonces a comprar un vuelo de reemplazo, Ryan Air ha obtenido un beneficio indecente de nosotros. En nuestro vuelo de regreso, la puerta se abrió tarde y se cerró 5 minutos antes de que los motores arrancaran... dos pasajeros abordaron momentos antes de que los motores arrancaran... todo esto a pesar de la política. Finalmente, después de llegar a nuestro coche en el aparcamiento después de haber reservado con la aplicación Ryan Air, nos detuvieron durante otros 40 minutos mientras el personal luchaba para localizar nuestra reserva..."
RYR_0915,Ryanair,Desconocido,Bristol,Palma de Mallorca,Europe,octubre de 2024,5,"No utilice los traslados al aeropuerto recomendados en la aplicación Ryanair. Reservamos a través de Ryanair, y no aparecieron y no podemos recuperar nuestro dinero. Ryanair se ha negado a ayudar a pesar de que reservamos a través de ellos. Muy mal servicio. La compañía de transferencia no responde."
RYR_0916,Ryanair,"Verona, Italia",Fuerteventura,Milan,Europe,septiembre de 2024,1,"El dia 18/09 en el Aeropuerto de Fuerteventura después de estar media hora en la cola del priority, la empleada numero 57420 nos cerró la puerta de embarque en las narices a mi mujer y a mí solamente por haber ido al baño (estando aun todos los pasajeros en cola). ¿Resultado? Nos quedamos en tierra, tuvimos que comprar otro vuelo y, a la hora de reclamar, ni siquiera te contestan! Vaya compañía, vaya servicio de atención al cliente y vaya personal incompetente! Lo que han hecho es ilegal y denunciable. De lo peor que he visto en mi vida!"
RYR_0917,Ryanair,Desconocido,Bristol,Valencia,Europe,septiembre de 2024,1,"Mi esposa y yo, que tenemos 73 años, teníamos unas vacaciones reservadas en Valencia y la compañía de viajes (Broadway Travel) utilizó Ryanair para los vuelos. Llegamos al aeropuerto de Bristol a medianoche para un 8. 0 am vuelo y fueron de los primeros en comprobar nuestros casos. No habíamos seleccionado asientos específicos, pero nunca lo hicimos y no pensamos que fuera un problema. Cuando en el check - in, nos dijeron que no había asientos para nosotros! Habíamos reservado las vacaciones 8 meses antes. Nos dijeron que tendríamos que esperar hasta que el avión estuviera completamente abordado y si había asientos disponibles podríamos abordar, pero si ninguno no sería capaz de abordar. Nos reunimos con amigos en Valencia que volaban desde Gatwick, así que entramos en pánico. Intentamos conseguir vuelos de otras aerolíneas, pero fue en vano y el próximo vuelo de Ryanair fue 4 días después. No tuvimos más remedio que esperar. No había personal de Ryanair en el lugar, ya que estaban utilizando agentes de servicio de pasajeros (PSA). No había Ryanair fuera - de - horas números de teléfono para tratar de ayudar. Estábamos entre otros 5 que experimentaron lo mismo, incluidos 2 que habían pagado por asientos seleccionados. Afortunadamente, pudimos abordar 10 minutos antes de despegar. Esto nos estresó por completo y arruinó nuestras vacaciones preocupada por si lo mismo iba a pasar en los vuelos de regreso. PSA nos dijo que Ryanair regularmente 'doble reserva' asientos para obtener más beneficios en aquellos pasajeros que pueden no aparecer. Otro dijo que pensaban que era una forma de chantaje para que los pasajeros pagaran más seleccionando sus asientos. No nos quejamos a Ryanair porque nos habíamos quejado una vez (la única otra vez que usamos Ryanair) en 2020. Fue cuando se cancelaron todas las vacaciones debido al Covid y nuestras vacaciones entonces eran unas vacaciones de Ryanair. Se negaron a reembolsar nuestro dinero de vacaciones y finalmente tuvimos que utilizar nuestra compañía de tarjetas de crédito para obtener nuestro reembolso. El reembolso fue colocado en nuestra cuenta sin carta de ningún tipo, y mucho menos una disculpa ni siquiera un correo electrónico para decir que lo habían reembolsado. Ryanair es un dinero - agarrando traje de vaquero que no se preocupa por sus pasajeros, solo el dinero. En el futuro pagaremos más por nuestros boletos y viajaremos más lejos a otros aeropuertos para evitar volver a usar este traje de vaquero."
RYR_0918,Ryanair,Desconocido,Cork,Gdansk,Europe,septiembre de 2024,1,"Personal muy antipático, una señora miembro de cerw fue grosera y poco alegre. Ryanair está contratando personal barato sin habilidades humanas."
RYR_0919,Ryanair,"Copenhagen Region, Dinamarca",Copenhagen,Las Palmas de Gran Canaria,Europe,octubre de 2024,1,"Llegamos al destino. Sin embargo, desde la reserva hasta el viaje real no ha sido fácil. Ryanair no ofrece un “paquete” de Copenhague a Gran Canaria. Bastante bien puedo lidiar con el hecho de que tienes que parar en algún lugar de Europa y reservar 2 boletos. La razón de esta revisión es varias ocasiones con malas experiencias y ahora era la final para mí hablar. El servicio en el mostrador era de mala experiencia una señora poco servicial preguntó por el destino final y siguió repitiendo la pregunta y para ver las tarjetas de embarque y le mostré lo que me pidió. Al final se molestó y dijo que no podía encontrar la reserva. Mostramos la otra tarjeta de embarque con la escala y ella dijo por qué no mostré que amablemente dije porque pidió el destino final. Bueno, entonces pregunté si no podían enviar el equipaje hasta el destino final, pero eso no fue posible, incluso ambos boletos fueron reservados con Ryanair. Nunca en toda mi vida he experimentado eso de una aerolínea. Si hubiera sabido que nunca habría reservado lo suficientemente justo, podría estar en algún lugar de los términos y condiciones, pero honestamente todas las demás compañías de vuelo que he utilizado en el aprobado felizmente ayudan. Así que llegar a Madrid para nuestra escala fue como una pesadilla y tuvimos que recoger nuestro equipaje y registrarnos de nuevo. Nos las arreglamos gracias a nuestra coordinación, uno corrió al mostrador y el otro esperó las maletas. 7 minutos antes del cierre para el control - en nos corrimos a través de seguridad hasta el final del aeropuerto para averiguar el vuelo se retrasó y aquí viene el eructo. Seguimos viendo el horario de vuelos y la aplicación para actualizaciones, pero no hay mensajes al respecto. Creímos que los trenes habían pasado y tuvimos que quedarnos una noche en Madrid. Las únicas razones para seguir usando esta compañía inútil es que son los únicos que tienen salidas a los destinos deseados. Felizmente pago más las rutas simplemente no existen con los competidores. Ore para que no vengan porque mi familia y yo no volveremos a usar su pobre servicio."
RYR_0920,Ryanair,Desconocido,Edinburgh,London,Domestic,octubre de 2024,1,"¡La aerolínea más estafadora que existe! Voló por toda Europa con solo equipaje de mano, no hay problemas con ninguna de las otras aerolíneas esperan Ryanair. Pagué por un equipaje de mano, pero todavía me dijeron que mi equipaje era demasiado grande, así que tuve que pagar $ 80 libras adicionales para tomar. ¡Las peores aerolíneas! ¡Los peores asientos! Los peores olores. No recomiendo! ¡Nunca más volaré con ellos! ¡Ten cuidado!"
RYR_0921,Ryanair,Desconocido,Rome,Madrid,Europe,septiembre de 2024,1,"Malisimo te roban al momento de hacer el checkin, las filas son larguisimas, no volvere a viajar esta estafa El servicio de atencion ha sido de lo peor que me ha tocado. NO LA RECOMIENDO"
RYR_0922,Ryanair,Desconocido,Gdansk,London,Europe,agosto de 2024,1,"Había un agujero en mi asiento. La azafata fue absolutamente decepcionante. Responde a las preguntas con una voz muy grosera, como si su trabajo fuera un castigo. Niño fuerte llorando detrás de mí y pateando mi asiento un par de veces, a los padres no les importó. Entiendo que los aterrizajes deben ser firmes para la eficiencia, pero el mío fue muy duro e incómodo. Nunca más."
RYR_0923,Ryanair,Desconocido,Dublin,Stockholm,Europe,octubre de 2024,1,"Soy un cliente de pago prioritario que ya pagó extra en línea por la maleta de cabina del tamaño 55 x 40 x 20 cm. Me cobraron de NUEVO en la puerta del aeropuerto de Dublín por un adicional de 60 €. Mi maleta de mano es exactamente 55 x 40 x 20 cm como se solicita en línea. Los asistentes de la puerta de Dublín afirmaron que mi maleta ""parecía"" demasiado grande (es el tamaño exacto solicitado) y me cobraron 60 euros extra para facturar debajo del avión o se negarían a dejarme subir a mi vuelo. Llegué al avión y le pregunté a la tripulación y me dijeron que el tamaño estaba bien y que por supuesto podía tenerlo en la cabina. Ahora me salen 60 euros por prácticas falsas, que por leer las críticas, parece que es como RyanAir hace su dinero."
RYR_0924,Ryanair,Desconocido,Edinburgh,London,Domestic,octubre de 2024,1,"¡NO VUELES! Las maletas cabían en la caja de equipaje y la señora de control de maletas de cabeza roja dijo que era demasiado grande! Cuando impugné el reclamo ella incluso trató de afirmar que mi otra bolsa era demasiado grande. La bolsa siguiente se ajustaba demasiado fácilmente para mi sorpresa y luego acusó a la bolsa de mi novia de ser demasiado grande también. Su bolso terminó encajando también, pero no para mi sorpresa ella argumentó que era demasiado grande. En el tiempo que estaba debatiendo esto otros huéspedes registraron sus maletas y sobresalieron exactamente la misma cantidad que la nuestra, sin embargo, no fueron tratados igual. Esta señora necesita que la empresa la deje ir no porque estuviera “haciendo su trabajo” sino por la forma en que trató a los clientes que la mantienen empleada. He volado en 4 vuelos separados de Ryanair en la última semana y nadie ha hecho las mismas afirmaciones sobre mis maletas siendo demasiado grandes incluso después de facturarlas. Compré mi equipaje con el conocimiento de que eran las medidas exactas de los requisitos señalados por Ryanair y a pesar de esto todavía se está cobrando. Con todo, si puedes evitar volar esta aerolínea, hazlo! Los vuelos son incómodos y el servicio es completamente poco profesional. Hazlo mejor Ryanair."
RYR_0925,Ryanair,"Kilwinning, Reino Unido",Edinburgh,Poznan,Europe,agosto de 2024,3,"Es bastante bueno, lo único malo es que los asientos son incómodos, no hay wifi, no hay entretenimiento en vuelo, no hay mucho espacio para las piernas y sucio, lo que es bueno es el precio, es más barato que una comida en un restaurante."
RYR_0926,Ryanair,Desconocido,Rome,Madrid,Europe,octubre de 2024,1,"El trato del personal de embarque es grosero y déspota, me hicieron pagar 70€ por un equipaje de mano, que llevaba desde mi país de origen Panamá - España - Italia y al retorno de Italia -España, me dijeron que debía pagar como maleta de bodega, sin medir el equipaje en ningún probador de equipaje, si no simplemente porque ellas asi les pareció. No volvería a viajar con ellos, ni recomiendo su servicio."
RYR_0927,Ryanair,Desconocido,Dublin,Birmingham,Europe,octubre de 2024,1,"Vil gerente de servicio al cliente en el turno de madrugada 12 / 10 / 2024 . Por qué tienes a una persona así representando a tu negocio es un misterio. Más allá de ayudar más allá rompió una sonrisa. Los pobres viajeros que tienen que honrar su presencia nunca querrán volver. El problema se registrará debido a sus sistemas, fui a 2 repeticiones que podían ver el mensaje de error en mi teléfono, pero no fue capaz de ayudar, me envió a ella para tratar de ordenar - todo lo que puedo decir es que arruinó nuestro fin de semana."
RYR_0928,Ryanair,Desconocido,Newquay,Alicante,Europe,octubre de 2024,1,"Ryanair ha adoptado un enfoque controvertido para sus comunicaciones por correo electrónico en relación con el check - en honorarios que parece diseñado para tomar al viajero desprevenido. Si bien la mayoría de las aerolíneas ofrecen transparencia sobre los cargos adicionales, Ryanair ha ocultado inteligentemente la información crucial relacionada con el check - en las tarifas dentro de la configuración de su aplicación. En lugar de resaltar este detalle crítico, la configuración predeterminada de la aerolínea muestra otros correos electrónicos menos significativos, distrayendo a los usuarios de los posibles costos adicionales que pueden surgir en el check - en etapa. Esta táctica es particularmente frustrante para los pasajeros que podrían asumir que el control - en proceso es sencillo, solo para encontrarse con cargos inesperados en el último minuto. Además, la estrategia de Ryanair va más allá de la comunicación por correo electrónico. La aerolínea a menudo emplea un truco de disposición de asientos que aparentemente margina opciones más convenientes en favor de exprimir fondos adicionales de los viajeros. Al colocar intencionalmente a los pasajeros entre otras dos personas o en asientos menos deseables a menos que paguen extra, Ryanair no solo aumenta la incomodidad, sino que también empuja a los viajeros a comprar una asignación de asientos por cargos adicionales. Este enfoque, que parece ser único en su agresividad con respecto a los competidores, plantea interrogantes sobre la transparencia y el servicio al cliente. En lugar de fomentar la lealtad, tales maniobras parecen más formas tácticas de alentar la repetición de pagos, dejando a muchos a reflexionar si realmente recibieron el presupuesto, tarifas amigables que les prometieron."
RYR_0929,Ryanair,"Pune District, India",Barcelona,Menorca,Domestic,octubre de 2024,1,El vuelo está prácticamente vacío. Nos dijeron que estaba lleno por eso no se pueden asignar asientos juntos. La mayoría son racistas. En sus tickets o portales de registro web se menciona que el registro web es obligatorio para que puedan robarnos más dinero. Ryan aire básicamente apesta
RYR_0930,Ryanair,"París, Francia",Valencia,Palma de Mallorca,International,octubre de 2024,2,"Ninguna amabilidad en esta compania… pues , se la tiene que olvidar …y volar con otra. Somos una pareja , los asientos no son juntos al lado uno del otro … o se tiene que pagar … aunque quedan asientos libres … muy triste !"
RYR_0931,Ryanair,Desconocido,Dublin,Eindhoven,Europe,octubre de 2024,1,"Absolutamente terrible servicio. Hace 2 semanas en el aeropuerto de Eindhoven en lugar de ayudar a las mujeres en el mostrador de servicio siguió charlando con otros 4 miembros del personal y retrasó la cola. Y hoy, ya que no podía hacer el check-in, tuve que ir en el mostrador de registro y no había ayuda o comprensión involucrada, el personal era absolutamente insolidario y cobraba directamente 55 € de multa. Esto es inaceptable, no hay ningún buen servicio."
RYR_0932,Ryanair,Desconocido,Santiago de Compostela,Tenerife,Domestic,septiembre de 2024,1,"En el Ckeck in nos cobraron 30€ por las tarjetas de embarque (4 pasajeros 120€). Y justo a la hora de embarque nos cobran 100€ por 2 pequeñas maletas que cumplen con la normativa en cuanto a las medidas .Nos obligaron a facturar para llevar en bodegas, por lo que nos rompieron las ruedas de 1 de las maletas . Poca empatía y mucha prepotencia el trato de los empleados hacia el cliente."
RYR_0933,Ryanair,Desconocido,Dublin,Cork,Domestic,septiembre de 2024,1,"El vuelo fue anunciado como retrasado por 1 hora, lo cual está bien. ¡Eso pasa! Pero llegué al registro - en la máquina un minuto antes de la hora de salida programada original, debido a retrasos sin precedentes con autobuses al aeropuerto. Mientras facturaba mi equipaje, mi sesión se cerró a la fuerza y apareció un mensaje informándome de que la facturación de equipaje se había cerrado. El personal del mostrador tampoco pudo hacer nada a tiempo para un vuelo ya retrasado, a pesar de que solo había pasado 1 minuto desde el check original. Luego tuve que pagar una tarifa adicional de 75 euros por mi equipaje en la puerta. Y yo era solo un poco más grande que el tamaño de una maleta de mano, que también había pagado, pero finalmente no traía conmigo. Solicité un reembolso por al menos el check-in original - cargo por equipaje ya que no se me proporcionó este servicio, y destaqué el hecho de que había pagado por una maleta de mano pero opté por no hacer uso de ella también. Todavía me negaron un reembolso."
RYR_0934,Ryanair,Desconocido,Tenerife,Alicante,Domestic,agosto de 2024,1,"Nos dañaron la maleta en la vuelta a casa, nos dicen que es estético, que no se hacen cargo y que reclamemos al seguro de nuestro viaje, nos piden que aseguremos las maletes pq, entiendo, no deben de fiarse de ellos mismos, visto el resultado es normal, ya que, no se hacen cargo de los daños que generan. Pues me parece increible, parece ser que té piden que asumas más gastos, con lo que entonces llego a la conclusión que vale la pena una compañia que se haga cargo y se responsabilice que una low cost, que lo hace a costa del consumidor. Espero no tener que volar nunca más con ustedes. Muchas gracias."
RYR_0935,Ryanair,Desconocido,Santiago de Compostela,Alicante,Domestic,octubre de 2024,1,"Compre vuelos 2 de vuelta con Ryanair. Me consto 66€ mas el regreso con Ryanair ya que fue imposible hacer el Checking online, aunque llegue 3 horas antes al aeropuerto ya estaba fuera de plazo, son unos estafadores NUNCA MAS"
RYR_0936,Ryanair,"Acra, Ghana",Manchester,Barcelona,Europe,octubre de 2024,1,"Esta es la primera vez el 13 de octubre de 2024 que, se suponía que volaría con Ryanair desde el aeropuerto de Manchester a Barcelona y suponía que sería la última. Me había registrado y ahora en la puerta de embarque después de haber comprado un billete prioritario solo para uno de los asistentes para decirme que, mi maleta de mano no cabe en su espacio, así que debería pagar £ 75. Inicialmente, dijo, las ruedas no encajan, así que empujé las ruedas para que encajaran y luego más tarde regresó para decir, la bolsa ha terminado en poco menos de una pulgada, ya que claramente se había decidido a extorsionarme sin importar qué. En ese momento, supe que, he entrado en contacto con una de las chicas británicas que perfilan racialmente especialmente a las personas negras debido a su aspecto natural joven incluso con mi esposa a mi lado. En mi defensa, le pregunté que, ¿por qué sería grosera conmigo como cliente primerizo ya que esto podría resolverse fácilmente simplemente transfiriendo algunas de las cosas en la maleta de cabina? Sólo para que ella responda eso, no me permitirá abordar el vuelo. Quería probarme que tiene toda la autoridad para negarme la entrada después de que me dijo que me callara. Le pregunté, ¿por qué le dice esto a un cliente y le preguntó si cree que soy un muchacho joven? Y después de compartir mi edad con ella, se sintió avergonzada y realmente no me dejó abordar el vuelo, lo que me hizo perder más de 1.000 libras esterlinas para mi excursión planificada. Necesito un abogado que pueda ayudarme a ganar este caso ya que he sido tratado injustamente."
RYR_0937,Ryanair,Desconocido,Athens,Paphos,Europe,octubre de 2024,1,"Horrible compañía aérea. Me obligaron a pagar cuatro veces el valor del backagge en la puerta, que ya había pagado, porque no podía registrarlo previamente."
RYR_0938,Ryanair,Estados Unidos,Amsterdam,Dublin,Europe,septiembre de 2024,4,Encontramos que Ryanair tenía los vuelos más baratos dentro de Europa. Viajábamos a varios países y queríamos usar la misma aerolínea. Nuestro vuelo de Amsterdam a Dublín fue perfecto. Luego volamos a Edimburgo y ese vuelo llegó 1 hora tarde. Luego nuestro vuelo de Londres a Alemania llegó 6 horas tarde. Apesta porque no te actualizan antes de la hora del vuelo. Los vuelos eran cortos. Tal vez una hora o 2 por lo que toda la comida y bebidas cuestan extra. ¡Traigan la suya! Pagamos por el embarque prioritario y el almacenamiento de gastos generales. Valió la pena. La habitación debajo de los asientos es lo suficientemente grande para una mochila de viaje. Espacio para las piernas era promedio
RYR_0939,Ryanair,Desconocido,Prestwick,Faro,Europe,octubre de 2024,3,"Grandes vistas leve retraso, aunque durante 10 minutos, asientos cómodos! ❤️El personal es tan alegre y amable🩷🩷🩷 aterrizaje increíble! 🌸 En general lo recomiendo! 🌸"
RYR_0940,Ryanair,"Winter Garden, Florida",Barcelona,Porto,Europe,octubre de 2024,1,"Ni se te ocurra volar Ryanair... lo harías si solo te importara pagar barato y no te importara recibir un servicio grosero, un trato indecente. Hoy fue mi primera y última experiencia con Ryanair: > Hay una regla estúpida sobre la facturación de maletas con no menos de 40 minutos y no más de 2 h... Es una regla de idiotas, y Ryanair la hace cumplir. > Había un tipo arrogante, grosero, estúpido y horrendo, que creo que se llamaba Roberto. Trató a todos con decir cosas groseras y arrogantes como ""No me importa si mi colega dijo que puedes quedarte allí. Yo soy el jefe, digo lo que es correcto"". > Le tomé una foto, se dio cuenta y se me acercó amenazando con retener mi bolso y no dejarme registrar."
RYR_0941,Ryanair,Desconocido,East Midlands,Faro,Europe,octubre de 2024,5,"Siempre es fácil escribir comentarios negativos pero tengo que decir bien hecho Ryanair, voló a Faro en vuelos reservados en octubre de 2023 , originalmente reservado vuelos para el 24 de abril pero por circunstancias no voló hasta el 24 de octubre , reservamos espacio extra para las piernas pero cuando abordamos el vuelo nos encontramos con que la fila 16 reservada no era ahora espacio extra para las piernas debido a upgrade de avión, de todos modos contacté con Ryanair vía chat online una vez que había llegado a Faro, dentro de 48 horas había recibido un reembolso pagado por el upgrade, así que en esta ocasión bien hecho Ryanair"
RYR_0942,Ryanair,"Bournemouth, Reino Unido",Las Palmas de Gran Canaria,Bournemouth,Europe,octubre de 2024,1,". . . Los pupitres de salida para vuelos ryanair desde Las palmas canarias solo pueden describirse como diabólicos. 8 mostradores con solo 4 operativos para 5 vuelos. Llegada a las 9 . 15 am. Es una carrera de ratas, ya que las colas se hacen cada vez más largas mientras esperas. No hay cerebro para abrir otros escritorios. Con niños y ancianos esperando durante mucho tiempo. Solía ser bastante bueno hasta que Ryanair cortó esquinas con menos personal y realmente se puede ver. Ryanair arreglate. Vacaciones de la gente arruinadas por la incompetencia de una compañía aérea número uno tratando tan mal a sus clientes. Tienen que despertar."
RYR_0943,Ryanair,Desconocido,Birmingham,Palma de Mallorca,Europe,octubre de 2024,1,Decepcionado. Todo. La tripulación de cabina se veía desordenada. Única aerolínea que no he visto maquillaje Pelo no ordenado en un moño Desaliñados como eran. Sin servicio al cliente Rudo y caras como truenos No hablaría claro en el Tannoyed No tenía ninguna revista que decir sobre los precios del avión. ¡Tuvimos que pedir esto! Ni siquiera nos saludó cuando abordamos. No estamos tomando allí el tiempo para dejarnos ordenar solo caminar a través. Muy pobre
RYR_0944,Ryanair,Desconocido,Dublin,Porto,Europe,septiembre de 2024,1,"No vuele con estos extorsionistas. Los billetes son más baratos que otras aerolíneas hasta que te subas al vuelo. Luego mienten y afirman que su bolso es demasiado grande cuando no lo es. Si te quejas amenazan con llamar a seguridad y no te permiten subir al avión. así es como te extorsionan más dinero, por lo que ahora estás pagando más que otras aerolíneas. No seas tonto, aléjate. La mayoría de los piolets son aprendices no profesionales. SWtay Away, No compre boletos, Huya de esta aerolínea más suelta."
RYR_0945,Ryanair,"Londres, Reino Unido",Hamburg,London,Europe,septiembre de 2024,1,"Me encantaba Ryanair: bajo coste, sin lujos pero FIABLE. Ya no es FIABLE. A lo largo de tres meses, he tenido 3 cancelaciones y dos cambios de horarios de vuelo o me acabo de enterar de que ""cambiaron"" mi vuelo a Madrid de un 9 razonable. 40 am en un 6. 35 am el mismo día! sin enviarme una notificación. Me acabo de enterar haciendo ""mis reservas"". Cuando cancelaron los vuelos en las 2 últimas ocasiones el motivo fue ""Por razones comerciales"". .. es decir, no estamos ganando suficiente dinero en ese vuelo, por lo que estamos cancelando. . ¡No importa lo que hagas, cliente barato! Terminé con RYANAIR... terminado. No tengo tiempo para pasar horas preciosas de mi tiempo con su servicio al cliente en un chat (no puedes llamarlos) para arreglar su desastre."
RYR_0946,Ryanair,Desconocido,Genoa,Catania,Domestic,octubre de 2024,1,"Servicio patético, he tomado vuelos 3 veces y cada vez que retrasaron vuelos. Servicio absurdo y comportamiento terrible del personal."
RYR_0947,Ryanair,Desconocido,Porto,Faro,Domestic,octubre de 2024,1,"Esta es absolutamente la peor aerolínea, de arriba hacia abajo. Después del retraso del vuelo y la falta habitual de cualquier tipo de comunicación, nos hicieron caminar a lo largo del camino, descubiertos a nuestro avión en la lluvia. Subimos al avión completamente empapados, de pies a cabeza, goteando agua por todas partes. Ni siquiera me ofrecieron una toalla para secarme. Entonces el aire acondicionado se encendió y estábamos congelando todo el vuelo. No les importaría tanto. Abuso completo del cliente. Casi todas las experiencias pasadas han sido terribles. La gente es grosera y mala. A veces no tienes elección, pero cuando lo hagas, evita esta horrible aerolínea a toda costa."
RYR_0948,Ryanair,Desconocido,Seville,Palma de Mallorca,Domestic,octubre de 2024,1,"Son extremadamente turbios y codiciosos cuando se trata de su control - en la política. Trató de hacer la comprobación en línea - en mucho antes del vuelo, pero seguía recibiendo un error. Cuando le dije esto a la agente en el aeropuerto ella no fue servicial y poco empática. Nos cobraron 60 € por hacer el check-in en el aeropuerto. Sentí como si estuvieran explotando las lagunas para acaparar tanto dinero de los clientes como fuera posible. El agente de la puerta también fue muy grosero y duro - nos hizo tirar nuestro té (comprado después de la seguridad) que nunca ha sucedido en 10 años de viajar a través de 4 continentes. Son groseros, poco profesionales, y sus políticas son complicadas y turbias, diseñadas para extraer dinero. Mantente alejado de ellos, no te dejes seducir por los llamados descuentos. Elige Vueling en su lugar."
RYR_0949,Ryanair,"Bohol Province, Filipinas",Essaouira,London,International,octubre de 2024,1,"Ryanair son las alimañas del cielo. La forma en que tratan a los clientes, desde el personal de check in a menudo grosero y desconsiderado (especialmente bournemouth) , aviones horribles y experiencia completa. Por favor, no las uses, parecen baratas pero luego te joderán a cada centavo. Me cobraron 170 libras por cambiar el apellido de mi esposa, lo que llevó 2 minutos. El personal de registro no le importó. realmente arruinó nuestras vacaciones. Siempre una experiencia desagradable con ryanair, cómo tratan a sus clientes es totalmente desagradable."
RYR_0950,Ryanair,"Dublín, Irlanda",Dalaman,Dublin,Europe,octubre de 2024,2,"Sólo quiero señalar una horrible comunicación y racismo casi oculto del check-in de Ryanair. Debido a haber viajado a Turquía (y otros países) muchas veces, sé muy bien para qué países necesito una visa. Mi familia con los pasaportes irlandeses viaja bien, pero debido a que tengo un pasaporte ruso siempre tengo que registrarme en el mostrador de visados. Esto estaría bien, pero cuando viajo a un país que no requiere visa, esto parece extraño. ¡El agente en el mostrador de visas tuvo que verificar la elegibilidad de visas en línea! - y de nuevo, esto estaría bien si el check-in comenzó temprano y no casi dos horas antes del vuelo. En Dalaman, estaba esperando más de 2 horas para el registro de entrada. ¡Sólo para conseguir una tarjeta de embarque! Cuando los agentes llegaron, procedieron muy lentamente, de nuevo, tratando con personas que no hablan inglés y retrasando así toda la experiencia. En el avión, el embarque prioritario no se respetó y cuando mi familia y yo aparecimos en nuestros asientos, había chaquetas (!!!!) rellenas en los casilleros superiores que tuvieron que llevarse para que nuestras maletas fueran puestas. Se podría argumentar que esto es normal para un vuelo barato / y puede ser en un vuelo de 20 a 30 euros, pero no para un vuelo de 200 euros por billete. Encuentro que la aerolínea vende el espacio de equipaje sin siquiera verificar qué pasajeros respetan las reglas. No apoyan a niños o familias - al abordar o salir del avión, y el proceso de verificación de visas podría automatizarse (como con Aer Lingus, por ejemplo). Intentaré no volar con ellos de nuevo."
RYR_0951,Ryanair,Desconocido,Kaunas,Malaga,Europe,octubre de 2024,1,"Muy deshonesto, el peor personal de la historia. ¡Ni siquiera tenía ganas de hablar con un humano, todo esto a través de una pequeña bolsa que se ajusta a los requisitos! Ryanair debe conseguir psicoterapia para su personal. Realmente lo siento por ellos"
RYR_0952,Ryanair,Desconocido,Birmingham,Bucharest,Europe,octubre de 2024,1,"Ryanair solía ser muy buena. Pero en los últimos 2 años es terrible. Muchos retrasos, avisar a los clientes en los últimos minutos, cambiando avión o asientos antes de abordar. No estoy seguro de por qué, pero este vuelo de Birmingham a Bucarest es una pesadilla."
RYR_0953,Ryanair,"Ayrshire, Reino Unido",Malaga,Prestwick,Europe,octubre de 2024,3,"Abordamos el avión con tiempo suficiente y cuando tomamos asiento nos disgustamos con la limpieza del avión, los asientos estaban cubiertos de migas y el piso tenía basura tirada debajo de los asientos, no es de extrañar que los pasajeros terminen con bichos, etc. después de volar con esta aerolínea, se pusieron los cinturones de seguridad ligeros en pleno vuelo sin turbulencias y nadie podía ir al baño. Ya tuve suficiente, pagaré más y volaré con Jet 2 en adelante."
RYR_0954,Ryanair,Desconocido,Birmingham,Reus,International,octubre de 2024,1,"Anoche fuimos a facturar y como tenía un pequeño desgarro en la esquina de mi pasaporte no lo aceptaron, pero el avión 2 lo aceptará. 20 con una cola de una milla de largo Nunca volveré a volar con ellos la gente era como cerdos para nosotros tan pronto como aparecimos esta es la peor línea aérea que he visto ❗️"
RYR_0955,Ryanair,Desconocido,Bratislava,Manchester,Europe,octubre de 2024,1,"Terrible experiencia con el personal de Ryanair en el aeropuerto de Bratislava. Un miembro del personal extremadamente grosero e irrespetuoso nos pidió que comprobáramos el tamaño de nuestra maleta de cabina y, aunque encajaba, estaba ladrando tonterías como ""¿Parece que esto te encaja? Tiene que haber espacio extra"". Es obvio que inventó esta regla sólo porque quería que pagáramos la cuota extorsiva, lo que tuvimos que hacer porque la alternativa no es ir a casa. Otras personas también fueron tratadas de esa manera a pesar de que sus bolsas obviamente cabían en el verificador de tamaño. La actitud desagradable de este miembro del personal era repugnante, pero no es nada nuevo de Ryanair, la aerolínea desagradable. Es sorprendente que su personal esté tan interesado en llevar a cabo la extorsión de Ryanair a pesar de que su empleador es famoso por pagarles mal y maltratarlos."
RYR_0956,Ryanair,Desconocido,Malaga,Porto,Europe,octubre de 2024,1,No volvere a volar con vosotros muchas horas de retraso en los vuelos y azafatas de tierra muy mal educadas malisima experiencia no los recomiendo para nada
RYR_0957,Ryanair,Desconocido,Tirana,London,Europe,septiembre de 2024,1,"Mi hijo tiene 10 años con una discapacidad oculta. Teníamos asientos reservados. Un niño no puede sentarse en los asientos de salida, por lo que se le pidió a la tripulación que mueva los asientos. Hijo llevaba su cordón de girasol, pero la tripulación ignoró esto y pidió sentarlo (de 10 años con autismo) solo. Le dije a la tripulación que tiene un cordón para hacerles saber que tiene una discapacidad oculta. Ellos respondieron ""no seas grosero"" a mí solo debido a que les hice saber que tiene una discapacidad! Luego movimos asientos y nos sentamos en silencio. Después de que nos sentáramos, uno de los miembros de la tripulación gritó: ""Todavía estamos a tiempo de echarlos del avión"" mientras se iba para mostrar su ego. Así es como Ryan Air trató a mi hijo autista de 10 años sin ninguna buena razón. Acoso a mi hijo y amenaza de abordar a un niño discapacitado de 10 años. Hice una queja y ellos respondieron diciendo que reconocen que su tripulación era ""descortés"" y ""podría haberlo manejado mejor"". No hay disculpas en absoluto y simplemente nos echó. Ryan Air afirma ser parte de la red de cordones de girasol para reconocer y ayudar a los pasajeros con discapacidades ocultas. La realidad es que actuaron impunemente con mi hijo discapacitado y lo trataron muy mal. Tenemos toda la correspondencia con Ryan Air para probarlo. Cualquier persona que tenga una discapacidad oculta debe leer esta reseña"
RYR_0958,Ryanair,Desconocido,Toulouse,Milan,Europe,septiembre de 2024,1,"Terrible servicio. El vuelo fue cancelado menos de 3 horas antes del vuelo. Ryanair no proporcionó ningún tipo de compensación, ningún otro vuelo y tuve que comprar otro billete de avión solo para volver a casa + pagar todos los gastos de mi estadía prolongada en Toulouse. He tratado de llamar a atención al cliente y también enviarles correo electrónico, sin ningún efecto."
RYR_0959,Ryanair,"Wolverhampton, Reino Unido",Birmingham,Palma de Mallorca,Europe,noviembre de 2023,4,"Nunca usé Ryanair antes y teniendo un amigo de mi agente de viajes reservar mis vacaciones le dimos una oportunidad, seré honesto que estaba temiendo después de leer diferentes comentarios. El embarque estaba bien, encontramos nuestros asientos solo para ser concedidos por un amigo que quería que su hija se sentara a su lado, ya que era su primera vez volando. No era mi asiento, así que le dije eso y le pregunté a su hija si podía llegar a mi asiento. Por qué la gente no reserva asientos si quieren sentarse juntos está fuera de mí. El despegue y aterrizaje fueron perfectamente bien y tuvimos un viaje seguro, pero lo que no me gustó fue la gente gritando a amigos y familiares que estaban sentados a varias filas de distancia o hablando por encima de mí para llegar a la otra persona en mi fila. Como aerolínea buget fue una buena experiencia y definitivamente mejor de lo que había anticipado. ¿Volvería a viajar con ellos, probablemente no y me quedaré con Jet 2 ya que es una experiencia mucho mejor para mí, pero no los descartaré ya que son ciertamente más baratos"
RYR_0960,Ryanair,Desconocido,Barcelona,Rome,Europe,septiembre de 2024,1,"Ambas piernas llegaron muy tarde. Puertas de cambio de ida y 2a vuelta de Roma ni siquiera había agentes de la puerta, ni ninguna explicación hasta después de la hora de salida. Salida tarde por la noche, pero todavía no hay excusa. Nunca más volaré en esa aerolínea."
RYR_0961,Ryanair,Desconocido,Desconocido,Desconocido,Desconocido,Desconocida,1,"Reservé a través de terceros kiwi.com Ranyer Airlines Cobraron 55 euros por persona, incluso usted ya había pagado por la reserva de vuelo agujero cobraron 165 euros No se lo toman en serio sobre nuestro problema y no asisten a los clientes de manera profesional Tratan como un mendigo ¿Por qué debemos pagar la tarifa facturada si ya ha pagado por la reserva de vuelo de hoyo?"
RYR_0962,Ryanair,"Caserta, Italia",London,Naples,Europe,octubre de 2024,1,"Estimado cliente de Ryanair, Espero que este mensaje te encuentre bien. Le escribo para presentar formalmente una queja con respecto al terrible comportamiento de su personal durante mi reciente experiencia con su aerolínea. He sido un cliente fiel de Ryanair durante algún tiempo, pero el incidente que encontré me ha dejado profundamente preocupado por el trato a los pasajeros. Durante el proceso de abordaje, fui objeto de un comportamiento extremadamente grosero, agresivo e inapropiado por parte de varios miembros de su personal. Un miembro del personal caminaba entre pasajeros, buscando a alguien con equipaje, actuando de una manera que me hacía sentir como un criminal. Este enfoque invasivo creó una atmósfera de hostilidad y me hizo sentir a mí, y quizás a otros, como si fuéramos culpables de algo, que no fue el caso. En el mostrador, un miembro del personal llamado Emmanuel o Emanuel me exigió repetidamente el pasaporte de una manera intimidatoria, diciendo “dame tu pasaporte” una y otra vez, como si no pudiera escucharlos o entenderlos. Esta repetición agresiva fue a la vez humillante y profundamente irrespetuosa. Sentí que me trataban con desdén, lo cual es totalmente inaceptable. Además, otros dos miembros del personal, uno con cabello rico y el otro con gafas, gritaban fuertemente, e incluso tocaron mis pertenencias sin mi permiso. Llegaron a decirme que no me permitirían abordar el avión, lo que parecía una forma de intimidación o incluso una amenaza. Su falta de profesionalismo y actitud hostil me dejaron sintiéndome indefenso y acosado, en lugar de apoyado como cliente de pago. En lugar de ofrecer asistencia o asesoramiento, esos funcionarios actuaron de manera grosera y provocaron una angustia innecesaria. Espero que el personal de Ryanair actúe con cortesía y profesionalidad, y lo que encontré estuvo lejos de eso. Creo que este tratamiento es inaceptable y le pido que investigue este asunto seriamente. Pido amablemente una pronta respuesta a esta queja y aclaraciones sobre cómo Ryanair tiene la intención de abordar este comportamiento inaceptable para garantizar que ningún otro pasajero tenga que experimentar una situación tan angustiosa. Gracias por su atención a este asunto. Espero su respuesta. PD: el avión estaba sucio y maloliente. A muchos puntos decepcionados. Sinceramente, Carmine R"
RYR_0963,Ryanair,Desconocido,Copenhagen,Dublin,Europe,septiembre de 2024,1,Solo te apuntan a pagar extra. Cuando estaba viajando con Ryanair he pagado el cargo extra solo tiene que registrarse en el mostrador. La carga es inesperada Alta
RYR_0964,Ryanair,"Albufeira, Portugal",Copenhagen,Dublin,Europe,octubre de 2024,1,"La única aerolínea estafadora en el mundo que he viajado. Yo no estaba riñendo con mi familia (yo mi esposa y 2 hijos). Quiero sentarme juntos, por eso no me he registrado solo. Y nunca solía hacerlo. Esta fue mi primera vez con Ryan Air. Estuve en el aeropuerto antes de 2 horas de mi vuelo. Fui al mostrador para registrarme, uno de los empleados de Ryanair me dijo que tengo que pagar por el registro de entrada. Y yo dije que lo haré yo solo y ella dice que el auto check-in ya está cerrado. Si ella puede registrarse desde su computadora ¿por qué yo no puedo registrarme solo? Y ella fue demasiado grosero conmigo si quieres viajar tienes que pagar alrededor de 1400 Dkk para el registro de entrada. Y he pagado que no había otra opción. Esto es trampa, esto es estafa. Quiero añadir una cosa más. Si necesito pagar por el check in ¿por qué no me dijeron cuando estaba por el boleto? Le pregunté al personal después de que ella respondió que está escrito en el sitio web. Que tienen tiempo para leer ese millón de palabras en su sitio web. Así que no intentes con Ryanair. ¡Solo quiero decir ESTAFADOR!"
RYR_0965,Ryanair,"Minneapolis, Minnesota",Glasgow,Krakow,Europe,octubre de 2024,1,"Mantienen a la gente como rehén y añaden enormes cargos. Mi pasaje aéreo pasó de £ 200 a £ 450 después de todas las tarifas que agregaron el día. No te reembolsarán el billete si decides no volar con ellos, por lo que te verás obligado a pagar las altas tarifas que te paguen después."
RYR_0966,Ryanair,Desconocido,Palermo,Edinburgh,Europe,octubre de 2024,5,"Excelente vuelo a Edimburgo el 8 de octubre , ligero retraso pero no un problema. La azafata era encantadora. El aeropuerto de Palermo era encantador y fresco. Gracias 🙏"
RYR_0967,Ryanair,"Winter Springs, Florida",London,Valencia,Europe,septiembre de 2024,1,"Estimados Hace casi un mes realicé un viaje desde Londres a Valencia con la aerolínea Ryanair. Lamentablemente, mi experiencia fue insatisfactoria. Habiendo pensado que el sistema de aerolíneas en Europa sería similar al de Estados Unidos, mi acompañante y yo, ambos de alrededor de 1.90 metros de estatura, optamos por asientos más caros, esperando mayor comodidad. Para nuestra decepción, los asientos resultaron ser pequeños y el sistema de la aerolínea deficiente. Además, el vuelo sufrió retrasos y el servicio al cliente dejó mucho que desear, evidenciando un interés primordial en generar cobros adicionales. Debido a estas circunstancias, me vi obligado a regresar a Londres desde Valencia con otra aerolínea, British Airways, en clase business, lo cual tuvo un costo considerable. Esta experiencia me lleva a no recomendar Ryanair, ya que lo que parecía una opción económica, terminó resultando en un gasto mayor. Atentamente, Robinson Guerra."
RYR_0968,Ryanair,"Northampton, Reino Unido",East Midlands,Dublin,Europe,octubre de 2024,5,"Voló de East Midlands en la calle 1 de octubre a Dublín y regresó el 08 de Ambos vuelos salieron a tiempo, el personal era muy amable y alegre. Hemos utilizado esta aerolínea en muchas ocasiones a lo largo de los años y siempre y cuando se sigan todas las reglas no incurrirá en costos adicionales. Sí, a veces tuvimos retrasos, pero no lo suficiente para evitar que los usemos."
RYR_0969,Ryanair,Desconocido,Birmingham,Krakow,Europe,febrero de 2024,1,"La señora del pasillo estrelló el carrito de bocadillos en mi cabeza mientras dormía y me asustó muchísimo (tenía un asiento en el pasillo y me dormí con la cabeza colgando en el pasillo, nadie se cansó de despertarme)"
RYR_0970,Ryanair,Desconocido,Manchester,Barcelona,Europe,octubre de 2024,1,"hurrendo compañía nunca volverá a utilizar, vuelo se retrasó 10 horas en el camino a las vacaciones tres horas en el camino de regreso cuando intenté contactar con el servicio al cliente hablaron por encima de mí y no fue útil en lo más mínimo"
RYR_0971,Ryanair,Desconocido,Rome,Dublin,Europe,octubre de 2024,1,"Vuelo Retrasado 1 hora y 15 minutos, sin razones válidas esta vez, todos los pasajeros sentados y listos para salir. Estos retrasos se producen continuamente."
RYR_0972,Ryanair,Desconocido,Tirana,Vienna,Europe,octubre de 2024,1,"Su sistema cambió automáticamente el nombre de mi billete a un pariente mío y se negó a cambiarlo de nuevo al mío sin pagar una enorme cuota! El apoyo es muy grosero, confirma que es un problema de su lado y no ayuda."
RYR_0973,Ryanair,Desconocido,Dortmund,London,Europe,octubre de 2024,1,Mire las decenas de miles de reseñas sobre esta aerolínea inútil que debería cerrarse. Cancelé mi vuelo de última hora debido a y cito razones comerciales. Ladrones y mentirosos tramposos. Evitar a toda costa
RYR_0974,Ryanair,Desconocido,Porto,Krakow,Europe,octubre de 2024,1,"Recuerda mis palabras. La caída de esta compañía, una vez increíble, está muy cerca. No quedan otras palabras para esto. Sólo asqueroso."
RYR_0975,Ryanair,"Nottingham, Reino Unido",Bodrum District,East Midlands,Europe,octubre de 2024,1,El vuelo se retrasó más de 5 horas debido a que las liras de un vuelo de Ryanair estallaron al aterrizar bloqueando la pista. ¿Alguien puede aconsejarme cómo solicitar una indemnización? Gracias. Polly Era del aeropuerto de Bergamo Milán (BGY)
RYR_0976,Ryanair,Desconocido,Amsterdam,Dublin,Europe,octubre de 2024,1,"Esto es para compartir mi experiencia reciente en el vuelo FR 3103 de Amsterdam a Dublín el 08 / 10 / 2024 , que se retrasó aproximadamente 30 minutos. Durante el vuelo, pregunté con un miembro del personal (cabello corto, alto, perilla, constitución promedio, piel bronceada) sobre la posibilidad de mudarme a un asiento disponible junto a mi pareja. Me informó que el vuelo estaba lleno, y su comportamiento sugirió un nivel de desdén. Poco después, otro funcionario mencionó que efectivamente había dos asientos disponibles en la parte delantera, pero me aconsejó que esperara hasta que todos se hubieran instalado. Pacientemente esperé y me acerqué a los asientos libres solo para descubrir que el miembro inicial del personal estaba esperando que me sentara y me acomodara solo después de informarme que solo podía intercambiar asientos después del despegue. Tenga en cuenta que había asientos libres porque alguien ya se había trasladado a una ubicación diferente en el avión. Mientras tanto, muchos pasajeros también estaban intercambiando asientos sin problemas, lo que me dejó confundido sobre por qué me señalaron. El funcionario parecía indiferente a la situación, limitándose a observar el pasillo sin intervenir. Además, observé al menos siete asientos vacíos cerca de mi ubicación, lo que suscita preocupación sobre si evaluó adecuadamente la situación. He volado con Ryanair varias veces, y aunque he encontrado problemas antes, esta experiencia se destacó por su falta de consideración. Quisiera expresar mi agradecimiento al colega que intentó ayudarme, sería beneficioso para su empresa tener más miembros del personal como él. Gracias por tomarse el tiempo para considerar mis comentarios."
RYR_0977,Ryanair,Desconocido,Krakow,East Midlands,Europe,octubre de 2024,1,"Típico de Ryanair, decidimos no tener asientos juntos ya que los 'add-ons' con ellos hace que no sean 'baratos' como dicen que son. . . lo irónico de todo es que mi asiento a mi lado era GRATIS y deliberadamente nos mantienen separados, , , si vas con Easyjet y los demás intentarán mantenerte juntos. . . que pobre compañía. . . . . ."
RYR_0978,Ryanair,Desconocido,Venice,Madrid,Europe,septiembre de 2024,1,"Probablemente la peor aerolínea que he experimentado. Mi familia y yo viajábamos de Italia a España. El check-in online no funcionaba la noche anterior, sabía que íbamos a llegar al aeropuerto con mucho tiempo y también pagamos extra por prioridad con nuestros asientos ya elegidos, así que no me preocupó. Llegamos al aeropuerto 2 horas y 45 minutos antes. Esperé en la fila del mostrador de boletos por 15-20 minutos. Y me hicieron saber que tendríamos que pagar 55€ cada uno para que nos imprimieran la tarjeta de embarque porque nos perdimos la 2. Hora de llegada 5 horas. La noche anterior no pude registrarme. No recibí un cheque - en correo electrónico. Cuando intenté registrarme en línea el día anterior, el sitio me pidió que iniciara sesión primero. Olvidé mi contraseña, así que me cansé de hacer un restablecimiento de contraseña y nunca recibí el correo electrónico de restablecimiento de contraseña. Además... la línea prioritaria y la no prioritaria se unieron justo después de esa puerta, así que todos abordaron al mismo tiempo. Pagué por 2 maletas de cabina, con un espacio mínimo para las piernas entre yo y mis otros 2 miembros de la familia teníamos 4 maletas rellenas debajo de 3 sillas. También había un poco de polvo / moho encantador en la luz / ventilador por encima de mí, SO GROSS (fotos incluidas). Tampoco obtienes absolutamente nada a menos que pagues por ello... ni siquiera un refresco o agua. Me encuentro como una persona bastante razonable. Esta fue la peor aerolínea que he experimentado, no podrías pagarme por usar esta aerolínea de nuevo."
RYR_0979,Ryanair,"Sídney, Australia",Ibiza,Madrid,Domestic,agosto de 2024,1,"Después de un vuelo de Ryanair, mi compañero y yo encontramos nuestro equipaje roto, en el mismo lugar en ambos. Llenamos un informe en el aeropuerto con personal de Ryanair que vio las piezas rotas. Después de esperar 8 semanas y seguir con Ryanair varias veces, consideraron que el equipaje roto estaba “desgastado”, por lo que no se dio ninguna compensación. La manija estaba rota, pero consideraron que este nivel de la superficie era dañado. Eso es insultante para nuestras ahora tambaleantes maletas de 600 dólares. WTF! ? Supongo que es por lo que pagas"
RYR_0980,Ryanair,Desconocido,Bologna,Eindhoven,Europe,septiembre de 2024,1,"La peor experiencia. Reservado a través de un agente. Por lo tanto, es necesario verificar antes del check in. Pagué por ese servicio. La verificación de los procesos no funcionó en absoluto. Llamé a Ryanair pero no querían ayudar debido a haber reservado a través de la agencia. Intenté comprar un billete nuevo directamente a través de Ryanair. No se pudo reservar un vuelo desde BLQ a EIN en su página web. Reserve mi vuelo con otra aerolínea de Verona a Amsterdam en su lugar"
RYR_0981,Ryanair,Desconocido,Edinburgh,Belfast,Domestic,octubre de 2024,1,"Avisaron tres horas antes de que el vuelo que tenía previsto su salida a las 18 hacia Belfast se retrasaba. Salimos a las 1 de la mañana, nos informaron de un bono de 3 libras para gastar en el aeropuerto pero nunca llegó la orden a los comercios que nos indicaron, una vergüenza."
RYR_0982,Ryanair,Desconocido,London,Athens,Europe,octubre de 2024,1,No permitiste que una mujer embarazada abordara el avión y ni siquiera llegó tarde. ¡Qué vergüenza! ¡No volveré a viajar contigo!
RYR_0983,Ryanair,Desconocido,Lanzarote,Milan,Europe,octubre de 2024,1,"A ver si algún día aprenden a salir en horario, no me acuerdo el ultimo vuelo de lo wue puedo decir que he salido en horario ."
RYR_0984,Ryanair,Desconocido,Manchester,Rome,Europe,septiembre de 2024,1,¡Nos dio 15 minutos desde el número de puerta que se muestra al avión despegando! Nosotros y otras 2 parejas perdimos nuestro vuelo a Roma No se prestó ayuda. Acabo de salir del aeropuerto. NUNCA VOLVERÍA A VOLAR CON RYANAIR.
RYR_0985,Ryanair,"York, Reino Unido",Bristol,Venice,Europe,septiembre de 2024,2,"El vuelo estaba bien, pero la reserva fue una prueba. He reservado unas vacaciones a través de LastMinute.com que utilizó vuelos de RyanAir. No pude reservar equipaje ni con LastMin ni en el sitio de RyanAir, así que tuve que llamarlos. El costo fue enormemente mayor y cuando me quejé me negaron cualquier reembolso. Si a eso le añadimos la imposibilidad de reservar asientos junto a mi esposa sin pagar más, fue espantoso. Francamente me sorprendió que no nos cobraron por usar los baños a bordo! Solo volveré a usarlos a menos que sea absolutamente necesario y solo con los ojos bien abiertos."
RYR_0986,Ryanair,Desconocido,Seville,Rome,Europe,octubre de 2024,4,UNA VEZ MAS MI MAS ENHORABUENA Y SATISFACCIÓN POR EL SERVICIO REALIZADO EN GRUPO CON VUELOS DE SEVILLA A CIAMPINO DE IDA Y VUELTA LOS DÍAS 3 Y 6 DE OCTUBRE. BUENA TRIPULACIÓN Y CORRECTA. BUENA RESPUESTA Y COMUNICACIÓN. Espero poder volver pronto a solicitar nuevos servicios. MERCEDES CAMACHO
RYR_0987,Ryanair,Desconocido,Manchester,Paris,Europe,octubre de 2024,1,"Si esta Aerolínea continúa siendo calificada con un 3 . 0 , debe ser de 100 . Enormes retrasos, costes ocultos, y cuando tienes dificultades casi no hay servicio al cliente."
RYR_0988,Ryanair,Desconocido,Lanzarote,Madrid,Domestic,octubre de 2024,1,"Lamentable experiencia, la empleada con número 28408 nos agredió física y verbalmente por excedernos de equipaje. Además, nos quiso negar el embarque, todo esto por preguntar que en que se basan las medidas permitidas de equipaje de cabina. Además de esto, nos cobró 100€ para dejarnos acceder al avión. Lamentable, pésima experiencia, creo que este tipo de personas no deberían trabajar en una compañía como Ryaner y mucho menos de cara al público. Agresión y mal trato al cliente no se puede permitir."
RYR_0989,Ryanair,"Sevilla, España",Seville,Frankfurt,Europe,agosto de 2024,1,"No alquiles coches con Ryanair, es Flex to go. Cuidado con esta empresa, te hacen cargos de hasta 500€ sin demostrar nada, Además reservas un coche de gama media o alta, y luego te dan uno de gama baja."
RYR_0990,Ryanair,Desconocido,Barcelona,Palma de Mallorca,Domestic,junio de 2024,1,"No podría dar esto 0 / 5 estrellas o lo haría. Perdí mi equipaje y todo lo que había dentro. Tomó 4 meses y más de 20 correos electrónicos / llamadas telefónicas para obtener el reembolso de una fracción de lo perdido. Solo volaría en esta aerolínea de nuevo si los trenes, coches y otras aerolíneas dejaran de existir."
RYR_0991,Ryanair,Desconocido,Faro,Dublin,Europe,octubre de 2024,1,"¡Horroroso! Reservé un vuelo el 7 de agosto, no se recibió ningún correo electrónico de conformación a pesar de que me cobraron 227. 58 euros. Después de 50 minutos esperando una llamada al servicio al cliente, la asesora me dijo que tenía que ir al aeropuerto de Faro y hablar en persona. Prefiero reservar un nuevo vuelo con una aerolínea competitiva que conducir a Faro a mis expensas para resolver un asunto causado por ellos. Horrible experiencia."
RYR_0992,Ryanair,"Grimsby, Reino Unido",Manchester,Alicante,Europe,septiembre de 2024,1,"Absoluta basura Me registré a mí mismo y a la esposa en como se indica en línea pagó por asientos y guardar equipaje, pero todavía se le cobró £ 55 para mi esposa una tarjeta de embarque lo que falta para comenzar sus vacaciones, así que no voy a volar Ryan aire o reservar con allí compañeros en el crimen Onthebeach.com"
RYR_0993,Ryanair,Desconocido,Seville,Trieste,Europe,octubre de 2024,1,"Terrible servicio. Siempre se retrasa. Me cobraron 50 euros por la maleta a bordo en la puerta porque la maleta no se ajustaba perfectamente a los tamaños de prueba, incluso si la maleta se ajustaba al espacio debajo del asiento. Es curioso cómo te cobran por los tamaños de las bolsas pero nunca te reembolsan todos los retrasos. Tenemos 1 hora de retraso en el viaje, pero no recibí una disculpa y un reembolso por mi tiempo! Servicio de premios. ¡Este no es un cargo de ida, usted debe manejar vencer a su negocio!"
RYR_0994,Ryanair,Desconocido,Valencia,Vancouver,International,octubre de 2024,1,"Creo que es la peor compañia low cost. No se como haran las entrevista pero la mayoria de sus trabajadoras en puerta de embarque son lo menos empatico, humanas y educadas que existe. Escogen a lo peor de lo peor."
RYR_0995,Ryanair,"South Wales, Reino Unido",Palermo,London,Europe,septiembre de 2024,5,"El 26 de septiembre de 2024 hora del vuelo 20. 30 pm. Temía mi vuelo porque me daba mucho miedo volar, pero decidí cambiar de asiento y sentarme en la parte delantera. El supervisor de la tripulación de cabina José García era consciente de mi miedo a volar, él era increíble que me mantuvo tranquilo y me hizo reír y se aseguró de que estaba bien, José y su tripulación eran fantásticos, tan profesional y encantador, ahora no puedo esperar a volar con Ryan Air. Muchas gracias por cuidarnos xx"
RYR_0996,Ryanair,Desconocido,Birmingham,Las Palmas de Gran Canaria,Europe,octubre de 2024,1,"Nunca he volado Ryan aire antes y nunca más lo haré. La experiencia fue de cola creada por nosotros mismos llegamos temprano debido a las preocupaciones sobre los problemas en el aeropuerto de Birmingham, pero no hay problemas, pero no se le permitió reservar equipaje hasta 2 horas antes. Qué moda tuvimos que hacer cola durante siglos pero una vez terminado tuvimos prácticamente cero tiempo en duty free , el único tiempo que tuvimos fue porque pagamos extra por la seguridad de la vía rápida. Este es un intento deliberado de Ryanair para que no obtengamos comida y bebida / duty free antes de nuestro vuelo. Una vez en el vuelo la bebida era cara y el capuchino era horrible. Pedimos un reemplazo y nos dijeron que NO, y que se deduciría de sus salarios. Así que vender productos / bebidas que no son potables es nuestro problema! ¡Qué vergüenza! ¡Así que simplemente no vueles con ellos!"
RYR_0997,Ryanair,"Derby, Reino Unido",London,Dubrovnik,Europe,octubre de 2024,1,"ADVERTENCIA NO COMPRES PREPAGADO por comida y bebida, al intentar usarlos son rechazados por las azafatas y se pierde tu dinero"
RYR_0998,Ryanair,Desconocido,London,Riga,Europe,octubre de 2024,1,"Aterricé 3 h 10 m más tarde de lo previsto. Primero, nos retrasaron 1 h 30 m en el aeropuerto. Luego, no despegamos hasta dentro de 1 h 30 m porque los ingenieros tuvieron que revisar el avión. Intentado reclamar el billete de vuelta, Ryanair dice que el vuelo no es elegible ya que se retrasó 1 h 20 m : ) ) ) Tampoco se proporcionó asistencia en el aeropuerto/avión. Estafadores absolutos"
RYR_0999,Ryanair,"Pafos, Chipre",Krakow,Paphos,Europe,septiembre de 2024,1,"Atención a todos los residentes de Ucrania que vuelan con Ryanair. La aerolínea está haciendo la vida difícil a sus clientes ucranianos. Así que ahora no te darán una tarjeta de embarque electrónica para tu vuelo, citando algunas reglas de la UE. Ahora tienes que hacer cola con las personas que quieren facturar su equipaje para recibir una tarjeta de embarque con un código QR. Quisiera señalar que Ryanair vive en otro mundo ficticio, propio, porque otras aerolíneas como Lufthansa y Aegean Airlines y otras emiten libremente tarjetas de embarque electrónicas y el pasajero puede abordar el vuelo sin ningún obstáculo ficticio. Por supuesto, en la aplicación Ryanair es posible verificar su pasaporte para recibir fácilmente una tarjeta de embarque electrónica, pero al verificar con un pasaporte ucraniano, la aplicación da un error. Todo esto y el banner de Ryanair en la web de Ryanair, que está escrito con errores, da testimonio de la actitud repugnante hacia sus clientes de Ucrania. Aconsejo a todos los futuros pasajeros que planeen vuelos de negocios o turísticos que utilicen otras aerolíneas. ¡Gracias por su atención!"
RYR_1000,Ryanair,Desconocido,Marrakech,Oujda,Domestic,octubre de 2024,1,No uses esta empresa los precios baratos son una estafa cuando llegas al aeropuerto te piden más dinero tuve que pagar el doble de precio porque no lo comprobé online. Nunca lo hice en 20 años volando alrededor del mundo.
