id,origin_user,origin,destination,flight_type,travel_date,overall_rating,review_text
1,Desconocido,Malaga,Las Palmas de Gran Canaria,Domestic,marzo de 2026,1,"Lo ocurrido en este vuelo dice mucho, y nada bueno, sobre la política de atención al cliente de la compañía. Llegamos al aeropuerto con antelación, pasamos todos los controles a tiempo y nos presentamos puntualmente en la puerta de embarque. Fue únicamente en ese momento, y solo respecto de una de las pasajeras, cuando se exigió el certificado de residencia, sin ninguna advertencia previa ni información útil antes de llegar al gate. Lo más grave es que, en el momento de la compra, el propio sistema de Vueling confirmaba expresamente la “condición de residente validada”, generando una confianza totalmente legítima en que no habría ningún problema adicional. Sin embargo, en el embarque se ignoró completamente esa validación previa. El perjuicio fue aún mayor porque viajábamos sin equipaje facturado. Al no pasar por mostrador, se nos privó de cualquier posibilidad real de ser advertidos con antelación y de poder resolver la situación antes de los controles de seguridad. Si esa comprobación se hubiera realizado antes, habríamos podido reaccionar a tiempo y, en el peor de los casos, aceptar pagar la tarifa completa del billete. De hecho, ya en la puerta de embarque ofrecimos expresamente pagar el billete completo para no perder el vuelo. La respuesta fue negativa, sin margen, sin alternativa y sin ninguna voluntad de ayuda. Más allá de la normativa, lo verdaderamente inaceptable fue la actitud del personal: rígida, hostil y completamente desentendida del pasajero. No hubo orientación, no hubo asistencia y no hubo el más mínimo intento de gestionar la situación. Solo una aplicación mecánica de la norma acompañada de un trato frío y desagradable. El resultado fue la pérdida total de un viaje de ocio por una gestión deficiente, inflexible y mal ejecutada. Si esta es la forma en que Vueling trata a sus pasajeros cuando surge un problema, entonces el problema no es puntual: es estructural. No recomendaría esta experiencia a nadie."
2,Desconocido,Seville,Barcelona,Domestic,marzo de 2026,1,No tienen cuidado con el equipaje es una compañía en la que los trabajadores no tienen cuidado con las maletas y por lo que se ve ganas de realizar bien su trabajo espero q lo tengais en cuenta
3,Desconocido,Menorca,Barcelona,Domestic,marzo de 2026,1,"Los empleados de Vueling en el aeropuerto de Mahón , hicieron todo lo posible para recaudar dinero.Mi hijo menor pasó por delante de mi y a mí me retuvieron porque según ellos,tenía que pagar 60 euros por mi bolso.Perdi de vista a mi hijo varios minutos y al intentar buscarlo,la azafata no me dejó porque tenía que pagar 60 euros.Una vergüenza,pero una vergüenza inmensa.Casi tengo que liarme a gritos y ponerme histérica para que me dejaran reunirme con mi hijo menor.Hubo muchísimas personas que por un mínimo tuvieron que pagar 60 euros .... A entiendo que los empleados hacen lo que sus superiores mandan...pero aquello fue una escabechina.Para mi ,lo más duro fue perder visualmente a mi hijo y que no me dejaran moverme para ir a buscar a mi hijo....totalmente denunciable.Si fuera empleada de Vueling,preferiría mil veces limpiar heces de caballo que trabajar ahí.Ladrones recaudadores."
4,Desconocido,Bilbao,Palma de Mallorca,Domestic,marzo de 2026,1,"Me han hecho pagar la maleta. 120 euros cuando he intentado explicar que había algún error no me han dejado ni explicarme. Que suerte que la ida no la había pagado. En algún momento ha habido un error. Como voy a tener maleta para ir y no para volver? Personal muy maleducado. Me llevo directamente a pagar si explicarme. Mi reserva, que se hace la ida h vuelta junta estaba con maleta incluida. 120 euros. REPITO. AL RESERVAR HACES LA IDA Y LA VUELTA. MUY MAL TRATO DEL PERSONAL"
5,"Villena, España",Bilbao,Alicante,Domestic,marzo de 2026,1,Contrate una maleta extra de cabina. En el aeropuerto me indican que tenía que haberla facturado y me cobran 60 euros de penalización. Cuando revisas la reserva no pone en ningun sitio que sea maleta a facturar. Las medidas y el peso son correctos para ir en cabina. Son una empresa que solo piensa en recaudar. El servicio de atencion al cliente son unos ineptos o se lo hacen.NO VUELEN CON ESTA COMPAÑIA.
6,Desconocido,Barcelona,Las Palmas de Gran Canaria,Domestic,marzo de 2026,1,"Horrible el desprecio de la azafata morena delgada. Se pasó el vuelo charlando con unos amigos que estaban en la fila 4. Le llevó comida y bebida como regalo mientras el resto teníamos que pagar 3,50€ por una botella de agua pequeña. Pasamos por una zona de turbulencias y todos con el cinturón puesto mientras uno de ellos se sienta en la zona de la tripulación y el otro se acuesta en los asientos. Me parece una falta de respeto hacia los pasajeros entre los cuales habían 2 que se encontraron un poco mareados mientras ella parecía que estaba en el salón de su casa con sus amigos"
7,Desconocido,Las Palmas de Gran Canaria,Seville,Domestic,marzo de 2026,3,"Las azafatas son un poco borde. Han cerrado un baño de la parte trasera ocasionando colas innecesarias simplemente por incordiar, nos ha parecido una falta de respeto."
8,Desconocido,Palma de Mallorca,Valencia,Domestic,marzo de 2026,1,"Tenía pagado maleta de 20 kg , maleta de cabina i bolsa bajo asiento. La maleta grande soli pesaba 12 kg y no me hicieron cubicar la maleta de cabina en la facturación , pero a la hora de embarque si y se salía 2 cm y me querían cobrar 60 euros. Bajo presión por el tiempo final de salida tuve que desmontar una estructura protectora de espalda de la mochila que llevaba en cabina i sacar una bolsa de ropa sucia y ponerme un abrigo. Al final sobraba espacio. Todo esto por dos centímetros de altura que si lo hubieran hecho en la facturación la hubiera facturado ya que me sobraban kilos. Todo por recaudar euros ya que la hubiera metido en la cabina igual. El personal poco amable o mejor dicho cero amable."
9,Desconocido,Florence,Madrid,Europe,febrero de 2026,2,"Fue muy malo la verdad , se atrasaron 3hrs y solo nos dieron una disculpa y un ticket con 8 euros , éramos 3 personas entonces no era nada para nosotros , no vuelen en ella , también hacen overbooking , solo felicito a el piloto por que sabía 3 idiomas"
10,Desconocido,Bilbao,London,Europe,marzo de 2026,5,"Muy puntuales, el personal muy amable y los vuelos (ida y vuelta) una maravilla. Al ir en primera fila, íbamos muy cómodas y tanto los embarques como desembarques, muy ordenados."
11,Desconocido,Palma de Mallorca,Grand Island,International,marzo de 2026,5,"Buenos días. Como pasajera con miedo a volar, quería agradecer enormemente la atención que recibí por parte de la compañía, en todo momento estuvieron pendientes de mi y tuve la gran suerte de conocer a Carolina y Alex Espinosa, que hicieron que la experiencia tanto de ida como de vuelta hiciera que pudiera ir tranquila. Sin duda volveré a volar con vosotros y espero poder coincidir nuevamente con el equipo. Un saludo. Victoria"
12,Desconocido,Barcelona,Paris,Europe,febrero de 2026,5,Un dia viaje paris orly el personal muy amable quiero agradecer al personal de el vuelo de las 9 y 25 de la mañana de el 21 de febrero mucho mas a el piloto que cuando vio que yo soy un apasionada por volar me dejo ver la cabina
13,Desconocido,Milan,Barcelona,Europe,marzo de 2026,1,"Para variar sale tarde, pero encima crean un caos en el embarque que no se evita solo por dejadez. Las que hacen el embarque dejando que todo el mundo se cuele, no se respetan los grupos, primero juntan los grupos 1y2, pero luego solo dejan embarcar el 1 con el consiguiente tapón de gente del grupo 2 .. Un desastre por pasar olímpicamente de los pasajeros"
14,Desconocido,Barcelona,Istanbul,Europe,marzo de 2026,1,"Es inaudito que con la situación de guerra actual entre Irán y EE. UU., Vueling pretenda obligar a sus pasajeros a volar hacia zonas de altísimo riesgo o, en su defecto, quedarse con nuestro dinero. He solicitado el reembolso de mi reserva por FUERZA MAYOR y seguridad vital, y la respuesta es nula o evasiva."
15,Desconocido,Bilbao,Ibiza,Domestic,febrero de 2026,1,"Experiencia absolutamente inaceptable con Vueling Airlines. Nos denegaron el embarque en un vuelo nacional alegando un supuesto problema con una mochila que, objetivamente, entraba perfectamente en la cesta medidora (tenemos fotografías que lo acreditan). El equipo de Vueling de Bilbao no nos permitió sacar dos sudaderas del interior para facilitar la comprobación, y el trato recibido por parte del personal fue completamente desproporcionado y fuera de lugar. Ante nuestra sorpresa —ya que nunca nos había ocurrido algo similar— comenzamos a grabar la situación para dejar constancia. La reacción fue aún peor: gritos, frases como “esto no es un mercadillo” y una negativa expresa a dejarnos volar, afirmando que “le daba igual quién fuera yo”. Además, no se nos ofreció siquiera la posibilidad de pagar un suplemento por la mochila. El resultado: nos dejaron en tierra, sin documento de denegación de embarque, sin solución alternativa y con pérdidas económicas directas. Más allá del perjuicio económico, lo más grave fue el trato recibido: humillante, arbitrario y carente de profesionalidad. Como pasajeros, merecemos respeto y un mínimo de coherencia en la aplicación de las normas. Esta experiencia ha sido profundamente decepcionante."
16,Desconocido,Barcelona,London,Europe,febrero de 2026,2,"No es una única experiencia, pero años de servicio pésimo y promesas incumplidas. Raramente los vuelos salen a tiempo, pero lo más despreciable son las mentiras que usan. En 4 ocasiones cambiaron mis asientos, ya en el avión, a otros de menos valor y en ningún momento reembolsaron el pago. En otra ocasión, el vuelo iba lleno (overbooking) me pidieron que tomase otro y ofrecían un vale de €150 por las molestias. Cuando dos meses después quiero usar el vale, era solo de €30. Una estafa. Y hoy, pago por estar en segunda fila y me hacen poner el equipaje cuatro filas atrás... A esperarme a qué se vacíe el avión, para salir, a pesar de haber pagado extra. Ya no me robareis más"
17,Desconocido,Bilbao,Tenerife,Domestic,febrero de 2026,1,"Lamentable la experiencia con el servicio de atención al cliente, maquina tras maquina o mensajes en su centro de ayuda. Te dan la opción de reembolso por no uso, pero nada más lejos de la realidad. Cuidado con sus términos y condiciones. Por error hicimos compra de servicio de facturación y encima de no hacer uso, por no llevar maleta, no les sirve que haya sido una confusión. Nos comunican que no va haber reembolso, 48 € nada más y nada menos. Un fallo lo comete cualquiera... No tenéis vergüenza."
18,Desconocido,Las Palmas de Gran Canaria,Granada,Domestic,febrero de 2026,1,"El personal en general tuvieron una empatía muy escasa con nosotros. Nosotros cogimos el vuelo el 15 de Febrero y por un problema de la página web cuando llegamos a hacer el check-in salía que teníamos el vuelo para el 15 de Marzo, a más personas les pasó lo mismo y la chica del aeropuerto no nos dió ninguna solución, 0 empatía. Nos dijo que llamáramos a la compañía para que nos devolviera el dinero, teníamos el vuelo para las 7:10 de la mañana, y no se podía llamar hasta las 8:00, es decir, perdimos el vuelo y nos fuimos con una sensación muy amarga de la compañía, dejan mucho que desear."
19,Desconocido,Bilbao,Granada,Domestic,diciembre de 2025,1,"El día 18 de diciembre volé desde Bilbao a Granada con mi pareja para pasar las navidades con su familia. En la cola de embarque nos apartan porque quieren comprobar si mi maleta de mano excede las medidas permitidas, hecho cierto y por el cual me reclaman el pago de una cantidad. Este hecho es cierto y ellos tienen la razón, pero esto desemboca en que tomen una actitud de matón y respondan de malas formas tanto a mi como a mi pareja a la cual quieren cobrar también cuando su maleta cumple estrictamente con la normativa. No nos permiten sacar equipaje de la maleta, amenazan y responden de malas maneras y cuando se les reclama un trato correcto amenazan con haber llamado a la policía y no dejarnos volar (sabiendo que con las fechas que son no vamos a poner problemas a pagar todo lo que ellos reclamen). Jamás me he sentido tan humillado en medio de una cola de pasajeros ni tan estafado, ni por supuesto he dejado que nadie me hable tan mal en mi vida. A todo esto hemos escrito y reclamado por todos los sitios posibles esperando al menos una disculpa formal de la compañía a la que hemos intentado avisar de las formas (no de las prácticas) de alguno de sus empleados para que intenten remediarlo y no menoscabar su reputación, pero ha dado el mismo resultado que hablar con la pared, tengo claro que prefiero viajar a otro continente en bicicleta que volver a subirme en un avión operado por esta compañía"
20,Desconocido,Bilbao,Seville,Domestic,febrero de 2026,1,"Pésimo servicio de atención a clientes, nos han confirmado un vuelo y a la hora de escoger los asientos el vuelo no aparece, llamas durante horas para hablar con alguien porque es súper difícil que te cojan el tlf y cuando por fin consigo una persona al tlf me dice que ese vuelo no está confirmado “teniendo yo la confirmación y el localizador” me dice que es un error de vueling pero que no pueden hacer nada, que me saque otro vuelo. “Vuelo ahora a 300 euros” cuando el mío sacado con tiempo me costó 52. UN DESASTRE. Me lo he sacado con volotea y nada que ver, aviones más limpios, servicio mucho más profesional y aunque tienen menos vuelos por lo menos sabes que no te dejan tirados. Hay que evitar vueling a toda costa"
21,Desconocido,Barcelona,La Coruna,Domestic,febrero de 2026,1,"Son unos auténticos sinverguenzas y ladrones, hemos llegado a coruña y le dio por dar la vuelta otra vez a bcn, ahora llevamos 4 horas 50 personas tiradas esperando a que nos den una respuesta, tirados como ganado, no nos dan ni un hotel, ni una respuesta, ni ningún tipo de facilidad, la última vez que me subo en esta muerda de aereolinea"
22,Desconocido,Barcelona,Oslo,Europe,febrero de 2026,1,Resulta que reservo ida y vuelta de Barcelona a Oslo en abril. Me cancelan el vuelo de vuelta. Pero resulta que el de ida no saben si se cancelará o no. me abren un caso y me dicen que puedo cambiar por otro vuelo. Me proponen volver en Junio (vuelo de vuelta el 29 de Abril). Resulta que han quitado los vuelos y nadie sabe nada. He llamado varias veces y no saben que tengo que hacer. Increíble!!!!! Espero que me den una solución aunque lo veo complicado.
23,Desconocido,Barcelona,Paris,Europe,febrero de 2026,1,"En espera del vuelo que era a las 12:40 pm con destino a París, ya en el aeropuerto, lo cancelaron. Sólo dieron la alternativa de agendar para el día siguiente o devolver el precio pagado para que uno mismo buscara un vuelo en otra línea aérea, lo que a esa altura salía una fortuna. Perdimos la entrada al palacio de Versalles que estaba planificada y pagada hacía meses. Nos vimos forzados a aceptar viaje al día siguiente por lo que nos ubicaron en un hotel que sólo se hizo cargo de dar habitación y desayuno. La línea aérea mandó pasado las 16:00 hrs y para almorzar una pizza individual y agua; para cenar un sándwich de pollo del burguer king y agua. Fue una experiencia frustrante, indignante y denigrante porque a la línea aérea no les importa empatizar con el pasajero-cliente, sólo el lucro. Jamás volveré a elegir a esta empresa. Jamás la recomendaré."
24,Desconocido,Bilbao,Las Palmas de Gran Canaria,Domestic,enero de 2026,5,"Mi padre tras confundirse de bus ( el conductor tb tuvo la culpa por no mirar el billete) llego a bilbao en vez del aeropuerto, por lo que tras coger rapidamente un taxi llegó pasado el limite de entrega de equipaje. Una señorita de vueling lo vio apurado y le facturó la maleta aún pasado el tiempo. Quería agradecerselo ya que mi padre es una persona mayor y se encontró muy perdido en ese momento. Gracias al personal de Vueling del aeropuerto de Bilbao."
25,Desconocido,Paris,Malaga,Europe,febrero de 2026,1,"Ha sido una experiencia horrible, no nos han dejado volar por llegar un minuto tarde después del cierre de embarque por causas totalmente ajenas y que no dependían de nosotras. El control de seguridad nefasto, sabían que teníamos que correr para llegar y aún así nos vacilaron haciéndonos perder tiempo. Además, el personal de Vueling ni siquiera nos ayudó a encontrar la puerta de embarque teniendo que preguntar a varias personas perdiendo más tiempo todavía. Contra todo esto, llegamos a las 6:21 (siendo el cierre a las 6:20) sin dejarnos volar. Más ridículo aún es ver salir a una azafata por la misma puerta de acceso al avión cuando repetidas veces nos decían que ya era demasiado tarde, repito, un minuto tarde y teniendo en cuenta que el avión salía a las 6:40. Aerolínea vergonzosa, en cualquier otra te hubiesen dejado subir sin problema."
26,Desconocido,Barcelona,Venice,Europe,septiembre de 2025,1,"Nos cancelaron a mí hermana y ami el vuelo del 14 de septiembre por una avería. Estamos cansadas de poner reclamaciones porque sólo nos han devuelto el billete de una, y ahora, seis meses después nos informan que teníamos que poner DOS reclamaciones... Cuando pones una queja, te remiten a Facebook, donde su servicio de atención al usuario es lo más pésimo e inútil de cualquier web o app. Así que ahora tenemos varias reclamaciones puestas,incluida AESA, que por lo visto, su trato es de 10, para el que quiera poner alguna queja."
27,Desconocido,Nuremberg,Barcelona,Europe,febrero de 2026,5,"Por primera vez en mi vida, me dio un ataque de ansiedad durante el vuelo. No pude tener más suerte con Victor, Martina y Diego, manejaron la situación a la perfección, tranquilizandome y mostrando empatia en todo momento. Gracias a ellos, vueling seguirá siendo mi compañia de confianza"
28,Desconocido,Barcelona,Las Palmas de Gran Canaria,Domestic,enero de 2026,1,"Son una banda de sinvergüenzas,reservamos 6 meses de antelación para sacar unos precios bajos y a falta de 2 meses nos cambian el vuelo con otro horario y con escala,su excusas es que es por motivos ajenos a la compañía, ahí le pillamos la mentira pues unos familiares se sumaron al viaje a falta de 2 meses y medio pagando los billete el doble que nosotros con la misma salida que nosotros reservamos al principio y con unos de los asientos que teníamos reservados,estaba claro que nos quitaron nuestro vuelo para venderlo mas caros y relegarnos a otro con un peor horario y escala,es una estafa en toda regla porque pagas por un servicio que vueling al final no te ofrece,no vuelvo a reservar con vueling jamás y voy hablar mal de esta gentuza a todos el mundo que pueda para que no le pase a mas nadie,"
29,Desconocido,Barcelona,Las Palmas de Gran Canaria,Domestic,febrero de 2026,1,"Compramos dos billetes con mucha antelación y nos dan asientos separados, debe ser, si no pagas te fastidias, es la única compañía que he visto que hacen esto"
30,Desconocido,Valencia,Santa Cruz de la Palma,International,febrero de 2026,1,"Horrible, combinado de Vueling con Iberia, he facturado maletas y horrible, me han cobrado por todo. Y encima sin idea de quien se tiene que encargar de nada. Horrible, angustioso y un calvario. Así no se puede viajar. NO VOY A VIAJAR MAS NI CON VUELING NI CON IBERIA. me han cobrado el doble de maletas,. un desastre. Aviso que no compréis esos combinados, por que estos ineptos no saben como llevarlos a termino."
31,Desconocido,Barcelona,Oviedo,Domestic,febrero de 2026,1,"Aeropuerto de Barcelona, experiencia exprés en el vuelo VY1570: embarque a las 7:00, cerrado a las 7:10. Diez minutos. Si no corres, no vuelas. Nos dejaron en tierra para Asturias como si el embarque fuera una carrera clasificatoria. Viaje y dinero perdidos por aplicar cronómetro en vez de sentido común. La próxima vez traeremos zapatillas de correr en vez de maletas. Y luego hablarán de “experiencia del pasajero”."
32,Desconocido,La Coruna,Valletta,Europe,enero de 2026,1,"El servicio de facturacion de maletas es un desastre. En el año 2025 hicimos un viaje desde A Coruña con destino a Malasia, pasando por Barcelona. La maleta llegó 7 dias después que nosotros pues de A Coruña, fue para Madrid. Este mes de Enero otro viaje: A Coruña-Malta, pasando también por Barcelona, lo mismo, la maleta nunca llegó a Malta, se fue directa a Madrid. Un desastre!! Te arruina el viaje."
33,Desconocido,Santa Cruz de la Palma,Barcelona,Domestic,diciembre de 2025,2,"Nos cancelaron el vuelo estando en el mismo aeropuerto y habiendo facturado ya la maleta. Desde las 18:50, hora de salida, no nos facilitan hotel hasta las 23 y algo. No nos facilitan comida, tampoco en el hotel. Salimos al día siguiente a las 9:23 habiendo tomado solamente un café y un cruasán en el mismo aeropuerto. Conseguir la indemnización y los gastos de desplazamiento y desayuno es una odisea que exige horas y horas de llamadas. De todas formas al final lo conseguimos. Pero se niegan a pagarme 12 miserables euros de comida del avión a pesar de demostrarles que el retraso fue de más de 14 horas y 4 de trayecto y no habíamos tomado nada más que lo antes mencionado. Cuando se encuentren en la misma situación y si se prevé que no les van a facilitar alimentos en el alojamiento, háganse con ellos en el aeropuerto y guarden todos los justificantes. Y por cierto la tortilla enlatada que tienen en sus aviones es bastante mala."
34,Desconocido,Tenerife,Barcelona,Domestic,enero de 2026,1,Infame experiencia. Retraso. Desinformación. Trato deplorable. Los datos cambiando en todo momento y esperas ilógicas.
35,Desconocido,Las Palmas de Gran Canaria,Seville,Domestic,enero de 2026,1,Azafatas no diferencian entrada al avión y discusiones entre ellas y pasajeros por no hacer bien su trabajo desde el principio.Mala experiencia
36,Desconocido,Malaga,Barcelona,Domestic,enero de 2026,1,"Ridícula vergonzosa y un desastre. De cada 10 viajes, medio sale o llega a su hora. El embarqué ridículo con toda la tranquilidad del mundo , no importa el cliente ni los planes, ellos están relajadisimos"
37,Desconocido,Seville,Las Palmas de Gran Canaria,Domestic,enero de 2026,1,"Jueves 29 de Enero Embarcando a 18:00 La chica de pelo rizado nos dice que no podemos pasar por tener dos bolsas (una caja de zapatos y una vestido de boda que va como tiene que ir, en su percha y con la funda! Le hizo sacar a mi suegra la ropa de boda y doblarla para meterla en la maleta! Sinceramente es lamentable que no tengan ni un pizco de empatía… por supuesto que no vamos a facturar una maleta de más para un vestido y unos zapatos…que ya nos cabían en las maletas que llevábamos, pero que es de sentido común que no lo vas a meter en una maleta donde se escachen o arrugen de más….nada más que eso! Cada vez la atención y el servicio de estas aerolíneas van peor! Nos vinimos en Binter por el horario, pero para la próxima, volvemos en Binter…y no los importa pagar algo más, porque no es cuestión de dinero, sino de sentido común"
38,Desconocido,Barcelona,Venice,Europe,septiembre de 2025,1,"Nos anularon dicho vuelo a mi hermana y a mi. A mi me reembolsaron la cancelación, pero a mi hermana no la han devuelto nada. Estoy harta de realizar reclamaciones, y no nos han hecho ni caso, pero que no se piensen que esto va a quedar así, porque continuaremos reclamando hasta conseguir la devolución."
39,Desconocido,Madrid,Barcelona,Domestic,noviembre de 2025,1,"Mala experiencia, no tuve espacio para los pies, y a mitad del vuelo me dieron un paracaidas para tirarme del avion, ya que las azafatas/azafatos me intentaban humillar, por desgracia lo consiguieron, me fiu al baño y me intente quitar la vida, pero gracias a mi negociador me salve. GRACIAS A EL SIGUE VIVO"
40,Desconocido,Bilbao,Milan,Europe,enero de 2026,1,"Horrible. Vamos a embarcar y yo llevaba mi mochila de mano que mide 40x30x20, como la mayoría de los pasajeros de ese día. Pues nos hacen pasarla por su medidor 'aleatoriamente' a dos personas, una de ellas yo. Cuando la voy a meter no entra de ancho por lo que me voy a poner una sudadera y me dice la señora del embarque que mi bolsa de comida (cosa totalmente imprescindible) la tengo que meter dentro de la mochila por lo que ya no me entra de ninguna manera. Le digo que me cobre hasta Barcelona porque tenía escala y no me deja. Obligatoriamente hasta Milán. 120€ la broma. Increíble que vuestra política dejadme decir: política saca dinero por todo funcione así. Cuando perfectamente entra la mochila debajo del asiento como indica en el billete, adjunto fotos de la misma. Además la tratan mal, golpeada, manchada y mojada como muestro en las imágenes. La casualidad da que a la vuelta de Milán a Bilbao ningún tipo de medición a nadie. Así que pude entrar con mi misma mochila igual o más llena que a la ida. Mando un correo y dicen que es por la comodidad de los pasajeros o seguridad. Jajajajaja El único objetivo que tenéis es sacar las cuatro perras a 4-5 personas y cuando hacéis el cupo para pagaros la extra... suficiente no medimos más mochilas ni maletas. Muy lamentable lo de esta aerolínea."
41,Desconocido,Las Palmas de Gran Canaria,Bilbao,Domestic,enero de 2026,1,"Volvíamos de un vuelo al aeropuerto de Bilbao. Como consecuencia de fuertes rachas de viento, no se pudo aterrizar y nos derivaron a Barcelona. Las azafatas nos dicen que programarán autobuses de vuelta. Llegamos a las 23:30. Allí nos recibe una chica que nos dice que vayamos a un bar, que nos darán de cenar y que estemos atentos a las pantallas para saber cuándo programan vuelo de vuelta. Allí terminó toda comunicación con Vueling. La cena en cuestión era un bocadillo reseco, una botella de agua y una napolitana también reseca . Toda una noche abandonados en el aeropuerto del Prat. Con las maletas dentro del avión, daba igual que tuvieras frío o necesitaras algo de ellas. Nadie de la Compañía se interesó de si alguien de los 150 pasajeros necesitábamos algo. Finalmente programaron el vuelo para las 5:50am, pero luego salió a las 6:20. Lamentable."
42,Desconocido,Malaga,Barcelona,Domestic,julio de 2025,2,"Vueling no mi paga mi reembolso de taxi desde julio 2025. Es imposible entrar en contacto con Vueling por teléfono, el chat es automático no soluciona nada y el email no te contestan. Un servicio de atención al cliente horrible!!! Volar Vueling solo si no hay un problema, caso contrario, será una lucha sin fin, y sin respuestas."
43,Desconocido,Barcelona,Las Palmas de Gran Canaria,Domestic,enero de 2026,1,"😡GESTIÓN NEFASTA DEL EQUIPAJE EN CABINA. Son muy restrictivos con el tamaño y cantidad de bultos que llevas de mano, hasta que entras en el avión y ves que el espacio por el que te han hecho pagar para llevar tu trolley (45€) está ocupado por abrigos y mochilas por lo que no se ha pagado extra y que deben ir debajo de los asientos (como te advierten en rojo en cada paso del proceso de compra). Lo peor es que los auxiliares de vuelo te dan la razón, pero no hacen NADA para organizar eso. Tuve que poner mi trolley en un espacio de de filas más atrás, con el atasco y molestias que eso supone en el desembarque. Me dijeron que no podían hacerse cargo de eso y que si me molestaba demasiado esperar 2 min en el desembarque. Desde luego parece que me tiene que molestar menos que a ellos hacer SU TRABAJO. Además, el espacio de piernas es de los más pequeños que he visto (y yo mido menos de 1,60m)."
44,Desconocido,Barcelona,Alicante,Domestic,enero de 2026,1,"La azafata que nos atendió deja mucho que desear … malas formas , irrespetuosa y sinceramente me hizo pasar vergüenza ya que incluso alzó la voz refiriéndose a mí en un tono despectivo ,su nombre Beatriz , y no solo conmigo.. era bastante antipática con más pasajeros incluso ponía malas caras cuando algo le pedían algo , sinceramente con las cantidad de chicas que estudian se preparan y son excelentes azafatas no entiendo como trabaja en esta compañía con la que jamás anteriormente he tenido ningún inconveniente. Darle las gracias por sus formas hacia los clientes de Vueling o Iberia ."
45,Desconocido,Tenerife,Seville,Domestic,junio de 2025,3,Bastante bien aunque un poco ruidoso el vuelo y no ofrecen comida.. Las azafatas muy amables. Definitivamente muy bueno.
46,Desconocido,Tenerife,Barcelona,Domestic,enero de 2026,1,"Regularmente en mi vuelo 6 pasajeros en la misma situación , no permite asignar asientos en la compra con el pretexto de verificar certificado residente canario y al llegar al mostrador automático te incluyen en lista de espera . Es penoso este tipo de práctica discriminatoria con los residentes de las islas canarias"
47,Desconocido,Bilbao,Barcelona,Domestic,enero de 2026,1,"Nueva mala experiencia con Vueling y, desde luego, la última. En un vuelo anterior ya me entregaron la maleta rota, pero lo de esta vez ha sido el colmo. No solo es la falta de cuidado con el equipaje de los pasajeros, sino la actitud del personal de tierra. Han sido extremadamente bordes y prepotentes al intentar pedir una solución. Se niegan en rotundo a dar cualquier tipo de explicación lógica y te despachan con total indiferencia, como si el cliente fuera el culpable de su mala gestión. Una aerolínea que no cuida ni las pertenencias de sus clientes ni el trato humano básico no merece ninguna confianza. La falta de transparencia y la mala educación son, lamentablemente, la seña de identidad de esta compañía. No volveré a volar con ellos."
48,Desconocido,Malaga,Rome,Europe,diciembre de 2025,1,"Iba a viajar a Roma con un amigo el pasado puente de diciembre. Compré los dos billetes con esta compañía a través de una empresa intermediaria (Kiwi). Tuve un accidente y me rompí el peroné antes del viaje, por lo que no pude irme. Con el tipo de tarifa contratada, ni Vueling ni Kiwi me daban una solución decente a pesar de aportar el certificado médico correspondiente: o bien cancelaba ambos billetes, pero a mí me devolvían el dinero y a mi compañero no; o bien no cancelaba ningún vuelo, con lo que mi amigo podía volar pero yo no y a mí no me devolvían el dinero. No me daban la opción de anular mi billete pero no el de mi amigo, que sí quería viajar. Muy poca empatía y profesionalidad por parte de ambas empresas, incluso con motivo médico de peso para no poder viajar."
49,Desconocido,Palma de Mallorca,Lisbon,Europe,enero de 2026,1,"compañia de piratas con el beneplacito del gobierno, la ultima vez que uso esta compañia que solo les falta el parche en el ojo. cambian horarios y anulan vuelos como si nada, con la escusa de que lo hacen con 14 dias de antelacion no tienes derechoa indenizacion y cuando buscas alternativa los precios han subido una exageracion porque queda poco para el viaje"
50,Desconocido,Alicante,Bilbao,Domestic,enero de 2026,4,"Ni mas ni menos que lo que cualquier compañía aérea que se precie debe hacer, es decir fácil facturación y puntualidad . Solo un pequeño incidente por la indisposición de un pasajero en Alicante que nos retrasó un poco pero ese tiempo fue recuperado en el vuelo."
51,Desconocido,Bilbao,Alicante,Domestic,enero de 2026,5,"En esa ocasión tanto a la ida como a la vuelta no nos sorprendieron con ningún detalle típico de Vueling , como embarques y desembarques complicados e hizo que a falta de estos detalles fueron unos vuelos perfectos pero aburridos, ja, ja, ja"
52,Desconocido,Paris,Barcelona,Europe,diciembre de 2025,1,"Mi experiencia con Vueling ha sido, sencillamente, inaceptable. Retrasaron mi vuelo de un día para otro sin ofrecer ninguna explicación coherente y, lo que es peor, sin proporcionar alojamiento, comida ni ningún tipo de asistencia básica durante las más de 24 horas que nos dejaron completamente tirados. Cuando intentas reclamar por los gastos adicionales que te ves obligado a asumir —porque no queda otra que pasar una noche más en el destino— descubres que el proceso es casi una burla: solo permiten hacerlo por email, únicamente en inglés, y te responde una supuesta “IA de atención al cliente” que se limita a marearte con respuestas vacías que no llevan a ninguna parte. La sensación es que la compañía hace todo lo posible para evitar responsabilizarse de sus propios errores y del perjuicio que causa a sus pasajeros. Después de esta experiencia, tengo clarísimo que no volveré a volar con Vueling. Una empresa que trata así a sus clientes no merece ni confianza ni repetición. La peor compañía aérea europea."
53,Desconocido,Seville,Las Palmas de Gran Canaria,Domestic,diciembre de 2025,1,"En un vuelo directo, Sevilla-las Palmas de Gran Canaria en el que llegamos perfectamente a tiempo al aeropuerto, entregamos nuestras maletas en el mostrador de facturación y ya no vimos más el equipaje. Pagamos 2 maletas para poder tener todas las cosas necesarias y estar cómodos, y llevamos 5 días sin nada. Cuando llegamos a las palmas, fuimos a reclamar nuestro equipaje a SOUTH Europa Global Service, donde dimos nuestra dirección de entrega en las palmas. Solo nos dieron un código de incidencia, aunque nos habían extraviado 2 maletas de 2 pasajeros diferentes, así Vueling se ahorra la mitad de la indemnización que se recibe por día cada pasajero al que le han perdido el equipaje. Nos dijeron que podíamos gastar 50 euros para 3 personas (solo en productos que ellos consideran de primera necesidad, no lo que tu necesites!) por cada día de retraso, justificando todos los gastos exhaustivamente con tickets de compra, pero no se puede adquirir ningún producto de primera necesidad hasta pasadas 24h del retraso del equipaje. 1. 50 eur para 3 personas no da absolutamente para nada con los precios actuales. 2. En las primera 24h estuvimos absolutamente sin nada, sin ropa, sin pijama, sin cepillo de dientes, sin ropa interior, calcetines, todo estaba en las maletas. 3. Hemos estado todo el tiempo de nuestras vacaciones pendientes de llamar a Vueling y comprar cosas para sobrevivir, día a día, en lugar de disfrutar de la familia y las vacaciones. Al llamar a vueling solo podemos hablar con un robot que no nos decía nada excepto que habían perdido nuestro equipaje: no se puede hablar con la empresa que reparte las maletas perdidas, SOUTH no coge el teléfono a los clientes; no se puede saber si la maleta ha llegado al aeropuerto. NO SE PUEDE HABLAR CON NADIE que esté a cargo de tu equipaje. El día 30 nos dicen por la mañana que han localizado nuestro equipaje, y a pesar de haber varios vuelos durante el día nos dicen que lo van a enviar de Sevilla a las palmas en el último vuelo del día, VY3050, que llegaba a las Palmas a las 22:40. También nos dijeron que nos llamarían desde el aeropuerto cuando recepcionaran nuestro equipaje. Esto nunca ocurrió. El día 31, después de llamar 11 veces a Vueling sin obtener ninguna información, porque a pesar de hablar con un agente solo decían que no sabían nada excepto que nuestro equipaje está perdido, ¡gracias por la información!, decidí dirigirme al aeropuerto que está a 25 km de donde nos estamos quedando con un tráfico propio de un 31 de diciembre, para intentar recuperar mis 2 maletas. Ahí me llevé la peor sorpresa: SOUTH y sus ineptos empleados no solo no nos habían llamado al recibir nuestro equipaje, sino que LO HABIAN ENVIADO A NUESTRA RESIDENCIA HABITUAL A TENERIFE, a pesar de que nosotros indicamos claramente que estaríamos en las palmas y dimos la dirección de entrega. Para mi asombro, los empleados de SOUTH nos dicen que no pueden hacer nada, a pesar de que eran las 19: 00h de la tarde y hay un vuelo cada hora de Tenerife Norte a Las Palmas hasta las 22h al menos. Lo peor es que el empleado de South, un tal Oscar, me dijo que había llamado y era imposible hacer nada por nosotros y se que me MINTIÓ, yo estaba allí y en ningún momento llamo a Tenerife Norte. El trato que este empleado nos dio fue lamentable, en el tono de su conversación, la negativa a hacer cualquier tipo de gestión para encontrar una solución. Me dijo que lo mandaban el día 1 por la mañana. Hoy seguíamos sin nuestras cosas, volví a llamar a Vueling para que alguien me aclarará que estaba pasando y cuando iba a llegar el equipaje, misma respuesta, no pueden decir nada. Al estar tan enfadada me dijeron que a lo largo del día me llamaría un “supervisor” para darme alguna respuesta, eso no ocurrió tampoco. Además, el día 1 todo está cerrado por ser festivo, con lo que tampoco pudimos comprar nada más, y gracias a esto también se ahorran la indemnización diaria. Cuidadito con Vueling, pagas por tu maleta y te quedas sin nada! El próximo viaje será sin duda con Binter."
54,Desconocido,Sendai,Las Palmas de Gran Canaria,International,enero de 2026,1,"Me han arañado la maleta, así que todo pésimo. Ladrones, ladrones, ladrones, ladrones, ladrones, ladrones, ladrones ..."
55,Desconocido,Barcelona,Granada,Domestic,diciembre de 2025,1,"Mi hija con 15 años voló a Barcelona a pasar unos días con sus amigas. Llevaba una maleta con las dimensiones requeridas, solamente sobrepasaba las dimensiones de las ruedas, 3cm?. La trabajadora la trató como a una delincuente, fue muy mal educada, mi hija me llamó llorando, es una vergüenza que traten así a una niña de 15 años cumpliendo con las dimensiones de la maleta. Se les olvida a la compañía que sin viajeros se van a su casa. Si puedo no volveré a usar está compañía"
56,Desconocido,Valencia,Las Palmas de Gran Canaria,Domestic,diciembre de 2025,5,"vuelo del dia 19 de Diciembre de 2025, fui muy comodo por el trato que me ofrecio la sobrecargo y toda la tripulscion de presente vuelo. Descatar el aterrizaje de la tripulacion que fue expectacular"
57,Desconocido,Alicante,Istanbul,Europe,diciembre de 2025,1,"Al subir al avión, me obligaron a mandar a bodega mi carrion, y me cobraron 120 euros para esto, llegado a destino , mi equipaje nunca llegó, imposible hacer un reclamo, vueling no atiende. De regreso a Alicante, y luego de una gran espera, pude comunicarme por te. , lo único que me dijeron es que los 120 euros no se devolvían. Me dejaron sin mi equipaje y me cobraron 120 euros para esto. Todavía estoy esperando que me digan que paso con mi equipaje. Una estafa e irresponsabilidad. Vueling, asi no se trata a los clientes. NUNCA MAS"
58,Desconocido,Bilbao,Milan,Europe,diciembre de 2025,1,"El retraso de más de dos horas y media de su vuelo VY1456 (Bilbao-Milán Malpensa) el pasado 21/12/2025 ha sido una auténtica pesadilla. Por su culpa, mi hija, su madrina y yo perdimos la conexión a Cagliari. Lo peor no fue el gasto extra en alojamiento, transportes, dietas y nuevos desplazamientos (que ha sido altísimo); lo verdaderamente imperdonable es el daño moral: mi hijo se quedó solo en Cagliari el domingo por la noche, teniendo que cruzar la isla en tren al día siguiente para encontrarse con nosotras mientras nosotras volábamos angustiadas a Olbia. Su falta de puntualidad provocó cancelaciones de coches de alquiler, noche de hotel imprevista cerca del aeropuerto Linate y un estrés emocional incalculable en plenas fechas navideñas. A Vueling no le importan las personas, solo las estadísticas. Han demostrado una falta total de empatía y profesionalidad. Si valoran su tiempo, su dinero y, sobre todo, su paz familiar, no intenten no volar con ellos. Es una compañía descuida respuestas cuando sus fallos logísticos malogran la vida de los pasajeros. #Vueling #Vergüenza #MalServicio #AfectadosVueling"
59,Desconocido,Palma de Mallorca,Barcelona,Domestic,diciembre de 2025,1,Pagué 30 eur por maleta de 25 kg. La subi a la puerta de embarque y me cobraron otros 60 porque la tendría que haber facturado. Hola Ryan Air... qué triste que aprendáis de los peores. Nunca más Vueling con vuestras políticas de estafa a los clientes.
60,Desconocido,Madrid,Vienna,Europe,diciembre de 2025,1,"Había comprado un vuelo con antelación. Cuando faltan 24 horas para volar, voy a la página a hacer el chek in. Para mí sorpresa mi reserva no aparecía. En después de intentar contactar por una hora con trabajadores de atención al cliente uno de ellos me pudo explicar lo que pasaba. ""El vuelo estaba operado por otra empresa y nunca recibimos confirmación de parte de ellos. Si quiere le podemos devolver el dinero"" Indignante la irresponsabilidad y que no sean capaces de avisar de este problema. He tenido que gastarme muchísimo dinero porque necesito volar mañana y por su incompetencia no he podido tener un viaje bien organizado."
61,Desconocido,Palma de Mallorca,Alicante,Domestic,diciembre de 2025,1,"Mucho que desear a diferencia de AIR EUROPA que si vale la pena, la amargada por llamarla de alguna manera me ha hecho sacar la tablet de la mochila porque salía 6 cm de la cajita de medida. Siendo residente de la isla y que te limiten así obligándote a abonar 50€ más por una mochila que sobresale unos cm es de vergüenza… me guardo las palabras que me gustaría poner por aquí pero tengo más decencia que los trabajadores de esta aerolínea, la última vez que vuelo con estos! Usureros."
62,Desconocido,Barcelona,La Coruna,Domestic,diciembre de 2025,1,"Nada, han vendido mi billete dos veces. Ni con asiento seleccionado te libras. Además he tenido que pagarme otra vez el billete. Lo barato sale caro. Evitad volar con vueling siempre que haya otra compañía que haga la misma ruta, aunque sea más caro. No hay una compañía que te trate peor."
63,Desconocido,Istanbul,Barcelona,Europe,noviembre de 2025,1,"Vuelo retrasado más de 2 horas. No recibimos de parte de Vueling ni agua ni ningún tipo de refrigerio como es preceptivo en estos casos, y sí nos han ofrecido otras compañías aéreas menores low cost en casos similares. En nuestro caso, el retraso de más de 2 horas nos supuso perder una conexión en autobús nocturno hasta nuestro destino por un valor de 63€. Al demandar la compensación y adjuntar prueba por este gasto la compañía no quiso hacerse responsable. Lamentable"
64,Desconocido,Barcelona,Las Palmas de Gran Canaria,Domestic,diciembre de 2025,1,"Si mucha imagen bonita de unir a las familias por Navidad y es una compañía nefasta! Siempre había oído hablar muy mal de Vueling pero nunca comprobado por mi misma hasta hoy!!!! NO ACONSEJO #vueling A NADIE!!!!!! Ya desde el check in la cosa empieza a ir mal. Compro dos billetes para mi y mi pareja y estando la fila de 3 y 3 libre nos seleccionan los asientos de el medio a cada lado, en vez de ponernos correlativos estando la fila vacía! Y todo para que pagues los asientos! El embarque a parte de mal gestionado con incompetentes, dentro del avión con los azafatos la cosa no cambia! Malas caras por parte de los tripulantes y sin ganas de ayudar ni trabajar. El desembarque tedioso como nunca había vivido. Nunca más. Desaparece Vueling!!!"
65,Desconocido,Seville,Barcelona,Domestic,diciembre de 2025,5,"Mi vuelo de ayer con ésta compañía fue estupendo, tenía una conexión a Viena y cambiar de terminal a mí llegada a Barcelona con poco margen de tiempo, se lo comenté a la azafata y me dijo que harían lo posible para que saliera la primera, como no conocía bien el aeropuerto me explicaron como debía hacer para llegar a la otra terminal Dar las gracias a toda la tripulación por su gran interés y que gracias a sus indicaciones pude coger a tiempo el vuelo de conexión a Viena Saludos desde Viena❤️"
66,Desconocido,Palma de Mallorca,Valencia,Domestic,octubre de 2025,1,"Mi vuelo se retrasó casi 3 horas. Los puestos de comida estaban cerrados y al llegar a Valencia no había transporte público y apenas taxis. Tuve que pagar 30 euros por un taxi en lugar de utilizar el metro. Contacté con Vueling en múltiples ocasiones y no sólo no me ayudaron, sino que NUNCA me respondieron. Es una compañia LOW cost y LOW quality. No la recomiendo, siempre se retrasan sus vuelos de últimas horas sin compensar de ningún modo a los pasajeros."
67,Desconocido,Barcelona,Malaga,Domestic,diciembre de 2025,1,"Teníamos contratado y pagado el servicio de facturación de una maleta de 15 kg en bodega (48 €) para un vuelo de Barcelona a Málaga. Por causas ajenas a nosotros, debido al intenso tráfico de acceso al aeropuerto provocado por un accidente, no llegamos a tiempo al mostrador de facturación y acudimos directamente al de embarque. Allí se nos obligó a pagar 60 € adicionales para subir la maleta, tratándola como equipaje de mano (recibo QWP64H-03). Entiendo este cargo, ya que ese servicio no estaba contratado inicialmente. Sin embargo, el servicio de facturar la maleta en bodega, que sí habíamos pagado, no fue prestado, y no se ofreció ninguna alternativa ni reembolso en el momento. Considero que, como mínimo, debería devolverse el importe correspondiente a ese servicio no utilizado (48 €). Experiencia decepcionante por la falta de flexibilidad y de una solución justa ante una situación claramente ajena al pasajero."
68,Desconocido,Barcelona,Prague,Europe,diciembre de 2025,1,"Reservamos en abril un viaje a Praga para enero, un mes antes nos cambian los vuelos de día, habiendo pagado y organizado todo. Solicitamos una compensación y se niegan, la única alternativa es aceptar las fechas nuevas o reembolso (a estas fechas todo es el doble de caro) PÉSIMA AEROLÍNEA, NO LA RECOMIENDO!!!!!"
69,Desconocido,London,La Coruna,Europe,diciembre de 2025,2,"La atención de la persona del personal de tierra que nos atendió en el aeropuerto de Gatwick fue desagradable, después de haber provocado ella el error, con nada de empatía con un pasajero con poco nivel de inglés y ella sin hablar una palabra en español cuando era un vuelo con destino A Coruña, menos mal que las azafatas de cabina eran muy amables y con dominio de los dos idiomas, lo que recompensó un poco la mala experiencia."
70,Desconocido,Tangier,Barcelona,International,diciembre de 2025,1,"Me parece lamentable, como cliente, tener que aguantar la petulancia y chulería de una TCP que lejos de colaborar y hacerte la vida fácil, te la quiere complicar. Hoy, sentado en la fila 2, tenia espacio arriba (reservado para los clientes de primeras filas), coloco mi equipaje y me lo empuja hacia atrás ¿? Le digo que hay espacio y que no me parece acertado. ""Estoy haciendo mi trabajo"" dice, creo que sin tener claro cual es su trabajo (seguridad, atención al cliente y amabilidad). Lejos de quedarse ahí cuando, ya en vuelo, hago uso de la llamada a TCP para pedir la hoja de reclamaciones, me ignoran y, en dos veces, me apagan el chivato delante mío...El servicio de esta compañía es muy pobre, pero lo de hoy roza la mala educación y apela a la grosería. Lamentable. Está claro que, esta aerolínea, solo la usaré si no me queda más remedio."
71,Desconocido,Seville,Athens,Europe,julio de 2025,1,"me cambiaron el vuelo sin previo aviso, un vuelo comprado cuatro meses antes, teníamos que embarcar en un crucero y la única opción fue volar un día antes en un vuelo que llego a las 3 de la mañana, mi vuelo salido pero habían vendido nuestras plazas, (un viaje amargo por culpa de alguien que no supo hacer su trabajo) pague una noche mas de hotel perdí reservas de transfer, contratar otro mas caro por la hora de llegada, llevo meses reclamando a CACVYparticulares y no tienen respeto ni para contestar a un viajero cuando le expones tu reclamación, no aconsejo a nadie volar con Vueling no respetan al cliente, igual ahora tengo suerte y hacen caso por publico,"
72,Desconocido,Paris,Barcelona,Europe,diciembre de 2025,1,"Horrible ! Muy desagradable, las azafatas del checkin muy antipáticas, me han querido engañar, me pedían 84€ por el sobrepeso de las maletas y eran 60€, después de discutir 15 min entro en razón, muy muy mal, cuidado! Porque te quieren engañar, como no hables francés lo tienes complicado, evitar coger está aerolínea te van a estafar. Fui con mis hijos y pasé un rato fatal no recomendable"
73,Desconocido,Tenerife,Madrid,Domestic,abril de 2025,1,"A pocos días de la fecha de salida de mi vuelo, el viernes anterior a Semana Santa, Vueling me comunica que cancelan el vuelo, y me instan a mirar en su web otras opciones (miro y no había ninguna otra opción). Me toca comprar un billete en otra compañía mucho más caro, debido a las fechas, y les reclamo mi derecho a la compensación, que ellos me deniegan diciendo que fue por causas ajenas. Vegonzoso, nos veremos en los tribunales"
74,Desconocido,Seville,Las Palmas de Gran Canaria,Domestic,octubre de 2025,1,"Pongo una reclamación por maltrato de palabra y de obra, en facturación y embarque en mi vuelo Sevilla a Gran Canaria, el lunes 27 de octubre. Más siendo una persona de movilidad reducida, vergonzoso y humillante. Contestación del departamento de atención al cliente de vueling: Hola: Para una respuesta mas asertiva, podrias proporcionarme mayor información? Un saludo, Equipo Vueling Primero, me tutean (educación cero), segundo, la información del desagradable incidente se la he proporcionado en su formulario de quejas. Una vez que se los indico, me remiten una carta tipo: ¡Hola! Hemos recibido tu caso 11908......y nos gustaría darte las gracias por tomarte el tiempo para compartir tus comentarios con nosotros. Valoramos mucho tu opinión, ya que nos ayuda a mejorar continuamente. Queremos que sepas que hemos revisado todos los puntos de tu caso y hemos tomado nota. Para nosotros esto es muy importante, ya que nos permitirá hacer mejoras en el futuro. Esperamos verte muy pronto a bordo y poderte desear un ¡Buen Vueling! Recuerda que estamos aquí para ayudarte si tienes cualquier otra consulta."
75,Desconocido,Bilbao,Tenerife,Domestic,septiembre de 2025,1,"Desde la noche del 7 de septiembre llevo luchando para que me den respuesta a los daños ocasionados en una de mis maletas. Lo primero que hay que aclarar es que Vuelino no tiene oficina en el Aeropuerto Norte de Tenerife (desconozco sí la tiene en el sur) por lo que todas las gestiones han tenido que ser por internet. Se me ha dado un número de incidencia :11599039 (creo que costó menos conquistar América) y cada cierto tiempo se me envía un correo diciendo que me falta información por aportar (ya ehe enviado fotos, vídeo, compra del pasaje.....estoy por enviar mi partida de naciemiento), eso sí en un correo que solo es para enviar y no para recibir. Llamo y vueling te pide un código que suele se darse en las oficinas que tiene ubicada en los aeropuerto. P.D. La oferta de compañías que operan en Canarias es más limitada que en la Península......los enormes costes que pagamos por la insularidad. Esro provoca que, a pesar del trato recibico, tenga que volver a volar con ellos"
76,Desconocido,Barcelona,Seville,Domestic,noviembre de 2025,1,"En este vuelo nos perdieron la maleta, hicimos una reclamación PIR y la maleta se nos entregó en hotel de Matalascañas 1 día después, llegando la maleta con candado y cremallera rotos, todo el contenido removió y con falta de una chaqueta impermeable North Face color azul. La respuesta de la compañía a nuestra reclamación con fotos , etc.. es que es un daño menor que no cubre la compañía… Sensación de impotencia ante estos atropellos que tenemos que padecer y aceptar los usuarios. Nunca ma con Vueling"
77,Desconocido,Barcelona,Oviedo,Domestic,noviembre de 2025,1,"Me rompen la maleta, me envían una más grande y horrorosa. No coincide modelo, color, medida ni calidad. (no puedo utiliza en cabina) y se quedan tan anchos. Cierran la reclamación porque para ellos ya me han indemnizado. Unos SINVERGÜENZAS. Reclamo a la Agencia Estatal de Seguridad Aérea AESA"
78,Desconocido,Palma de Mallorca,Barcelona,Domestic,noviembre de 2025,1,"En facturación casi una hora de cola, a las 12,10 h. solo dos mostradores para más de 100 pasajeros, consecuencia, llamada para cerrar la facturación al mostrador específico en todos los vuelos, consecuencias, solo un mostrador para el resto. Una vergüenza."
79,Desconocido,Bilbao,Granada,Domestic,noviembre de 2025,1,"El lunes 10 de noviembre reservé el vuelo desde Granada a Bilbao que salía el domingo 16 con la agencia Edreams. Una vez pagado me doy cuenta que estaba duplicado, me lo habían cobrado dos veces. Al momento llamé a Edreams (que por cierto me cogieron enseguida) y me comentan que si que hay una duplicidad de reserva pero que ellos no podían cancelarla que tenía que ser la aerolínea que es Vueling. Me dieron los teléfonos para llamar y fue imposible hablar con una persona física porque la máquina con la hablas ya se encarga de ello. Al final lo conseguí por chat y muy amablemente me comunicaron que efectivamente ha habido una duplicidad y que me devuelven el dinero, me enviaron un correo donde dice el código de reserva cancelado y el que tenía que usar y la cantidad que me reembolsan 99,99€, cuando yo pagué 109,11€ pero bueno da igual porque hasta el día de hoy no he recibido el dinero. Contacté con ellos respondiendo al correo que me enviaron y les dije que no había recibido el dinero y que igual era porque pagué con paypal. Me respondieron diciendo que habían realizado el reembolso utilizando el mismo método de pago que empleé en la compra, y que igual tendría que hablar con la agencia de viajes para reclamar el importe. El viernes hablé con Edreams por teléfono, (porque ellos sí te cogen) y me dijeron que ellos no han recibido el reembolso y hasta que Vueling no les envíe el dinero ellos no me lo pueden abonar. Hablé con paypal y me dijeron lo mismo que ellos no tienen orden de ningún reembolso. Intento hablar con Vueling pero es imposible, os escribí otro correo el viernes explicando lo que me dijo Edreams y ni habeis respondido. Me estáis tomando el pelo de una forma vergonzosa. Esto es frustrante porque veo que os pasáis la pelota unos a otros. Si esto no se soluciona tendré que ir a la organización de consumidores y usuarios y hacer la denuncia pertinente."
80,Desconocido,Bilbao,Barcelona,Domestic,noviembre de 2025,5,"Hemos volado Bilbao Barcelona en el vuelo de las 22,05h y quería resaltar la amabilidad, simpatía y buen hacer del azafato Martin, así da gusto volar con Vueling! Súper atento! Un 10 para él!"
81,Desconocido,Seville,Bilbao,Domestic,noviembre de 2025,1,"Compré un vuelo en mayo, para salir de Sevilla a las 17:50. Por el que pago una diferencia de +80€, respecto al que salía a las 21:15. Total que me cambian el vuelo al de las 21:15 sin motivo y sin ofrecer alternativa horaria para ese mismo día. Y ahora el vuelo que tenía que salir a las 21:15 sale a las 22:00 por retraso. Un asco de aerolínea"
82,Desconocido,Milan,Barcelona,Europe,noviembre de 2025,2,"Hemos comprado 3 billetes más caros de Vueling, mis padres y yo, para el supuesto ""space plus"", cuyas ventajas, según la web, incluyen: más espacio para los pies, embarque prioritario y espacio exclusivo para el equipaje de mano. Resulta que hubo lío en el embarque y se mezclaron distintos grupos. O sea, de embarque prioritario nada. Y cuando llegamos a nuestros asientos los ""compartimentos exclusivos"" estaban a rebosar. Tuvimos que poner los equipajes mucho más al fondo. Nos es el fin del mundo, claro. Pero si la empresa vende algo más caro, que sabe que no puede entregar, eso tiene un nombre: timo. Compramos las comodidades justo porque mis padres ya son algo mayores, pero de poco nos ha servido"
83,Desconocido,Almeria,Barcelona,Domestic,noviembre de 2025,1,Durante la reserva me cambiaron el precio antes de poder cerrarla. Además te cobran ilegalmente el equipaje de mano. Es lamentable.
84,Desconocido,London,Bilbao,Europe,noviembre de 2025,1,Viajo casi todas las semanas a Londres por trabajo. Desafortunadamente me veo obligada a viajar con Vueling porque es la opcion mas cercana que tengo desde Pamplona. Su servicio al cliente es lamentable. He comprado una maleta especial para visjar con ellos y en cada vuelo tengo que levantar ls bolsa y po erls en la caja. Ademas sus formas de tratar al cliente dejan mucbo que desear. Hoy ya han superado el colmo de los colmos. Ademas de la maleta bajo el asiento llevaba dos bolsas de plastico con compras del aeropuerto. Me han hecho pagar como si fuera una maleta para poder subir esas bolsas. Tenia tickets de todo excepto de una caja de galletas. Y a pesar de todo he tenido que pagar para poder montarme en el.avion. Esto despues de embarcar con una hora y media de retraso y con csmbio de puerta de embarque. Pero por supuesto nadie se ha disculpado. Es vergonzosa la falta de educacion de sus empleados y sus limitaciones ridiculas. Nunca lo recomendaria
85,Desconocido,Paris,Valencia,Europe,noviembre de 2025,1,"Con mi maleta de cabina que estoy cansado de viajar con distintas aerolíneas, al llegar al aeropuerto, Vueling se inventa que mi maleta no es de cabina (me muestran las medidas que consideran cabina ellos, y era algo parecido de tamaño a un bolso de fiesta de mano). Con lo que si quiero llevar mi maleta de cabina en la bodega del avión, debo pagar 47€… A continuación pido factura de lo pagado y me lo niegan, siendo la respuesta que me apañe solicitándola online… Una verdadera vergüenza."
86,Desconocido,Malaga,Barcelona,Domestic,noviembre de 2025,1,"Compré mis billetes de ida y vuelta con Iberia en tarifa Comfort, justamente buscando un viaje más cómodo porque viajo con mi bebé de un año y dos meses, y además por motivos médicos importantes en el destino. Sin embargo, el vuelo es operado por Vueling y no se respetan las condiciones que pagué: ni el asiento amplio, ni la prioridad de embarque, ni el trato correspondiente a la tarifa contratada. Lo más decepcionante es que Iberia se desentiende diciendo que el vuelo es de Vueling, y Vueling dice que todo depende de Iberia. Al final, el pasajero queda sin solución, después de haber hecho un gran esfuerzo económico —incluso financiando el viaje— y teniendo que viajar incómoda con una bebé en brazos, como a ellos les plasca y mas cuando hay asientos disponibles aún Mi caso no es un capricho, es una necesidad. Es lamentable que dos aerolíneas tan grandes se pasen la responsabilidad entre sí, sin pensar en los pasajeros que confiamos en ellas y pagamos por un servicio que nunca recibimos. Si esto es asi no me quiero imaginar en el vuelo q me eligieron el asiento q les dio la gana y no me facturaron la maleta de 23kl jajaja son de lo peor"
87,Desconocido,Istanbul,Barcelona,Europe,noviembre de 2025,5,"No es facil de contactarse en el momento, pero en momento de la verdad y en situación complicada hay una gran comprención. No voy a explicar los detalles pero quiero agradecer el Vueling por mirar cada caso y ver las situaciones extremas. Era vuestra clienta y segiré con vosotros. Gracias Vueling!"
88,Desconocido,Las Palmas de Gran Canaria,Seville,Domestic,octubre de 2025,1,"El servicio de asistencia lleva a los PMRs al mostrador de facturación, y se niegan a darles la tarjeta de embarque, aunque no había nadie en la cola. Con la excusa de que hasta que no acaben con el vuelo anterior. La asistencia nos deja en los asientos, teniendo que esperar a que otra asistencia venga posteriormente..., en el embarque la señorita se dirige al PMR de forma muy maleducada. Al regreso del vuelo, lo mismo, la asistencia les lleva a facturación y se niegan a darles la tarjeta de embarque. Obligando a que una nueva asistencia venga de nuevo más tarde. Única compañía aérea que actúa con tal falta de respeto a los PMRs, y a las asistencias."
89,Desconocido,Ibiza,Barcelona,Domestic,noviembre de 2025,1,"Denuncia pública: @vueling ha rechazado el embarque de mi perra de asistencia Moka, impidiéndome viajar y salir de mi propia isla, pese a presentar toda la documentación exigida por la normativa española y europea. En España, los perros de asistencia se acreditan mediante documentación oficial emitida por la autoridad competente, no por entidades privadas como ADI. Poseo la credencial oficial N.º RCA/001/22, emitida por el Consell d’Eivissa bajo el Real Decreto 409/2025 (BOE-A-2025-10490) y la normativa autonómica. Dicha acreditación fue validada por el Govern Balear, Policía Nacional y Ayuntamiento. El Reglamento (CE) 1107/2006 prohíbe discriminar a personas con discapacidad y negar asistencia cuando la acreditación es oficial. Exijo a @vueling que rectifique, cumpla la ley y reconozca a Moka como perra de asistencia acreditada. La accesibilidad no es un favor: es un derecho."
90,Desconocido,Amsterdam,Malaga,Europe,noviembre de 2025,1,"¡Atención! JAMÁS reserven un vuelo con esta aerolínea. Cambian los vuelos incluso cinco minutos después de haber reservado. Es IMPOSIBLE contactarlos por teléfono; pueden comprobarlo ustedes mismos en su página web. Aviones antihigiénicos, sencillamente, muy sucios. Personal muy antipático. GASTA UNOS EUROS MÁS EN UN VUELO Y OBTENDRÁS LO QUE PAGAS. No entiendo por qué otra inspección no se ha hecho cargo todavía de esta aerolínea. Iberia, ¡qué vergüenza!"
91,Desconocido,Barcelona,Menorca,Domestic,septiembre de 2025,1,"La peor aerolínea con la que se puede volar. El mes de septiembre volé a Menorca(de donde soy) y me perdieron TODO LO DE MI BODA (era en 2 semanas). Tuve que comprarlo TODO de nuevo. Y tras poder reunir por fin TODAS LAS FACTURAS me dicen que NO ME LO PAGAN. A parte del disgusto de haber perdido todo lo que nos costó conseguir /hacer durante 2 años para NUESTRO DIA, encima lo hemos pagado x2. GRACIAS VUELING , por nada."
92,Desconocido,Barcelona,Tenerife,Domestic,septiembre de 2025,1,"Si quieres llegar a tu destino el dia y hora previstos, esta no es la compañia. El overbooking está a la orden del dia. Me ha ocurrido a mi y a mi familia 3 veces en 2 meses. Con la consiguiente perdida de enlaces y compromisos. Ni se te ocurra contratar con ellos si tienes enlaces con otros vuelos, trenes, etc. Y para colmo, reclamar es un laberinto diabólico"
93,Desconocido,Valencia,Bilbao,Domestic,octubre de 2025,1,"Recomiendo tener cuidado al adquirir los billetes de esta compañía. Compré un billete para poder estar junto a mi hermana a la que sometían a una operación delicada. La cirugía se pospuso cuando faltaban 10 días para la misma. Ante esta situación, me puse en contacto con Vueling, compañía a la que envié un certificado emitido por el cirujano, en el que se indicaba el cambio de la fecha y su reprogramación. Vueling desestimó la petición y emití un nuevo billete, ya que desafortunadamente no hay otra compañía que opere este destino. Al no haber volado el 18/10/2025, solicité la devolución de las tasas a través de un formulario y la compañía me ha contestado, facilitado un número de expediente e indicado que llame al teléfono de atención al cliente. Para mi sorpresa, la persona que me ha atendido, a la que no se le entendía demasiado bien, me ha informado que el coste de la devolución de las tasas aeroportuarias era de 15€, importe superior al montante de las mismas. Afortunadamente, el viaje de ida a la residencia de mi hermana lo hice con otra compañía de bajo coste, que me reembolsó la cantidad en forma de crédito. El servicio al cliente fue rápido y transparente en cuanto al intercambio de correspondencia electrónica, algo que no se puede decir de Vueling ya que desde su servicio de atención al cliente, han afirmado que no pueden poner por escrito el coste de la gestión por reembolso de tasas aeroportuarias. En el futuro y si tengo otra opción, evitaré volar con esta compañía."
94,Desconocido,Barcelona,London,Europe,octubre de 2025,1,"Una porqueria, el último viaje, usureros, rastreros, hacen que se te quiten las ganas de viajar. El tiempo os pondrá en vuestro sitio. Asquerosos"
95,Desconocido,Malaga,Las Palmas de Gran Canaria,Domestic,octubre de 2025,1,"La peor compañía que vi en toda mi vida, nos han cancelado el vuelo a mi y a 9 pasajeros más hoy en Málaga porque dicen que ha sido una sobreventa de billetes y que no hay asientos para nosotros. Es lo más absurdo que te puede pasar cuando ya tienes planes muy importantes de trabajo. No voy a volar más con esa compañía ni gratis."
96,Desconocido,Barcelona,Rimini,Europe,octubre de 2025,1,"Es una vergüenza de compañía, mi pareja y yo pagamos los asientos para poder sentarnos juntos, ya que era la primera vez que volábamos juntos y por la cara me cambian el asiento a uno mejor. A mí no me importa lo material, yo solo quería disfrutar del momento con mi pareja y por supuesto que monté un pollo porque conmigo no se juega. Conseguí mi asiento ya que yo lo había pagado y todo gracias a la chica que estaba en mi asiento que quiso ayudarme porque los azafatos son una vergüenza. Tristes que sois unos tristes"
97,Desconocido,Barcelona,Florence,Europe,octubre de 2025,1,"✈️ Lo que iba a ser un finde de ensueño en Florencia… terminó en nada. Hoy, 25 de octubre, teníamos vuelo con Vueling a las 10:50 desde Barcelona. Llegamos con toda la ilusión del mundo, listas para disfrutar, pero cuando fuimos a embarcar… la máquina no nos dejó pasar. 🤨 Nos mandan a otra cola y ahí nos sueltan que, por culpa del viento, no podemos volar. ¿Y lo mejor? Que algunos sí pudieron subir al avión. Según ellos, eran los “seleccionados” o los “afortunados” 😤. Nosotras, en cambio, nos quedamos esperando… hasta que finalmente nos dijeron que no volábamos. Excursiones pagadas, alojamiento reservado, parking, días de fiesta en el trabajo, amigos esperándonos en Florencia… todo perdido. Y las “soluciones”: volar a las 21h (lleno) o mañana (también lleno). Sinceramente, una vergüenza. Si realmente hacía mal tiempo, ¿por qué unos sí y otros no? ¿Sorteo? ¿Excusa? Porque si el tiempo era tan malo, nadie debería haber volado. Gracias Vueling, por dejar a media gente en tierra y arruinar un viaje preparado con tanta ilusión. 💔"
98,Desconocido,Barcelona,Dublin,Europe,octubre de 2025,2,"Todo fatal, se equivocaron de vuelo, por su culpa perdí el vuelo. Me pidieron disculpas por su error, pero tuve que pagar 250€ más por su error, para coger otro vuelo."
99,Desconocido,London,Malaga,Europe,octubre de 2025,1,"Cuando me senté en mi asiento me vino un olor a vomitos, pero no dije nada, mi sorpresa fue cuando fui a ponerme el cinturón me manché la mano de vomitos. Los azafatos simplemente me cambiaron de sitio. Cuando llegué a mi casa, me di cuenta que el pantalón lo tenia manchado por atrás. He tenido que tirar el pantalón porque después de lavarlo varias veces el ácido de las manchas no se quita. Es una verguenza, no volveré a volar con Vueling."
100,Desconocido,Barcelona,Istanbul,Europe,octubre de 2025,1,"Es la segunda vez que salen las maletas muy sucias y con manchas como de grasa, una la he tenido que tirar, ya que NO salían las manchas y la maleta era granate. Tienen que tener las bodegas muy sucias y no me vale que digan que es en el aeropuerto, ya que con ninguna otra compañía nos ha pasado, si es así límpienlas por favor. Decir en positivo que últimamente las azafatas son más agradables y educadas, cosa que antes en su mayoría, no eran."
101,Desconocido,Barcelona,Munich,Europe,octubre de 2025,1,Alquile un coche a través de Vueling cars es una estafa tuve q pagar más casi el doble de lo q había pagado. Pésimo. Será denunciado . No se puede permitir ese abuso.
102,Desconocido,London,Seville,Europe,octubre de 2025,1,"No es la primera vez que tengo una pésima experiencia con esta compañía, sobre todo por la prepotencia de sus empleados. Siempre dan problemas a pesar de la nefasta gestión de todo el pasaje. Espero no tener que volver a volar nunca con ellos. A día de hoy lanceoladas compañía de bajo coste"
103,Desconocido,Valencia,Tenerife,Domestic,agosto de 2025,1,"Me perdieron la maleta facturada y no me la devolvieron hasta el día de antes de volverme a casa. Llevo intentando que me paguen lo que me gasté debido a la pérdida desde agosto, estamos ahora mismo en octubre, y de momento no me han pagado los gastos de primera necesidad. He llamado muchas muchas veces a vueling, sí que te cogen el teléfono pero se lavan las manos diciendo que te envían correos y que lo gestiones por ahí. No vuelvo a volar con ellos nunca más."
104,Desconocido,Palma de Mallorca,Barcelona,Domestic,septiembre de 2025,1,"Pésima experiencia, muchos problemas para el embarque, el personal del aeropuerto de Palma es lamentable, prepotente y nada amigable, no vuelvo a volar con ellos. Prefiero RyanAir mil veces."
105,Desconocido,Barcelona,Paris,Europe,octubre de 2025,1,"Nos hicieron medir las mochilas de mano justo antes de entrar, cabian perfectamente en el cajón sin sobresalir y aún así nos hicieron pagar los 60€ de equipaje de cabina. Al no haber sitio en la cabina nos las pusieron abajo con las mochilas facturadas porque arriba ya no cabian (bajo el asiento hubieran entrado sin problema), les explicamos que teniamos la proxima conexión un poco justa de tiempo y no nos quiso escuchar el señor de Vueling (Aeropuerto Barcelona)."
106,Desconocido,Tenerife,Barcelona,Domestic,octubre de 2025,1,"Nos cambiaron el vuelo a un grupo de 8 personas por problemas con el clima, un servicio de atención telefónica horrible, no teníamos manera de solucionar el problema de una señora del grupo de 75 años que la dejaron sola en un vuelo de 30 horas mas tarde, casi no tienen personal en tierra, la suerte que una trabajadora (Ruth) no ayudo y nos soluciono todo .... gracias 🙏 muy malo el servicio de atención al clinete telefónico..."
107,Desconocido,Tenerife,Santiago de Compostela,Domestic,octubre de 2025,1,"Siempre hay algún problema con esta compañía. Cada vuelo tiene retraso. No hay forma de ser puntual. Cabreado no, lo siguiente"
108,Desconocido,Barcelona,Rome,Europe,octubre de 2025,1,"Fue la peor experiencia de mi vida, nos pidieron un documento que no teníamos y que no era necesario y no pudimos embarcar en el avión, nos dejaron en otra ciudad sin lugar donde dormir descansar, comer, estuvimos atrapados un día en una ciudad que no teníamos ni si quiera prevista, dejaron a mi madre y a mí a cargo de mis abuelos que hasta les cuesta caminar. Sin duda horrible."
109,Desconocido,La Coruna,Paris,Europe,octubre de 2025,1,"Check in web no me funciona Instalo app. No me deja escoger asiento gratuito en el segundo vuelo. Llamo a atención al cliente. No me dan opciones a marcar para ayudarme con el problema de selección de asiento. Me cuelgan con un ""esperamos verte pronto""."
110,Desconocido,Madrid,Florence,Europe,octubre de 2025,1,"Nos hicieron un cambio de hora del vuelo de regreso sin dar otra opción que no fuese rechazar el vuelo y quedarme en Florencia o buscarme la vida con otro vuelo. Después compruebo que el mismo vuelo que me habían quitado vuelve a estar disponible pero no me permiten volver al mismo, me piden 50€ por cada billete si quiero cambiarlo. Pero además, una vez en el aeropuerto, tanto en la ida como en la vuelta, me encuentro que ambos vuelos sufren un retraso. Y por si fuera poco, al coger otro vuelo distinto más barato, puesto que no me permiten cambiarlo sin pagar 50€ por cada uno, me dicen que puedo reclamar las tasas de embarque del vuelo no usado. Pues cuando reclamo dichas tasas, me cobran 15€ por la gestión, o sea, tu reclamas y ellos te cobran por reclamar. Vamos, un fiasco de compañía, en mi opinión"
111,Desconocido,Barcelona,Rome,Europe,octubre de 2025,1,"Ineficientes!! Otra vez y esta es la tercera!! Sin contemplación, NUNCA MÁS CON VUELING!! La excusa de hoy: mi familia llegó a tiempo al aeropuerto de El Prat y había una fila interminableeee para llegar al mostrador. Cuando llegaron... Sorpresa!! Ya no podían meter la maleta y tuvieron que pagar 125€ cada una por el cambio. Van dos cancelaciones en un mes y ahora esto. No las dejaron subir aunque llegaron a tiempo. Desastre y decepción total. Nunca jamás!!"
112,Desconocido,Bilbao,Barcelona,Domestic,septiembre de 2025,4,"De verdad que como siempre me pareció perfecto, el vuelo salió puntual, todo bien, ordenado, comenzaron a embarcar por grupos como decía la azafata y la salida igual nos mandaron a bajar por orden en fila y iban de de la 1 a la 5 luego las otras y así sucesivamente, los tripulantes de cabina estuvieron pendiente de todo, lo único fue y una de las azafatas la llamamos para pedir algo del menú que vendían en el avión y llegó como cansada, sin ganas de querer responder a nuestras preguntas, siempre tuvo la cara como molesta, pero me imagino que ya tenía muchas horas de vuelo...eso quiero pensar aunque era las 8:00 a.m"
113,Desconocido,Bilbao,Alicante,Domestic,septiembre de 2025,3,"Como digo en el título y para no variar una de cal y otra de arena como en cada viaje que hacemos con ellos. A la ida con ilusión ya que fuimos en el avión decorado con los colores del Athletic al que nos llevaron en bus para así poder verlo bien y hacernos unas fotos con una amable tripulación y en especial su comandante que incluso nos cometo en plan jocoso a ver que nos parecía ya que lo habían estado pintando ellos toda la noche. Gracias comandante. A la vuelta y como siempre desde Alicante, ya debe ser norma para estropearnos las vacaciones disfrutadas y amargarnos la vuelta, retraso en aviso para embarcar, lentitud en el pase por la puerta de embarque, habían perdido a dos pasajeros que iban en silla de ruedas, andando al piso de abajo y 15 minutos esperando al autobús, embarque en el avión y cuando han cerrado las puertas no dice el piloto que tiene que abrirlas de nuevo porque el aire acondicionado no funciona y tiene que venir un técnico para arreglarlo, mas retraso. Ya al final despegamos y llegamos a nuestro destino."
114,Desconocido,Santa Cruz de la Palma,Barcelona,Domestic,septiembre de 2025,1,"Nos cambiaron 2 veces de puerta de embarque,corriendo como dementes por el aeropuerto,gente mayor,niños,tuvimos que embarcar en la pista,y aún estoy esperando una disculpa."
115,Desconocido,Bilbao,London,Europe,septiembre de 2025,1,"No volar con Vueling si es posible evitarlo: cambios frecuentes de horario de vuelo una vez comprado el billete,precios abusivos por maleta y selección de asiento y cancelación de vuelo el mismo día del vuelo programado"
116,Desconocido,Bilbao,Tenerife,Domestic,agosto de 2025,1,"Viendo el nivel medio de las reseñas se entienden muchas cosas. He estado 12 dias en Santa Cruz de Tenerife, tierra muy querida por mi así como a sus gentes. Lo hemos pasado realmente bien disfrutando de sus maravillosos paisajes, de la amabilidad de sus gentes, de sus guachinches......casi todo perfecto. Ha habido dos empresas que han intentado romper esta idílica relación aunque no lo han conseguido. Una de ellas ha sido Vueling. A ver si logro un poco de claridad con un relato corto. Organizamos todas las partes del viaje con bastante antelación. Viajábamos dos personas y cogimos un complemento a los billetes (nos dijeron en Vueling que luego se podía cambiar cosa que no fue así) que incluía maletas, elección de asiento etc y creemos que también se incluía embarque prioritario aunque no estamos seguros 100%. Al realizar el cheking online no venia en las tarjetas el embarque preferente por lo que llamamos a Vueling (Manuel) quien nos informó que si estaba incluido aunque no siempre se recogía así en las tarjetas. Ya en el aeropuerto y al facturar las maletas preguntamos de nuevo y se nos informo que hablaban con el personal de embarque para que lo tuvieron en cuenta cosa que así se hizo y embarcamos sin problema. Ya en Santa Cruz volvimos a llamar a Vueling para aclarar el embarque de vuelta. Nos atendió (Manuel de nuevo) quien nos informó que no teníamos embarque preferente y que lo podíamos contratar como así hicimos (48€). Al realizar el cheking online volvemos a comprobar que no aparece el embarque preferente por lo que hablamos de nuevo, con otra persona, quien nos informa que lo que habíamos contratado es el pase preferente por el control policial cosa que no sabíamos ni que existía! Hago una reclamación escrita a Vueling y se nos contesta que si queremos tener embarque preferente que lo podemos hacer contratando filas delanteras con mas espacio que llevan incluido el embarque preferente. Contesto de nuevo diciendo lo que opino de la contestación que ya os podéis imaginar y esperando encontrar un mínimo de sentido común. Al final y al no recibir contestación contrato lo sugerido por Vueling (para nosotros es importante el embarque preferente), 44€, y embarcamos sin mas incidencias. Resumiendo, ademas del tiempo perdido, reclamaciones etc hemos pagado 2 ó 3 veces el embarque preferente sin haber tenido un mínimo de atención y empatía por parte de Vueling. Supongo que no les extrañara que casi tengan mas puntuaciones de opinión en el minimo (1) que en todas las demas. Un saludo,"
117,Desconocido,Barcelona,Oviedo,Domestic,septiembre de 2025,1,"Pésima experiencia. Imposibilidad de realizar check in online con asiento aleatorio, me dirijo al mostrador Vueling y me informan que hay overbooking, y debo esperar al final del embarque ya que hay 10 personas que han comprado el vuelo y que aún no han realizado la elección de asiento y es posible no se presenten al vuelo. Precisamente esas 10 personas fuimos las que esperamos en overbooking y finalmente pudimos acceder al vuelo. Táctica interesante para realizar la compra del asiento y así evitar esta situación de ""falso overbooking"". Pésima e ilegal actuación."
118,Desconocido,Turin,Barcelona,Europe,agosto de 2025,1,"Hace años que vuelo con Vueling porque vivo en Turín y a Barcelona solo viajan Ryanair y Vueling. Muchas veces por los horarios me conviene viajar con Vueling. Al caso, desde el 26.08 se generó un caso de reclamación de crédito de vuelo, por un tema familiar, en el que me pedían más información, que envié al día siguiente. Mañana hará un mes que se abrió el expediente y nada. Después de haber enviado 6 correos, no me han respondido a ninguno de ellos. Quiero decir que ni cuando murió mi suegra me devolvieron el dinero; me pidieron un montón de documentación (en ese momento sí que al menos había un interlocutor por la otra parte), y al final me denegaron el crédito porque mi compañero y yo no estamos casados. A día de hoy tenemos una hija de 1 año y medio. Y por último, también quiero que quede escrito que durante el covid, que tenía un par de vuelos con ellos BCN-BIO (Bilbao), que cancelaron por razones obvias, tampoco me devolvieron el crédito de mis vuelos. Una absoluta vergüenza ir de superguais y enrollados cuando en realidad tienen EL PEOR SERVICIO AL CLIENTE."
119,Desconocido,Barcelona,Düsseldorf,Europe,agosto de 2025,1,"En mi viaje a Alemania, facturé una maleta, y tuve que gestionarme yo misma todo el proceso de facturación en el Prat. Me preguntó: si yo pago por un servicio, por qué tengo yo que hacer el trabajo? Curiosamente, en el aeropuerto de Düsseldorf, había personal en ventanilla y me lo hicieron ellos. Por otra parte, el día de regreso, necesité cambiar mi vuelo por problemas de salud, y, habiendo pagado ese suplemento, me fue imposible conseguirlo... está todo pensado para que el cliente salga perdiendo y ellos ganando... además, los teléfonos de atención al cliente no los atiende nadie... Vergonzoso e injusto... Definitivamente, no volaré nunca más con Vueling... Sr. Director, ahórrese la respuesta.."
120,Desconocido,Barcelona,Paris,Europe,septiembre de 2025,1,"No respetan a los clientes . Todo para el beneficio . Retrasos , mala información o ninguna . Si pueden eviten está compañía"
121,Desconocido,London,Oviedo,Europe,septiembre de 2025,1,"En los últimos años , Vueling a perdiendo toda la credibilidad y la profesionalidad que tenía. Es la peor compañía, no cumplen un horario , el personal en tierra lo comenta de forma totalmente natural. No hay otra compañía que vuele a Inglaterra desde Asturias y se aprovechan , no sale ni llega un avión a la hora, es realmente vergonzoso, estamos totalmente desprotegidos ante este tipo de compañías que abusan de su impunidad. Haré todo lo posible por no volver a volar con ellos."
122,Desconocido,Milan,Barcelona,Europe,septiembre de 2025,1,"Lamentable , nos anularon el vuelo poco antes de la salida , nos tuvieron en una sala durante horas , antes de llevarnos a un “Hotel” donde no pudimos ni cenar Al final hemos tenido que sacar nuevos billetes con otra compañía, ellos no nos recolocaban hasta dentro de dos dias . Nos tratan como a ganado ."
123,Desconocido,Barcelona,Santiago de Compostela,Domestic,agosto de 2025,1,"Tuve que cancelar mi viaje. No tenia derecho a reembloso porque la tarifa que había elegido no lo permitía, pero sí que tenia derecho a recuperar las tasas del aeropuerto. Después de seguir todo el complicado proceso, me devolvieron 2 euros y Vueling se quedó con 16 euros en concepto de ""gastos de gestión"". Nunca más volaré con Vueling."
124,Desconocido,Tenerife,Valencia,International,septiembre de 2025,1,"Habia comprado el vuelo a Valencia desde tenerife y me lo cancelaron por ""problemas técnicos"" en vez de buscarme una solución me dijeron que tenia que pasar la noche en Barcelona o pagarme un taxi yo y ya ellos me devuelven el dinero cuando puedan. Voy a ver a un familiar cercano que hace tiempo que no lo veo y solo porque esta porqueria de Aerolinea cancela los vuelos como si nada no podre hacerlo ya que tampoco me garantizan llevarme a Valencia. NO COMPREN NUNCA BILLETES EN ESTA AEROLINEA, LES SALDRA MAS CARO AUNQUE EL PASAJE SEA ""ECONOMICO"""
125,Desconocido,Las Palmas de Gran Canaria,Barcelona,Domestic,septiembre de 2025,2,"Más que opinión es una queja, antes de ponerla en Trypadvisor quería hacerla en la página de Vueling El día 6 de septiembre. a las 15:55 volé con Vueling de LPA-BCN , me destinaron el asiento 31D. No me quejo del asiento ni de su localización en el avión, me quejo porque durante todo el vuelo las auxiliares de vuelo no pararon de hablar de temas personales, se les oia perfectamente lo que comentaban, reian y en fin....... nada profesionales. Una de estas auxiliares se paseó en dos ocasiones comiendo por los pasillos del avión, la verdad que fue el broche a mi decepción. Quiero un Vueling profesional, donde los pasajeros sean respetados"
126,Desconocido,Paris,Malaga,Europe,septiembre de 2025,1,"Viajar con Vueling ha sido decepcionante. A pesar de llevar una maleta de mano de tamaño estándar, me hicieron pagar un suplemento inesperado en el aeropuerto. No fue nada claro al momento de la reserva y me pareció un abuso. Son unos auténticos estafadores y sinvergüenzas"
127,Desconocido,Bilbao,Valencia,Domestic,septiembre de 2025,5,"06/09/2025. Buen precio. 100% de puntualidad. Buen ambiente a bordo. Lo mejor, las azafatas: amables, simpaticas y facilitando la ubicacion del equipaje de mano. Volvere a volar con Vueling."
128,Desconocido,Las Palmas de Gran Canaria,Seville,Domestic,septiembre de 2025,1,Te hacen facturar las maletas según el criterio de quien este en la puerta de embarque ....delante nuestra asaron gente con mochilas que no entraban en el cajon que tienen....pues nos toca a nosotros con mochilas y nos dice que tenemos que facturar ....que si no entran en el cajon tengo que facturar y le digo y a los otros nos los has visto.....me dice que se ha fijado en las nuestras.....al final nos han soplado 180€ y porque le dije que la de mi hija pequeña no la facturo ... Total un robo
129,Desconocido,Palma de Mallorca,Barcelona,Domestic,septiembre de 2025,1,"Dia 4/9/25 salida 18:35 Las 2 azafatas atención pésima: estando en el asiento 2fila la azafata morena con gafas nos hace poner las maletas filas más atrás cuando en el nuestro habia sitio y en el compartimento de nuestra fila les deja poner las maletas a los que iban sentados en las filas de más atras, al terminar el vuelo y recoger maletas fue un caos por culpa de la azafata morena; la azafata rubia bajita muy mal educada falta de profesionalidad y organización de las dos, Despropósito de agilidad para salir del avión. Que hagan más cursillos"
130,Desconocido,Barcelona,Basel,Europe,octubre de 2024,1,"Mal servicio en todos las etapas: Checkin, facturación, embarque, personal de a bordo,... mejor elegir otra compañía por barata que sea"
131,Desconocido,Madrid,Florence,Europe,agosto de 2025,4,"Vueling es puntual, eficiente manejo del equipaje, tripulación profesional, aviones limpios. Unicamente hay que estar atentos a repentinos cambios de sala de abordaje en Barajas."
132,Desconocido,Barcelona,Alicante,Domestic,agosto de 2025,1,"El vuelo salió 2 horas tarde, el trato muy malo, y no te dan ni agua. Son tan impuntuales que tienen el mensaje de disculpas grabado."
133,Desconocido,Barcelona,Milan,Europe,julio de 2025,1,"El vuelo muy bien en tiempo y todo en orden. Pero alquile un auto por medio del sitio web de vueling para la ciudad de Milán para el mes de Julio. Al llegar, la empresa Centauro, nos solicitó una documentación que no estaba especificada en los término de alquiler. No nos entregaron el auto y tampoco me hacen el reintegro del dinero. Mando correos a la empresa cartrawler, explico que las palabras utilizadas en los términos y condiciones que enviaron ""NO SON CLARAS EN ESPAÑOL"" y me responden cualquier cosa en los mails. Resulta que para conducir en Italia se requiere una licencia con validación internacional. Pero en los términos no dicen que es EXCLUYENTE o OBLIGATORIA dicha documentación. Repito no utilizan las palabras claras en español. Es un error de la empresa pero que perjudica al cliente!"
134,Desconocido,Palma de Mallorca,Seville,Domestic,agosto de 2025,1,"Desde el 12 de agosto estoy intentando algo tan básico como poder usar mis Avios para comprar un billete. Tengo dos cuentas: En una, con más de 1200 Avios, no puedo aceptar los términos y condiciones, por lo que no me permite utilizarlos. En la otra, donde sí podría comprar, no me autorizan a transferir los puntos. He enviado toda la documentación y capturas de pantalla solicitadas, he llamado en varias ocasiones, y la única respuesta es: “lo tiene el departamento correspondiente”. No ofrecen fechas, no dan plazos ni soluciones. El resultado es que, a día de 29 de agosto, sigo sin poder reservar. Los vuelos que hace semanas eran más baratos ahora son más caros, y los Avios que son míos no los puedo usar. Creo que este caso refleja un problema mayor: ✅ Se permite abrir cuentas sin aceptar términos. ✅ Se permite recibir Avios en ellas. ❌ Pero después no se puede ni usarlos, ni transferirlos, ni aceptar los términos. Como cliente, siento que he recibido poca importancia, ninguna solución y un silencio absoluto cuando más necesitaba ayuda. Sé que para una gran compañía un cliente individual puede ser “un granito de arena”. Pero en mi caso ya han perdido uno. Y cuantos más vivan experiencias así, más granitos se irán perdiendo."
135,Desconocido,Barcelona,Las Palmas de Gran Canaria,Domestic,agosto de 2025,1,"He sido cliente habitual de Vueling, pero cada vez resulta más difícil confiar en sus procesos. En varias ocasiones he tenido incidencias, y la última ha sido especialmente decepcionante. Mientras realizaba una gestión en su web, estaba en comunicación telefónica con su servicio de atención al cliente. La propia agente me indicó que lo que aparecía era un error, que realizara la operación y que después abrirían una incidencia para devolver el importe. Confié en esa instrucción, remití las pruebas (capturas, detalles del proceso e incluso la llamada que quedó registrada por la compañía) y, aun así, ahora hacen caso omiso a la devolución y no ofrecen solución alguna. Lo más grave no es solo el perjuicio económico, sino la sensación de falta de transparencia y de artimaña comercial: algo que parece sencillo y económico al principio, acaba siendo más caro y, pese a las garantías dadas por su personal, el cliente se queda desprotegido. Una compañía aérea debería ofrecer seguridad, claridad y confianza, no dudas ni sorpresas en cada paso. Mi recomendación es que quienes valoren reservar con Vueling lo piensen dos veces antes de hacerlo."
136,Desconocido,Naples,Barcelona,Europe,julio de 2025,1,"Comentaros que perdieron mi equipaje. LLevo un mes llamando diariamente a la aerolínea y solo me piden disculpas por molestias ocasionadas. Es fustrante hablar cada día con un teoleoperador que ni te dicen ni te solucionan nada. Bonita forma de arruinar tus vacaciones. Creo que les da igual los trastornos morales o de salud que puedas estar teniendo por perderte todas tus pertenencias. Es la cuarta vez que esta compañía me pierde el equipaje. lo único que se tiene es sensación de impotencia porque nadie te comunica absolutamente nada, y tampoco te dicen que están haciendo para recuperar tu equipaje."
137,Desconocido,Santiago de Compostela,Tenerife,Domestic,agosto de 2025,5,"Muy buena experiencia, me ayudaron puesto que por error compre el billete dos veces muy amable y me devolvieron el dinero."
138,Desconocido,Menorca,Barcelona,Domestic,agosto de 2025,1,"Todo y haber sido mi aerolínea de corta distancia favorita durante años, su calidad ha decaído enormemente. Su práctica (compartida por muchas aerolíneas) de generar overbookings para lucrarse a base de perjudicar a sus clientes es simplemente vergonzosa. Y no simplemente eso, el equipo humano que tienen en los mostradores donde, en teoría (porque no es así), te van a asignar un asiento, carece de todo tipo de empatía. Ni tan si quiera se disculpan. Todo e intentar hacer el Check-in 6 horas antes del embarque, se me niega la posibilidad de hacerlo. Me sale un mensaje automático donde comentan que hay que pasar por mostrador, donde se me asignará un asiento. Incierto. Te dan un pase y te dicen que te esperes y te van pasando de vuelo en vuelo y, si no ha vuelo, tranquilos, que te indemnizamos con 250€. Directivos de Vueling, aunque os parezca asombroso, hay personas que valoramos más nuestro tiempo que el dinero. Es repugnante que juguéis con las personas como lo hacéis. Creo que Vueling carece de profesionalidad y su reputación está siendo duramente dañada, algo que celebro. Una auténtica vergüenza que la ley os permita esta práctica abusiva."
139,Desconocido,Palma de Mallorca,Barcelona,Domestic,agosto de 2025,1,"Se paga un poco menos , pero si tienes un problema la ayuda será 0, es mejor pagar un poco más . Nunca más Vuelo Por Vueling pes"
140,Desconocido,Barcelona,London,Europe,agosto de 2025,4,"Soy de Barcelona pero hace 16 años que vivo en Inglaterra, mi hija de 10 años y yo siempre volamos con Vueling Nos encanta siempre volar con vueling, siempre encontramos al personal muy amable,tanto en tierra como en el vuelo. El Jueves pasado dia 21 de Agosto volamos de Barcelona a Londres, y al llegar al mostrador para facturar, quede enfadada y decepcionada. Cuando ya nos tocaba, nos acercamos al mostrador ,digo buenas tardes, y pongo pasaportes y mbl con QR ,y la chica me contesta, sin decir buenas tardes ni nada,,,,esta niña quien es??? (Mi hija es mulatita y esta super bronceada) entonces a veces la gente duda que sea mi hija, le digo que es mi hija y que si mira pasaportes lo vera, pk lleva mi apellido. Automaticamente me pide libro de familia, cosa que tenia en casa y no conmigo,y me dice que no pasa nada,pero que si tengo la evisa para mi hija y para mi,,, Mi hija es Britanica y no necesita evisa, ni yo tampoco ya que llevo ya años aqui y tengo el settle status,(residencia indefinida). Se lo explico a la chica. Y tambien le digo qur me sorprende que este tan mal informada, ya que yo tengo claro lo que necesito y no, volamos a menudo y se que ella no tenia razon, pues ella cabezona,repitiendome que necesitamos evisa las 2, y le digo bueno tu misma, pero informas mal, ya que yo paso por la maquina para el pasaporte a la llegada a UK por lo que no hablo con nadie,nunca. Me dice a ver que pregunto,le pregunta a la del mostrador de al lado, y ella igual, y yo uuuuuuf que mal informadas estais. Vole sin problema, y entre en UK sin que nadie me pregunte nada ya que uso una maquina para escanear mi pasaporte, Es una pena que no esten bien ingormad@s, y que lien asi a la gente , y que se ponga cabezona tambien, un poco pesada la chica. Igual volaremos siempre con vueling, ya que todos los demas trabajadores siempre son amables y sonrientes."
141,Desconocido,Palermo,Barcelona,Europe,agosto de 2025,1,"Este lo describo como pésimo de principio a fin , primero lo de prioridad se lo pasan por dnd ellos quieren y no le apetece abrir la puerta de atrás y nos hemos tenido que esperar a que se vayan todos los del avión y el vuelo se retrasó una hora vergüenza absoluta"
142,Desconocido,Barcelona,Malaga,Domestic,agosto de 2025,1,"El 24 de agosto de 2025, nuestro vuelo de Barcelona a Málaga, debería salir a las 20:55pm y hay un retraso! Ahora el vuelo saldrá a las 22:45pm. Ya tenemos el servicio de taxis pagados desde el Aeropuerto de Málaga a Marbella... Ahora tendremos problemas para llegar a nuestro destino! NO recomiendo a esta linea aérea, porque no es la primera vez que se retrasa!!"
143,Desconocido,Almeria,Barcelona,Domestic,agosto de 2025,2,"Por problemas en mis caderas suelo estar de pie en la zona de los baños posteriores evitando siempre molestar a nadie. Nunca había tenido problemas com esto. La trabajadora Reyes me ha echado de esa zona de malas formas obligándome a estar en el pasillo el cual estaba lleno de gente de pie que quería entrar al baño. No permitia a nadie estar en esa zona. Cuando le he explicado mi situacion, seguía hablando de malas formas. Es una pena que debido a trabajadores maleducados una empresa pierda tanto. La próxima vez viajaré en otras compañías si es posible."
144,Desconocido,Barcelona,Alicante,Domestic,julio de 2025,1,"Mala experiencia. Primero retrasaron el vuelo, luego nos cambiaron de puerta de embarque y finalmente cancelaron sin dar explicaciones nuestro vuelo y 9 más. Pedí reubicación de vuelo y me obligaron a ir en autobús a mi destino, llegué 7 horas más tarde de lo previsto por no hablar de la incomodidad, no nos dieron ni agua ni bebida, el autobús hizo una parada y la estación de servicio está cerrada, el aseo del autobús no se podía usar. Obviamente se han negado a pagar indemnizaciones porque causas meteorológicas, discutible teniendo en cuenta que ninguna otra compañía canceló vuelos y que la tormenta había acabado 3 horas antes de la salida oficial del vuelo. Pero es que se niegan a hacerse cargo de la comidas y bebida generada por el retraso y cancelación y de la devolución del vuelo. He tenido muchas situaciones complicadas con Vueling pero un trato tan horrible hacia los pasajeros y que se nieguen a reubicarte en otro vuelo es la primera vez que me pasa, ante todo somos personas, se aprovechan de tener el monopolio de muchos destinos nacionales."
145,Desconocido,Las Palmas de Gran Canaria,Malaga,Domestic,agosto de 2025,1,"Viajaba a Málaga y me toco hacer escala en gran canaria. Al llegar a el aeropuerto mi avion ponia retraso, espere a que pusieran la puerta y enseguida me dirigi a ella. Cuando empecé a hacer la cola llega el chico de el mostrador y me dice que debo pagar la maleta porq no esta incluida, le enseñe la aplicación de donde la compre para que viera que si lo estaba pero el me dijo que no era asi y que lo tenia que pagar, no puse ningún problema porq si me daba un comprobante ya hablaría yo donde lo compré. Me cobró los 60 euros estando en la cola. Cuando me tocó a mi pasar mi ticket para entrar a el avión me dice que ese no era mi vuelvo. Me cobró una maleta por un vuelo que nisiquiera era el mio y me dijo que no podia cancelar el pago. La puerta la cambiaron a ultima hora y unas cuantas personas y yo nos quedamos en tierra. Perdi mi vuelo, pague maleta por nada y me tuve que quedar un dia en el aeropuerto y comprar otro billete nuevo porque los mismos trabajadores de ""mi vuelo"" eras los mismos de el otro, cerraron rapido las otras puertas porq eran 2 trabajadores para dos puertas, los explotan a ellos pero ellos la pagan con nosotros porque ni empatia tienen."
146,Desconocido,Malaga,London,Europe,agosto de 2025,1,Inaceptable . Facturas tu maleta y Vueling se encarga de que no llegue contigo. Me quedé sin mi ropa y sin mis cosas durante el viaje. Una aerolínea debería garantizar que el equipaje llegue junto con el pasajero.
147,Desconocido,Barcelona,Menorca,Domestic,agosto de 2025,2,"Mala experiencia en cuanto a la facturación del equipaje en la T1. Muchas máquinas para ello y escasas 2 personas para solucionar problemas. Etiquetas a colocar por los pasajeros y escaneo posterior para liberar la maleta en cinta también. No todos estamos volando todos los días ni todas las semanas ni tenemos la pericia correcta para su colocación. Al dirigirme al personal, contestan de malos modos como si tuviera que saberlo todo a la perfección. Billetes caros para el servicio tan deficiente que se ofrece."
148,Desconocido,Las Palmas de Gran Canaria,Valencia,Domestic,agosto de 2025,2,"El vuelo fue muy incómodo tanto por parte de la tripulación como del pasaje. • Pasaje: varios pasajeros no respetaron a los demás, especialmente las familias con niños pequeños, que no hicieron ningún esfuerzo por mantener cierto orden en la cabina. • Tripulación: la atención fue bastante deficiente en comparación con otros vuelos. En particular, la sobrecargo mostró una actitud despreocupada, sin dar importancia a que los pasajeros mantuviesen la calma y el orden durante el trayecto. En general, la experiencia fue decepcionante y la calidad de servicio estuvo muy por debajo de lo esperado."
149,Desconocido,Malaga,Barcelona,Domestic,julio de 2025,1,"Para mí ha sido una estafa: no hay nadie al otro lado. No pude hacer chek-in online, cancelaron mi vuelo el mismo día del viaje, no me avisaron (ni previamente ni en el momento ni nunca), me cambiaron automáticamente a otro vuelo que me hacía perder mi escala hasta Boston (por suerte, la escala la llevaba una compañía aérea de verdad y me lo solucionaron al instante), no contestaron al teléfono, envían correos genéricos, no se hacen cargo de la devolución. NO vueles con ellos. De verdad, no lo hagas, a menos que quieras que se queden con tu dinero a cambio de tu ansiedad."
150,Desconocido,Barcelona,Catania,Europe,agosto de 2025,5,"Excelente atención a bordo, puntales a salida, despeges y aterrizajes perfectos. Los recomiendo ampliamente viaje de Barcelona a Catina Sicilia lo s aviones en buenas condiciones."
151,Desconocido,Valencia,Brussels,International,agosto de 2025,4,"Nuestra primera experiencia con esta Compañia ( Siempre habiamos volado con Iberia ) ha sido buena, eso sí ibamos ""algo"" asustados por los comentarios No tuvimos ningun problema chek -in on line ni a la ida ni a la vuelta. Mejoramos los asientos por poco dinero. Compramos unas nuevas maletas de cabina porque las medidas de las de Iberia son ""algo"" mayores, no vimos muchos problemas con el equipaje a nuestro alrededor, a nadie le midieron los ""bultos "". Personal de ""a bordo"" muy profesionales. Precios de snacks y bebidas contenidos, parecidos a los de Iberia. El único pero es que en el Aeropuerto de Valencia nos cambiaron puerta de embarque en ultimo momento y tuvimos que ""correr"" y a ls vuelta nuestro vuelo se retrasó 60' Satisfechos"
152,Desconocido,Barcelona,Palermo,Europe,agosto de 2025,1,"Las azafatas (todas) han tenido una actitud poco amable rozando la mala educación. A mi hijo le han regañado porque no sabía su número de asiento. Y delante de nosotros ha soltado una expresión fea e inadecuada. He intentado dos veces en distintos momentos del vuelo ir al baño y en las dos ocasiones me han mandado sentarme con malas formas. No era ni el despegue ni el aterrizaje. Al final, no he podido ir al baño. Quizás ese era su objetivo, mantener los baños sin usar. Ni siquiera han propuesto otro momento del vuelo para que pudiera ir al aseo."
153,Desconocido,Barcelona,Las Palmas de Gran Canaria,Domestic,agosto de 2025,1,"Después de tener que escuchar como una azafata le cuenta a los pasajeros sentados frente a ella los problemas que tiene con la aerolínea, tales como que una vez le pongan los calzos al avión ella no cobra, o que no dejan viajar a sus familiares gratis o casi gratis, como si lo hace iberia, cuando aterrizó y debido a los problemas médicos que padezco, por los cuales viaje a un hospital en Barcelona varias veces no sólo está, cuando aterriza el avión y voy a salir, yo sé que no le corresponde a mí niña, pero no me encuentro bien y sufro al ir sentada, la chica me grita desde la parte trasera y se me sitúa delante de mi impidiendome el paso, le suplico que me deje bajar que no me encuentro bien y sin un mínimo de humanidade dice que si quería salir antes que hubiera pagado por un asiento en las filas delanteras, por primera vez después de todos los vuelos que he tenido que hacer por el mismo motivo y en la misma situación es la única que me impide la salída y la única que según ella trabaja, me hace volver a mí asiento y le molesta que esté de pie en muletas esperando para poder salir diciendo que en caso de evacuación me van a arrollar, que es que por estar incapacitada para caminar me va a dejar dentro del avión, muy mal servicio por parte de está azafata, muy mala imagen para la compañía ya que todos escuchamos lo mal que hablaba de ella, falta de humanidad y empatía hacia los pasajeros incapacitados que no nos podemos costear un viaje en los primeros asientos asiduamente como es mi caso"
154,Desconocido,Bilbao,Bella Bella,International,agosto de 2025,1,"no deja hacer check in online y no te atiende nadie al telefono, sólo una máquina inútil............................"
155,Desconocido,Dubrovnik,Rome,Europe,agosto de 2025,1,Pesimo. Avion en mal estado sin el manetnimiento interior necesesario y con personal con actitudes discriminatorias
156,Desconocido,Istanbul,Barcelona,Europe,agosto de 2025,1,"situado en los asientos 12E y 12 d , estaban totalmente rotos fui un viaje de casi 5 horas por el retraso que hubo en el vuelo sentado sobre una barra de acero , lo mas humillante que he visto en mi vida, me senti totalmente estafado . no puedo creer que permita la dirección de la compañía esta imagen , es para denunciarlos y encima no encuantro la forma de reclamar solo me queda esto"
157,Desconocido,Alicante,Tenerife,Domestic,julio de 2025,2,"Nada recomendable. Asientos incómodos. En el vuelo de ida, las azafatas bien, pero en el vuelo de vuelta los azafatos eran muy poco atentos y un tanto desagradables. De la comida para que decir... un plato precalentado o un bocadillo, 8€ y encima la comida malísima.!!! Estafa total."
158,Desconocido,Seville,Palma de Mallorca,Domestic,agosto de 2025,1,"Es quizás la peor compañía que conozco, compras en Iberia y te mandan a esta compañía de juguete, Donde es imposible modificar el vuelo aunque el error sea de la recarga de la web, hemos tenido que pagar doble vuelo, y para colmo nos hicieron pagar el equipaje de mano 60€, Justo a la entrada del embarque, esta empresa gana dinero estafando."
159,Desconocido,Palermo,Bilbao,Europe,agosto de 2025,1,"Al intentar hacer el check in online el jueves 31 de julio con VUELING del itinerario Palermo-Bilbao con escala en Barcelona el pasado viernes 1 de agosto (vuelos 6601 y 1420), el sistema de Vueling me informó de que la asignación de asientos aleatorios gratuitos no estaba disponible. La única opción para continuar con el check-in online era pagar seleccionando los asientos de mi pareja y el mío (10 euros mínimo por cada uno), lo que creo que constituye un fraude por no garantizar el asiento gratuito aleatorio al que tengo derecho. En total por los dos tuvimos que pagar 92 euros por el check-in online sin contar el importe de las maletas que no sabíamos cuál era hasta ese momento porque al comprar los billetes no pudimos hacer pagar la facturación (opción que no estaba activada y que con cualquier otra aerolínea sí puedes hacerlo). Por si esto fuera poco los dos vuelos, tanto el de Palermo como el de Barcelona, salieron con una hora y cuarto de retraso (hubo pasajeros que perdieron vuelos de conexión en Barcelona). He dejado el trámite de reclamación en manos de FACUA de la que soy socia y voy a llegar hasta donde haga falta para recuperar mi dinero. Estas prácticas tan abusivas tienen que reclamarse o denunciarse para que no se rían del dinero de los usuarios. Alicia"
160,Desconocido,Valencia,Paris,Europe,julio de 2025,5,Experiencia fantástica. Siempre vuelo con esta compañía y nunca he tenido ningún problema. Salió puntual el vuelo y llegamos a la hora prevista. El personal muy amable. El viaje de vuelta también fenomenal.
161,Desconocido,Menorca,Bilbao,Domestic,julio de 2025,1,"El pasado día 25 de julio, tenía comprado el vuelo de Mahón a Bilbao, para dos personas, con tres maletas facturadas en bodega y cuatro bultos en cabina, habiendo pagado el sobre precio de fila uno. Estábamos en la sala VIP de espera del aeropuerto, donde figuraba en pantalla que el embarque comenzaría a 14:45h. Como no notifican los embarques, en uno de mis incursiones para ver la pantalla, a las 14:39h, puede ver que el embarque había comenzado a las 14:33h, por lo cual le dije a mi mujer de recoger todo e irnos a embarcar. No se a que hora llegamos, pero sería 14:49 ó quizás 14:50, no más, ya no había fila pasamos el mostrador rápidamente, pero la fila estaba en la pasarela de embarque, tuvimos que esperar, hasta ahí todo, mas o menos normal. Una vez llegado dentro de cabina nos encontramos conque todos los compartimentos estaban ocupados. Reclamamos a la sobre cargo nuestro espacio para dejar una mochila pequeña, que yo necesito por temas personales, el bolso de señora de mi mujer y una bosa pequeña con pastas de Menorca y la respuesta fue para enmarcar, que hubiese entrado el primero, mi respuesta es que cuando pago, compro derechos, que no obligaciones. En las prestaciones del billete que compré me indicaban que en los espacios reservados para las primeras filas, yo tenía derecho a colocar cuatro bultos de dimensiones muy superiores a uno cualquiera de los bultos que llevaba. El azafato de barbas, bastante borde en mi opinión, se puso agresivo y cuando le dije que yo había pagado para tener espacio, me amenazó con llamar a la policía, fue la sobre cargo la que le encargó de encontrar un espacio para mi mochila, colocó el bolso de mi mujer en el compartimento de artículos para la demostración de seguridad y la bolsa con las pastas en el suelo. Por cierto, durante todo el vuelo el servicio delantero figuró bloqueado, cuando en la información del avión figura un aseo delante y otro atrás, tanto es así que una señora mayor trató de ir al baño delantero y la sobrecargo le indicó que estaba bloqueado. En un momento dado, cuando tuvieron que deshacerse de los despojos, supongo que orgánicos, un azafato, activó el aseo delantero, figuró por unos momentos la luz verde de disponible y tiró al inodoro esos despojos, seguidamente lo volvieron a bloquear. Al finalizar el vuelo, le solicité al azafato de barbas, que me facilitase coger mi mochila, puesto que estaba en la fila uno y bloquearía la salida, a lo cual se negó. Tuve que ir yo a recogerla con el inconveniente que eso propiciaba. La sobrecargo de dio el bolso a mi señora. Al salir y tirando de cinismo le hice saber a la sobre cargo si tenía que facilitarle algún fontanero para poder habilitar el aseo delantero. Infumable los precios que se pagan por los no servicios que prestan. Soy conocedor de vuelos, he tenido ""Senator"" de Lufthansa, platino de iberia por tres veces diferentes, la previa de Iberia, antes de crear iberia club, la Qatar platino, solo que una vez jubilado, caes en la indiferencia y solo te atienden los ordenadores, que no las personas. Si debo destacar, que tanto el mostrador a la ida en Bilbao, como a la vuelta en Mahón fueron sumamente profesionales, con todo lo que ello indica y deja en despropósito a la tripulación de cabina."
162,Desconocido,London,Oviedo,Europe,julio de 2025,1,"Volamos mañana pero el check in solo lo puedes hacer 24 horas antes del vuelo? O sea, en plenas vacaciones tienes que hacer check in para el vuelo de vuelta? Donde se ha visto? No habia volado nunca con esta compañía y la voy a evitar en el futuro porque encima no es barata."
163,Desconocido,Barcelona,Tenerife,Domestic,febrero de 2025,1,"Nefasta, paguemos por selección de asientos para poder estar juntos los tres. Evidentmente uno en el pasillo, pues cuando llegamos teníamos nuestra tarjeta de embarque con los asientos seleccionamos, pero al llegar a la puerta de embarcar nos los cambiaron sin ninguna explicación. Nuestros asientos fueron ocupados por otras personas, y a nosotros nos tocó otros y por supuesto separados. Para más engaño, el vuelo de vuelta se repitió lo mismo.. He pedido explicaciones y como sino las tienen ..."
164,Desconocido,Paris,Seville,Europe,julio de 2025,5,"Low cost a la española: gente amable, no te violentan como ryanair, que es terrible. Tienen un trato correcto, pude llevar mi mochila y un bolso de tela con regalos. Es una compañía que me gusts"
165,Desconocido,Barcelona,Paris,Europe,julio de 2025,1,"Tenía un vuelo de Barcelona, España a Paris, Francia que salía a las 12:30 del mediodía. El embarque era a las 11:50, y no fue hasta ese mismo horario, cuando todos ya estábamos haciendo la fila para embarcar, que nos avisan que el vuelo había sido CANCELADO junto a otros 2 vuelos de Vueling (con destinos a Oporto y a Palma) debido a ""condiciones climáticas"" lo cual es claramente falso ya que ni en barcelona ni en ninguno de los tres destinos llovía. Además eran los únicos tres vuelos cancelados de todo el Aeropuerto. Se sabía que Vueling cancelaba vuelos por falta de personal pero se creía que ya no sucedía esto. Cabe aclarar el mal trato del personal del aeropuerto (de Vueling no) ."
166,Desconocido,Malaga,Tenerife,Domestic,julio de 2025,1,"esto es impresionante el negocio que tiene esta gente, ponen ofertas de ultima hora pero cuando quieres facturar una maleta te cobran 119 euros por cada una. Ya hemos puesto varias reclamaciones las cuales se las han pasado por... porque a unas te dicen no procede y a otras ni te contestan. Servicio de atencion al cliente pesimo. No volvemos a viajar mas con esta compañia ni de coña."
167,Desconocido,Amsterdam,Ibiza,Europe,julio de 2025,1,"2 horas de retraso, me pierdo otro vuelo y no devolución o reeembolso del otro vuelo diciendo que no es de conexión. Horrible esta compañía"
168,Desconocido,Malaga,Barcelona,Domestic,julio de 2025,1,Leer letra pequeña antes de volar!!! Juegan con la letra pequeña. Se inventan reglas en la entrada para cobrar más. Experiencia desagradable. No recomendado.
169,Desconocido,Seville,Bilbao,Domestic,julio de 2025,1,La azafata que atendía para entrar al avión super borde y no ofrecía soluciones respecto a un problema. Encima se dirige hacia las personas con un tono de superioridad y chuleria inaceptable
170,Desconocido,Alicante,Las Palmas de Gran Canaria,Domestic,junio de 2025,5,La tripulacion del vuelo 29 de Junio Fue excepcional en todo momento. Un Vuelo turbulento a la llegada a la isla pero la tripu puedo superar ese aterrizaje movido a la 1. 1U00% Recomendable
171,Desconocido,Barcelona,Fuerteventura,Domestic,julio de 2025,1,"VUELING Publico la queja interpuesta a la compañía porque dudo mucho que de otra manera llegue a ninguna parte: El pasado 6 de julio de 2025, a la hora de embarcar en el vuelo VY3014 con destino a Fuerteventura desde Barcelona, soy testigo de cómo un empleado de su empresa (Nº553055 ya que, a pesar de que se lo pidieron no quiso dar su nombre), tuvo un trato vejatorio con varios pasajeros, en concreto con una viajera procedente de Fuerteventura y un grupo de Bilbao. Este sujeto llegó a negarles el embarque porque había una contradicción entre lo que ponía en las tarjetas de embarque emitidas en papel y lo que figuraba en el sistema sobre su equipaje de mano. Los viajeros estaban enfadados, como es normal, y mientras algunas compañeras buscaban una solución como pagar el equipaje de mano que en los pasajes aparecían como incluidos, este individuo empezó a gritar que se le estaba faltando al respeto y que ya no iban a volar porque el que mandaba allí era él. Cerró la puerta de embarque mientras impedía que ninguno de los presentes pudiera acceder al avión. El agente de seguridad que estaba presente afirmó que allí no se había producido ninguna falta de respecto, que el estaba siendo testigo. Después de esto y con el consiguiente disgusto de los viajeros (incluidos menores) no le quedó otra que dejarlos pasar. Me gustaría que su empresa tomase medidas con semejante ""profesional"", ya que embarra su imagen como empresa y supone un perjuicio para sus pasajeros tanto para los protagonistas como para los testigos de dichas situaciones. No se puede convertir el viaje de disfrute de una familia en una pesadilla por culpa del ego de una persona sin recursos para solucionar un problema con su sistema informático. Atentamente, Sonia"
172,Desconocido,Seville,Las Palmas de Gran Canaria,Domestic,julio de 2025,1,"Pésimo servicio y atención en la puerta de embarque de vuelo Sevilla a Gran Canaria de fecha 14 julio 2025 hora salida prevista 7:20 horas. Tuvimos una incidencia y debimos gestionar un ""billete de rescate"" para 2 personas. Coste del servicio 250 Euros. Alguien debería explicarme cuál es el valor añadido de este servicio. Gracias ""Vueling"" toda una metodología de ""ganar clientes""..... Como para repetir."
173,Desconocido,Paris,Milan,Europe,julio de 2025,2,"Teníamos vuelo directo paris/milan, nos cambiaron con conexión a Barcelona. El vuelo de Barcelona retrasado más de 3 hs por condiciones climáticas, por ende también retrasado el vuelo barcelona/milan. Nunca fue nuestra ruta de viaje y culpa del cambio al cual nos vimos obligados, porque sacar pasaje en el día por otra aerolínea nos era carisimo, perdemos todo el día en Milan, las excursiones ya pautadas.NO LO RECOMIENDO JAMÁS"
174,Desconocido,Barcelona,Malaga,Domestic,julio de 2025,1,"Pague una maleta por 60 euros para hacer check-in que siempre habia llevado en cabina, le pregunte a una mujer de la aerolinea que si podía subir la maleta y me dijo que si, no hace falta facturarla. Subi y me lleve la sorpresa que me cobraron 60 euros por subirla a cabina, el abuso real fue cuando me dijieron que iban a facturarla (servicio que ya había pagado) y me cobraron 60 euros, es decir me costo 120 euros facturar mi mochila. Me parece una de las compañías más abusivas que he viajado en mi vida"
175,Desconocido,Rome,Paris,Europe,julio de 2025,1,"La madrugada de hoy tuvimos una TERRIBLE experiencia con Vueling, algo que nunca nos había pasado en ninguna otra aerolínea. Llegamos con mucho tiempo, hicimos nuestro Check-In y documentamos el equipaje, cuando fue nuestro turno de abordar, detuvieron a mi mamá por su carry-on, diciéndole que tenía que pagar 120 euros porque “era rígida”, yo le comenté que nunca nos dijeron que no podíamos tener carry on rígidas, y que me parecía extraño ya que veníamos de un tour por varios países y jamás hubo problemas por ese carry-on en cualquier otra aerolínea. Ella me dijo que eran las dimensiones, yo amablemente le pedí una regla o una referencia del tamaño para ver si realmente lo excedía, ella sólo me contestaba que “las reglas estaban escritas”, yo trataba de explicarle lo que necesitaba porque para ese punto pensaba que no entendía muy bien español, pero ella me contestaba cada vez más grosera y prepotente, por lo que mi mamá se molestó y le pidió su nombre para reportarla, nunca nos lo quiso dar, por lo que pedimos el contacto de su supervisor, ella dijo que no tenía supervisor, mi mamá le preguntó sarcásticamente que si entonces ella era la dueña de la aerolínea, a lo que prepotentemente y con un tono de burla y altanería respondió que “sí”, entonces mi mamá tomó una foto de su gafete (en el que no venía su nombre, sólo un número), ella se alteró terriblemente diciendo que no podíamos tomar fotos de su gafete y que la borremos, empezó a gritar que iba a llamarle a la guardia y le dijimos que si gusta lo hiciera. Después de un rato de fintas suyas fingiendo que iba a hablarle a los guardias, seguimos tratando de arreglar las cosas, yo le dije amablemente que lo único que quería desde el principio es que me dejara checar las dimensiones de la maleta, prepotentemente salió de su lugar y fue hacia un “dimensionador”, me dijo que pusiera la maleta ahí, lo hice y efectivamente se excedía (como por 2 milímetros, pero sí se excedía), por lo que le dijimos que entonces le pagaríamos los 120 euros, ella dijo que ya no los podíamos pagar y que le iba a hablar a seguridad, que teníamos que esperar a que llegaran, mi abuela le dijo que no podía ser que tuviera tan mala atención, y ella se puso a gritarle en la cara que “no le podía hablar así” cuando jamás le faltó al respeto, para tratar de alejarla, mi abuela puso su mano SIN TOCARLA, y ella empezó a gritar que no la toque, me asusté por mi abuela, ya que es una persona mayor de 75 años, y comencé a grabar la situación para tener evidencia, volvió a alterarse y decir que no la podíamos grabar; nosotras seguíamos insistiendo en ya pagarle los 120 euros, pero decía que teníamos que esperarnos a que llegara seguridad, al ver el avión detenido, le pregunté si alcanzaríamos a abordar, y en un tono completamente burlón y soberbio me dijo: “¿tú no has entendido verdad? Ninguno de ustedes va a volar”, le pregunté el porqué y sólo me ignoraba y decía que ya venían los guardias. Cuando ellos llegaron, ella comenzó a hablarles en italiano, y en ningún momento dejaron que nosotros explicáramos la situación, los guardias sólo nos dijeron que el capitán había decidido que no abordaríamos porque éramos personas “agresivas” (cuando quien agredio a mi abuela de 75 años fue ella), y que tendríamos que ir por nuestro equipaje a una banda. Tratamos de explicar la situación, pero no nos escuchaban, los guardias solo dijeron que si no nos gustó el servicio podíamos reportar, a lo que dijimos que sí, pero que necesitábamos sus nombres, ellos sólo tomaron una foto de su gafete y nos dijeron que “ellos se encargarían” (mientras se reían con ella y su compañera). Al final, uno de los guardias me dijo “como consejo” que cuando ocurrieran este tipo de situaciones, yo tenía que pagar y ya, no importaba si era injusto o si “solo me cobraban por ser mexicana”, que lo más recomendable era pagar. Nunca encontramos algún módulo de atención en el aeropuerto, por lo que fuimos a pedir el dinero de nuestros boletos, y nos dijeron que no nos podrían regresar nada porque “estábamos en la lista negra de vueling”, y que teníamos un candado por el cual no permitían regresarnos nuestro dinero (eran 2 vuelos, de Roma a Barcelona y de Barcelona a Paris). Tuvimos que comprar otros boletos y dar esos por perdidos, ya que en Paris teníamos un vuelo hacia México que tampoco queríamos perder. Pero me parece extremadamente injusto que nuestro dinero haya sido tirado a la basura, que hayamos tenido que gastar muchísimo más, que casi perdiéramos nuestro vuelo a México, y todo porque la señorita no quería medir la maleta. A demás de la injusticia de la situación, fue el trato que recibimos, denigrante y humillante, y el comentario final denotando que “por ser mexicana tendría que pagar”. Ojala que nunca nadie tenga esta mala experiencia, y que cierren esta pseudoaerolínea, porque por lo que veo, no somos lo primeros que tenemos una experiencia tan desagradable."
176,Desconocido,Granada,Palma de Mallorca,Domestic,julio de 2025,1,"Siempre he tenido buena experiencia con Vueling pero esta vez tenía un vuelo a las 12:45h y dentro del avión, nos hacen bajar porque no se podía cerrar la puerta. A partir de ahí, nos tuvieron más de dos horas esperando sin información. Sobre las 17h nos mandan a los mostradores. Tras otra cola larguísima hasta las 18h, nos dicen que ya no salía ningún vuelo ese día. ¿Soluciones? Ninguna. No ofrecieron ningún vuelo extra ni alternativa rápida. Nos reubicaron para el día siguiente, a los primeros pasajeros para el de las 12:45h del día siguiente y cuando se completó, a los demás a las 22:30h. Encima, no había personal de Vueling en el aeropuerto. Todo lo gestionaba otra compañía, así que ni podíamos hablar con alguien de la aerolínea directamente. Nos pagaron hotel, sí, pero a la gente que vuela al día siguiente por la noche los sacan del hotel a las 12h y los dejan 8 horas otra vez en el aeropuerto. Muy mala organizaciòn. En resumen: falta de comunicación, desorganización total y cero empatía con el cliente. Lo peor fue no tener un vuelo antes de 24h."
177,Desconocido,Tenerife,Santiago de Compostela,Domestic,julio de 2025,1,"He tenido muy mala experiencia con Vueling. He viajado día 3 de julio destino Santiago de Compostela. Tenía reservado un hostal. El vuelvo salió con retraso más de una hora por lo cual he llegado a Santiago a las 1:30 de la madrugada, he perdido la reserva de hostal. Me quedé en la calle. A parte mi maleta ha llegado rota. Esa hora no había nadie en aeropuerto donde se pudiera poner una reclamación. He intentado contactar con atención al cliente, pero tampoco ellos me han ayudado mucho. A de más, antes de pasaje he podido grabar como el personal tira las maletas. Pésima experiencia, no aconsejo a nadie esa compañía."
178,Desconocido,Barcelona,Paris,Europe,julio de 2025,1,"Compañía vergonzosa. Venden más billetes de los que pueden ofrecer, sin preocuparse por sus clientes. Vacaciones arruinadas, sin solución ni atención. Nunca más volaré con esta aerolínea. Evítala a toda costa."
179,Desconocido,Oviedo,Barcelona,Domestic,julio de 2025,1,"Creo que habre volado con Vueling unas 20 veces (la mayoria porque no habia otras aerolineas). 19 veces habre salido con almenos 1 hora de retraso. Voy a pensar seriosamente en buscar destinos donde no este Vueling, es una verguenza."
180,Desconocido,Paris,Barcelona,Europe,junio de 2025,1,"Gente, no viajen con esta empresa. No se dejen llevar por los escasos comentarios positivos (como yo). Nos dejaron clavados en Paris, cancelaron un vuelo con menos de 48hs de antelación y no te dan una opción de nada. Cuando queres reprogramar te dicen que no es posible, que ya no hay vuelos y cuando vas a un buscador figuran asientos libres por un valor 3 veces más caro. Les diría de todo, pero la página no me lo permite. Solucionen esto ya!"
181,Desconocido,London,Alicante,Europe,julio de 2025,1,"Jamás volvería a volar con Vueling, nos han cobrado más de 200 libras por cuatro bultos de equipaje amenazándome además con evitar que pueda volar cuando he protestado, nos han negado una reclamación diciendo que deberíamos ponerla en Alicante y ha evitado darnos ningún tipo de hoja de reclamaciones así como el recibo del precio oficial de la facturación de las maletas, en primera instancia nos querían cobrar 178 libras por meter en la cabina el equipaje, después 168 libras al protestar y finalmente 208 libras por poder meter una de las maletas en la cabina, un servicio absolutamente desastroso, sin tarifas oficiales a las que recurrir, y n su web, cuando funciona, que lleva más de siete días sin hacerlo, cuesta unos 45€ facturar una maleta de 23 kg así que no le cuadra nada el precio pero no puedo compararlo con nada, nada recomendable el servicio ni la grosería por parte del personal de tierra."
182,Desconocido,Menorca,Barcelona,Domestic,junio de 2025,1,"Pésimo, salió una hora tarde y no dejaban pi er las mochilas arriba, estando todo vacío. El personal de cabina muy desagradable y sin sentido común. Política muy desacertada de la compañía"
183,Desconocido,Palma de Mallorca,Alicante,Domestic,junio de 2025,1,"El servicio de vueling es la mayor basura de aerolínea que me ha tocado por desgracia. Para empezar mi pareja y yo no pudimos hacer el check-in ni en su página web ni en su app, tuvimos que ir al mostrador a hacer el check-in y para colmo me dicen que la maleta de mano no va incluida cuando en el billete no lo especificaba, nos cobran 100 euros por dos maletas de mano. Gracias a chuparnos la cola y tener que facturar las maletas y hacer el check-in mi pareja y yo llegamos 15 minutos antes de que saliera el avión y nos dejaron en tierra, por si todo eso no fuera poco, no nos cambiaban los billetes ni nos devolvían la facturación de las maletas, encima nos ofrecían una ""tarifa rescate"" que consistía en comprar otro vuelo por 200 pavos con escala en Barcelona, es decir, de 1 hora que dura el vuelo a 24 horas. En fin, ojalá que esta reseña sirva para que la lea todo el mundo y no vuelva a contratar vuelos a través de mierding, digo vueling. Para cualquier reclamación a mi reseña puede proceder a chuparme el huevo izquierdo, gracias por su atención."
184,Desconocido,Palma de Mallorca,Valencia,Domestic,junio de 2025,5,"La experiencia ha sido insuperable , viajaba de Palma de Mallorca a Valencia con mi padre , un hombre de 91 años de edad y con su primera experiencia de vuelo. Primer vuelo en su vida, emocionado , temeroso, pero la tripulación le ha rendido un homenaje felicitándolo por megafonía y recibiendo el aplauso del pasaje . La tripulación le ha regalado un diploma firmado por todos ellos . Simplemente ver la cara de mi emocionado padre de 91 años ha sido especial, insuperable y cualquier calificativo se me quedaría pequeño para describir el momento. GRACIAS, GRACIAS Y MIL GRACIAS A VUELING POR EL PERSONAL DE WUE DISPONE.🥰🥰"
185,Desconocido,Barcelona,Palma de Mallorca,Domestic,junio de 2025,1,"Empleada de Vueling fuera de toda regla, abusiva y de mal trato. Después de obligarnos a pagar 120€ para 2 maletas en el embarque nos denegó acceso al avión y nos amenazó con llamar a la policía si no pedíamos perdón! Llevábamos una maleta para caber debajo de asiento y mochila también de mismo tamaño. A la ida todo fue perfecto. A la vuelta encontramos esta empleada empeñada en cobrar y tratarnos como criminales! Abuso de poder impresionante y el peor trato posible."
186,Desconocido,Barcelona,Munich,Europe,junio de 2025,1,"Somos viajeros frecuentes, solemos viajar con nuestros dos niños pequeños, y esta ha sido la primera vez que perdemos nuestro coche doble en un vuelo. En la mayoría de las aerolíneas, especialmente cuando se viaja con menores, se ofrece un trato preferencial y se permite entregar y recibir el coche en la puerta del avión. Con Vueling, fue todo lo contrario. Antes de abordar el vuelo Barcelona-Múnich, preguntamos a más de tres empleados dónde dejar y dónde recoger el coche. Cada uno dio una versión distinta. Finalmente lo dejamos donde se nos indicó, pero al aterrizar, el coche nunca apareció. En la zona de recogida de equipaje del aeropuerto de Múnich había decenas de coches, maletas, asientos de carro y otros objetos infantiles abandonados. Peor aún, no había absolutamente ningún personal de Vueling ni del aeropuerto que pudiera darnos instrucciones, posiblemente por ser domingo. Solo un guardia de seguridad y un trabajador de otra aerolínea intentaron ayudarnos. Nadie nos informó que, sin escanear un código QR en la zona de recogida de equipaje, no podríamos hacer un reclamo oficial. Esperamos más de dos horas. El coche nunca llegó. La línea telefónica de atención al cliente es manejada por un robot, que no permite hablar con una persona si no tienes el PIN del código QR. Tuvimos que comprar un coche nuevo al día siguiente. Una experiencia caótica, frustrante y totalmente inaceptable para cualquier familia viajando con niños pequeños."
187,Desconocido,Palma de Mallorca,Barcelona,Domestic,junio de 2025,2,"Lamentable. Mi esposa y yo (de 70 y 75 años respectivamente) fuimos a facturar y todo muy bien hasta que nos entregaron las targetas de embarque. Uno en la fila 24 y el otro en la 35. Al darnos cuenta les dijimos que viajabamos juntos y que nos pusieran juntos. Y la rspuesta es: haber pagado para elegir asiento Lamentable, muy lamentable La única compañía que hacia algo así era Ryanair y ahora empieza Vueling"
188,Desconocido,Seville,Las Palmas de Gran Canaria,Domestic,junio de 2025,1,"Ayer fui testigo del mal trato y abuso de poder de la empleada que se encontraba en la puerta de embarque. Muy malas formas, cero empatía y amenazas con no dejar subir al avión a dos pasajeras. Su único afán era cobrar una maleta extra sin atender a razones. Una señora cargaba su maleta y la de su madre q era una persona mayor que ya había entrado en el avión"
189,Desconocido,Alicante,Amsterdam,Europe,junio de 2025,1,"Vueling es una aerolinea muy poco fiable, comprar un vuelo es facil, pero despues de eso no hay ninguna responsabilidad con esta organizacion, no hay manera de ponerse en contacto con estas personas, por telefono no por correo electronico tampoco llegas mas alla de solo escribir sin ninguna respuesta o resolucion de tus problemas con esta aerolinea de mala reputacion. Para mi y espero que para muchos otros, vueling será cosa del pasado."
190,Desconocido,Bilbao,Palma de Mallorca,Domestic,junio de 2025,5,"Viajo bastante con ésta cía, y la verdad que no hace justicia tantos comentarios negativos, sólo lo utilizamos para quejarnos (me incluyo), pero cuando las cosas se hacen bien no lo decimos. Por mi parte estoy muy contenta y seguiré viajando con ellos siempre que pueda."
191,Desconocido,Berlin,Barcelona,Europe,mayo de 2025,1,"Compañía mala no lo siguiente , vuelo Berlín a Barcelona VY1887 cancelado a las 21h del día 15.05.2025 sin previo aviso de dicha cancelación , sale el vuelo a las 14 h y no nos visan de ninguna manera, buscamos una solución y ellos nos dicen que hay que sacar otro vuelo , nos dejan tirados toda la noche sin ofrecer ningún tipo de ayuda , tenemos volver a sacar 4 vuelos con otra compañía para el día siguiente ( antes no hay nada ) aun estamos esperando los reembolsos y la indemnización por no atendernos en el aeropuerto , imposible hablar con ellos siempre te desvían a la web , que por cierto no funciona como debería Vuelvo a volar a otro destino y 2h1/2 de retraso con el perjuicio que supone tampoco se responsabilizan de nada, el trato recibido es nefasto y queremos cobrar ya lo que es nuestro, estamos hablando de 1127.84 mas el nuevo vuelo que nos sube 1100 , lo que fue un viaje increíble se convierte en una pesadilla y un gasto extra que no debemos hacernos cargo , porque esta compañía sea incapaz de avisar a sus clientes y organizar los cambios como debiera. La persona que nos atendió en el aeropuerto de Berlín una antipática , prepotente que no le dio la gana de solucionar el problema, nos dejaron tirados toda la noche sin comida ,. agua , y nada , solicitamos una revisión y un reembolso ya , es una vergüenza que traten así a la gente. Espero una respuesta telefónica solucionando el ,pago de dichas tarifas y encima abusivas. y por el retraso también espero una solución ya que motivo muchos cambios en mi propia agenda. No pueden jugar ad con las personas somos gente que tenemos que ahorrar para poder viajar y encima nos roban de esta manera."
192,Desconocido,Berlin,Barcelona,Europe,mayo de 2025,1,"Nos cancelan el vuelo que como pone mis billetes emitidos salió a las 14h de la tarde y yo lo tenia a las 21h sin previo aviso y nos dejan tirados en el aeropuerto sin respuesta en los teléfonos de Vueling ,una compañía pésima cuándo consigo hablar ( cosa imposible ) me dicen que me saque otro billete , vamos con dos h..... ,a día de hoy ha pasado un mes y no he recibido el pago del billete y por si fuera poco las otras personas que éramos 4 aun no han recibido respuesta. Me parece vergonzoso el trato recibido por la operadora ya que somos personas y nos han tratado fatal . Deberían abonar los gastos de los vuelos mas indemnización por el trato de personas tiradas toda la noche en un aeropuerto, sin ninguna solución y encima gastando mas dinero del necesario. hemos reclamado pero aun no nos han ingresado nada , es una vergüenza que estas líneas nos tomen el pelo de esta manera , posteriormente en otro vuelo que realizo con ellos 2 1/2 de retraso causando problemas a las personas con una conexión y sin solucionar absolutamente nada. Solicito el reembolso del los vuelos que poca broma asciende a 1.127.96 euros y no hay forma , ya que para volver de Berlín tuvimos que sacar otro vuelo que nos costo 1100 euros . Dicho todo esto me gustara que me dieseis una respuesta clara y por teléfono dejaros de la web que en esas paginas no solucionas nada. Referente a la persona de la puerta de embarque de Berlín una borde de mucho cuidado , si vuelas a España lo lógico es que hablen español no solo alemán , DECEPCIONADA"
193,Desconocido,Barcelona,Seville,Domestic,junio de 2025,1,"Estando sola con mi nieto de 5 meses el lunes día 9 de junio de 2025 para coger un vuelo a las 15:20 en Barcelona,en la puerta de embarque me dio un ictus, no perdí el conocimiento , me afectó el habla y el equilibrio, los trabajadores de Vueling me apartaron de la fila, tratándome de borracha o drogada y no me asistieron en ningún momento, un guardia de seguridad fue el único que vino a socorrerme y llamó a emergencias y a la guardia civil. Me parece vergonzoso que haya gente con tan poca humanidad y espero que no tengan que verse en mi situación jamás, porque me sentí humillada y abandonada por los auxiliares de Vueling en todo momento. Ojalá no estéis nunca en mi situación y está experiencia os haga ser mejores personas"
194,Desconocido,Barcelona,Palma de Mallorca,Domestic,junio de 2025,1,"Cero empatía por situación de urgencia al salir del avión. Bording completed. Medio avión vacio. Pedí cambiar de asiento por urgencia familiar y me dijeron que tenía que pagar asiento si quería avanzar alguna fila. Después nueva excusa por equilibrar peso (42 kg yo y sin equipaje). Amabilidad poca, se ve que estan poco a gusto trabajando. Vergonzoso."
195,Desconocido,Paris,Barcelona,Europe,junio de 2025,1,"Muy mala nos robaron 300 dolares y el servicio es pesimo nos engañaron con otra aerolinea mas cara la cancelaron y nos obligaron a volar con ellos, y no con la aerolinea que habilamos comprado"
196,Desconocido,London,Bilbao,Europe,junio de 2025,1,"Vueling utiliza formas mafiosas y barriobajeras en el trato al pasajero, a mí, entre otras lindezas, la persona, por no usar la palabra que le correspondería, que me maltrató en Gatwich, me arrancó la tarjeta de crédito de la mano, cuestión que no sé hasta que punto es legal. Última vez con estos, y por supuesto, no recomiendo en absoluto."
197,Desconocido,Valencia,Tenerife,Domestic,junio de 2025,1,"Nos han tratado muy mal, con muy mala educación. La azafata se llamaba Monica y por ser jovenes se puso a hablarnos fatal."
198,Desconocido,Santiago de Compostela,Paris,Europe,mayo de 2025,1,"Quiero denunciar la práctica abusiva de Vueling con el equipaje de mano en el embarque. Vueling utiliza dos medidores para verificar las medidas del equipaje de mano: • Uno destinado al equipaje bajo el asiento (under seat bag), que según ellos mide 40x30x20 cm. • Otro destinado al equipaje en cabina (overhead bag), que según ellos mide 55x40x20 cm. Pero el medidor destinado al equipaje bajo el asiento NO CUMPLE con lo que ellos mismos venden: el hueco que marcan como de 20 cm en profundidad es, en realidad, más pequeño. Esto se vuelve más que evidente si lo comparamos directamente con el medidor destinado al equipaje en cabina, que SÍ mide 20 cm de fondo. Están violando el contrato que ellos mismos establecen con el cliente en la compra del billete. Lleven una cinta métrica y compruebenlo!"
199,Desconocido,Paris,Santiago de Compostela,Europe,junio de 2025,1,"Deseo denunciar una práctica irregular de la compañía Vueling en relación con el cobro de equipaje de mano en el embarque. Vueling utiliza dos medidores destinados a verificar las dimensiones del equipaje de mano: • Uno para equipaje bajo el asiento (under seat bag), cuyas medidas según Vueling son 40x30x20 cm. • Otro para equipaje en cabina (overhead bag), cuyas medidas según Vueling son 55x40x20 cm. Sin embargo, el medidor destinado al equipaje bajo el asiento NO respeta las medidas establecidas: el hueco que se muestra como de 20 cm es en realidad menor. Esto se puede verificar comparándolo directamente con el medidor destinado al equipaje en cabina, que sí mide 20 cm de fondo"
200,Desconocido,Barcelona,Palma de Mallorca,Domestic,junio de 2025,2,Pagué la reserva de los asientos delante con embarque preferente. Cuando voy a hacer el check in me dan otros asientos detrás y sin embarque prioritario. Me dicen que han cambiado de avión y que me quedo sin asientos. Hoy reclamé porque tenía tiempo de sobra pero tuve que ir al mostrador de reclamaciones y pedir los mismos asientos o la devolución del dinero. Al final me dieron los asientos que tenía reservados.Viajo con dos niñas y esto me pasó otra vez...ni me devolvieron el dinero y nos sentaron separadas
201,Desconocido,Barcelona,Lanzarote,Domestic,junio de 2025,1,Vueling cada vez ofrece peor servicio. Han hecho todo automatizado en el aeropuerto de Barcelona. No hay una persona que atenderte. Las maquinas no aceptaban los documentos.
202,Desconocido,Alicante,Bilbao,Domestic,mayo de 2025,1,Esta compañía practica el overbooking y es muy usual que te quedes en tierra por su nefasta practica profesional. Evita volar con ellos.
203,Desconocido,Barcelona,Ibiza,Domestic,mayo de 2025,1,"Definitivamente volar en esta aerolínea es la peor pesadilla y decisión que puedes tomar en la vida. Tenía mi maleta de cabina facturada y aún así por no entrar en sus supuestas medidas me la cobraron cuando siempre uso la misma maleta para todas las aerolíneas. El personal pésimo , mala atención , el tema de la maleta de mano ya es una exageración para cobrarte hasta por tu cartera personal ! Eviten tomar esta aerolínea definitivamente es la peor."
204,Desconocido,Dublin,Barcelona,Europe,junio de 2025,1,"Servicio a bordo nefasto, no habia comida ni cervezas, vino Blanco se termino a la 4 o 5 fila, todo agotado, para esto que no anuncien el servicio y que no saquen el carrito. A su favor, el vuelo fue puntual, pero al llegar a BCN nos tubieron mas de 15 minutos esperando el bus."
205,Desconocido,Seville,Palma de Mallorca,Domestic,junio de 2025,1,"Nefasta compañia, al nivel de Ryanair, los retrasos ya forman parte de ellos. Ya sabes que si compras un billete con ellos , mínimo una hora de retraso vas a tener. Con lo que era y en lo que se ha quedado."
206,Desconocido,Tenerife,Barcelona,Domestic,junio de 2025,1,"La nueva técnica de Vueling para los CANARIOS: te ponen (a pesar de reenviar todos los datos correctos en varias ocasiones) que no detectan la residencia, por lo tanto, NO te permiten hacer el cheking online y, entonces, tienes que esperar a llegar al mostrador para presentarlo en papel (que apenas leen) y con el elevado riesgo de meterte en overbooking. Esto me ha ocurrido hoy. Gran maniobra Vueling! Otra forma de cometer ilegalidades para vender fraudulentamente más billetes que sitios ! Enhorabuena!"
207,Desconocido,Düsseldorf,Barcelona,Europe,mayo de 2025,1,"No lo recomiendo, nosotros viajamos con mi Esposo y mis dos hijos, nos entregaron el coche de mi bebe de 8 meses sin una rueda, no lo pudimos utilizar mas, lo peor es que viajamos a Latinoamerica. Cuando regresamos a Alemania llame por la reclamacion, me dijeron que me enviarian informacion al correo, espere tres dias y no me llego nada, luego volvi a llamar y me dijeron qje no se puede porque debi hacer la reclamacion en los primeros 7 dias! Pero a nosotros nadie nos explizit En el aeropuerto nos dieron una pagina con un numero de Referentin y un numero de telefono para llamar, nada mas. Por supuesto llenamos un formulario para la reclamacion! Es frustrante porque el coche nos costo 600€ y por un descuido de ellos ahora nos toca comprar otro"
208,Desconocido,Tenerife,Valencia,Domestic,junio de 2025,1,Da igual de donde salga y donde es mi destino .. siempre tarde .. de los últimos 10 vuelos solo uno salió puntual .. y cogiendo siempre l misma ruta y a la misma hora nunca sale en hora .. entonces yo me pregunto .. si saben de sobra q el avión no va a salir a la hora programada .. por q luego nos hacen ir a esa hora .. el tiempo no vuelve y es el q dejo de disfrutar de mi familia de ocio o de lo que sea para estar en una silla esperando .. y lo digo con conocimiento de causa .. ya q haciendo la misma ruta si ore siempre siempre el avión llega tarde en consecuencia salimos tarde .. programad los vuelos de forma q los pasajeros no tengamos que perder el tiempo en el aeropuerto .. como podéis ver en la foto todos los vuelos programados con retraso son de Vueling
209,Desconocido,Tenerife,Bilbao,Domestic,junio de 2025,3,"Despegue puntual y vuelo tranquilo con llegada 20 minutos ates de la hora. Hasta aquí todo normal, pero faltaba la sorpresa de Vueling cada dos o tres vuelos. Llegamos a Bilbao y en vez de ir a un finger para desembarcar nos dejan en medio de la nada, vienen los autobuses y dicen el consabido "" pasajeros de la fila 1 a la 5 prepárense para abandonar el avión"" , todos los señalados de pie y la escalera que traen no es la adecuada pues es mas baja, comienzan a desembarcar por la puerta trasera y hacemos apuestas a que desembarcamos por ahí, traen otra escalera que al parecer tiene algún problema y al final desembarcamos los últimos por la puerta trasera . íbamos en la fila 2, cuando llegamos a recoger nuestro equipaje las maletas habían dado ya tres vueltas. Es que no cambiáis ."
210,Desconocido,Copenhagen,Barcelona,Europe,junio de 2025,1,No me cansaré de ponerlos verdes a Vueling son unos impresentables no dejarme entrar en el avión llegando 10 minutos antes de la salida del vuelo y estando parado 5 minutos más con la rampa de acceso se negaron a abrirme la puerta ....gentuza!!!
211,Desconocido,Seville,Barcelona,Domestic,junio de 2025,1,"Retraso del vuelo de 8 horas, llamas y los que te atienden no tienen ni idea para solucionar de ningun modo el problema. No saben si el retraso es acumulativo a otros vuelos, te ofrecen cambio de vuelo y como no saben si tambien ese retraso también repercute a los demás vuelos posteriores pues no lo cambias y luego te das cuenta que se van todos menos tu. NO ESTARIA MAL QUE LA GENTE QUE TRABAJA EN LAS COMPAÑIAS SEPAN LO QUE HACEN, DADLES FORMACION PARA QUE NO SEAN UNOS INEPTOS. Ahora toca reclamacion de daños y perjuicios, devolucion del importe del vuelo y gastos derivados a ver si por lo menos en eso son eficaces sin tener que recurrir a la justicia"
212,Desconocido,Madrid,Naples,Europe,junio de 2025,1,"Me cancelaron el vuelo MAD-NAP y no consigo contactar con un agente por mi reembolso. Solo contestan online. Pido una compensación por los gastos que me ha supuesto reservar otro vuelo por casi el doble ys que no me dieron ninguna alternativa y ya con pocos días para mi viaje. Ni reembolso ni compensación, ni respuestas he recibido aún. Estoy decepcionada , triste y sin dinero"
213,Desconocido,Paris,Palma de Mallorca,Europe,junio de 2025,1,Siempre pensé que Ryanair era la peor Aerolínea. Pero me equivoqué. Es Vueling. Compre el Vuelo por Iberia. Vueling no respeta ninguna de las condiciones bajo las que compras el billete en Iberia. Para Vueling el pasajero es ganado.
214,Desconocido,Malaga,Santiago de Compostela,Domestic,mayo de 2025,1,"El peor vuelo que he tenido, los pilotos no eran pilotos. Los azafatos introdujeron un laser del cuál lo usaron para quemarme el ojo surrealista e ilógico."
215,Desconocido,Valencia,Paris,Europe,mayo de 2025,1,"Las condiciones del ticket de ida son diferentes a las del ticket de Vuelta, no importa si los compraste juntos. Con ese truco, te incluyen la maleta en cabina en uno y no en el otro para después cobrarte adicionalmente cuando abordas el avión. Para evitarte disgustos, para tu ticket adicional en una aerolínea de calidad. Está no vale la pena."
216,Desconocido,Barcelona,Hannover,Europe,agosto de 2024,1,"Te cobran por llevar una maleta de 20kg 144 euros por maleta, a parte del precio del billete de 226 euros por persona. En la web no pone el precio real por comprar el poder llevar una maleta."
217,Desconocido,Barcelona,Palma de Mallorca,Domestic,junio de 2025,1,"El personal y la aerolínea fatal, viajamos con una menor de 2 años, con un retraso de vuelo de 5h en el aeropuerto de Mallorca, sumándole a esto la azafata de la puerta de embarque, fue una mal educada e incompetente, nos quería hacer devolver a la fila porque decía que no éramos fila prioritaria y como es obvio no nos quedamos callados después de esperar 5h con la niña (según ella le faltamos el respeto por decirle que no íbamos hacer la fila otra vez después de esperar toda la tarde) nos hizo pedirle disculpas y si no lo hacíamos nos desembarcaba fue una prepotente y ordinaria. No recomiendo nada esta aereolinea!"
218,Desconocido,Tenerife,Malaga,Domestic,junio de 2025,1,"Indignante lo de esta compañía, me llega 2 día antes del vuelo una notificación de que me vuelo se ha retrasado 40 minutos, explicación? Ninguna. Opciones? Solo 1, aceptarlo, no dejaba ni cambiar el horario ni fecha ni que me devolvieron ya fuera en mi cuenta o en avíos, Lo acepto porque como indico más arriba es un viaje por trabajo, y tenía que ir hoy si o si. Una vez llego al aeropuerto sorpresa en las pantallas vuelo a Málaga retrasado 25 minutos más en total ya lleva más de 1 hora de retraso y yo tengo que coger el vuelo de vuelta a mi isla de las 20:55 de ese mismo día es inviable, me quejo a la azafata de tierra en facturación y su respuesta: que bueno que se le iba a hacer se había retrasado y ya que aunque lo cambiara para mañana quien me decía a mí que mañana no pasaría lo mismo. Pésimo servicio, pésima atención, resolutivos 0 y además antipáticos, si es que lo único bueno que tiene son los precios, pero lo barato sale caro."
219,Desconocido,Palma de Mallorca,Bilbao,Domestic,junio de 2025,1,"Más de 50 minutos de espera en una enorme cola para facturar el equipaje. Otras empresas tienen puntos de drop-off para pasajeros con tarjeta de embarque, pero estos todavía no lo han descubierto o les parece demasiado lujo para los desgraciados que tenemos que volar con ellos. Absolutamente vergonzoso y denigrante. La mayoría de los puntos de facturación estaban vacíos. En algunos momentos vino algún otro agente a ayudar, pero a los pocos minutos se marchaba, probablemente para atender las puertas. Cada pocos minutos avisaban de algún vuelo a punto de cerrar y pidiendo a la gente que esperaba en la enorme cola que fuera al mostrador de embarque rápido. Una broma, porque este estaba también hasta los topes con los del vuelo anterior que también estaba a punto de cerrar. Que son unos miserables escondiendo todos los costes posibles de la tarifa reducida para residentes, de modo que el coste de los lujosos extras como poder elegir asiento o llevar una pequeña maleta, cuyo precio puede triplicar el coste del billete, ya lo sabíamos, pero tener que esperar casi una hora para poder facturar el equipaje indica un desprecio absoluto por el cliente."
220,Desconocido,Palma de Mallorca,Barcelona,Domestic,junio de 2025,1,"Viajeros con asiento asignado no pudimos abordar porquè havian puestos un aviòn mas pequeño y nuestros asientos no existian, nos dieron tarjeta de embarquem para un vuelo de cuatro horas despuès y una compensación de 6€ para comer en cualquier restaurante del aeropuerto. SEIS EUROS!!!!"
221,Desconocido,Barcelona,Santiago de Compostela,Domestic,mayo de 2025,1,"Nos cancelan el vuelo 4 horas antes y nos quieren dar otro para 2 días después por problemas logisticos: overbooking, han vendido más billetes de las plazas que tienen en el avión. Una vergüenza. Hoteles, coche de alquiler y todos los planes a tpc. Impresentables. Ahora me dicen que he aprovechado el segundo vuelo y que no tengo derecho a un reembolso. Pero cómo pueden mentir tanto ? Deben ser amigos de Pedrito, aquí todo vale. Impresentables."
222,Desconocido,Barcelona,Paris,Europe,mayo de 2025,1,"Fatal servicio, pagar un upgrade y los asientos ni se reclinan, me pierden mi maleta de regreso han pasado 72 hrs y no saben todavia ni donde esta y encima no hay nada de atencion ni servicio al cliente, solo un bot q te contesta muy limitadamene y solo dice q te contactaran cuando la localicen, no fui la unica perdieron la maleta de 5 personas q iban en mi vuelo. Precios muy altos para el trayecto q fue y el mal servicio q tienen"
223,Desconocido,Alicante,Bilbao,Domestic,mayo de 2025,1,"Terrible. Me dejan en tierra. Justo antes de sentarme. Overbooking sudenly. Lo peor. Aerolínea nefasta. Hasta el piloto que salió a intermediar era tonto. Defendía la Aerolínea como suya. No debería de haberse posicionado. No debería de salir nunca de su cubículo. Take off and landing it,s all your Work. Keep your mouth shut next time. Saludos al comandante Fernando. Yours j a.s.s."
224,Desconocido,Barcelona,Santiago de Compostela,Domestic,mayo de 2025,1,"He llegado a las 14,15 a la puerta y me dicen que estaba ya cerrada, cuando el avion salía a las 14,30 y viendo gente aún en la pasarela de embarque me dicen que ya está la puerta cerrada, unos empleados de 1 la verdad, ulti.a vez que vuelo con ellos en 30 años volando todas la s semana es la 2 vez que me pasa y es co ellos las 2 veces Cuando ellos tienen retraso, no pasa nada"
225,Desconocido,Barcelona,Marrakech,International,mayo de 2025,1,"Mucho cuidado si viajas a Marrakech fuimos con una maleta que nunca hemos tenido problemas,al intentar hacer el check King online te dicen que en el aeropuerto de Marrakech no se puede hacer ,teniendo que ir mucho antes al aeropuerto para hacerlo en su oficina,nada más llegar el hombre de allí nos dice que esa maleta no tiene las medidas y el medidor es muchos más pequeños,nos han cobrado 75€ por la maleta vamos un robo ya que si hubiera podido hacer el check King valía 17€ poner otra maleta"
226,Desconocido,Santiago de Compostela,Tenerife,Domestic,mayo de 2025,1,"De las peores aerolíneas, reserve dos billetes con dos meses de antelación para estos días de mayo por temas personales importantes. Con 10 horas antes del vuelo me mandaron un correo con la cancelación del vuelo, sin explicaciones. Todo muy mal. Y resulta que después voló el vuelo. Pésimo servicio, no lo recomiendo a NADIE. Haré reclamación. Busquen otra aerolínea más seria esta no vale la pena"
227,Desconocido,Barcelona,Fuerteventura,Domestic,septiembre de 2024,1,Basándome en experiencias de viaje en otros países puedo decir que esta compañía saca la rentabilidad del equipaje de los pasajeros. Una estafa lo que se permite hacer en Europa con los viajeros. Vuelvo a hacer otro viaje a Fuerteventura y lo haré con Raynair.
228,Desconocido,Malaga,Palma de Mallorca,Domestic,mayo de 2025,1,"Teniendo 2 vuelos reservados, habiéndome equivocado ( agregué una maleta en el vuelo con destino a Palma en vez de hacerlo al que tenía como destino Roma) llamo inmediatamente y no me permitieron salvar el error y pasar la maleta al otro vuelo."
229,Desconocido,Bilbao,Tenerife,Domestic,mayo de 2025,1,"Lamentable, te dejan tirado en el aeropuerto de Bilbao, te dicen de repente que te llevan a Tenerife sur, cuando tú viaje es a Tenerife Norte, que te llevarán en autobús a un aeropuerto cerrado y sin servicio. Mentiras tras mentiras. Una vergüenza de línea aerea"
230,Desconocido,Seville,Las Palmas de Gran Canaria,Domestic,mayo de 2025,1,"Es la ultima vez que vuelo con esta empresa, precios totalmente abusivos por meter una maleta en cabina. Me sale mejor volar con una compañía premium,que repetir con Vueling,aunque tenga que viajar a un aeropuerto a más kms del más cercano que tengo."
231,Desconocido,Bilbao,Malaga,Domestic,mayo de 2025,3,"Facturación, control de seguridad, embarque y vuelos de ida y vuelta sin problemas , solo un ligero retraso a la vuelta por problemas en el aeropuerto de Bilbao."
232,Desconocido,Bilbao,Malaga,Domestic,mayo de 2025,3,"Facturación, embarque y vuelo de ida con salida puntual y sin problemas y rápida recogida de equipajes. Facturación lenta por acumulación de pasajeros ,vuelo de vuelta con ligero retraso por los problemas en el aeropuerto de Bilbao debido a la Final Europea de Futbol, pronta recogida de equipaje. Lo único que nunca entenderé es esa manía de Vueling de hacernos pasar la puerta de embarque para luego tenernos 10 o mas minutos en el finger."
233,Desconocido,Barcelona,Santiago de Compostela,Domestic,mayo de 2025,1,Han cancelado el vuelo por la cara. Sin ninguna explicación adicional. Ahí te pudras....... HDLGP. Sois unos sinverguenzas......
234,Desconocido,Barcelona,Nice,Europe,mayo de 2025,1,"Demora de 2 horas sin previo aviso, y más 40 minutos sentados en el avión con todo listo sin despegar. Estos retrasos nos hicieron llegar tarde para retirar el auto y mismo check in del hotel. Sin contar que estaba todo cerrado para comprar o cenar."
235,Desconocido,Bilbao,Copenhagen,Europe,mayo de 2025,1,"La conexión en Barcelona era muy corta, con lo que no embarcaron las maletas que venían de Bilbao. No informaron a la compañía de handling en destino, por lo que tuve que esperar hasta que se acabó la entrega. Cambiaron el tipo de avión en el vuelo de BCN a CPH. Yo había reservado asiento en fila de emergencia, cuya numeración ya no correspondía. Me tuve que fastidiar en un asiento estrecho xq no había alternativas. Conclusiones: No sé pueden hacer vuelos con escala entre España y Copenhague. Vueling es un horror. Antes era algo mejor. Ha caído mucho."
236,Desconocido,Barcelona,Cairo,International,mayo de 2025,1,Me entregaron la maleta sin rueda y llamando a atención al cliente el chico latino ni empatiza ni se interesa por mi seguimiento de la maleta. No responde a tu duda y te cuelga el teléfono.
237,Desconocido,Barcelona,Granada,Domestic,abril de 2025,1,"Maltrato y engaño al cliente. No hay forma humana de hablar con un agente. No me dna la posibilidad de subir mi queja y enviar mi solicitud de reembolso de los gastos ocasionados por la anulacion del vuelo. Despues de 5 horas de cola en su mostrador te dan un QR, aseguran que subes tus gastos allí y te devuelveran el dinero rapidamente, pero el QR no te da la opcion de subir tus gastos....."
238,Desconocido,Seville,Bilbao,Domestic,mayo de 2025,1,"74 años y poca experiencia en volar. Pánico. Compro una pequeña maleta de 40x30x20 para colocar debajo del asiento. En esos momentos de máxima vulnerabilidad, el empleado del embarque, un chico joven, que debe estar adiestrado en estos menesteres y que llevará comisión, me dice que mi pieza de equipaje excede lo permitido. Le hice saber que la maletita tiene las medidas correctas 40×30x20...Repugnantemente chulo y despiadado, me dice que o pago 60€ por el equipaje o me quedo en tierra. y que llamará a la guardia civil, como si yo fuera un criminal. Nunca en mi vida me sentí tan ninguneado e impotente. Una vergüenza, un asco absoluto que un tipejo así, dañe el prestigio de una compañía. No volveré a viajar con esta gente."
239,Desconocido,Lisbon,Barcelona,Europe,abril de 2025,1,"Estábamos en Lisboa pasando unos días en familia y el día antes que teníamos que volver nos envían un mail que habían anulado el vuelo que teníamos a las 22h por el mismo día a las 9h de la mañana cuando vimos el mail el día siguiente eran las 11h de la mañana por lo que ya había salido el vuelo. ¡No nos dieron ninguna solución, nos dejaron tirados en Lisboa y tuvimos q comprar vuelos de nuevo para volver!! ¡Una estafa de compañía!!"
240,Desconocido,Malaga,Paris,Europe,mayo de 2025,2,"Sinceramente, el viaje en sí no es malo, no obstante, teníamos una reserva en el Louvre en París, y debido a el retraso de más de 3 horas de la compañía se nos hizo imposible llegar a la cita con el museo a tiempo. Así, perdimos casi un día y la posibilidad de acceder a uno de los monumentos claves de la ciudad. Y para rematar la agencia no se quiso hacer responsable del retraso del avión. Si tienen un itinerario claro, no utilicen esta aerolínea, sin embargo si no tenéis ninguna reserva sí lo recomiendo ha que el vuelo fue genial y con trabajadores amables durante todo el trayecto."
241,Desconocido,Barcelona,Bilbao,Domestic,mayo de 2025,1,Vaya compañía......te rompen la maleta y te dicen que no te lo cubre. VUELING se desentiende de todo y ni si quiera me dejaron dar un parte en el aeropuerto para luego reclamar porque no lo iba a cubrir.....
242,Desconocido,Tenerife,Bilbao,Domestic,mayo de 2025,1,Solo miran por el dinero. Cobran hasta por una maleta de mano de 5kg. No tienen vergüenza ninguna. Parecía que hoy estaban de recaudación cobrando a todo el mundo cuando el avión iba medio vacío. LAMENTABLE. Además nos cruzamos con un maleducado dentro del staff que lo único que hacía era levantar la voz y pasar el datáfono primero que nada. Ridículo y penoso. Nunca más con esta gentuza.
243,Desconocido,Alicante,Barcelona,Domestic,mayo de 2025,5,"No podría haber sido mejor. Amables, educados, vuelo perfecto (el piloto fue Alberto García) , puntuales.... e información clara."
244,Desconocido,Fuerteventura,Malaga,Domestic,mayo de 2025,2,"cambiar de vuelo con Vueling es una locura! tenia q cambiar la fecha de mi vuelo ida&vuelta fuerteventura-malaga, que paguè 120€. Busco nuevos vuelos en otra fecha: en la red salen 22€ ida + 25€ vuelta , total 47€ . En cambio, saben cuanto me cobran con el cambio de vuelo? 160€ y pico!!!! cada cambio 60€ + 60€ + el precio de los nuevos + el servicio (que servicio?) - Con Easyjet se paga el cambio 50€ y pero de lo descontan de los nuevos, con Vueling à reves: lo suman. Al finel, tengo que tirar a la basura mi billete y 120€! Muchisimas gracias Vueling"
245,Desconocido,Fuerteventura,Barcelona,Domestic,mayo de 2025,5,"Siempre que he viajado con vueling, han sido rápidos en el embarque, atentos durante el vuelo y ni notas que estás en un avión, los pilotos lo hacen genial. En este vuelo en concreto ni 1 turbulencia!"
246,Desconocido,Tenerife,Valencia,International,mayo de 2025,1,"Si tienen la opción de no viajar con esta aerolínea hacerlo sin pensarlo, de lo peor, a 10 minutos de embarcar para nuestro vuelo a valencia (que era nuestra escala para llegar a paris) nos llega un correo que el vuelo se cancela, y aún así en las pantallas salía que estaba retrasado. Después una trabajadora con uniforme de Iberia (ni siquiera había alguien de Vueling para dar la cara ni explicar la situación ya que por lo visto en el aeropuerto norte no tienen oficina física) salió a decir que se cancelaba el vuelo y que el próximo salía a las 8:30 del día siguiente, dejándonos así sin posibilidad de coger también al día siguiente nuestro supuesto vuelo a paris. ENCIMA NO NOS REEMBOLSARON EL DINERO y tuvimos que perder dinero de vuelos alojamientos y todo. FATAL"
247,Desconocido,Palma de Mallorca,Jerez De La Frontera,Domestic,mayo de 2025,1,"Después de sufrir un retraso de más de una hora, a lo que tienen derecho, me cobraron 60 euros por una maleta que lo que sobresalía era las ruedas. Además al llegar tarde he tenido que pagar en Jerez una hora más de parking por su culpa. Personal desagradable y poco empatico"
248,Desconocido,Barcelona,Granada,Domestic,mayo de 2025,1,"No pueden ser más sinvergüenzas. Me han cobrado por llevar una mochilita que no superaba en ningún caso las medidas. No había forma de medirla y me amenazaron con no dejarme embarcar si no pagaba. No tenían datáfono, tuve que darle los números de mi tarjeta.. todo bajo amenazas que o lo hacía o cerraban el vuelo. Menudo mal rato y que basura de compañía. O pagas por que me tocó a mí la china de la señora que estaba allí, o me quedaba en tierra sin más explicaciones. Pues si tuve que pagar mis queridos amigos, qué remedio… pero por dios que es la última vez me vuelo con esta gente, que, además, me ha costado el vuelo un ojo de la cara…."
249,Desconocido,London,Seville,Europe,mayo de 2025,1,"Ya veo que el modus operandi se repite en distintos aeropuertos. Antes que me respondan que presente queja por medios oficiales les anticipo que ya lo he hecho, así que dedíquense a resolver los problemas mandando a la calle a tanto prepotente como tienen y no pretendan estrujar a los clientes chupándoles hasta la sangre. El caso: 1º es indecente que una compañía española con vuelo destino España no tenga personal que hable español para atender a los clientes. El día 10 de mayo, puerta 17 de Gatwick, viajo con mi esposa, mi hija, su marido y mis dos nietas con la mala suerte que mi esposa iba la última de los seis. Todos pasamos el control de embarque sin problemas hasta que llegó ella cometiendo el terrible pecado de llevar una bolsa del duty free con una bolsa de patatas, una botella de agua y un peluche. Pues la individua (me es imposible calificarla de otra forma), cuyo nombre no puede averiguar para adjuntarlo a la denuncia judicial ya que me lo negó reiteradamente, le dice que no puede embarcar con ese equipaje. Mi esposa no habla inglés y tanto mi hija como yo le dijimos que nos dejara ayudarla. Con prepotencia, chulería, humillando nos amenazó que como la ayudáramos no embarcábamos ninguno. ¡¡¡Una famila de seis personas incluidas dos niñas!!!. Pues esta ""indivídua"" la aparta de la fila a esperar al final. Saco mi teléfono para llamar a vueling y como una posesa me grita que me iba a denunciar, la muy ... pensaba que iba a hacerle fotos e incluso mandó a otro operario que me revisara el móvil ¡¡ ESO SÓLO LO PUEDE HACER LA POLICÍA!! pero si no lo hacía no embarcábamos ninguno. Faltando dos minutos para el cierre de las puertas por fin nos deja embarcar después del espectáculo que formó. Cuando entramos en el avión todo el pasaje rompió en aplausos. Hay 180 testigos de estos hechos. Sólo pretendo que se haga público que el personal de Vueling maltrata a los viajeros de una forma humillante y vejatoria con el único objetivo de recaudar. Y espero que tramiten mi queja formal y me den una respuesta rápida para formalizar mi denuncia judicial. Es indecente como trata Vueling a sus clientes."
250,Desconocido,Oviedo,Ibiza,Domestic,mayo de 2025,1,"Viajábamos a Ibiza para asistir a un congreso médico el 9 y 10 de Junio. Reservamos vuelo de ida para el 8 y vuelta el 10 por la tarde. Llegamos al aeropuerto y nos informan de que cancelan el vuelo y nos ofrecen ida el 10 a las 9, lo que hace imposible asistir a la jornada. No hay alternativa y nos ofrecen el reembolso de los billetes!!! ( solo faltaría…) Reservas de hotel, inscripción… y la pérdida de la oportunidad de asistir a una reunión con compañeros de profesión de toda España para ponernos al día y mejorar la atención de nuestros pacientes. Hasta ahora, he relatado los hechos, pero lo peor ha sido la atención. En el aeropuerto 2-3 personas para atender a todos los viajeros, cada uno con una problemática diferente, un teléfono que te mantiene en espera por tiempo infinito y, cuando responde lo hace un robot que te remite a la web para ofertarte el reembolso…. Imposible hablar con nadie!!!"
251,Desconocido,Bilbao,Alicante,Domestic,mayo de 2025,1,"Volé en clase premium de Bilbao a Alicante con mi recién nacido. En el vuelo de regreso, dijeron que el nombre de mi esposa estaba mal en el billete. No ofrecieron ayuda ni apoyo — y el servicio de atención al cliente me colgó el teléfono. Tuve que comprar otro billete por casi 200 € para resolver el problema yo mismo. Primera y última vez que uso esta aerolínea. Evítala a toda costa — así de mala es esta compañía Flew premium from Bilbao to Alicante with my newborn. On the return, they claimed my wife's name was wrong on the ticket. No help, no support — and customer service hung up on me. I had to buy a new ticket for nearly €200 just to solve the problem myself. First time using this airline and definitely the last. Avoid at all costs — this is how bad the company is"
252,Desconocido,Barcelona,Alicante,Domestic,mayo de 2025,1,"Reserva IMKT8X, Vuelo VY1310 BCN-ALC 21,40h retrasado hasta pasadas las 22h (despegamos 22,20h). Puerta embarque B43, despues del retraso nos pasan a la B44 (todo comprensible, por problema de un pasajero alemán hebrio..). Embarque atendido por dos personas -sin identificación de nombre-, dos hombres. Viajamos mi amiga Raquel y yo, presentamos las tarjetas de embarque digitalizadas, y nos dicen que no teniamos las maletas de 10 kg incluidas, le digo que sí, que las incluí al mismo tiempo que compré los billetes, pagando por ellas 59,98E, y le digo que la compra-reserva la llevo impresa, intento enseñarsela , pido explicarle cómo se realizó la compra online -todo en el mismo instante, ""billete incluye bolso de mano, y me lleva a incluir maleta de 15kg directamente, las cuales pago religiosamente..y en ningún momento , en ese acto, me ofrecen maleta de 10kg o superior a 15kg.., que seria lo normal para poder elegir""- , pues todo esto , ya no me dejan explicarlo correctamente ...empiezan a levantarnos la voz.. cuando digo ¿me puedo explicar?, me responden ""no hace falta"", ""eso que lleva no vale , le tenemos que cobrar 120e por las maletas"" .. pero todo esto, con malos tonos y chulería por parte del hombre de la chaqueta azul sobretodo,... interrumpiéndome cada vez que me queria explicar (porque nosotras habiamos pagado dos maletas, y además de mayor peso..)... El que peor nos trató, sin mirarnos y con continuas interrupciones, gritos de ""cobrales!!""repetidamente .. ""que pongan una reclamación!!"" (porque yo, al ver esa malísima atención y trato, les decia que iba a reclamar..) fue la persona de la CHAQUETA AZUL. La otra persona finalmente me dijo que debiamos haber facturado las maletas , en lugar de llevarlas en mano. Yo le dije que su aplicación -venta billetes- fué la que nos llevó a esa situación. Al no ofrecerme la posibilidad de pagar maleta de 10kg, y sí de 15kg, pues supuse que Vueling ahora obligaba a pagar siempre hasta 15kg, nunca pensé que era una forma más de ""enredar"" al cliente y así cobrarle más...(eso no se lo pude explicar, no nos dejaban casi hablar). Sí que, entre cortada, le dije que no iba a pagar más, y la persona de chaqueta azul siguió gritando ""cobrales, no las dejes pasar, cobrales!!"". TODO UN HORROR DE TRATO. Finalmente las bajaron a bodega desde el avión -como suelen hacer cuando quieren , y el avión va lleno , que no era el caso..-, y no nos cobraron de nuevo (hubieramos pagado cuatro maletas, en lugar de dos que llevabamos, claro está..). Pero estas ""formas"", hacen que me plantee definitivamente no volver a viajar con vueling -y su grupo-, si puedo evitarlo. Fecha de la experiencia: 05 de mayo de 2025"
253,Desconocido,Malaga,Barcelona,Domestic,abril de 2025,1,Son unos estafadores !! Compre un vuelo de ida y de vuelta a Barcelona y me cobraron 50 € 5 minutos después de pagarlo por un error de ellos
254,Desconocido,Malaga,Tenerife,Domestic,mayo de 2025,3,"Estuve a las 9:15 en la cola para facturar, solo había una persona atendiendo a una cola de más de 150 personas , un cuarto de hora antes de llegar al mostrador ponen tres personas más priorizando otros vuelos(para que hacer una cola??) di mi queja en alto y la contestación de dos hombres que nos atendían fue que nos levantáramos antes y que nos callásemos por que si no no nos atendían , que se levantaban y se iban Esto es ya de vergüenza el trato que te dan"
255,Desconocido,Almeria,Palma de Mallorca,Domestic,mayo de 2025,1,"Tuve que hacer escala, de Almería a Barcelona y de Barcelona a Mallorca. Se retrasaron ambos vuelos una hora y media, porque si son dos te hacen una indemnización. Obviamente, no la hicieron. En total hubo tres horas de retraso, y, al llegar a Palma, la maleta la habían dejado en Almería y no me la entregaron hasta las diez de la noche del día siguiente (el límite era a las once). Esto en mayo de 2025."
256,Desconocido,Santander,Barcelona,Domestic,mayo de 2025,1,"Es una vergüenza q t cobren la maleta de cabina, se invento la maleta con ruedas para no cargar peso y estos caraduras t hacen llevar el peso en la espalda en una mochila donde solo coge el neceser y llevarla cargada a reventar en la espalda sin consideración alguna por personas mayores o con lesiones como la mía hernia cervical nos tratan peor q a animales ojala quiebren peseteros"
257,Desconocido,Alice Springs,Tenerife,International,mayo de 2025,1,"La peor compañía del mundo, mal servicio, mal trato personal, avión súper sucio, asiento muy incómodo y viejo. El avión olía a perro muerto."
258,Desconocido,Seville,Tenerife,Domestic,mayo de 2025,5,"Vuelo magnífico, toda la tripulación amabilidad de 10, asientos cómodos. Recomendaría al 100%. Ayuda desde el personal de tierra hasta el personal del avión, desembarque muy ordenado después de toda la explicación perfecta."
259,Desconocido,Seville,Barcelona,Domestic,mayo de 2025,1,Viaje frecuentemente con vueling de Sevilla a Barcelona y viceversa y no hay ni un vuelo q salga o llegue en hora o te cancelan el vuelo. No recomiendo está compañía
260,Desconocido,Seville,Las Palmas de Gran Canaria,Domestic,abril de 2025,1,"Trato fatal, te obligan a facturar macutos que entran perfectamente como equipaje de mano. Te cambian de sitio en el avión a pesar de haber pagado para elegir los asientos y el colmo que no habían repostado el combustible y todos los pasajeros ya estábamos en el avión acomodados. Hora de salida del vuelo 7.10 y hora de salida 7.30h, retraso debido al repostaje no tenían el vuelo preparado a la hora de salida. Un desastre"
261,Desconocido,Lanzarote,Barcelona,Domestic,marzo de 2025,1,"Es una vergüenza la política de objetos perdidos! Nos dejamos en el avión una funda con el casco de moto en la parte superior de equipaje de mano, lo notificamos esa noche y NUNCA HA APARECIDO. Una amiga que es azafata de vuelo ya nos ha dicho que el personal que gestiona objetos perdidos suele quedarse con las cosas de valor. Estoy muy enfadada con esta compañía y que tenga gente corrupta trabajando para ellos. Una vergüenza!!!"
262,Desconocido,Naples,Barcelona,Europe,marzo de 2025,1,"La peor aerolinea del mundo por lejos!!!! No viajen con ellos!! Sobrevenden pasajes. La mayoría de las veces puede quedarte sin poder volar incluso teniendo asiento asignado, una caja de sorpresa! El personal desconsiderado y de muy mal trato!!"
263,Desconocido,Bilbao,London,Europe,abril de 2025,1,"Vueling ha sido, sin duda, la peor aerolínea con la que he tenido la desgracia de volar. Lo más frustrante fue el overbooking sistemático que practican. No solo es una falta total de respeto hacia los pasajeros que han pagado su billete, sino que además venden esos mismos asientos extra a un precio mucho más alto, junto con la compensación correspondiente, a otros viajeros. Es decir, ganan dinero dejando a gente tirada. Esto me hizo perder todo lo que había organizado para el viaje. Y lo peor: no reembolsan absolutamente nada. Lo que perdí en una noche de hotel y el plan del día ni siquiera se acerca al valor de la indemnización que ofrecen. A todo eso, se suma un nivel de estrés inaceptable. Es increíble que una aerolínea pueda operar con prácticas tan abusivas. Recomiendo a cualquier viajero evitar Vueling a toda costa si no quiere arruinar su viaje."
264,Desconocido,Paris,Alicante,Europe,abril de 2025,1,"Me parece pésima la atención que recibimos en el aeropuerto de Orly el lunes 28 durante el apagón que hubo en España. Nos tuvieron desde las 18 hasta las 20 mareandonos con el horario en el que iba a salir nuestro vuelo hacia Alicante hasta que finalmente lo cancelaron. Una vez que cancelaron el vuelo nos dieron la opción de quedarnos en un hotel hasta el próximo vuelo , pero en ningún momento nos informaron sobre si los gastos corrían a cargo nuestra o no. La organización fue penosa ya que tuvimos que esperar muchas horas hasta que nos bajaron para coger un autobús. Durante ese periodo de tiempo nos dieron la opción de volver en autobús a Alicante en un trayecto de 20h, el cual no correspondía, como debe ser, al trayecto de horas que ibamos a realizar en avión. En un principio elegimos la opción del hotel pero finalmente cambiamos de opinión y pedimos subirnos al autobús que nos llevaba hacia Alicante cuando trasladamos esa información a las azafatas empezaron a tratarnos fatal diciendo que nadie nos había apuntado en una lista cuando previamente arriba nos había nombrado una chica rubia para bajar con su compañera que llevaba un moño. La chica con la estuvimos hablando tenía una melena negra y empezó a reírse, a gritarnos en francés, ya que no entendíamos el idioma, y a hacer gestos de burla y de menosprecio hacia nosotras. Más tarde, nos dijo que no podíamos subir a ninguno de los autobuses que nos proporcionaba la compañía porque no íbamos con ellos y nos iban a dejar en tierra hasta que finalmente por insistir nos dejarnos subir al autobús que iba hacia Alicnate. A todo esto en el aeropuerto de Alicante salía como que nuestro avión estaba aterrizando y nuestros familiares estaban esperando a que llegásemos, fueron a preguntar al punto de información de vueling y les dijeron que no podían proporcionarle ningún tipo de información sobre ese vuelo, me parece increíble que digan que un vuelo está llegando cuando ni siquiera ha salido. Al día siguiente cuando el autobús tenía que llegar a Alicante nuestros familiares preguntaron sobre ese autobús y nadie sabía que iba un autobús hacia Alicante desde el aeropuerto de Orly. Me parece increíble que una compañía pueda permitir estas faltas de respeto y de empatía hacia sus pasajeros, fue una situación que sobrepasó a todo el mundo pero hay que tener un mínimo de respeto y de educación hacia sus pasajeros ya que no estaban ni en su país y esto generó mucho agobio. No recomiendo volar con esta compañía ya que sus azafatas y organización son pésimas."
265,Desconocido,Malaga,London,Europe,abril de 2025,2,"El vuelo estuvo bien y las azafatas amables, lo que no estuvo bien fue la maleta que me la destrozaron completamente. Me han echo una raja en la maleta, aparte de que yo llevaba un candado en la cremallera y ya no está. Aparte de la raja que me han echo en la maleta también tienes otros roces bastante grandes, y aparte de que la maleta estaba nueva y me la acababa de comprar."
266,Desconocido,Florence,Madrid,Europe,abril de 2025,1,"Una auténtica vergüenza Al ir a hacer el check in para la vuelta nos dicen que no pueden hacerlo,que tenemos que esperar hasta las 17 porque hay viento. A otras personas si les dejaron hacer el check in. Estamos en el aeropuerto sin saber si vamos a llegar hoy a casa No uséis está compañía. Ni de broma"
267,Desconocido,Bilbao,Seville,Domestic,abril de 2025,5,Estupenda organización y trato del personal tras el apagón del 28/04/2025 y cancelación del vuelo Bilbao-Sevilla. Gracias.
268,Desconocido,Paris,Alicante,Europe,abril de 2025,1,"Penosa la gestión que tuvisteis con los pasajeros el día del apagón. Azafatas maleducadas aprovechandose de la situación. En Alicante no avisasteis de la cancelación de vuelo, en pantalla aparecía que el vuelo aterrizaba y la gente estaba esperando a sus familiares, viendo que pasaban las horas y allí no aparecía nadie. Y resulta que en el mostrador de vueling tampoco sabían que una parte de los pasajeros venían en autobús desde Paris y nadie te informaba de nada. Pésimos de verdad. Os caracteriza la falta de empatía y educación."
269,Desconocido,Palma de Mallorca,Barcelona,Domestic,abril de 2025,1,"Web engañosa y discriminatoria: Es un labirinto reiterativo para vender, cobrar y tenerte atado sin marcha atrás. El seguro de cancelación solo cubre a vueling, no si el cliente tiene que cancelar. Si necesitas cambiar, aunque sea por necesidad: te cobrar 66€ por una gestión que tu mismo tienes que hacer. Eso no es low cost, eso mucho trabajo del cliente a precio caro por tiempo y frustración al descubrir las engñarifas."
270,Desconocido,Santiago de Compostela,Barcelona,Domestic,abril de 2025,1,Así me devolvieron el carrito de bebe. EMPAPADO y con el portabebidas roto. Como para sentar ahí a mí hija que todavía no camina. Una pésima experiencia teniendo en cuenta que viajaba sola con ella
271,Desconocido,Barcelona,Palma de Mallorca,Domestic,abril de 2025,1,"Políticas de la compañía únicamente enfocadas en ganar dinero, nada de humanidad Tratan a las personas como objetos Tratan a los perros peor que a las maletas"
272,Desconocido,Barcelona,Almeria,Domestic,abril de 2025,5,"Excelente atención en el mostrador al hacer el cheking, la señorita Paula muy atenta amable y muy profesional, mil puntos para ella, espero que siempre tengan ese personal así, felicitaciones"
273,Desconocido,Palma de Mallorca,Zaragoza,Domestic,abril de 2025,1,"Viajamos recientemente con Vueling en el vuelo de Palma de Mallorca a Zaragoza y lamentablemente la experiencia en el embarque fue muy desagradable. El personal de tierra nos atendió con una actitud descortés y poco profesional. Nos obligaron, de forma abrupta y sin mediar explicación ni disculpa, a introducir la maleta en el hueco metálico para comprobar sus dimensiones, a pesar de que cumplía claramente con las medidas establecidas. La situación se gestionó con una falta total de empatía, generando un ambiente tenso e innecesario justo antes de subir al avión. Una atención más respetuosa y cordial marcaría una gran diferencia en la experiencia del pasajero. Esperamos que Vueling tome nota y refuerce la formación del personal en trato al cliente."
274,Desconocido,Palermo,Barcelona,Europe,abril de 2025,1,"Una vergüenza. Mido 1,90. Ha sido horrible, he llegado con las piernas dormidas ya que el espacio entre asientos es ínfimo. Había sitios libres con más espacio pero no me han dejado sentarme ya que no había pagado la tarifa correspondiente. Le he dicho que había sitios libres pero me han dicho que me aguantara. No se porqué tenemos que pagar más los altos"
275,Desconocido,Santiago de Compostela,Palma de Mallorca,Domestic,abril de 2025,1,"la supuesta “azafata” me ignoró mientras yo educadamente pedía, 3 tortillas, las cuales no llegaron y una instancia muy incomoda y asientos más duros que una piedra, no lo recomiendo ni a mi peor enemigo"
276,Desconocido,Madrid,Rome,Europe,mayo de 2024,1,"Tuve una de las peores experiencias viajando con Vueling Airlines S.A. El servicio al cliente fue inexistente: perdieron mi maleta y me hicieron esperar dos días para recuperarla. Me aseguraron varias veces que alguien pasaría a entregarla ""entre la mañana y la tarde"", así que estuve esperando todo el día, sin poder salir ni disfrutar mis vacaciones. Finalmente, el repartidor apareció a las 23:00 horas, cuando ya estábamos durmiendo. Hasta el día de hoy (caso 06577904 - Reserva HDYSNC) no han resuelto nada ni se han disculpado formalmente. Cada vez que alguien me dice que está considerando volar con Vueling, les advierto que no es la mejor opción. No recomendaría esta aerolínea a nadie."
277,Desconocido,Barcelona,Seville,Domestic,abril de 2025,1,"Horrible, horror, es un asalto de la compania, cobran tu equipaje de mano .ratas. COBRAN TU MALETA PEQUENA, NO LES INTERESA."
278,Desconocido,Florence,Madrid,Europe,abril de 2025,1,"Nos adelantan el vuelo 6h y media un día antes de volver de nuestras vacaciones a Madrid. Estafadores, eso no se hace, no volvemos a coger vueling"
279,Desconocido,Santiago de Compostela,London,Europe,abril de 2025,1,Son unos estafadores. Tengo maleta facturada y al llegar al mostrador me dicen que no. Me cobran 40 euros por facturarla y luego se dan cuenta del error. Pongo una reclamación y no me devuelven el importe. De las más de 30 compañías en las que he volado es la peor con muchísima diferencia
280,Desconocido,Bilbao,Seville,Domestic,abril de 2025,1,"Vuelo Bilbao Sevilla y vuelta granada Bilbao (escala en Barcelona) en Bilbao nos anulan el vuelo por la Niebla ...mientras vemos otros vuelos despegar y en el vuelo de vuelta nos an perdido las maletas ,nadie da información nadie se disculpa eso si agotan los plazos legales para devolver el dinero lo más tarde posible ,en mi caso entre coche de alquiler gasolina y peajes y ropa que voy a tener que comprar bastante más de 1000 euros"
281,Desconocido,Lanzarote,Seville,Domestic,abril de 2025,1,Rompieron mi maleta y eso q estaba nueva. Y no sé quieren hacer cargo. Los asientos estaban muy sucios y tardaron mucho en encargar
282,Desconocido,Barcelona,Munich,Europe,abril de 2025,1,Es una compañía tóxica. Te acosan hasta la saciedad para que pagues por todo. Y al final te castigan con asientos separados por no pagar. Por no hablar de la odisea del equipaje.
283,Desconocido,Santiago de Compostela,Barcelona,Domestic,abril de 2025,1,"Es increíble que esté permitido que se vendan más asientos de los totales. Las personas que adquieren un billete tienen planes , enlaces , familia que les espera .. puede pasar por ejemplo vayas a ver a alguien muy querido y no puedas verlo por esa razón … una indemnización suple esto? Claro que no … quien es responsable de los abusos por monopolios? La compañía? Los que hacen las leyes? .. avanzamos hacia un vale todo y una deshumanización"
284,Desconocido,Bilbao,Prague,Europe,junio de 2024,1,"¿Qué voy a decir que no haya leído ya? Mi hijo viajó con dos compañeros de equipo de hockey línea de Bilbao a Barcelona y de Barcelona a Praga. Ya salieron tarde de Bilbao, casi no llegan a Barcelona para ir a Praga. Pues por el camino los 6 sticks que llevaban (por valor de 1500 euros todos) y la bolsa de hockey de mi hijo (por un valor parecido con toda la equipación dentro) no llegó a Praga. Pero el caso es que por lo visto esa noche hubo un caos en el aeropuerto de Praga y no salía ninguna maleta. Eran tantos los pasajeros que debían hacer la reclamación para que les dieran el famoso número de resguardo, que mi hijo y los amigos no pudieron hacerlo, porque un autobús les esperaba a todos para irse al pueblo donde iban a hacer el torneo. Al día siguiente apareció la bolsa de hockey en otro vuelo, pero los sticks, 9 meses después, siguen sin aparecer. Y obviamente no nos han reembolsado el dinero, a pesar de mis numerosas llamadas. En todas me dicen que están en ello, que espere un tiempo (¿cuánto es un tiempo, hasta que aparezcan desintegrados 10 años después?). Un desastre de aerolínea. Encima, se niegan a confirmar que en Praga hubo un caos y que mi hijo, menor de edad, no podía esperarse a hacer la reclamación porque el equipo aún tenía una hora de autobús."
285,Desconocido,Barcelona,Dakar,International,abril de 2025,1,"un vuelo de casi 5h y no nos dieron ni agua, los respaldos no se reclinavan y lo peor de todo una temperatura super alta que te mareavas..en definitiva, fatal..nunca mas"
286,Desconocido,Palermo,Barcelona,Europe,abril de 2025,1,No volveré nunca más a viajar con vueling. Me cobraron 60 euros por una mochila pequeña que cabía perfectamente debajo de los asientos . El avión iba casi vacío de Palermo a Barcelona. Una estafa
287,Desconocido,Rome,Barcelona,Europe,marzo de 2025,1,"VUELING EXTRAVIO MI EQUIPAJE EL 20/03/2025 EN EL VUELO VY6103, ELLOS NO LO DESPACHARON DESDE ROMA, MI VALIJA NUNCA SUBIO AL AVION, TODAVIA A MAS DE 2 SEMANAS NO LA LOCALIZAN, NI TIENEN NOVEDADES. UNA VERGUENZA COMO TRATAN AL TURISTA. SUPONGO QUE EN EL SECTOR DE DESPACHO DE ROMA DEBERIAN TENER CAMARAS PARA HACER UN SEGUIMIENTO Y MAS CON LA TECNOLOGIA ACTUAL, NO SEA COSA QUE ALGUIEN DE AHI SE LLEVE ALGO QUE NO ES PROPIO ..... UN DESASTRE SOY DE ARGENTINA Y ES IMPOSIBLE HABLAR CON ALGUIEN DE VUELING, SOLO TE CONTESTA UN BOT. INDIGNANTE."
288,Desconocido,London,Oviedo,Europe,abril de 2025,4,"Quiero dar las gracias al Comandante del vuelo Londres- Gatwick - Asturias ( Vueling) , hoy domingo 6 de abril, por traer de vuelta a mi hijo junto a 60 maletas de un grupo escolar de Asturias que ayer, 5 de abril, no pudieron ser facturadas por llegar muy justos de tiempo al aeropuerto debido a una retención de 2 horas por obras en carretera. Los chicos embarcaron pero en tierra quedó mi hijo al cuidado de 60 maletas.Gracias , Señor. Gracias por su empatía con mi hijo que se quedó en tierra con 60 maletas y sin que nadie le ayudara en el aeropuerto de Gatwick. Gracias por dar la orden de que se facturarán esas maletas y que, ahora, cuando escribo estás palabras, mi hijo ya esté en casa tras una noche infernal. No conozco su nombre. Solo se que es usted el Comandante de la nave. Millones de gracias, Señor."
289,Desconocido,Seville,Bilbao,Domestic,marzo de 2025,2,"mi maleta facturada embarco en Sevilla en perfectas condiciones y cuando la recojo en Bilbao tenía 4 agujeros , quise poner una reclamación y la contestación fue no está dañada ,no inservible puede usted seguir viajando con ella , 😱😱😱😫😫😫😫😫"
290,Desconocido,Barcelona,Paris,Europe,abril de 2025,5,"Finalmente viajo a París con mi querida mujer. Lamentablemente sufro desde hace algún tiempo un pinzamiento del nervio ciático que se acentúa,provocando un dolor intenso, cuando estoy rato sentado. Al entrar le comento mi problema a Georgiana, sobrecargo del vuelo, la qual, con toda la empatía y amabilidad que se puede tener, finalmente me reubica a mi y a mi pareja en un asiento con más espacio. El vuelo fue placentero y el dolor más llevadero. Agradecer a Georgiana y toda la crew el trato recibido. Sin duda repetiremos con Vueling."
291,Desconocido,Santiago de Compostela,Seville,Domestic,marzo de 2025,1,"Tras poner una reseña en diferentes plataformas como tripadvisor o trustpilot, me contestáis que me ponga en contacto con vosotros por cualquier canal de comunicación (A pesar de haberlo hecho ya anteriormente por su página web y haber denegado todo sin interesarse lo más mínimo). En este caso lo hago por Instagram y de nuevo me denegáis una ayuda. Entonces, ¿me estáis contestando que me queréis ayudar de cara al público sólo para quedar bien delante de futuros clientes y después por privado me volvéis a tratar mal? Decido ponerme en contacto con vosotros vía telefónica e incluso me llega a llamar uno de vuestros encargados para hablar conmigo y me asegura que va a reabrir el caso porque él considera que llevo razón. Además me indica que vuelva a escribir una nueva incidencia. Me urge que me den una solución a mi ordenador, no puedo seguir así. Tengo pruebas de lo ocurrido. Les indico las dos incidencias anteriores que ya he abierto: 10670896 y 10740580. Vuelvo a reclamar mis 120 euros que me hicisteis pagar de forma injustificada y una solución para el ordenador que me habéis roto. Sigo esperando una solución por todo los daños que me han ocasionado. No voy a consentir que me sigan tratando como lo están haciendo, contestando de forma amable en webs y después dándome largas en privado, es impermisible."
292,Desconocido,Barcelona,Lisbon,Europe,marzo de 2025,1,"¡Una vergüenza! Vuelos caros (para ser una compañía low-cost), te cobran hasta lo imposible (hasta el reenvío del email con la tarjeta de embarque). Tuve retrasos enormes en ambos vuelos, ida y vuelta, y además desprecio y negligencia de los empleados, que no se molestaron en informar sobre los retrasos en ninguno de los vuelos. ¡Ridículo!"
293,Desconocido,Barcelona,Palma de Mallorca,Domestic,marzo de 2025,1,"Réservé los asientos de pago porqué el sistema ya no daba posibilidad de asignación aleatorio y conociendo los problemas de overbooking de la compañía, quise asegurarme las plazas. Me costaron 11 y 12 euros para ida y vuelta fila 12 y20. Al llegar al check in me pusieron en la fila 33 diciendo que esos eran los puestos que quedaban. Absurdo. Para qué entonces compré las filas adelante? No han querido reembolsarme de los asientos tras poner queja. Vueling siempre más servicio pésimo."
294,Desconocido,Canton of Geneva,Madrid,Europe,marzo de 2025,1,El servicio es de cuarta y la atención pésima también. Me cobraron 130€ por despachar el equipaje cuando el vuelo no iba lleno (era una maleta muy pequeña) y la perdieron!! El servicio de atención al cliente es un código QR y las operadoras tienen pocas ganas de encontrar una solución. Yo estaba en un vuelo en tránsito y he pasado el resto de mi viaje sin mi equipaje.
295,Desconocido,Santiago de Compostela,Seville,Domestic,marzo de 2025,1,"En la puerta de embarque del aeropuerto de Santiago de Compostela, el personal de tierra de vueling, de malas maneras, nos hace meter el equipaje en unos cajones para comprobar las medidas. Encajaban y entraban las mochilas, aún así insisten en que tenemos que pagar y además ya, rápido, porque cerraban las puertas. No nos han dejado ni revisar nuestro equipaje a pesar de que llevábamos en el aeropuerto desde dos horas antes y ellos han apurado hasta último momento para abrir la puerta de embarque lo que conlleva un trato nefasto y con mala educación a los últimos pasajeros de la cola (que no quiere decir que llegáramos tarde). Amenazan con que o pagamos 120 euros en ese mismo instante o no viajamos. Nos hacen pagar los dos equipajes (120 euros) de mano a pesar de que encajaban en sus cajas que tenían antes de entrar al avión y otros pasajeros llevaban equipajes de mayor volumen que el nuestro. Una vez abonado, nos dicen que además no puede ir dentro del avión en el compartimento superior porque está lleno (por equipaje de mano de otros pasajeros que no habían pagado nada por llevarlos) y que por tanto se tiene que ir a la bodega. Le comento que llevo objetos frágiles y no estoy de acuerdo con ello, entre ellos el ordenador que uso para el trabajo. La respuesta de la señora es que me lleve el ordenador en la mano cuando anteriormente no me ha dejado ni llevar una sudadera en la mano porque insistía que todo tenía que ir detro del equipaje. A pesar de mi desacuerdo, me insiste en que o acepto o me cierra la puerta del avión (todo con una educación que deja mucho que desear de una empresa de la talla de vueling). Entro en el avión con mi ordenador portátil en la mano tal y como me han indicado y la azafata del avión me comenta que no puede despegar el avión con el ordenador encima, que tiene que ser guardado en el compartimento superior (en el que previamente me habían dicho que no había hueco para mi maleta). Me obligan a meter mi herramienta de trabajo suelta, sin ninguna protección, tan solo la funda, a pesar de mi negativa. Tal y como esperaba el ordenador ha resultado roto de múltiples golpes durante el despegue, aterrizaje y turbulencias. El trato de la compañía y de sus empleados en Santiago de Compostela lo califico de vejatorio y nada empático con el cliente. Lo sucedido hoy deja mucho que desear de una empresa española como vueling. Llevo 7 años cogiendo una media de 15 vuelos por año con vuestra compañía y nada ha sido tan vergonzoso como lo ocurrido ese día. Además de hacernos pagar el importe de 120 euros de manera injusta pues nuestro equipaje no era mayor de lo debido, me habéis roto mi herramienta de trabajo. Cabe añadir que llevo viajando con ese mismo equipaje (EN VUESTRA COMPAÑIA) desde que comenzaron a obligar a pagar las maletas de mano, lo que es prueba de que no excede las medidas y siempre ha encajado de manera adecuada en vuestros cajetines. ¿Dónde quedó el buen servicio que teníais hace un par de años atrás? Me replantearé seriamente volver a volar con vosotros."
296,Desconocido,Barcelona,Brussels,Europe,agosto de 2024,1,Me hicieron pagar 1 maleta de más cuando ya la había pagadoy haces el reclamo y de nada sirve son unos ladrones. Asco dais.
297,Desconocido,Barcelona,Alicante,Domestic,marzo de 2025,1,"Pésimo había una pasajera sin identificación y ticket la tuvo que bajar la policía tres horas de demora y dicen que fue un tema de tráfico aéreo, ojo no es seguro viajar en esa compañía no la recomiendo"
298,Desconocido,Barcelona,Brussels,Europe,marzo de 2025,5,"Excelente servicio! De verdad he viajado por muchas aerolíneas y esta es la de mejor trato. Nunca se retrasan, tienen el mejor servicio a cliente y lo recomiendaria 100 mil veces"
299,Desconocido,Paris,Malaga,Europe,marzo de 2025,1,"Mido 1’94 algo más alto q la media pero nada q no sea “normal”, pues bien, no quepo en los asientos NO reclinables de esta compañía, realmente inaudito."
300,Desconocido,Barcelona,Vigo,Domestic,marzo de 2025,1,"Es una Vergüenza la facturación . En el panel de información te indican unos mostradores en los que no hay nadie para facturar. Cuando llegas te dicen que te lo tienes que hacer tú en máquina. Hay solo dos jovencitos para ayudar que están desborbados , por la cantidad de gente con dudas de cómo hacerlo. Sin embargo tb se puede hacer la facturación con personal al otro lado pero nadie te lo dice a propósito . Es un escándalo que los paneles te manden al autochecking. Es una estafa"
301,Desconocido,Bilbao,Seville,Domestic,marzo de 2025,1,La atención al cliente es pésima No aún pagando extras y pasando por el aro te resuelven realmente nada Si pueden aprovecharse lo van a hacer sin pestañear. Calidad humana del servicio nula. Lamentable
302,Desconocido,Ibiza,Barcelona,Domestic,marzo de 2025,1,La chica de la puerta se negó de hacerme subir al avion porque no tenía priza que el vuelvo ya estaba en retrazo y yo tarde unos segundos a buscar el certificado de residencia en mi móvil. La peor compañía aérea y el pero servicio de todos los tiempos. Te roban dinero y encima me trato como si yo no valieras nada. Un asco. Me dais mucha pena
303,Desconocido,Tenerife,Barcelona,Domestic,marzo de 2025,1,"Un desastre, perdieron las maletas de un grupo de estudiantes y el personal de Vueling Barcelona está dando un pésimo servicio. Las maletas perdidas, un día perdido. Mal todo muy mal."
304,Desconocido,Las Palmas de Gran Canaria,Oviedo,Domestic,marzo de 2025,1,"El vuelo salió antes de tiempo y nos dejaron tirados en el aeropuerto, llamamos a Vueling y no nos dieron solución alguna. Estábamos en la puerta de embarque 20' antes y ya había salido el vuelo"
305,Desconocido,Bilbao,Male,International,marzo de 2025,1,"horrible. antes de viajar, desparece el vuelo directo de malta a bilbao, pero solamente nos devuelven ese trayecto. pésima atención con un ""lamentablemente eso es posible"" cuando solicito el reembolso también de la ida. no me gustan las aerolíneas de bajo coste pero después de ryanair, esta se lleva la palma"
306,Desconocido,Valencia,Las Palmas de Gran Canaria,Domestic,marzo de 2025,5,Super excelente amabilidad durante todo el vuelo por toda la tripulacion. Nunca habia volado con una gran profesional jefa de cabina como Virginia
307,Desconocido,Palma de Mallorca,Santiago de Compostela,Domestic,marzo de 2025,1,"Me cambiaron el vuelo de un día para otro, cuando ya tenía reserva en el hotel. Ahora estoy en el avión, que es incomodo y pequeño, lento para embarcar. En el billete, tenía derecho a una maleta pero tenía que facturar, era una maleta pequeña, pero en fin. Me cobran 60 euros, pero luego tengo que dejarla para la bodega!! Si finalmente va a ir alli, para que me cobran????? Compañía ridícula de tercera, no la cojan si no es absolutamente necesario y vayan con cuidado o les cobrarán por cualquier estupidez."
308,Desconocido,Tenerife,Malaga,Domestic,febrero de 2025,1,"Hace unos meses reservé vuelo para Septiembre de Tenerife Norte a Málaga sobre las 20,00 horas y hace un mes recibo un mensaje que se adelanta el vuelo a las 8:35. Que lo cojo o me devuelve el dinero. Claro uno que tiene el hotel pagado y los días pues prefiere perder el día entero que quedarse sin vuelo de vuelta. Cual es la sorpresa que días después veo que hay un nuevo vuelo a las 14:00 horas. Intento que me lo cambien ya que ellos me lo cambiaron y me dicen que tengo que pagar por el cambio 284 euros aprox. ME PARECE UNA TOMADURA DE PELO, UN ROBO Y UNA ESTAFA que jueguen con los clientes de esa manera. PRIMERO te ofrezco un vuelo hasta bien tarde, LUEGO una vez pagado todo, te cancelo y te ofrezco uno que pierdes un día en la isla prácticamente o t devuelvo el dinero y te dejo tirado y luego saco OTRO VUELO y si quieres cambiar A PAGAR MASS... no vuelvo a viajar con VUELING. ME SIENTO engañado y estafado."
309,Desconocido,Palma de Mallorca,Bilbao,Domestic,marzo de 2025,1,"Pésima compañía y servicios…he viajado varias veces con ellos porque es la única que me cuadra el horario. Te sacan dinero de todos los sitios, siempre con retrasos, comodidad 0, te miden las mochilas…y precios altos para el servicio que dan…"
310,Desconocido,Barcelona,Almeria,Domestic,marzo de 2025,1,Me cobran el equipaje a la vuelta después de que en la ida no me lo cobrar. Un servicio que deja mucho que desear. No recomiendo que tomen vuelos en esta línea aérea
311,Desconocido,Barcelona,Malaga,Domestic,marzo de 2025,1,"El trabajador Jose Manuel es nefasto, toda la cola con más equipaje de mano del establecido y desde el momento en que mi pareja y yo entramos en la cola no paraba de mirarnos, llevaba mi pareja un bolsito con el movil pinturas y poca cosa más, las cuales llevaba desde Málaga a Barcelona exactamente igual y sin ninguna pega. Le decimos que vinimos igual y su contestación fue esto no es Málaga esto es Barcelona. Trato malisimo por su parte. Espero no volver a cruzarme alguien así en una compañía en la que confío."
312,Desconocido,Barcelona,Bilbao,Domestic,febrero de 2025,2,E viajado mucho con Vueling por qué detesto las compañías low cost. Pero a este paso Vueling se va a convertir en una más. Solo piensan en sacar dinero. Es inconcebible que no cumplan la ley respecto a los equipajes. A este paso cambiaré de compañia
313,Desconocido,Alicante,Barcelona,Domestic,marzo de 2025,1,"esta tarde, mi hija ha tomado el vuelo de ALC a BCN a las 8:30 PM, ha pasado el control de equipajes sin problemas y al llegar a la puerta de embarque, la mochila de cabina que llevaba no entraba en la caja que le han puesto debido a tres tuperwares (de mercadona tamaño 14x14x4 cm) que llevaba, uno con una tortilla que le había preparado su madre para cenar, otro con un couscous de verduras y otro con un arroz al horno, le han dicho que si quería llevar los tuperwares tenia que facturar la mochila de cabina (coste aprox 82 €). ante la inflexible actuación de la empleada de Vueling, pues estaba claro que mi hija no iba a facturar la mochila y delante de ella han tirado los tres tuperwares a la papelera. Una malísima experiencia que ha dejado a mi hija muy triste y con ninguna gana de volver a utilizar los servicios de Vueling. Compañia que tiene en la puerta de embarque empleados que funcionan como auténticos robots con óxido en los circuitos."
314,Desconocido,Athens,Seville,Europe,marzo de 2025,5,"Encantados.Nos robaron la documentación en Atenas y el servicio al cliente nos indicó cómo proceder. Julián de atención al cliente muy amable ( nos indicó que con denuncia y documentación online,foto podríamos viajar por ser un caso excepcional) en el aeropuerto los del chek in lo consultaron obviamente y nos dieron sin problema las tarjetas de embarque y Facilidades. Ya en el embarque la azafata nos reconoció y nos dejó pasar revisó las imágenes de la documentación pero muy agradable con nosotros sabiendo la situación.la verdad que todo estupendo estupendo."
315,Desconocido,Santiago de Compostela,Barcelona,Domestic,febrero de 2025,1,"El pasado día 8 de febrero de 2025. Tenía la salida para las 18.40 horas. Hemos salido a las doce y veinte de la noche es decir a las 00,20 horas del día 9.02.2025. En ningun momento hemos sido atendidos por NADIE de la compañia pese a estas mas de 5 horas tirados en el aeropuerto. El avión que nos iba a trasladar, venia con retraso de Londres de unas, dos horas. No llego hasta pasadas las 10 de la noche. Luego faltaba la tripulación, que venia un vuelo de Barcelona. En los mostradores de´Vueling no había nadie que informará. Ni poder presentar una reclamación en forma."
316,Desconocido,Valencia,Palma de Mallorca,Domestic,febrero de 2025,5,He viajado con mis padres de 87 años y una de las azafatas ( sobrecargo) ha sido muy amable y profesional haciendo todo lo posible para que el vuelo fuera agradable! Gracias
317,Desconocido,Barcelona,Prague,Europe,febrero de 2025,5,"Veo que hay comentarios muy desfavorables hacia Vueling, pues yo he de decir que estoy encantada con ellos, he viajado varias veces y jamás he tenido ningún tipo de problema , ni con la maleta de cabina , ni el bolso y ni siquiera con la maleta de 25kg, una vez pasó unos gramos y no me dijeron nada!! Vuelos puntuales , sin retrasos excepto una vez que se demoró 45 minutos, con lo que no me parece excesivo, estas cosas pueden ocurrir, hay que tener un poco de paciencia. Respecto a los asientos, no es que sean los mejores, pero no los veo tan mal. En resumen, encantada con Vueling"
318,Desconocido,Zurich,Barcelona,Europe,febrero de 2025,1,Siempre pasa algo con las salidas de Vueling. Con una disculpa se resuelve todos los retrasos. Que mal funciona. Siempre retrasado.
319,Desconocido,Seville,Tenerife,Domestic,febrero de 2025,1,Han roto mi maleta grande. Ya no sirve para usarla. Me dan 50 euros y dicen que es compensación máxima que pueden ofrecer! Pedí que sustituyen la maleta por otra de las mismas características y me dicen que no tienen ninguna tienda en Tenerife ni Sevilla dónde podría recogerla. Una vergüenza! Dónde compro maleta grande que no es de tela por 50 euros???? No viajen con Vueling con maletas caras!
320,Desconocido,Alicante,Palma de Mallorca,Domestic,febrero de 2025,1,"Piratas de altos vuelos. Pese a años de mal servicio (retrasos y cancelaciones) he seguido volando con ellos, pero ayer me sentí estafado, ultrajado por esta compañía de pacotilla. Tras contratar el vuelo con una agencia de reconocida solvencia adquirí una maleta adicional para el vuelo, la reserva me indicaba equipaje de mano y maleta adicional. Al llegar al embarque me indicaron que la maleta adicional era facturable, le indiqué y mostré la reserva al perosknal de tierra. Pese a comprobar que la maleta era una maleta de cabina de menos de 10kg me indicaron que tenía que pagar 60€ adicionales para embarcarla en la bodega ( a las malas esto estaba pagado en la reserva), cuando mostré mi disconformidad una risa y reclame a posteriori fueron las respuestas. Pague esos 60€ y tuve que llevar la maleta hasta el avión yo mismo, pese haber pagado ya dos veces la facturación de la maleta. En ese punto me encontré a una chica en mi misma situación, una coincidencia que muestra que estos actos de piratería son habituales. Espero que con esos 120€ robados puedan adquirir aviones que les permitan evitar retrasos y cancelaciones a otros pasajeros. Si adquieren Boeing será un ejemplo de que necesitan estos robos para cambiar la flota de viejos y vetustos Airbus. La piratería es delito desde hace siglos. Este ha sido mi último vuelo con ellos, buen trabajo!"
321,Desconocido,Bilbao,Barcelona,Domestic,febrero de 2025,1,"Nos retrasan el vuelo de las 19:30 como es habitual en este aeropuerto y a veces te recolocan a las 22:55 que es el último vuelo. Pero no es así, cada 55 minutos te avisan que cada 55 te avisaran, son las 22:25 y aún no sabremos si saldremos hoy, ya que en la aplicación pone salida 00:02 pero el aeropuerto cierra a las 00:00. En pantalla sale hora prevista salida 23:59....no sabemos que nos espera! Que Dios se apiade de nosotros! Bilbao a 13 de Octubre del 2025"
322,Desconocido,Bilbao,Las Palmas de Gran Canaria,Domestic,febrero de 2025,1,"Venimos desde gran canaria con una mochila , y no nos dijeron nada , al subir al vuelo en bilbao a gran canaria , nos dicen que tenemos una prnalizacion porque no son las medidas , por la cara , 60 euros , no vuelvo a volar con vueling nunca mas , malisima experiencia , una mi......"
323,Desconocido,Brussels,Barcelona,Europe,febrero de 2025,1,Nos cancelan el vuelo de escala dejandonos tirados. Panda de incompetentes. No sigo insultando que me banean el comentario los muy hijos de su madre
324,Desconocido,Malaga,Tenerife,Domestic,febrero de 2025,1,"Después de haber pagado por facturar una maleta, me han cobrado en la puerta de embarque 60 euros porque la mochila se sobrepasaba unos cm. Lo peor la actitud de la persona en la puerta. He tenido la suerte de viajar mucho pero NUNCA había recibido un trato igual. HORRIBLE, voy a hacer todo lo posible para no viajar con esta empresa."
325,Desconocido,Barcelona,Las Palmas de Gran Canaria,Domestic,febrero de 2025,1,"Tenia comprado el vuelo con bastante antelación y con una tarifa superior para poder elegir asientos porque mi pareja es bastante alta y no cabe en los asientos normales. Al llegar al vuelo me encuentro que los asientos que yo tenía seleccionados son asientos normales. La tripulación de cabina me confirma que han cambiado de avión hace unos dias y que VUELING debería haberme informado del cambio por mis asientos. Reclamo a vueling y me dicen que no van a hacer nada. Es pésimo y vergonzoso como una compañia por la que pagas una tarifa superior por unos servicios, que en este caso es por necesidad de hueco, no cumpla lo de ofrece y después se lave las manos. Por supuesto tengo la captura de pantalla del momento en el que elijo los asientos y se ve que tipo de sientos elijo, y les da igual."
326,Desconocido,Munich,Barcelona,Europe,febrero de 2025,1,"LA PEOR COMPANYA de VUELO de toda EUROPA The worst fly compny of all Europe Tratan muy mal a los clientes llevo volando con ellos mas de 10 años con una media de 8 vuelos al año, y te tratan como una BASURA asi trata VUELING a sus clientes FIELES y si eres ESPAÑOL PEOR, son unos ABUSIVOS los sinverguenzas te castigan con MULTAS ABUSIVAS por cambios de vuelo o peso de equipaje si pasan un 1k extra ------------------------------------ THIS COMPANY IS VERY BAD -------------------------- . VUELING IS THE WORST COMPANY IN THE ALL EUROPE"
327,Desconocido,Barcelona,Santa Cruz de la Palma,Domestic,febrero de 2025,1,"Reservé un vuelo a La Palma ida y vuelta desde Barcelona para el mes de mayo 2025, Vueling es la única compañia con un vuelo semanal diercto. Ayer me mandaron un correo cancelando los 2 vuelos. Me ofrecen el cambio o reembolso. Mi sorpresa, y supongo que de todos los afectados, es que HAN CANCELADO TODOS LOS VUELOS IDA Y VUELTA DE ABRIL, MAYO Y MITAD DE JUNIO. Esto nos deja a todos los pasajeros tirados, sin ninguna opcion para viajar con ellos en vuelo directo y sin ninguna compensación. He mirado otros vuelos, estos con 1 o 2 escalas y van desde los 250€ a los 500€ los mas normalitos, cosa que con el reembolso de 112€ que pagué en octubre, no me sirve de nada. Seguramente terminaré por cancelar mi viaje, que por suerte es de ocio, pero creo que los mas afectados seran los palmeros."
328,Desconocido,Barcelona,Malaga,Domestic,febrero de 2025,5,"desde viatges tot destins estamos super contentos por el trato que siempre tiene AMPARO del servicio agencias de Barcelona con todos nosotros, es muy amable y muy resolutiva y un 10!!"
329,Desconocido,Barcelona,Madrid,Domestic,febrero de 2025,1,"Nos han engañado con el equipaje. Nos confundimos al seleccionar el tipo de equipaje e intentamos solucionarlo al hacer el checkin en su web. Seleccionamos añadir maleta y te lleva a seleccionar asiento. No todos los asientos deben tener esa opción, pero no te avisan. Después de pagar, no habíamos cambiado nada. Nos tocó pagar 120 euros. Un timo. Además, la que estaba en la puerta de embarque era una borde que llamo a seguridad porque me enfadé. Son unos si vergüenzas. Te llevan en la web de opcion a otra, para liarte y que te confundas. Después ya no tiene remedio. Indefensión absoluta"
330,Desconocido,Seville,Santiago de Compostela,Domestic,febrero de 2025,1,"No recomiendo Vueling en absoluto. Si buscas un vuelo sin complicaciones y con respeto al tiempo y dinero de los pasajeros, busca otras opciones. Esta compañía demuestra una falta total de profesionalidad y compromiso con sus clientes. No volveré a volar con ellos. Nos cambian horas del vuelo a falta de horas para hacer los 15 días para coger el vuelo y por lo tanto no tener la obligación de reclamar quejas de sus clientes y ningún tipo de indemnizaciones, pésimo miramiento por sus clientes. NO COMPREIS VUELOS CON ESTA COMPAÑÍA."
331,Desconocido,Fuerteventura,Santiago de Compostela,Domestic,febrero de 2025,1,"la web de resrvas es una autentica basura, es increible que funcione tan mal, se bloquea cada por tres, al mitad de las ocasiones tienes que intentar varias veces para poder hacer una reserva, su principal herramienta de venta y un completo desastre, increible."
332,Desconocido,Barcelona,Ibiza,Domestic,agosto de 2024,1,"Me indican que hay demora en el vuelo a causa de no estar la tripulación. Finalmente, después de casi 4 horas esperando en el aeropuerto, me cancelan el vuelo por la noche y alegan que es a causa del clima. Me dan un vuelo 2 días después, con lo cual perdí 2 noches de estancia en Formentera + Ferry (hacía 6 meses que tenía todo reservado). No me quieren devolver nada de las pernoctaciones pagadas y no disfrutadas porque dicen que no pagan costes en destino, cuando la causa de que no haya podido disfrutar de los servicios pagados es debido a que ellos me cancelaron el vuelo a última hora y me dieron una alternativa días más tarde. He contactado con ellos en varias ocasiones y te dan respuestas estandarizadas, es decir, no se leen las reclamaciones, te contestan a través de 1 una especie de chatbot. Decidí interponer una queja a través de la oficina del consumidor y me contestaron alegando lo mismo. Volví a realizar otra queja, con pruebas fehacientes de que el vuelo no se canceló debido al clima, ya que, salieron hasta 6 vuelos posteriores al mío, con el mismo punto de partida y destino. Doy datos de todos los vuelos (5 de ellos de la compañía vueling), y ya ni siquiera me respondieron. Evidentemente, no aconsejo volar con esta compañía, donde alegan condiciones meteorológicas adversas para poder cancelar vuelos sin indemnizaciones, ni pago de gastos en destino, los cuales son causados por su mala praxis y no debido a factores externos."
333,Desconocido,Florence,Madrid,Europe,enero de 2025,5,"Excelente servicio, nos sentimos como en un vuelo de lujo. Lo más importante y lo que no encuentras en otras companias low cost : HAY MUCHO ESPACIO PARA LAS PIERNAS. Mi chico que tiene una discapacidad física fue atendido genial y yo como su acompañante también. El vuelo sin problemas y el aterrizaje muy leve. Repetiremos sin duda!"
334,Desconocido,Malaga,Barcelona,Domestic,diciembre de 2024,1,"Saque pasajes el 5/12 para nuestra familia de Malaga a Barcelona. Dado que somos familia numerosa especial, tilde la casilla de descuento para flia numerosa especial residente, sin saber que ese ""residente"" solo hace referencia a Islas Baleares. Nada del sistema te detiene a que verifiques si sos de Islas Baleares, uno lo tiene que saber me dicen. El dia del vuelo, 28/12, nos presentamos en el aeropuerto y nos dicen que debemos pagar la tarifa normal del dia de la fecha pues estaba mal hecha la reserva. Yo complete todos los datos en el sitio web de Vueling para comprar los billetes, desde NIE, domicilio, direccion postal y numero de familia numerosa especial. En ningún lado saltó que estaba mal hecha la opción ... que conveniente para la aerolinea que despues no te deja abordar si no adquieres el billete del día del vuelo que, obviamente, es el triple de caro-. Muy mal el sistema, la gestión, la gente del call center que jamas te lo advierten. y muy mal la aerolinea que nos envio a una señora para echarnos del aeropuerto si no nos decidiamos qué hacer .... con los niños ahi!. Nunca más Vueling, siempre encuentran que es lo mejor para ellos y no para el viajero."
335,Desconocido,Seville,Tenerife,Domestic,enero de 2025,1,"Para denunciar. Viajé con mi familia de ida 5 personas, sin problema, avión y asientos incómodos y lo típico pero llegamos. Pero 2 días después a la vuelta, tuvieron averbooking y viajó de vuelta mi familia y me dejaron a mi, un domingo sin maleta ya que se facturó con mi familia y un domingo que no podía comprar nada todo cerrado y sin medicación. Encima tenían otro vuelo posterior y también con overbooking ya lo sabían horas antes y no avisaron o buscaron alternativas. Me tuve que quedar en un hotel alejado y en una zona sin servicios ni tiendas cercanas y el vuelo único disponible más de 12 horas después salía. Alas 6 de la mañana teniendo que ir a las 5 al aeropuerto. Perdí citas y tuve que reorganizar todo al día siguiente por culpa de esto, en el hotel solo me incluía agua en la cena y una botella. No pude comprar ropa debido a la distancia y al ser domingo todo cerrado. Todo esto lo hablé con el personal. Y habían muchas más personas que viajaban solas y no consultaron si alguien deseaba hacer el cambio por si a otra persona le compensa, a mí me obligaron y en el avión avían más que se hubieran quedado por lo que me dijo mi familia. Un desastre de aerolínea, debería. Pagar el triple por estos casos para que no lo hagan. . Como es posible que vendan más billetes que asientos, hagan checkin o no, es ilógico. Igual que separar a una familia que de ida fuimos todos y de vuelta no todo en la misma reserva. Voy a reclamar a todas las entidades posibles daños y perjuicios, por el estrés, nervios y problemas que me hicieron pasar por no hacer ellos las cosas bien"
336,Desconocido,Paris,Tenerife,Europe,enero de 2025,1,Excesivamente estricto y mal educado el azafato que revisa la documentación. Me hizo pagar 60€ o no me dejaba viajar. En la ida fui con la misma maleta de cabina pequeña y no la pagué.
337,Desconocido,Berlin,Barcelona,Europe,enero de 2025,5,"La verdad es que Vueling es mi compañía para prácticamente vuelos europeos siempre es la primera opción. Recalcar en especial énfasis en el piloto del vuelo, que hizo un trabajazo de 10 y con una comunicación excelente. La verdad que fue un vuelo muy tranquilo y con un aterrizaje que ni se noto apenas. De todos los vuelos que he tenido a lo largo de los años, nunca he tenido ningún problema con ellos."
338,Desconocido,Santiago de Compostela,Barcelona,Domestic,enero de 2025,1,Es una verguenza miren el estado de las maletas a la llegada a Ginebra. Despues de cobrarme 360€ por utilizar las maletas de easyJet de 45 x 36 x 20
339,Desconocido,Las Palmas de Gran Canaria,Barcelona,Domestic,enero de 2025,5,"TUVE UNA BAJADA DE TENSION, LIPOTIMIA Y EL PERSONAL DE LA TRIPULACION, ASÍ COMO 3 ENFERMERAS QUE VIAJABAN DE TURISTAS Y LA PERSONA QUE SE ENCONTRABA A MI LADO, FUERON UNOS ANGELES. TRATO PROFESIONAL, RÁPIDO Y HUMANO."
340,Desconocido,Alicante,Palma de Mallorca,Domestic,enero de 2025,1,Son unos ladrones con el tema maletas Llevar cuidado con la pagina web He visto como han cobrado 60 euros a media avión por maletas que son pequeñas y de mano Y haciendo que el vuelo salga más tarde Solo por ir cobrando maletas de mano a las personas Llegando tarde a mí destino Cuando en la web no especifica bien Para ella de mano es un bolso que puedes poner debajo de tu asiento Mucho cuidado Valen más las trabas que te ponen que el vuelo No tiene hojas de reclamaciones.....nada Juegan con las personas está compañía Desaconsejable totalmente al lado de otras de los cost
341,Desconocido,Lisbon,Bilbao,Europe,enero de 2025,1,"El vuelo lo contratamos en noviembre Elegimos un vuelo directo a la vuelta: 26 de abril Está semana nos han informado de que ese vuelo ya no existe. Solo nos ofertan un vuelo con conexión a un horario que no nos viene bien. No hemos recibido ninguna explicación satisfactoria de qué es lo que pasa. Las razones aducidas vía telefónica son de risa y vía online nos dan una respuesta standar que ni explica nada ni,desde luego, supone asumir alguna culpa y ofrecer alguna compensación. No es la primera vez que tenemos problemas con esta compañía y la sensación es siempre la misma: indefensión total. Es una injusticia. Ya es hora de que alguien intervenga y aplique una ley justa con todas estas compañías aéreas."
342,Desconocido,Tenerife,Granada,Domestic,enero de 2025,1,"Pido el importe mal cobrado por la compañía, me cobraron por un bulto de equipaje de mano que estaba dentro de las medidas de la compañía, mi pareja llevaba dicho bulto y yo mi bolso pequeño de mano. La contestación de la compañía es que yo llevaba los dos bultos, no siendo cierto, por lo cual cobraron los 60 €. Como usuaria de esta línea aérea, me siento desprotegida y sin derechos."
343,Desconocido,Barcelona,Amsterdam,Europe,enero de 2025,1,"Pesimo servicio, el tema de la maleta de mano ambiguo, en general muy mala la experiencia, en lo posible eviten volar con vueling"
344,Desconocido,Malaga,Barcelona,Domestic,enero de 2025,1,"Es lamentable cómo esta aerolínea trata a sus pasajeros. No hace falta realizar una descripción muy extensa sobre lo acontecido, con solo ver las fotografías alcanza para entender cómo han destrozado con ensañamiento mi maleta en el aeropuerto de Barcelona. Lo preocupante es la pésima y desinteresada atención que me ha brindado Vueling luego de este gran percance. En primera instancia, la persona que me tomó el reclamo en el aeropuerto de Barcelona me ha tratado de una manera incivilizada, un señor descortés que actuaba como si me estuviese haciendo un favor. Poniendo en duda la veracidad del estado de la maleta. Estaba como pasajero en tránsito, al otro día debía tomar un vuelo con destino a otro país (previamente nos comunicaron que pasaríamos la noche en Barcelona porque perdimos la conexión con el siguiente vuelo debido a un retraso exacerbado de VUELING) y no ""pudieron"" subsanar el gran error que cometieron restituyéndome una nueva maleta en ese momento. Luego de insistir durante horas vía telefónica, una señora con modales gentiles (me alegra haber conocido a alguien afable en la empresa) me gestionó el trámite para solicitar una compensación económica, ya que debía comprar una maleta de manera urgente (en cuestión de horas tenía mi próximo vuelo). Ante mi asombro, 48 h después me han depositado 50 euros. La maleta en cuestión, la que ha sido destratada y destrozada por la aerolínea VUELING tiene un costo de alrededor de 100 euros. El reintegro que me han hecho solo cubre la mitad del precio de la maleta que VUELING despedazó. Por supuesto, que ante mi nueva insistencia sobre la escasa compensación económica, no recibí respuesta alguna por parte de la empresa, solo indiferencia y la absurda explicación de que estos accidentes suceden con frecuencia en todos los aeropuertos. NUNCA VÍ UNA MALETA TAN DESTROZADA EN UN AEROPUERTO, LO DE VUELING ES DESHONROSO E INDIGNANTE. Adjunto al texto se pueden observar las fotografías del estado deplorable en el cual recibí la maleta, y un ""parte de irregularidad de equipaje"" que emite la empresa ante estos acontecimientos con los datos del incidente."
345,Desconocido,Barcelona,Palma de Mallorca,Domestic,enero de 2025,1,"He pagado con la aplicación e Dream premium además he pagado para boarding priority y al hacer cheek in en las pantallas de vueling self service me dieron una asiento al final del avión. Dónde deberían sentarse los del grupo 3. Aunque he entrado con los del grupo 2, ellos se han sentado en los asientos más cercanos de la entrada del avión. Tengo prisa en bajar porque tengo más compromisos por esto he pagado priority boarding y no para estar en el asiento 32 y saliendo casi la última y tardar más de lo que debería."
346,Desconocido,Barcelona,Vienna,Europe,enero de 2025,1,"Vueling no están entrenados para tratar con personas de asistencia , pude presenciar como encima le preguntan a la persona si está enferma ? Fuera de que tenía un perro de asistencia con todos sus papeles y certificados fueron hasta discriminados por ser una pareja hay y la perra de que siempre ha sido aceptada en airfrance,KLM etc denegada causa dole un ataque y teniéndose que ir a la clínica sagrada familia , está empresa es una vergüenza y sus empleados unos cómplices que hacen todo por sacarle dinero a las personas lo sabré yo que volaba ese día y pude ver todo ."
347,Desconocido,Barcelona,Malaga,Domestic,enero de 2025,1,"Vueling son unos aprovechados con las maletas. Aunque sean pequeñas y les demuestres que estan incluidas, solo que se exceda algunos cm (45x20x30 en lugar de 40x20x30) te van a cobrar 60€ x maleta/trayecto. Así que te puede costar más facturar las maletas (aún siendo de cabina) que el vuelo. Por si fuera poco, reclamas (proponiendo que sea compensando con saldo para volar) y extrañamente te dicen ""una pieza de equipaje debe ir delante del asiento delantero"" (precisamente el nuestro cabe) acabando con el famoso salvaguarda de ""se ajusta a nuestras políticas""."
348,Desconocido,Barcelona,Seville,Domestic,enero de 2025,1,"Son lo más rastreros k hay ,no volveré a coger esta compañía,me da igual si pago más ,ahora después de una sanción por no dejar subir maletas ,siguen igual ,nos tratan como memos ,"
349,Desconocido,Valencia,Paris,Europe,enero de 2025,1,Las encargadas del embarque me desaparecieron dos bolsos y además tuvieron un trato pésimo hacia mí y el familiar que iba a presentar la queja.
350,Desconocido,Santiago,Barcelona,International,enero de 2025,1,"Nota: SCQ-BCN Pago el 100% más para el ""bundle"" Fly Grande, y Grande es el Timo que te cuelan. Fly Grande permite cambios ilimitados pagando sólo la diferencia de precio del vuelo. Pero intento hacer un cambio y el sistema insiste en intentar clavarme 66 euros por el cambio. He hablado con tres agentes: 1) Milena. Reconoce que es un error y no debería pasar. Mande captura, lo hago. Espero en línea mientras habla con ""un supervisor."" Me cuelga. 2) Noe. Respuesta: ""Si eso es lo que le sale en pantalla, eso es lo que tiene que pagar."" Díganme si no es para partirle la cara. 3) MariCarmen. Mande captura otra vez. Efectivamente es un error, no debería cobrarle el cambio. Para colmo, si lo quiero hacer por teléfono sin pagar el cambio, la diferencia de tarifa no es la misma que me sale a mi en pantalla. La que me citan ellos, por supuesto, es mayor. Ver capturas."
351,Desconocido,Lanzarote,Barcelona,Domestic,enero de 2025,1,"La peor aerolínea de todas. Vuelo que cogemos, vuelo que se retrasa o se cancela. Un dolor de cabeza. Deberían reducir las esperas"
352,Desconocido,Madrid,Barcelona,Domestic,enero de 2025,5,"Llegué sin haber hecho el check in , salía de trabajar para irme de nuevo , super agobiada y encuentro en atención al cliente en Barajas a una maravillosa trabajadora , Isabel , con mucha paciencia y esmero ,me atendió, me dio mi tarjeta de embarque y su amabilidad me alegro el día tan cansado que llevo , la verdad , atención al cliente es un área difícil , y la verdad el trato de esta trabajadora es sobresaliente."
353,Desconocido,Alicante,Tenerife,Domestic,septiembre de 2024,4,Nunca había viajado con Vueling antes pero aún así todo fue bastante bien y volvería a viajar con ellos. El vuelo ni se retrasó ni hubo problemas con alguna cosa y si algún día llega a pasar tampoco me quejaría porque son cosas que pasan y tampoco soy alguien que le desearía de todo solo con un simple fallo. Los asientos estaban bien lo que claro yo mido 2 metros y llega un punto que me duelen las rodillas porque me aprietan en el asiento de delante pero eso no es algo tan negativo realmente. Por lo demás todo genial y os deseo lo mejor.
354,Desconocido,Malaga,Paris,Europe,noviembre de 2024,1,"Cancelaron el vuelo por tema climático, pero mi disgusto con la compañía va más haya de esa situación ya que la comprendo mi queja va en varias cuestiones, la primera las malas formas de atendernos ya que un compañero de la compañía de Iberia nos habló fatal tanto a mí marido como a mí cuando nosotros en ningún momentos tuvimos malas formas, luego nos engañaron ya que nos dijeron que por ese tipo de cancelación nos podían ofrecer dos soluciones una un vuelo 3 días después que como era lógico no lo queríamos ya que si lo aceptábamos ibamos a disfrutar de una sola mañana en nuestro destino y la otra solución era devolvernos el dinero de nuestro vuelo, todo esto lo debíamos solicitar mediante su página web y así lo hicimos... Una semana después recibí un correo diciendo que no nos correspondía compensación pero no nos hacía referencia sobre el dinero de los billetes, volví a enviar un correo reclamando ese dinero y a día de hoy sigo esperando respuesta... Ya no es por el dinero porque la verdad hablando de la compañía que hablamos no fue una gran cantidad es solo por el mal trato y la poca profesionalidad de una compañía de está nivel..."
355,Desconocido,Malaga,Madrid,Domestic,enero de 2025,2,"No llegue a viajar porque mientras hacia la reserva del vuelo en la página web de vueling no paraban de salir pantallas de publicidad ofreciendo extras para el vuelo, tenías que clicar aunque sea la opción de no aceptar para poder continuar con la reserva. Llegúe a la plataforma de pago, meto la targeta y acepto el pago en la plataforma del banco y en vez de salir la pantalla de confirmacion de reserva me sale que lo sienten que el vuelo ha cambiado de precio. Si estoy en proceso de reserva con el vuelo seleccionado y todo cómo es posible que no se me mantenga el precio mientras hago el proceso de compra. Son unos piratas y unos estafadores... No recomendable si hay otras aerolineas que cubran la misma línea son preferibles. Ni en Ryan air me ha pasado esto y eso que es una low cost que tiene también malas valoraciones pero al menos completas la reserva sin incidencias una vez que seleccionas el vuelo que quieres y comienzas a poner tus datos"
356,Desconocido,Alicante,Palma de Mallorca,Domestic,enero de 2025,1,"Suelo viajar mucho con Vueling ya que por motivos familiares desde hace más de dos años tengo que viajar más de dos veces al mes. Es lo más normal que existe algún retraso, pero lo que no es normal es lo que me sucedió el 19 de Diciembre. Nos llegó una hora antes de la salida del vuelo un correo indicando que el vuelo contaba con retraso y desde ese momento no se supo más, en la aplicación todo el tiempo se quedó en ""Vuelo programado"" y nadie nos informó de nada. Toda la información que pudimos obtener fue a través de las pantallas de AENA. Lo que se suponía un retraso fueron cerca de 5 horas en las que estuvimos tirados hasta casi las 2 de la madrugada. Cabe recalcar que fuimos el único vuelo que sufrimos l situación, por lo que no hubo ni problemas meteorológicos ni huelga de controladores ni nada similar. El piloto cuando subimos nos dió la primera explicación de la noche que no era ningún situación extraordinaria. La sorpresa vino cuando pongo la reclamación y me la deniegan por una situación extraordinaria amparándose en el artículo. He intentado ponerme en contacto con Vueling para que me den una contestación y es IMPOSIBLE. Todos los formularios con los que cuentan en la web están tan acotados que es imposible ponerse en contacto. Claro nada creado al azar, ya que obviamente está hecho para que la gente se conforme con la contestación y desista. Sinceramente, no me esperaba esto de una compañía como Vueling."
357,Desconocido,Paris,London,Europe,enero de 2025,2,"El vuelo de Londres a Paris fue excelente , pero el retorno Paris Londres fue realmente malo , el personal en tierra fue demasiado rudo , no respetó mi grupo número 1 de embarque , la chica que estaba haciendo el embarque solo se limitó a molestarme a mí y a mi familia que viajaba conmigo, dejó pasar a otros grupos sin prioridad de embarque antes que a mi , ella se veía de muy mal humor y estaba pagando su mal humor con los pasajeros , creo que nos deben respeto y de igual manera pagamos por un servicio de prioridad de embarque que no cumplieron y fuimos maltratados por esta señorita. La tripulación a bordo fue muy amable."
358,Desconocido,Paris,Barcelona,Europe,enero de 2025,1,"Perdí el vuelo, llegué a la puerta de embarque 20 minutos antes de la hora de despegar y practicamente cerraron la puerta en mi cara, los empleados de vueling no fueron cordiales y no me permitieron abordar porque son muy ""puntuales"" y simplemente me dieron la espalda, el avión estuvo varios minutos en el mismo lugar, facilmente hubiera podido entrar al avión. Luego de esto tuve que comprar el próximo vuelo, basante costoso, pero en este caso la ""puntualidad"" de la que tanto me hablaron para no dejarme subir a mi primer vuelo se esfumó, en este segundo vuelo era la hora del despegue y apenas empezaban a abordar los del primer grupo. Si yo llego justo a tiempo no me permiten abordar pero si la aerolinea tienen un retraso ni disculpas dan, ninguna frase ni explicación fué dada por los pilotos ni por las azafatas. El sistema de entregar el equipaje también es bastante lento, se supone que uno hace el check-in online para evitar hacer la fila, con vueling entregar el equipaje es mas lento que hacer la fila para el check-in, es mil veces mejor la facilidad y rapidez de Ryanair."
359,Desconocido,Bilbao,Alicante,Domestic,enero de 2025,1,"Viajo con frecuencia de Bilbao a Alicante y dado que esta ¿empresa? tiene prácticamente el monopolio de este vuelo no me queda mas remedio que tragar, con sus precios low cost de boquilla , pero mas caros que volar con las mejores, con varios vuelos a este destino desde Bilbao, pero misteriosamente todos excepto el de primera hora de la mañana vía Barcelona, por donde no me da la gana de ir en absoluto para al final tardar mas que en coche y pagar el triple. Que alegría sería que otra compañía tomase esta ruta para poder decirles adiós para siempre, cosa que espero ocurra pronto."
360,Desconocido,Bilbao,Alicante,Domestic,diciembre de 2024,2,"Siempre nos regalan alguna sorpresa , en este caso en el viaje de ida desde Bilbao y después de guardar las filas correspondientes, en este caso la 1 de embarque preferente, que non se para que sirven, nos bajan a una sala donde al cabo de un rato llega un autobús , se llena pero sigue parado, viene otro y curiosamente arranca antes que el nuestro hacia el avión, llegamos al final de la plataforma de espera, esta diluviando, el segundo autobús descarga sus pasajeros que comienzan al embarcar , nosotros esperando a que nos abran la puerta, el chofer ha desaparecido y al final nos abre el otro conductor, sigue diluviando y la cola en la única escalera de acceso esta colapsada , con una mojadura de miedo por fin llegamos a nuestros asientos en la fila 1 y vemos que no podemos dejar el equipaje de mano porque no hay espacio para ello, es una costumbre que cuando no se respetan los turnos de embarque pasajeros caraduras de las últimas filas dejen su efectos nada mas entrar en el avión para evitarse recorrer el pasillo con ellos con el visto bueno del personal de a bordo, al final la amable auxiliar nos hace hueco un poco mas atrás y nos coloca nuestro equipaje que antes de desembarcar amablemente nos volvió a traer. El vuelo de vuelta fue también genial, llamada para colocarnos en las filas correspondientes y media hora de pie esperando a pasar, luego nos enteramos de que había retraso, cosa que nadie nos avisó, otro cuarto de hora antes de acceder al finger, había una puerta cerrada y nadie dio explicaciones. Por fin despegue y aviso del amable comandante de que salíamos con retraso por motivos de viento sur y turbulencias en Bilbao, vuelo rápido y aterrizaje movido pero perfecto efectuado por un buen profesional."
361,Desconocido,Barcelona,Milan,Europe,enero de 2025,1,Estamos ponendo una denuncia a nivel internacional por estafa de parte de Vueling. Cuando añades una maleta a un vuelo ya reservado te aparece un importe que al final cuando lo cargan en la tarjeta es mayor. Esa ya es la segunda vez. La primera vez me pasó hace mes; estuvimos escribiendo a Vueling y nunca nos contestaron. Ahora denunciaremos todos a Aena y a las autoridades internacionales porqué es un ROBO. Atención a los de más y si ha pasado a otros podemos poner una class action. Silvano
362,Desconocido,Granada,Barcelona,Domestic,enero de 2025,2,"No he podido cancelar mi vuelo porque me decían que tenía que hacerlo con el seguro contratado, pero en el seguro me decían que tenían que hacerlo desde Vueling. Total que nadie se ha hecho cargo y he perdido mi dinero sin poder usar el vuelo si quiera."
363,Desconocido,Barcelona,London,Europe,enero de 2025,1,Peor aerolínea. En los últimos 6 meses he tenido dos vuelos en los que se ha estropeado el avión y he tenido que desembarcar para volver a embarcar. Comunicación por parte del personal nula. La gente tenía que traducir todo a aquellos que no entendían el español y encima nos han hecho pasar el control de seguridad por segunda vez haciendo colas de 30/45 min. HORRIBLE.
364,Desconocido,Bilbao,Porto,Europe,enero de 2025,1,"La peor aerolínea del mundo, engañosa y pésima atención al cliente. Me compre unas maletas especiales de la media 40x20x30 para viajar como equipaje de mano con mis niños pequeños, siempre viaje sin problemas y nunca me pusieron pegas. Ayer en mi vuelo Bilbao-Oporto me tocaron una personas muy desagradables que me hicieron pagar 60€ por cada maleta de las medidas que anuncia la compañía y por las cuales nunca me pusieron pegas. Entraba sin proble y no sobre salía un asa, lo cual permite perfectamente colocarla debajo del asiento que es lo que piden y correspondía con las medias. Me tocó un chico súper desagradable que nos trató fatal y se burlaron de nosotros con tono prepotente y de superioridad delante de mis hijos casi hasta llorando. Lamentable!"
365,Desconocido,Barcelona,Santa Cruz de la Palma,Domestic,enero de 2025,1,"Tengo segunda residencia en la isla de la Palma y el único vuelo que sale una vez a la semana lo tiene Vueling. Estos vuelos salen mucho mas caros que si te vas a Alemania y luego a La Palma, pagando dos aviones (excepto en invierno que no sean navidades). Ahora, además, solo sale al a las 6.15 AM. Así que he decido que no volveré a volar Vueling por el maltrato a los ciudadanos palmeros y a aquellos que nos desplazamos con cierta regularidad por ocio o por trabajo. La verdad es que os odio bastante. Lo que no entiendo es porqué os llamáis LOWCOST, si en muchas ocasiones me cuesta mas barato volar al sudeste asiático, a Usa o la Republica Dominicana que a la isla de la Palma, 2.500 kms desde Barcelona."
366,Desconocido,Barcelona,Munich,Europe,enero de 2025,1,"Reservé un vuelo con vueling, me solicitaron que aceptara un cambio en el vuelo lo que no vi porque aparece en tamaño minúsculo es que cambiaron también la fecha, acepté el nuevo horario. Ahora veo el cambio de la fecha del vuelo al día siguiente, día en el que no puedo viajar. No me permiten realizar modificaciones en el vuelo a pesar de que el error de ofertar unos vuelos que no pueden asumir haya sido suyo, ME OBLIGAN A PAGAR POR UN NUEVO VUELO. Son unos sinvergüenzas. De verdad, evitad usar esta compañía."
367,Desconocido,Las Palmas de Gran Canaria,Rome,Europe,diciembre de 2024,5,"El 31 de diciembre viajaba a Roma vía Barcelona con Vueling. Ni que decir tiene que es una de las peores compañías de bajo coste en las que he viajado. Llevo intentando solucionar un problema con el registro de mi nombre en la App pero ha sido imposible lograrlo incluso después de haberlo solicitado por escrito y hablado con varios operadores por teléfono. Ello me causa un problema serio y es que me es imposible hacer el check in online. Ya lo he dado por imposible debido a la más que demostrada incompetencia de esta aerolínea. Por ello acudí el pasado 31 de diciembre a las 5:30 h al mostrador de facturación de Vueling en Las Palmas de Gran Canaria, llevándome una grata y enorme sorpresa al ser atendido por un señor llamado Yeray que pese a mi actitud muy nerviosa y algo borde (normalmente el personal que me ha atendido suele ser poco amable y dispuesto a ayudar en problemas) tuvo la enorme amabilidad, paciencia y buen humor hacia mi persona, escuchando el problema de check in online y solucionándomelo, haciendo la facturación de todos los vuelos, incluido los de regreso a Canarias desde Roma, imprimiendo todas las tarjetas de embarque y seleccionando Buenos asientos en todos los trayectos. Lo cierto es que le agradezco enormemente a Yeray el trato amable y tan profesional que me dispensó. Si Vueling tuviera más personal como Yeray, seguramente sería una mejor aerolínea."
368,Desconocido,Ibiza,Barcelona,Domestic,diciembre de 2024,1,"La peor aerolínea del mundo. Página web que induce la error para que pagues de más. Horrible con niños, no respetan nada."
369,Desconocido,Barcelona,Tenerife,Domestic,diciembre de 2024,2,Pésimo vuelo por tema de limpieza medio avión de pasajeros estornudando y con irritación por culpa de la falta de higiene . 3 horas 20 minutos interminables una pesadilla.
370,Desconocido,Alicante,Barcelona,Domestic,enero de 2025,2,"Recientemente he coincidido con una azafata en tierra, en la puerta C39 hoy en el aeropuerto de Elche. Se ha dirigido a mí y a mi madre mayor de una manera muy hostil, zafia y con muy poca educación. No me he fijado bien en su nombre pero es rubia, de mediana estatura. Soy pasajera habitual, me han medido la bolsa porque ella “auguraba” que no cabía, obviamente no ha sido así. Es una vergüenza el desprecio con el que nos ha tratado, lo mínimo que pedimos es educación ya que todos los viajes no son de ocio y no saben las circunstancias de cada uno…. EMPATÍA. No deberían trabajar cara al público personas así, días malos tenemos todos pero la educación es lo primero. Gracias y disculpad todos los demás que en el viaje habéis sido geniales."
371,Desconocido,Las Palmas de Gran Canaria,Madrid,Domestic,diciembre de 2024,1,"Iba con mis dos hijos con maletas de cabina con medida estándar (55x40x20) y nos cobraron 60 euros por maleta de cabina, en total 180 euros, nos costó más que el billete. Las maletas fueron en cabina. Un abuso total, desproporcionado y no puedes hacer nada- o pagas o te dejan en tierra. Te tratan mucho peor que cualquier otra low cost."
372,Desconocido,London,Santiago de Compostela,Europe,diciembre de 2024,1,"cancelacion 28 /12, , cancelo el vuelo ese mismo dia y nada , tengo que llamar a un 902 para que me reembolsen, aun asi me tienen 8 minutos nunca funcionan bien los sistemas"
373,Desconocido,Barcelona,Nice,Europe,octubre de 2024,1,"Tuve una experiencia muy decepcionante con Vueling. Además de un trato poco profesional por parte del personal, me cobraron 60 euros de forma indebida por un equipaje que cumplía con las condiciones establecidas y la compra de dos prendas en el aeropuerto de Barcelona. Intenté aclarar la situación, pero la atención al cliente fue pésima y no ofrecieron ninguna solución razonable. Es inaceptable que una aerolínea de esta categoría abuse de los pasajeros con este tipo de prácticas. Si estás planeando viajar, piénsalo dos veces antes de elegir Vueling. Merecemos un servicio más honesto y respetuoso como clientes. Ni volveré a viajar con vosotros ni siquiera se lo recomiendo a mi peor enemigo esta compañía."
374,Desconocido,Alicante,Las Palmas de Gran Canaria,Domestic,diciembre de 2024,1,"Habiéndome adjudicado el asiento 16 F por viajar con mascota, en el vuelo VY 3200, destino GC, solicito en facturación me faciliten una fila, en dónde pueda colocar el transportín en el asiento contiguo, ya que el perro es muy pequeño y asustadizo, y según la ley de bienestar animal, hay que garantizar en todo momento que vaya confortable. Me reordenaron en la fila 32F, ya que la mascota tiene que ir por ventanilla. Resulta que en esta fila no hay dicha ventanilla, y después de llevar el transportín a mi lado, y a falta de media hora para la llegada, una azafata mal encarada, me obliga a bajarlo al suelo. Le intento explicar que me lo facilitaron en facturación, y sin dejarme hablar, y repitiendo continuamente la misma frase, lo he bajado por evitar un mayor conflicto. Quiero expresar mi inconformidad con esta absurda norma, que ya no solo es que el billete de la mascota sale el doble de caro, sino que encima tenga que ir en el suelo como si fuera un objeto, y sin la menor contemplación por parte de las auxiliares de cabina.Despues de tres horas, mi perro, un pequeño chiwawa de dos kilos, llegó exhausto y con el pelaje empapado, ya que el suelo despedía mucho calor. No entiendo que en la ida a Alicante se me permitiera llevarlo al lado, para ponerle el aire, y fuera más confortable, y sin embargo a la vuelta, y por culpa de una azafata mal aspectada, no pudiera hacerlo. Mejor que se coordinen, los auxiliares prepotentes del avión con los de facturación, que en todo momento han sido muy respetuosos con mi mascota, para evitar que seamos molestados los usuarios de una manera tan absurda."
375,Desconocido,Barcelona,Istanbul,Europe,diciembre de 2024,1,"El supervisor de facturación era un hombre que mal trataba a toda la gente ,después todo que pasó antes de subir al avión y yo decidí facturar 2 mochilas para poder subir el avión el no nos dejó a pagar aunque mi otra hija estaba dentro de avión con mi mochila y tenía que subir a cambiar su mochila con la que estaba conmigo porque yo no me dejaron pagar y subir al avión ,así perdimos yo y mi hija de 9 años llorando el vuelo y teníamos que coger otro vuelo en mismo día con escalas de 16 horas para poder llegar a Istanbul que mi marido nos estaba esperando .es una aerolínea que no respeta nada a personas y comporta en una manera inhumana con especialmente extranjeros .es perder dinero y tu paz y tranquilidad volar con aerolínea Vueling ."
376,Desconocido,Bilbao,Malaga,Domestic,diciembre de 2024,1,"El personal del aeropuerto majisimo, quizas debarían de un pequeño curso de comportamiento al personal de vueling,nos trataron a nosotros(despues de pagar 282eu por el billete) y todos los pasajeros extremadamente mal, encima se dedicaron a cobrarnos a todos 120euros más por la maleta, yo llevaba la pequeña de cabina como todo el mundo, han hecho más pequeño el hueco para meterla ,ahora entra una pequeña billetera , son unos sinvergüenzas, le puede pasar a una persona pero no a todos los pasajeros, vueling está haciendo el Agosto robando a sus pasajeros, ya está a la altura de Ryanair, las 2 peores opciones para volar sin duda"
377,Desconocido,London,Bilbao,Europe,diciembre de 2024,1,No pudimos aterrizar en Bilbao y nos desviaron a Barcelona. No ha aparecido nadie de Vueling para darnos explicaciones. No hay opción de vuelo alternativo solo un bus de 6-7 horas. Una auténtica vergüenza.Esto no lo llamo atención al cliente. Totalmente dejados a la mano de Dios.
378,Desconocido,Palma de Mallorca,Barcelona,Domestic,diciembre de 2024,1,No es acceptable que vuelen SIEMPRE con retraso. Muy poca seriedad al respecto y recomiendo encarecidamente volar con cualquier otra aerolínea siempre que exista la posibilidad
379,Desconocido,Bilbao,Lanzarote,Domestic,diciembre de 2024,1,"Vuelo Bilbao - Lanzarote 7h de la mañana Pagamos dos billetes con maletas 40x20x30 Más 100€ por llevar una tabla de surf en la bodega ( aparece la funda agujereada) y nadie responsable ni Bilbao ni en Lanzarote! Y en el embarque nos tratan con chulería, y prepotentencia teniendo que pagar 60€ más para poder volar MI Maleta cumplia su dimensión! Una hoja de reclamaciones estoy esperando, y no No vuelo más con vosotros Haceros responsables, y dar la cara Por esos impresentables que tenéis como trabajadores"
380,Desconocido,Barcelona,Paris,Europe,diciembre de 2024,1,Llegamos con mi familia media hora antes del cierre del embarque y no nos dejaron subir porque decían que no hacíamos a tiempo. Íbamos con una niña pequeña y tuvimos que esperar 8 horas en el aeropuerto para tomar otro vuelo y pagarlo. No nos reconocieron nada y tuvimos que pagar el viaje dos veces. Un desastre
381,Desconocido,Palma de Mallorca,Bilbao,Domestic,diciembre de 2024,1,"Trato pésimo del azafato de la puerta de embarque, mal educado. Además volvió a cobrar la maleta enseñándole el recibo del banco.. con Vueling siempre pasa algo"
382,Desconocido,Tenerife,Seville,Domestic,diciembre de 2024,1,"Una pu** mier** de compañía en serio es la peor de todas de verdad cualquiera antes q esta, nos perdieron los equipajes, dejaron a la mitad de pasajeros fuera, seguimos sin equipajes una semana más tarde y encima de bordes y malas personas q son no tienen ni pu** idea de NADA"
383,Desconocido,Alicante,Barcelona,Domestic,noviembre de 2024,1,Llevo 2 horas para comprar billetes. Al tener descuento familia numerosa no me deja pagar.sin embargo quito el descuento y me acepta el cobro. Me parece lamentable que presuman de algo que finalmente no realicen. Presumen de ayudas a familias y realmente solo es marketing.
384,Desconocido,Palma de Mallorca,Bilbao,Domestic,diciembre de 2024,1,"La peor compañia de aviones del mundo. Nunca mas volaré con ellos. Llegamos a Bilbao y dicen que por turbulencias no pueden aterrizar y nos mandan de vuelta a Mallorca. No me cabe en la cabeza que no se pueda aterrizar en otro aeropuerto mas cercano, ni mucho menos que no se pudiera aterrizar en Bilbao si Aena confirma que a la misma hora muchos otros vuelos de otras compañias si han aterrizado. Estos aviones son defectuosos, se caen a piezas y a la compañía no le importa nada lo que ocurra con sus pasajeros. Las supuestas opciones que nos dan son coger otro vuelo al dia siguiente con una escala de 10h en Barcelona o esperar dos dias mas.... Tenemos un compromiso mañana, ninguna de esas opciones nos vale. Un servicio realmente pésimo."
385,Desconocido,Santiago de Compostela,Barcelona,Domestic,diciembre de 2024,1,"Conocía la mala fama de VUELING, labrada tras décadas de actitudes irrespetuosas con sus clientes, y ya anteriormente había tenido malas experiencias con ellos. Pero la felonía (sic) que perpetraron con motivo del no-vuelo de regreso desde Barna el dia 12/12/24 desbordó el vaso y me invita a no volver nunca con esa compañía. En sintesis: vuelo Barna-Santiago (260€ aprox.), programado para las 21:40 h del 12/12, jueves. La noche, a esa hora apacible tras un día tormentoso. Una hora antes del vuelo anuncian por sms que se cancela, “por circunstancias meteorológicas”, seguido del ofrecimiento de vuelo el sábado, dos dias después. Intento contactar con ellos por varias vías, incluída la web de reclamaciones, sin éxito. La web no funciona: rechaza los datos bajo la falsa excusa del “ups”… se equivocó de vuelo. Todo fue consciente y deliberadamente falso: no había ningún problema meteorológico para operar (como lo prueba el hecho de que los vuelos inmediatamente precedentes y posteriores, a escasos minutos algunos, volaron sin problema), lo mismo que el bloqueo de la web y la consiguiente inaccesibilidad y desamparo de sus victimas. Al final me tuve que buscar un hotel en Barcelona, cenar y pernoctar alli a mi costa, y conseguí volar de regreso a la mañana siguiente gracias a que (una vez más) RYANAIR estaba ahí, asiento en pasillo fila 3 por 84 €, y por supusto despegamos con puntualidad británica a la hora exacta. La conclusión: viajar con VUELING es un error, pasa por quedar expuesto a que repentinamente decidan que les conviene más dejar un avión en tierra o cambiarle la ruta que los derechos y expectativas de sus clientes. No les importamos nada, somos solo 260 fichas en un tablero que se creen con derecho a moverlas a su antojo y para su provecho. El reembolso (que por cierto es imposible de gestionar en su esotérica web) no cubre ni el coste ni el disgusto de perder un vuelo tan estúpidamente. Tampoco les supondria un problema en su cálculo de coste beneficio. Deberían ser sancionados severamente con la pérdida de rutas. Gracias a RYANAIR por su fidelidad. Conduciré a Vigo en adelante solo para coger sus vuelos y eludir VUELING. Nunca más."
386,Desconocido,Barcelona,Almeria,Domestic,diciembre de 2024,2,"He volado muchas veces con esta aerolinea, pero el dia 9 de diciembre, estuvimos 50 minutos para realizar el embarque en Barcelona, y al entrar en el avion y comentarlo con una auxiliar de vuelo, me dice que la culpa es nuestra ya que somos muy lentos...increible. Ya le dije q el embarque lo tenian q organizar ellos de manera que las últimas filas embarcan primero para no dificultarnos unos a otros. En fin un desastre"
387,Desconocido,Malaga,Bilbao,Domestic,diciembre de 2024,1,Nos anularon el vuelo de regreso y la única opción viable era coger otro vuelo y pasar todo el día de escala en otro aeropuerto. Ademas habia un vuelo a nuestra ciudad de destino antes pero no nos lo ofrecieron....
388,Desconocido,Barcelona,Palma de Mallorca,Domestic,diciembre de 2024,1,"Son unos estafadores. Te cobran hasta por respirar. Y van de low cost, ir de bcn a mallorca nos cuesta 700€ en temporada baja y tienen la poca vergüenza de cobrar las maletas de cabina a 60€!!! Y a eso añade pagar por el asiento!! Vaya que la broma se nos va a 1000€! Una vergüenza! Y lo Peor es que para ir a mallorca no hay mucha más alternativa. El personal muy desagradable. En fin, intentaremos no volver a comprar en vueling y no recomendarlo a nadie. Espero que la sentencia de cobrar el equipaje se confirme y les multen cuanto antes. Y encima siempre con retraso. En fin, pésima experiencia."
389,Desconocido,Barcelona,Donostia - San Sebastian,Domestic,diciembre de 2024,1,"Hoy hemos llegado 5’tarde al embarque, y aún estando avisados de que había 2pasajeros en lanzadera llegando,no han tenido ningún detalle de darnos ni 5’. Hemos llegado a las 15’57, el avión salía 16’10. Lo peor ha sido ver como al llegar uno de los trabajadores ha hecho el gesto de que podíamos pasar y la chica que había (una borde) ha dicho que no, y así ha sido. No le ha dado la gana empatizar, una vergüenza que haya gente así."
390,Desconocido,Barcelona,Malaga,Domestic,diciembre de 2024,2,"- Maltratan y tiran las maletas cuando las meten a bordo (mi maleta rosa acabó super sucia y mojada) (tengo pruebas grabadas). - No dejan modificar o agregar una maleta de mano, tiene que ser pagando un pastizal. Sinceramente esta compañía no la recomiendo por el trato y los problemas que va dando cada vez, se aprovechan de la gente para cobrarles lo que quieran, sobretodo cuando les sobran asientos cobran a otras personas."
391,Desconocido,Rome,Seville,Europe,diciembre de 2024,1,"Me han cambiado el vuelo de vuelta a pocos días del vuelo de ida, encima me han cobrado 160€ por la misma maleta en Roma y en Barcelona, servicio pésimo, dan por entendido que lo sabes todo y no explican nada, encima desagradables, pésimo servicio, última vez de viaje con Vueling, engañan a las personas diciendo una cosa y cuando llegas es otra totalmente diferente"
392,Desconocido,Barcelona,Palma de Mallorca,Domestic,diciembre de 2024,1,"En el vuelo de ida no me requirieron el certificado de empadronamiento y en cambio sí que me lo requirieron en el de vuelta. Vueling me ha cobrado dos veces el mismo vuelo: una por no llamarme por megafonía a pesar de encontrarme dentro del aeropuerto en el vuelo del día anterior; y dos, por no dejarme viajar con el vuelo adquirido requiriéndome el certificado de residencia que no me había sido requerido en el vuelo de ida. Obviamente reclamaré mis derecho a través de la OCU."
393,Desconocido,Barcelona,Madrid,Domestic,diciembre de 2024,1,"Te hacen pagar el doble por la maleta de cabina, cuando veníamos de un vuelo de Londres con la misma compañía y en ningún momento nos informaron de eso. Aparte el personal de a bordo está hablando todo el rato entre ellas y haciendo bromas sobre otros pasajeros. Viajo bastante y nunca había visto ese comportamiento."
394,Desconocido,Seville,Menorca,Domestic,diciembre de 2024,2,"Mal, iba a poner buena reseña por el vuelo y lo demás, pero me perdieron la maleta un lunes y estamos a viernes y llamé dos veces a la agencia y me dicen que aún no la han localizado, como puede ser posible que no la encuentren, espero q la encuentren, si no voy a poner una denuncia y que me indemnicen por todo lo que perdí y tuve q comprar de nuevo."
395,Desconocido,Santiago de Compostela,Las Palmas de Gran Canaria,Domestic,diciembre de 2024,1,"Compañía de ladrones, son una manada de chorizos, con un billete con cualquier otra compañía te permiten una maleta de mano, en este caso me ha costado más la maleta (60€) que el billete en sí, es increíble como permiten esto AENA, de verdad encima que volar es caro quieren sangrarnos más, es increíble como se ríen de nosotros. Encima me la meten en bodega con mis efectos personales. Politica de viaje pésima. Jamás los volveré a coger"
396,Desconocido,Bilbao,Barcelona,Domestic,diciembre de 2024,1,"El vuelo no sale. Necesitamos ir a Paris un grupo de 20 alumnos y 5 familias y no dan solución. PESIMO servicio, arreglenlo sino me emcargaré yo."
397,Desconocido,Las Palmas de Gran Canaria,Bilbao,Domestic,diciembre de 2024,1,"Cada vez es peor el servicio a bordo , por no hablar de la limpieza inexistente de los cristales de las ventanillas donde los que vamos sentados alado siempre acercamos la cara y es insalubre como están .. no cogemos nada no se porque .. cada vez peor atención"
398,Desconocido,Malaga,Barcelona,Domestic,diciembre de 2024,1,"Me han perdido el equipaje, me lo han entregado sin ninguna compensación al día siguiente, totalmente dañado, agujeros en 3 esquinas y el asa extraible totalmente rota. Su respuesta reiterada es decirme que la maleta se puede usar igualmente para guardar cosas y para viajar, que esos roces no interfieren en su uso. El asa está totalmente rota y no se puede usar arrastrándola con las ruedas, si no tienes el asa elevada."
399,Desconocido,Palma de Mallorca,Barcelona,Domestic,diciembre de 2024,1,Me dejaron en tierra y pase 12h en el aeropuerto. Me prometieron una indemnización y ahora dicen que no me dan nada. Una vergüenza de compañía
400,Desconocido,Barcelona,Madrid,Domestic,noviembre de 2024,1,Incompetencia y falta de empatia en puerta de embarque. Les hize saber desde muy temprano tendría un vuelo internacional y por OVERBOOKING no me permitieron subir a pesar que insistí en mi vuelo internacional NO PODEMOS AYUDARTE fue su respuesta como consecuencia perdí el vuelo internacional además perdíeron mi equipaje en bodega. Me solicitan documentacion de mi maleta perdida y no tengo más respuesta En el app de vueling ya no reconocen mi NÚMERO DE CASO. A pesar que fui 2 veces a atención al cliente en Barcelona a detallar mi destino final y hasta el día de hoy vuelo perdido y equipaje perdido. Esta aerolínea brilla por su incompetencia y obliga a defendernos con abogados.
401,Desconocido,Venice,Barcelona,Europe,diciembre de 2024,1,"Supongo que para ser una compañia de bajo coste tambien repercute en la baja calidad del personal contratado. Que la empresa de transporte afecte negativamente a un viaje de placer me parece aberrante. No voy a dar detalles porque no quiero que mejoren, mejor se hunden y que entren otras compañias."
402,Desconocido,Malaga,Tenerife,Domestic,noviembre de 2024,5,"Mi agradecimiento a los auxiliares del vuelo VY 3274, del día 27 noviembre Málaga - Tenerife de las 6'45 hora. Siento no saber sus nombres para indicarlo aquí. Tras sufrir en medio del viaje un desmayo y perdida conocimiento. Ellos actuaron eficazmente en los primeros auxilios, sin dejarme en ningún momento. Todo fue atenciones y cuidados hasta que me vieron recuperada. Aún así, nada más aterrizar ya había una ambulancia. Michisimas gracias a todos. He viajado muchas veces con la compañía, y hasta el momento sin problemas."
403,Desconocido,Malaga,Barcelona,Domestic,octubre de 2024,1,"Viajé el dia de la Dana, 29 de octubre, estuvimos dentro del avión sin información de hora de salida mas de 5 horas. Se comprende por el caos del día. Lo que no se comprende es que Vueling me haya puesto excusas absurdas para no reembolsar ni el retraso, ni el vuelo de vuelta que perdí como consecuencia del retraso, ni los gastos de hotel por tener que hacer noche en Barcelona."
404,Desconocido,Palma de Mallorca,Barcelona,Domestic,diciembre de 2024,2,El personal cambia de lugar a los pasajeros sin su consentimiento para estar en la salida de emergencia..............
405,Desconocido,Rome,Palma de Mallorca,Europe,diciembre de 2024,1,"La peor experiencia,malo malo salió el vuelo con retraso,y al llegar a Barcelona tengo que toma otro vuelo a Mallorca,y la tripulación no nos ayuda en nada pido para salir unas de las primeras y me dicen que no, pido que llamen a donde tengo que embarcar para que nos esperen y me dicen que no pueden siendo el vuelo que tengo que coger de ellos de vueling,pésimo no lo siguiente no lo recomiendo a nadie correr por todo el aeropuerto de Barcelona para cojer el otro vuelo y con una ñina pequeña"
406,Desconocido,Barcelona,Lisbon,Europe,septiembre de 2024,1,El peor servicio al cliente de cualquier aerolínea que he experimentado. No escuchar al cliente y fue colgado dos veces por dos agentes de servicio diferentes.
407,Desconocido,Palma de Mallorca,Tenerife,Domestic,noviembre de 2024,1,"La peor aerolínea con la que lidiar. Personal deshonroso, grosero y poco profesional. No volaría con Vueling si me dieras boletos gratis."
408,Desconocido,Barcelona,Madrid,Domestic,diciembre de 2024,1,"La peor vía aérea de la historia no hay servicio al cliente, nadie ayuda en el aeropuerto no hay oficina y mi equipaje se pierde y nadie está allí ayudando al con el servicio de equipaje ya que la oficina siempre cerró y pusieron horarios de apertura falsos en su sitio web"
409,Desconocido,Palma de Mallorca,Paris,Europe,noviembre de 2024,1,"viajaba con mi hijo menor a ver un partido de rugby , y justo ese dia callo una fuerte nevada sobre paris , entiendo el no poder volar directo , pero tenian vuelos a barcelona y al otro dia de barcelona a paris , no me ofrcieron ninguna solucion solo cancelado y ninguna compensacion , perdidas las entradas , hotel y demas, nefastos pense que ryanair era lo mas malo pero ya veo que no . no lo recomindo a nadie"
410,Desconocido,Manchester,Barcelona,Europe,noviembre de 2024,1,"Evita esta aerolínea. Vueling canceló nuestro vuelo (esto sucede y entendemos el motivo de la cancelación) , sin embargo no prestaron asistencia ni comunicación en el aeropuerto, de hecho nos avisaron por parte del personal del aeropuerto de Manchester que una vez cancelado el vuelo Vueling cerró allí oficina y posteriormente se fue a casa. El personal del aeropuerto en general en el aeropuerto de Manchester fue muy servicial, afortunadamente y el crédito a ellos. Fecha de la cancelación fue el 04 / 11 / 24 , Vueling nos ofreció un reembolso o reservar un vuelo alternativo que se ofreció a través de correo electrónico pero la fecha ofrecida era inaceptable debido a las conexiones de vuelos a Australia, por lo que elegimos la opción de reembolso con la promesa de que este se pagará en un plazo de 7 días hábiles. Después de comprar otro vuelo para llegar a nuestro destino, y 28 días después con muchas llamadas telefónicas y correos electrónicos seguimos sin respuesta ni reembolso. Esta aerolínea necesita revisar cómo trata a sus pasajeros ya que sin ellos no habría Vueling Airways."
411,Desconocido,Barcelona,New York City,International,octubre de 2024,1,"Hola compañeros de viaje, Una relación comercial recientemente voló de Barcelona a Nueva York y tuvo una muy mala experiencia con Vueling. La primera etapa de su viaje (con Vueling) fue Barcelona a Gatwick, donde iba a tomar un vuelo a JFK con BA. El vuelo de Vueling se retrasó y perdió su conexión y Vueling lo reservó en otro vuelo que salió esta vez desde Heathrow. Una caja de muestras caras que había comprobado nunca se materializó, pero el personal de tierra de Vueling le aseguró que la encontraría a su llegada a JFK. Tuvo muy poco tiempo para ir de Gatwick a Heathrow (con un gran gasto en un taxi) , un viaje de 40 millas (! ) , y no tuvo tiempo para presentar un Informe de Irregularidad de la Propiedad (PIR) en la oficina de Objetos Perdidos Vueling. Al llegar la caja no estaba allí y desde entonces no hemos tenido ningún apoyo de Vueling. Su única respuesta es ""¿tienes un PIR?"", ""¿No? Entonces no podemos ayudarte"". Vueling se ha negado a reconocer su responsabilidad en esta debacle y no ha hecho ningún esfuerzo para localizar la caja de muestras u ofrecer compensación. Muy mal servicio, cero comunicación, actitud poco profesional. ¡Evite a toda costa!"
412,Desconocido,London,Barcelona,Europe,noviembre de 2024,5,"Viajé con mi bebé de 7 meses de Londres a Barcelona. Nos avisaron que habría turbulencias por el viento y me puse un poco nerviosa. Afortunadamente al final solo fue un poco pero las TCP nos dieron un trato fantástico y se aseguraron durante todo el vuelo que tanto el bebé como yo estuviéramos bien. No es fácil viajar sola con un bebé pero gracias a Sandra, Emma y Giovanna por hacer el vuelo más agradable."
413,Desconocido,Porto,Palermo,Europe,junio de 2024,1,"Vueling no pudo cargar nuestras maletas en nuestro vuelo de conexión de Barcelona a Palermo el 8 de junio de 2024 . Nuestro equipaje finalmente llegó a Palermo 6 días después de nuestro tour de 8 días por Sicilia. Desafortunadamente, estábamos en el otro lado de la isla y no pudimos regresar a Palermo. Intentamos invocar la política de Vueling y solicitamos que nuestras maletas fueran entregadas en nuestro hotel en Nexos. Las comunicaciones fueron difíciles y confiamos en nuestro Director de Turismo para transmitir una sensación de urgencia a Vueling. Después de tres meses, la maleta de mi esposa nos fue entregada en Australia, y mi maleta fue enviada de vuelta a Barcelona como lo demuestra mi Apple Air Tag. A 30 de noviembre de 2024 , mi maleta permanece en Barcelona. Vueling no se preocupa y opta por ignorar mis peticiones sabiendo que sus billetes de avión baratos inducirán más personalización independientemente de la calidad del servicio que prestan. Espero que mi experiencia anime a los viajeros a considerar aerolíneas alternativas si valoran su propiedad. Animaría a los viajeros a considerar otras opciones además de volar con Vueling"
414,Desconocido,Ibiza,Paris,Europe,agosto de 2024,1,"Vueling es, con diferencia, la aerolínea con la que he tenido una experiencia de pasajeros más deplorable. Sobrereservan vuelos, pueden rechazar el embarque sin explicación a los pasajeros con tarjetas de embarque válidas y asientos asignados, y proporcionan atención al cliente incompetente o maliciosa al manejar reclamos de compensación después. Después de una denegación de embarque el 8 de septiembre con un cambio de reserva en un vuelo al día siguiente, todavía se niegan a compensarme a mí y a mi pareja, alegando que la denegación de embarque no ocurrió. Esto a pesar de tener todos sus correos electrónicos confirmando la reserva forzada en un vuelo posterior y describiendo el derecho a reclamar una indemnización. He hecho múltiples intentos de contactarlos a través de todos los canales disponibles (X DMs, teléfono, correo electrónico) después de enviar mi reclamo de compensación en línea y proporcionar todas las pruebas requeridas. Sin embargo, casi tres meses después, esta cuestión sigue sin resolverse. Es realmente escandaloso que se permita a una empresa con este tipo de prácticas seguir operando dentro de la Unión Europea."
415,Desconocido,Palma de Mallorca,Tenerife,Domestic,noviembre de 2024,1,"Nunca más volveré a reservar con Vueling. Tuve la peor experiencia con el personal en el aeropuerto de Palma. Realmente son los miembros del personal más groseros, con derecho, con malos modales y poco profesionales que he tenido el disgusto de conocer."
416,Desconocido,Bilbao,Alicante,Domestic,noviembre de 2024,1,"El avión tenía problemas de frenos. Aún así nos embarcan. Llevamos más de dos horas aquí metidos. Nos dicen que nos van a cambiar de avión, pero ya ha pasado media hora y aquí seguimos rehenes de estos sinvergüenzas."
417,Desconocido,Ibiza,Barcelona,Domestic,noviembre de 2024,1,2 horas de retraso. Nadie informe. Es desolador que el Mo de transportes no apliquen sanciones a esta compañía que tiene precios de lujo y servicio pésimo.
418,Desconocido,London,Florence,Europe,noviembre de 2024,1,"La peor experiencia de mi vida en viajes,me cancelaron el vuelo estando en el aeropuerto por una supuesta neblina, cosa que es mentira ya que había más líneas volando hacia allá, tuve que comprar otro vuelo a Roma que obvio salio mucho más caro, me dijeron el el aeropuerto que me iban a devolver el dinero del vuelo cancelado, hice todos los paso que me dijeron y me mandaron un correo que no tengo derecho a esa compensación, Son una basura, la peor línea del mundo, ya leí que tienen pésimas calificaciones, no se lo recomiendo a mi peor enemigo, a demás están horribles e incomodos"
419,Desconocido,Palma de Mallorca,Barcelona,Domestic,noviembre de 2024,1,"El embarque al avión un caos total. Te asignan un grupo con tu tarjeta y luego lo mezclan todo. Consecuencia: tapón en el inicio del avíon y la cola vacía. He tenido que dejar la maleta en la fila 20 sentándome en la 11. Para bajar, otro tapón, cada uno buscando su maleta por todo el avión. Un desastre de compañía."
420,Desconocido,Florence,London,Europe,octubre de 2024,1,"Este es el soporte de servicio al cliente más vergonzoso que he recibido. Usted no tiene la capacidad de hablar con una persona, no tiene manera de rastrear el progreso si ha enviado una consulta y las instrucciones más inútiles cuando necesita ayuda. Estaba en un vuelo cancelado el 21 - 10 de Florencia > Londres. He estado tratando de obtener un reembolso por el vuelo, viaje y transporte durante más de un MES. Me lo negaron hoy porque cito ""el vuelo fue menos de lo que pedí"". NO DUH. Porque pedí reembolso por TODO lo que tuve que volver a reservar para poder llegar a casa. Soy epiléptico y ellos proporcionaron absolutamente ninguna asistencia o apoyo a lo largo de todo esto y solo han creado más estrés. El proceso de soporte de Vueling es despreciable y ninguna otra aerolínea es tan difícil de comunicar. NUNCA tomaré otro vuelo de Vueling."
421,Desconocido,Barcelona,Donostia - San Sebastian,Domestic,noviembre de 2024,1,"Comprensible que, ante una ciclogénesis explosiva al aterrizar, el avión dé media vuelta y se desvíe otro aeropuerto. No tan comprensible no retrasar el vuelo por dicho fenómeno que estaba anunciado hasta bien entrado el día y que al entrar se nos dijera que no habría mayor problema. Directamente incomprensible que la compañía decida que retornen al aeropuerto de origen porque dos aeropuertos cercanos estaban igualmente afectados, pero también porque en los otros dos aeropuertos cercanos Vueling no opera y preferían ahorrarse el dinero. Inenarrable que la solución sea: —Enlatar al pasaje en dos autobuses, sin ofrecer ninguna otra alternativa, para 7 horas de viaje. —Hacerlo a sabiendas de que el bus va a llegar al aeropuerto de destino de madrugada a unas horas sin más medio de transporte que el taxi. —""Compensarlo"" con un ticket de comida de aeropuerto válido por poco más de 12 euros en un establecimiento afín (en precios de aeropuerto, imaginad lo que compra eso) cuando el taxi nocturno en destino no bajará de los 30€. Otro viaje más de aerolíneas que ""todo lo hacen bien"" mientras no hay problemas, pero que en el momento en que los hay manchan el pañal."
422,Desconocido,Lisbon,Palma de Mallorca,Europe,noviembre de 2024,1,Venden un vuelo a través de Barcelona prometiendo que sus maletas irán sabiendo que el tiempo de escala significa que es muy poco probable que sus maletas lleguen. Frecuentemente no lo hacen. Si es domingo tardan días en llegartelas. Evita a estos piratas en el cielo
423,Desconocido,Paris,London,Europe,noviembre de 2024,1,"Como clientes de pago, merecemos ser tratados con respeto y cortesía, especialmente en momentos donde surgen malentendidos. En cambio, esta experiencia nos ha dejado profundamente decepcionados e infravalorados."
424,Desconocido,Seville,Barcelona,Domestic,noviembre de 2024,1,"Fue un servicio horrible... mi mujer desde el check-in vio que tenía mucho equipaje no me dijo nada cuando estaba esperando el check-in... estaba esperando a otras personas y cuando quise hacer el check-in me dijo que llegaba tarde 3 minutos y que no podía hacerme el check-in... mi vuelo costó 280€... y tenía un gato... ella no me ayudó a conectar con Vueling... me dio el número de teléfono y nadie contestó allí... no pude hacer nada con mi billete... y perdí mi vuelo caro con equipaje pesado y un gato... lloraba realmente lo tonta que es la gente que trabaja en esta empresa... especialmente en el aeropuerto... ¿por qué trabajas allí mujer tonta si no puedes ayudar a los clientes...????? Me quejaré y escribiré reseñas en toda la plataforma para tu trabajo!!!!! ¡Nunca usarán esta compañía! No me devolvieron el dinero, por supuesto. Tuve que comprar un billete por 300 € y esperar el próximo vuelo 4 horas con mi gato en el aeropuerto ... Devuélveme mi dinero!"
425,Desconocido,Barcelona,Alicante,Domestic,noviembre de 2024,1,Tenia vuelo programado para el 2/11/2024 pero no pude viajar a Barcelona por la situacion vivida en Valencia el 29/10/2024. Viajaba via terrestre desde Alicante hacia Barcelona y volvia el dia 2. Tanto el transportista que me cancelo el viaje como el hotel me devolvieron el dinero que habia abonado entendiendo la situacion menos Vueling ya que no cumplo con las caracteristicas para un reembolso. PESIMO!!!!!!!
426,Desconocido,Florence,London,Europe,noviembre de 2024,1,"Vueling manejó la cancelación de vuelos literalmente lo menos posible. No nos informaron sobre la cancelación hasta que llegamos al aeropuerto, a pesar de que estaba revisando la aplicación constantemente. Intentaron volver a reservar un vuelo cuatro días después y nos engañaron sobre nuestros derechos en virtud de la legislación de la UE. Intentaron decirnos que el alojamiento de emergencia dependía de que aceptáramos la nueva fecha de viaje en cuatro días, lo que no es cierto. Nunca más volaré con ellos."
427,Desconocido,Nice,Barcelona,Europe,diciembre de 2023,1,"Pésima Aerolínea! Lo peor que existe! Va mas allá de la pésima de la atencion y lo incomodo que es viajar en sus aviones. Lo peor es cuando te pierden la maleta, no te reembolsan y tenes que contratar un tercero como reclamaciones.es para recuperar algo de tu plata."
428,Desconocido,London,Barcelona,Europe,septiembre de 2024,1,"Tuve una experiencia horrible con Vueling. En septiembre volé con ellos sin ningún problema, pero uno de mis asientos fue revendido sin notificación previa y no recibí reembolso. Ya había pagado el asiento, y esta falta de comunicación y atención al cliente fue profundamente frustrante. En octubre, no pude volar debido a problemas médicos graves. Proporcioné una carta de mi médico que explicaba mi cita y tratamiento, pero Vueling la rechazó porque no estaba dirigida directamente a ellos, y no indicaba explícitamente que no podía volar. Luego me pidieron que proporcionara una nota médica dirigida específicamente a ellos por más de £ 100 para probar que no podía volar. Esto es completamente irrazonable y muestra una falta de compasión, especialmente considerando mi condición médica. Me siento completamente decepcionado por el servicio al cliente de Vueling. Revendieron mi asiento sin notificarme, y cuando tuve una razón legítima para no volar, se negaron a acomodarme o reembolsar mi vuelo. Esta empresa carece tanto de transparencia como de empatía, y aconsejaría a cualquiera con problemas médicos que lo piense dos veces antes de reservar con ellos."
429,Desconocido,Barcelona,Malaga,Domestic,noviembre de 2024,1,"Es un servicio pésimo, al principio me hicieron pagar extra por el equipaje de mano, aunque ya lo pagaron al hacer la reserva. 60€. En el vuelo de vuelta decidí volver a añadir equipaje de mano ya que en la web decía que había un 50% de descuento y al regresar averiguaría por qué no se tenía en cuenta el equipaje pagado. El sitio se congeló tres veces y hubo que recargarlo, pero la confirmación en el sitio web del banco no se cargó. Como resultado, el pago se canceló tres veces y el equipaje no se reflejó en el billete. Tuve que volver a pagar 60€ en el aeropuerto. Como resultado, el vuelo de 180 € por persona con un equipaje de mano salió a 340 €. Low-cost... el último experimento de Vueling. Lo juro. Aparte de eso, el personal del aeropuerto dijo esto y me sorprendió. ""Ve a tu país y obtén un servicio de calidad""..."
430,Desconocido,Malaga,Barcelona,Domestic,noviembre de 2024,1,"Habíamos reservado un vuelo a las 19:20 pero llegamos con unas 3 horas de antelación, vemos que hay otro a las 18:00 y vamos al mostrador para ver si nos lo puede cambiar, Nos dicen que plazas hay pero que hay que llamar por teléfono a Vueling. Llamamos y nada, que hay plazas pero que tampoco nos lo pueden cambiar ellos. Vamos a la puerta donde sale el de las 18:00, allí lo mismo, plazas sí, no les cuesta nada, estamos dispuestos a pagar una penalización por el cambio (teniendo en cuenta que a ellos no les cuesta absolutamente nada), pero que llamemos a Vueling.... Un desastre de organización, la satisfacción del cliente por lo visto les importa entre cero y nada, hables con quien hables no pueden hacer nada. De tener 2 clientes contentos a tener dos cabreados sin que les comporte ningún beneficio, incluso habrían ganado algo por la penalización que íbamos a pagar."
431,Desconocido,Valencia,Paris,Europe,noviembre de 2024,1,"Tengo residencia permanente en España, lo cuál soy residente de la Unión Europea, he viajado a Italia, Holanda y Francia en otras ocasiones y presentando mi NIE permanente, jamás he tenido ningún problema, el día de hoy 21/11/2024 me han negado el embarque por falta de mi pasaporte, me negaron el acceso con mi NIE, asegurándome que podía cambiar mi vuelo sin problema solo llamando y comentando la falla, claramente abordando con mi pasaporte en vigor, ahora que al fin me han contestado la llamada, me dicen que tiene un costo desde 105€ por persona, cuando el vuelo en web está en 75€ y no puedo pedir mi compensación, me parece una estafa por todos lados"
432,Desconocido,Paris,London,Europe,julio de 2024,1,"El servicio de atención al cliente de Vueling me acaba de enviar una respuesta genérica, negándose incluso a reconocer mis preocupaciones sobre un vuelo cancelado. No hay ningún intento de entender la cuestión ni de ofrecer una solución, sino un despido rotundo. Extremadamente decepcionante y poco profesional. Esperaba algo mejor de una aerolínea, especialmente cuando se trata de interrupciones que afectan los planes de sus clientes"
433,Desconocido,Bilbao,Las Palmas de Gran Canaria,Domestic,noviembre de 2024,1,"Misma maleta con la que fui a Bilbao, para la vuelta me dicen que no cabe debajo del asiento. Le comento que es mi vuelta, que fui con vueling y ahora estoy volviendo con el mismo equipaje y sé que si cabe, que para la ida no me dijeron nada... respuesta de la empleada: en Bilbao hacemos las cosas así, y me acerca el datáfono con los 60 € ya marcados..."
434,Desconocido,Barcelona,Düsseldorf,Europe,noviembre de 2024,1,"Realmente no puedo recomendar Vueling! Viajamos con equipaje de mano y nos pidieron pagar 27 € cada uno por ello al hacer el check-in en línea. No sé si el equipaje de mano no está incluido en el precio básico, pero el importe sigue estando bien. Cuando abordamos, nos dijeron que este pago era solo para llevar cosas con nosotros y no para que pudiéramos poner nuestro equipaje en las cabinas de vuelo. Cada uno de nosotros debería pagar otros 60 euros por eso. Así que ahora tuvimos que pagar un total de 87€ por equipaje de mano. Para empeorar las cosas, el personal del embarque fue absolutamente antipático después de que dejáramos claro que nos gustaría que esto se explicara. Inicialmente no podíamos entender lo que teníamos que pagar por segunda vez. Nos dijeron que dejáramos el equipaje aquí o pagar de lo contrario nos dejarían en el aeropuerto! ¡Estoy increíblemente impactado y enojado! ¡Ciertamente nunca volveré a utilizar esta aerolínea y aconsejaría a nadie más que no lo hiciera!"
435,Desconocido,Barcelona,Malaga,Domestic,noviembre de 2024,5,Me confundí de terminal y llegué con solo 1 hora antes del vuelo tienen una caja facturación rápida e iba con maleta y me dejaron viajar !y sin cargos ocultos ni intentar cobrar 30€ por cualquier cosa como Ryanair
436,Desconocido,Cairo,Guayaquil,International,noviembre de 2024,1,"No nos dejaron abordar al vuelo de regreso Cairo - Barcelona rumbo hacia Bogotá y con destino final a Ecuador porque nos dijeron que necesitábamos una visa de tránsito al ser ecuatorianos. Les explicamos que nuestro vuelo de conexión Barcelona - Bogotá se encuentra en la misma terminal y que no dejaríamos el área internacional de abordaje por lo que no necesitaríamos una visa de tránsito. Que esa fue la forma en la que llegamos a Egipto en un principio sin problema alguno. Dijeron que esperemos por el manager, un hombre pedante que no nos dirigió la palabra. Luego nos dijeron que las políticas de la aerolínea es comprar las escalas siempre con la misma compañía. Políticas que nunca nos mostraron, ni nos supieron explicar. Nos dijeron que la única forma de viajar a Ecuador sería comprar un nuevo vuelo con aerolíneas solo de su compañía. Después de revisar en el sistema y al no tener vuelos de conexión con Vueling, nos llevaron a Iberia ""compañía amiga"" como la llamaron. Y nos pidieron comprar otro vuelo. En el counter de Vueling nos dijeron que habría un reembolso del vuelo, cosa que nunca pasó aunque me contacté con ellos por medio de servicio al cliente. Así fue cómo por medio de está compañía, perdimos, por la compra de un nuevo vuelo, nueva ruta Cairo - Madrid - Bogotá 3 mil dólares por mi pasaje, 2 mil dólares por el pasaje de mi novia. Sin considerar el dinero que perdimos al no subir al vuelo inicial, que ya habíamos pagado, por el que nunca recibimos una compensación ni una respuesta lógica. Me queda mencionar que pocos días posteriores al vuelo cambiaron nuestras fechas varias veces en su plataforma. Nunca recibimos un correo avisando estos cambios. Tuvimos que aceptar esos cambios y viajar antes para no perder nuestro dinero y nuestras vacaciones. Dinero que de todas maneras perdimos al final de nuestro viaje."
437,Desconocido,Barcelona,London,Europe,julio de 2024,1,"En la calle 21 de julio, unas horas antes de mi vuelo, recibí un correo electrónico de Vueling que decía que no habían comprobado la cantidad de asientos disponibles para mi vuelo de regreso a casa en Londres Heathrow. Tuve que pagar el precio completo de un vuelo al día siguiente, bajo la amenaza de llegar al aeropuerto unas horas más tarde (en las primeras horas de la mañana) solo para ser rechazado. No tuve más remedio que reservar un vuelo de última hora para el día siguiente y pagar el precio completo por él. Me estafaron y tuve que pagar de mi bolsillo por el error de Vueling. La oferta de Vueling era que, a cambio de tener que reservar un vuelo de última hora a precio completo, recibiría un 'voucher' por una cantidad similar. Esto es injusto para empezar, pero he encontrado que este bono NI siquiera cubre completamente un vuelo reservado más tarde. Cuando más tarde intenté reservar mi vuelo con el «bono», que solo se puede utilizar una vez, tuve que pagar todos los complementos, incluido el equipaje. Terminé primero teniendo que pagar un vuelo que no terminé tomando y teniendo que reprogramar, segundo pagando un vuelo adicional caro de última hora, y luego tercero pagando también otro vuelo con un descuento moderado, como resultado del propio error de Vueling. En línea, un ""bache voluntario"" es ""donde un pasajero puede vender esencialmente su asiento de vuelta a la aerolínea por cualquier cosa, desde efectivo hasta un boleto gratis"". Esto no es lo que se me ofreció. En cambio, me estafaron."
438,Desconocido,Palma de Mallorca,Jerez De La Frontera,Domestic,noviembre de 2024,1,"Hoy, 18 de Noviembre de 2024, al pasar la puerta de embarque del vuelo Palma- Jerez de la Frontera, estando embarazada de casi 30 semanas, con una barriga prominente, los responsables del control de Vueling me comentaron que no podía llevar una mochila y el bolso el cual tenía que guardar dentro de la mochila. El motivo de mi descontento no se halla en tales medidas, que también podría ser, sino en el trato recibido. Para guardar el bolso, no me ofrecieron ningún asiento, pese a mi gran dolor de espalda debido a la ciática, teniéndome que sentar en el suelo sin dispensarme ninguna ayuda y sin ningún miramiento. Además de ello, para meter la mochila en la caja, lo cual suele suponer un gran esfuerzo, para mayor falta de consideración, no solo no me dispusieron de ayuda para empujarla, sino todo lo contrario, actuando con exigencias. Todo ello me supuso tal esfuerzo y tal situación de estrés, que al acudir a mi destino tuve que dirigirme al centro médico para corroborar que mi bebé estaba bien. Me parece inconcebible que teniendo en cuenta los tiempos que corren Vueling siga tratando con tal desconsideración y tan poco respeto a las embarazadas."
439,Desconocido,Barcelona,Madrid,Domestic,noviembre de 2024,1,"Es la aerolínea más lamentable que habré visto nunca en la vida, DESASTRE, LADRONES, el que nos pasó las tarjetas de embarque un amargado infeliz"
440,Desconocido,Las Palmas de Gran Canaria,Paris,Europe,noviembre de 2024,1,"Compré hace varios meses un vuelo directo ida vuelta paris sin escala ,en el mes de julio veo k me han cambiado vuelo con escala Barcelona y ya los horarios no me cuadran con la estancia en Disney pierdo en ida y en vuelta esos días la contesta de la compañía es o me Hacen reembolso o que acepte los cambios y yo acepto pero viendo ahora los vuelos veo k ahí vuelos a las 21:35 y mi vuelo es a las 9 de la mañana pues si quiero cambiarlo me piden 650€ por cambiar la hora del vuelo cuando ELLOS son los que me cambiaron mi VUELO DIRECTO k ya tenía los horarios bien para disfrutar del Disney con mi hija esos dos días y ya no podré hacerlo ,no aconsejo la compañía"
441,Desconocido,Barcelona,Madrid,Domestic,noviembre de 2024,1,"La chica de atención al cliente delante de la puerta 21 del Prat, no debería estar allí, no tiene ganas de atender a nadie, masticha chicle como un camello y es bastante ordinaria con capacidades de deducción realmente limitadas. 15/11/2024, 17h"
442,Desconocido,London,Paris,Europe,noviembre de 2024,1,"Hace poco volé con Vueling en un viaje de ida y vuelta de Londres a París, y mi experiencia fue EXTREMADAMENTE frustrante debido a una serie de errores de comunicación y mal servicio de la aerolínea. Si bien entiendo que los horarios de vuelo deben cumplirse, el manejo de mi situación por parte de Vueling estuvo lejos de ser satisfactorio En primer lugar, comprobar - en pesadilla. Encontré problemas con el check-in en línea, a pesar de tener todos los documentos necesarios para ambas etapas de mi viaje. Según el sitio web de Vueling, el check-in en línea debe estar disponible a menos que se requiera la verificación manual de documentos. Sin embargo, no se llevó a cabo tal verificación cuando llegué al aeropuerto de Londres, donde pude facturar a través de un quiosco de autoservicio sin problemas. La negativa de la aerolínea a permitirme facturar en línea de antemano no solo fue inconveniente, sino que también me dejó sin aclarar por qué estaba restringido. Si hubiera podido registrarme en línea, habría llegado a la puerta a tiempo, ya que el avión todavía estaba allí y el embarque ni siquiera estaba sucediendo todavía. Reconozco que llegué ligeramente tarde al aeropuerto - 1 hora y 5 minutos antes de la salida - debido a un retraso inevitable del tren. Si bien entiendo que esto lo estaba reduciendo, el problema se vio agravado por la negativa de Vueling a permitir el check-in en línea, lo que me puso en desventaja desde el principio. Lamentablemente, perdí el vuelo debido a que el check in cerró a tiempo, y aunque acepto la responsabilidad de mi llegada tardía, la falta de comunicación y apoyo del equipo de Vueling -tanto de las damas en el check- en el mostrador como en el servicio al cliente - empeoró mucho la situación. Una vez que no me permitieron registrarme, esperaba algo de comprensión y asistencia del equipo de servicio al cliente de Vueling, pero en su lugar, me encontré con indiferencia. A pesar de mi clara frustración, no me ofrecieron soluciones significativas. En el aeropuerto, el funcionario dijo que estaba de descanso, por lo que no había nada que pudiera hacer cuando el embarque estaba a punto de terminar. Luego, su respuesta a mi solicitud de aclaración sobre el cheque en línea, en cuestión, fue vaga e inútil. El hecho de que la aerolínea no se comunique claramente, aborde mis preocupaciones y ofrezca cualquier forma de compensación después de las molestias es muy inaceptable. El servicio de atención al cliente de Vueling fue inútil, sus políticas fueron muy mal explicadas y no asumieron ninguna responsabilidad por los problemas que llevaron a mi vuelo perdido. La falta de compensación, a pesar de los claros fallos del servicio, me hace dudar en considerar volar con ellos de nuevo. Si estás buscando una aerolínea que ofrezca transparencia, comunicación clara y atención al cliente, no vueles con ella."
443,Desconocido,Rome,Barcelona,Europe,noviembre de 2024,1,"La peor experiencia de la historia, que ladrones, compraron mis entradas con maleta y nos cobraron de nuevo. Nunca vueles en esta aerolínea de nuevo"
444,Desconocido,London,Oviedo,Europe,noviembre de 2024,1,"Cada día funciona peor esta compañía, se está acercando a niveles Ryanair , soy pasajero frecuente de Iberia y uso Vueling en rutas directas pero intento evitarla porque ahora usan el Inglés como idioma principal siendo ESPAÑOLA , si coges asientos en primera fila no guardan los primeros maleteros para dichos pasajeros así que averíguate donde lo metes , pagas una prioridad que no es prioridad ,"
445,Desconocido,Madrid,Barcelona,Domestic,noviembre de 2024,5,Asientos muy cómodos y despegue y aterrizaje muy cómodos. El personal de tierra era muy amable y servicial. Preferirá este vuelo cuando esté en España
446,Desconocido,Porto,Munich,Europe,octubre de 2024,1,"La peor compañía con la que volé. Sitio es una pesadilla para añadir equipaje, difícil de conseguir un asiento, tuve que pagar por asientos porque no había asiento disponible! La última vez volando con ellos."
447,Desconocido,Stuttgart,Barcelona,Europe,diciembre de 2023,1,"Tuve que poner ""diciembre 2023"", pero la fecha fue el 27/08/2023. Vueling me anuló el vuelo 1 hora antes del despegue previsto, con alternativa inaceptable (1 semana más tarde). Yo volví por mi cuenta y puse una reclamación. Ninguna reacción de la parte de Vueling. Otra reclamación. Ninguna reacción. Me dirijo a la Agencia Catalana del Consumo. Vueling promete de ponerse en contacto conmigo. No lo hace. Me dirijo a Airhelp. Y ayer Airhelp me comunica que no pueden ayudarme - porque Vueling alega que ya me pagó una compensación."
448,Desconocido,Barcelona,Munich,Europe,noviembre de 2024,1,"El servicio y el soporte es pésimo. Viajé con Vueling por trabajo y tenía un billete para el check-in - en el equipaje y una mochila. El único equipaje que necesitaba era un pequeño trole, sin embargo, y supuse que esto podría servir como equivalente. Me equivoqué y me dijeron en la puerta que tenía que pagar 60 euros o dejar mi equipaje en el aeropuerto. Dado que es un viaje de negocios, tenía la intención de gastar los 60 euros y simplemente llevar el equipaje conmigo, pero me vi obligado a entregarlo al servicio para que se pusiera a la facturación, en equipaje, lo que me sorprendió porque estaba incluido en mi feria, así que ¿por qué me cobraría de nuevo si no me da derecho a usarlo como maleta de mano? Al llegar a mi destino el equipaje no apareció. Fui al mostrador de objetos perdidos, pero no había servicio para apoyarme a los 20. 00 . Llamé a la línea directa de soporte (para 0. 60 centavos) y después de que el soporte del robot se quedó sin respuestas se canceló en mí. Todavía no tengo equipaje, ni reclamo de equipaje y pagué 60 euros por ningún servicio adicional y ningún soporte que - así - nunca."
449,Desconocido,Bilbao,Tenerife,Domestic,noviembre de 2024,1,"tenia un vuelo de ida y vuelta de Bilbao a Tenerife del 23.11. al 02.12.2024 con Vueling el cual tuve que anular,teniendome que acojerme al seguro que tenia contratado y pagado de credito de vuelo ,pero cual a sido mi sorpresa que me dan un credito de vuelo,I pero por un importe inferior a lo pagado yo pague 293,96euros y me abonan 243,96euros habindo una diferencia de 44 euros a favor de ellos los cuales no se Aabonan porque dicen que eso no se puede abonar porque son cargos de asientos delanteros priority etc y demas mejoras de vuelo .Los reclame y me dicen que ni hablar.esto lo pongo en conocimiento de aquellas personas que vallan a vola con esta compañia Vueling, tengan cuidado con contratar estos servicios ya que si tienen que suspender en viaje, lo tengan en cuenta a la hora de este tipo de mejoras, ya que pagas por un servicio pero luego no te lo devuelven (cuidadito ya que son cosas que te cojen de sorpresa y te quedas sin tu dinero que ya pagastes.en fin una sinverguenzada y que nadia hace nada contra estas compañias de bajo coste.Saludos .Luis Enrique Saenz"
450,Desconocido,Seville,Barcelona,Domestic,noviembre de 2024,1,¡Compañía absolutamente inútil! Imposible agregar una bolsa en línea e imposible ponerse en contacto con nadie a través de su teléfono
451,Desconocido,Barcelona,Alicante,Domestic,noviembre de 2024,1,"Llegas al aeropuerto después de una cita médica de todo el día en Barcelona y te dicen que el vuelo tiene overbooking, es decir caben 180 pasajeros y venden 186 asientos, porque según ellos es legal ya que luego no se presentan algunos pasajeros. Que te esperes a que embarquen todos y si hay sitio te asignarán un asiento y si no pues allí te quedas tirado. Finalmente tuvimos suerte y pudimos viajar, pero con un retraso del vuelo de una hora, pero vamos la peor hora que he pasado en mi vida en un aeropuerto, porque por mucho que me dijeran que me iban a compensar y me llevarían a dormir a un hotel, no está pagado el tener un vuelo previsto y quedarte en tierra después de pagar el billete. Y que esto encima sea legal y permitido por el gobierno me parece vergonzoso, de juzgado de guardia. Bueno que para mí Vueling como si hubiera cerrado, porque jamás volveré a reservar nada con ellos."
452,Desconocido,Amsterdam,Barcelona,Europe,octubre de 2024,1,"La peor experiencia de la historia, no recomendamos reservar sus vuelos. Son estafadores. Describiendo mi caso con ellos: mi vuelo VY 8308 estaba programado para el 7 : 00 Octubre 12th. Iba de camino al aeropuerto y a las 5: 13 recibí un e-mail de Vueling de que mi vuelo había sido cancelado. Volví a casa y opté por un reembolso. Me sorprendió ver que el vuelo fue operado con éxito. No había aceptado ser voluntario para entregar mi reserva. Nunca llegué a Barcelona y este caso también afectó a mi reserva de hotel y coche que no eran reembolsables. Presenté una reclamación de compensación a la aerolínea que fue rechazada por ellos, nunca recibí compensación a la que tengo derecho legalmente y la aerolínea me estaba enviando mensajes estándar de ""retraso de vuelo"", lo que es una falta de profesionalidad total y la ignorancia de los derechos del cliente y la violación de las regulaciones de la UE."
453,Desconocido,Barcelona,Nantes,Europe,noviembre de 2024,1,"Esta aerolínea es fraudulenta, es literalmente imposible hacer un check-in gratis si quieres asegurarte de que puedes entrar en el avión. En 4 viajes, el avión ha sido reservado en exceso 3 veces, y siempre fui una de las personas que no estaba seguro de subir al avión. Ahora, cada vez que quiero hacer el check-in, pago un suplemento para estar seguro de que podré viajar. Esto es una locura."
454,Desconocido,Bilbao,Barcelona,Domestic,noviembre de 2024,1,"Entregamos la silla nuestro bebe en la puerta del avión, perfecta. A la salida no estaba, un operario nos dijo que se entregan en la cinta, primera noticia! Es su modo de transporte y se lo han negado! El aeropuerto de Barcelona es enorme, carga con el equipaje mas un bebe. Nuestra sorpresa al coger la silla es que la rueda está rota y llena de grasa! Os damos 100 euros y os arregláis con eso! ASI NO SE TRATA A UN BEBE!"
455,Desconocido,Seville,Barcelona,Domestic,octubre de 2024,5,"Felicitar a Vueling. Hoy en dia no se ven procedimientos así donde se le dan soluciones rápidas al cliente incluso ofrecer la opción de devolver el dinero pagado, y en caso de aceptarlo, como fue el mio, recibir el dinero en pocos días. El 10-11-24 una tormenta dejó al aeropuerto de BCN inoperativo. Cancaleron mi vuelo, ofreciendo otro al cabo del tiempo, me ofrecieron un hotel y un importe para comidas, que no acepté porque preferí renunciar al vuelo alterntivo y recuperar el dinero. Al poco tiempo me lo ingresaron. Tuve cero problemas en una situacion en l que ni tenia culpa yo, ni ellos tampoco, aunque estuvieron a la altura de un gran servicio al cliente. Felicidades Vueling."
456,Desconocido,Dubrovnik,Barcelona,Europe,junio de 2024,1,"Esta es la aerolínea más vergonzosa en la que he volado, y he estado alrededor del mundo. Mi esposa embarazada y yo estábamos abordando el avión, y posteriormente interrogados durante 30 minutos por una azafata y el piloto para la documentación de su embarazo. Ni siquiera tenía 30 semanas de embarazo. Al final nos negaron el embarque y nos patearon de vuelta al aeropuerto. No había ninguna representación de la aerolínea en el aeropuerto, y después de horas de llamadas telefónicas no nos dieron ayuda. Tuve que luchar y reservar vuelos a casa en una aerolínea real. 5 meses después, después de innumerables correos electrónicos y llamadas telefónicas, no nos han ayudado ni una sola vez, y lo más seguro es que no reembolsamos los más de $ 1 000 vuelos. En este momento estoy considerando acciones legales por discriminación, y nunca, bajo ninguna circunstancia, volaría esta aerolínea o se la recomendaría a mi peor enemigo."
457,Desconocido,Seville,Tenerife,Domestic,noviembre de 2024,1,"Cómo siempre, cuando vuelo con Vueling, voy de los nervios, es una lotería, vas pensando que será, retraso, cancelación, overbooking, nunca voy tranquila. Ésta ver fue overbooking, y nos pusieron en lista de espera... En lista de espera? Después de tener mi pasaje, no lo entiendo..... En fin, en mi opinión...nefastos."
458,Desconocido,Bilbao,Granada,Domestic,noviembre de 2024,1,"Cogí el vuelo ayer a las 12 pm. Llevaba un equipaje de mano + maleta que facturé por la cual pagué más de 30 euros. El bolso de mano que venía incluido es el mismo con el que hice mi vuelo de ida con VUELING y entonces no me dieron ningún problema por el tamaño. Mi sorpresa es, que cuando estoy en la cola del embarque (sin mi DNI porque la mujer que me hizo la facturación DE LA MALETA QUE YA PAGUÉ se le olvidó dármelo y tuvieron que llevarlo a la puerta de embarque) una mujer con acento argentino, morena y alta, me saca a mí y a dos chicas jóvenes de la cola. Posteriormente, sin ningún tipo de educación, nos dice que nuestros bolsos son más grandes de lo que se permite y directamente me da un datáfono para que pague 60 EUROS, todo en el transcurso de pocos segundos y justo antes de entrar al avión (el vuelo valía 47 y junto con el equipaje facturado pagué 81). La mujer en ningún momento mostró profesionalidad ni educación, fue borde y maleducada, tratándome a mi y a las otras chicas con la punta del pie. Qué casualidad, que solo 3 chicas jóvenes nos hubiéramos pasado con el equipaje de mano de todo el vuelo y que nos abordase con tanta poca vergüenza cuando todo el mundo estaba entrando en el avión y nadie podía verlo, aprovechándose de la situación de nervios antes de entrar del avión y de tres chicas de menos de 20 años. Es vergonzoso, de una falta de honradez, de integridad, de decencia... intentar hacerse de oro timando a chicas jóvenes. No volveré a volar en Vueling. Repito que era el MISMO bolso de mano que llevé a la ida y nadie me puso ninguna pega. Me salió el vuelo a más de 140 euros, cuando el precio de solo el vuelo era de 47. No volveré a volar en Vueling y recomendaré a todo el que pueda que no lo haga. Por último, intentaré encontrar a esa trabajadora, no por rencor, si no por hacerle transmitir lo que no pude en aquel momento de nervios y debilidad. Se pensará que va a heredar la empresa. Vergonzoso, lamentable."
459,Desconocido,Berlin,Barcelona,Europe,septiembre de 2024,1,Atraso de vuelo de mas de 5 horas y no quisieron compensarnos. Nunca nos dieron explicación y nos dejaron ahí parados como vacas
460,Desconocido,Ibiza,Barcelona,Domestic,septiembre de 2023,2,"Vi esta declaración en una revisión anterior y pensé lo malo que podría ser realmente para lo que se suponía que era lo que pensé que era un vuelo fácil de menos de 1 . 5 horas. Vaya. En realidad estoy decepcionado y frustrado más conmigo mismo por ir en contra de mi intuición y arriesgarme con la aerolínea. Al visitar Ibiza por primera vez, mi energía y emoción por el viaje ya era alta. Poder ir a Ibiza a divertirse el sábado por la noche y luego volver a Barcelona a la tarde siguiente para disfrutar también de esa ciudad era el plan. Sin embargo, Vueling retrasó nuestro vuelo casi 4 horas. En ese tiempo, había otros vuelos de Vueling que continuaban sus rutas mientras nuestro vuelo seguía siendo empujado hacia atrás. Inicialmente estábamos programados para salir alrededor de las 3:30 pm, pero terminamos saliendo 4 + horas después. Mientras tanto, otros dos vuelos con la misma ruta salieron antes que nosotros. Varios pasajeros trabajaron juntos para tratar de encontrar rutas o planes alternativos, pero tratar de encontrar a alguien para ayudar fue inútil. ¿Qué tal si NO hay representantes de Vueling en el aeropuerto de IBZ, por lo que todas las consultas de los pasajeros debían dirigirse a un número de teléfono que nadie respondió. Cuando terminamos volando a BCN, hubo una pequeña disculpa debido a la programación y retrasos de otro vuelo (no relacionado con el clima). Cuando mi mejor amiga y yo llegamos a BCN finalmente, las otras actividades planeadas ya eran demasiado tarde y las experiencias se perdieron. Hablé con un representante de BCN que sugirió que solicitáramos un reembolso por el retraso, ya que era esa cantidad de tiempo. Me pareció una buena idea y pasé por varios pasos para solicitar el reembolso. Después de un proceso de presentación y verificación de la documentación, recibí un correo electrónico unos días después indicando que el reembolso no se podía completar ya que el retraso estaba ""fuera del control de la aerolínea"". ¡Qué conveniente y demasiado divertido! Y para empeorar las cosas... el vuelo a IBZ tuvo algunos problemas de atención al cliente que hicieron que ambos vuelos fueran memorables (no en el buen sentido). Breve historia... para cualquier cliente nuevo, y si estás acostumbrado a buenas experiencias de servicio al cliente, esta puede no ser la aerolínea para ti... especialmente si es tu primera vez y/o intentas llegar a tiempo a un destino."
461,Desconocido,Barcelona,Donostia - San Sebastian,Domestic,octubre de 2024,1,"Buenas tardes: Me anularon el vuelo por problemas con el tiempo, cosa que dudo pues el vuelo a Bilbao salió sin problemas del aeropuerto del Prat, y el de San Sebastian no pudo salir. Llegamos a la 12 de la noche, tuve que coger un taxi, perdí una noche de trabajo y quien me indemniza esa, nadie, pues hice la correspondiente reclamación y parece ser que no tengo derecho a nada."
462,Desconocido,Palma de Mallorca,London,Europe,noviembre de 2024,1,Tuvimos nuestro vuelo cancelado y tuvimos que hacer el viaje al día siguiente a las 6 am. Tuvimos que pagar por nuestro equipaje de nuevo 85 euros y nuestros traslados al aeropuerto. Cuando intentas contactar con la aerolínea no te cogen. Tienes que pasar por un asistente virtual que no reconoce ninguno de tus datos
463,Desconocido,Malaga,Palma de Mallorca,Domestic,noviembre de 2024,1,"Personal racista grosero en el abordaje. A pesar de que cumplí con las especificaciones en el billete con respecto a los carruajes, cobraron extra. El viejo del embarque es una persona muy racista. Vas a quebrar pronto"
464,Desconocido,Brussels,Banjul,International,octubre de 2024,1,"Se le pidió 90 euros por facturado - en equipaje. El equipaje se perdió. Se le reembolsó una cantidad ridícula por el equipaje, pero NO por los 90 euros que pidieron por un servicio que fue chapucero."
465,Desconocido,Barcelona,Alicante,Domestic,noviembre de 2024,1,Γάμο... ουντε μου Χρέωσαν μία polo τσάντα πλάτης 60 €. Deseo que quiebres rápido. Pago por una mochila 60 € /. 120 € de Barcelona a Alicante f@&k @@f con Egeo 200 €. Desde CFU - ATH - SKG - BCN con exactamente el mismo idioma
466,Desconocido,Barcelona,Alicante,Domestic,junio de 2024,1,"Cobrado 60 EUR por el equipaje de mano a pesar de las condiciones claras del billete. Mal servicio, sin ayuda de la atención al cliente de Vueling. No te acerques."
467,Desconocido,Barcelona,Santiago de Compostela,Domestic,noviembre de 2024,1,"15 minutos haciendo cola para embarcar. Pregunto a uno de los dos empleados que hay cuánto se va a retrasar. Me dice que estamos esperando a la tripulación, que viene en otro vuelo, pero que ya han llegado y calcula que dentro de pocos minutos.Voy a sentarme. Los empleados no dicen nada y la gente permanece de plantón en la cola. Después de un buen rato cambian la hora de embarque. La cambian tres veces más, cada vez añadiendo más retraso. Al final, los pocos minutos se convierten en dos horas. Nos cambian la puerta de embarque: de la B61 a la A8 (vamos a tener que cruzar toda la terminal). Embarco de los últimos del grupo 1 (asiento 1C). Hay un piloto de la compañía sentado allí. Se cambia a otro asiento de la misma fila; parece que le ha molestado tenerse que levantar. Tengo que poner mi maleta pequeña en la fila 7. Contínua el embarque y un pasajero pregunta al comandante a qué se ha debido el retraso: una avería es ahora la razón. Poca consideración con los clientes, poca predisposición y desgana en el personal, dejadez. Me recuerda a lo que era la aviación comercial en España cuando sólo había una compañía y era pública. Como ya he visto muchas cosas parecidas en vuelos de esta compañía, si puedo, no viajo más con ellos. Aunque tenga que hacer escala en Madrid."
468,Desconocido,Malaga,Palma de Mallorca,Domestic,noviembre de 2024,1,"La experiencia más terrible que he tenido. Estaba abordando el vuelo de conexión Málaga - Mallorca vueling. El personal de servicio me dijo que mi equipaje era de gran tamaño. Las dimensiones eran perfectas pero era un poco voluminoso ya que estaba regresando con algunas cosas que compré de Málaga. Le dije que me diera tiempo para ajustarlo. Luego me dijo que no podía volver a empacar, o pagaba o cerraban la puerta. La forma en que hablaba era muy dura y grosera. Rogué por algún tiempo, ya que había mucho tiempo para la partida. Luego me dijo que aunque lo había vuelto a empacar, la bolsa de culo en mi hombro no cabía dentro de la ventana de tamaño convencional. Le dije que tengo derecho a llevar un bolso o bolso pequeño independientemente de mi clase de reserva. Dijo ""No"" , en su ""política de aerolíneas"", consideran el bolso de mano y el bolso de transporte juntos. Le pedí que esperara mientras revisaba esto en Google, de repente cerró la puerta. Tuve que pagar 60 euros, luego abrió la puerta. También me dijo que la señora que tuvo el mismo problema unos minutos antes no les dijo una sola palabra y pagó el dinero que querían. Lo que significa que no tenemos derecho a hablar con ellos, o preguntar sobre el asunto. Necesitamos pagar e irnos cuando nos lo digan. No se trata del dinero sino del comportamiento grosero y poco profesional del personal. Tenía algunas expectativas cuando reservé esta aerolínea. Fue la primera vez que viajo con ellos. Nunca elegiré esta aerolínea. Nunca recomendaría a ninguno de mis amigos también."
469,Desconocido,Seville,New York City,International,octubre de 2024,1,"Vueling es la peor aerolínea que he encontrado! ¡Nunca más! Hazte un favor y ahorra un poco más de dinero para una aerolínea de buena reputación. ¡Volar no vale la pena! ¡Crees que estás ahorrando dinero, pero de hecho estás ganando un gran dolor de cabeza, frustración y estrés! Además te cobran extra por todo, como $ 373. ¡97 por dos facturados en maletas! ¡Además de viejos aviones incómodos! ¡Ningún ahorro! ¡Todas estas malas críticas en Tripadvisor son absolutamente ciertas! ¡Te han advertido!"
470,Desconocido,Porto,Paris,Europe,noviembre de 2024,1,"Cambian mi vuelo directo a París, por uno vía Barcelona, no acepté y Vueling no me reembolsó, para llamar a vueling es imposible obtener una respuesta son poco profesionales. . . . . incluso la factura que no me enviaron. . ."
471,Desconocido,Barcelona,Basel,Europe,noviembre de 2024,1,"Desde el principio de mi viaje, la actitud del personal de Vueling fue notablemente poco profesional. Cuando busqué ayuda con una consulta rutinaria, me encontré con respuestas abruptas y una notable falta de paciencia o empatía. Los funcionarios mostraron una actitud desdeñosa y estaba claro que no estaban dispuestos a interactuar con los clientes de manera cortés o respetuosa. En lugar de ser tratado como un cliente valioso, me sentí como si fuera un inconveniente, que no es algo que nadie debería experimentar mientras viaja."
472,Desconocido,Barcelona,Menorca,Domestic,noviembre de 2024,1,"Reserva confirmada por email por vueling, pagado con Avios + Bizum, y el dia del vuelo no puedo realizar check-in ni volar, porque en su sistema aparece reserva como cancelada al no ser autorizado el pago!!!! Tengo comprobante de su confirmación, con desglose del pago, asiento pre-asignado y ningun comunicado de cancelación. Ninguna noticacion por parte de la compañía, servicio de atención nefasto y empatía 0, tanto en mostrador auto check-in, mostrador facturación, oficina del aeropuerto BCN, así como Call center.... un error de su sistema, que nadie ha reconocido, ni pedido disculpas, ni mucho menos ofrecido compensación ni solucíón. He tenido que sacar y pagar otro billete para el siguiente vuelo disponible... 7 horas en el aeropuerto por la ineficacia del sistema y personal de vueling"
473,Desconocido,Porto,Barcelona,Europe,noviembre de 2024,1,"OJO con Vueling...quiero hacer el check in online y que me asignen el asiento (para ahorrar los precios asientos asignados - hasta 19€ en mis vuelo) y no es posible. Llamo a atención al cliente y me dicen que efectivamente, si lo quiero asignado tengo que hacer el check in en el aeropuerto y gastar tiempo cuando no voy a facturar. MISERABLES!"
474,Desconocido,Bilbao,Seville,Domestic,octubre de 2024,1,"Me cobraron 60€ por mi bolso, que siempre llevaba cuando viajaba y nunca me lo habían cobrado antes. A pesar de pagar esa cantidad por un bolso pequeño que seguramente hubiera cabido debajo del asiento, no me permitieron llevarlo en la cabina. Estaba lloviendo y cuando llegué a mi destino, mi bolso estaba totalmente empapado por la lluvia! Y ahora, si viajas con un acompañante, tienes que pagar el asiento para asegurarte de que os sentéis juntos. Creo que esta compañía está cayendo y tratando de sacarle dinero a los pasajeros. Esta compañía es una vergüenza!"
475,Desconocido,Barcelona,Copenhagen,Europe,noviembre de 2024,1,"Pésimo servicio de parte de la tripulación, no tienen educación y una pésima experiencia, no la recomiendo para nada en absoluto."
476,Desconocido,Barcelona,London,Europe,septiembre de 2024,2,"Nuestro vuelo fue cancelado de Barcelona a Londres, la aerolínea nos puso en un buen hotel que tardó alrededor de 5 horas en ordenarse como un solo personal para atender a alrededor de 170 personas en ese avión. Luego tuvimos que estar despiertos por la mañana durante 430 am para coger nuevos gastos de comida de vuelo incurridos extra nunca han sido reembolsados. También pagué extra por espacio para las piernas que no recibí en el vuelo de regreso. Toda la situación se manejó tan mal que no usaré vueling de nuevo ya que los extras no lo hacen más barato de todos modos."
477,Desconocido,London,Barcelona,Europe,noviembre de 2024,1,Cancelación de vuelo Londres Gatwick a Barcelon por una avería el avión. Nula información. Compañía Espanola sin ninguna persona que sepa español . No envían correos informatvos con alternativas. Desastre total la atención de la compañia. Falta de atención al usuario absoluta. UN.viajero tuvo que hacer de intérprete. La compañía no dió la cara. Vergonzoso.
478,Desconocido,Venice,Barcelona,Europe,noviembre de 2024,1,"Esta Aerolínea estafa a los pasajeros ! Nos han echo pagar 80€ por facturar una maleta de 11kg porque por un error de ellos mismos la app no dejaba facturar online ! En principio puedes facturar de manera online tu maleta hasta 4 horas antes del vuelo ,24 horas antes ya daba error ! La persona que nos atiende lejos de intentar ayudarnos aún demostrando los intentos hechos durante todo ese periodo de tiempo por facturar nuestra maleta la cual online solo se pagaba 26€ nos dice que son 80€ y que poco más que es lo que hay! Un error de ellos lo pagamos nosotros ! Nunca más con Vueling ! Billetes que parecen salir baratos y te sacan el dinero por otro lado ! Pesimoooo"
479,Desconocido,Barcelona,Seville,Domestic,noviembre de 2024,1,"Vuelo con esta compañía una y otra vez y, después de varios años haciéndolo, puedo asegurarles que es la peor compañía de la historia. Las posibilidades de que algo malo pase con tu vuelo son gigantescas así que, si puedes, elige otra línea para llegar a tu destino aunque signifique volar en una hora menos adecuada para ti."
480,Desconocido,Athens,Barcelona,Europe,agosto de 2024,1,"Compañía poco confiable. Dejé mi teléfono en un avión vacío, les informé en el autobús de tránsito, fue antes de 4 meses y no hay respuesta"
481,Desconocido,Palma de Mallorca,Bilbao,Domestic,noviembre de 2024,1,"En Vueling son directamente unos estafadores. Ayer día 3 de noviembre volábamos con esta compañía de Mallorca a Bilbao en el vuelo de las 7:15. Llegamos al aeropuerto con antelación y, puesto que teníamos que facturar una maleta, nos pusimos a la cola de los mostradores mi marido, mi hija de dos años y yo. Delante había otro pasajero del vuelo a Bilbao. Era una cola única para todos los vuelos y tenían dos mostradores normales abiertos y otro para la gente con ""fast track"". La cola avanzaba muy lento y tras 40 minutos esperando por fin nos toca. Entregamos los DNIs a la chica que nos atiende y tras unos segundos nos dice que lo lamenta pero que la facturación de este vuelo se acaba de cerrar por lo que no puede facturar nuestra maleta y, en consecuencia, nos quedamos en tierra (justo el pasajero que estaba delante nuestro en la cola sí había entrado)- Tras unos segundos de shock empezamos a quejarnos, a decir que son unos sinvergüenzas y que por supuesto que no nos vamos a quedar sin volar por esto. No habíamos llegado tarde a la facturación, ¡LLEVÁBAMOS 40 MINUTOS HACIENDO COLA!. Nos indican que han llamado por el altavoz, cosa que estamos seguros que no fue así, porque lo único que se oyó acerca de Bilbao, fue la llamada por parte de otro vuelo de Air Europa cuyos mostradores estaban cerca ( el mensaje no se oyó claro y una chica de nuestro vuelo que iba delante se acercó a preguntar al personal de Vueling y estos contestaron: nosotros no hemos dicho nada por el altavoz). Además, si hubiesen realizado esta llamada nosotros habríamos podido pedir a la gente que teníamos delante en la cola que nos dejara pasar. Tras 15 minutos de discusiones apareció personal de Seguridad para calmar los ánimos (fueron muy amables) y mientras les explicábamos la situación la chica del mostrador se nos acercó y nos indicó que teníamos una opción: ir a la puerta de embarque con la maleta a facturar, pagar 115 euros y así volaríamos. Tras múltiples negativas en el mostrador a facturarnos la maleta y a que voláramos y 15 minutos de discusiones después viene y nos ofrece esta solución ""in extremis"". Nosotros ante la desesperación por poder coger el vuelo aceptamos. Por supuesto estamos ya reclamándolo. Nuestra maleta estaba pagada y no nos corresponde pagar 115 euros para poder meterla en el avión cuando llevábamos 40 minutos esperando en la cola para facturar. ESTA COMPAÑÍA SOLO QUIERE GANAR DINERO RECORTANDO PERSONAL, RESULTANDO EN LARGAS COLAS Y LOS ÚNICOS PERJUDICADOS SON LOS PASAJEROS QUEDÁNDOSE SIN VOLAR O TENIENDO QUE PAGAR MÁS DINERO POR PODER SUBIR AL AVIÓN. EVITADLA."
482,Desconocido,Barcelona,Bilbao,Domestic,noviembre de 2024,1,Cancelaron los vuelos sin avisar a NADIE!!! Despues no había nadie en mostradores. Todo el aeropuerto lleno de gente que habian dejado colgada. Ladrones! Avisar de las cancelaciones aunque sea una hora antes! No cuando ya llegas para el vuelo! Incompetentes!
483,Desconocido,Barcelona,Rome,Europe,noviembre de 2024,1,La peor experiencia. Muchos de los quioscos de facturación de equipaje manual eran inoperables para empezar. Nuestro vuelo se retrasó dos veces antes de ser cancelado. Nos volvieron a reservar en un vuelo posterior que también se retrasó. Nos sentamos en el aeropuerto 8 horas extra después de todos los retrasos y cancelaciones. Llegué a Roma a las 2 am solo para averiguar que nuestro grupo de 7 personas estaban sin equipaje. No tienen ningún mecanismo de rastreo y ni idea de a dónde fue. Esta aerolínea es una broma.
484,Desconocido,Palma de Mallorca,Seville,Domestic,noviembre de 2024,1,"Te cobran bien para llevar tu mascota en la cabina, pero luego el servicio es pésimo. Viendo que nuestra perrita estaba estresada, le pedí poder dejar el morro fuera del la bolsa para que respirara mejor. Nada, puede dar alergia a la gente...entonces no dejéis subir perros o gatos, porque aún en el transportin pueden dar alergia. Hay que aguantar gente maleducada y niños golpeando tu asiento pero el perro callado bajo el asiento, que has pagado muy bien...no puede ni sacar el morro para estar más tranquilo."
485,Desconocido,Barcelona,Ibiza,Domestic,octubre de 2024,1,"Después de una cancelación por causas meteorológicas, que lo puedo comprender, nos mandan a un hotel a 70km del aeropuerto del Prat. Al día siguiente el transfer que debe recogernos no puede venir por causas meteorológicas. Esto también puedo comprenderlo, lo que me deja indignada es que nuestro vuelo salió, con 3 horas de retraso, pero salió y la compañía nos deja tirados sin ningún tipo de explicación ni solución. ¡ Con la cantidad de hoteles que hay en Barcelona ! Si hubiéramos estado dn la misma ciudad hubiera sido más fácil llegar al aeropuerto."
486,Desconocido,Bilbao,Las Palmas de Gran Canaria,Domestic,noviembre de 2024,1,"En el día de hoy 4 de noviembre de 2024 nuestro vuelo con destino a Gran canaria realizando una escala en el aeropuerto Barcelona ha sido cancelado . El motivo ha sido la inundación que ha sufrido dicho aeropuerto por las lluvias registradas el día de ayer . Han tenido que esperar hasta la hora en la que debía de haber salido el vuelo para cancelarlo cuando el vuelo anterior y varios desde el día de ayer habían sido cancelados . Con lo cual he perdido un día de mis vacaciones encerrado en un aeropuerto. Como sugerencia estaría bien que enviaran un correo informando sobre la situación antes de venir al aeropuerto y no cancelarlo en el último momento, pues ya se conocía el estado del aeropuerto de destino y que no se iba a poder solucionar en unas horas ....."
487,Desconocido,La Coruna,London,Europe,noviembre de 2024,5,Volamos con Vueling a La Coruña desde Gatwick el 27 de octubre y volamos de vuelta hoy. Reservé antes de mirar las reseñas y estoy contento de haberlo hecho porque probablemente no habría reservado. No podemos culpar a esta aerolínea. El registro fue suave y rápido. El personal era amable y servicial. Los aviones eran modernos y limpios. El personal a bordo estuvo atento. Los vuelos despegaron y aterrizaron a tiempo. El equipaje fue entregado rápidamente. No dudaríamos en volver a volar con Vueling y te recomendaría que les dieras una oportunidad. Gracias Vueling por una experiencia maravillosa.
488,Desconocido,Brussels,Valencia,Europe,noviembre de 2024,1,"Siempre que he volado con su compañía NUNCA ha salido a la hora prevista, además de ninguna información al respecto, solo un retraso de 15' pero llevamos más de una hora esperando, sin ninguna explicación"
489,Desconocido,Seville,Palma de Mallorca,Domestic,noviembre de 2024,1,"Hoy teniamos un vuelo a las 9 de la mañana con vueling para ir de sevilla a mallorca, llegamos al aeropuerto a las 8 de la mañana y vemos que hay un retraso de 3 horas, esperamos pacientemente esas 3 horas, y cuando estaban embarcando esperamos sentados a que se terminara la fila, cuando entra la última persona nos acercamos al mostrador y la chica me dice que la puerta de embarque está cerrada, perdon? Llevo esperando 3 horas en la puerta de embarque y cuando voy a pasar me dice que no en toda nuestra cara, nos quedamos flipando y evidentemente abrimos la puerta y pasamos, a lo que ella viene corriendo detrás diciéndo que no vamos a subir a ese avion, en el avion solo habían subido una cuarta parte de la gente, de manera que estaba la mitad del avion en el pasillo, 3 horas señoras y señores, esperando en la puerta de embarque y por que a ella le a dado la gana no nos a dejado subir al avión y nos hemos quedado tirados en sevilla, sin habitación sin hotel sin hostal y sin nada, deberian de hacer una extrevista de calidad para contratar a sus empleados y no coger a la primera persona que aparece, JAMAS VOLVERE A CONTRATAR UN VIAJE CON USTEDES, y no den trabajo a personas que no tienen educación ni valores ni principios ni humanidad, sabiendo que llevabamos esperarando desde las 8 de la mañana, muy muy muy enfadada con la compañia y la chica del mostrador lo peor del mundo, espero que nos devuelvan el dinero de los 2 billetes y el de esta noche, tuvimos que comprar otro billete que no sale hasta las 10 de la noche y tuvimos que pagar un hotel para poder descansar ya que nos dejo en la calle, espero el dinero de mis 3 billetes de vuelta, y el dinero del hotel por supuesto que también"
490,Desconocido,London,Paris,Europe,octubre de 2024,4,"En primer lugar solo quiero decir, que salió bien, pero veo totalmente cómo la gente piensa que es una aerolínea horrible. Nuestro vuelo no se retrasó afortunadamente : ) , pero vi otros vuelos vueling a bordo se retrasó. . Tiempos tristes... De todos modos debo decir que el avión en sí era bastante agradable, especialmente teniendo en cuenta que solo era un A 320. La mesa corredera era buena, los asientos eran buenos, (mejor que Ryanair de todos modos) , el piso estaba un poco sucio pero al final del día, era de 80 por persona bruja es bastante exquisito 👌 Y tengo que decir que el aterrizaje fue mucho más suave que Ryanair. Definitivamente no mantequilla. Pero aún así. En total, 7. 5/10 muy sólido, pero sí veo cómo la gente lo odia. 🍅🍅🍅🍅🍅🍅"
491,Desconocido,Barcelona,Florence,Europe,noviembre de 2024,1,"Hice el check in a las 20:00 hrs y mi vuelo era las 21:37 luego se retrasó 15 minutos, nuevamente re retraso a las 22:30 hrs y cuando me fui para entrar al vuelo mucho antes del tiempo de salida ya se había ido y no actualizaron que el vuelo otra ves salía a su hora de inicio, llame por horas porque la oficina estaba cerrada y nunca tuve una respuesta. Madrugue para ir cuando habrían y no daban ninguna solución más que comprar otro boleto nuevo!!! Son unos ladrones de lo peor !!!!! Éramos 12 personas a primera hora llenando la hoja de reclamación, es una vergüenza!!!!!"
492,Desconocido,Madrid,Lisbon,Europe,noviembre de 2024,1,"No hemos podido viajar por la mala operación de Vueling al volar con Iberia, no me dieron los billetes, se confirmó la reserva pero no nos dejaron hacer e Check-in para volar, total pierdes el tiempo y toda la tarde en el aeropuerto se pasan la pelota y la culpa de unos a otros de Vueling a Iberia, en el stand no resuelven y por teléfono después de hablar con 10 operadores aceptan que la culpa es de ellos y que reembolsan el dinero, pero lo primero te dejan como bobo Segundo te ofrecen pagar de nuevo otro billete o el reembolso solo del billete de vuelta. En fin su misión es cobrar el dinero y no darte ningún ticket ni código compartido para que puedas embarcar."
493,Desconocido,Rome,Barcelona,Europe,octubre de 2024,1,"He estado en varios países, Barcelona, París, Londres, Italia, utilizando esta aerolínea sin saber lo que realmente era! No tengo nada bueno que decir, todo es malo ... Los vuelos son tarde de 1 h a 1 hora y media, para hacer el check-in nadie te ayuda y si hay alguien ayudando, te tratan mal, super grosero. no tienen respeto por nada ni por nadie. no solo fue en un país en particular fue igual en todos los países. Por favor, si es tu primer viaje a Europa, nunca viajes en esta aerolínea, ¡es lo peor que he visto en mi vida!"
494,Desconocido,Cardiff,Alicante,Europe,octubre de 2024,1,"Tenía 2 x 25 kg de equipaje de bodega y 40 x 30 x 20 equipajes de mano incluidos. No hay problema de Cardiff a Alicante con equipaje de mano, que cabe debajo del asiento. Sin embargo, al embarcar en Alicante me dijeron que tenía que pagar 60 euros por la maleta de mano que estaba por debajo de los 40 x 30 x 20 permitidos. Le expliqué que estaba incluido y encajaba debajo del asiento en el vuelo de ida. El personal de Vueling fue muy grosero y dijo que tenía que pagar o dejarlo atrás. Le expliqué que era una máquina cpap por razones médicas y si mi esposo no la usaba podía dejar de respirar. Dijeron de nuevo, paga o déjalo. Pedí hablar con un gerente y me dijeron que perdería el vuelo si lo hacía. De nuevo cerraron el lector de tarjetas delante de mí y dijeron que pagara. Los dos estábamos molestos, y siendo pensionistas ahora son 60 euros de su bolsillo lo que no debería haber sucedido ya que estaba incluido en la reserva. Estábamos estresados antes del vuelo de ida en el check-in cuando nos dijeron que el vuelo que pagamos, estábamos en espera ya que el vuelo estaba sobrecargado y solo podíamos volar si alguien no aparecía. Cobrar 60 euros por una maleta de mano que sabíamos que estaba debajo del asiento que estaba incluido en el vuelo de regreso es inaceptable."
495,Desconocido,London,Barcelona,Europe,noviembre de 2024,1,NO VUELE CON VUELING - SERVICIO AL CLIENTE ABSOLUTO CERO. UNA ESTRELLA ES DEMASIADO - NUNCA VOLVERÁ A VOLAR CON ELLOS Y DECIR A TODOS LOS DEMÁS NO TAMBIÉN. ¡EVITA!
496,Desconocido,Santiago de Compostela,Tenerife,Domestic,noviembre de 2024,1,"Ademas de una pésima atención en los mostradores a la hora de tratar de solucionar el problema (que había sido responsabilidad de la compañía), hubo un problema a la hora de procesarse el pago de nuestra reserva. Este error no fue notificado hasta llegar el día del vuelo a los mostradores de facturación. Teníamos nuestro correo de confirmación de la reserva y todo parecía estar bien, sin embargo no nos ofrecieron más solución que la compra de otro pasaje."
497,Desconocido,Barcelona,Malaga,Domestic,octubre de 2024,1,"Vale la pena pagar por el asiento que quieres en Vueling? Parece que NO. En mi último viaje, ayer, 31 de octubre, en el vuelo VY2121 de las 15:40, de Barcelona a Málaga, una azafata, con un tono imperativo, completamente inapropiado y argumentos absurdos, me obligó a cambiar de asiento, después de haber pagado bastante dinero extra por sentarme donde quería. Creo que una aerolínea como Vueling debería seleccionar a su personal para ofrecer la calidad debida en su servicio. Muy disgustada y decepcionada por el trato recibido por parte de esta señora y por no poder confiar en que recibiré de Vueling aquello por lo que he pagado."
498,Desconocido,Amsterdam,Lisbon,Europe,mayo de 2024,1,"Absolutamente horrible, servicio despreciable. Traté de alcanzarlos durante 2 horas para manejar la bolsa dañada. No pude poner al empleado de servicio en línea. El sistema de voz automatizado en el teléfono no funciona, no se conecta al empleado. En un vuelo diferente se le negó el embarque a pesar de haber sido facturado. Ofrecí alternativa al día siguiente con escala. La compañía rechazó la devolución de dinero o compensación y no fue contactada por teléfono; no reaccionó a correos electrónicos o cartas. Desprecio a esta empresa y voy a lanzar una parte el día que finalmente se declaren en quiebra. ¡Evita evitar evitar!"
499,Desconocido,Barcelona,London,Europe,octubre de 2024,1,"La peor aerolínea que he usado. No pude hacer la verificación -en línea porque mi nacionalidad no estaba en la lista de verificación- en línea, incluso si no era la primera vez que volaba de España al Reino Unido con un pasaporte rumano. Tuve que hacer la comprobación en el aeropuerto. Me dan a mí, a mi marido y a mis hijos de 5 y 6 años diferentes asientos. ¿Cómo pueden pensar que un niño de 5 años puede sentarse en un avión? Esto es ridículo. Fue muy difícil intercambiar los asientos porque algunos pasajeros se negaron a moverse. Mis hijos comenzaron a llorar pensando que tendrían que sentarse separados de nosotros. No lo recomiendo si viajas con niños. Nunca había pasado en ninguna empresa hasta ahora para separar a los niños de sus padres."
500,Desconocido,Barcelona,Athens,Europe,octubre de 2024,1,Rompí mi equipaje. Claramente ha sido arrojado. Asegúrese de tener un seguro de viaje o presentar una reclamación antes de salir del aeropuerto: la compañía no tramitará su queja si ha salido del área de equipaje.
501,Desconocido,Cairo,Paris,International,octubre de 2024,5,"Acabamos de regresar de un viaje de ida y vuelta con Vueling Airlines al aeropuerto de Orly en París. Nos pareció que Vueling era una gran aerolínea de tarifas bajas, mejor que otras que hemos utilizado para viajar a Londres. Todos los vuelos eran a tiempo, el personal era educado y profesional, incluyendo check-in y vuelo. Las comidas se cobraban con precios razonables. Toda la experiencia fue agradable. Llegamos 3 horas antes de nuestro vuelo de regreso, esto no era necesario lo procesamos a través de tarjeta de embarque Vueling y equipaje en minutos."
502,Desconocido,London,Barcelona,Europe,octubre de 2024,1,"Billetes demasiado caros que tuve que comprar por cambiar de fecha y Vueling, pensé que iba a pagar la diferencia solo pero terminé comprando un billete nuevo por el precio completo MÁS la tarifa de 50€. Por no hablar del muy muy pobre servicio al cliente, debo decir que esta es la peor experiencia de la historia, nunca recomendaría esta empresa a nadie más."
503,Desconocido,Florence,Barcelona,Europe,octubre de 2024,1,"Perdí este vuelo desde que abordó una hora antes del despegue. Y, por supuesto, no hay nadie en el lugar para asistir o responder una llamada telefónica. Tuve que volver a reservar al día siguiente. Ahora lo sé. Este vuelo abordó temprano para cargar pasajeros en varios autobuses. Luego espere 30 minutos para transportarlo al jet. Luego sube al jet y siéntate en la pista esperando el despegue. ¡Estas aerolíneas europeas de costa baja apestan!"
504,Desconocido,Barcelona,Santa Cruz de la Palma,Domestic,octubre de 2024,1,"Vueling ha perdido mi equipaje facturado. Han pasado 21 días (la legislación de la UE considera que está totalmente perdida). Así que los estados: 1 . No se encuentra 2 . Obtener una alerta de que se encuentra 3 . 5 días después - el equipaje no se entrega. Así que llamo - y dicen perdón en realidad NO ENCONTRADO. 4 . Muy bien, esperando 2 semanas más. Intenté escribir emails - sin respuesta. Intenté escribir en el sistema interno - sin respuesta. Intenté llamar al servicio al cliente 15 veces. Es tan automatizado que es literalmente imposible llegar a un agente en vivo, es un robot diciendo 2 - 3 opciones y luego cortándote! ! ! ! ! ! ! ! ! ! Max enojado debido a esto. No por el hecho de que lo hayan perdido, pero simplemente NO LES IMPORTA. Además, todos ""parecen ser tan agradables al respecto"" pero nadie realmente ayuda. Ahora, si hay una respuesta a esto, ahorra tus buenas intenciones y ayuda a resolver este número de caso: SPCVY 10019 (llámame, consígueme confirmación de que se ha perdido, etc) ."
505,Desconocido,Rome,Barcelona,Europe,octubre de 2024,1,"Evitar a toda costa a estos estafadores, lo pido encarecidamente al que esté leyendo esto, no es una reseña en caliente y rencorosa, es totalmente objetiva. EVITAR ESTA COMPAÑIA DE ESTAFADORES."
506,Desconocido,Rome,Paris,Europe,octubre de 2024,1,"Por favor chicos eviten que esta horrible aerolínea sea la peor , quieren ponerse al día con ok los accesorios en costo extra , peor servicio al cliente y nunca te enfrentan. Utilice otras aerolíneas"
507,Desconocido,Palma de Mallorca,Malaga,Domestic,octubre de 2024,1,"Se me ocurrió enviar una oferta tras recibir un email de Vueling ofreciéndome ""mejora tu asiento"". OJO, resulta que NO puedes escoger en que asientos ""mejores"" te van a cambiar. Antes de realizar la oferta, los 3 pasajeros viajábamos juntos y tras aceptarla, Vueling nos separó. Es decir, no te dejan confirmar la oferta viendo antes en que asientos te han colocado. Además, te dice que te mandarán la respuesta 4 horas antes del vuelo, pero no es cierto. A mi me respondieron 48 horas antes del vuelo, por lo que me cobraron el dinero y tuve que volver a cambiar a los asientos iniciales para poder sentarnos juntos."
508,Desconocido,Barcelona,Banjul,International,septiembre de 2024,1,"Si pudiera irme - 5 estrellas lo haría. Nunca en mi vida me encontré con una tripulación aérea tan grosera, irrespetuosa y racista. Mi familia y yo volamos una vez al mes y hemos utilizado muchas aerolíneas diferentes, pero esta experiencia fue impactante. Estábamos con 2 niños pequeños que se portaron muy bien para su edad. No lloraron ni causaron ningún problema. Simplemente jugaban en los iPads y dibujaban en sus libros. Pensé que todo iba hasta que la española sentada detrás de mí se quejó a la tripulación de que mi hija estaba hablando... sí hablando. No llorando. No gritando. Hablando. La mujer detrás de mí dijo “controlarla” sobre mi hija. La tripulación también siendo española se puso de su lado. La tripulación masculina se subió a la mía y mis compañeros se enfrentan tratando de intimidarnos, luego nos proporcionaron una advertencia por escrito del piloto por perturbar el avión. Ten en cuenta que mi hija simplemente me hablaba. La tripulación tuvo el descaro de llamar a la policía de Gambia para que nos escoltara fuera del avión. Una vez que llegamos a la comisaría dijeron “tenemos este tipo de llamadas de vueling todo el tiempo, sabemos que son racistas. Eres libre de irte” Nunca en mi vida volveré a pisar un vuelo de Vueling ni yo ni mi familia. ALEJARSE❌"
509,Desconocido,London,Rome,Europe,octubre de 2024,1,"Horrenda experiencia con Vueling que ha arruinado nuestra luna de miel y nos ha obligado a cancelar todo el viaje con algún gasto. Nuestro vuelo a Roma fue cancelado mientras pasábamos por seguridad sin previo aviso y sin razón alguna. El vuelo ya se había trasladado a un momento ligeramente posterior unas semanas antes, sin más advertencia que un cambio de estado dentro de la aplicación. Las alarmas deberían haber sonado entonces, pero estaba dispuesto a darles una oportunidad. El personal del mostrador no tenía información, y la única comunicación que recibí fue la oferta de un nuevo vuelo programado para dos días después a través de la aplicación, que ahora he rechazado y solicitado un reembolso. Las líneas telefónicas son una pérdida de tiempo. No se puede hablar con nadie y la respuesta automatizada no sirve de nada. El espantoso nivel de servicio, junto con la falta de comunicación adecuada y la frecuencia de cancelaciones, solo puede llevar a la conclusión de que toda la organización es una estafa. Yo diría que no vuelen con Vueling, pero ni siquiera he tenido la oportunidad debido a su propia incompetencia. Así que en su lugar diré esto. Si alguien considera reservar con Vueling le aconsejaría que pague más por una aerolínea genuina y legítima, o que simplemente no se moleste."
510,Desconocido,Vienna,Barcelona,Europe,octubre de 2024,1,2 horas de retraso del vuelo. Estuvimos dentro del avion sin volar. Llegamos a Bcn y estamos 30 min dentro del avion sin salir aun. Pesimo servicio!!!! un desastre total.
511,Desconocido,London,Rome,Europe,octubre de 2024,1,"So. Volando a Roma. Fue reservado en British Airways pero terminó en Vuelng de alguna manera. Debe ser una compañía hermana. ¡El peor! Nuestros asientos se inclinaron para que te deslizaras hacia adelante. No podía sentarme erguida, así que mi espalda me estaba matando. Las rodillas golpearon el asiento. Muchos asientos no se mantenían erguidos, así que el que estaba delante de mí se inclinaba hacia atrás. Comenzaron a entregar bebidas y luego se detuvieron 1/4 de camino hacia abajo. Nunca terminó. Mantuvo el cartel del cinturón de seguridad en todo el viaje y si te levantabas para usar el baño te saludaban de vuelta a tu asiento y te decían que te sentaras. Hace que West Jet y Air Canada se vean increíbles. Dos horas y media de vuelo y ni siquiera recibió un vaso de agua. Luego llegamos a la terminal equivocada desde donde debíamos llegar con British Air, y donde estaba nuestro taxi, así que fue todo un calvario localizarlo."
512,Desconocido,Lisbon,Bilbao,Europe,noviembre de 2023,3,"Era a tiempo y las azafatas lo eran, pero los pilotos... no eran tan buenos. El aterrizaje fue horrible y en la aproximación final el avión tembló violentamente."
513,Desconocido,Barcelona,London,Europe,octubre de 2024,2,"Si pagas por el embarque premium en la primera fila, todavía necesitas esperar en la fila. A pesar de anunciarse como sin necesidad de esperar en la cola. Debido a nuestro vuelo tardío, esperamos 50 minutos en línea sin información disponible sobre el retraso. Si no espera en la fila, no espere espacio para su maleta... porque aunque la aerolínea vendió el espacio para usted, no le ahorrará espacio. E incluso si esperas en la fila, espera ser prácticamente atropellado por un 20 algo de carreras para encontrar espacio disponible en la parte superior. Los viajeros frecuentes me dijeron que esta aerolínea -e ibérica- llevan habitualmente entre media hora y una hora de retraso. El personal era encantador. El problema parece ser que la aerolínea rara vez llegará a tiempo y tendrás que pasar mucho tiempo en la fila, pase lo que pase. Mi primera vez en esta aerolínea fue genial. Los siguientes dos viajes fueron muy decepcionantes."
514,Desconocido,Barcelona,Amman,International,septiembre de 2024,1,"No existe servicio al cliente. Mi vuelo fue cancelado sin ofrecer una alternativa. Ellos envían el dinero en una especie de ""cartera"" y yo sólo lo quiero de vuelta en la cuenta mh. Después de eso he llamado, enviado por correo y abierto dos tickets ang Nunca supe de entonces. Correo: sin respuesta Teléfono: solo robot que no recibe el problema y me envía de vuelta a la aplicación App: no consigue el problema y me reenvía a la página web Ticket: dos tickets abiertos desde hace meses, pero además del correo de confirmación, nunca he tenido noticias Simplemente no utilice Vueling si tiene alternativas. No es el primer problema que tuve y parece que es su modelo de negocio."
515,Desconocido,Bilbao,Rome,Europe,octubre de 2024,1,"Esta aerolínea es un desastre. Evitar a toda costa. Nuestros ""billetes baratos"" se convirtieron en un desastre después de pagar por CADA ETAPA de nuestro viaje a España por tarifas de equipaje de 420 euros. En Barcelona nos pillaron por 60 Euros cada uno por mochilas que ""no cabían debajo de los asientos"". Mucho menos costoso haber volado una aerolínea real. Nuestras tarifas de equipaje fueron más del doble del costo de los boletos en sí."
516,Desconocido,Barcelona,Tenerife,Domestic,octubre de 2024,5,"Hoy hemos volado de Barcelona a Tenerife y ha sido un vuelo de 10. Uno de los trabajadores de staff De dentro del avión llamado Pedro me ha ayudado mucho y ha sido muy amable y atento. Se notaba que hacia su bb trabajo con dedicación y tenía que decirlo. Además el vuelo ha sido muy cómodo, bien organizado y en hora. Un 10!!"
517,Desconocido,Barcelona,Seville,Domestic,octubre de 2024,1,Los sillones.tenian rota los apollabrazos y.los aires acondicionado estan rotos y descolgados. No cabian las mochilas y tuvimos q.llevarla.en los pies duramte dos horas
518,Desconocido,Barcelona,Nice,Europe,septiembre de 2024,1,"Peor compañía aérea, mi experiencia y la de mis vecinos y también las que vemos aquí publicadas, son unánimes: te cancelan el vuelo sin motivo y no te reembolsan, durante una escala lejos de casa. Esta es una situación insoportable para ti. , hay que esperar a que salgan otras compañías y por supuesto pagas un billete mucho más caro porque no hay antelación. Nunca volveré a volar con esta compañía y haré mala publicidad toda mi vida en todas las redes sociales."
519,Desconocido,Paris,Barcelona,Europe,octubre de 2024,1,"Realmente terrible experiencia con Vueling. Después de pagar por adelantado por nuestros boletos más dos maletas facturadas, llegamos a Orly y nos dijeron que nuestras dos maletas medianas ""excedían los límites de peso"" y nos cobraron casi $ 250. 00 por peso excesivo de bolsas. Nunca vueles Vueling de nuevo."
520,Desconocido,Seville,Bilbao,Domestic,octubre de 2024,1,Retrasado. En la cola la gente mencionaba que siempre llegan tarde. Los últimos 6 vuelos con ellos tarde o cancelados. Desastre total
521,Desconocido,Seville,Barcelona,Domestic,octubre de 2024,1,"Nunca he tenido un viaje de regreso por la noche con esta compañía que NO llegó tarde. Además, todas las compañías que pueden ayudarte a cobrar una indemnización, no aceptan reclamaciones de clientes de Vueling, ya que la mencionada compañía NUNCA devuelve nada. Eso me pasó 5 veces, y una vez me hicieron celebrar el año nuevo en el avión."
522,Desconocido,Barcelona,Madrid,Domestic,octubre de 2024,1,"Lo peor de lo peor, si usted tiene la oportunidad utilice cualquier otra cosa que esta aerolínea, si quiere mejor váyase en bicicleta, el servicio pésimo y si pudieran cobrar hasta por usar el baño sin duda lo harían. Los maleteros vacíos pero con tal de cobrar una estafa prefieren la mala fama. Sin duda mi peor experiencia en avión."
523,Desconocido,Alicante,Bergen,Europe,octubre de 2024,1,"El pasado 19 de octubre tenia que viajar a Bergen por trabajo. Cogí a través de edreams unos vuelos con escala. Estos eran de Alicante a Barcelona, Barcelona Oslo y Oslo Bergen. Estos dos primeros con Vueling. El primer vuelo salía a las 6:50h por lo que yo a las 5:15 ya me encontraba en el aeropuerto. A las 6:30 me informan de que el vuelo se va a retrasar 5h. Me dirijo al puesto de Vueling del aeropuerto y solo me dicen que ahí solo se hace el check in, que no pueden ofrecerme ayuda ni información. Que intente en Iberia. Me dirijo a Iberia y dicen que si lo cogi a través de otra agencia que tengo que ponerme en contacto con ellos, que Vueling no puede hacer nada. Llamo a edreams y me dicen que tengo que contactar con Vueling ya que son los responsables del retraso. Este retraso me suponía la perdida del vuelo de conexion de Barcelona a Oslo y por tanto el coger el siguiente avión de Oslo a Bergen. Asi que decido coger por mi parte un nuevo vuelo de alicante a Bergen. Cuando he vuelto de mi viaje me he encontrado que no hay modo de contactar con Vueling si no es a través de un contestador automático que te rediríge todo el rato a la web, o en la web con otro contestador automático al cual no puedes explicarle tu situación y ni añadir mas información de la mínima que te piden. Solo te dan la opción de la compensacion por retraso que no me da ni para cubrir gastos. Un autentico desastre de compañía. No volverá a coger ni un vuelo mas con ellos nunca."
524,Desconocido,Palma de Mallorca,Barcelona,Domestic,septiembre de 2024,1,"Tengo que decir que esta es la aerolínea más desorganizada en la que he viajado y he viajado mucho! Perdieron tanto el equipaje mío como el de mis amigos en ambas direcciones. Los perdidos en el camino fueron entregados al día siguiente, sin embargo, los que estaban en el camino de regreso fue una historia diferente. Todavía MIA. Regresé a casa el 9 / 23 / 24 y aunque me notificaron repetidamente desde el aeropuerto que tenían mi equipaje, Vueling todavía dice que no lo pueden encontrar. La de mi amigo fue entregada la semana pasada, pero la mía no se encuentra por ningún lado. No hay duda de que está ahí porque 3 personas se pusieron en contacto conmigo y me enviaron fotos diciendo que faltaba la suya y ya que la mía estaba allí, ¿era posible que tomara la suya. Vueling no ha sido útil y hemos estado enviando correos electrónicos todos los días. Seriamente frustrante. Si decide usar esta aerolínea, le sugiero seriamente que no revise una maleta."
525,Desconocido,Valencia,Paris,Europe,octubre de 2024,2,Pesima atencion del personal que pide pasaporte y tiquete. Muy grosera la persona que solo queria cobrar las maletas. Llevaba un morral y me hizo pagar 60€ ( eramos 2 personas) quiere decir que pagamos 120€; me Di cuento que cobra maletas a extranjeros porque pasaron muchas personas con morales mas grandes y no dijo nada. Para terminar el avion IBA con muchos puestos vacios. Récupération la plata de los billets con el cobro de maletas extra
526,Desconocido,Barcelona,Berlin,Europe,octubre de 2024,1,"Pésimo servicio. Nos cambian el vuelo sin más, nosotros perdemos un día entero en un viaje corto. Además, habíamos reservado con antelación los asientos pagando demás en las primeras filas por pánico de avión. Al cambiarnos de avión y aceptando su propuesta, nos cambian los asientos a las filas de atrás. No hay manera de hablar con una agente por teléfono, hemos llamado muchas muchas veces y es imposible, solamente atiende una máquina. No nos hacen ningún gesto comercial, ni nos devuelven la diferencia de precio de la fila delantera a la fila trasera. Una vergüenza y cada vez peor su servicio al cliente. No se entiende como este tipo de servicio puede ser permitido. El cliente no tiene ayuda con vueling, ni mucho menos voz."
527,Desconocido,Split,Rome,Europe,octubre de 2024,2,Horrible en todos los sentidos. Avoid. Siempre tarde lo descubro. Los porteros son peores que horribles. Supongo que tratar día tras día con clientes insatisfechos AVOID
528,Desconocido,Paris,Bologna,Europe,octubre de 2024,1,"Reservas un vuelo, y tienes derecho a cambiarlo en un plazo de 24 horas, pero las todas las opciones de vuelos desaparecen (como por arte de magia) , por lo que ya no puedes cambiarlo. El servicio al cliente es inexistente. Conclusión: te venden grandes estafas"
529,Desconocido,Paris,Barcelona,Europe,octubre de 2024,1,"Pésimo pésimo servicio. Las Cabinas de los aviones están anticuadas. Están abandonando la compañía, se ve demasiado el recorte de gastos."
530,Desconocido,Palma de Mallorca,Valencia,Domestic,octubre de 2024,1,"Ha sido pésimo: fuimos a Valencia, se nos iba el avión, no teniamos el Certificado de Recidencia y nos hicieron pagar un montón de euros más SOLO por eso y más encima, se fue el vuelo. Decidimos cojer el avión de las 20:15. tuvímos que pagar más. A la vuelta hubo overbooking y no pudimos pasar a nuestro vuelo de vuelta y el proximo ya era al dia siguiente. terminamos saliendo de Mallorca más tarde y regresano al dia siguiente. No lo recomiendo, elijan otra compañía por que de esta no se puede uno fiar."
531,Desconocido,Paris,Milan,Europe,octubre de 2024,1,¡EVITA EL VUELING A TODA COSTA! PERDIERON LAS MALETAS DE TODOS LOS PASAJEROS EN EL VUELO DE PARÍS A MILÁN PORQUE NUNCA LOS SUBIERON AL AVIÓN. TODOS LOS PASAJEROS ESTUVIERON SIN MALETA DURANTE CASI UNA SEMANA NOS DIJERON QUE ENVIÁRAMOS RECIBOS POR SUSTITUCIÓN DE ARTÍCULOS ESENCIALES EN MI CASO ERAN 445 EUROS POR PRODUCTOS DE HIGIENE ROPA INTERIOR CALCETINES CAMISAS ETC VUELING RESPONDIÓ CON 150 EUROS NADIE EN VUELING EL DÍA DE LA INCIDENCIA O CUALQUIER DÍA MENCIONÓ POSTERIORMENTE UNA LIMITACIÓN DE 150 EUROS ESTA INFORMACIÓN NO APARECE EN SU PÁGINA WEB SOLO DICE ENVIAR RECIBOS AHORA ESTOY DE BOLSILLO 300 EUROS EVITAR! ¡EVITA! ¡EVITA!
532,Desconocido,Paris,Barcelona,Europe,octubre de 2024,1,¡El peor servicio al cliente que he visto! No es posible contactar a nadie por teléfono. No es posible obtener la factura de los billetes de avión! ¡Nada funciona en esta miserable compañía! ¡Nunca más!
533,Desconocido,Barcelona,Ibiza,Domestic,octubre de 2024,1,La peor compañía que he volado nunca! Me han echo cobrar un equipaje de mano y encima me la bajan a la bodega para tenerme que esperar allí mas! Aparte no aceptan efectivo para pagar.
534,Desconocido,Rome,London,Europe,septiembre de 2024,1,"Acabo de tener una experiencia terrible con Vueling. Nos registramos y nos negaron los asientos adicionales en el espacio para las piernas en la primera fila que habíamos pagado, ya que teníamos un saxofón con nosotros que había 'reservado un asiento' que no lo permitirían en los asientos del espacio para las piernas a pesar de que tenía un asiento de ventana (1 A) en el vuelo de salida. Nos sentamos en el avión durante 90 minutos, el capitán mintió sobre el clima en Inglaterra (el vuelo de BA LCY despegó a tiempo y aterrizó en el Reino Unido) y la tripulación se agotó. Tuvimos que alquilar el aeropuerto se sentó durante 90 minutos esperando un equipo de reemplazo, luego cancelaron el vuelo. El sitio web se negó a procesar un reembolso en efectivo a pesar de intentarlo, y tratando, y tratando! Compañía inútil, servicio inútil. No los uses"
535,Desconocido,Athens,Alicante,Europe,octubre de 2024,1,"La peor aerolínea con la que he viajado nunca, retrasos en vuelos, dinero no reembolsable, avión incómodo… PÉSIMO TODO"
536,Desconocido,Rome,Dubrovnik,Europe,octubre de 2024,5,"No entiendo todas las malas críticas, ya que tuvimos un muy buen vuelo. El espacio para las piernas era suficiente, ya que algunas personas olvidan que esta es una aerolínea económica. Nuestro vuelo fue muy suave, el aterrizaje fue genial y en el aeropuerto no tuvimos problemas. Sin duda recomendaría si usted está buscando una buena y barata Aerolínea que le llevará desde el punto A a ser."
537,Desconocido,Tenerife,Barcelona,Domestic,octubre de 2024,1,El sitio web no me dejó agregar equipaje. Y en apoyo tampoco pudieron hacerlo. En lugar de pagar 40 € cobran 90 € en el aeropuerto desde la tarjeta que intenté utilizar en el sitio web y a través de la línea de soporte.
538,Desconocido,Wilkes-Barre,Bournemouth,International,octubre de 2024,1,"Miserables ,,60 euros por llevar una bolsa con monedero y tablet. Origen Barcelona destino Londres. Es lo más parecido al juego de los trileros."
539,Desconocido,London,Bilbao,Europe,octubre de 2024,1,"Normalmente no pierdo el tiempo para comentar como se merecen. Cancelaron mi vuelo el viernes sin compensación por hormigas. Luego me cobraron 110 € por cambiar mi vuelo. Entonces incluso yo estaba en el aeropuerto una hora antes de la hora de salida rechazó mi entrada afirmando que llego tarde. Por lo tanto, necesitaba comprarles otro boleto ya que necesito estar en bilbao por una situación urgente. Estos ladrones robaron mis 220 € en total, ni se te ocurra usar sus vuelos."
540,Desconocido,London,Paris,Europe,octubre de 2024,1,"No hay personal en el check-in, ni representante con quien hablar. El personal de Heathrow era terrible y franco, y poco servicial. El servicio de atención al cliente de Vueling tampoco fue útil. Terrible aerolínea."
541,Desconocido,Nantes,Malaga,Europe,octubre de 2024,1,"Compagnie Low cost, & Bajo servicio & Cortesía baja & Bajo flexible PERO: Falsas promesas & inalcanzable & sin asistencia & trap setter JE NE PEUX RIEN POUR VOUS NO PUEDO HACER NADA POR TI"
542,Desconocido,Barcelona,Las Palmas de Gran Canaria,Domestic,octubre de 2024,1,"¡No uses esta aerolínea! ¡Son ladrones y estafadores! Éramos 2 personas viajando en reservas separadas y durante nuestra conexión nuestras 2 maletas se perdieron y se retrasaron durante 48 horas arruinando los primeros 2 días de nuestras vacaciones! La persona en el aeropuerto solo creó 1 incidente PIR e incluyó las 2 maletas perdidas en él. Obviamente abrimos 2 reclamaciones con 2 números de reclamación diferentes, ya que era 2 personas en 2 reservas diferentes. Han pagado una de las reclamaciones y ahora han cerrado el incidente del PIR sin pagar la segunda reclamación. Llamé la semana pasada y hablé con Samantha quien dijo que un supervisor me llamaría. Una semana después nadie me había llamado así que pedí a un supervisor que me llamara. Esta vez, un supervisor llamado José María me devolvió la llamada diciendo que el PIR estaba cerrado y que entendía que no era justo que solo se hubiera resuelto una reclamación, sino que era legal y no obtendría nada y pediría a la otra persona que compartiera la mitad de su compensación. ¿Puedes creerlo? ¡Ladrones y estafadores! ¡Nunca volará Vueling de nuevo y tampoco aconsejaría a nadie volar con Vueling! ¡Abriré una queja con la CAA para intentar recuperar mi dinero! ¡Muy enfadado por esto!"
543,Desconocido,Barcelona,Grand Turk,International,septiembre de 2024,1,Reservamos un vuelo desde Barcelona a Granada España. Declararon que el avión no podía aterrizar en Granada porque estaba demasiado oscuro afuera y desviaron nuestro vuelo a Mallorca. Todavía había luz cuando aterrizamos en Mallorca. No nos dieron ninguna información y esperamos en el aeropuerto de Mallorca durante horas antes de que nos dieran un autobús para llevarnos a Granada. El autobús se averió en el camino y tuvimos que esperar otra hora antes de poder volver a irnos. Se suponía que llegaríamos a Granada a las 6 : 30 pm pero no llegó hasta el día siguiente después de las 12 am
544,Desconocido,Barcelona,Ibiza,Domestic,septiembre de 2024,1,"Peor aerolínea. La azafata tiene actitud todo el tiempo. Yo diría que todo el equipo. Incluso tienen actitud para cerrar ese courtain en tu cara todo el tiempo, con actitud! COMPRUEBE SUS ETIQUETAS DE EQUIPAJE , el asistente en el quiosco se arruinó tanto e imprimió la etiqueta de vuelo OUT con destino en lugar de la etiqueta IN blind... después de eso , ha sido una pesadilla . Nunca tuvimos nuestro equipaje, y ahora comimos peleando con un abogado externo “compañía de pasajeros” para obtener lo que merecemos por esto! Vueling estaba tratando de cerrarme por 500! Para su información tiene derecho a 64 euros por día de su equipaje perdido durante 31 días! ¡Sin incluir tus primeros días esenciales!"
545,Desconocido,Barcelona,Las Palmas de Gran Canaria,Domestic,septiembre de 2024,1,"Siempre los vuelos con retraso. Siempre. Salimos dos grupos, uno de Barcelona a Granada, el otro de Barcelona a Sevilla. El de Granada casi una hora de retraso, el de Sevilla dos horas. No es l segunda vez. Ya hemos convenido que en la medida de los posible evitaremos viajar con Vueling y perder el tiempo."
546,Desconocido,London,Santiago de Compostela,Europe,octubre de 2024,1,El día 17 de octubre tenía mi vuelo a santiago pero no me permitió hacer el check in online. Llegue al desk para hacer el check in y me dijeron que estaba en standby. Entre en el aeropuerto y después de que entraron todos los pax dijeron que no podíamos volar en ese vuelo. Muy mala la organización en el aeropuerto. Estuve esperando 45min para salir del aeropuerto. Fuera solo me dijeron que tenia que esperar un mensaje de Vueling. No recibí nada. Según la normativa aérea nos tienen que proporcionar bebida y comida. No recibí nada. Me pusieron para el vuelo del viernes y después de esperar 3h me dieron el Hotel. Nunca tuve ningún problema con Vueling. La atención al cliente pésima.
547,Desconocido,Las Palmas de Gran Canaria,London,Europe,septiembre de 2024,1,"Un par de horas después de nuestro vuelo - y aunque no había carros en los pasillos - mi hija y yo necesitábamos visitar el baño. Nos dijeron, sin rodeos, los dos tripulantes de cabina que estaban en la parte delantera del avión que no podíamos usar las instalaciones cuando estaban a punto de comenzar el segundo servicio y tuvimos que esperar hasta que hubieran completado esto. Protesté, pero fuimos enviados inteligentemente a nuestros asientos en la fila 11. Después de media hora mi hija estaba tan incómoda que mi amigo (más audaz) la llevó a pasar el tranvía. Nunca me han negado una visita al baño en un vuelo, por lo general la tripulación se esfuerza por ser útil. Escribí a los servicios de atención al cliente a nuestra vuelta, con el tiempo, la comprensión del complicado proceso a través del sitio de reservas (no uso X, instagram u otros medios similares. ) pero nunca supe nada. Reservamos a través de BA, así que les informé del mal servicio, aunque comprensivos no podían revertir completamente ya que este vuelo era operado por Vueling. BA tiene un excelente servicio al cliente con personal capacitado y educado, desearía que sus operadores siguieran su ejemplo."
548,Desconocido,Barcelona,Cairo,International,octubre de 2024,1,"Sus políticas y condiciones de cancelación atentan contra el consumidor. He caído enferma de covid, he solicitado cancelar el vuelo y me ofrecen un bono. En sus condiciones de cancelación no hay ningún apartado que diga ""y la devolución se hará en un bono"" dice que es posible cancelar si está justificado. Yo no quiero un bono, no tengo más días de vacaciones y en el futuro no sé si quiera si voy a usar el bono. La cuestión es que si está justificado, en cualquier establecimiento de consumo te hacen la devolución en la misma forma de compra. NO RECOMIENDO PARA NADA sus políticas y condiciones son abusivas y van contra las leyes de protección del consumidor."
549,Desconocido,London,Santiago de Compostela,Europe,octubre de 2024,2,"Generalmente, no suelo tener problema alguno con esta compañía, pero en este caso, tenía un vuelo de transferencia en el aeropuerto de Gatwick, en el que ofertan la posibilidad del Fast track (esto es, pagar por tener acceso al mostrador rápido de control de equipaje y así agilizar el proceso, para cuando existe muy poco margen entre vuelos). Al ser este mi caso, tener solo 1 hora para hacer todo el recorrido del aeropuerto, me enviaron esta sugerencia para añadirla a mi tarjeta de embarque, así que por miedo a poder perder el avión, pagamos esta opción. La sorpresa fue que al llegar a la cola de control y hablar con los de seguridad, nos dijeron que no estaba disponible, por lo que nos tuvimos que comer igual toda la cola de control de equipaje de tráfico internacional. Estuvimos a punto de perder el avión por esta broma de mal gusto. Antes de ofrecer un servicio, hay que asegurarse que efectivamente, lo van a tener disponible en el aeropuerto."
550,Desconocido,London,Rome,Europe,septiembre de 2024,1,"Vueling Team respondió a mi queja con respecto al cheque online - en la política, no se disculpa, no hay explicación por el hecho de que no pude hacer el cheque online - en y perdí mucho tiempo precioso de mi viaje a Londres siendo obligado a estar de vuelta en el aeropuerto antes para el chequeo de mostrador - en, donde no se dio ninguna razón razonable cuando pedí una explicación, para este mensaje embarazoso y escandaloso apareció en su sitio, siendo ""mi nacionalidad"" no soy elegible para usar el cheque online - en la característica / opción, incluso si en un vuelo anterior teniendo el cheque automático - en la opción activada no tuve ningún problema. Prácticamente de hecho, no fueron capaces de dar una explicación plausible ni en ese momento en el momento de la recepción y tampoco ahora, más que su cheque en línea - en las políticas / prácticas son vergonzosos e inaceptables. De hecho, personalmente decidí no utilizar más sus servicios como medida inicial y seguir los esfuerzos legales adicionales... El vuelo de Gatwick al aeropuerto de Roma Fiumicino el 18 de septiembre de 2024. Gracias y que tengan un gran día. Saludos, Michael"
551,Desconocido,Athens,Ibiza,Europe,julio de 2024,1,"La peor aerolínea. Mi vuelo se retrasó, perdí mi conexión y me vi obligado a pasar la noche en el aeropuerto de Barcelona de camino a Ibiza. Al día siguiente el personal de Vueling se negó a dejarme tomar el primer avión a Ibiza porque me habían emitido una tarjeta de embarque equivocada. Fue solo porque discutí con ellos que me dejaron subir al avión y finalmente llegaron a mi destino. Después de repetidos intentos de compensación Vueling dijo que era una circunstancia extraordinaria y que no tenían que pagarme ninguna compensación. Perdí una noche de alojamiento en Ibiza y llegué un día tarde. No vuele con esta aerolínea, con ninguna otra que no sea esta. Mal servicio, mal servicio al cliente, mal todo. Ali"
552,Desconocido,Paris,Barcelona,Europe,septiembre de 2024,1,"Reservé un vuelo de París a Barcelona. Llegué por primera vez al aeropuerto y ningún empleado pudo explicar dónde estaba la terminal. Cuando finalmente encontramos la terminal una señora me detuvo justo antes de entrar en la línea porque tenía un grupo. Cuando todo el mundo de su grupo sobrevivió y ella finalmente me dijo que era demasiado tarde y que aceptaban equipaje de un vuelo diferente, así que no podía aceptar mis maletas. Mi vuelo todavía estaba allí hablando de 5 minutos que literalmente podría haber sido la diferencia de ehen ella me detuvo. Me hicieron pagar casi 600 dólares más para reservar el próximo vuelo. Eran groseros, decían que no había supervisor y nadie podía ayudarme."
553,Desconocido,Seville,Bilbao,Domestic,octubre de 2024,5,"Iker es una maravilla de persona, nos ayudo con el miedo a volar de mi pareja. No esperaba el trato tan cercano que ha tenido con nosotros y se lo agradezco en el alma. Le doy un 10 en todo. Gracias!!"
554,Desconocido,Rome,Paris,Europe,octubre de 2024,2,Muy mal check-in y servicio de embarque! Tengo que esperar a través de la cola solo para reiniciar desde atrás de nuevo. Venía con amigos y el abordaje se hacía juntos. ¡Dejamos entrar a pocos amigos y paramos a pocos de nosotros y pedimos empezar desde atrás solo para dejar pasar a pocos! Espacio para las piernas súper corto! No en los servicios de vuelo.
555,Desconocido,Bilbao,Amsterdam,Europe,octubre de 2024,1,Personal antipático! Ser obligado a pagar costos adicionales por el equipaje que pagué ya No pude contactar con el servicio de atención al cliente para solucionar los problemas que tuve con Vueling. ¡Esta fue mi peor experiencia de vuelo!
556,Desconocido,Florence,Barcelona,International,septiembre de 2024,1,"¡LA PEOR AEROLÍNEA CON LA QUE PODRÍAS VOLAR! Nuestra experiencia con Vueling fue una completa pesadilla de principio a fin. No solo nuestro vuelo fue cancelado sin ningún apoyo o alternativas, sino que también nos quedamos varados durante dos días, obligados a pagar noches de hotel adicionales y nuevos boletos. Para empeorar las cosas, nuestro equipaje se perdió durante la conexión, y no hemos recibido actualizaciones o comunicación de la aerolínea con respecto a su estado. La falta de servicio al cliente es impactante, y honestamente no entiendo cómo esta aerolínea sigue operando. Evitar a toda costa."
557,Desconocido,Barcelona,Lisbon,Europe,octubre de 2024,1,"Me equivoqué al contratar tema maleta. Puse facturarla cuando quería en cabina. trolley de 7 kg. respuesta de Vueling por teléfono : no se puede cambiar de facturada a cabina, no se puede anular la facturada. única opción es pagar más :comprar para llevar en cabina además de tener pagada la errónea de facturación. INCREIBLE , servicio???, ayuda no obtenida"
558,Desconocido,Barcelona,Athens,Europe,octubre de 2024,1,La peor aerolínea en la que he estado. ¡No reserve con ellos reserve con otro transportista! Tomó dinero para un equipaje de mano entonces no permitiría entonces nos hizo pagar en la puerta de embarque por las maletas y luego nos dejó subir y no nos dejó en el avión con ellos y dijo que tenían que ser revisados. Eran humanos horribles y GROSEROS. No estoy bromeando NO reserve con esta aerolínea se arrepentirá!
559,Desconocido,Copenhagen,Oviedo,Europe,julio de 2024,1,Pésimo de principio a fin. No vuelvo a volar con esta aerolínea y como comentan otras personas debería ser siempre la última opción a considerar.
560,Desconocido,Malaga,Tenerife,Domestic,octubre de 2024,1,"LA EXPERIENCIA CON VUELING HORRIBLEEEEEEE!!! El vuelo salió con retraso, luego los ***Azafatos de vuelo*** super mal educados, no se como una empresa como esta permite a esta clase de empleados faltar el respeto así, a un cliente... Todo empezó porque yo iba en el asiento de emergencia, al esperar y esperar que despegara y con los auriculares puestos sin querer, me deje dormir... se me acerco un ""chico"" AZAFATO :( ... Y DE MUY MALAS MANERAS ME HABLO DE QUE TENIA QUE DEJAR LOS AURICULARES, yo medio dormida y sin percatarme.. Intente hacer caso a sus gritos, desenfrenados. Posteriormente en la demostración de seguridad, en todo momento al coger la ficha esa que tienen como ejemplo de evacuación me rozaba constantemente mi pierna, porque casualmente cogió la de mi asiento y me molestaba... Le dije a mi esposo, oye este chico se esta pasando, que pesado! En ese mismo momento el chico empezó a gritar de nuevo, alegando que el era responsable de nuestra seguridad... Jajajaj perdona que me ría!!! Posteriormente a eso habían muchas turbulencias y el chico continuaba sentado a risas contando sus aventuras sexuales un poco fuera cabeza pero en la sexualidad de la gente no nos podemos meter y contaba mas y mas a su compañera sin percatarse de que muchos asientos le llamaban y le escuchaban, todo un desastre... Una aerolínea que seguro pagara 3 duros por empleados así, perdona! pero podrá ser muy low cost pero la educación, el respeto y la atención al cliente van muy alejados de otras aerolíneas iguales que esa. Si quieren mi consejo...JAMAS VUELEN AHI !!! Esto fue solo a la vuelta porque a la ida estaba escuchando una pasajera quejarse del asqueroso trato que le había dado un azafato."
561,Desconocido,Palma de Mallorca,Malaga,Domestic,octubre de 2024,1,"Me negaron el embarque a mi vuelo a pesar de presentar los documentos requeridos en el aeropuerto porque no era residente (lo soy) o elegible para un descuento (lo soy). El registro fue increíblemente grosero y se negó a tratar conmigo - me dijeron que llamara al servicio al cliente 1. 5 horas después de mi vuelo debía salir. Cuando llamé, me ofrecieron un nuevo vuelo a 3 veces el precio de comprar uno nuevo yo mismo, a pesar de que fue culpa de Vuelings. Luego presenté una reclamación de compensación y recibí de vuelta una negativa completa a responder al hecho de que se me negó el embarque por no ser residente - me parece una discriminación flagrante y una completa falta de voluntad para abordar este problema o asumir ninguna responsabilidad. Presentaré una queja formal a la AESA, ya que la legislación de la UE me permite volar. Y nunca más volaré Vueling aunque no haya alternativa. El peor servicio al cliente que he experimentado."
562,Desconocido,Barcelona,Vienna,Europe,octubre de 2024,1,Despues de mucho tiempo de no volar con vueling decidi volver a probar. ERROR!!! Elegid otra opcion si podeis. Llevamñs 1h dentro del avion en la pista sin informacion sin baños y con temperatura insoportable. Ya esta claro que voy a volver a perder mi bus de conexion y la compania pot supuesto se desentiende. Vale mucho mucho dinero y no vale ninguna pena pagarlo. Aunque os parezca tentador no voleis con esta compañia
563,Desconocido,Las Palmas de Gran Canaria,London,Europe,octubre de 2024,1,"Nos vimos obligados a Utilice este servicio ya que BA subcontrató sus servicios. No sabía mucho aparte de la experiencia de mi esposa de ellos a principios de semana, donde me aconsejó que obtuviera mi propia comida, ya que la de ellos era terrible. Sentados y volando, la tripulación comenzó un servicio de bebidas, pero era tan perfuntorio y con un esfuerzo mínimo para preguntar a alguien si querían una bebida que la gente pasaba por allí. La tripulación entonces se retiró a sus asientos y cerró la cortina alrededor de sí mismos ya que una “agresiva pasiva” no nos molesta. Hicieron una presentación superficial de ventas libres de impuestos y luego se retiraron nuevamente detrás de la cortina durante todo el vuelo. Solo salir a revisar los cinturones de seguridad cuando la ligera turbulencia significaba que la gente tenía que permanecer en los asientos. En su revista de vuelo sugiere risiblemente que ofrecen recargas gratuitas para té o cafés, lo que claramente no es posible cuando solo había un servicio de bebidas para todo el vuelo de 4 horas. Tampoco había comida disponible en este vuelo. Debe ser el menor esfuerzo aplicado por cualquier tripulación de vuelo, el menor servicio al cliente y el menor cuidado. No recomendaría, evitaría activamente. Qué vergüenza para BA por estar asociado con esta organización de mala muerte."
564,Desconocido,Naples,Barcelona,Europe,septiembre de 2024,1,"Overbooking en Napoles, a un hotel de miedo, bastante sucio y una zona bastante peigrosa, me salí de ahí pagando un voluntario que me devolviera al aerepuerto donde alquilé un coche por otro 100 euros, mas gaolina mas peajes, El vuelo me costó Eur 235 , y me han indenizado con Eur 250 he perdido 1 dia y medio,he perdido un trabajo importante y dinero , incluyendo el taxi de vuelta, ya que desde las 12 del mediodia llegamos a las 1 2 de la noche a barcelona del dia sguiente Es miu poco seria como aerelinea, y esto de acomodarte , una experiencia inolvidable Deberia ser ilegal el overbooking , mas pagando Eur 235 de billete , sufriendo em mal trago en el aeuropuerto donde nadie me atendió por 2 horas y la experiencia del hotel. No habia vuelos alternativos Una verguenza"
565,Desconocido,Barcelona,Alicante,Domestic,octubre de 2024,1,"No me dejaron subir mi maleta a bordo porque tenía la maleta de mano facturada y no la deje abajo. Cuando haces la reserva, los mensajes son ambiguos. Piensas que la maleta va a contigo pero no. Es la letra pequeña cuando se hace la reserva. No hay claridad. Intenté explicárselo a la azafata pero no quiso saber nada. No quiso mandar la maleta abajo. Me cobro 60 euros y me obligo dejar la maleta a la puerta del avión para enviarla al sótano. Total que encima de mi asiento había sitio para dejar mi maleta ahí. Tuve que recogerla en la cinta al aterrizar. Eso es VUELING. Estafar 60€ y encima para fastidiar al pasajero."
566,Desconocido,Malaga,Bristol,Europe,diciembre de 2023,5,Buen asiento. Buen servicio. Sin demoras. Ambiente tranquilo. A tiempo. Buena relación calidad-precio. Agp a Birmingham UK Viajó muchas veces con vueling
567,Desconocido,Palma de Mallorca,Rome,Europe,septiembre de 2024,1,THE ABSOLUTE WORST AIRLINE EVER. No vale la pena los billetes “baratos”. Cada vuelo que tuve en Vueling se retrasó. Ni siquiera el agua es gratuita en estos vuelos. En - vuelo Wi - Fi estaba constantemente no disponible. Mi último vuelo para regresar a casa fue cancelado y se negó a compensar las reservas perdidas y no proporcionó una opción alternativa de vuelo que me llevó al destino al que necesitaba llegar para llegar a mi vuelo final a casa. Se vio obligado a dormir en el aeropuerto y pagar un vuelo diferente por la mañana.
568,Desconocido,Paris,Porto,Europe,octubre de 2024,1,"Pésimo servicio, la peor aerolínea, arbitrariamente no incluyen manera de mano para robar el dinero de una manera asquerosa. Espero nunca volver a pisar esa aerolínea."
569,Desconocido,Barcelona,Le Touquet – Paris-Plage,Europe,octubre de 2024,1,"Vueling cuenta con sistema Avios donde tienen socio y uno de ellos es Booking.com hoteles En este momento Vueling está promocionando e informando a reservar a través de allí sitio web y reservar hotel en be.com u obtener puntos , cuando le faltan puntos , el servicio de atención al cliente no tiene ni idea , te envían a ser. com Booking.com dice que no somos nosotros , ofc es Vueling que necesita para proporcionarle los Avios . abrir la queja misma respuesta automatizada , el servicio al cliente es horrible pero creo que el equipo de inovación departamentos de productos als como no es posible si las directrices se proporcionan a CSG que saben que uno no puede saber"
570,Desconocido,Barcelona,Edinburgh,Europe,octubre de 2024,1,"Francamente, no estoy seguro de poder decir con palabras lo horrible que ha sido nuestra experiencia con Veuling. La parte inicial del aeropuerto de Barcelona fue notablemente eficiente, con nosotros mencionando en varias ocasiones lo fluida que había sido la experiencia. Pasamos por el equipaje y la seguridad con facilidad, los pasaportes fueron revisados rápidamente y el servicio era suficiente. Fuimos uno de los primeros en llegar al aeropuerto para nuestros vuelos, varias horas antes. Salimos de nuestro hotel a las 00. 45 y llegó al aeropuerto justo antes de las 03 . 00 , previéndose que nuestro vuelo salga a las 06 . 35 . Aunque fuimos uno de los primeros en la fila, junto con otras familias, nos tiraron hacia un lado sin ningún razonamiento, aunque no entró en pánico debido al gran volumen de clientes que se les había dicho que esperaran con nosotros. Sin embargo, la ansiedad comenzó a aumentar, cuando no se dieron instrucciones o explicaciones claras y la hora de la partida se acercaba rápidamente. Pedimos a las señoras de la mesa en varias ocasiones claridad sobre el asunto y en cada ocasión se les dijo solo ""problemas con los pasaportes del Reino Unido"". Una señora permaneció al teléfono todo el tiempo ofreciendo nada más que su dedo para que esperáramos hasta que terminara. A la hora de la salida preguntamos frenéticamente si nos sostendrían el avión, al que ya habían dado el visto bueno para que despegara. El pánico lo puso de nuevo sin ninguna oferta de tranquilidad. Llamamos al número de emergencia ofrecido por Veuling, para que nos dijeran que no abrió hasta las 09. 00 am! Las damas eran tan poco empáticas con la situación en la que nos habían colocado, diciendo solo ""no es nuestra culpa"". Eventualmente, casi una hora después de que nos separaron de los otros clientes, y después de que nuestro vuelo había partido con nuestro nosotros en él, nos dijeron groseramente que necesitaríamos ir a encontrar el servicio de asistencia. Explicamos que no sabíamos dónde estaba y pedimos que una de las tres mujeres nos ayudara a través del aeropuerto y nos mostrara a dónde tenemos que ir. Se negó. Ella nos dejó con nuestras respuestas y sin dirección para nuestros próximos pasos. Nos dijo que nuestro equipaje nos estaría esperando. Después de un gran juego de gatos y ratones de caminar por el aeropuerto masivo sin orientación sobre dónde ir, con los niños pequeños agotados de su experiencia hasta ahora, esperamos en la fila en el mostrador de atención al cliente vueling durante más de una hora, para que nos dijeran que ella tampoco podía ayudarnos. En este punto estaba teniendo un ataque de ansiedad, de nuevo, al que nadie ayudó. Como cliente tratada tan mal, y como madre joven con una condición de ansiedad severa, esto está lejos de ser aceptable. Pedimos ayuda tantas veces, con tantos empleados tanto de vueling como de la aerolínea, y no obtuvimos la ayuda que necesitábamos. Finalmente descubrimos el área de equipaje, para encontrar uno de nuestros casos desaparecido. Una vez más hicimos cola para pedir asistencia, ya que el área de equipaje de repostaje se le dijo que no podía ayudarnos y que tendríamos que actualizar las escaleras a qué en la oficina de repostaje. Finalmente encontramos el mostrador al que Wes se le ordenó que fuera también, para que primero nos dijeran que los problemas de equipaje se manejarían en el mostrador desde el que nos acababan de enviar, y luego, en última instancia, para que nos dijeran que nuestro equipaje estaba en el avión, simplemente se nos negó el acceso, así que, y estaríamos esperando nuestra llegada a Edimburgo durante los próximos días. Nuestro vuelo que nos aseguraron sería el siguiente disponible, en realidad era para el domingo, 2 días después del que nos negaron el acceso. A estas alturas, siendo alrededor de las 11 am todos estábamos más que agotados, no habíamos comido o tenido la oportunidad de sentarnos, nuestros hijos incluidos. Hubo un montón de emociones de los clientes que habían experimentado este show de sh**, pero finalmente encontramos a alguien capaz y dispuesto a ayudarnos. Juanjo fue la primera persona de Vueling en asistirnos y en empatizar con la situación en la que nos había puesto su empresa. Él nos ordenó con indicaciones claras para nuestros próximos pasos, asegurándonos que nos alojarían en un hotel con comida y bebida y transporte pagado desde Vueling. Fue la primera persona en ofrecer una disculpa sincera en nombre de su empresa. Nos explicó cómo funcionaba la compensación y nos dirigió claramente al siguiente escritorio. La señora del escritorio 458 justo después de las 12. 00 el viernes también fue útil y capaz de ordenarnos con los boletos que necesitábamos. Le explicamos que no teníamos dinero para nada de comer y beber ya que este era el último día de nuestras vacaciones y que mi tarjeta bancaria estaba actualmente en Edimburgo dentro de mi maleta. Ella nos dio un vale por £ 6. 60 . Normalmente le habría explicado que esto no era suficiente para conseguirle algo a mi hijo con las restricciones ofrecidas, pero en este punto a ninguno de nosotros nos quedaba ninguna pelea. En ningún momento el personal verificó el bienestar de los niños ni dónde ofrecían agua. No ha habido claridad de que este problema se resolvió y tampoco se nos aseguró que esto no volvería a suceder este domingo. Sinceramente Veuling, si no te avergüenza cómo nos has tratado no deberías estar trabajando en servicio al cliente. Espero que haya consecuencias para las damas que inicialmente manejaron el incidente, ya que la conducta fue repugnante, riéndose de nuestras frustraciones y negándose a rendir cuentas. La forma en que lo manejaron fue el peor servicio al cliente que he presenciado y nunca más volveré a volar con esta compañía. Gracias a Dios por Juanjo, si hubiéramos tratado con él antes."
571,Desconocido,Bordeaux,London,Europe,octubre de 2024,1,"Compras los billetes sin asientos asignados. Luego te quieren cobrar un suplemento para asegurarte el vuelo. Si no, te quedas en tierra de ir completo. Debería de ser ilegal cobrar al consumidor dos veces por un mismo servicio. En resumen. muy poco fiable."
572,Desconocido,Barcelona,Edinburgh,Europe,octubre de 2024,1,"Qué horrible aerolínea y nunca más volaré con ellos, Esta mañana debíamos volar de Barcelona a Edimburgo, durante el último check-in literalmente antes de abordar el vuelo al que habíamos llegado rápidamente (y pasado por el check-in original Y el control de pasaportes) nos dijeron que había problemas con nuestros pasaportes y nos dijeron que esperar a un lado. Como había unas 20 personas a las que se les decía lo mismo, no me preocupé y había personal que aparentemente revisaba urgentemente las computadoras y los teléfonos de encendido / apagado. 5 minutos antes de que el avión debía volar todavía no se nos decía nada y ahora otros estaban cuestionando lo que estaba mal, etc. ¿Se retrasaría el avión, ya que esto era claramente un error del sistema por parte de vuelings. Nada, y luego oímos que habían dado el visto bueno para que el avión se fuera. Ahora unas 20 personas están queriendo respuestas y las 3 damas detrás de la mesa simplemente repetían que era un error de pasaporte, pero no podían decirnos qué, y que necesitábamos volver a la mesa de ayuda, ¡oh! Y nuestro equipaje estaba ahora en el cinturón 3 , así que claramente la lucha que el personal estaba haciendo originalmente, era para sacar nuestro equipaje del vuelo en lugar de subirnos. Claramente no fue un error de pasaporte, sino un vuelo overbook, y simplemente fuimos los desafortunados. Pero el personal continuó negando que sea así, no nos darán nada por escrito ni confirmarán por qué nos negaron el embarque (claramente entrenados para decir esto para que los clientes tengan que volar por compensación y probar que nos negaron el embarque) Luego pasamos las siguientes 5 horas esperando en el aeropuerto a que el personal organizara cualquier cosa, desde un vuelo esta noche hasta un vuelo el domingo con reservas de hotel. Aún no hay respuestas sobre por qué nos negaron el embarque. Enviar de vuelta n adelante entre otro check in y el servicio de ayuda la mayor parte del día. Éramos reacios a comprar nuestros propios vuelos / alojamientos como con el personal negándose a admitir la culpa sería claro que no sería reembolsado sin una lucha y casi definitivamente no sería uno de los vuelos u hoteles aprobados Eventualmente nos ofrecieron un vuelo en 2 días con opción de media pensión en un hotel local, y un autobús lanzadera, que para adultos habría sido suficiente, pero estamos viajando con niños pequeños que habían estado despiertos desde la 1 am para asegurarnos de que llegáramos a tiempo para un vuelo muy temprano. Están confundidos y molestos, y ahora nos vemos obligados a pasar las próximas 2 noches en un hotel que no es adecuado para niños pequeños. Nos hemos separado porque no hay familia ni habitaciones de unión, el restaurante no es adecuado para niños pequeños y estamos de nuestro bolsillo teniendo que comprar pañales / agua y comidas para nuestros hijos debido a este retraso, por no hablar de la pérdida de salarios debido a la falta de trabajo. No somos clientes satisfechos, nunca volveremos a usar vueling, todavía no tenemos una razón por la que nos negaron el embarque, pero está claro que no la tendremos, presumiblemente para que nuestra queja oficial pueda ser desestimada sin pruebas."
573,Desconocido,Valencia,Palma de Mallorca,Domestic,octubre de 2024,1,"Tenia que cojer el vuelo de regreso a Palma, que al final no me dejaron porque tenía la maleta de mano factura y no la deje abajo. Las señoritas azafatas no quisieron mandarla abajo. Y me querian cobran 60 euros por la maleta que al final no pude por que justamente me habia olvido del pin de mi tarjeta bancaria por eso nunca mas viajaré en vueling es lo peor. Y pude compran otro billeta por menos valor y con maleta de mano"
574,Desconocido,Madrid,Barcelona,Domestic,octubre de 2024,1,Vengo de viajar Iberia vuelo internacional y llego a Madrid con destino Barcelona y la misma maleta de mano me cobraron 55 euros extra que supuestamente excedía en 3 cm el tamaño regulado pero al entrar al abordaje los otros usuarios llevaban maletas similares sin pagar extra… el más tonto al azar por hacer el check in con el empleado que no fue nada amable… así que dejo esto para que no compres boletos aéreos con esta línea! Sin nombrar que salimos con 30 minutos retraso.
575,Desconocido,Barcelona,London,Europe,octubre de 2024,1,"Hace que Ryanair parezca una aerolínea de lujo. En general terrible, pero la parte más frustrante fue el check-in en línea que cierra 4 horas antes del vuelo, mientras que el check-in en persona no abre hasta 2 horas antes y cierra 1 hora antes. Servicio al cliente muy poco servicial."
576,Desconocido,Oviedo,London,Europe,octubre de 2024,1,"La peor compañia que he utilizado en muchas decadas de vuelo por todo el mundo. Trato pesimo, imposible hablar por telefono con ellos, politica de reembolsos inexiste y falta de claridad con el coste de los servicions. Mucho cuidado, solo les falta cobrar por respirar en el avion! compañia sin principios ni respeto por el cliente, No hay nivel. Nada que ver con otras compañias Low cost como Volotea, Son estupendos!!!"
577,Desconocido,Barcelona,Edinburgh,Europe,octubre de 2024,1,"Terrible servicio. Llegó al aeropuerto a tiempo, se registró y pasó por el control de pasaportes. Esperé a que nos dijeran que había un problema con nuestros pasaportes. Sin embargo, esto no fue marcado en la patrulla fronteriza o cuando volamos desde Edimburgo. Tuvimos que esperar una hora y media para que nos dijeran que no íbamos en el vuelo y que se había ido. Ahora se nos dice que busquemos un mostrador de Vueling en algún lugar del aeropuerto, sin asistencia en cómo encontrarlo. Tenemos un niño de 6 años con nosotros y había alrededor de otros 15 pasajeros, incluidos niños que tenían el mismo problema. No tenemos ni idea de dónde está nuestro equipaje y nadie quiere ayudarnos. No vuele con esta compañía Nunca he experimentado un servicio tan deficiente de una compañía aérea ni he oído hablar de nadie con un problema tan malo como este. Otra vez por favor, sálvate de esta pesadilla. No vuele con esta compañía"
578,Desconocido,Brussels,Barcelona,Europe,agosto de 2024,4,"Volé varias veces durante el verano esta trayectoria, en ambos sentidos. Precios correctos cuando se reserva el día correcto; el personal amable, eficiente. A veces algunos retrasos, por desgracia. Espacio para las piernas solo aceptable, pero no más."
579,Desconocido,Barcelona,Malaga,Domestic,septiembre de 2024,1,"Viajo con frecuencia, pero lamentablemente, no volveré a volar con esta aerolínea. Mi experiencia comenzó con la cancelación de mi vuelo desde Barcelona, que estaba programado para salir a primera hora de la mañana. En lugar de eso, me reubicaron en el último vuelo de la noche, lo que significó que llegué a Málaga a las 12 de la noche en lugar de las 8 de la mañana como estaba previsto. Esto me costó un día completo de trabajo, con las repercusiones económicas y personales que eso conlleva. Además, debido al retraso de más de 12 horas, no había transporte público disponible al llegar, lo que me obligó a gastar 90 euros en un taxi para llegar a casa. Aunque me ofrecieron un bono para un snack, este no cubría ni siquiera un bocadillo. Después de quejarme en el mostrador, me dieron otro bono que solo alcanzó para un bocadillo y una botella de agua, lo cual no era suficiente para las tres comidas que debía hacer ese día, ya que originalmente habría llegado por la mañana. No entiendo por qué se canceló mi vuelo, ya que no había manifestaciones y el clima era excelente. Solo recibí un correo informándome que no tenía derecho a compensación debido a ""circunstancias extraordinarias"", sin más detalles. Me parece inaceptable y, aunque había escuchado comentarios negativos sobre esta aerolínea, decidí ignorarlos. Ahora me doy cuenta de que debí haber prestado más atención. ---"
580,Desconocido,Brussels,Alicante,Europe,octubre de 2024,1,Pospuso el vuelo con 4 horas. Extrañaría mi conexión. Vueling se negó a un reembolso para que pudiera reservar con otro avión. Según Vueling tienen la ley europea de su lado porque me avisaron con 2 semanas de antelación. Y la ley permite un cambio unilateral de un contrato de servicios entre un avión y sus pasajeros. Así que Vueling me dio la opción de volar 2 días antes de mi reserva... y esperar 2 días para mi vuelo de conexión en Allicante. Nunca más con este avión.
581,Desconocido,Barcelona,London,Europe,octubre de 2024,1,"Llegamos a la Terminal 1 del Aeropuerto de Barcelona en el checkin de Vueling donde encontramos que había solo una línea para todos los vuelos, esta línea estaba serpenteando por la zona y estuvimos en la fila durante 1 hora 30 minutos y solo acabamos de hacer nuestro vuelo. Había 5 escritorios que no se utilizaban y en un momento dado 6 no tenían empleados. La gerencia aquí era caótica por decir lo menos y nadie de la aerolínea parecía saber lo que estaba pasando, 2 personas, que suponen que eran supervisores, parecían incapaces de hacer cambios para evitar que la gente perdiera su vuelo. Como no había facturación específica para ninguno de los vuelos que encontró a otros que recibían prioridad para los vuelos con embarque llamado, no se hicieron solicitudes a los de la línea para ver si debían evitar la línea al frente. Este salto de línea fue muy frustrante para aquellos que habían estado esperando durante mucho tiempo a que otros llegaran tarde. Cuando finalmente llegamos al punto de la fila para ir y completar el check-in se dio prioridad a un vuelo a Oslo (creo que fue) y esto detuvo la línea por completo, ya que todos los escritorios se centraron en una de esas personas que estaban en la fila de llegadas tardías, un par directamente detrás de nosotros perdió allí el vuelo debido a este retraso y muchos otros estaban ansiosos de que perderían el suyo y mucha gente estaba muy frustrada por los problemas. Fuimos afortunados (hasta la suerte y no el personal de Vueling) ya que llegamos a la zona de embarque a los 10 minutos de abordar, no pudimos tomar refrescos antes de abordar debido a esto, así que no es una buena experiencia y evitaré volver a utilizar esta aerolínea."
582,Desconocido,Valencia,Paris,Europe,octubre de 2024,1,"Tuve una experiencia absolutamente horrible con Vueling Airlines recientemente, y me siento obligado a compartirla. Solo tres días antes de mi vuelo, había viajado con la misma aerolínea a Valencia sin ningún problema con mi equipaje. Sin embargo, durante este vuelo, las cosas empeoraron. Cuando llegué a la puerta, el personal de tierra me dijo que tendría que pagar por un acarreo - en la maleta, que no me habían informado antes. La funcionaria dijo que hablaría conmigo después de que todos los demás pasajeros hubieran abordado. Estaba dispuesto a pagar la cuota una vez que se me acercara, pero nunca lo hizo. En cambio, después de que todos los demás hubieran abordado, me dijo que el vuelo estaba cerrado, dejándome allí parada, confundida y frustrada. Lo que es aún más exasperante es que a mi acompañante, que solo tenía una maleta dentro del límite, también se le negó el embarque sin explicación. Nos dejaron plantados en el aeropuerto durante la noche, perdiéndonos una reunión importante debido a este comportamiento poco profesional y desdeñoso. Para empeorar las cosas, el funcionario no solo fue inútil, sino que también fue irrespetuoso, riéndose de nosotros mientras suplicamos asistencia. Incluso me ofrecí a pagar la tarifa de equipaje en el último minuto, pero ella se negó a dejarnos abordar, ignorando completamente nuestras solicitudes de comunicación. Esta es la peor experiencia aérea que he tenido. La falta de profesionalidad, el desprecio por las preocupaciones de los clientes y la angustia mental causada por su personal son realmente inaceptables. Ahora estoy buscando un reembolso completo por las entradas debido al maltrato y las molestias causadas. Si valoras la profesionalidad y el servicio básico al cliente, te recomiendo encarecidamente evitar Vueling Airlines a toda costa."
583,Desconocido,Lisbon,Barcelona,Europe,septiembre de 2024,1,"Absolutamente la PEOR experiencia aérea que he tenido en todos mis viajes mundiales! Cancelaron nuestro vuelo de Lisboa a Barcelona y nos dejaron colgados. Tuvimos que recuperar nuestras maletas en la terminal principal, el único representante de Vueling desapareció convenientemente y no hay oficina o mostrador allí. Pasamos 7 horas tratando de averiguar cómo llegar a Barcelona, tuvimos que pagar los billetes en otra aerolínea a Madrid, hotel y billetes de tren a Barcelona. Olvídate de que te compensen los gastos adicionales, no creo que esta aerolínea inútil tenga siquiera un departamento de atención al cliente. NUNCA MÁS!"
584,Desconocido,Barcelona,Burgas,Europe,octubre de 2024,1,"Evita esta aerolínea. Espantosa experiencia de check in, asiento increíblemente incómodo con casi cero espacio para las piernas y tripulación de cabina completamente indiferente que pasó el vuelo teniendo una fiesta privada detrás de la cortina delantera."
585,Desconocido,Las Palmas de Gran Canaria,Seville,Domestic,octubre de 2024,1,"Realice la reserva del vuelo el 25 de septiembre, se me envía email de confirmación y hoy 9 de octubre, accedo para realizar el check-in y resulta que no encuentran mi reserva. Al parecer, tuvieron algún problema con el pago y NUNCA se me notifico, además de tener una pésima atención al cliente no me ofrecen ninguna solución, no me dejan hablar con el supervisor además de soltarme mentiras del tipo aquí me aparece que si te enviamos el correo de cancelación y rectificar constantemente. Es increíble que el cliente reciba este trato, por un problema de comunicación entre la aerolínea y la entidad bancaria sobre la que NUNCA se me informa y no tengo culpa. Ahora a pagar precios desorbitados para poder realizar el viaje programado, una VERGÜENZA."
586,Desconocido,Palma de Mallorca,Barcelona,Domestic,septiembre de 2024,1,"Tenía q viajar a barcelona a hacer un trámite urgente para ir al consulado de mi país ya que en mallorca no hay, había perdido mi nie 1 semana antes por lo cual lo unico q tenia era mi pasaporte vencido q iba específicamente a eso a barcelona a renovarlo,presente la cita del consulado, la denuncia en la policía q no tenia nie,tuve q pagar mas caro ya q no me podian hacer el descuento de residente al no tener el nie físico saque un billete de ida vuelta el mismo día no llevaba maletas,al comentarle mi problema al que me atendió me dijo que no que no podía viajar así y como quiere q haga el pasaporte si no me dejan viajar? Quieren q vayan nadando? No se molestaron en lo mas mínimo a resolver mi problema ,Cero empatia por supuesto no me devolvieron el importe del billete,por suerte si hay Aerolineas que me dejaron viajar con el pasaporte asi,me encargaré q nadie de mi círculo vuele con ustedes."
587,Desconocido,Bilbao,Valencia,Domestic,octubre de 2024,1,Nefasta atención al cliente. Imposible hablar con un operador para dudas que no cubren sus bots. Te cambian un vuelo y necesitas información sobre las opciones. (El vuelo no se ha efectuado todavía)
588,Desconocido,Rome,London,Europe,octubre de 2024,1,"Una vez que el número de la puerta salió nos dirigimos a la puerta para abordar el vuelo, la puerta de embarque de las salidas era un paseo bastante largo, llegamos a la puerta en 20 minutos, pero para cuando llegamos allí el personal de curling había cerrado la puerta y no nos dejó abordar, el avión todavía estaba allí, pero nos negaron la entrada y algunas otras personas. El personal era grosero y sin duda no recomendaría. Además, ningún reembolso de otro vuelo reservó ninguna ayuda en absoluto. Con todo Terrible."
589,Desconocido,London,Florence,Europe,septiembre de 2024,1,"Bajo ninguna circunstancia vuele con esta aerolínea por una razón solo su servicio al cliente es ATROZ. Tuvimos un vuelo a Florencia el 24 de septiembre cancelado. No se dio ninguna razón para la cancelación. Nuestros intentos de contactar con el servicio de atención al cliente fueron difíciles, por decir lo menos. Cuando pasamos eran groseros e ignorantes. Ahora nos vemos en la difícil situación en la que no podemos reclamar indemnización a nuestra compañía de seguros de viaje porque Veuling se niega a enviarnos un correo electrónico para explicar por qué se canceló el vuelo. Seguramente están violando el derecho internacional y nos han dejado angustiados y frustrados. No espere ninguna ayuda de esta empresa si tiene dificultades. NO VUELES CON ELLOS."
590,Desconocido,Granada,Barcelona,Domestic,octubre de 2024,5,"Por supuesto, este fue un vuelo muy corto de Granada a Barcelona, pero no experimentamos ningún problema y confía en mí, estábamos preocupados dados todos los comentarios negativos. Reservamos a través de Iberia y pagamos por adelantado los asientos y el equipaje facturado. Check-in fue sin problemas sin problemas en cuanto al tamaño o límite de peso de nuestras maletas. Mi esposo y yo somos altos y nuestras rodillas no tocaron los asientos frente a nosotros. A pesar de que los contenedores superiores estaban claramente marcados como reservados para el rollo - a bordo de las bolsas, pudimos guardar nuestras mochilas allí justo antes del despegue - ya que había mucho espacio. Otros pasajeros hicieron lo mismo sin ninguna reprimenda del personal de vuelo. No estoy seguro de querer viajar durante muchas horas en un avión diseñado para el máximo número de asientos frente a la habitación (especialmente si tuviéramos que guardar nuestro equipaje debajo del asiento frente a nosotros, pero estaba perfectamente bien y era asequible para nuestras necesidades."
591,Desconocido,Barcelona,Dublin,Europe,octubre de 2024,1,"Nunca he visto personal tan poco profesional y francamente grosero trabajando para una aerolínea. ¡Realmente necesito cepillarme en las habilidades de alergia ya que puede salvar una vida! La única aerolínea que no haría un anuncio sobre mi alergia a los frutos secos en AIRBOURNE. Cuando se le levantó a la azafata dijo que está bien que no estamos vendiendo ningún producto de nueces. Eso no significa que nadie en el vuelo no pudiera consumir sus propios productos, sino productos, ya que no sabían que había ningún cuerpo en la anafilaxia de vuelo. Así que más de 2 horas pasaron preocupándose por lo que la gente estaba comiendo en el vuelo. Como si eso no fuera suficientemente malo, el capitán anunció entonces un concurso de coloración para los niños. Mi hijo de 7 años estaba tan emocionado como el premio era una foto con el capitán. ¿Repartieron papel y esperamos algún tipo de color? Mi hijo se estaba poniendo ansioso a medida que se acababa el tiempo Toqué el botón de llamada y el miembro masculino del personal vino a mí, le pregunté si podíamos tener algunos colores o incluso un bolígrafo que mi hijo quiere dibujar algo. Luego dijo “lo siento, no sé lo que el capitán dijo que no estaba escuchando” y se fue. Encontré esto absurdo. Otra azafata pasó y le pregunté de nuevo si podíamos tener una pluma. Mi hijo estaba llorando sus ojos ya que sabía que el tiempo estaba a punto de terminar. Dijo que intentaré encontrarte uno. Y nunca regresó. Maleducado. Para entonces la competencia había terminado y los ganadores anunciaron. Algunas personas pueden pensar, bueno, deberías haber tenido tus propios colores. Pero, ¿quién demonios anuncia un concurso de colorear para niños y nada con qué dibujar? Mi hijo estaba muy molesto. Realmente necesita capacitar al personal en atención al cliente y especialmente ALERGIAS."
592,Desconocido,Madrid,Barcelona,Domestic,septiembre de 2024,1,"Tengo la política de no volver a usar una compañía que me joda y Vueling se ha unido a esta lista. NUNCA volaré Vueling de nuevo. Los trenes en España son más cómodos, fiables y asequibles. Llegamos a Madrid con varias horas de sobra antes de nuestro vuelo programado a Barcelona. Pagamos $ 110 por el vuelo y otros $ 40 premium por equipaje (de mano). Aunque recibimos un mensaje diciendo que podríamos cambiar a un vuelo anterior, y después de tener que salir de seguridad para encontrar una persona real con la que hablar, eso resultó ser un no-arranque. Así que, de vuelta a través de seguridad a esperar 4 horas para nuestro vuelo programado. Dos horas más tarde, la junta todavía mostró el vuelo a tiempo, luego de repente, cambió a cancelado. Nunca recibimos ninguna notificación de Vueling y si no hubiera revisado el tablero, todavía habríamos estado esperando en la puerta de salida (no tripulada). Esto significaba que íbamos a cumplir nuestros compromisos en Barcelona, así que necesitábamos una solución rápida. No hay ayuda de Vueling en el área de las puertas, así que hablé con un servicio de asistencia del aeropuerto que nos dijo que teníamos que volver al área de venta de boletos - volver a través de seguridad una vez más. Cuando finalmente localizamos el mostrador de Vueling adecuado (tienen varios pero la mayoría de ellos no te ayudarán) , había una multitud enojada de personas de pie en el mismo aprieto. Aprendí que no había soluciones para el mismo día y, de hecho, al día siguiente los vuelos también estaban llenos. Nos ofrecieron enviarnos en autobús - un viaje de 10 horas. Cuando pregunté por qué se había cancelado el vuelo, me dijeron que era un problema mecánico: no había ningún avión disponible. Terminamos cogiendo un taxi a la estación de tren y reservando un tren a Barcelona. En última instancia, a pesar del 2. Viaje de 5 horas, todavía llegamos cerca de nuestra hora programada. Eso nos costó $ 140 extra incluyendo taxi y tren. Hice un seguimiento con Expedia, que nos aseguró que nos reembolsarían el costo original del vuelo y nos señaló al centro de quejas de Vueling, donde deben reembolsarnos hasta 250 euros por los vuelos cancelados. Así que, ahora un mes después, no se ha presentado ningún reembolso por la tarifa original y recibí una respuesta por correo electrónico de que la cancelación se debía al ""clima"" y no tenían responsabilidad de pagar la multa requerida. Busqué en línea y descubrí que esta es una práctica común de Vueling - todo el mundo parece experimentar la misma solución. Ahora, voy a volver a través de Expedia y también trataré de cobrar de la aseguradora de viaje que compramos. Conclusión - ¡Evite volar a TODA COSTA!"
593,Desconocido,Barcelona,London,Europe,octubre de 2024,5,Para ser honesto. Cuando hice reservas. Tenía miedo de las malas críticas y estaba tratando de evitar esas aerolíneas. Así que pagó más por Iberia y British Airways para volar desde España. Pero por alguna razón esos vuelos todavía eran operados por vuegling... ambos vuelos llegaron a tiempo sin incidentes. El segundo vuelo era extremadamente importante ya que era vuelo de conexión. Todo salió bien. Sin quejas. Mi esposa y yo llevábamos dos bolsas. No tuve ningún problema con ninguno de ellos para llevarlo a bordo.
594,Desconocido,London,Las Palmas de Gran Canaria,Europe,octubre de 2024,2,"Solo una experiencia horrible, reservé con Tui, pero si siguen usando esta aerolínea no volverá a reservar con ellos. El personal no es muy agradable y no hay ginebra o vodka o cava o tónico en ninguno de los vuelos de ida y vuelta a casa, todo mostrando en folleto, pero era como pedir sustancia prohibida! El asiento redondo del piso estaba cubierto de patatas fritas cuando abordamos. No muy buenas instrucciones para registrarse en el personal de Las Palmas no muy agradable. Terminó caminando kilómetros con casos tratando de encontrar el registro. Simplemente completamente diferente a la mayoría de los vuelos de vacaciones en los que hemos estado."
595,Desconocido,London,Florence,Europe,julio de 2024,1,"La peor experiencia de la historia. No volver a usarlos. No te vendan porque están asociados con BA o son baratos. Sigue leyendo: Perdieron todo nuestro avión de maletas. ¡No solo la mía, la de todos! Eventualmente descubrimos maletas en el aeropuerto 5 días después de unas vacaciones de 6 días. No nos lo notificaron. Y el viaje fue para una boda. Así que tuve que gastar 750 en trajes nuevos, ropa básica y zapatos, etc. Desde entonces, se han negado a comunicarse conmigo. Su centro de llamadas solo te dirige a mensajes de voz automáticos, he intentado llamarlos más de 30 veces. Y sus correos electrónicos oficiales literalmente se recuperan. No puedes arreglarlo. He pasado más de un mes tratando desesperadamente de hablar con un humano, imposible. Son estafadores y ladrones. ¡No te arriesgues a volar con ellos!"
596,Desconocido,Santiago de Compostela,Paris,Europe,octubre de 2024,1,"Las medidas de las cajas que utiliza Vueling en el embarque no son correctas. La medida de 20 cm que anuncia, corresponde a 15 cm en el caso de la caja correspondiente al equipaje de mano. Esto es fraude."
597,Desconocido,Barcelona,Porto,Europe,octubre de 2024,1,"Son unos estafadores con multiples politicas abusivas. En la cola para abordar el vuelo vienen a cobrarme 180 euros por las maletas de mano mia y de mis padres, aun cuando estas deberian estar incluidas en el precio del ticket como multiples sentencias los ultimos años lo indican. Te cobran bajo la premisa de que el ticket incluye el ""underseat bag"" aunque esto es completamente ilegal ya que la UE determino el 1 de septiembre que las medidas de las maletas son 55 cm de alto, 35 cm de ancho y 20 cm de profundidad. No existe ninguna limitacion que la maleta tenga que ser del tamaño de sus politicas y hoy cuando he llamado a tratar de evitar que esto suceda en mi vuelo de regreso la respuesta del agente fue ""Estas son nuestras politicas"" cuando indico que de ser asi estare forzado a escalar la situacion ILEGAL, el agente respondio ""bueno, demande si quiere..."" Que estamos hablando de una politica de empresa por encima de la ley? Reformulo, Vueling cree que esta encima de la ley. Probablemente respondan a esta opinion diciendo que esas son politicas y blah blah blah. NINGUNA POLITICA PUEDE ESTAR ENCIMA DE LA LEY. Y para la gente que lea esto, Conoce tus derechos y defiendelos. El ""priority"" que te hacen pagar para que puedas llevar tus maletas ES ILEGAL. Recuerda, la Ley de Navegación Aérea dice en el artículo 97 que el transportista ""estará obligado a transportar juntamente con los viajeros, y dentro del precio del billete, el equipaje con los límites de peso, independientemente del número de bultos, y volumen que fijen los Reglamentos""."
598,Desconocido,Seville,Bilbao,Domestic,octubre de 2024,1,"De vergüenza. Facturo maleta de menos de 10 kilos y me cuesta a la ida 55 euros y a la vuelta, la misma maleta con el mismo peso 50 euros Son estafadores"
599,Desconocido,Barcelona,Milan,Europe,octubre de 2024,1,¡Horrible experiencia! Billete prioritario de primera fila y me obligaron a darles mi equipaje de mano debido a la mala gestión general de la tripulación de cabina incapaz. Perdí mi equipaje. Esperando ya 5 días y NADA! NUNCA MÁS VOLÉ ESTA AEROLÍNEA. MXPVY 30974
600,Desconocido,Barcelona,Porto,Europe,octubre de 2024,1,"Primero, cuando facturamos nuestro vuelo VY 8478 , nos dijeron que no teníamos asientos. Y nos dijeron que teníamos que esperar a que todos abordaran y entonces sabrán qué asientos podemos tomar. Esto es ridículo cuando compramos los boletos, también pagamos por la asignación de asientos. ¿Cómo puede Vueling acabar con nosotros? Luego tuvimos que esperar 5 horas más tarde para un vuelo nocturno con el personal prometiendo que nuestros 2 equipajes facturados serán etiquetados al nuevo vuelo. Pero cuando finalmente llegamos a Porti, por supuesto, los 2 equipajes desaparecieron. El aeropuerto de Barcelona y Vueling arruinaron totalmente nuestras vacaciones. Empezamos nuestras vacaciones sin equipaje y tuvimos que darnos prisa para comprar ropa y artículos de primera necesidad. Nunca volveremos a volar en Vurling y definitivamente compartiremos nuestras malas experiencias. Pero dudo que realmente les importe..."
601,Desconocido,Paris,Barcelona,Europe,octubre de 2024,1,Pésima aerolínea. El vuelo de ida a París se retrasó dos horas. Ya estando en París para regresar. Simplemente cancelaron el vuelo sin previo aviso y una hora antes. Nos cambiaron el vuelo Pero tuvimos que trasladarnos al aeropuerto CDG y pagar más de 90€ para alcanzar a tomar ese vuelo ya que tenía otro vuelo el mismo día. Estando en el aeropuerto CDG nuevamente retrasan el vuelo por problemas con el sistema. Definitivamente la peor aerolínea con la que he volado. Entiendo que es de bajo costo. Pero juegan con el cliente como se les antoja.
602,Desconocido,Donostia,San Sebastian - Barcelona,Domestic,octubre de 2024,1,"Vueling ha retrasado el vuelo de ida 50 minutos (Para 01/11/24). Solo da la opción de aceptarlo: ni cambio ni devolución. Los retrasos y los cambios de horario son constantes y los abusos de la compañia también. Overbooking, cobro por equipaje... En Julio del 23 en un vuelo Ibiza-Barcelona-Donosti me dejaron tirada en Bilbo a las 23:00. Volar con Vueling desde Donosti es una pesadilla."
603,Desconocido,London,Barcelona,Europe,octubre de 2024,1,El servicio al cliente es extremadamente horrible. Hablé con alguien llamado Juan que era muy impaciente y grosero. Carecen de empatía y no deberían trabajar en el servicio al cliente si no saben hablar con la gente. Qué asco.
604,Desconocido,Santiago de Compostela,Rome,Europe,octubre de 2024,1,"La peor aerolínea con la que he viajado. nuestras maletas se perdieron entre Barcelona y Roma. La asistencia que recibimos fue terrible. Su actitud fue mala suerte, reclamarlo en el seguro. A pesar del hecho de que toda nuestra colección de recuerdos se perdió. Simplemente no les importaba."
605,Desconocido,Ibiza,Barcelona,Domestic,julio de 2024,1,"Desafortunadamente, es la peor experiencia de vuelo. Una vez que llegué a Barcelona regresando de Ibiza el 20 de julio no encontré mi bolso. Finalmente ofrecieron casi 200 € como compensación que me negué porque el equipaje y su contenido costaron más de 3000 €, además les adjunté recibos por 1000 € que compré necesarios debido al equipaje perdido. Demandaré a la compañía."
606,Desconocido,London,Granada,Europe,septiembre de 2024,1,"¡No estoy feliz! El vuelo se retrasó, lo que puedo entender. Nos corresponde una indemnización por cada viajero que ha sido casi imposible reclamar. He conseguido reclamar por un pasajero pero no he podido conseguir que respondan si entienden que hay dos pasajeros y tenemos derecho a una indemnización por ambos. El chat automático en línea es terrible y mis datos no son reconocidos, a pesar de ser el pasajero principal que no reconocí en la reserva! El servicio de atención telefónica al cliente es muy, muy pobre, el personal se cortó conmigo cuando finalmente llegué a alguien y todavía esperando la confirmación de que mi reclamación ha sido recibida. No tengo esperanzas... ¡a pesar de que se deben 400 euros! ¡Cuidado!"
607,Desconocido,Santiago de Compostela,Barcelona,Domestic,octubre de 2024,1,"Mi primer y último vuelo con Vueling. El vuelo se retrasó durante horas (lo que, por supuesto, puede suceder). No hay información en el aeropuerto. Nadie a quien preguntar. Acabo de recibir emails diciéndome que el vuelo se retrasó. Al principio 1 hora, 2... Hasta las 7 horas. No hay información a bordo sobre nuestros vuelos conectivos. Solo tienes que ir al mostrador... en Barcelona. “¿Habrá alguien allí que nos ayude?”, pregunté. “Sí, claro” No, solo había un letrero sobre la aplicación. Lo único que podía hacer era pedir un reembolso en la aplicación a las 11 pm. Después de correr por el aeropuerto, alguien finalmente nos dijo que fuéramos al mostrador de facturación de Vueling. Esas pobres personas tienen el trabajo horrendo, teniendo que lidiar con un montón de pasajeros cansados, enojados y tristes. Así que mi consejo: ¡no elijas Vueling nunca en un millón de años!"
608,Desconocido,Paris,Dublin,Europe,noviembre de 2023,1,"Perdimos un equipaje el año pasado en CDG seguimos buscándolo y preguntamos al personal, pero son muy groseros. Perdí el equipaje con medicamentos importantes. Hasta ahora después de un año nuestro equipaje no ha vuelto todavía y no hay actualizaciones. Mal servicio al cliente. El personal no es agradable, personal grosero. Muy mal servicio y no volvería a probar esta aerolínea."
609,Desconocido,Tenerife,Barcelona,Domestic,octubre de 2024,1,"abusan con todo. Precios por maleta, por asiento, por lugar en el avion, por respirar demasiado, y la politica de devoluciones es ridicula. si puedes evitala!"
610,Desconocido,London,Santiago de Compostela,Europe,octubre de 2024,1,"Me reservaron un vuelo desde Gatwick a Santiago de Compestela. Veuling canceló mi vuelo me ofreció un vuelo a Barcelona y luego traslado a otro avión para volar de regreso a Santiago. Le dije que no, gracias, querría recuperar mi dinero. Se han negado a darme mi dinero. ¡Piensan que es una alternativa aceptable! He reservado un vuelo directo con Ryanair. Terrible servicio al cliente - ¡evite!"
611,Desconocido,Barcelona,Berlin,Europe,octubre de 2024,1,"Ambos vuelos (a Barcelona y de vuelta) se retrasaron. Nuestro vuelo de regreso se retrasó casi tres horas, despegamos exactamente cuando se suponía que debíamos aterrizar. Durante el tiempo de espera no nos dieron información sobre lo que está sucediendo, luego se cambió la puerta, luego comenzaron a abordar cuando no estaban listos, por lo que la gente estuvo atascada en el corredor de conexión durante algún tiempo. Los autobuses no estaban bien programados, nos llevaron a una terminal diferente para abordar y luego tuvimos que esperar fuera del avión entre todo el ruido porque el embarque era muy lento. No se ofreció comida ni agua en ningún momento, a pesar de que el retraso fue de más de dos horas. Incluso creo que tal vez comenzaron a abordar cuando no estaban listos para evitar darnos cupones de comida, que se prometen en su sitio web. En general, una experiencia terrible, esta compañía nunca obtendrá más dinero de mí y aconsejaré a cualquiera que elija una aerolínea diferente."
612,Desconocido,Jerez De La Frontera,Barcelona,Domestic,octubre de 2024,2,"Tanto a la ida como al regreso los 2 vuelos salieron retrasados, un desastre, por suerte no tenía conexión con otros vuelos.Es una vergüenza nacional."
613,Desconocido,Bordeaux,Lisbon,Europe,octubre de 2024,1,"Podría escribir una charla completa de TED sobre lo terrible que ha sido nuestra experiencia con Vueling - no elijas, bajo ninguna circunstancia, volar con esta aerolínea. El vuelo parecerá barato al principio, pero eso es seguido rápidamente por el check-in y los cargos por equipaje más escandalosos que he visto. Nuestro vuelo de Burdeos a Lisboa costó alrededor de $ 150 USD. Cuando hicimos el check-in en el aeropuerto, nos cobraron 70 € la pieza por nuestro equipaje de facturación. Entonces, nos dijeron que nuestra pequeña bolsa de mano sería de 55 € adicionales (¿por qué? ? pero está bien). Nos aseguraron por el hombre que tomó nuestra tarjeta de crédito que se trataba de un cargo único y podíamos llevar nuestra maleta de mano en adelante a Lisboa con nosotros. Cuando nos trasladamos a Barcelona, nos sacaron de la línea de manera grosera y nos preguntaron si habíamos pagado por nuestra maleta de mano. Dijimos que sí, y mostramos nuestro recibo. Aparentemente no lo suficientemente bueno, como nos dijeron entonces, solo habíamos pagado por nuestro equipaje de Burdeos a Barcelona, y tendríamos que pagar 60 euros adicionales para llevar nuestro equipaje a este último vuelo... ¿ahora de repente más caro? Nada más que pagar la tarifa adicional. Así que, en general, este vuelo de $ 150 nos costó $ 380 únicamente en tarifas de equipaje. Absolutamente loco, nunca volaremos esta aerolínea de nuevo. Gran comienzo de nuestro viaje de luna de miel, muchas gracias Vueling! Ustedes son horribles."
614,Desconocido,Barcelona,Santiago de Compostela,Domestic,septiembre de 2024,1,"Llegamos para nuestro vuelo el 24. septiembre en los mostradores de facturación , entregó nuestros pasaportes y copias impresas de nuestro check in en línea, sólo para ser informados de que nuestra reserva fue cancelada. Decir que esto fue una conmoción es la subestimación del año. Nos encontramos con ninguna explicación razonable y nos enfrentamos a la opción de volver a reservar o quedar varados en el aeropuerto. Tomando el menor de dos males fuimos a la oficina de vueling y reservé. Dos plazas a más del doble del coste de la reserva original. Euro 261 . 80 Al llegar a la puerta de embarque nos informaron que el tipo que hizo la reserva no había incluido nuestro equipaje de mano. Un cargo adicional de 120 euros. Así que ahora a un costo enorme habíamos comprado exactamente los mismos asientos, en el mismo vuelo porque nuestra reserva había sido cancelada y nadie en el aeropuerto podía explicar por qué. Al menos llegaremos a casa, dije yo y lo resolveremos más tarde. ¿Alguna vez alguien ha podido ponerse en contacto con vueling para quejarse, ciertamente no he podido , todos sus sistemas parecen diseñados para tomárselo imposible. Si por alguna remota casualidad vueling lee esto y quieres ponerte en contacto conmigo , mi número es 0034 622233278 , y te contestaré que no necesitarás pasar por menús interminables para terminar donde empezaste. Pasajero disgustado, nunca más"
615,Desconocido,Paris,London,Europe,octubre de 2024,1,No hay espacio para piernas. Tuve que caminar 10 km para llegar al avión. No hay personal servicial. Estaba muy decepcionado en general y no recomendaría a nadie.
616,Desconocido,Barcelona,Alicante,Domestic,octubre de 2024,1,"Retraso y a sabiendas nos hacen embarcar preguntando no saben decirnos hora mientras que en su web se había actualizado a 1h:20m de retraso. Que haya retrasos dudo se pueda evitar, mentir a los clientes si se puede, pero parece que está compañía valora tanto como nada la verdad. Patetico"
617,Desconocido,London,Barcelona,Europe,octubre de 2024,5,Increíble tripulación de vuelo a tiempo y asientos muy serviciales y cómodos. Recomendaría esta aerolínea a cualquiera que fuera. Es la primera vez que vuelan con esta aerolínea y fue genial aterrizar suavemente.
618,Desconocido,Rome,Malaga,Europe,septiembre de 2024,1,"Compre la sala vip , y resulta que mi vuelo salia de terminal 1. Y la sala vip solo podia usarse en la terminal 3. Es evidente que no puedo salir una vez pasado el control. Con lo cual no me admitieron en la terminal 1. Vueling no reembolsa y no use un servicio que me vendieron asi."
619,Desconocido,London,Rome,Europe,septiembre de 2024,1,"¡Una aerolínea terrible con el personal más perezoso! En el vuelo de regreso, las dos azafatas en la parte delantera del avión estuvieron sentadas durante la mayor parte del vuelo, cerraron la cortina cada vez que se acercaron a la cocina de lengua y negaron el acceso de los pasajeros al baño cerca de la cocina, insistiendo en que los pasajeros caminaran hacia la parte trasera del avión, a pesar de que no había nada malo con las instalaciones delanteras! Hicieron un barrido del avión vendiendo café y no se molestaron en vender artículos libres de impuestos. ¡En resumen, perezoso!"
620,Desconocido,Paris,Dublin,Europe,septiembre de 2024,1,"Estoy extremadamente frustrado y busco asistencia urgente debido a la cancelación de mi vuelo VY 8578 , con referencia de reserva REYL 3 C, a Dublín, originalmente programado para el 5 de septiembre a las 6 : 30 AM. Cuando intenté hacer el check-in en la mañana del 4 de septiembre, me sorprendió saber que mi vuelo, programado para el 5 de septiembre, había sido cancelado. Las únicas opciones ofrecidas fueron regresar a Dublín el mismo día o volar el 6 de septiembre. Sin embargo, el 4 de septiembre fue mi cumpleaños, y por esta razón, no pude regresar ese día. Viajé a Francia con mi familia para celebrar esta ocasión especial. Hace más de un año, compramos entradas para Disney como parte de esta celebración, algo que nos entusiasmaba mucho a todos. Además, la opción de volar el 6 de septiembre fue imposible porque mi hermano y mi hermana - en la ley - tuvieron un vuelo de regreso a Brasil en la noche del 5 de septiembre. En esta situación, regresar a Dublín el día 4 no fue posible. Mi familia hizo una inversión importante en el viaje a Disney, especialmente teniendo en cuenta la devaluación de la moneda, ya que los pagos se realizaron en reales brasileños. Desafortunadamente, debido a la cancelación del vuelo, tuvimos que pasar una noche extra en París, lo que nos obligó a reservar un hotel que no estaba en nuestro presupuesto y comprar nuevos boletos de avión de otra aerolínea. Hasta ahora, ni siquiera hemos recibido el reembolso de los billetes de Vueling cancelados. Por eso solicito el reembolso de todos los gastos que tuve el 5 de septiembre, incluyendo el alojamiento y el nuevo vuelo que tuve que comprar, ya que no debería haber estado en París en esa fecha. He intentado presentar una queja en el sitio web, pero es imposible porque el sistema no reconoce mi número de vuelo. Envié un correo electrónico a la empresa (Contactus@vueling.com) justo después de la cancelación, pero fui ignorado. Hasta ahora, no he recibido ningún reembolso. El número de protocolo donde me informaron sobre la cancelación y el reembolso es 019657330. Dada la importancia de este viaje para mi familia y la situación inesperada, pido urgentemente a Vueling que me ayude a encontrar una solución, así como que me devuelva los gastos ocasionados por la cancelación del vuelo. saraa. vieiramonteiro@gmail. com"
621,Desconocido,Barcelona,Malaga,Domestic,septiembre de 2024,1,"Nuestro vuelo se retrasó más de una hora sin comunicación sobre el retraso, y sin explicación. Estuvimos en la cola en la puerta de embarque durante casi 2 horas! ¡Aparentemente el piloto y la tripulación no habían llegado! ¡Cuando subimos al avión, el avión estaba sucio! Latas de cerveza vacías en el bolsillo del asiento, pañuelos usados en el piso, etc. El vuelo no había sido limpiado en ABSOLUTO del vuelo anterior. Para colmo, la mayoría de los alimentos del menú no estaban disponibles. Los niños estaban hambrientos debido al retraso, y ninguna de las opciones vegetarianas estaba disponible. Nunca he estado en un vuelo que haya tenido un servicio tan patético. Entiendo que es una aerolínea económica, pero limpiar el vuelo es un requisito básico. Extremadamente decepcionado con el vueling y nunca lo volveré a usar!"
622,Desconocido,Split,Malaga,Europe,septiembre de 2024,1,"Acabo de regresar de unas maravillosas vacaciones en Croacia completamente arruinado por la total ineficiencia de Vueling Airlines. Reservé un vuelo de ida y vuelta el 19 de octubre de 2023 ; los vuelos eran de AGP a SPU vía BCN el 10 de septiembre de este año. El regreso el 17 de septiembre fue SPU a AGP a través de FCO, que implica una escala de 7 horas en FCO. En julio de este año encontré una mejor opción de devolución que involucraba SPU a BCN, BCN a AGP. Me puse en contacto con el servicio de atención al cliente y pagué extra por el cambio de vuelo el 15 de julio de 2024. Se hizo el cambio y se emitieron tarjetas de embarque. En agosto de 2024 me contactó Vueling para decirme que el nuevo vuelo no podía realizarse debido a la cancelación del vuelo de BCN a AGP. Al mismo tiempo, Vueling confirmó que mi regreso había sido cambiado una vez más a la SPU original a FCO, FCO a AGP. Después de una queja que tardó en resolverse, recibí 202 €. 56 como reembolso por el cambio de vuelo. El 21 de agosto recibí un correo electrónico de Vueling para informarme que una vez más por regreso era a través de FCO y tarjetas de embarque impresas, aquí es donde todo salió mal. Ayer mi esposa y yo fuimos a SPU para facturar nuestro vuelo de regreso solo para descubrir que no figuramos en la lista de pasajeros de SPU, por lo que no pudimos proceder a tomar el vuelo ya que las tarjetas de embarque que teníamos no fueron reconocidas. El personal muy servicial de SPU me dijo que Vueling no tiene presencia de personal en SPU y que tendría que ponerme en contacto con el servicio de atención al cliente de Vueling para resolver el problema. Si alguien en Vueling canceló nuestro vuelo de regreso sin nuestro conocimiento, entonces esa persona o departamento debe rendir cuentas. Sentado con mi teléfono móvil haciendo costosas llamadas internacionales, no pude encontrar la manera de hablar con un ser humano en Vueling. El personal de seguridad del aeropuerto fue muy útil en tratar de encontrar un número al que pudiera llamar, pero todos los esfuerzos fallaron. El tiempo pasó y se hizo obvio que mi dilema no iba a ser resuelto, a pesar de un retraso de una hora del vuelo de entrada, el tiempo se agotó. Tanto por motivos laborales como personales necesitaba estar en mi casa hoy, 18 de septiembre, por lo que me vi obligado a recurrir a E Dreams para buscar un vuelo que pudiera abordar para devolverme a AGP y a mi casa en Alhaurín el Grande. Logré reservar dos billetes con Smartwings de SPU a AGP pasando por Praga, esto me costó 629€. 90 y esta era la opción más barata. Mi reserva original con Vueling costó € 446. 78 para los vuelos de vuelta, por lo que según mi cálculo, el vuelo de vuelta costaría la mitad del total siendo de 223€ . Creo que Vueling debería reembolsarme esta cantidad más el coste del vuelo adicional que tuve que reservar para llegar a casa más una compensación tanto por los gastos adicionales incurridos como por las molestias. Tengo 69 años y mi esposa 72 y este episodio nos ha causado un estrés dramático a los dos, peor de todo, todo el problema fue causado por la ineficiencia de Vueling, a pesar de recibir confirmación por escrito de que mi vuelo había sido transferido de vuelta a la reserva original, de alguna manera la comunicación de ese hecho al aeropuerto de Split no ocurrió. Nos quedamos varados en un país extranjero sin ninguna forma de obtener ayuda. Seguramente tendría sentido publicar al menos un número de teléfono donde sea posible hablar con un ser humano real en caso de emergencia. Adjunto una copia de la línea de tiempo original con respecto a mi queja, pero sin duda sus registros contarán esta historia. Qué ridículo es que se reservara un vuelo de regreso y, sin embargo, la etapa de regreso desapareciera misteriosamente, al menos de los sistemas. Aunque creo que la flota y el producto duro son muy buenos, los sistemas, especialmente el servicio al cliente, dejan mucho que desear, al igual que la tarea prácticamente imposible de hablar con un ser humano, especialmente en caso de emergencia."
623,Desconocido,Porto,London,Europe,octubre de 2023,1,"La peor aerolínea que he usado. Compré mis billetes en Expedia y fue con Iberia y más tarde me enteré de que era Vueling. Para abreviar una larga historia diré que todo lo que hicieron fue malo. El vuelo se retrasó, perdí mi conexión por eso, nuestro equipaje nunca llegó al aeropuerto, no tienen ningún mostrador de atención al cliente, así que no hay nadie que te ayude con el problema. Tuve que presentar una reclamación con el departamento de objetos perdidos del aeropuerto que no sabían nada sobre mi equipaje. Lo único que tengo es un número de reclamación. Nunca recibimos nuestro equipaje para nuestro crucero de 5 días tuvimos que comprar cosas que necesitábamos en diferentes países en los puertos. Recibimos nuestro equipaje 7 días después en nuestra casa y hemos estado tratando de contactar con el servicio de atención al cliente de Vueling, pero la única manera es a través del correo electrónico y tuvimos que esperar una semana o más para su respuesta NO VUELES CON VUELING"
624,Desconocido,Barcelona,Madrid,Domestic,septiembre de 2024,1,"Este vuelo arruinará sus vacaciones. Si tienes la oportunidad de ir con otro vuelo, no importa cuánto más caro, ve por él. Este vuelo no vale la pena. Aquí está la historia de nuestro equipaje perdido. En primer lugar, Thrley había reservado alrededor de 20 personas para nuestro vuelo de las 7 am. Fuimos uno de los pasajeros que no pudieron subir al vuelo y nos pidieron que fuéramos a su personal para volver a reservar para el vuelo de las 12 pm! Así que, hasta este punto, ya he perdido 5 h de mi plan de pasar tiempo en Madrid más el cansancio de quedarme en el aeropuerto durante 5 h. Durante la reprogramación de nosotros para el vuelo de las 12 pm, pregunté específicamente qué pasará con mi equipaje, dijeron que se transferirá automáticamente. Llegamos a Madrid y nuestro equipaje no estaba allí. Ni siquiera tienen personal en su lugar de equipaje perdido con el que hablar. Todo lo que dicen es que use el código QR para enviar un formulario. Ya han pasado 5 días, sin señales de encontrar mi equipaje, su servicio al cliente no sirve de nada, solo te dicen que verifiques el estado en línea. Tuve que pasar 3 días en Madrid sin tener ninguna de mis pertenencias y tuve que viajar de vuelta a EEUU sin mi equipaje. Esta aerolínea es peor. No reserve. Su personal y servicio al cliente también es muy grosero."
625,Desconocido,Barcelona,Manchester,Europe,septiembre de 2024,1,"Su personal cobra cargos exorbitantes por una mochila que es apenas una pulgada más que la asignación de equipaje gratis. La misma tarifa que se pagaría por facturar el equipaje. Eso es ridículo y la primera vez que pago tanto desde que empiezo a volar. Mi compañía de vacaciones eligió Vueling para mí y decidió probarlo por primera vez. Obviamente cometí un gran error y nunca se los recomendaría a nadie. La policía también siguió revisando mi pasaporte como si esperara que hubiera algo mal incluso después de pasar los controles en la puerta de embarque, lo que me retrasó. Es una aerolínea horrible. ¡El peor de todos! El check-in no se puede hacer en línea tan bien como en el aeropuerto. ¡La razón fue que a mi país no se le permitió registrarse en línea! También cambiaron la puerta de embarque en el último minuto. ¡Aerolínea basura! ¡Eviten a toda costa!"
626,Desconocido,Milan,Barcelona,Europe,septiembre de 2024,5,"¡Perfecto! ¡El mejor vuelo de mi vida! Después de muchos odios que he leído en recensiones, debo escribir sobre mi súper experiencia! Vuelo muy preciso, no hay problemas con el equipaje de mano gratis 40 * 30 * 20 , yo tenía una maleta de esta dimensión, la gente iba con una mochila y nadie controlaba cm etc. . . hemos aterrizado antes de tiempo aproximadamente 20 minutos. Era un avión pequeño normal para vuelos de bajo coste , obviamente no se ha contado con aviones de dimensiones Fly Emirates (así que no escribas estupideces: como sin espacio para piernas) . Buen trabajo. Gracias"
627,Desconocido,London,Barcelona,Europe,agosto de 2024,1,"Ya he dado una reseña sobre este vuelo en particular. Esta revisión es para advertir a los lectores que ignoren las respuestas de “atención al cliente” del personal de Vueling. Hay respuestas a todas las reseñas aquí - pidiendo a la gente que se ponga en contacto con ellos a través de Vueling SOCIAL MEDIA CHANNELS! Piense en eso por un momento... Es una cortina de humo. Cuando hice lo que me indicaron y me puse en contacto con ellos a través de Instagram (ridículo, lo sé! 😆)... me dijeron que no podían ayudar. Así que, de nuevo, las respuestas del personal de Vueling aquí son simplemente para mostrar. Por favor, NO se deje adormecer por creer que Vueling es una empresa de buena fe que se preocupa por sus clientes: IT IS NOT. PS: Será interesante ver si esta reseña obtiene la respuesta exacta del “atención al cliente” de Vueling que he destacado aquí... . ¡No puedo esperar para averiguarlo! 😃"
628,Desconocido,Barcelona,Florence,Europe,agosto de 2024,1,"Vueling perdió nuestro equipaje en un vuelo directo de Barcelona a Florencia el 1 de agosto 2024 . El equipaje estaba ubicado el 4 de agosto de 2024 y por lo tanto gastamos cerca de 300 euros en ropa, artículos de tocador y limpieza de lavandería. La aerolínea solo nos reembolsó 100 euros, que es solo una fracción del costo de los gastos incurridos y sin incluir el tiempo que pasamos para encontrar artículos de reemplazo. Les pedí varias veces que reconsideraran la cantidad que nos reembolsarían, pero nunca recibí respuesta."
629,Desconocido,Cardiff,Malaga,Europe,septiembre de 2024,5,"Fácil registro, buen vuelo en ambos sentidos, asientos cómodos, personal amable, retraso mínimo para el despegue, muy buena aerolínea económica. Otras críticas nos parecen duras."
630,Desconocido,Dubrovnik,Alicante,Europe,septiembre de 2024,1,"A mí y a todos los pasajeros nos cancelaron esta semana el vuelo desde Dubrovnik a Barcelona, sin explicación alguna nos dejaron tirados, nadie de la compañía dió la cara, allí solo había personal del aeropuerto, en los vuelos que nos reasignaron, el de dubrovnik a Barcelona salimos con hora y pico de retraso, y en la escala con Barcelona, el de Barcelona a Alicante con más de 2 horas de retraso.....mi mujer y yo tuvimos que pedir días de permiso extra por su culpa, todavía hay personas en Dubrovnik esperando a salir mañana domingo, en fin, a mí ya no me ven más el pelo."
631,Desconocido,Burgos,Barcelona,Domestic,septiembre de 2024,1,"La peor aerolínea de todos los tiempos, sin segundo cercano... De principio a fin lo peor; Puerta de embarque inicial, todos esperaban en sus líneas de embarque sin nadie de Vueling en la puerta. 40 minutos después de que se suponía que el vuelo saldría, cambiaron a un retraso de 2 horas en el tablero de información, todavía sin empleados con los que hablar. Una vez que abordamos, el avión tarda 45 minutos en prepararse para volar antes de despegar. Podría seguir y seguir, pero en resumen, la tripulación era grosera y poco profesional y no estaba dispuesta a ayudar con los vuelos de conexión. Las azafatas solo tenían cualificaciones cuando todas parecían bonitas. Aparte de eso, no tenían experiencia, y tan pronto como abrían la boca, se notaba que habían sido contratados por su apariencia, no por su experiencia. Vuelar es tan malo, que tienen un hotel en Barcelona específicamente para ellos para los volantes que necesitan poner para vuelos perdidos debido a su incompetencia. El hotel nos dijo que cada día hay más de 50 personas que alojan a través de Vueling. Nunca más tomaría esta aerolínea. Alquilaría un coche, autobús, trole, cualquier cosa que no fuera estar expuesto a su comportamiento grosero."
632,Desconocido,Split,Barcelona,Europe,julio de 2024,1,"Nos cancelaron el vuelo, en el aeropuerto de Split, a las 02:00 de la madrugada y no recibimos ningún tipo de comunicación por parte de Vueling para interesarse por el estado de los pasajeros, ni ningún tipo de ayuda para intentar gestionar alojamiento . Tan solo el correo de la cancelación y otro ofreciendo un vuelo dos días después. En mi opinión, una compañía aérea debería mostrar interés o algún tipo de preocupación cuando los pasajeros de uno de sus vuelos se quedan tirados en la terminal de un aeropuerto extranjero a las 02:00 de la madrugada, independientemente de si tiene la culpa o no de la cancelación. El servicio de atención al cliente pésimo. Me han decepcionado mucho y no volveré a volar con esta compañía"
633,Desconocido,Zurich,Barcelona,Europe,julio de 2024,1,"Terrible, Mi vuelo desde Zurich debía salir a las 21: 15 por lo que llegamos al aeropuerto alrededor de las 18 : 30 . Después de que nos registramos, nos sentamos a comer hasta que recibí y E-Mail que mi vuelo se retrasa 1 hora y 30 minutos. Pero esto siempre pasa en Vueling. Luego comenzaron a retrasar el vuelo cada vez más debido a una tormenta en Barcelona. Cuando el avión aterriza, un pájaro se estrella en la parte delantera del avión por lo que nos retrasamos aún más. Eventualmente empezamos a abordar a las 23: 00 . Después de sentarnos, nos dicen que el agujero era más grave de lo que pensaban y tienen que cancelar el vuelo. Típico. Luego, cuando salimos del avión, dicen que la gente con alojamiento va. Personas sin alojamiento, le daremos una almohada y una manta y usted puede tumbarse en el suelo. Cuando hay literalmente niños de 1 año y 75 años en el vuelo. 17 horas después, tomamos un vuelo a BCN."
634,Desconocido,Barcelona,Oslo,Europe,septiembre de 2024,1,"La peor compañía. Billetes comprados con 9 meses de antelación, al hacer el chek-in online 48h antes (lo máximo permitido), el vuelo estaba cancelado, según Vueling el motivo ""criterios internos de la compañía"". Alternativa salir en otro vuelo 36h después, vuelo que también salió con retraso, con momentos cómicos por haberse dejado un chico del servicio de catering dentro del avión, según el piloto, el motivo del retraso: mala suerte y muchas disculpas. De 4 días del viaje nos quedamos en dos. Perdimos la primera noche de hotel pagada i al llegar a Oslo una de nuestras maletas no apareció, ocasionando unos gastos mínimos de compra de ropa para pasar dos días, la maleta ha aparecido 11 días después. La vuelta también fue curiosa, cargando combustible al avión, todo con muchas prisas, al mismo tiempo entrando el pasaje por la puerta delantera, los carros de catering por la trasera y las azafatas colocando las maletas, no se pueden perder minutos. Después de infinidad de mails, enlaces en su web y llamadas a Vueling, la indemnización que nos dan por vuelo cancelado y retrasado 0,00€, por maleta devuelta 11 días después i primeros gastos necesarios 350.00€, por perdida de noche de hotel 0,00€, y por perder dos días de los cuatros que teníamos programados 0,00€."
635,Desconocido,Barcelona,Paris,Europe,septiembre de 2024,1,"Muy mal servicio en todo sentido. Atraso, mal trato. Pagar extra (55 euros) por llevar una guitarra, un robo. No lo recomiendo"
636,Desconocido,Dublin,Barcelona,Europe,septiembre de 2024,1,"reservé el vuelo a Barcelona a muy buen precio. pero Vueling cambiar la hora de vuelo por lo que puedo tener que cancelar los billetes, solicitar el reembolso desde junio pero aún no han recuperado el dinero , llamar al servicio de atención al cliente de Vueling en junio dijeron que tardará unas semanas llamarlos de nuevo en junio luego navegado tardará unas semanas, lo mismo feliz de nuevo , vueling aerolíneas demoran deliberadamente su solicitud de reembolso con el fin de dejarle perder el tiempo que puede obtener el dinero de su banco , porque el banco dicen solo 120 días para solicitud de disputa . lo que una estafa fk vueling . bs el servicio de atención al cliente no saben nada sobre el problema solo le dicen que espere ."
637,Desconocido,London,Banjul,International,septiembre de 2024,1,"El registro de entrada fue caótico, con apenas personal disponible para ayudar a los pasajeros con los procesos confusos. Las máquinas de equipaje de autoservicio no reconocieron ningún código de reserva, lo que significa que muchas personas tuvieron que hacer cola para facturar el equipaje manualmente. 2 de cada 3 de nuestros casos no llegaron a nuestro destino. Tuvimos que volver al aeropuerto para recogerlos 3 días después. Uno de los casos sigue desaparecido, ¡dos semanas después! Nuestro vuelo de conexión de camino a casa fue cancelado una hora antes del despegue programado. Nos hicieron pasar por la aduana de regreso a la sala de facturación para registrarnos en el próximo vuelo y nos aseguraron que nuestro equipaje sería transferido a nuestra lucha. Sorpresa, sorpresa llegamos y Gatwick pero nuestro equipaje no. Sin embargo, nuestros casos ya han sido entregados. No recomendaría esta aerolínea y sin duda los volvería a utilizar!"
638,Desconocido,Bologna,Barcelona,Europe,septiembre de 2024,1,"Pésimo servicio en atención al cliente, no conocen las normas de viaje por completo. Teniendo un viaje para asistir a un evento el mismo día, e llamando el día anterior más de 3 veces pidiendo información de que si era necesario portar el pasaporte incluso siendo residente legal por más de 5 en Italia y siendo todos mis documentos vigentes era necesario tener pasaporte, ME DIJERON QUE NO! Mi check in incluso fue aceptado con solo mis datos de residencia, conociendo mi nacionalidad, pero en el momento de abordar no se me permitió. Perdido el viaje, perdido el evento…. Por favor capaciten a sus empleados!"
639,Desconocido,Paris,Rome,Europe,julio de 2024,1,"Compré un billete para la fecha equivocada, después de que se canceló un vuelo, me di cuenta el mismo día y como ya estaba en el aeropuerto fui a hablar con la compañía para intentar cancelar la compra y me dijeron “tu problema”"
640,Desconocido,Rome,London,Europe,agosto de 2024,1,"Compré boletos para dos personas y no reservé asientos específicos con anticipación (volaba de Roma a Londres, regresando de vacaciones). Cuando llegué al check-in – en el mostrador, me dieron boletos, pero sin asientos asignados, y me dijeron que no teníamos ninguno porque la aerolínea había sobrevendido el vuelo – había más boletos vendidos que asientos disponibles. Estábamos en completo shock. Cuando empezamos a expresar nuestra frustración, nos dijeron que todavía podíamos intentar abordar el avión después de que todos los demás pasajeros hubieran abordado. Si alguien no apareciera para el vuelo y quedaran asientos, podríamos abordar y volar. Al final, fuimos a la puerta de embarque, y había otra familia de cinco miembros en exactamente la misma situación que nosotros, y a ninguno de nosotros se nos permitió abordar el vuelo. Estábamos confundidos y no sabíamos qué hacer. Me puse en contacto con la aerolínea (los llamé por teléfono y les expliqué toda la situación) y me dijeron que podrían ponernos en otro vuelo, pero no sería directo, tendría una escala. Incluso estábamos dispuestos a aceptar esto, a pesar de que tomaría casi un día completo volver a Londres. Esperamos su respuesta durante mucho tiempo para averiguar si podían subirnos al vuelo propuesto, pero después de algún tiempo, me enviaron un correo electrónico diciendo que desafortunadamente, no podían ayudar y nos recomendaron que nos pusiéramos en contacto con su personal en el aeropuerto. Eso es lo que hicimos, pero cuando nos acercamos a ellos, nos dijeron que no sabían nada de esto y que había asientos en el vuelo, simplemente no habíamos aparecido para abordar. Sin embargo, como sabemos, y como se ha dicho anteriormente, no había más asientos disponibles en el vuelo. Al final, tuvimos que comprar billetes muy caros para volar de vuelta el mismo día, ya que teníamos prisa por llegar a casa porque nuestro perro estaba solo en casa. Además, nuestro auto estaba en un estacionamiento pagado, y no pudimos extender el tiempo de estacionamiento, así que terminamos pagando una multa. Finalmente, debido a esta compañía, nuestro viaje de regreso fue estresante, costoso y arruinó toda la experiencia de vacaciones. La compañía dijo inicialmente que en situaciones como la nuestra, proporcionarían una compensación, pero nadie ha pagado nada, y no tienen la intención de hacerlo."
641,Desconocido,Florence,Madrid,Europe,septiembre de 2024,1,"Pésimo. Me perdieron la maleta un domingo por la mañana, por la tarde me dicen que la han encontrado y después de 3 días, miércoles, no saben decirme donde está. Su único mensaje es 'le diremos algo'."
642,Desconocido,Barcelona,Paris,Europe,septiembre de 2024,1,Tengo que comprar una bolsa de chequeo con la que no usamos porque nos dan información errónea sobre la bolsa de mano así que ten en cuenta que intentan estafarte
643,Desconocido,London,Barcelona,Europe,septiembre de 2024,1,"Actualmente estaba en el aeropuerto en mi luna de miel porque vueling canceló nuestro vuelo sin previo aviso o notificación. Llegamos al aeropuerto para encontrar que habían trasladado nuestro vuelo al día siguiente (nunca recibí ninguna notificación de esto). Al intentar mover o alterar el vuelo la web no mostraba vuelos disponibles para el mismo día. Sin embargo podríamos ir en skyscanner y reservar vuelos con vueling para el mismo día, así que claramente no es el caso. Reservamos vuelos el mismo día con otra aerolínea a un costo enorme para nosotros. Esperando reembolso. También el único miembro del personal con el que pudimos hablar fue desdeñoso y no servicial en absoluto. Y el número de atención al cliente es tan útil como una tetera de chocolate. Evita esta aerolínea a toda costa si quieres llegar a tu destino."
644,Desconocido,Birmingham,Barcelona,Europe,septiembre de 2024,1,"Pagó por el acceso a la sala VIP a través de Vueling y denegó la entrada y no mantienen contactos con la sala VIP. ¡Todavía no hay reembolso! Los vuelos se retrasan una hora (los últimos tres vuelos que he tenido se han retrasado una hora) ¿podrían estar en hora española? Luego tuve que esperar más de una hora para el equipaje del otro lado. No operan embarque por vía rápida a pesar de pagarlo y no hay compartimento de equipaje por encima de 1 , D, E o F ya que está reservado para el personal!"
645,Desconocido,Naples,Barcelona,Europe,septiembre de 2024,1,"El vuelo salía a las 21:20. Desinformación, como es habitual con Vueling, hasta prácticamente las 12, que dijeron que se había cancelado el vuelo. Desorganización total, de hotel en hotel, sin opción de vuelta hasta varios días después. Sin establecer ningún tipo de prioridad a personas vulnerables ni ningún tipo de información al pasajero."
646,Desconocido,Naples,Barcelona,Europe,septiembre de 2024,1,"Ayer cancelaron el vuelo. La atención recibida ha sido pésima. Ningún tipo de información, nos han llevado de un hotel a otro sin darnos ninguna explicación. No responden en atención al cliente. Un verdadero desastre. Nada recomendable volar con Vueling."
647,Desconocido,London,Santiago de Compostela,Europe,agosto de 2024,1,Cancelan todo el vuelo porque no tienen suficiente tripulación de cabina como nos dijeron en el aeropuerto. Por supuesto que tienes que reclamar en línea y la experiencia fue terrible. Te encintan el tiempo y te piden facturas de todos los costos para terminar diciendo que no nos van a dar nada porque la cancelación fue por las condiciones de meteorología. 2 meses hablando con ellos por nada
648,Desconocido,Palermo,Barcelona,Europe,septiembre de 2024,1,"Durante 2 días he intentado volar con esta compañía de costa baja a Barcelona para un tránsito. El primer día el vuelo tuvo 4 horas de retraso y perdí mi conexión. Segundo día 11 horas de retraso. Nadie nos dijo nada y nunca se hizo ningún anuncio, pero lo hemos visto en el horario de salida. No hay ningún servicio disponible de esta empresa. Nunca reservaré otro vuelo con ellos nunca"
649,Desconocido,Bilbao,Tenerife,Domestic,septiembre de 2024,1,"Siempre los vuelos van con retraso, siempre. Si es posible evitar esta compañia, es horrible viajar con ellos....horrible."
650,Desconocido,Barcelona,London,Europe,septiembre de 2024,1,"La peor y más incompetente aerolínea que he usado en un kilómetro y medio. Lo que debería haber sido un vuelo matutino rutinario a BIRMINGHAM se convirtió en una experiencia absolutamente caótica. Llegué al aeropuerto a las 6 am para un vuelo de conexión, que se retrasó y perdió mi vuelo de conexión como resultado, afortunadamente, me subieron al siguiente vuelo a LONDRES que fue cancelado y retrasado 9 VECES y finalmente despegó a las 9 am! Para añadir insulto a las lesiones perdieron mi equipaje y han sido completamente indiferentes al respecto y no han ayudado en absoluto. Incluso lograron estropear el formulario de reporte de equipaje retrasado que llené ahora no puedo rastrear las actualizaciones de mi equipaje perdido. Literalmente tuve que crear otro informe en línea, e incluso el sitio web sigue colapsando, es una broma completa. para cualquiera que busque usarlos ni siquiera lo piense, realmente no vale la pena la molestia, realmente son tan incompetentes y poco útiles. También fui testigo de que el personal era RACIALMENTE ABUSIVO e ISLAMÓFOBO con una mujer hijabi y su pareja cuando intentaron abordar el avión, llamaron a la policía sobre ella y su esposo y los sometieron a una ""verificación de identidad"" innecesariamente rigurosa e interrogatorios en la puerta de embarque, ¡a pesar de que todos habíamos pasado por seguridad! ¡HORRIBLE EXPERIENCIA!"
651,Desconocido,Seville,Valencia,Domestic,septiembre de 2024,1,Loco grosero personal aerolínea son estafadores. He tenido 2 vuelos con esta compañía hoy Me cobraron una vez por mi bolso 60 €. segunda vez no Pero se ajusta a esa jaula Gente súper grosera y no educada en la puerta MI PRIMERA y ÚLTIMA VEZ con esa empresa
652,Desconocido,Zurich,Barcelona,Europe,septiembre de 2024,1,"¡Premios Terrible Airlines! No es posible volar a tiempo. Si desea dormir en las berlinas del aeropuerto y utilizar los aeropuertos como su hogar, puede comprar el billete de avión de Vueling Airlines. Para mí fue un gran error intentar volar esta terrible aerolínea. Mantente lejos si quieres volar a tiempo."
653,Desconocido,Lyon,Lanzarote,Europe,septiembre de 2024,1,"0 profesionalidad, siempre tarde, aterrizas en otro aeropuerto solo porque llegas tarde y pasas la primera noche de tus vacaciones durmiendo en el aeropuerto. . . esa es la experiencia que obtienes si vuelas con ellos. ¡Nunca, NUNCA lo hagas de nuevo!"
