id,airline,origin_user,origin,destination,flight_type,travel_date,rating,review_text
VOE_0001,Volotea,Desconocido,Valencia,Santander,Domestic,marzo de 2026,5,"Mi hijo sufrió una lesión poco antes del viaje, entonces estaba en silla de ruedas. No he tenido tiempo de avisar o pedir asistencia, pero igualmente todo el equipo fue genial, nos ayudaron e incluso cambiaron asientos para que estuviéramos más cómodos."
VOE_0002,Volotea,Desconocido,Barcelona,Murcia,Domestic,marzo de 2026,5,"Muy bien y satisfecha. Atentos, educados y serviciales."
VOE_0003,Volotea,Desconocido,Granada,Oviedo,Domestic,abril de 2026,5,"Como siempre volotea nunca me falla , todo muy correcto en un viaje cortito y agradable , lo mejor que me pusieran junto a mi marido ya que pagar por asiento subía muchísimo ."
VOE_0004,Volotea,Desconocido,Oviedo,Valencia,Domestic,abril de 2026,5,Realicé vuelo de ida y vuelta Asturias-Valencia en abril. No tengo ninguna queja sobre Volotea. Vuelo mas corto incluso de lo publicitado. Viaje tranquilo buen servicio y buen trato. He viajado siempre este trayecto con esa Compañía...y lo seguiré haciendo. Otra cosa son los horarios de enlaces q ofrecen los servicios de autobuses desde mi residencia hasta el aeropuerto a la salida/ llegada del vuelo. Nefastos. Pero ahí nada tiene q ver con Volotea.
VOE_0005,Volotea,Desconocido,Murcia,Barcelona,Domestic,abril de 2026,5,"Puntualidad británica y un servicio atento. Muy bien, repetiré seguro."
VOE_0006,Volotea,Desconocido,Palma de Mallorca,Oviedo,Domestic,abril de 2026,5,Me encantó el vuelo. La tripulación muy amable y buena comunicación entre pilotos y pasajeros.
VOE_0007,Volotea,Desconocido,Alicante,Oviedo,Domestic,abril de 2026,5,El vuelo fue muy bien y en el horario previsto.
VOE_0008,Volotea,Desconocido,Barcelona,Ancona,Europe,abril de 2026,5,"Todo perfecto, en horario, muy amables y vuelo tranquilo."
VOE_0009,Volotea,Desconocido,Vitoria-Gasteiz,Barcelona,Domestic,abril de 2026,5,El vuelo fue puntual y transcurrió sin incidentes. Buena atención por parte de tripulación y en el embarque. Buena relación calidad precio. Como única incidencia tuve problema para aparcar en el aeropuerto de Vitoria ya que debido a la Semana Santa estaba colapsado. Hubiera sido interesante avisar a los viajeros de esa situación para resolver el problema sin generar tensión al no saber si iba a llegar al embarque.
VOE_0010,Volotea,Desconocido,Oviedo,Menorca,Domestic,abril de 2026,5,"Todo perfecto en los vuelos, puntualidad en las salidas programadas, amabilidad del personal de Volotea, tanto en los aeropuertos de origen y destino, así como la tripulación del avión."
VOE_0011,Volotea,Desconocido,Oviedo,Seville,Domestic,abril de 2026,5,"Experiencia mas que satisfactoria, puntualidad, comodidad y atenciones. Repetiré sin duda."
VOE_0012,Volotea,Desconocido,Barcelona,Murcia,Domestic,abril de 2026,5,"Muy buena experiencia, solicité asistencia y tanto en origen como en destino genial."
VOE_0013,Volotea,Desconocido,Desconocido,Desconocido,Desconocido,abril de 2026,5,"Puntualidad exquisita, buena atención con profesionalidad y saber estar."
VOE_0014,Volotea,Desconocido,Porto,Bilbao,Europe,abril de 2026,5,"Maravilla de vuell. Siempre puntuales, con una gran atención tanto del personal de tierra como en el vuelo."
VOE_0015,Volotea,Desconocido,Bilbao,Florence,International,abril de 2026,5,"Fue un vuelo tranquilo, sin ninguna incidencia"
VOE_0016,Volotea,Desconocido,Bilbao,Seville,Domestic,abril de 2026,3,"Las personas que atienden en los mostradores, tienen nulo conocimiento de lo que ustedes venden en la web. Tuve que facturar mi equipaje de mano aún viendo que en mi pasaje, dice que tengo derecho a una maleta de 10kilos y un bolso. Me cobraron 45€ volviendo de Bilbao a Sevilla. Viajo con mucha dificultad y encima me estafan o la aerolínea o los personas en mostrador. Un trato déspota y deficiente, no sé si ustedes tienen abuela o madre, pero yo no soy menos. Para variar pague por unos snaks durante mi vuelo y solo me sirvieron una coca cola."
VOE_0017,Volotea,Desconocido,Oviedo,Palma de Mallorca,Domestic,marzo de 2026,4,Puntualidad aceptable. Aviones cómodos y limpios. Tripulación amable. El proceso de compra activa por defecto el Megavolotea Plus y eso no me gusta.
VOE_0018,Volotea,Desconocido,Oviedo,Valencia,International,abril de 2026,5,Me encanta viajar con Volotea
VOE_0019,Volotea,Desconocido,Desconocido,Desconocido,Desconocido,abril de 2026,1,"Son unos ladrones en general como todas las compañías aereas, he pagado una maleta extra, en la web al pagarla pone maleta DE CABINA, llego al aeropuerto y me dicen que esa maleta debia facturarla, me"
VOE_0020,Volotea,Desconocido,Bilbao,Malaga,Domestic,marzo de 2026,1,"Tuve mala experiencia por primera vez. Suelen ser amables y considerados, pero en este vuelo no lo fueron. Les avisé de una lesión de última hora y no fueron amables, ni me ayudaron ni auxiliaron después de un retraso de 45 minutos sentados antes del despegue, que fue muy lesivo para mi dolencia."
VOE_0021,Volotea,Desconocido,Barcelona,Vitoria-Gasteiz,Domestic,marzo de 2026,4,"Todo muy bien, súper puntual. Lo único malo fue que el embarque fue un poco lento."
VOE_0022,Volotea,Desconocido,Oviedo,Brussels,Europe,abril de 2026,5,"Muy buena atención, viaje tranquilo, todo puntual y sin problema. Encantado como siempre"
VOE_0023,Volotea,Desconocido,La Coruna,Malaga,Domestic,abril de 2026,5,"Todo perfecto y puntual, personal de a bordo atentos y muy amables"
VOE_0024,Volotea,Desconocido,Nantes,Las Palmas de Gran Canaria,Europe,marzo de 2026,5,Todo fue muy fácil y para ser la primera vez que viajaba con Volotea estoy muy contenta con la experiencia. Volveré a repetir en futuros viajes.
VOE_0025,Volotea,Desconocido,Oviedo,Valencia,Domestic,marzo de 2026,4,Búa aerolínea. Tripulación muy amable
VOE_0026,Volotea,Desconocido,Las Palmas de Gran Canaria,Bilbao,Domestic,marzo de 2026,5,"Es la primera vez que viajaba con esta compañía y he tenido una buena experiencia. Avión grande, limpio, cómodo y salida en hora."
VOE_0027,Volotea,Desconocido,Bilbao,Malaga,Domestic,abril de 2026,1,"A pesar de estar muy satisfechos con volotea (puntualidad en Los vuelos y amabilidad en las azafatas de vuelo) hoy en El vuelo Bilbao-Malaga de las 7.30 de la mañana, hemos recibido un trato vergonzoso por parte de una chica de embarque, tratando a mi pareja con gran chulería y falta de respeto. Ha sido de lo más desagradable que he vivido en un aeropuerto"
VOE_0028,Volotea,Desconocido,Oviedo,Seville,Domestic,marzo de 2026,4,Hay que mejorar sistema de embarque en ocasiones
VOE_0029,Volotea,Desconocido,Madrid,Vitoria-Gasteiz,Domestic,marzo de 2026,4,"Asientos con muy poco espacio para las piernas. Tripulación muy junior, se les notaba faltos de experiencia. Vuelo muy puntual."
VOE_0030,Volotea,Desconocido,Bilbao,Malaga,Domestic,marzo de 2026,1,"Me pusieron en overbooking, soy megaboloteaplus, tengo embarque prioritario y hasta 5 minutos antes de la salida no pude entrar en el avion. VAMOS QUE PAGAS SERVICIOS QUE NO YE DAN"
VOE_0031,Volotea,Desconocido,Seville,Donostia - San Sebastian,Domestic,marzo de 2026,4,"Vuelo bien, el precio si haces con tiempo y mirando salen bien. Deberían poner más vuelos nacionales desde San Sebastián con el sur de España en lugar de reducirlos solo a otoño en Sevilla y en caso de Málaga cada vez menos días, ya que ida jueves y volver en domingo a la mañana no permite escapadas de fin de semana ni viajes familiares. Antes estaban mejor planificados. Cada vez peor. Una lastima,"
VOE_0032,Volotea,Desconocido,La Coruna,Malaga,Domestic,marzo de 2026,5,"Soy viajera frecuente de la aerolínea y siempre prefiero escogerla cuando tengo la opción por la comodidad y orden que suelen ofrecer. Fue mi viaje de vuelta tras visitar a un familiar y la experiencia sigue siendo muy buena. Todo fue puntual, estuvo bien organizado y no hubo ningún problema durante el trayecto. Incluso aunque en un tramo hubo turbulencias, el viaje transcurrió con normalidad."
VOE_0033,Volotea,Desconocido,Oviedo,Malaga,Domestic,febrero de 2026,5,Amabilidad desde la facturación hasta el desembarco
VOE_0034,Volotea,Desconocido,Granada,Oviedo,Domestic,marzo de 2026,5,Todo el servicio estupendo desde el principio hasta el final.
VOE_0035,Volotea,Desconocido,Oviedo,Seville,Domestic,marzo de 2026,5,"Personal muy amable, asi como la gestion general….por poner un pero….yn retraso en el vuelo de vuelta…"
VOE_0036,Volotea,Desconocido,Malaga,Oviedo,Domestic,marzo de 2026,5,"Muy puntuales, buen servicio y buena tripulación."
VOE_0037,Volotea,Desconocido,Oviedo,Barcelona,Domestic,marzo de 2026,5,"Un viaje perfecto , orden en el embarque, y puntualidad en la salida y en la llegada"
VOE_0038,Volotea,Desconocido,Valencia,Oviedo,Domestic,marzo de 2026,1,El personal de tierra lo más prepotente que te puedes encontrar.
VOE_0039,Volotea,Desconocido,Bilbao,Malaga,Domestic,marzo de 2026,3,No entiendo para que sirve embarque prioritario cuando te llevan en bus al avión.. No tiene sentido alguno el embarque prioritario ....la prioridad brilla por su ausencia
VOE_0040,Volotea,Desconocido,Oviedo,Seville,Domestic,marzo de 2026,5,"Muy buena compañía, muy puntual y dependiendo de la fecha, no está fuera de precio"
VOE_0041,Volotea,Desconocido,Palermo,Bilbao,Europe,marzo de 2026,5,"La experiencia fue muy agradable, el avión era nuevo, muy limpio, la tripulación muy amable, la piloto muy buena, con un despegue y aterrizaje excelentes a pesar de la climatología de ese día que era mala. Excelentes profesionales y servicio."
VOE_0042,Volotea,Desconocido,Marrakech,Bilbao,International,marzo de 2026,5,"Muy puntual, llegamos con adelanto y embarque ordenado"
VOE_0043,Volotea,Desconocido,Oviedo,Malaga,Domestic,marzo de 2026,5,"Mi experiencia fue muy buena a la ida, en la vuelta, ningún tripulante sabía español en un vuelo doméstico. Lo que lo veo un poco irregular. Simplemente por si surge algún incidente. El resto todo bien"
VOE_0044,Volotea,Desconocido,Barcelona,Verona,Europe,marzo de 2026,1,"Megavolotea Plus es una estafa. Soy usuario Megavolotea Plus y me estoy dando cuenta que roza la estafa. Si inicio sesión antes de buscar precios, me muestra precios más elevados que sin iniciar sesión. Si busco sin iniciar sesión el precio es más bajo y lo respeta luego (por lo tanto, no es el supuesto descuento de bienvenida que argumentará Volotea). Aprovechándose de los usuarios que tienen ya su cuenta con sesión iniciada. La ventaja del crédito por cumpleaños es mentira. No te envían el e-mail para solicitarlo, y cuando reclamas, te dicen que no pueden hacer nada. Los descuentos megavolotea plus MUY pocas veces alcanzan los 15€ que prometen, más bien apenas 7 y 8 euros. En los aeropuertos es un caos los embarques, y pocas veces respetan priority. Aviones viejos y ruidosos. Atención al cliente despreocupada de sus clientes más frecuentes."
VOE_0045,Volotea,Desconocido,Valencia,La Coruna,Domestic,marzo de 2026,5,"Buena atención del personal, limpieza y cumplimiento de horario. Como nota algo negativa,indicar que como mínimo en vuelos nacionales españoles, alguien del personal de cabina debería hablar español"
VOE_0046,Volotea,Desconocido,Madrid,Genoa,Europe,marzo de 2026,4,Era la primera vez que volaba con Volotea y la experiencia ha sido muy positiva
VOE_0047,Volotea,Desconocido,Tenerife,Bilbao,Domestic,marzo de 2026,5,Todo fue perfecto horario vuelo
VOE_0048,Volotea,Desconocido,Oviedo,Alicante,Domestic,marzo de 2026,5,Vuelo perfecto y puntual lo mismo a la salida que a la llegada
VOE_0049,Volotea,Desconocido,Lanzarote,Strasbourg,Europe,marzo de 2026,5,Es la segunda vez que vuelo con mi familia en Volotea a una ciudad de Francia y directo. Recomiendo hacerse de Mega Volotea y utilizar sus ventajas con las maletas de 10Kilos. Además de viajar como una de las mejores compañías del nivel de Iberia. Muy profesionales. Sin dudarlo repetiremos.
VOE_0050,Volotea,Desconocido,Barcelona,Murcia,Domestic,marzo de 2026,5,Volotea se distingue por la puntualidad de sus vuelos ( incluso llegan por delante del horario previsto).Su personal es muy amable y profesional y realiza los embarques con total eficacia. Pero quisiera hacer constar un pedido: cambiar su modo de asignar asiento a las personas de edad (cuando no pagas el extra para elegir asiento te colocan en el medio o en ventanilla ) lo cual dificulta los movimientos
VOE_0051,Volotea,Desconocido,Bilbao,Alicante,Domestic,marzo de 2026,2,"Mucho retraso en la ida. Pero lo curioso en la vuelta. Personal de mala cara obliga a TODOS a levantarse y a hacer cola ...incluso a mayores de los asientos de minusválidos . Y cuando digo mala cara, me refiero a del sargento de hierro. En fin..."
VOE_0052,Volotea,Desconocido,Murcia,Barcelona,Domestic,marzo de 2026,1,"Me parece inaceptable que cuando reservas un vuelo se active automáticamente la opción de suscribirte a Megavolotea. No te enteras y resulta que tienes una suscripción de pago activa después de 15 días. Además, he reservado un vuelo para otra persona (incluso ha llegado el email de confirmación a SU NOMBRE) y automáticamente se ha cambiado su nombre por el mío. No puedo cambiar el nombre Ddel billete porque, al parecer, se ha hecho a través de mi perfil Megavolotea (al que YO NO ME HE SUSCRITO). Una estafa. Más claridad y transparencia y menos engaños, por favor. M han hecho perder más de 200 euros."
VOE_0053,Volotea,Desconocido,Verona,Barcelona,Europe,marzo de 2026,5,"Puntualidad, aeronave limpia, tripulación gentil"
VOE_0054,Volotea,Desconocido,Las Palmas de Gran Canaria,Oviedo,Domestic,marzo de 2026,1,"Mi experiencia con Volotea es terrible. Compré un billete el 3 de Marzo, booking: W7USVS. El día 17 descubro que tengo un cargo pendiente de Volotea de casi 70 euros. Imaginen mi sorpresa. Cuando les llamo resulta que al parecer, era una subscripción a la que había accedido y ya habían pasado las dos semanas de prueba. Absolutamente falso, me pregunto a cuánta gente le habrá pasado. Atención al cliente me dice que me devuelven el dinero, al día siguiente me tocó llamar otra vez y amenazar para que me lo devolviesen, dinero devuelto. Ahora cancelan el vuelo. Todavía esperando por la devolución del dinero, dudo si me lo van a devolver. Nunca más Volotea, no eres una empresa fiable y con prácticas de dudosa legalidad, en mi opinión. I booked a ticket on the 3rd of March, two weeks later I had a charge of £70 for a subscription I had not requested, careful with this. It took me a few calls and threats to get the money back. Now I'm just waiting for a refund after they cancelled the flight and i'm doubting whether I'll get the money back. Be on your guard, totally unreliable."
VOE_0055,Volotea,Desconocido,Lille,Barcelona,Europe,marzo de 2026,2,"Domingo 15 de marzo 2026. Primera salida del aeropuerto. V7 2166 , hora salida 06:00.Retraso de una hora. Consulto salidas históricas de este vuelo y parece ser que es habitual, los días 1 y 8 también salió con retraso, no tanto, pero así fue. Ruego implementen medidas cuando no se deba a causas metereológicas. Muchas gracias."
VOE_0056,Volotea,Desconocido,Oviedo,Las Palmas de Gran Canaria,Domestic,marzo de 2026,3,No califico mejor por que el vuelo sufrió un retraso de unos 45' y en ningún momento se nos informó de los motivos ni de cuanto iba a ser el retraso. Tampoco pidieron disculpas
VOE_0057,Volotea,Desconocido,Bilbao,Tenerife,Domestic,marzo de 2026,1,A falta de un mes nos han anulado el vuelo de ida a Tenerife por cuestiones geopolíticas! No les sale a cuenta ahora ese viaje el precio???? Rompiendo las vacaciones de muchas familias y las anulaciones posteriores de un montón de hoteles. Compañía de vergüenza!! Hacen lo que quieren!!! Muy mal!!!!
VOE_0058,Volotea,Desconocido,Barcelona,Oviedo,Domestic,marzo de 2026,2,"Pagas por embarque preferentemente, pir llevar equipaje de mano que despues de pagar te dicen las camareras de abordo que lo tienes que poner debajo del asiento, pagas por elección de asiento...etc. y pagas para que la jefa de las camareras bloqueo por 20 minutos el aseo delantero porque salía una de la cabina del piloto sin uniforme y tenían que estar dándole a la lengua y ado evitar que nadie las molestase al pasar al aseo. Una verdadera verguenza."
VOE_0059,Volotea,Desconocido,Madrid,Vitoria-Gasteiz,Domestic,marzo de 2026,4,Vuelo rápido y puntual. Asientos cómodos. Ningun inconveniente.
VOE_0060,Volotea,Desconocido,Oviedo,Barcelona,Domestic,marzo de 2026,3,Cuidado que si no imprimes la tarjeta de embarque te cobran 30 euros.
VOE_0061,Volotea,Desconocido,Lisbon,Oviedo,Europe,marzo de 2026,5,Puntual y sin ningún problema
VOE_0062,Volotea,Desconocido,Bilbao,Rome,Europe,marzo de 2026,5,Puntual y fiable Web fácil para buscar y comprar billetes.
VOE_0063,Volotea,Desconocido,Malaga,Bilbao,Domestic,marzo de 2026,4,"Puntualidad, seriedad, amabilidad y rapidez en el embarque."
VOE_0064,Volotea,Desconocido,Barcelona,Bordeaux,Europe,marzo de 2026,4,"La experiencia en general fue buena: nos asignaron asientos juntos a pesar de no haber pagado por ello y el vuelo se desarrolló correctamente. Como aspectos negativos, el vuelo de ida se retrasó una hora, aunque el de vuelta llegó incluso 10 minutos antes de lo previsto. Por otro lado, al ser clientes de Volotea Mega Plus, desconocíamos que teníamos derecho a recibir un detalle a bordo, ya que no se nos entregó. Observamos que a otros pasajeros sí se les ofrecía y, al preguntar, nos indicaron que, si estábamos durmiendo, no se entregaba. Sin embargo, este no fue nuestro caso, por lo que lo reclamamos en el vuelo de vuelta. En el de ida no fuimos informados ni lo supimos en ese momento."
VOE_0065,Volotea,Desconocido,Oviedo,Valencia,Domestic,marzo de 2026,4,Comodidad y puntualidad en vuelo directo a precios competitivos Organizacion del embarque mejorable con indicaciones mas claras y una actitud mas amable del personal de tierra
VOE_0066,Volotea,Desconocido,Malaga,Bilbao,Domestic,marzo de 2026,3,Puntualidad y amabilidad pero.... la distancia entre filas excesivamente pequeña.
VOE_0067,Volotea,Desconocido,Oviedo,Milan,Europe,marzo de 2026,5,Excelente atención en todo momento y muy puntuales
VOE_0068,Volotea,Desconocido,Oviedo,Barcelona,Domestic,enero de 2026,5,"La mejor compañía low cost, de lejos: puntualidad, servicio, experiencia, precio... Sólo he sufrido un retraso y se comportaron de maravilla. Desde luego, mi primera opción para volar. El único «pero» es que no tengan más destinos europeos desde Asturias."
VOE_0069,Volotea,Desconocido,Oviedo,Alicante,Domestic,marzo de 2026,1,"My name is Andrè V., and I work as an Aircraft Engineer and Airline Staff member. I experienced one of the most disgusting situations I have encountered in my 15 years working in the aviation industry. On 6 March 2026, I travelled on Volotea flight V7 3584 from Asturias to Alicante (booking reference N4V7KY). I had a small cabin-size suitcase, for which I had already paid during the booking process. The baggage had simply been selected as checked baggage for the hold rather than for the cabin. While waiting in the boarding queue, one of the gate agents informed me that the suitcase had been booked for the hold and therefore should have been dropped off at the check-in counter. However, at that moment there were only about two minutes left before check-in closed, so both the agent and I were aware that it would be practically impossible to return to the check-in desk and complete the process in time. Instead of offering a pragmatic solution, I was told that I would need to pay an additional €65 fee in order to take the suitcase into the cabin. What made the situation even more frustrating was that the staff could clearly see in the booking that the baggage had already been paid for, simply for the hold instead of the cabin. Despite this, the situation was treated as if no baggage had been paid for at all, as if I had simply tried to bring luggage on board for free. At that moment I explained that I was temporarily unable to pay the amount because Europcar still had a temporary deposit block on my card, since I had returned my rental car at Asturias Airport only minutes earlier. Nevertheless, I attempted the payment twice, but both transactions were declined. What makes the situation particularly frustrating is that payments worked perfectly fine again shortly after I arrived in Alicante, which clearly shows that the issue was only temporary. At this point another staff member joined the conversation and told me in a very dismissive tone: “If you don’t pay, you will not fly.” Both employees were fully aware of the situation I had just explained. When it became clear that I would otherwise be denied boarding, I asked for my suitcase back. I was ultimately forced to empty my suitcase directly at the gate and dispose of its contents in a nearby trash container, as the staff insisted that the suitcase could not be taken on board. This meant that I had to throw away personal belongings and clothing, and then carry the remaining items in my laptop bag, which had to remain partially open. This entire situation happened in front of numerous passengers waiting at the gate, which made the experience extremely humiliating and uncomfortable. Photos documenting the situation are available, including photos of the staff members involved. During my 15 years working as an Aircraft Engineer, and as someone who frequently travels as Airline Staff and Flying Spanner, I have never experienced airline personnel treating another aviation professional in such a manner. In this role I have worked with crew members and airline staff from many airlines, including Volotea staff. In all these situations I have always treated airline employees with the respect and professionalism that should be standard within the aviation industry. For this reason, the way this situation was handled was particularly surprising and disappointing. I fully understand that rules must be applied. However, I firmly believe that in this situation a more reasonable, professional and humane solution could easily have been found, especially considering that the suitcase was a standard cabin-size bag. What makes the situation even more disappointing is that Volotea publicly responded to my review on Tripadvisor, asking me to contact their official customer service channels in order to clarify the case. The problem is that I had already contacted those official channels long before that public response, sending a detailed complaint explaining the situation. So far, I have not received any meaningful response. This leaves the impression that the public response was mainly an attempt to appear responsive in front of other readers, rather than a genuine effort to address the issue. Let’s see whether Volotea will provide a meaningful response this time. Mi nombre es Andrè V. y trabajo como Aircraft Engineer y Airline Staff. He vivido una de las situaciones más repugnantes que he experimentado en 15 años trabajando en la industria de la aviación. El 6 de marzo de 2026 viajé en el vuelo V7 3584 de Volotea desde Asturias a Alicante (referencia de reserva N4V7KY). Llevaba conmigo una pequeña maleta de tamaño de cabina, por la cual ya había pagado durante el proceso de reserva. Simplemente se había seleccionado como equipaje facturado para la bodega en lugar de equipaje de cabina. Mientras esperaba en la fila de embarque, una de las agentes de puerta me informó que la maleta estaba reservada para la bodega y que por lo tanto debería haberse entregado en el mostrador de facturación. Sin embargo, en ese momento quedaban solo unos dos minutos para que cerrara el check-in, por lo que tanto la agente como yo sabíamos que era prácticamente imposible volver al mostrador y completar el proceso a tiempo. En lugar de ofrecer una solución pragmática, me dijeron que tendría que pagar 65 € adicionales para poder llevar la maleta en cabina. Lo que hizo la situación aún más frustrante fue que el personal podía ver claramente en la reserva que el equipaje ya había sido pagado, simplemente para la bodega en lugar de la cabina. A pesar de ello, trataron la situación como si no se hubiera pagado ningún equipaje en absoluto, como si simplemente estuviera intentando llevar la maleta a bordo sin pagar. En ese momento expliqué que temporalmente no podía realizar el pago porque Europcar aún tenía un bloqueo temporal de depósito en mi tarjeta, ya que había devuelto el coche de alquiler en el aeropuerto de Asturias apenas unos minutos antes. Aun así, intenté realizar el pago dos veces, pero ambas transacciones fueron rechazadas. Lo que hace esta situación especialmente frustrante es que los pagos volvieron a funcionar perfectamente poco después de mi llegada a Alicante, lo que demuestra claramente que el problema era solo temporal. En ese momento otra empleada se unió a la conversación y me dijo en un tono muy despectivo: “Si no pagas, no vuelas.” Ambas empleadas eran plenamente conscientes de la situación que acababa de explicar. Cuando quedó claro que de lo contrario me negarían el embarque, pedí que me devolvieran mi maleta. Finalmente me vi obligado a vaciar mi maleta directamente en la puerta de embarque y tirar su contenido en una papelera cercana, ya que el personal insistía en que la maleta no podía subirse al avión. Esto significó que tuve que tirar pertenencias personales y ropa, y luego transportar los objetos restantes en mi bolsa de portátil, que tuvo que permanecer parcialmente abierta. Toda esta situación ocurrió delante de numerosos pasajeros que esperaban en la puerta de embarque, lo que hizo la experiencia extremadamente humillante e incómoda. Hay fotos que documentan la situación, incluyendo fotos del personal implicado. Durante mis 15 años trabajando como Aircraft Engineer, y como alguien que viaja con frecuencia como Airline Staff y Flying Spanner, nunca había experimentado que personal de una aerolínea tratara a otro profesional de la aviación de esta manera. En este trabajo he colaborado con tripulaciones y personal de muchas aerolíneas, incluido personal de Volotea. En todas esas situaciones siempre he tratado a los empleados de aerolíneas con el respeto y la profesionalidad que deberían ser estándar en esta industria. Por esta razón, la manera en que se gestionó esta situación fue especialmente sorprendente y decepcionante. Entiendo perfectamente que las normas deben aplicarse. Sin embargo, creo firmemente que en este caso se podría haber encontrado fácilmente una solución más razonable, profesional y humana, especialmente teniendo en cuenta que se trataba de una maleta de tamaño estándar de cabina. Lo que hace la situación aún más decepcionante es que Volotea respondió públicamente a mi reseña en Tripadvisor, pidiéndome que contactara con sus canales oficiales de atención al cliente para aclarar el caso. El problema es que yo ya había contactado con esos canales oficiales mucho antes de esa respuesta pública, enviando una reclamación detallada explicando la situación. Hasta ahora no he recibido ninguna respuesta significativa. Esto deja la impresión de que la respuesta pública fue principalmente un intento de parecer receptivos ante otros lectores, en lugar de un verdadero esfuerzo por abordar el problema. Veremos si Volotea ofrece una respuesta significativa esta vez."
VOE_0070,Volotea,Desconocido,Bilbao,Naples,Europe,marzo de 2026,1,"Me han cancelado vuelo Bilbao-Napoles para el 18 de abril con la excusa de la situación geopolítica, cuando otras compañías están volando con total normalidad a Italia. Una estafa en toda regla. Nunca más Volotea"
VOE_0071,Volotea,Desconocido,Oviedo,Alicante,Domestic,marzo de 2026,5,Vuelo puntual y a bien precio.
VOE_0072,Volotea,Desconocido,Barcelona,Vitoria-Gasteiz,Domestic,enero de 2026,5,La mejor compañia en puntualidad
VOE_0073,Volotea,Desconocido,Malaga,Oviedo,Domestic,marzo de 2026,5,"Todo perfecto, magnífica tripulación, muy amable y súper atenta...la aeronave muy limpia y cuidada, el vuelo magnífico."
VOE_0074,Volotea,Desconocido,Oviedo,Seville,Domestic,febrero de 2026,5,Soy de Asturias y Volotea nos facilita la movilidad por todo el País y sigue ampliando destinos internacionales
VOE_0075,Volotea,Desconocido,Valencia,Oviedo,Domestic,febrero de 2026,4,Buena. Siempre que viajo con Volotea va todo perfecto en tiempos y atencion
VOE_0076,Volotea,Desconocido,Bilbao,Venice,Europe,marzo de 2026,5,Experiencia positiva. Puntualidad en los vuelos y buena atención
VOE_0077,Volotea,Desconocido,Malaga,Santiago de Compostela,Domestic,febrero de 2026,5,"No me deja poner Coruña. La verdad es que es una magnífica compañía. Buenos pilotos, buenos horarios. Aviones llenos en esta ruta.Y dicen que desde abril ya no volarán en este destino. La verdad es que para los gallegos esto va a ser una gran pérdida que esperemos dure muy poco"
VOE_0078,Volotea,Desconocido,Alicante,Bilbao,Domestic,marzo de 2026,1,"No repetiré jamás!! Personal totalmente irrespetuoso con los pasajeros (te tratan de tonto, y de forma despectiva). Sorprendentemente siempre encuentran motivos para cobrarte más a ultima hora. Fuimos los terceros facturando y a todos nos cobraron cargos adicionales. En nuestro caso, por no hacer el checking online, cuando teníamos maleta facturada que llevar al mostrador. Totalmente inexplicable, salvo que nos robaron 60€. El avión, modelo A320, con filas dd asientos más apretadas, viejo y ruidoso. El piloto hablando en inglés, en un vuelo interno en España... mucha gente mayor no se enteraba. La tripulación de cabina, sin ejercer su trabajo; sin ayudar a las personas mayores ni organizar la salida o entrada a avión, lamentable. Sin duda, salvo cuestión de vida o muerte, Eviten Volotea."
VOE_0079,Volotea,Desconocido,Seville,Oviedo,Domestic,marzo de 2026,1,"He comprado muchos billetes en otras aerolíneas y nunca me ha pasado esto. El pasado viernes compré en la web dos billetes ida y vuelta y elegí los horarios que mejor me venían. Pues cuando hago el pago por bizum y me mandan la confirmación tengo la sorpresa que el vuelo de ida es otro del que yo había elegido. Llamo al tlf que viene en la web y sorpresa tiene un horario que es de lunes a viernes y no puedo hablar con ellos. Les llamo el lunes y me dicen que desde el primer momento ese es el horario que yo había elegido y que si hubiera llamado en las 24h posteriores se me devuelve el dinero y les dije que me decía el tlf que no trabajaban los fines de semana. En fin he podido cambiar el horario pagando un coste que menos mal que no es desorbitado,pero me he llevado un disgusto y he tenido que pagar más por cambiar el horario. Además cuando haces la compra no te viene un resumen de la compra para tu poder cancelar en ese momento antes de comprar. No volvería a comprar con ellos."
VOE_0080,Volotea,Desconocido,Malaga,Oviedo,Domestic,marzo de 2026,5,"Puntualidad, amabilidad y en este caso buen precio"
VOE_0081,Volotea,Desconocido,Bilbao,Seville,Domestic,febrero de 2026,5,El personal de vuelo EXCELENTE La atención por parte de volotea EXCELENTE.Mi hijo de 14 años era su primer vuelo y tuvieron un detalle con el que se agradece mucho ya que no se le va a olvidar nunca
VOE_0082,Volotea,Desconocido,Oviedo,Barcelona,Domestic,marzo de 2026,5,La mejor aerolínea lowcost sin ninguna duda. Trato muy bueno de la tripulación. Vuelo muy cómodo.
VOE_0083,Volotea,Desconocido,Tenerife,Bilbao,Domestic,febrero de 2026,5,Facturación rápida con embarque prioritario
VOE_0084,Volotea,Desconocido,Seville,Bilbao,Domestic,marzo de 2026,5,"Perfecta organización del vuelo, estando atentos a los requerimientos y especiales necesidades al viajar con una persona mayor."
VOE_0085,Volotea,Desconocido,Malaga,Bilbao,Domestic,marzo de 2026,4,Puntuales y con buena atención. El punto débil es la limpieza de los aviones no es adecuada
VOE_0086,Volotea,Desconocido,Bilbao,Malaga,Domestic,marzo de 2026,5,"Siempre que vuelo con volotea es una gran experiencia y muy buena atención con las azafatas, los pilotos siempre nos comunican sobre el tiempo que hace y sobre la hora de llegada."
VOE_0087,Volotea,Desconocido,Malaga,Oviedo,Domestic,febrero de 2026,5,"Fue un viaje muy agradable, llegamos pronto y sin problemas el trato ha sido insuperable, Volotea te hace muy sencillo adquirir las tarjetas de embarque encima al ser megavolotea plus tenemos unas ventajas increíbles como el acceso preferente y poder llevar equipaje de mano de hasta 10kg a parte de bolso o mochila. También recibo ofertas de viajes y grandes descuentos tengo realizados viajes de ida y vuelta por 40€ y hasta menos muy amenudo hasta tres o cuatro veces al año"
VOE_0088,Volotea,Desconocido,Desconocido,Desconocido,Desconocido,marzo de 2026,5,"Vuelos con puntualidad, precio billetes razonable y personal amable."
VOE_0089,Volotea,Desconocido,Malaga,Santander,Domestic,marzo de 2026,1,"pesima pagina web, el servicio todavia no lo se , pero llevo 1 hora intentando comprar un vuelo para 5 persona, he metido los datos mil veces. Da infinidad de errores, al pagar , al meter los datos, al darte de alta. NO puedo hacer la reserva... lo estoy intentado ahora el kayack a ver si hay mas suerte. LA WEB MALISIMA!!"
VOE_0090,Volotea,Desconocido,Oviedo,Madrid,Domestic,marzo de 2026,3,Los asientos son inaceptables por su incomodidad y espacio
VOE_0091,Volotea,Desconocido,Malaga,Lyon,Europe,febrero de 2026,5,"Maravillosos y puntuales. Además, te dejan subir a bordo con una mochila y una pequeña maleta, sin poner pegas en ningún momento."
VOE_0092,Volotea,Desconocido,Malaga,Oviedo,Domestic,febrero de 2026,5,Me ha encantado volar con Volotea. Todo genial.
VOE_0093,Volotea,Desconocido,Bilbao,Malaga,Domestic,marzo de 2026,1,"Te hacen venir 2 horas antes al aeropuerto para hacer el check in presencialmente y encima te dicen que hay over booking y puede ser que no puedas montarte en el avión, cuando en la pagina web no ponía nada. Vas con ansia pensando en si vas a entrar o no, terrible experiencia."
VOE_0094,Volotea,Desconocido,Madrid,Oviedo,Domestic,febrero de 2026,4,Magnífico servicio a bordo y personal atento y amable
VOE_0095,Volotea,Desconocido,Madrid,Oviedo,Domestic,marzo de 2026,5,"Muy recomendable, son muy profesionales y puntuales. Excelente."
VOE_0096,Volotea,Desconocido,Oviedo,Barcelona,Domestic,febrero de 2026,5,"Viajo a Barcelona con asiduidad y normalmente no tengo ningún problema con la puntualidad, los aviones son cómodos y el personal muy amable"
VOE_0097,Volotea,Desconocido,Oviedo,Madrid,Domestic,febrero de 2026,5,"Tanto el ultimo vuelo que he hecho con Volotea como los demás han sido puntuales, incluso llegan antes de la hora prevista, los asientos son cómodos y el embarque y la salida rápidos."
VOE_0098,Volotea,Desconocido,Seville,Donostia - San Sebastian,Domestic,marzo de 2026,5,"Excepcional en todo, tanto en trato como en servicios"
VOE_0099,Volotea,Desconocido,Bordeaux,Malaga,Europe,febrero de 2026,4,En general todo muy bien.Pero el precio de facturar la maleta elevadisimo hace que la proxima vez me lo piense mas para volver a reservar con vosotros
VOE_0100,Volotea,Desconocido,Oviedo,Alicante,Domestic,febrero de 2026,5,"Un viaje cómodo y rápido, con una buena atención por parte de la tripulación."
VOE_0101,Volotea,Desconocido,Oviedo,Seville,Domestic,febrero de 2026,4,todo correcto y puntualidad inmensa
VOE_0102,Volotea,Desconocido,Barcelona,Vitoria-Gasteiz,Domestic,febrero de 2026,5,"Vuelos super puntuales y amabilidad del personal. Seguiremos ""Voloteando""."
VOE_0103,Volotea,Desconocido,Seville,Donostia - San Sebastian,Domestic,febrero de 2026,5,"Experiencia muy grata,comodidad,puntualidad y amabilidad."
VOE_0104,Volotea,Desconocido,Valencia,La Coruna,Domestic,febrero de 2026,5,"Muy cómodo,el vuelo muy bien, económico,ojalá hubieran más vuelos hacia la coruña"
VOE_0105,Volotea,Desconocido,Desconocido,Desconocido,Desconocido,febrero de 2026,5,"Viajamos a Roma( aeropuerto Fiumicino), y la experiencia en la ida como en la vuelta ha sido excepcional. A la vuelta tuvimos retraso por culpa de la niebla y el comandante nos tubo informados en todo momento."
VOE_0106,Volotea,Desconocido,Oviedo,Madrid,Domestic,febrero de 2026,5,"El viaje de Oviedo a Madrid fue fantástico en horario súper puntual , el embarque súper ordenado y la tripulación fantástica . Queremos volver a viajar con VOLOTEA"
VOE_0107,Volotea,Desconocido,Santander,Seville,Domestic,febrero de 2026,5,"Buen vuelo, llegamos quince minutos antes"
VOE_0108,Volotea,Desconocido,Oviedo,Alicante,Domestic,febrero de 2026,5,"Me parece una compañía competitiva tanto en precio como en servicio, sobre todo con los horarios."
VOE_0109,Volotea,Desconocido,Desconocido,Desconocido,Desconocido,febrero de 2026,5,"Todo fue muy bien. Desde la compra, el embarque, la atención y amabilidad en el vuelo y un aterrizaje perfecto."
VOE_0110,Volotea,Desconocido,Malaga,Oviedo,Domestic,febrero de 2026,5,"Siempre vuelo con Voltea por sus buenos precios pero, sobre todo, por su puntualidad. Además, toda la tripulación es encantadora. La ruta Asturias-Málaga y viceversa es la que hago varias veces al año para visitar a la familia."
VOE_0111,Volotea,Desconocido,Malaga,Bilbao,Domestic,febrero de 2026,4,"Buena experiencia, sobre todo sin retrasos y llegando en hora al destino"
VOE_0112,Volotea,Desconocido,La Coruna,Valencia,Domestic,febrero de 2026,5,Todo genial!! Asientos muy cómodos y espaciosos. Fue un vuelo muy agradable. Sin duda repetiré
VOE_0113,Volotea,Desconocido,Barcelona,Murcia,Domestic,febrero de 2026,4,Generalmente todo correcto. Lo unico es que hacia mucha calor.
VOE_0114,Volotea,Desconocido,Bilbao,Tenerife,Domestic,febrero de 2026,5,"Todo perfecto!!. Vuelo puntual, y muchísima amabilidad por parte de los trabajadores, siempre pendientes de los pasajeros. Los asientos súper cómodos y con bastante espacio para las piernas"
VOE_0115,Volotea,Desconocido,Alicante,Oviedo,Domestic,febrero de 2026,1,"El espacio para la maleta es minúsculo más pequeño que ryanair, solo entran mochilas, me cobraron 65€ ( más caro que el propio billete) por un trolley pequeña que en otras compañías no pagas (maletín de ordenador con libros y poco más con ruedas) además … retraso de embarque y retraso de salida…. Fantástico"
VOE_0116,Volotea,Desconocido,Alicante,Oviedo,Domestic,febrero de 2026,5,En situacion metereologica adversa el vuelo mantuvo la puntualidad y el servicio
VOE_0117,Volotea,Desconocido,Bilbao,Alicante,Domestic,febrero de 2026,5,Un excelente servicio para las personas con discapacidad.
VOE_0118,Volotea,Desconocido,Bilbao,Tenerife,Domestic,febrero de 2026,5,Puntualidad y amabilidad del personal de a birdi
VOE_0119,Volotea,Desconocido,Oviedo,Seville,Domestic,febrero de 2026,5,Fue todo muy bien El servicio y la tripulación de maravilla
VOE_0120,Volotea,Desconocido,Lyon,Malaga,Europe,febrero de 2026,2,"Precios caros, asientos incómodos con muy poco espacio, comida fatal y cara también. Proceso de reserva complicado y falta de transparencia."
VOE_0121,Volotea,Desconocido,Oviedo,Alicante,Domestic,febrero de 2026,5,"Todo fue muy bien Horarios puntuales Todo el personal muy atento, amable y eficaz."
VOE_0122,Volotea,Desconocido,La Coruna,Valencia,Domestic,febrero de 2026,4,"Piloto avisó que vuelo tendría turbulencias pero no peligroso, muy atento, tranquilizando al pasaje. Tripulación agradable. Puntual"
VOE_0123,Volotea,Desconocido,Murcia,Barcelona,Domestic,enero de 2026,5,"Como de costumbre, un vuelo puntual, rápido y con tranquilidad. Normalmente sin turbulencias."
VOE_0124,Volotea,Desconocido,La Coruna,Valencia,International,febrero de 2026,5,"Experiencia satisfactoria, vuelo rápido y tranquilo. Espero repetir sin tardanza y cn mejor climatología. Hasta pronto."
VOE_0125,Volotea,Desconocido,Malaga,Oviedo,Domestic,enero de 2026,1,"Información nada transparente y engañosa desde el principio con queja no atendida. Pésimo y deshonesto servicio al cliente. No volveré a volar con Volotea. Como se puede ver en la foto adjunta del correo de la reserva, claramente se comunica que 4 maletas de 10 Kg de cabina están incluida. Estas no fueron aceptadas en el embarque y nunca se nos comunico anteriormente que no serian aceptadas. Cambiaron esto sin darme aviso, con total ánimo de sacarme recargos cuando no tenia otra opcion ya embarcando. Esto es totalmente inaceptable y me ha costado 260 Euros. Si me hubieran avisado, en el peor de los casos podría haberlo comprado en web por 80 euros. Reusaron a abrirme una queja formal. He volado regularmente durante los ultimos 35 años y nunca vi algo similar. Estan practicas son de piratas."
VOE_0126,Volotea,Desconocido,Verona,Barcelona,Europe,febrero de 2026,2,"Tuve una mala experiencia con Volotea en el aeropuerto de Verona. La aplicación no me permitió hacer el check‑in online y, al llegar al mostrador, en lugar de ayudarme, me cobraron por imprimir la tarjeta de embarque. Lo más frustrante es que en España este servicio no tiene coste, pero en Italia sí, siendo la misma compañía. Tras poner una reclamación, Volotea me pidió un pantallazo del error, algo imposible porque el problema ocurrió directamente en el aeropuerto. Una política poco coherente y una atención al cliente nada resolutiva. Muy decepcionada."
VOE_0127,Volotea,Desconocido,Oviedo,Malaga,Domestic,enero de 2026,5,Con Volotea siempre vuelo contento. Tanto el personal en tierra como durante el vuelo me dan mucha confianza. Son unos auténticos profesionales.
VOE_0128,Volotea,Desconocido,Oviedo,Malaga,Domestic,enero de 2026,5,Embarque rápido Antelación en la hora de llegada Como sugerencia: sería un acierto que si sobra sitio en los compartimentos el resto de pasajeros pudiésemos colocar los bolsos o mochilas
VOE_0129,Volotea,Desconocido,Desconocido,Desconocido,Desconocido,enero de 2026,1,Pésimo servicio al cliente. Información poco transparente / engañosa desde el pricipio con queja no atendida. No volveré a volar con Volotea.
VOE_0130,Volotea,Desconocido,Lyon,Madrid,Europe,enero de 2026,4,Tuvo un pequeño retraso en la salida pero llegó a su hora. El embarque de vuelo fue relajado y durante el vuelo el servicio fue bueno. Muy claras las normas sobre las maletas y una gran ventaja el ser MegaVolotea Plus.
VOE_0131,Volotea,Desconocido,La Coruna,Malaga,Domestic,enero de 2026,5,"Rapidez en e embarque, muy buena atención de la tripulación y super puntuales. Llegamos con adelanto sobre la hora prevista"
VOE_0132,Volotea,Desconocido,Las Palmas de Gran Canaria,Bilbao,Domestic,enero de 2026,5,Es la primera vez con Volotea pero no será la última....me ha gustado todo buena compañía para viajar de 10....seguro viajaré mucho con ellos por su eficacia Buenos precios y buen trato
VOE_0133,Volotea,Desconocido,Malaga,Oviedo,Domestic,febrero de 2026,5,"Todo perfecto, suelo hacer mucho está ruta y destacaría la puntualidad, suele incluso adelantarse un poco. El personal muy amable."
VOE_0134,Volotea,Desconocido,Oviedo,Malaga,Domestic,enero de 2026,5,"Fácil y rápido en el aeropuerto. El vuelo cómodo, la tripulación amable. Incidencia: Una persona se mareó. Una azafata solicitó médico y aparecieron varios facultativos. Muy buena disposición por parte de los responsables y bien solucionada la incidencia. Enhorabuena"
VOE_0135,Volotea,Desconocido,Oviedo,Lisbon,Europe,diciembre de 2025,5,Todo perfecto. Destacar la puntualidad y la amabilidad de la tripulación. El vuelo muy cómodo y muy tranquilo y el aterrizaje muy bueno.
VOE_0136,Volotea,Desconocido,Oviedo,Tenerife,Domestic,enero de 2026,5,"Es una de mis compañías aéreas preferidas, ya sea por la puntualidad, amabilidad de personal así como la profesional de sus pilotos El aterrizaje era complicado a causa del fuet viento y la verdad que fue de 10"
VOE_0137,Volotea,Desconocido,Seville,Bilbao,Domestic,enero de 2026,5,Una compañía muy recomendable. Todo fue según lo previsto. La tripulación mu amable y atenta en todo momento. Encantados con volar con Volotea.
VOE_0138,Volotea,Desconocido,Las Palmas de Gran Canaria,Oviedo,Domestic,enero de 2026,5,"Todo perfecto Al ser megavolltea la relación calidad precio es excelente , el equipaje de cabina gratuito lo hace muyyy interesante"
VOE_0139,Volotea,Desconocido,Oviedo,Milan,Europe,enero de 2026,4,"No es mi primer viaje con esta compañía y la verdad es q contento en general con la tripulación,son amables y respetuosos q otras cojan algún ejemplo q dan penas poniendo problemas en todo."
VOE_0140,Volotea,Desconocido,Oviedo,Lisbon,Europe,enero de 2026,5,"Viaje perfecto, sin retraso, y atención de la tripulación impecable. El regreso con 15 minutos de adelanto. Muy buen experiencia"
VOE_0141,Volotea,Desconocido,Desconocido,Desconocido,Desconocido,enero de 2026,5,"Conocia la existencia de Volotea, pero nunca había volado con ellos; y fue una grata sorpresa. Volé desde Verona a Barcelona, el aeropuerto se está modernizando y el vuelo fue puntual y perfecto, muy buen trato de la tripulación, buena experiencia. Una compañía a tener en cuenta"
VOE_0142,Volotea,Desconocido,Alicante,Oviedo,Domestic,enero de 2026,5,Muy satisfecha por el servicio en general desde el momento de comprar el billete hasta que bajé del avión. Sin duda repetiré.
VOE_0143,Volotea,Desconocido,Barcelona,Murcia,Domestic,enero de 2026,5,"Recibí un correo de Volotea diciéndome que lamentablemente no podían publicar mi comentario porque no cumplía con las especificaciones sobre opiniones. No era mi intención, lo siento mucho. Intentaré que no vuelva a ocurrir. Mi experiencia siempre ha sido satisfactoria con volotea. Gracias por la amabilidad con la que me han llamado la atención, seguiré participando en los comentarios con mayor tacto."
VOE_0144,Volotea,Desconocido,Oviedo,Barcelona,Domestic,enero de 2026,5,"Viajé entre 2025 y 2026 hasta hoy, 4 veces y siempre genial. En hora, y sin ningún percance. Aún me queda un vuelo a Madrid en febrero y alguno más que haré.."
VOE_0145,Volotea,Desconocido,Vitoria-Gasteiz,Barcelona,Domestic,enero de 2026,5,El embarque fue muy rápido. La bienvenida de las azafatas siempre es agradable y el desembarque muy rápido. Siempre cumpliendo con la hora de llegada (aprox).
VOE_0146,Volotea,Desconocido,Las Palmas de Gran Canaria,Oviedo,Domestic,enero de 2026,1,"Son unos impresentables, viajamos con 2 mascotas y pagamos un plus por ir juntos mi marido y yo. Tanto a la ida como a la vuelta nos colocaron en el avión, donde les salió de los ovarios a las mal educadas de las azafatas. Una atención pésima, asientos pequeños y muy poca calidad de los aviones. Mejor volar con BINTER."
VOE_0147,Volotea,Desconocido,Desconocido,Desconocido,Desconocido,enero de 2026,5,"Vuelo Bilbao-Sevilla ida y vuelta. Todas las gestiones rápidos, correctos, con sonrisa y amabilidad. A destacar gran profesionalismo del piloto quien a pesar del muy fuerte viento en la capital vizcaína ha podido aterrizar el avión en aeropuerto de Bilbao. Durante el trayecto y sobre todo en el momento del complicado aterrizaje nos ha mantenido informados sobre el estado del vuelo y las posibilidades de finalizarlo con el éxito. La actuación de toda la tripulación ha sido correcta."
VOE_0148,Volotea,Desconocido,Tenerife,Bilbao,Domestic,enero de 2026,5,"Puntuales, muy amables y buen precio A pesar del viento en Bilbao, el aterrizaje fue perfecto. Otras aerolíneas no lo consiguieron"
VOE_0149,Volotea,Desconocido,Barcelona,Murcia,Domestic,enero de 2026,5,"Otro vuelo más con VOLOTEA. Mis felicitaciones a Volotea, ya hablan español el personal de vuelo de atención al cliente dentro del avión, es especial al sobre cargo llamado IVAN, una persona gentil y encantadora con un tono de voz muy simpático. Un coscorrón simpático al piloto por dirigirse por magafonia en inglés y tan solo dar las gracias en español, fue lo único que entendieron tres personas mayores sentadas detrás de mi. La tripulación obsequio con un dulce a los clientes plus de volotea y con unos caramelos a todos al desembarcar del avion, (bonito detalle). Un saludo muy cordial a la compañía volotea con la que me siento muy satisfecha."
VOE_0150,Volotea,Desconocido,Desconocido,Desconocido,Desconocido,enero de 2026,5,Rapidez en el embarque y desembarque y en la llegada a Asturias antes de lo previsto. Amabilidad de la tripulación de cabina. Buena experiencia en general
VOE_0151,Volotea,Desconocido,Seville,Santander,Domestic,enero de 2026,5,Puntualidad. Trato excelente del personal. Recomendable está compañía aérea. Recomendable hacerse tarjeta Volotea.
VOE_0152,Volotea,Desconocido,Vitoria-Gasteiz,Madrid,Domestic,enero de 2026,5,"Vuelo perfecto, puntual tanto en salida como en aterrizaje. El personal muy atento en todo momento. Volveré a usar esta aerolínea."
VOE_0153,Volotea,Desconocido,La Coruna,Malaga,Domestic,diciembre de 2025,4,"Bien ,buen servicio en general,buena relación calidad- precio,muy amable la tripulación,buena información en el aeropuerto"
VOE_0154,Volotea,Desconocido,Lourdes,Lisbon,Europe,enero de 2026,5,Es una aerolínea correcta a buen precio. Se esfuerzan por dan un buen servicio al pasajero sin solicitar un pago adicional.
VOE_0155,Volotea,Desconocido,Bilbao,Verona,Europe,diciembre de 2025,5,"Estoy suscrita a su plan Megavolotea Plus. Compensa muchísimo, cada vez tienen más rutas que nos conectan con otras ciudades de España y otros destinos en Europa. El personal siempre es super agradable. Recomendamos viajar con ellos."
VOE_0156,Volotea,Desconocido,Oviedo,Las Palmas de Gran Canaria,Domestic,enero de 2026,4,Puntualidad y buen servicio. Con precios razonables. Si ademas eres megavolotea plus se añaden servicios de equipaje de mano.
VOE_0157,Volotea,Desconocido,Alicante,Oviedo,Domestic,enero de 2026,5,Me encanta Volotea soy camionero de Asturias trabajo cerca del aeropuerto de Asturias y cada vez que veo un avión de Volotea llegar grito dede el camión VOLOTEAAA. Me encanta. Son muchos viajes con ustedes. Gracias
VOE_0158,Volotea,Desconocido,Madrid,Ancona,Europe,enero de 2026,4,"Buen servicio a bordo, precio contenido y Asíentos algo estrechos pero más anchos que algunas low cost! Puerta de embarque algo lejana pero sin más contratiempos"
VOE_0159,Volotea,Desconocido,Madrid,Oviedo,Domestic,enero de 2026,5,Lo meyor: mui buena atención del personal y bien informaos tol viaxe por parte de los pilotos. Seguro que repitiré nesti trayectu
VOE_0160,Volotea,Desconocido,Palma de Mallorca,Oviedo,Domestic,enero de 2026,4,"En general, sin queja, pero es llamativo que pueda haber tantas personas en el ""embarque prioritario"", porque con esa proporción (igual 1/3 del pasaje) ¿es realmente ""prioritario"". Máxime cuando embarcas en un vuelo que no vas a través del ""finger"" y vas casi al mismo tiempo que el resto."
VOE_0161,Volotea,Desconocido,Seville,Bilbao,Domestic,enero de 2026,5,"La capitana nos llevó sin incidencias y el aterrizaje en Loiu, aeropuerto complicado con viento como era el caso, fue de los más suaves que recuerdo."
VOE_0162,Volotea,Desconocido,Murcia,Barcelona,Domestic,noviembre de 2025,5,"Me encanta!!! Rápidos y formales. Un inciso: , me sorprende por mi trabajo que me obligan hablar ingles estando en España y sin embargo el personal de vuelo a veces no habla español y los audios del piloto al hablar por megafonía suelen ser en inglés. Ruego lo tenga en cuenta, las personal mayores no se enteran. Personalmente estoy muy satisfecha con Volotea y pienso renovar a Megavolotea sin duda."
VOE_0163,Volotea,Desconocido,Strasbourg,Barcelona,Europe,enero de 2026,3,"Primeramente me cambiaron el vuelo que tenía reservado/pagado y confirmado, mi viaje a BCN estaba previsto para el martes 6 de enero en vuelo nocturno y fui notificado de un cambio para el lunes en la madrugada, haciéndome perder un día y medio de vacaciones, así como los costes asociados por haber pagado reserva de hospedaje, de alquiler de coche y otros eventos no solamente personales sino de la familia que me acompañaba Y de segundo un retraso de más de una hora y media por climatología … alas congeladas del avión, como si estrasburgo en enero fuera una ciudad en verano, es decir la preparación operacional también con deficiencias, supongo que culparán al aeropuerto !!! En definitiva, primera vez y última que vuelo con esta aerolínea"
VOE_0164,Volotea,Desconocido,Oviedo,Seville,Domestic,diciembre de 2025,5,Haber soy megavolotea siempre viajo con ellos de echo tengo dos viajes pendientes uno que somos tres personas a Alicante el 22al31 de marzo y otro del 2al 16 de mayo también Alicante cinco personas así que hablo maravilla de la compañía
VOE_0165,Volotea,Desconocido,Vitoria-Gasteiz,Barcelona,Domestic,enero de 2026,4,"Hubo retraso y como el avión es pequeño a la hora de embarcar fue un poco caos, y al final los que teniamos embarque prioritario entramos detras de alguno que no lo tenía."
VOE_0166,Volotea,Desconocido,La Coruna,Malaga,Domestic,enero de 2026,5,"Volví de estar con familia por navidades. Suelo escoger volotea porque me cuadra muy buena conexión y me decidí a probar megavolotea plus por ser viajera frecuente en este caso. De momento estoy bastante satisfecha por toda la flexibilidad de cambios de vuelo y la opción de llevar la maleta de cabina incluida y el embarque prioritario. Si se vuela al menos 3 veces al año creo que merece bastante la pena. Aconsejo hacer la cuenta para evaluar si es rentable o no la suscripción. Lo que hace que no de el 10 es que aun con la suscripción ""premium"" no puedes escoger el asiento gratuitamente y que ya me ha ocurrido un par de veces de coger un vuelo nacional sin que ningún personal de tripulación hablase español (a excepción del piloto). Por lo demás, para mí lo mejor que hay actualmente en calidad-precio: puntuales, ordenados, buen trato y comodidad."
VOE_0167,Volotea,Desconocido,Bilbao,Verona,Europe,enero de 2026,5,"Muy buena experiencia. El vuelo operó sin retraso y el personal, tanto en el aeropuerto comoe en el vuelo fue muy amable y siempre dispuesto a ayudar. El piloto se comunico varias veces con nosotros a pesar de ser un vuelo relativamente corto."
VOE_0168,Volotea,Desconocido,Seville,Oviedo,Domestic,enero de 2026,1,"Me perdieron la maleta, no se hacen responsables. Encima el staff me trató fatal. Si queréis conservar un poco de vuestra estabilidad mental, pensároslo dos veces antes de volar con ellos."
VOE_0169,Volotea,Desconocido,Barcelona,Murcia,Domestic,diciembre de 2025,5,"Experiencia completa muy satisfactoria, tanto por la puntualidad en todas las fases del trayecto, como por la amabilidad y profesionalidad del personal."
VOE_0170,Volotea,Desconocido,Bilbao,Seville,Domestic,diciembre de 2025,5,Puntualidad y despegue y aterrizaje perfectos y buena atención recibida. Me gusta cuando al aterrizar van llamando las filas de 5 en 5 y no lo hicieron
VOE_0171,Volotea,Desconocido,Oviedo,Milan,Europe,diciembre de 2025,5,"El vuelo de ida perfecto, aunque fue obligatorio facturar. La vuelta, también con facturación, se vio retrasada por la niebla pero nos explicaron los motivos y el retraso fue menos del esperado."
VOE_0172,Volotea,Desconocido,Bilbao,Florence,Europe,diciembre de 2025,5,"Llevo volando con Volotea desde 2019 a muchos destinos y siempre he estado encantadisima. La tripulación es siempre muy agradable y te explican cualquier detalle que ocurra. Tienen precios razonables y bastante asequibles con fechas muy buenas para viajar a los diferentes destinos. Mi pareja también ha viajado desde otro país y la experiencia es la misma, todo genial. La considero mi compañía aérea de confianza y volaré con ellos siempre que pueda."
VOE_0173,Volotea,Desconocido,Bilbao,Valencia,Domestic,enero de 2026,5,"Viajo muy frecuentemente con Volotea, sobre todo en la ruta Bilbao-Valencia. Es una compañía muy fiable en cuanto a puntualidad y que ofrece unos precios muy competitivos. La cabina suele estar limpia y la comodidad es más que aceptable."
VOE_0174,Volotea,Desconocido,Vitoria-Gasteiz,Barcelona,Domestic,enero de 2026,5,"Todo perfecto. Vuelo cómodo, en hora y de precio competitivo con un ahorro de tiempo enorme respecto a la ruta en tren. La usaré más veces."
VOE_0175,Volotea,Desconocido,Barcelona,Vitoria-Gasteiz,Domestic,diciembre de 2025,5,"Buena experiencia, seguiré volando con voltea por precio y sin contratiempos.. Aprovecharé ofertas q vayan saliendo. Gracias"
VOE_0176,Volotea,Desconocido,Oviedo,Malaga,Domestic,enero de 2026,5,"Muy contento con esta conexión Asturias-Málaga que uso con frecuencia y funciona muy bien. De no ser por ella, los desplazamientos entre ambos lugares serían lentos y complicados. Y los precios son muy buenos"
VOE_0177,Volotea,Desconocido,Menorca,Zaragoza,Domestic,septiembre de 2025,1,"ESTAFADORES. Tras desentenderse por la pérdida, 2 VECES , de mi maleta sólo son capaces de decir que abra una reclamación nueva...no sé cuantas reclamaciones llevo ya además de todos los intentos de solucionar esto. Empresa que por lo que veo en otros usuarios, es propensa a perder maletas y desentenderse. Juegan con las pertenencias en muchos casos valiosas de los pasajeros. A estas alturas todas mis pertenencias ya deben estar en algún mercadillo. Gracias Volotea por descubrirme que viajar también puede ser un infierno. Y AHORA ENTIENDO EL MOTIVO POR EL CUAL TODO EL MUNDO ME PREGUNTA QUÉ HACÍA VIAJANDO CON UNA COMPAÑIA CÓMO VOLOTEA. HAGANSE RESPONSABLES!"
VOE_0178,Volotea,Desconocido,Bilbao,Seville,Domestic,enero de 2026,1,"Deleznable. Una de las trabajadoras del vuelo Bilbao -Sevilla a las 15:35 horas y que se encontraba en el mostrador el día 6 de Enero de 2026 me trató de muy malas maneras, amenazándome y gritándome. Sin acceder a darme explicaciones por un sobre cobro por no haber imprimido la tarjeta de embarque o line. Una absoluta vergüenza. Soy Megavolotea pero esto no sirve para nada. Siempre me han tratado bien pero esta persona sinceramente no debería estar trabajando al público. Contraten a gente competente. El trato al cliente es importante."
VOE_0179,Volotea,Desconocido,Madrid,Oviedo,Domestic,diciembre de 2025,5,"Todo perfecto, muy puntual, trato coordial y cercano. Repetiré sin lugar a duda. Para este tipo de viajes de media distancia es la opción perfecta"
VOE_0180,Volotea,Desconocido,Oviedo,Malaga,Domestic,diciembre de 2025,5,Profesionales de asistencia especial maravillosos. Me atendieron como siempre de bien. Muy amables y con mucha empatía
VOE_0181,Volotea,Desconocido,Bilbao,Malaga,Domestic,febrero de 2025,1,"Es una estafa megavolotea, te lo cobran automáticamente cada año Es imposible contactar con ellos porque no hay email Mucho cuidado"
VOE_0182,Volotea,Desconocido,Alicante,Athens,Europe,diciembre de 2025,1,"Tras llegar a Atenas con mi familia, la reserva del coche que hicimos con Volotea no se encontraba en el sistema del proveedor. Tuvimos que alquilar de nuevo un coche a pesar de haber pagado ya la reserva y el seguro. Tras varios intentos pudimos reclamar a Volotea pidiendo que nos devolvieran el dinero y Volotea nos dirige a una página de información general y por teléfono nos informa que se desentiende de todo y no hace absolutamente nada para devolvernos el dinero."
VOE_0183,Volotea,Desconocido,Bilbao,Palma de Mallorca,Domestic,enero de 2026,1,"Nos acaban de cobrar 60 euros por maleta de mano por no haberla facturado en el mostrador y además todo es muy cutre,no se si es peor que ryanair. Nunca más"
VOE_0184,Volotea,Desconocido,Oviedo,Tenerife,Domestic,enero de 2026,5,En general buena experiencia. Mejoraría sin duda la comodidad de los asientos y añadiría un apoya cabezas para poder descansar. Pero el embarque y la hora de llegada fue buena.
VOE_0185,Volotea,Desconocido,Malaga,Bilbao,Domestic,diciembre de 2025,5,"Vuelo puntual,llegamos antes de la hora a nuestro destino, la tripulación fue amable,el embarque y desembarque fue rápido y ordenado. Los asientos cómodos."
VOE_0186,Volotea,Desconocido,Alicante,Oviedo,Domestic,diciembre de 2025,5,Un vuelo fantástico. Un personal estupendo. Buena gestión de la facturación y el check-in. Todo ha salido francamente bien
VOE_0187,Volotea,Desconocido,Oviedo,Palma de Mallorca,Domestic,diciembre de 2025,5,El proceso de compra on.line ha sido muy sencillo y rapido. Tanto el check.in como el acceso al avion ha sido muy fluido. El viaje ha durado menos del previsto. El aterrizaje fue muy suave a pesar del viento reinante. Recomiendo esta aerolinea.
VOE_0188,Volotea,Desconocido,Malaga,Bilbao,Domestic,enero de 2026,1,Me cobraron dos veces el equipaje de mano y no atendian a nada ni a presentar la reserva con la agencia de vuajes. Intransigentes
VOE_0189,Volotea,Desconocido,Madrid,Bordeaux,Europe,diciembre de 2025,5,"Muy puntuales y en general todo muy bien. Nos sentimos bien atendidos, no conocíamos la aerolínea pero quedamos gratamente sorprendidos con esta compañía."
VOE_0190,Volotea,Desconocido,Valencia,Bordeaux,Europe,diciembre de 2025,3,"El vuelo fue retrasado, la única información fue a través de los paneles del aeropuerto. Eso si, recibí varios correos informándome de que si mi equipaje de mano no tenía el tamaño adecuado tendría que pagar para llevarlo a bodega. Hubiera estado muy bien recibir uno correo informando del retraso no ?"
VOE_0191,Volotea,Desconocido,Alicante,Oviedo,Domestic,enero de 2026,5,"Excelente experiencia con esta compañía aérea: el proceso de facturación fue rápido y claro, el personal de cabina destacó por su amabilidad y profesionalidad, los asientos eran cómodos y el vuelo salió puntual. Sin duda, una opción fiable y recomendable para viajar con tranquilidad."
VOE_0192,Volotea,Desconocido,Barcelona,Murcia,Domestic,diciembre de 2025,4,"El desembarque muy mal organizado, nadie organiza y es un sálvese quien pueda y los precios caros de los vuelos. Además los asientos incómodos"
VOE_0193,Volotea,Desconocido,Strasbourg,Barcelona,Europe,enero de 2026,1,"En el aeropuerto de Estrasburgo llevamos MÁS DE 12 HORAS DE RETRASO PARA IR HACIA BARCELONA. Des de las 10 de la mañana hasta las 21:30 que son ahora y ahún seguimos aqui. Con más de 8 horas desinformados, sin darnos ninguna explicación de porque nos han retrasado el vuelo hasta 5 veces y sin NADIE en representación de volotea en TODO el aeropuerto. Nos han dado un vale de 20€ para gastar en el aeropuerto durante 12 horas sin tener en cuenta que un bocadillo y una bebida ya valen más de 10€. Hay familias con niños pequeños, sin saber si van a llegar a casa hoy. Y repito, sin NADIE en el aeropuerto que supiera darnos una explicación del porque de tal retraso ni por supuesto nadie de la compañia para dar la cara. Esto tiene un nombre y és VERGUENZA. Ha tenido que venir un policia a ayudarnos a conseguir algo de información. SI ME LEES, GRACIAS BERTO!"
VOE_0194,Volotea,Desconocido,Strasbourg,Porto,Europe,diciembre de 2025,3,"Deseo expresar mi decepción por el trato recibido en la puerta de embarque. A pesar de haber facturado una maleta y de los anuncios indicando que el equipaje de cabina debía pagarse, en la página web no queda claramente indicado que sea obligatorio adquirir un billete prioritario para evitar volver a pagarla. Como consecuencia, se me exigió un importe adicional de 65 €, sin una explicación previa clara. La actitud de la azafata que me atendió fue inapropiada: se mostró distante, evitó el contacto visual, no me explicó la situación y pretendió apartarme para atenderme únicamente al final del embarque, tras todos los pasajeros. Esta falta de consideración resultó especialmente desagradable teniendo en cuenta que ya acumulábamos una hora de retraso. En ningún momento se ofrecieron disculpas por dicho retraso; un mínimo gesto de cortesía habría sido suficiente. Cabe señalar, además, que el vuelo de regreso sufrió igualmente una hora de retraso, lo que refuerza mi insatisfacción con la experiencia global del servicio."
VOE_0195,Volotea,Desconocido,Bilbao,Rome,Europe,diciembre de 2025,5,"Viene siendo una garantía viajar con Volotea, saliendo a la hora indicada y la vuelta genial. Todo muy bien. El servicio prioritario lo tenemos todos y no se nota casi."
VOE_0196,Volotea,Desconocido,Oviedo,Malaga,Domestic,diciembre de 2025,5,"Siempre puntuales y muy atentos en todo momento. Vuelos con muchas opciones de destinos y precios. Recomiendo 100%. El personal muy amable y con una sonrisa siempre, los mejores, sin duda."
VOE_0197,Volotea,Desconocido,Bilbao,Marrakech,International,diciembre de 2025,5,"La puntualidad es lo mas reseñable del vuelo, acompañado de la buena atencion de los tripulantes de vuelo, volvere a volar con volotea"
VOE_0198,Volotea,Desconocido,Oviedo,Milan,Europe,diciembre de 2025,5,"Como siempre,puntualidad y muy buen servicio.amabilidad y limpieza,siempre una sonrisa y como siempre todo perfecto"
VOE_0199,Volotea,Desconocido,Murcia,Barcelona,Domestic,diciembre de 2025,5,"Fue la primera vez que vuelo, y creía que iba a estar nervioso, pero en absoluto, fue muy placentero. El personal de servicio muy amable en todo momento."
VOE_0200,Volotea,Desconocido,Oviedo,Granada,Domestic,diciembre de 2025,5,"La puntualidad en ambos vuelos y las facilidades con el equipaje. Muy recomendable, volveremos a volar con Volotea sin duda."
VOE_0201,Volotea,Desconocido,Oviedo,Lisbon,Europe,diciembre de 2025,5,"Personal muy atento y amable. Embarque bien organizado y fluido, salida puntual. La aplicación funciona muy bien. En resumen, para mí un 10"
VOE_0202,Volotea,Desconocido,Menorca,Zaragoza,Domestic,septiembre de 2025,1,"Ya voy por el cuarto mes sin respuesta por parte de la compañía por la pérdida de mi maleta con todas mis pertenencias, ni solución , ni compensación, ni respuestas , se pasan la bola cada dos meses y desaparecen . Lo que debería desaparecer son compañías como esta cuya atención al cliente es inexistente y ante problemas …desaparecen. Hace un mes me dicen que mi maleta ya ha sido entregada …a mi no desde luego , y después de esto vuelven a desaparecer. Alguien puede ser más incompetente?? Un auténtico desastre ."
VOE_0203,Volotea,Desconocido,Tenerife,Oviedo,Domestic,diciembre de 2025,1,"Pierden equipaje y se desentienden , no te llama nadie ,el espacio entre asientos es mínimo , entretenimiento 0 en el avión De lo peor que hay en aire! No lo recomiendo"
VOE_0204,Volotea,Desconocido,Oviedo,Alicante,Domestic,diciembre de 2025,5,"Ningún problema, todo correcto. Conforme a lo que yo esperaba. Lo que viene siendo, después de numerosos viajes con Volotea."
VOE_0205,Volotea,Desconocido,Vitoria-Gasteiz,Madrid,Domestic,diciembre de 2025,5,"Muy satisfecho con los nuevos vuelos de Volotea en el aeropuerto de Vitoria. Ofrecen conexiones directas con Barcelona y Madrid a un precio muy competetivo. Mi experiencia fue muy puntual y buena atención del personal. Los días de los vuelos son adecuados. Por contra, los horarios podrían mejorarse, adelantando el del viernes y retrasando el del domingo. Esto permitiría maximizar los viajes que contemplan los días viernes-sábado-domingo."
VOE_0206,Volotea,Desconocido,Nantes,Lyon,Domestic,diciembre de 2025,5,"Como siempre experiencia buena, esa compañía siempre cumple con lo que se puede esperar. Profesionalidad y seriedad."
VOE_0207,Volotea,Desconocido,Bilbao,Seville,Domestic,diciembre de 2025,4,Los precios son competitivos incluso con los pluses de equipaje de mano o embarque prioritario. Otras compañías lo duplican.
VOE_0208,Volotea,Desconocido,Malaga,Oviedo,Domestic,diciembre de 2025,5,Buena relación calidad/precio. Buen horario. Una opción estupenda para viajar desde el Principado de Asturias a múltiples destinos de España y Europa
VOE_0209,Volotea,Desconocido,La Coruna,Valencia,Domestic,diciembre de 2025,5,"Vuelo correcto, cumpliendo con los horarios. En el vuelo de vuelta, con bastante bien el aterrizaje fue perfecto. Y el personal de cabina atento y correcto en todo momento."
VOE_0210,Volotea,Desconocido,Bilbao,Malaga,Domestic,diciembre de 2025,5,"Al haber mucho viento en el aeropuerto de Bilbao,el vuelo salió con tres horas de retraso. Pero luego el vuelo fue bien,sin sobresaltos"
VOE_0211,Volotea,Desconocido,Tenerife,Oviedo,Domestic,diciembre de 2025,1,"Pierden tu equipaje , se desentienden, no hay donde reclamar , solo un número de pago donde quieren que las busques tú con un tedioso proceso informático , 4 días sin maleta y sin noticias . Falta de profesionalidad no la recomiendo para volar , la app no carga Horrible todo"
VOE_0212,Volotea,Desconocido,Oviedo,Malaga,Domestic,diciembre de 2025,4,Política de megavolotea muy mala. Quitaron 80 eurosde mi cuenta sin permiso. Me lo devolvieron pero no me parece correcto.
VOE_0213,Volotea,Desconocido,Barcelona,Oviedo,Domestic,diciembre de 2025,5,"El vuelo fue muy cómodo. las asistentes de vuelo muy educadas. Lo único que fallaría era la limpieza del bolso que hay en la parte trasera del asiento, tenía como comida enganchada."
VOE_0214,Volotea,Desconocido,Madrid,Oviedo,Domestic,diciembre de 2025,5,"Sale de la T2, con lo que todos los tramites de aeropuerto son más rápidos y sencillos. El personal muy correcto y tanto el embarque como el vuelo fue perfecto. Incluso llegamos al aeropuerto antes de la hora prevista"
VOE_0215,Volotea,Desconocido,Vitoria-Gasteiz,Barcelona,Domestic,diciembre de 2025,5,"Mi compañía aérea favorita. Todo fácil, cómodo en todos los sentidos, claro y directo. Me refiero a comunicaciones, el avión, la parte administrativa."
VOE_0216,Volotea,Desconocido,Vitoria-Gasteiz,Barcelona,Domestic,diciembre de 2025,5,"El embarque fue super rápido. La bienvenida de las azafatas fue agradable con una sonrisa. Y al llegar a Barcelona, desembarcamos con el finger en un momento. **Me encantó: no hacía frío extremo como suele pasar en los vuelos. La temperatura era ideal!"
VOE_0217,Volotea,Desconocido,Bordeaux,Valencia,Europe,diciembre de 2025,5,"Excelente servicio, horarios, tripulación, accesos. Volveremos a utilizarla. Es la primera vez que pudimos usarla. Nos encanto. Mucho mas que otras de bajo costo."
VOE_0218,Volotea,Desconocido,Tenerife,Lille,Europe,diciembre de 2025,4,Todo ha ido bien por primera vez haber volado con esta compañía volveremos seguramente.Lo único hay que tener en cuenta que avisan del servicio de comida escasa.
VOE_0219,Volotea,Desconocido,Rome,Bilbao,Europe,diciembre de 2025,5,"Me gusto mucho la experiencia de viajar con Volotea, aparte de que sus vuelos son económicos el viaje fue rapido, seguro y cómodo."
VOE_0220,Volotea,Desconocido,Bilbao,Verona,Europe,diciembre de 2025,5,Me gusta lo amables que son sus tripulantes de cabina. Siempre te reciben con una sonrisa. Suelen ser bastantes puntuales.
VOE_0221,Volotea,Desconocido,Madrid,Bordeaux,Europe,diciembre de 2025,4,"Eficacia, comodidad, buen servicio. Personal amable. A la vuelta tuvimos un retraso de 1h y no se dieron explicaciones en español"
VOE_0222,Volotea,Desconocido,Oviedo,Madrid,Domestic,diciembre de 2025,5,"Vuelo muy puntual, muy amable todo su personal y atentos en todo. Fueron encantadores y no tuvimos ningún problema. Lo mejor de todo su puntualidad, sin duda."
VOE_0223,Volotea,Desconocido,Malaga,Oviedo,Domestic,diciembre de 2025,5,"PUNTUALIDAD. La hora de embarque y el vuelo a la hora anunciada, AMABILIDAD Y ATENCIÓN del personal tanto de facturación como de cabina DE 10!!!"
VOE_0224,Volotea,Desconocido,Oviedo,Valencia,International,diciembre de 2025,5,la mejor compañia low cost si desea viajar tranquilo sin el estfres de otra compañias que no sabe cual va a ser el precio final del billete o te estresan en el mismo viaje intentando venderte su madre
VOE_0225,Volotea,Desconocido,Oviedo,Seville,Domestic,diciembre de 2025,5,Todo ok buen trato buen servicio ningun problema que reseñar. Cuando me surja guiente viaje usare volotea sin duda compañia de confianza
VOE_0226,Volotea,Desconocido,Oviedo,Alicante,Domestic,diciembre de 2025,5,Vuelo puntual y sin incidencias. Asientos cómodos. Atención correcta del personal del vuelo. He usado el cambio de asiento en este vuelo y todo bien.
VOE_0227,Volotea,Desconocido,Strasbourg,Barcelona,Europe,diciembre de 2025,4,"Me sentí muy cómodo y el vuelo fue bien en líneas generales (embarque, asientos, precios, puntualidad etc.)Ninguna queja."
VOE_0228,Volotea,Desconocido,Vitoria-Gasteiz,Madrid,Domestic,diciembre de 2025,5,"Aeropuerto muy cómodo, aparcas sin problemas y gratis y la puntualidad, limpieza, amabilidad del personal del aeropuerto y aerolínea inmejorables y precio alucinante. Me saco de un bien apuro"
VOE_0229,Volotea,Desconocido,Malaga,Oviedo,Domestic,diciembre de 2025,1,"No vuelas con esta empresa! Llegamos 3 horas antes de la salida de nuestro vuelo, voltea cambio el número de la puerta que aparece en el billete de embarque a última hora y no avisaron por megafonía ni se reflejaron los cambios en las pantallas del aeropuerto. Al perder el vuelo y gestionar un cambio de vuelo para el día siguiente nos cobran el precio de billete nuevo más una recarga como si fuese nuestra culpa que ellos no nos avisaron por los cambios. Atención pésima estafa total no se lo recomiendo ni a mi peor enemigo."
VOE_0230,Volotea,Desconocido,Desconocido,Desconocido,Desconocido,diciembre de 2025,5,"Todo perfecto, con esta aerolínea, como siempre. Facilidad, además, con nuestro bebé, para embarcar y luego un vuelo estupendo."
VOE_0231,Volotea,Desconocido,Oviedo,Tenerife,Domestic,diciembre de 2025,5,"Todo perfecto, como siempre. Viaje para desconectar y con Volotea, todo salió estupendamente bien. Facilidad con nuestro bebé al embarcar y todo estupendo en el avión. Viaje muy tranquilo !"
VOE_0232,Volotea,Desconocido,Desconocido,Desconocido,Desconocido,diciembre de 2025,5,"Ningún problema en el viaje. Los asientos cómodos y espaciosos. Embarque y desembarque rápidos. Además en Viroria con el parking gratuito, fácil de acceder al aeropuerto, aunque también hay opciones de ir en bus desde el centro por 3€."
VOE_0233,Volotea,Desconocido,Valencia,Oviedo,Domestic,diciembre de 2025,4,"Todo bien: puntualidad, organización, etc. Solo como en todas las Lowcost esperas de pie. Cuidado con el club Megavolotea y su adscripción casi sin darse cuenta al comprar el billete."
VOE_0234,Volotea,Desconocido,Porto,Bilbao,Europe,diciembre de 2025,5,"Muy puntual el vuelo !!! Trato muy agradable y profesional. Todo muy bien.El embarque rápido, organizado y eficaz sin agobios."
VOE_0235,Volotea,Desconocido,Malaga,Bilbao,Domestic,diciembre de 2025,5,Desde la llegada a la puerta de embarque hasta el final del vuelo el trato fue fantástico. Puntualidad en el embarque y el despegue. La tripulación en todo momento atenta y dispuesta. Gracias
VOE_0236,Volotea,Desconocido,Oviedo,Malaga,Domestic,diciembre de 2025,5,La verdad que hasta el día de hoy he viajado muchas veces con Volotea y siempre he recibido un trato de lo más amable y cumpliendo siempre con el horario establecido o incluso llegando antes de tiempo. Para mi la mejor compañía de bajo coste.
VOE_0237,Volotea,Desconocido,Bordeaux,Malaga,Europe,diciembre de 2025,5,"Todo correcto, horario, servicio, sin retrasos y todo bien identificado en la puerta de embarque. Recomendable 100 por 100."
VOE_0238,Volotea,Desconocido,Malaga,Bilbao,Domestic,diciembre de 2025,1,"Mi peor experiencia en vuelos a sido sin lugar a dudas con esta compañía estafadora. Resulta que compro mis vuelos con 2 meses de antelación, en la compra pone que se incluyen las maletas de mano, enviando un pdf oficial a mi correo donde validan esto. Pues resulta que cuando hago el check in el día de mi vuela me indican que NO están incluidas las maletas de mano. Al parecer solo se incluían si eras socio de Megavolotea, lo cual, no salía reflejado en la factura de la compra. Me obligaron a pagar 130€ por dos maletas de mano delante de todo el mundo. Para rematar, me hicieron despachar ambas maletas a mi solo, pues el resto de pasajero pasaron su maleta de mano al avión. A mi entrada a bordo, la mitad de las cabinas de equipaje están ocupadas por abrigos u mochilas underseat. Compañía timadora."
VOE_0239,Volotea,Desconocido,Vitoria-Gasteiz,Barcelona,Domestic,diciembre de 2025,5,"Buena experiencia de vuelo en general . Disponibilidad de información en la aplicacion. Facilidad para realizar el embarque, y personal agradable."
VOE_0240,Volotea,Desconocido,Strasbourg,Barcelona,Europe,diciembre de 2025,3,"En general la compañía es recomendable. Sin embargo a pesar de ser española y tener origen o destino en España, el personal o no habla español o lo hace con gran dificultad. Las comunicaciones por megafonía no se dan en español. Cuando hablan en otro idioma lo hacen a una velocidad excesiva y con pronunciación casi inteligible. No se qué prisa tienen. Hay que considerar que muchos pasajeros o no hablan francés o inglés o no son las lenguas maternas, por lo que parece lógico considerarlo."
VOE_0241,Volotea,Desconocido,Vitoria-Gasteiz,Madrid,Domestic,noviembre de 2025,5,Ha sido un viaje rapido y era mi primera vez que viajamos a madrid siempre ibamos de tren o autobus y tambien por bilbao en avion.
VOE_0242,Volotea,Desconocido,Oviedo,Barcelona,Domestic,diciembre de 2025,5,"Cogimos Vuelos para salir/ entrar de Asturias con un destino distinto (Praga), totalmente recomendable, por precio (bus y tren era más caro), por tiempo, (cumplieron perfectamente los tiempos por lo que no tuvimos problema para coger enlaces de aviones de otras compañías). Muy recomendable."
VOE_0243,Volotea,Desconocido,Bilbao,Florence,Europe,diciembre de 2025,4,Hasta ahora Volotea siempre ha cumplido lo esperado. Siempre cumple con los horarios. Tuvimos que realizar una consulta y la atención fue buena y aclaratoria.
VOE_0244,Volotea,Desconocido,Santander,Seville,Domestic,noviembre de 2025,5,"Todo bien, tanto personal de tierra como a bordo, íbamos mi pareja y mi suegra a ver a mi hijo, rapidez, puntualidad, buen trato, que más se puede pedir"
VOE_0245,Volotea,Desconocido,Valencia,Oviedo,Domestic,noviembre de 2025,5,Excelente experiencia. Muy contento. Puntual. Ha superado mis expectativas. Buen servicio a bordo. Sin duda repetiría
VOE_0246,Volotea,Desconocido,Florence,Bilbao,Europe,noviembre de 2025,3,"El embarque caótico, incomodísimo. Y Aunque reserves asientos en primera fila, no tienes espacio para dejar tu maleta arriba, tienes que dejarla más atrás, lo que implica que después no puedes desembarcar hasta que sale todo el mundo. Muyyy muyyy mal organizado."
VOE_0247,Volotea,Desconocido,Bilbao,Marrakech,International,diciembre de 2025,1,"Basura de compañía, te intentan hacer pagar el equipaje a toda costa aunque cumpla los requisitos AUTENTICA BASURA NO RECOMIENDO COGER VUELOS CON VOLOTEA"
VOE_0248,Volotea,Desconocido,Bilbao,Porto,Europe,diciembre de 2025,1,"Son una estafa de compañia. A la hora de reservar el vuelo en ningun momento autorice la membresia de megavolotea plus. A los pocos dias de la reserva del vuelo me cobraaron 159,99€. Estoy a la espera de la devolución."
VOE_0249,Volotea,Desconocido,Bilbao,Malaga,Domestic,noviembre de 2025,5,"Al tener embarque prioritario todo es mas fácil, nada de esperas, puedo subir maletas a la cabina y evitó aglomeraciones. El tiempo de espera es menor y eso es una gran comodidad"
VOE_0250,Volotea,Desconocido,Oviedo,Milan,Europe,noviembre de 2025,5,"Puntual, de hecho los vuelos llegaron unos 20 minutos antes de lo previsto. Todo correcto. Estoy contento con el viaje realizado."
VOE_0251,Volotea,Desconocido,Valencia,Oviedo,Domestic,noviembre de 2025,5,"Muy buena compañía, volvere a viajad con volotea. Y lo recomendaré a mis amigos. La tripulación muy amable y educada. Me encanta esta compañía"
VOE_0252,Volotea,Desconocido,Barcelona,Strasbourg,Europe,diciembre de 2025,2,"Bueno, no entiendo porqué motivo en los paneles del aeropuerto no anunciaban la puerta de embarque hasta solo 10 minutos antes del embarque programado, cuando yendo a la zona que se supone que era, las chicas de la aerolínea ya estaban en la puerta y al preguntarles te decían claramente que esa era la puerta de embarque del vuelo. El vuelo iba lleno, entiendo que no te dejan subir bolsas de mano hasta que no están todas las maletas es los compartimentos, aunque hay muchísima gente que si los ha subido, y luego ves que los asistentes de vuelo tienen ahi sus abrigos y maletas... pero bueno, vale. Es el afán de cobrar por absolutamente todo. El asiento no hay por donde cogerlo, más duro que una piedra, en un momento del vuelo fui al baño y realmente era todo mucho más cómodo que el asiento de vuelo. El pasillo es muy estrecho, me pisaron el pie 3 veces estando sentada con el pie dentro de la fila... no entiendo como anda la gente pero si que el pasillo es bien estrecho. La suciedad que había en todo el avion en general daba pena, el pasillo tenía el suelo lleno de una especie de arena blanca con piedras, adjunto foto. Aparte de que si das un servicio de bebidas, snacks etc, asegúrate de que haya una carta de precios o de lo que puedes pedir, porque en nuestra fila no había ninguna en absoluto. Y por último un asistente de vuelo haciendo mensajes pasivo-agresivos por la megafonia del avión que era tan desagradable... da una imagen pésima de la aerolínea. Al final del vuelo el calor era insoportable y llevábamos como 15 minutos esperando a poder salir. Abrieron la puerta de atrás del avión y le pregunté amablemente al mismo asistente de vuelo, porque era el único que hablaba español, si iban a hacer también desembarque por la puerta trasera, y muy condescendientemente me dice, no si te parece hemos abierto la puerta por puuuuro placer.... me quedé alucinada con la manera de responder de este señor amargado en su trabajo, ya hay que ser desagradable... pues igual abriais la puerta porque nos estábamos asfixiando del calor! No recomiendo esta aerolínea a nadie! Y el asistente de vuelo desagradable debería tomarse unas vacaciones o dedicarse a otra cosa en la que no tenga que hablar con clientes... Un vuelo que tenía una duración estimada de 2 horas y ha sido el peor de mi vida, y he cruzado el atlántico varias veces con vuelos muy pesados, pero el hecho de que los que se suponen profesionales que tienen que atenderte sean unos incompetentes desagradables, te pueden amargar un viaje en tan sólo 5 minutos."
VOE_0253,Volotea,Desconocido,Oviedo,Granada,Domestic,noviembre de 2025,5,"Buenos precios, muchas rutas directas, aviones cómodos, tripulación muy amable. La recomiendo sin duda. Desde hace muchos años es mi compañía favorita."
VOE_0254,Volotea,Desconocido,Valencia,Oviedo,Domestic,noviembre de 2025,1,"Realice una compra en VOLOTEA y la pagué mediante bizum, se han cobrado los billetes de vuelo pero no me lo han expedido, he tenido que comprar otros, he solicitado a VOLOTEA el dinero/ devolución del importe y me ponen trabas para devolvérmelo, pidiéndome ' referencia del pedido' o numero de transacción, el cual lo he enviado mediante el documento que he sacado de la operación de bizum de cajamar, y aún así me ponen pegas y no me lo devuelven. Solicito que reclamen el dinero ya que ellos no cooperan para la devolución del importe. SON UNOS PIRATAS Y ME ARREPIENTO DE HABER RENOVADO MEGAVOLOTEA OTRO AÑO MAS, EL SIGUIENTE NO CAIGO.. PREFIERO VIAJAR EN TREN O CON OTRA COMPAÑIA AEREA."
VOE_0255,Volotea,Desconocido,Madrid,Bordeaux,Europe,noviembre de 2025,2,Primera experiencia con esta compañía y no creo que repita. Más de dos horas de retraso a la idea y media hora a la vuelta. Cuando llegué ya no había tranvía y tuve que pagar un transporte privado que he reclamado y me contestan que al no ser el retraso de 3 horas no se hacen cargo. Los asientos son como sillas plegables de camping y el avión suena como si fuera a desmontarse. Compañía demasiado low cost
VOE_0256,Volotea,Desconocido,Oviedo,Milan,Europe,noviembre de 2025,4,Vuelo puntual Personal agradable Facilidad en todos los servicios Avión limpio Fuimos 5 amigos y nos sentamos todos juntos que también es de agradecer
VOE_0257,Volotea,Desconocido,Nantes,Barcelona,Europe,noviembre de 2025,1,"Son unos incompetentes, nos cambiaron la fecha del vuelo de vuelta sin avisar y nos dimos cuenta ya en nuestro destino de vacaciones dos días antes de volver, así que tuvimos que pagar noche extra para 5 personas aparte de los gastos de comida, etc. Nunca nos notificaron nada, aparte, una ventaja que teníamos confirmada en el vuelo original, maleta de 10kg extra en cabina además de la bolsa de mano, al cambiarse la fecha se perdió y no atendieron a razones en el mostrador a pesar de tener la confirmación con esa ventaja en la reserva original con lo que aparte de lo que tuvimos que pagar por esa noche extra, nos hicieron pagar una maleta que teníamos incluida desde el inicio... Muy lamentable nuestra experiencia !No pensamos reservar con ellos nunca más!"
VOE_0258,Volotea,Desconocido,Seville,Donostia - San Sebastian,Domestic,noviembre de 2025,5,Hasta ahora muy satisfecha con Volotea. Lo que deseo es que amplíen horarios y destinos de vuelos porque es una de las compañías de aéreas que mejor cuidan la satisfacción de sus clientes.
VOE_0259,Volotea,Desconocido,Vitoria-Gasteiz,Madrid,Domestic,noviembre de 2025,1,"El vuelo estaba programado con salida a las 19:50. Un primer retraso con salida a las 21:40 más otro retraso con salida a las 22:00 Sin ninguna explicación. Llegada a Madrid 23:00, cuando tenía que haber llegado a las 20:55. La experiencia muy negativa, sobre todo por la falta de información"
VOE_0260,Volotea,Desconocido,Paris,Lourdes,Domestic,noviembre de 2025,5,"Excelente servicio y un vuelo muy puntual, por ser mi primer vuelo con Volotea, gozamos de los beneficios de su membresía plus, otorgando descuento en el precio del boleto y equipaje, si viviera en Europa me inscribiría en su cuota anual"
VOE_0261,Volotea,Desconocido,Oviedo,Barcelona,Domestic,noviembre de 2025,4,"Deberían dar prioridad en el embarque a bebés, ya que a pesar de tener embarque prioritario, tuve que hacer una larga cola con un bebé de 6 meses en brazos"
VOE_0262,Volotea,Desconocido,Milan,Oviedo,Europe,noviembre de 2025,5,"Buen vuelo y puntualidad, llegamos incluso con antelación. En vuelos de más de 2 horas sería bueno ofrecer un aperitivo gratuito."
VOE_0263,Volotea,Desconocido,Barcelona,Oviedo,Domestic,noviembre de 2025,4,"El vuelo fue agradable. Sin nada que remarcar. Llegamos 15 minutos antes del horario previsto, y el aterrizaje fue perfecto."
VOE_0264,Volotea,Desconocido,La Coruna,Valencia,International,noviembre de 2025,5,"La mejor copañia en este trayecto, un diez en puntualidad comunmicación antención y precios competitivos. Los unicos defectos son imputables a la gestión en aeropuerto, acceso por la pista en algunas ocasiones."
VOE_0265,Volotea,Desconocido,Seville,Oviedo,Domestic,noviembre de 2025,5,"Viajo con Volotea para visitar a mi familia ya que es la única compañia que hace el vuelo directo. Destacar la puntualidad en los vuelos. Si tienes flexibilidad en tus horarios, encuentras precios muy interesantes"
VOE_0266,Volotea,Desconocido,Oviedo,Malaga,Domestic,noviembre de 2025,5,"Un vuelo perfecto. Puntualidad en el check in y en el horario de partida.El personal muy agradable. Lo único que no me gustó fue que en el vuelo de vuelta, la puerta de embarque no aparecía en las pantallas del aeropuerto y si no entrabas en la aplicación de Volotea no se sabía de dónde tenías que salir. El problema era de Aena, pero ellos debían haberse preocupado más, ya que había gente embarcando y otra sin saber a dónde ir."
VOE_0267,Volotea,Desconocido,Seville,Oviedo,Domestic,noviembre de 2025,5,"Llevo viajando con Volotea desde hace 13 años que se inauguró la ruta Asturias-Sevilla y pertenezco al Club Megavolotea Plus. Durante ese tiempo nunca he tenido ningún problema con esta aerolínea la cual considero, sino la mejor, una de las mejores que operan uniendo las pequeñas capitales de varios países del mundo. Resaltaría la gran profesionalidad de su personal (tanto de tierra como de cabina) así como la puntualidad de sus vuelos. También resaltar su servicio de calidad con el cliente, ya que disponen de un teléfono donde encontrarás un agente dispuesto a solucionarte cualquier problema. En definitiva una compañía aérea totalmente recomendable, donde ofrece innumerables ventajas y descuentos a sus clientes."
VOE_0268,Volotea,Desconocido,Bordeaux,Algiers,International,noviembre de 2025,5,Buen precio. Buen servicio. Buena atención al cliente. Avion cómodo. Lo unica pega es la limitación del equipaje y el alto precio de facturación
VOE_0269,Volotea,Desconocido,Oviedo,Milan,Europe,noviembre de 2025,5,"Lo mejor que tiene es el volotea que te hacen descuento con su tarjeta y lleva maleta facturada gratis,además los trabajadores muy majos"
VOE_0270,Volotea,Desconocido,Valencia,Oviedo,Domestic,noviembre de 2025,1,"Completamente nefasto ,en todos los aspectos,la atención aún peor que la calidad de sus vuelos .No recomendable. Gracias"
VOE_0271,Volotea,Desconocido,Oviedo,Alicante,Domestic,noviembre de 2025,5,"Rápido, cómodo y excelente trato del personal. En tierra, fueron muy amables y de gran ayuda al ir comprobando antes de llegar a la puerta de embarque las tarjetas de embarque, esto ayudó a que el embarque resultara muy rápido y comodo. Me sentí muy bien por la asistencia a todo el pasaje a la hora de colocar el equipaje de cabina y por el maravilloso trato recibido durante el vuelo. Para agradable sorpresa de todos, el vuelo llegó 10 minutos antes de la hora prevista. Y todo a unos precios muy económicos!!!"
VOE_0272,Volotea,Desconocido,Oviedo,Barcelona,Domestic,noviembre de 2025,1,"Siempre se embarca tarde y tardan mucho en todos y en el de ida a Asturias 40 min de retraso porque ni el avión estaba, y a la hora de salie no tiene ningún horden ni nada"
VOE_0273,Volotea,Desconocido,Nantes,Barcelona,Europe,noviembre de 2025,5,"Las personas lo mejor, el servicio perfecto. La atención increíble, al embarque estupendo. El vuelo maravilloso, el aterrizaje espectacular."
VOE_0274,Volotea,Desconocido,Valencia,Bilbao,Domestic,noviembre de 2025,1,"Intenté hacer el check con antelación y tenía que pagar para poder hacerlo. Intenté hacerlo con poca antelación y me daba error. Intenté hacerlo con menos antelación y ya no me dejaban hacerlo online. Me cobraron 30€ por imprimir una tarjeta de embarque que me costó más que mi vuelo, y fue porque la web no funcionaba. Ojalá se les caiga el pelo un día"
VOE_0275,Volotea,Desconocido,Bilbao,Rome,Europe,noviembre de 2025,5,"Rápidos,amables y puntuales, todo lo que se necesita en un vuelo, y además súper amables. Tan rápidos que llegamos antes de la hora ,increíble pero cierto"
VOE_0276,Volotea,Desconocido,Oviedo,Milan,Europe,noviembre de 2025,5,"Todo bien amabilidad y buen servicio quiero seguir volviendo con ellos,otras compañías demasiado tiquismiquis en tonterías."
VOE_0277,Volotea,Desconocido,Oviedo,Malaga,Domestic,noviembre de 2025,4,Buen viaje y la tripulación muy simpática y profesional. Están pendientes de todos los viajeros en todo momento y facilitan el viaje.
VOE_0278,Volotea,Desconocido,Alicante,Oviedo,Domestic,noviembre de 2025,5,"Volotea es una nueva aerolínea para nosotros, solíamos volar Ryanair. Un vuelo muy cómodo y a buen precio. La tripulación de cabina era amable y servicial."
VOE_0279,Volotea,Desconocido,Seville,Oviedo,Domestic,noviembre de 2025,5,"Muy puntuales, el personal muy amable y cogí el vuelo a buen precio. Recomendable, hago con frecuencia este trayecto por motivos personales y siempre muy bien."
VOE_0280,Volotea,Desconocido,Madrid,Lyon,Europe,noviembre de 2025,5,"me sorprendió la puntualidad, mucho mejor que con otras líneas, además el comandante nos dedicó unas palabras de disculpa (por solo 10 minutos). El personal muy atento"
VOE_0281,Volotea,Desconocido,Oviedo,Seville,Domestic,noviembre de 2025,1,"Las azafatas y el controlador de escala, nos dejaron a mi hija y a mi en tierra alegando que las maletas - las mismas que en el vuelo de ida a Asturias- no entraban en su medidor de maletas. 55×40×20 Curiosamente entraban perfectamente en el medidor de Vueling que utiliza las mismas medidas, Las azafatas se negaron a facilitarme su identificación. Les pedí una cinta métrica y no me la dieron. Se comportaron con una soberbia y prepotencia indigna del trato que merece un cliente. Ni siquiera hablaron de devolver el dinero del billete ni atendieron a nuestras necesidades urgentes de volver a Sevilla. Yo por necesitar hacerme una prueba cardíaca y mi hija por tener un examen. Tuvo que intervenir la guardia civil a los que pedí intermediación y me dijeron que ellos no podían hacer nada al tratarse de una empresa privada. Un auténtico despropósito que deja al usuario en la mayor de las indefensiones."
VOE_0282,Volotea,Desconocido,Oviedo,Seville,Domestic,noviembre de 2025,5,"Muy buena compañía para capitales importantes. Precios económicos, puntualidad y sobre todo la tripulacion muy amable y en todo momento ayudando a los pasajeros. Recomendable 100%."
VOE_0283,Volotea,Desconocido,Oviedo,Milan,Europe,noviembre de 2025,5,Vuelo puntual a la ida y a la vuelta incluso llegamos 20 minutos antes. Buena atención a bordo. Todo salió a pedir de boca.
VOE_0284,Volotea,Desconocido,Desconocido,Desconocido,Desconocido,noviembre de 2025,5,"Mi experiencia con Volotea ha sido excelente. El vuelo fue absolutamente perfecto: puntual, cómodo y con un trato muy amable por parte de la tripulación. Desde el embarque hasta el aterrizaje, todo funcionó de manera impecable"
VOE_0285,Volotea,Desconocido,Malaga,Oviedo,Domestic,noviembre de 2025,5,"Como siempre, la experiencia con Volotea es única. Sencillo proceso de reserva de vuelo, facilidad de embarque, agradable vuelo con personal de cabina atento a todos los detalles, incluso adelanto sobre la hora prevista de llegada. Soy Megavolotea Plus y todo tipo de ventajas como embarque prioritario, maleta de cabina a bordo, selección de asientos...Es una suerte tener implantado a Volotea en Asturias."
VOE_0286,Volotea,Desconocido,Lourdes,Strasbourg,Domestic,noviembre de 2025,1,"Compré un vuelo por 106 euros. Se leer y dejaba claro que con maleta en cabina. A los 15 días me cargan 160 euros diciendo que cogí no sé qué de megavolotea, acabo de llamarles y dicen que lo cancelen pero tengo que pagar la maleta en cabina. Peor que los trileros. Espero que me lo devuelvan. Ya está bien de estos trucos para engañar a los clientes."
VOE_0287,Volotea,Desconocido,Oviedo,Granada,Domestic,noviembre de 2025,5,"Como siempre sin ningun problema. Lo ponen todo muy fácil tanto para facturación , embarque y a bordo. Muy atentos todo el personal"
VOE_0288,Volotea,Desconocido,Barcelona,Murcia,Domestic,noviembre de 2025,5,"Vuelo como de costumbre, rápido, puntual y económico si sabes aprovechar las ofertas. Muy agradecida a Volotea por incorporar los domingos destino BCN-RMU y viceversa. Como nota negativa el catering muy escasico, pero calidad precio es estupendo."
VOE_0289,Volotea,Desconocido,Oviedo,Seville,Domestic,noviembre de 2025,5,"Como siempre, una buena experiencia el viaje con Volotea. Puntualidad, trato exquisito del personal, limpieza en el avión. Resumiendo todo bien, totalmente recomendable viajar con Volotea."
VOE_0290,Volotea,Desconocido,Milan,Oviedo,Europe,noviembre de 2025,5,"Hasta el día de hoy con Volotea siempre muy bien, puntualidad y muy amables desde facturación hasta el personal de cabina. Como sugerencia, aumentaría el catálogo de películas y series para ver a bordo"
VOE_0291,Volotea,Desconocido,Oviedo,Barcelona,Domestic,octubre de 2025,5,Aviones nuevos con asiento amplios. Personal muy atento y resolutivo. Puntuales. Merecido el premio a la mejor compañía Low Cost.
VOE_0292,Volotea,Desconocido,Desconocido,Desconocido,Desconocido,noviembre de 2025,5,"Un viaje maravilloso! para disfrutar, recordar y repetir, profesionalidad, puntualidad, amabilidad. No se puede pedir más"
VOE_0293,Volotea,Desconocido,Bilbao,Venice,Europe,noviembre de 2025,4,"Buena atención,y puntualidad;el vuelo venía con un poco de retraso,bien informado y con amabilidad por las chicas de la compañía"
VOE_0294,Volotea,Desconocido,Bilbao,Rome,Europe,noviembre de 2025,5,"Doy 5 estrellas a Volotea. Es la mejor compañía low cost por algo. Es una low cost que te hace sentir VIP total. Los asientos son más espaciosos, limpios y modernos. Atención muy amable de la gente que opera los vuelos. Son super puntuales. Los precios los mejores y sin tanto añadir sorpresas para pagar extras ocultos."
VOE_0295,Volotea,Desconocido,Bilbao,Valencia,Domestic,octubre de 2025,5,"Es una compañía que ha ido creciendo poco a poco, pero continuamente mejorando. Lo que mas destaco es su puntualidad, ya que hace más de un año que no sufro ningún retraso, ni siquiera de más de 10 minutos, en su ruta de Valencia a Bilbao. Esta ruta es la que más utilizo por motivos de ocio y familiares y, en cuanto a puntualidad y horarios es la que mejor se adapta a mis necesidades de viaje en el fin de semana frente a otras opciones de la competencia. Además, con su programa de membresía megavolotea, me permite tener mucha flexibilidad al cambiar los vuelos en cualquier momento y poder llevar siempre maleta de cabina, entre otros beneficios. Como aspecto más negativo sería la organización de la tripulación. En este sentido, muchas veces no controlan a los pasajeros y dejan que llenen los maleteros de mochilas que deberían ir debajo del asiento, si bien es cierto que han ido corrigiendo este aspecto últimamente. También el desembarque es un poco caótico. No obstante, continuaré optando por volar con ellos en mis viajes regulares sin duda."
VOE_0296,Volotea,Desconocido,Oviedo,Venice,Europe,noviembre de 2025,5,Sin ninguna incidencia en el vuelo. La tripulación encantadora. El avión estaba limpio y el baño también. Repetiré sin dudarlo
VOE_0297,Volotea,Desconocido,Athens,Venice,Europe,noviembre de 2025,1,"La peor aerolinea, tienen cobros ocultos, engañan al pasajero, sus correos no tienen validez, no dan garantía de lo que se recibe en su información vs los cobros que quieren hacer… desde el booking online me han descontado dinero adicional de mi tarjeta y dos meses después de la solicitud de reintegro no me lo quieren regresar.. me llega un correo diciendo que tengo derecho a una maleta de 10kg y en el aeropuerto me la cobraron.. pésimo servicio!"
VOE_0298,Volotea,Desconocido,Bilbao,Alicante,Domestic,noviembre de 2025,5,"Fue un vuelo corto pero muy cómoda, se me pasó volando, nunca mejor dicho. Y encima, por último llegamos 15 minutos antes."
VOE_0299,Volotea,Desconocido,Bilbao,Valencia,Domestic,octubre de 2025,5,"Utilizo la ruta Bilbao-Valencia muy frecuentemente. Volotea destaca por su puntualidad y por la sencillez de la compra y del check-in. La experiencia de vuelo suele estar bien. Los precios son más que razonables, sobre todo si uno es miembro megavolotea y aprovecha la suscripción anual. Si hay que ponerle una pega, sería que el embarque en Bilbao se realiza frecuentemente con autobús y resulta más incómodo que el embarque por pasarela."
VOE_0300,Volotea,Desconocido,Oviedo,Fuerteventura,Domestic,noviembre de 2025,5,"Puntualidad, rapidez y eficacia a la hora de embarcar Aterrizaje perfecto Asientos comodos Llegada al destino puntuales"
VOE_0301,Volotea,Desconocido,La Coruna,Malaga,Domestic,octubre de 2025,5,"Fue mi vuelo de vuelta para una visita familiar y, siempre que decido viajar con voletea, refuerzo mi opinión sobre que es la mejor aerolínea lowcost. Hacen los embarques y desembarques ordenados por filas, evitando esa saturación/caos que suele formarse cuando llegamos a destino y el colapso del pasillo en el embarque. Hasta ahora siempre han sido puntuales. Es cierto que hubo turbulencias en el vuelo porque fue un día de lluvias, lo cual no lo hizo tan cómodo como otras veces, pero llegamos igualmente puntuales. Lo aconsejaría porque viajas realmente barato pero cómodo, cosa que no fue para nada mi experiencia a la ida a mi destino, en el que, volando con el mismo equipaje, me hicieron medir el equipaje de mano y sacar mi chaqueta de la mochila ""porque no cabría en los pies"". A años luz de Vueling y Ryanair, sin duda."
VOE_0302,Volotea,Desconocido,Oviedo,Fuerteventura,Domestic,noviembre de 2025,5,"Vuelo superpuntual. Espacio entre asientos mejor que en muchísimas otras aerolineas. Rutas muy interesantes punto a punto, que permiten viajar a muchos destinos nuevos. Super recomendable!"
VOE_0303,Volotea,Desconocido,Oviedo,Valencia,International,noviembre de 2025,3,"Cogí vuelo y a través de la misma página de volotea alquilé seguro de coche ""Premium"" con Axxa, resultó ser una estafa con linitacion de kl, bajo la plataforma volotea se alianza con Axxa aseguradora q estafa al cliente beneficiándose de manera injustificada, he solicitado la devolución del seguro total o parcial porq no lo he usado y me contestan con mensajes desviando el asunto y remitiéndose a una web q no carga, creo q volotea es responsable de sus alianzas y de lo que oferta y vincula como producto ampliado. Nadie se responsabiliza, no hay nadie al otro lado, no hay a dónde dirigirse. Patético. Estafa perfecta de Axxa bajo la cobertura de Volotea."
VOE_0304,Volotea,Desconocido,Verona,Barcelona,Europe,noviembre de 2025,2,"Compras prioritario, llegas a aeropuerto, cola de 40 metros....te dicen que prioridad debe esperar cola....entonces para que prioridad? Ridículo....ya sabéis, lo que hacéis con vuestro dinero...."
VOE_0305,Volotea,Desconocido,Valencia,Bilbao,Domestic,septiembre de 2025,5,Siempre una buena experiencia viajar con Volotea. Buenos precios y ninguna incidencia en el servicio. Muy recomendable.
VOE_0306,Volotea,Desconocido,Brest,Barcelona,Europe,octubre de 2025,5,"El vuelo fue correcto en todo sus servicios, el personal de cabina muy amable y cubrió los tiempos de vuelo previstos. Sin duda volveré a volar con esta compañía aunque en invierno reduce los vuelos"
VOE_0307,Volotea,Desconocido,Seville,Bilbao,Domestic,octubre de 2025,5,Viajamos con una persona con movilidad reducida y la compañia se encargo de todo con una amabilidad increible. Todos los que viajabamos tuvimos las mismas ventajas. Excelente en todos los sentidos.
VOE_0308,Volotea,Desconocido,Malaga,Oviedo,Domestic,noviembre de 2025,1,"Cada vez son más reducidos los tamaños de la valija de mano , la mía de toda la vida hace 4 años que la uso y ahora es muy ancha y las ruedas no entran … en serio y pague extra por ella … las ventanillas del avión dan asco , y la atención de la tripulación muy buena pero la chica de embarque muy malcriada y descortés …"
VOE_0309,Volotea,Desconocido,Madrid,Barcelona,Domestic,noviembre de 2025,1,"Compré un vuelo en la pagina web. Al realizar la compra solo me debaja mediante la opción de Megavolotea que supuestamente era gratuita y asi lo indicaba la pagina. Al de 14 días me han descontado 160 euros por estar subscrita al plan Megavolotea. Les he llamado y me han ofrecido la devolución del importe. Al hablar con las trabajadoras y preguntarles ME COLGARON y volví a llamar. Me respondieron que es un plan al que te subscribes AUTOMATICAMENTE. Es sumamente fraudulento y denunciable, pésimo."
VOE_0310,Volotea,Desconocido,Murcia,Oviedo,Domestic,octubre de 2025,4,Es una pena que se supriman los vuelos a Asturias y otros destinos desde Murcia Son vuelos rápidos y muy gratificante el comunicarte con el norte de España y diferentes vuelos con esta compañía desde Murcia Lo negativo es el horario que es muy limitado y toca pagar un hotel para no disfrutar de toda la noche de descanso debido a la horario programada por los vuelos desde Murcia
VOE_0311,Volotea,Desconocido,Bilbao,Porto,Europe,octubre de 2025,5,Positivo por completo . A destacar la amabilidad y atención por parte de todo el personal. Experiencia recomendable sin duda.
VOE_0312,Volotea,Desconocido,La Coruna,Valencia,Domestic,octubre de 2025,5,Horario de salida y llegada bien. La experiencia fue grata y si siguen con precios asequibles seguiré volando con Volotea.
VOE_0313,Volotea,Desconocido,Bordeaux,Brussels,Europe,noviembre de 2025,1,"Necesito pedir asistencia especial para volar. La compañía no contesta al teléfono y el aeropuerto de salida tampoco. Sólo se puede hablar con una máquina que no ofrece respuesta a esta necesidad. La página de reserva me exige que pague la reserva antes de pedir la asistencia. Pero, si luego no tenglo plaza o me ponen pegas con la scooter eléctrica, ¿me reembolsarán? Es deprimente"
VOE_0314,Volotea,Desconocido,Desconocido,Desconocido,Desconocido,octubre de 2025,4,Se trata de una compañía de vuelos que tiene muchas combinaciones desde mi región de residencia a otras ciudades de España y de Europa que me permite programar viajes cómodos y también hay que destacar su puntualidad y amabilidad del personal
VOE_0315,Volotea,Desconocido,Bilbao,Valencia,Domestic,octubre de 2025,4,"El viaje de ida y vuelta muy bien, y con puntualidad, incluso se salió y se llegó un poco antes de lo esperado. El servicio y la atención correcta"
VOE_0316,Volotea,Desconocido,Oviedo,Jerez De La Frontera,Domestic,octubre de 2025,5,Recomendable al 100%. Yo tenía mucho miedo a volar y tuve un viaje perfecto. Quedé encantada con esta compañía. Lo volveré a hacer con Volotea sin ninguna duda.
VOE_0317,Volotea,Desconocido,Jerez De La Frontera,Oviedo,Domestic,octubre de 2025,5,"Excelente aerolínea con unos precios muy competitivos y un servicio excelente. Mi elección para viajar eesde Jerez o Sevilla a cualquier lugar atractivo, dentro de sus ofertas. Aconsejaría más publicidad ,en los destinos donde opera, para que descubran sus ventajas."
VOE_0318,Volotea,Desconocido,Barcelona,Murcia,Domestic,octubre de 2025,4,"en general todo bien, buen precio, buen servicio y puntualidad. Solo tuve 1 inconveniente y es que no desbloquearon el cheking gratuito cuando debian y me tocó pagar por desbloquearlo y reservar los asientos."
VOE_0319,Volotea,Desconocido,Valencia,Oviedo,International,octubre de 2025,5,Volotea cuenta con unos vuelos cómodos y puntuales con unos precios competitivos. Cuenta con una app fácil de manejar y puedes hacer todas les gestiones necesarias . Los aviones están limpios y el personal es muy amable.
VOE_0320,Volotea,Desconocido,Seville,Bilbao,Domestic,octubre de 2025,1,#ESTAFADORES# Me fue imposible hacer el cheking on line porque no funcionaba la pagina y me mandaron un mensaje que me decían que me pasara por el mostrador. Mi sorpresa fue que me cobraron 30€ por imprimirme la targeta de embarque a lo cual me nege a pagar porque yo ya había pagado los gastos del vuelo . Me dijeron que era la normativa y que o pagaba o me quedaba en tierra . yo no aconsejo volar con ellos porque como ya os cuento os podéis llevar una sorpresa inesperada. En definitiva para mí unos #ESTAFADORES #
VOE_0321,Volotea,Desconocido,Valencia,Oviedo,Domestic,noviembre de 2025,1,"Mafia con el tamaño de las maletas, asientos sin sitio suficiente. Hay que acceder al avión siempre caminando cientos de metros. Personal de embarque poco amable"
VOE_0322,Volotea,Desconocido,Bilbao,Florence,Europe,octubre de 2025,4,Opinión positiva. Hay espacio para las piernas. Se respetan los horarios. El personal en tierra y en aire es amable y eficaz.
VOE_0323,Volotea,Desconocido,Bilbao,Malaga,Domestic,octubre de 2025,5,"Todo correcto en cuanto a la gestión de embarque y vuelo, vuelos en hora y con buena atención, el único pero el caos a la hora de desembarcar ya que no se organiza el desembarque por filas ordenado y resultó que nosotros estando en la fila 5 junto con una señora mayor tuvimos que esperar a que gente de filas bastante más atrás salieran porque bloqueaban el pasillo… sino se organiza los buenos modales y el respeto brillan por su ausencia, tuve que protestar en voz alta para que se diera la gente por aludida porque sino salimos los últimos del vuelo…"
VOE_0324,Volotea,Desconocido,Oviedo,Fuerteventura,Domestic,noviembre de 2025,5,"Puntualidad increíble , aviones muy nuevos y cómodos , el embarque muy cómodo y la llegada a destino con bastante antelación , ofertas en precio excelentes"
VOE_0325,Volotea,Desconocido,Bilbao,Porto,Europe,octubre de 2025,5,"Miníma demora, ajena a la Compañía, y muy buena atención en vuelo. Información sobre pequeña demora con claridad al igual que fue la estimación de tiempo vuelo."
VOE_0326,Volotea,Desconocido,Malaga,Oviedo,Domestic,octubre de 2025,5,"El viaje se ha desarrollado con la puntualidad y confort esperados. A menudo viajo con Volotea y aunque parece una aerolínea lowcost los viajes siempre han sido de primera categoría, tanto en puntualidad como en confort."
VOE_0327,Volotea,Desconocido,Bilbao,Seville,Domestic,octubre de 2025,5,Todo correcto. fueron puntuales aviones con mucho espacio rapidez a la hora de embarcar la verdad que fuimos muy a gusto.
VOE_0328,Volotea,Desconocido,Bordeaux,Palma de Mallorca,Europe,octubre de 2025,5,Buena organizacion en embarque . Puntualidad en el vuelo. Excelente servicio a bordo con buena informacion por parte del piloto
VOE_0329,Volotea,Desconocido,Menorca,Zaragoza,Domestic,septiembre de 2025,1,"En el trayecto de Menorca- Zaragoza , además de un considerable retraso en el vuelo, un empleado de la empresa envió mi maleta a otro destino por error, después de dos meses sigo esperando que se solucione este incidente ya que la empresa no se pone en contacto conmigo, no responde mis mails y el teléfono de atención que te dan es simplemente de consulta. Resultado, perdí TODAS mis cosas, no me han indemnizado ni nadie se ha puesto en contacto conmigo. JAMÁS VUELEN CON EST EMRESA, NO SE RESPONSABILIZAN DE NADA."
VOE_0330,Volotea,Desconocido,Bilbao,Rome,Europe,octubre de 2025,5,"Vuelo genial,puntual,personal del avion muy agradables ,espacio entre asientos mas amplio. Las azafatas fueron muy amables ."
VOE_0331,Volotea,Desconocido,Oviedo,Malaga,Domestic,octubre de 2025,2,"Realizo viajes con regularidad, en este último año he cogido una media de 12 vuelos con Volotea y todos, todos se ha retrasado. Es una vergüenza que todos sus vuelos despeguen con un retraso mínimo de 30 minutos"
VOE_0332,Volotea,Desconocido,Oviedo,Seville,Domestic,octubre de 2025,5,El vuelo cumplió los horarios indicados. El personal de tierra facilitó el embarque y la opción de incluir las maletas en bodega lo que facilitó el vuelo.
VOE_0333,Volotea,Desconocido,Athens,Bilbao,Europe,octubre de 2025,4,Agradable y rápido (a la vuelta se llegó 20 minutos antes de lo previsto) Hubiera sido más cómodo si las dimensiones del equipaje en cabina (10kg) no fueran tan ridículas.
VOE_0334,Volotea,Desconocido,Madrid,Verona,Europe,octubre de 2025,5,"Informacion clara y concisa, sin retrasos y buen trato por parte de la tripulación, sin inconvenientes durante el vuelo"
VOE_0335,Volotea,Desconocido,Oviedo,Palma de Mallorca,Domestic,agosto de 2025,1,"Vuelo habitualmente durante todo el año y está es la peor compañía lowcost en la que se puede viajar. Te cargan más de 70 euros y si te descuidas te renuevan automáticamente el supuesto servicio ""megavolotea"" que no es más que un cargo encubierto. Son caros e incompetentes. Su web y su servicio de atención están diseñados para el engaño."
VOE_0336,Volotea,Desconocido,Seville,Santander,Domestic,septiembre de 2025,1,"Volotea es una empresa irresponsable, negligente y cobarde. El 10 de septiembre de 2025, mi vuelo V7 3269 (Sevilla - Santander) salió con más de 7 horas de retraso por un problema perfectamente evitable: un golpe de finger al aterrizar que no supieron (ni quisieron) gestionar con agilidad porque, simplemente, no tienen personal propio cualificado. ¿El resultado? Más de 6 horas y media abandonados en el aeropuerto, sin información, sin asistencia, sin explicaciones y con un vale de 5 € inútil como único “gesto” hacia los pasajeros. Todo gestionado por un personal desaparecido, burlón y con cero empatía, hasta el punto de tener que intervenir la Guardia Civil. Esto no es una anécdota: es una negligencia grave. Y por si fuera poco, tras enviar una reclamación formal amparada en el Reglamento (CE) 261/2004 (que establece 250 € de compensación por retrasos de más de 3 horas en vuelos intracomunitarios), Volotea responde con un copia-pega sin argumentos reales, alegando “circunstancias excepcionales” cuando fue un fallo técnico común agravado por su falta de personal y planificación. Mentira. E incluso así, por ley, no exime del pago si no se tomaron las medidas razonables para evitarlo, cosa que no hicieron. Volotea no es una aerolínea, es una estafa aérea legalizada. Una low-cost de segunda que juega con el tiempo, la dignidad y los derechos de sus pasajeros. No vueles con ellos. Huye. Lo barato, con Volotea, se paga en tiempo, salud y dignidad. Actualización a la respuesta : Actualización: Tras mi reclamación y varias respuestas genéricas, Volotea me ha vuelto a contestar con otro mensaje de plantilla, idéntico al anterior. Ni un solo dato nuevo, ni una explicación concreta, ni una mínima muestra de interés. Resulta irónico que presuman de “canales oficiales de atención” cuando lo único oficial parece ser el copiar y pegar respuestas vacías de Chat GPT. A estas alturas ya no espero empatía, solo que AESA y la OCU hagan lo que Volotea se niega a hacer: cumplir la ley. Cada nueva respuesta automática que mandan confirma lo mismo: su desprecio por el pasajero es tan sistemático como su plantilla de respuestas. Deleznable ! Absolutamente un escupitajo en la cara de cada pasajero . Volotea is an irresponsible, negligent, and cowardly company. On September 10th, 2025, my flight V7 3269 (Seville – Santander) departed more than 7 hours late due to a perfectly avoidable issue: a finger bridge hit upon landing, which they neither knew how nor cared to handle swiftly—simply because they don’t have qualified staff of their own. The result? Over six and a half hours abandoned in the airport—no information, no assistance, no explanations—and a useless €5 voucher as the only so-called “gesture” toward passengers. Everything was handled by staff who were absent, mocking, and utterly devoid of empathy, to the point where the Civil Guard had to intervene. This was not a one-off incident; it was a case of gross negligence. And to make matters worse, after submitting a formal complaint under Regulation (EC) No 261/2004—which clearly grants €250 compensation for delays of more than three hours on intra-EU flights—Volotea replied with a copy-paste message lacking any real argument, claiming “extraordinary circumstances.” That is a lie. It was a common technical issue, made worse by their lack of staff and planning. Even then, the law does not exempt them from payment if reasonable measures weren’t taken to prevent it—and they clearly weren’t. Volotea is not an airline; it’s a legalized air scam. A second-rate low-cost carrier that plays with its passengers’ time, dignity, and rights. Don’t fly with them. Run. With Volotea, cheap comes at the cost of your time, health, and dignity. ⸻ Update: After my claim and several generic replies, Volotea has responded once again with another identical template message—no new information, no specific explanation, not even the slightest show of interest. It’s ironic that they boast about having “official customer service channels,” when the only thing official seems to be their copy-and-paste replies straight out of ChatGPT. At this point, I no longer expect empathy—just that AESA and the OCU do what Volotea refuses to: comply with the law. Every new automatic reply they send only reinforces the same message: their contempt for passengers is as systematic as their canned responses. Disgraceful. An absolute slap in the face to every passenger."
VOE_0337,Volotea,Desconocido,Bilbao,Alicante,Domestic,octubre de 2025,5,"Cogí el vuelo de vuelta a casa con Volotea y todo fue fenomenal. Salió antes de hora con todo el pasaje a bordo, nos indicaron en todo momento los pormenores del viaje y llegamos a destino 20 minutos antes, por lo que todo salió perfecto. Me gusta mucho Volotea como compañía, tanto por la puntualidad como por la atención y el servicio; nada que ver con Vueling..."
VOE_0338,Volotea,Desconocido,Oviedo,Venice,Europe,octubre de 2025,5,"Profesionalidad, puntualidad y atención estupenda tanto a la ida como a la vuelta. Volábamos con un bebé por primera vez. Repetiremos sin duda!"
VOE_0339,Volotea,Desconocido,Bilbao,Valencia,Domestic,octubre de 2025,5,Un vuelo muy cómodo y rápido ( salió incluso antes de la hora ) con todas las indicaciones correctas y precisas por parte de la tripulación a bordo.
VOE_0340,Volotea,Desconocido,Oviedo,Granada,Domestic,octubre de 2025,5,"Vuelo rapido y confortable de norte a sur, profesionalidad y amabilidad por parte del personal. Repetire muy pronto, siempre es un placer volar con Volotea."
VOE_0341,Volotea,Desconocido,Oviedo,Malaga,Domestic,octubre de 2025,5,Todo fue perfecto y llegamos a ambos destinos con tiempo de adelanto. Separación entre asientos mayor que otros vuelos transoceánico
VOE_0342,Volotea,Desconocido,Seville,Oviedo,Domestic,octubre de 2025,5,"Siempre puntuales, trato impecable. Es la mejor compañía para volar, desde Asturias hay muchísimos destinos, con ganas de que amplíen mas en Sevilla."
VOE_0343,Volotea,Desconocido,Malaga,Oviedo,Domestic,octubre de 2025,5,"Pues fue todo muy bien, puntuales con los horarios de ida y vuelta volveré sin duda, el avión muy limpio la tripulación muy amable en general todo muy bien"
VOE_0344,Volotea,Desconocido,Lyon,Madrid,Europe,octubre de 2025,1,"Es indignante que haya tantos cambios de vuelos y cancelaciones en la aerolínea. No he visto cosa igual. La peor aerolínea de todas, poco seria y con cambios constantes de horarios de vuelos y cancelaciones. Además muy poca flexibilidad de horarios para poder cambiar el vuelo. Voy a Lyon el dia 14 de noviembre y me volvía a Madrid el 17 a las 17.50 con margen para pasar unos días ahí y disfrutar de la ciudad. Me lo he cambiado al día 16 de noviembre a las 14.05, lo cual hace que tenga solamente un día para visitar la ciudad y un viaje que iba a ser para descansar se ha convertido en una estancia de 27h menor. ¡Es indignante! Además sé que no es algo puntual y tengo conocimiento de muchísimos otros vuelos que han sido cancelados, adelantados y atrasados como os da la gana en el trayecto Madrid-Lyon"
VOE_0345,Volotea,Desconocido,Desconocido,Desconocido,Desconocido,octubre de 2025,5,"Mi valoración es positiva ya que cumplieron en todos estos requisitos para que así fuese: Puntualidad, atención, amabilidad, limpieza, coste."
VOE_0346,Volotea,Desconocido,Bilbao,Las Palmas de Gran Canaria,Domestic,octubre de 2025,5,"Personal muy atento , el vuelo fue fenomenal, tanto el de ida como el. De vuelta, y a la hora de la venta a bordo muy amables tanto al servir como al recoger"
VOE_0347,Volotea,Desconocido,Verona,Barcelona,Europe,octubre de 2025,3,"Estuvo muy bien, puntualidad, bastante confortable, la tripulación…. De hecho he bajado la puntuación dos puntos por culpa de la azafata rubia del Vuelo de ayer a las 16, que decia que llevaba dos bolsas, cuando lo qye llevaba era un cojin vertical y lo decia gritando y de tan malos modos que no la entendia. Cuando vino a decirmelo otra azafata morena, lo entendí a la primera"
VOE_0348,Volotea,Desconocido,Desconocido,Desconocido,Desconocido,octubre de 2025,4,"En general la relación calidad precio de esta compañía es buena, destacaría su puntualidad. Un punto de mejora es el tema del equipaje en cabina, en mi último vuelo pagué por los asientos delanteros pero como solo tenia megavolotea no me dejaron embarcar hasta el final porque mi derecho a llevar equipaje de cabina era sujeto a espacio a pesar de haber pagado por los asientos delanteros, mi maleta acabó en la bodega mientras que otra gente viajaba con maletas que para nada cumplían con las medidas. Si cumplen las normas que lo cumplan para todo."
VOE_0349,Volotea,Desconocido,Oviedo,Lanzarote,Domestic,octubre de 2025,5,"Hemos vuelto a confiar en Volotea para viajar con nuestro bebé. Tuvimos un pequeño problema con el check-in online, pero en el avión el personal lo solucionó de inmediato."
VOE_0350,Volotea,Desconocido,Seville,Santander,Domestic,septiembre de 2025,1,"El piloto chocó contra el finger del aeropuerto y tuvimos que esperar más de 7 horas para poder despegar porque tenían que revisar el avión pero no tenían equipo de mantenimiento. Perdimos un coche que teníamos reservado debido a este gran retraso, y llevamos más de un mes esperando respuesta s nuestra reclamación, ya que han de compensarnos por el tiempo perdido y la situación vivida... Spoiler, no tenían atención al cliente en el aeropuerto, la persona que estaba en la puerta de embarque literalmente desapareció cuando se iba a anunciar el retraso... Una vergüenza de servicio y de atención, en el aeropuerto y desde el servicio que gestiona las incidencias, te derivan de un mail / teléfono a otro sin darte ninguna respuesta. No respetan a los usuarios ni su tiempo, pero no vamos a dejar de reclamar, hoy mismo ponemos la reclamación con AESA. De las peores aerolíneas que jamás he utilizado, no pienso repetir, y no la recomiendo en absoluto."
VOE_0351,Volotea,Desconocido,Barcelona,Oviedo,Domestic,octubre de 2025,5,"Una compañia muy seria, que siele respetar los horarios y con una atención de diez. Personalmemte, llevo tiempo viajando con ellos y no he tenido ningun problema."
VOE_0352,Volotea,Desconocido,Barcelona,Verona,Europe,octubre de 2025,5,"Mi vuelo con Volotea fue puntual y con un gran servicio. Además, el avión se encontraba en excelentes condiciones y muy limpio"
VOE_0353,Volotea,Desconocido,Madrid,Lyon,Europe,octubre de 2025,5,"Esta aerolínea tiene precios muy competitivos, y destinos poco comunes pero con mucho que ver tanto en la ciudad donde aterriza, como en la zona. Salir desde la T2 en Barajas es muy conveniente porque no hay colas como en la T4 ni muchos trámites de seguridad como en la T1. Se vuela cómodamente y además no acumula mucho retraso."
VOE_0354,Volotea,Desconocido,Desconocido,Desconocido,Desconocido,octubre de 2025,5,"La puntualidad, rapidez en el embarque, comodidad de los aviones, y el trato de la tripulación. Volotea siempre es un acierto."
VOE_0355,Volotea,Desconocido,Bilbao,Porto,Europe,octubre de 2025,5,Realicé un vuelo a oporto de ocio. El pasaje estuvo muy atento en todo momento a nuestras necesidades. Embarque rápido y ordenado.
VOE_0356,Volotea,Desconocido,Bilbao,Ibiza,Domestic,octubre de 2025,5,"Como en ocasiones anteriores, muy buen servicio y cumpliendo con el horario y resto de condiciones en el aeropuerto y avión."
VOE_0357,Volotea,Desconocido,Oviedo,Alicante,Domestic,octubre de 2025,4,"Única compañía que opera la ruta directa, avión correcto, pero funcionamiento del servicio de entretenimiento a bordo con errores. Personal amable."
VOE_0358,Volotea,Desconocido,Oviedo,Menorca,Domestic,octubre de 2025,5,"Un vuelo agradable y sin complicaciones, a pesar de que esos días había Dana en la zona del mediterráneo y las islas. Como siempre que he volado en Volotea, un buen vuelo."
VOE_0359,Volotea,Desconocido,Oviedo,Malaga,Domestic,octubre de 2025,1,"Experiencia Hostíl y muy desagradable. Vuelo muy a menudo al Aeropuerto de Asturias, y la opción Volotea, es la que más utilizo por sus frecuencias de vuelo. En absolutamente todas las veces, he tenido alguna incidencia. Mostrador de facturación, es siempre una odisea, el personal es desagradable, poco colaborativo, y da igual lo que pidas facturas, siempre hay un pero. A la hora de embarcar, aquí empieza la aventura de verdad, el embarque prioritario es una broma, poque es simultaneo al resto de pasajeros, el equipaje de mano tienes que llevarlo pegado al cuerpo, la sensación es como si estuvieses cruzando la frontera de Corea del Norte, siempre hay un comentario, de tamaño, de forma. A la mínima te meten la mini maleta a la bodega, por supuesto pagando. Es arbitrario, al pasajero delante de ti, no, y a ti si, o al revés, es una lotería. Las formas de hablar al cliente, no he visto nada peor en años. En el avión, la limpieza, es de pensión de brooklyn, polvo, moqueta muy sucia, asientos sucios, da ""grima"" acercarse a algo. La coloción del equipaje en los portamaletas, siempre es corregida por la tripulación de cabina. Son unos toca narices, no se salva ninguno. Cuando han terminado de ofrecer el servicio de a bordo, empieza lo mejor, y es cuando la tripulación, se pone a calentar sus ""tupper"" en el microondas, con sus Super Spaguetti, oliendo a chorizo toda la cabina, cuanto más cara pagas la fila, más a chorizo hueles... En fin es una experiencia horrible... cuando llegas y bajas del avión, llegas a tu vida normal, con sus cosas buenas y malas, pero desde luego no con esa hostilidad."
VOE_0360,Volotea,Desconocido,Oviedo,Fuerteventura,Domestic,octubre de 2025,4,"Desde la contratación en la web, hasta la vuelta todo a la primera. Por poner un pero, a los miembros de megavolotea plus, no se nos diferenció de los de megavolotea en el embarque de los aeropuertos en los que estuvimos, y en ningún caso el desembarque ( ya se que no está valorado)"
VOE_0361,Volotea,Desconocido,Valencia,Oviedo,International,octubre de 2025,5,"Factores positivos: Puntualidad total, amabilidad de los empleados, limpieza, espacio entre asientos, entretenimiento disponible."
VOE_0362,Volotea,Desconocido,Rome,Bilbao,Europe,octubre de 2025,5,"Viajaba con mi perrito, todo fueron facilidades y amabilidad por parte de todo el equipo, no tuve ningún problema. Se agradece mucho."
VOE_0363,Volotea,Desconocido,Malaga,Bilbao,Domestic,octubre de 2025,5,"Viajaba con mi madre de 85 años que camina con bastón y por primera vez llevamos una silla de ruedas para los desplazamientos en la ciudad. La compañía nos ofreció todo tipo de traslados, pase prioritario en los controles de seguridad, asientos en 2ª fila. Viaje muy bueno y cómodo."
VOE_0364,Volotea,Desconocido,Palma de Mallorca,Strasbourg,Europe,octubre de 2025,5,"En esta ocasión el viaje ha sido perfecto, muy rápido, incluso llegamos antes de la hora esperada. El enbarque tambien se efectuó rápido y sin problemas. El espacio en los asientos, bastante amplio y el vuelo, agradable, muy bien todo."
VOE_0365,Volotea,Desconocido,Valencia,La Coruna,Domestic,octubre de 2025,3,"La verdad me fue frustrante que por un poco de espacio me cobraron 65 € y no contaba con dinero para gastar de más, el viaje lo hice con mucho esfuerzo económicamente. Llegué el vuelo tenía retraso y la ventanilla de recepción de maletas decía otra aerolínea y pasé a sala de abordaje y cuando fue el momento me pasé por poco en el equipaje que era el mismo que llevaba a Coruña a Valencia y por eso me cobraron 65€. Así que prefiero no compartir en redes porque no es grato. Y aparte ando contara de dinero porque no contaba con ese gasto. No sé porque 65€ si es llevar la maleta en un carro a la bodega del avión si es que es por espacio. Si cobrar algo más pero 65€ me parece exagerado. Y sé que lo dice la política pero aún así es exagerado."
VOE_0366,Volotea,Desconocido,Oviedo,Murcia,Domestic,octubre de 2025,5,Viaje comidisimo y con excelente puntualidad.El precio muy competitivo y la tripulación muy profesional..........
VOE_0367,Volotea,Desconocido,Bilbao,Venice,Europe,octubre de 2025,5,Puntual. Muy buena atención al cliente. Precio razonable. Ya he volado varias veces con ellos y volveré a hacerlo sin lugar a dudas.
VOE_0368,Volotea,Desconocido,Alicante,Bilbao,Domestic,octubre de 2025,4,"En la pregunta ,de oorque viaje,falta ,otros motivosTodo bastante bien lo malo el retraso de la salida No digo nada mas La azafata muy amable Hasta la nproxima"
VOE_0369,Volotea,Desconocido,Desconocido,Desconocido,Desconocido,octubre de 2025,5,"Muy puntual en la salida y llegada con adelanto. La tripulación muy bien. Buena experiencia con Volotea, hasta ahora nunca me ha decepcionado"
VOE_0370,Volotea,Desconocido,Bilbao,Murcia,Domestic,octubre de 2025,5,"Todo correcto, tanto en el horario y personal Llegamos con veinte minutos de adelanto a Murcia, sería genial si en vez de subir y bajar del avión con escalas sería algo mecánico, gente mayor con maletas pueden caerse."
VOE_0371,Volotea,Desconocido,Bilbao,Ibiza,Domestic,octubre de 2025,1,"Somos una parej, tenemos Megavolotea y me da derecho a subir o facturar 2 maletas de mano de 10kgs., total 20 Kgs., llevamos una sola, pesaba algo más, 12 Kgs y nos obligaron a pagar 24 € por los 2 kgs, cuando tenía derecho a 20 Kgs, eso es aplicar sentido común y encima siendo socio de ellos con Megavolotea, ademas con prepotencia y malas formas. No tienen ninguna deferencia hacia los clientes"
VOE_0372,Volotea,Desconocido,Madrid,Lyon,Europe,octubre de 2025,5,El viaje de 10 y el equipo de abordo fantástico. Al finalizar el vuelo le dieron a un menor un diploma por haber viajado con Volotea firmado por todos ellos. Detallazo
VOE_0373,Volotea,Desconocido,Oviedo,Valencia,Domestic,septiembre de 2025,5,"Aprovecho los vuelos con Volotea, por si variedad en destinos, precios y puntualidad . La tripulación siempre muy amables y dispuestos a ayudar."
VOE_0374,Volotea,Desconocido,Palma de Mallorca,Salamanca,Domestic,octubre de 2025,5,He volado varias veces con esta compañía. La verdad que la tripulación es muy profesional y simpática. La puntualidad muy buena. Compañía Excelente!
VOE_0375,Volotea,Desconocido,Malaga,Oviedo,Domestic,septiembre de 2025,1,"Muy mal. Muy caros los billetes para los servicios que prestan. Durante todo el vuelo los tripulantes no se callaron ni un segundo y estuvieron hablando en un tono muy alto, lo cual perturbaba el descanso de todos los que estábamos en las primeras filas y era un vuelo a las 11 de la noche. Además, me rompieron una maleta facturada y cómo no lo revisé en el aeropuerto (llevaba 13horas de viaje y llegamos en torno a la 1 de la madrugada), ni me la arreglan ni me indemnizan, a pesar de haber avisado a la mañana siguiente. Desaconsejo totalmente volotea, viajen con otra compañía."
VOE_0376,Volotea,Desconocido,Florence,Bilbao,Europe,octubre de 2025,1,"Nuestra experiencia con Volotea ha sido un auténtico abuso y una estafa en toda regla. ​Volamos en la ruta Florencia-Bilbao el pasado 7 de octubre . Al llegar al mostrador, nos obligaron a pagar 130 € por dos maletas de 10 kg. Lo increíble es que nuestra propia confirmación de reserva, decía textualmente: ""Equipaje de mano: Incluido para todos los pasajeros y todos los trayectos"". ​Lo más sangrante es que en el vuelo de ida, con las MISMAS maletas, no tuvimos ningún problema. Volotea nos permitió embarcar sin coste, aplicando correctamente las condiciones del billete. Pero a la vuelta, decidieron arbitrariamente cambiar las reglas para sacarnos el dinero. Su excusa al reclamar fue que no habernos cobrado en la ida fue un ""error del sistema"". Una justificación vergonzosa que demuestra su total falta de seriedad. ​En resumen: NO TE FÍES DE LO QUE PONE EN TU RESERVA. Volotea no respeta sus propios contratos y su servicio de atención al cliente es una burla que se esconde detrás de excusas ilógicas. Es una aerolínea abusiva y poco fiable."
VOE_0377,Volotea,Desconocido,Malaga,Bilbao,Domestic,octubre de 2025,5,Volé con mi nieto de 5 años y el personal fue extremadamente amable y cariñoso con el. Era la primera vez que viajaba sola con él y me lo pusieron muy fácil. Gracias.
VOE_0378,Volotea,Desconocido,Alicante,Oviedo,Domestic,septiembre de 2025,5,"Muy buena repetiré,lo mejor es que no te molestan con las mochilas de viaje,las chi@s azafatas muy simpátic@s y resolutivos"
VOE_0379,Volotea,Desconocido,Oviedo,Lanzarote,Domestic,octubre de 2025,5,"Mi experiencia con Volotea ha sido excelente. El vuelo salió puntual y tanto el embarque como la llegada fueron muy organizados. El personal de cabina fue muy amable y atento durante todo el trayecto, haciendo que el viaje resultara cómodo y agradable. Los asientos eran confortables y el ambiente a bordo muy tranquilo. Sin duda, repetiré con Volotea y la recomiendo por su buena atención al cliente y su servicio de calidad."
VOE_0380,Volotea,Desconocido,Oviedo,Granada,Domestic,octubre de 2025,1,"Tuve que pagar 65 euros por una maleta de mano, cuando iba a embarcar en el avión- Previamente ya había pagado esa misma maleta por unos 20 euros. Desconociendo que había que facturarla, porque no podía llevarla en cabina, me indican que los primeros 20 euros iniciales también los pierdo. Creo que es un abuso que sigue incumpliendo la Directiva Europea, a pesar de las sanciones impuestas por este hecho. Me siento estafado viendo la impunidad con la que actúan usando estas tácticas engañosas y obligando al pasajero a contratar el embarque prioritario, con suplemento de precio. Reclamamos al servicio de atención al cliente, que revisaran lo que había sido un claro error y un cobro abusivo, primero casi 20 euros y luego los 65, por el mismo concepto, aparte de la ilegalidad del cobro por el equipaje de mano, pero el interés en revisar el asunto ha sido nulo. Como hablar con un robot. La información de la web es una auténtica trampa y el interés del personal de embarque solamente es el de pillar a los incautos como nosotros, cobrar más dinero y no dar ninguna explicación. Nunca más Volotea. Y a denunciar a AESA y a Consumo. P.D. Ya se lo que van a responder a este comentario: Volotea, Director de Relaciones con Clientes en Volotea, respondió a esta opinión: Hola Rafael, sentimos que tu experiencia con Volotea no haya sido del todo positiva y las molestias que te hayamos podido causar. Te informamos que puedes enviarnos tu reclamación a través del formulario que encontrarás en nuestra web. Dependiendo del tipo de reclamación, te informaremos cómo proceder y te indicaremos la documentación necesaria. ¡Un saludo!"
VOE_0381,Volotea,Desconocido,Lyon,Heraklion,Europe,septiembre de 2025,5,"Muy bien, como siempre. Son muy atentos, la tripulacion muy serviciales. La experiencia de vuelo ha sido muy gratificante."
VOE_0382,Volotea,Desconocido,Donostia,San Sebastian - Seville,Domestic,octubre de 2025,5,"Todo perfecto, puntualidad, trayecto y precio. El avión salió y llegó con puntualidad tanto a la ida como a la vuelta y sin problemas con equipajes y demás."
VOE_0383,Volotea,Desconocido,Menorca,Bilbao,Domestic,septiembre de 2025,1,"Te cobran 30 euros por el check in en el aeropuerto, cuando no te lo notifican, ni al realizar la compra ni en los siguientes correos."
VOE_0384,Volotea,Desconocido,Bilbao,Murcia,Domestic,septiembre de 2025,5,"Son amables y atentos, van en hora los vuelos. Tuve un problema con los vuelos y me lo resolvieron en 5 minutos, atención al cliente funcionan como ninguna otra compañía. Me gusta Volotea"
VOE_0385,Volotea,Desconocido,Oviedo,Alicante,Domestic,septiembre de 2025,5,"Todo perfecto,salió todo muy bien.La atención de la tripulación fue perfecta.No hay nada malo que decir... Repetiremos sin duda"
VOE_0386,Volotea,Desconocido,Oviedo,Malaga,Domestic,septiembre de 2025,5,"Suelo hacer el trayecto varias veces al año. Destaco su puntualidad, y en este caso su precio pues el trayecto me costó 25 euros."
VOE_0387,Volotea,Desconocido,Barcelona,Murcia,Domestic,septiembre de 2025,5,"Buena experiencia, sin retrasos. Amabilidad y simpatía de los asistentes de vuelo. Todo en orden, únicamente en la asistencia a personas con movilidad reducida les hacen subir a un cochecito para circular por el aeropuerto y es muy difícil subir y bajar, no sé si es problema del aeropuerto o de la compañía."
VOE_0388,Volotea,Desconocido,Murcia,Barcelona,Domestic,septiembre de 2025,5,"Precios bastante buenos, si eres socio maletas y diferentes servicios gratis. Muy buen servicio. Encantada con esta compañía. Ojalá vayan ampliando poco a poco más destinos desde Barcelona."
VOE_0389,Volotea,Desconocido,Oviedo,Menorca,Domestic,septiembre de 2025,5,"Buen vuelo, bastante rápido. Tripulación amable. EL vuelo de vuelta fue mejor porque no había tanto ruido de fondo del avión pero aún así todo muy bien"
VOE_0390,Volotea,Desconocido,Bilbao,Seville,Domestic,octubre de 2025,5,"Cómo siempre volar con Volotea es la mejor opción. Calidad - Precio con el mejor horario. Está vez sin maleta, pero puedes añadir embarque prioritario. Me gustaría que el precio fuera con maleta pequeña incluida siempre."
VOE_0391,Volotea,Desconocido,Bilbao,Venice,Europe,septiembre de 2025,5,"Gran experiencia, precio optimo con todos los servicios, y cumpliendo los tiempos. Preparar un viaje , no solo es cuestión de precios, después de haber contratado un servicio, este tiene que cumplir con lo acordado. En este caso se ha cumplido todo, lo que hace que la experiencia sea perfecta."
VOE_0392,Volotea,Desconocido,Bilbao,Rome,Europe,octubre de 2025,5,"Vuelo agradable, puntual y bien gestionado. El A320 es un excelente avión para este tipo de recorridos. Volotea tuvo el detalle de hacerme premium por ser mi primera vez y, aunque me borré porque no pienso volver a volar con ellos hasta bien entrado el año que viene, probablemente me volveré a dar de alta"
VOE_0393,Volotea,Desconocido,Murcia,Bilbao,Domestic,septiembre de 2025,5,"Puntual, buen servicio y atención. Tanto en terminal como durante el vuelo la atención y disponibilidad es excelente. Los aviones son modernos y bien cuidados."
VOE_0394,Volotea,Desconocido,Barcelona,Strasbourg,Europe,septiembre de 2025,5,"Buena experiencia, personal muy amable, aunque hubo algo de demora no se hizo pesada la espera. El embarque fue rápido. En resumen todo fue muy correcto."
VOE_0395,Volotea,Desconocido,Oviedo,Murcia,Domestic,septiembre de 2025,5,"Salimos en hora puntualmente, tripulación muy profesional y gradable. Avion limpio y nuevo. Tramiten seguridad y amabilidad, tanto piloto"
VOE_0396,Volotea,Desconocido,Bilbao,Valencia,Domestic,septiembre de 2025,5,"Muy puntual, avión limpio y cómodo. Personal muy amable. Precio razonable. Para coger ese vuelo tuve que desplazarme a una ciudad distinta de aquella en la que resido. Aún así, repetiré"
VOE_0397,Volotea,Desconocido,Malaga,Donostia - San Sebastian,Domestic,octubre de 2025,1,"He querido cambiar la fecha de vuelo,y no me lo han permitido , pagando religiosamente todos los años la cuota dé mega plus"
VOE_0398,Volotea,Desconocido,Menorca,Bilbao,Domestic,septiembre de 2025,5,"Personal de tierra y cabina encantador. Vuelo perfecto, horario cumplido, las maletas salieron muy rápido, pudimos volar en cabina con nuestro teckel gracias a que admiten mascotas hasta 10kg ( transportin incluido en ese peso) . Un 10!"
VOE_0399,Volotea,Desconocido,Alicante,Oviedo,Domestic,septiembre de 2025,5,Satisfacción en todos los sentidos. Tanto a la ida como a la vuelta. Sin duda elegiría la misma opción si repito. Gracias.
VOE_0400,Volotea,Desconocido,Bilbao,Malaga,Domestic,septiembre de 2025,1,"El vuelo de ida sin problemas. En el de vuelta, esta gran compañía(Volotea), nos obligó a facturar las maletas por 65 euros cada una. En el vuelo de ida no nos hicieron facturar pero en el de vuelta nos insistían en que no teniamos esa opción en el billete(y cogimos los dos vuelos iguales y a la vez). Total que unos vuelos a Málaga desde Bilbao en Septiembre cogidos desde Abril nos han salido a 200 euros por cabeza. Para colmo, las maletas las metieron en la bodega y las recogimos golpeadas. Después de quejarnos y de reclamar, no quieren devolvernos el dinero,ni atender a los defectos de las maletas.No voléis con ellos. Son unos ladrones."
VOE_0401,Volotea,Desconocido,Barcelona,Brest,Europe,agosto de 2025,5,"No conocía la compañía y ha sido una buena experiencia de vuelo. Son amables, serviciales y todo funcionó correctamente."
VOE_0402,Volotea,Desconocido,Oviedo,Alicante,Domestic,septiembre de 2025,4,"Buenas experiencia, pero horarios de vuelta, bastante tarde y con gran diferencia de precios entre los vuelos a otras horas, que son mas caros."
VOE_0403,Volotea,Desconocido,Madrid,Lyon,Europe,septiembre de 2025,5,"Quisiera destar la puntualidad tanto para el embarque, como para la llegada, pese que despegamos un poo tarde, pero se recuperó el tiempo. Menciono la amabilidad del personal de vuelo."
VOE_0404,Volotea,Desconocido,Bilbao,Rome,Europe,septiembre de 2025,5,Muy buena atención por parte del personal. Buen aspecto del avión y comodo. Buen pilotaje super suave el despegue y aterrizaje. Volveré a volar con ellos. Buena comunicacion de seguimiento de vuelo. Sería perfecto si el equipaje de cabina o facturado fuera más barato.
VOE_0405,Volotea,Desconocido,Malaga,La Coruna,Domestic,septiembre de 2025,5,"Vuelo en tiempo, trato agradable, precio low cost, tratamiento del equipaje correcto. Si continúan con el puente aéreo desde mi ciudad, seguiré confiando en ellos."
VOE_0406,Volotea,Desconocido,Bilbao,Palermo,Europe,septiembre de 2025,5,"todo fue a la perfección, puntualidad en el vuelo, amabilidad, aterrizamos un poco antes incluso de la hora y las maletas salieron immediatamente. La experiencia fue inmejorable. Gracias"
VOE_0407,Volotea,Desconocido,Madrid,Toulouse,Europe,septiembre de 2025,1,"Ya se empiezan a parecer a otras compañías que dan un servicio nefasto al cliente. 2 horas de retraso vuelo Madrid -Tolouse. Vas de ocio y un día perdido. Vuelta: Tolouse-Madrid nos trataron como ganado antes de entrar al avión. Esperando de pie agotados porque avisaron embarque y luego no el pasaje había bajado del vuelo anterior. Llegamos con retraso. Tomamos tierra y estuvimos recorriendo las pistas desde una terminal a otra hasta que pusieron el finger. Resultado: perdimos el AVE y no pudimos llegar a nuestro destino. Cada día peor y peor con el tema del equipaje somos Megavolotea y tenemos que ver cómo hay personas que sin serlo acceden por embarque prioritario y meten maleta, mochilas, bolsas de compras, chaquetas etc. e incomodan al resto y no dejan espacio a los demás. Qué hay que hacer, no ser Megavolotea y sólo pagar embarque prioritario?."
VOE_0408,Volotea,Desconocido,Desconocido,Desconocido,Desconocido,septiembre de 2025,3,"Vuelo cómodo. Aviones nuevos. Personal amable. No le doy mas puntuación porque me rompieron la maleta y para comprar el vuelo hay que comprar un sinfín de cosas (incluso hacerte socio de su club , (pagando)"
VOE_0409,Volotea,Desconocido,Madrid,Palma de Mallorca,Domestic,mayo de 2025,1,"Debido a un vuelo cancelado la app nos asignó un billete para la misma fecha del año siguiente. Al llegar al aeropuerto, no pudimos viajar. Nos quedamos 9h en el aeropuerto con los niños y tuvimos que pagar otro vuelo a la península y coche de alquiler para llegar a casa. La incidencia de la app nos costó 700€. Volotea no nos ayudo en ningún aspecto. El personal en el aeropuerto llegó a ser desagradable. Meses después aún no nos han respondido a las solicitudes de devoluciones y reclamaciones. Acabamos poniendo una queja a través de una empresa de reclamaciones para incidencias en vuelos. No nos sobran 700€. No la recomiendo."
VOE_0410,Volotea,Desconocido,Malaga,Oviedo,Domestic,septiembre de 2025,1,Mi hijo menor de edad viajó con volotea y antes de subir al avión cuando en mostrador revisaron su maleta que tengo foto de que la maleta tenía las medidas estando para entrar al avión tratan mal al niño y le Dicen que si no paga la maleta la dejan ahí o él no sube al avión siendo un menor de edad obligándolo a pagar por una maleta que estaba incluido en su vuelo y claro poniendo nervioso al niño y él por mido de no poder volar y volver a casa paga esa maleta Así que cuidado si eso lo hacen con un menor estando solo no quiero imaginar que más pueden hacer
VOE_0411,Volotea,Desconocido,Barcelona,Murcia,Domestic,septiembre de 2025,5,"El vuelo fue tranquilo y agradable Llegamos antes de la hora , l@s azafatas fueron muy agradable Gracias por un vuelo esplendido"
VOE_0412,Volotea,Desconocido,Malaga,Bilbao,Domestic,septiembre de 2025,1,"Un billete con priority boarding, y dos equipajes de mano (mochila y maleta) hasta 10kgs. Llego al aeropuerto de Málaga y me cobran 65€ por no querer facturarlos y que los llevaran en bodega. ¿Alguien me lo explica?"
VOE_0413,Volotea,Desconocido,Oviedo,Milan,Europe,septiembre de 2025,5,Las veces que hemos volado con Volotea la experiencia ha sido buena. El personal de cabina es muy amable y ante cualquier imprevisto te informan de todo. Los vuelos suelen ser puntuales y cómodos. El horario de los vuelos de martes y sábado es genial para aprovechar los dos días enteros
VOE_0414,Volotea,Desconocido,Olbia,Barcelona,Europe,septiembre de 2025,1,"Overbooking como siempre, peor aerolínea, luego me obligaron a facturar mi maleta de mano… Coge siempre otra aerolínea si tienes opcion"
VOE_0415,Volotea,Desconocido,Bilbao,Seville,Domestic,septiembre de 2025,5,Nuestro vuelo con volotea ha sido muy bueno. Embarque Prioritario y precios más baratos que otras compañías. Además tuvieron el detalle de regalarme un brownie de chocolate durante el trayecto de vuelta. Volveremos a coger vuelos con Volotea.
VOE_0416,Volotea,Desconocido,Bilbao,Florence,Europe,septiembre de 2025,1,"Horrible. No tengo palabras. Tras tres horas de retraso sin explicación alguna,nos cambian el destino a Pisa. Nos embarcan,y tras media hora esperando en pista, volvemos a la terminal por problemas técnicos del avión. Y vamos a volar con el mismo aparato??? FATAL"
VOE_0417,Volotea,Desconocido,Seville,Oviedo,Domestic,septiembre de 2025,1,"No tienen horario de atención de 14h a 17H y mi vuelo salía a las 16h , con lo cual perdí todo, hotel, coche. En el aeropuerto se desentienden con una atención pésima. Había problemas en la facturación y lo único que me dijo la persona del mostrador es que tenia que contactar con atención al cliente. Y atención al cliente no está operativo de 14 a 17"
VOE_0418,Volotea,Desconocido,Bilbao,Naples,Europe,septiembre de 2025,4,A LA HORA DE HACER EL FACTURAR Y EMBARCAR FUERON AMABLES AL DEJARME ADELANTAR LA COLA YA QUE ESTABA CON UN ESGUINCE DE TOBILLO Y NO PODIA ESTAR MUCHO TIEMPO DE PIE
VOE_0419,Volotea,Desconocido,Donostia,San Sebastian - Menorca,Domestic,septiembre de 2025,5,Vuelo puntual y muy cómodo. Tanto el embarque como la llegada fue ordenado y el vuelo muy tranquilo tanto a la ida como a la vuelta Repetiré
VOE_0420,Volotea,Desconocido,Ibiza,Oviedo,Domestic,septiembre de 2025,5,"Un placer volar con Volotea, muy puntuales y amables, todo muy bien y con un detalle por parte de la compañía. Fue un placer volar con ellos"
VOE_0421,Volotea,Desconocido,Bilbao,Malaga,Domestic,septiembre de 2025,4,La experiencia con la compañía ha sido buena. A mejorar el sistema de pago por equipaje y el vuelo de regreso salió con 45’ de retraso y estuvimos en riesgo de perder el ultimo bus que nos traía a casa
VOE_0422,Volotea,Desconocido,Barcelona,Olbia,Europe,septiembre de 2025,5,"El vuelo ha sido puntual, el avión limpio y en perfecto estado. tripulación amable. todo muy bien! Recomendaría y repetiría."
VOE_0423,Volotea,Desconocido,Oviedo,Jerez De La Frontera,Domestic,septiembre de 2025,5,Muy puntuales y bastante buen procedimiento de embarque. Me gustaría que el desembarque se hiciese por grupos de filas para evitar el tumulto que se forma en el pasillo del avión.
VOE_0424,Volotea,Desconocido,Oviedo,Alicante,Domestic,septiembre de 2025,5,"Todo perfecto, puntualidad máxima, embarque en hora, amabilidad del personal, buenos precios si se compra con antelación, …"
VOE_0425,Volotea,Desconocido,Oviedo,Malaga,Domestic,septiembre de 2025,5,Todo según lo previsto. Consejo: Dejar viajar con mochila que entre en el compartimento de arriba con las dimensiones más amplias ya que entran dimensiones superiores
VOE_0426,Volotea,Desconocido,Oviedo,Milan,Europe,septiembre de 2025,5,"Hemos viajado con nuestro bebé de un año. Trato inmejorable por parte del personal, ayudando y facilitando la logística que supone viajar con un niño tan pequeño. Compañía 100*100 recomendable."
VOE_0427,Volotea,Desconocido,Athens,Dubrovnik,Europe,septiembre de 2025,5,"Muy buena experiencia. Era la primera ve que viajaba en esta empresa y me sorprendió gratamente. Puntual, buen espacio para ser una low cost."
VOE_0428,Volotea,Desconocido,Oviedo,Alicante,Domestic,septiembre de 2025,5,"Puntualidad y amabilidad de las azafatas,calidad precio muy buena ,tiene asientos especiales para personas voluminosas,los otros asientos son cómodos,para viajes cortos están bien"
VOE_0429,Volotea,Desconocido,Madrid,Milan,Europe,septiembre de 2025,1,No permiten equipaje de mano. No te lo ponen de forma clara en la reserva y luego te hacen pagar en la puerta del avión para sacarte más dinero.
VOE_0430,Volotea,Desconocido,Murcia,Oviedo,Domestic,septiembre de 2025,5,"Me gustó la oferta, la puntualidad y el servicio. no necesito muchas más palabras para calificar mi experiencia con Volotea. Siempre ha sido muy buena. Espero que sigan ofreciendo su servicio desde el aeropuerto de Murcia por muchos años."
VOE_0431,Volotea,Desconocido,Bilbao,Murcia,Domestic,septiembre de 2025,4,"En general bastante bien tener un vuelo directo Bilbao Murcia . Lo negativo , salir del avión y andar por la pista hasta la terminal"
VOE_0432,Volotea,Desconocido,Seville,Donostia - San Sebastian,Domestic,septiembre de 2025,5,"Vuelo estupendo, sin esperas y llegadas a destinos y vuelta en hora. Asientos más amplios que otros vuelos. Tripulación amables."
VOE_0433,Volotea,Desconocido,Seville,Donostia - San Sebastian,Domestic,septiembre de 2025,5,"Embarque muy rápido, sin largas esperas en el tunel. Despegue puntual y llegada 15m antes de tiempo previsto. Viaje perfecto."
VOE_0434,Volotea,Desconocido,Bilbao,Malaga,Domestic,septiembre de 2025,5,"Muy puntual y sin ningún problema. Accesos desde finger . Todo bien en el embarque, vuelo y desembarque. No facturamos maleta, solo una mochila pequeña a bordo."
VOE_0435,Volotea,Desconocido,Bilbao,Las Palmas de Gran Canaria,Domestic,septiembre de 2025,5,"He repetido ya varias veces con esta compañía, Sevilla, Valencia y ahora Las Palmas de Gran Canaria Excelente relación calidad precio, repetiré seguro"
VOE_0436,Volotea,Desconocido,Malaga,Strasbourg,Europe,septiembre de 2025,5,"He volado varias veces con Volotea y la verdad es que han sido vuelos tranquilos, sin imprevistos como a todo el mundo pienso que le gusta viajar. Muy puntual con los horarios, el personal de la compañía muy amable."
VOE_0437,Volotea,Desconocido,Bilbao,Naples,Europe,septiembre de 2025,4,Vuelo en hora y servicio de vuelo correcto. Los asientos podrían haber sido más cómodos para un viaje tan largo por tres horas.
VOE_0438,Volotea,Desconocido,Malaga,Bilbao,Domestic,septiembre de 2025,4,"La facturación tuvo pocos mostradores, se hizo eterna. Política de equipaje estricta y arbitraria. Vuelo súper puntual"
VOE_0439,Volotea,Desconocido,Valencia,La Coruna,Domestic,septiembre de 2025,2,"Viajamos con una niña de 2 años. Una maleta facturada que se pasó 1kg y nos cobraron más de 36 euros de sobrepeso, ok. Por ser megavolotea, nos facturaron las de mano sin coste, una de ellas no llegó. Tuvimos que esperar al siguiente vuelo de volotea, 3 días, para recogerla en el aeropuerto. Tuvimos que comprar cosas de aseo, pañales, etc... nos dan la opción de un bono de 130 euros para vuelos o 30 euros por día, en total. En el aeropuerto nos dijeron que guardaramos los tickets de todo, para solicitar devolución. Es decir, 90 euros en total que dista de lo gastado, que no era de Armani por supuesto, en ropa interior, aseo y pañales, sin contar el tiempo y disgusto. La aplicación es muy mala y no atienden el teléfono para reclamaciones. Osea, si tienes un problema con Volotea, olvídate, no hay a quien reclamar. He presentado en Consumo una reclación, pero mientras todo esto sucede, mi hija y mi nieta que tenían vuelo a los Estados Unidos dos días después, se fueron sin las cosas que venían en la maleta. Fuimos 4 días a Valencia y terminamos el viaje fastidiadas sin nuestras cosas. No entiendo cómo si la negligencia es de la empresa, el cliente no solo no es correctamente indemnizado, sino que tiene que ir a buscar una maleta de mano al aeropuerto 3 días después cuando estaba en España, no en Singapour. Por mi parte, espero no volver a volar con Volotea y lo contaré muchas veces."
VOE_0440,Volotea,Desconocido,Valencia,Bilbao,Domestic,septiembre de 2025,1,Me han estafado 65€ por la mochila que cabrones no recomendado son unos ladrones nos han robado en la cara tenian el datafono preparado
VOE_0441,Volotea,Desconocido,Bilbao,Valencia,International,septiembre de 2025,5,"Siempre sois fantásticos! Buen trato, buen servicio, facilidades para el embarque, atención personal buenísima! Estoy muy contento de ser MEGAVOLOTEA Plus! Gracias."
VOE_0442,Volotea,Desconocido,Alicante,Oviedo,Domestic,septiembre de 2025,3,"El vuelo ha sido normal, el problema ha sido que mi maleta apareció sin una rueda, lo peor es que me dan 7 días para presentar la reclamación y la factura cosas que no se hace en pocos días hay buscar el modelo y luego buscar donde reparar no es como ir al súper, después ellos dicen que tienen 30 días para contestar cuando una persona de Volotea en el aeropuerto vio el problema y relleno el formulario , mi pregunta es, no vale el informe de la empleada, acaso les gusta marear a la gente para que desistan y no pagar 12,10 miserables €, y termino, les tenía que pedir 200 € por daños y perjuicios"
VOE_0443,Volotea,Desconocido,Zaragoza,Menorca,Domestic,septiembre de 2025,4,"Asientos comodos y buena atención por parte de la tripulación, lo único que el vuelo se retrasó 40 minutos. Y se disculparon por ello"
VOE_0444,Volotea,Desconocido,Bilbao,Palermo,Europe,septiembre de 2025,5,"Una gran sorpresa , los aviones están muy bien , con asientos espaciosos no como otras aerolíneas que pareces que estás en una lata de sardinas"
VOE_0445,Volotea,Desconocido,Malaga,Oviedo,Domestic,septiembre de 2025,3,"Obviando el retraso de unos 45 minutos y la incomodidad de la cada vez más evidente falta de espacio en el asiento, pues no ha ido mal."
VOE_0446,Volotea,Desconocido,Malaga,Oviedo,Domestic,septiembre de 2025,5,"Hacia mucho tiempo que no viajaba en avión porque ""el timo de las maletas"" (al que nos someten las compañías) me hacia pensarlo dos veces. He de reconocer que yo no he tenido problema en esta ocasión y ni tan siquiera me han comprobado las dimensiones y mucho menos el peso. El personal de cabina como suele ser habitual con una sonrisa en la boca La reserva no fue muy mal pero las paginas web aun no están preparadas para ""dinosaurios informáticos como yo"" Cuidado con darte de alta en las suscripciones ""mega o mega plus"""
VOE_0447,Volotea,Desconocido,Valencia,Lyon,Europe,septiembre de 2025,4,"Trato correcto. Retraso de 1h a la ida, por lo demás todo bien. Aviones limpios. Recomendaría a un amigo sin duda, pienso volar pronto de nuevo."
VOE_0448,Volotea,Desconocido,Bilbao,Malaga,Domestic,agosto de 2025,5,"Siempre vuelo con Volotea, es mi aerolínea de confianza. Amabilidad del personal de cabina destacable. Mi experiencia sin incidencias en todos estos años que llevo volando con la compañía"
VOE_0449,Volotea,Desconocido,Murcia,Oviedo,Domestic,agosto de 2025,4,"Todo correcto: no hubo que esperar para embarcar y la experiencia de vuelo fue agradable. En cuanto al precio del billete, tuve suerte y no fue demasiado caro."
VOE_0450,Volotea,Desconocido,Madrid,Nantes,Europe,septiembre de 2025,4,"El viaje de vuelta, impecable en puntualidad, atención y comodidad. El viaje de ida, bien en general, salvo un retraso en el vuelo y un avión más incómodo, con poco ""leg room"""
VOE_0451,Volotea,Desconocido,Bilbao,Porto,Europe,septiembre de 2025,5,"La experiencia fue muy buena. Los vuelos salieron puntuales y el primero de ellos, llegó incluso antes de la hora prevista. El embarque y desembarque fue ordenado y rápido en ambos vuelos."
VOE_0452,Volotea,Desconocido,Murcia,Bilbao,Domestic,septiembre de 2025,1,"Una semana después, SIN PREVIO AVISO DE COBRO, me han cobrado suscripción a ""Megavolotea"" de 149,90 €. Los dos billetes ida y vuelta fueron 244 €, esto es a parte... Intentaré reclamar..."
VOE_0453,Volotea,Desconocido,Oviedo,Palma de Mallorca,Domestic,septiembre de 2025,5,"El viaje bien , pero hizo un cambio de vuelos y no me especificaron para nada el precio . El vuelo sin retraso y la tripulación muy amable"
VOE_0454,Volotea,Desconocido,Alicante,Oviedo,Domestic,agosto de 2025,5,"La verdad es que volar con Volotea es garantía de éxito. Tenemos la suerte de que está implantado en el aeropuerto de Asturias y eso es una comodidad. El vuelo perfecto. Tanto en tierra con la facturación y el proceso de embarque, como en el avión con personal de cabina superamable y dispuesto a ayudarte en todo. Sin problema con los horarios."
VOE_0455,Volotea,Desconocido,Seville,Santander,Domestic,septiembre de 2025,4,"Todo bien, vuelo cómodo y rápido, sin incidencias. Es una compañera de bajo coste, pero de las mejores. Me gustaría que hicieran más vuelos desde Jerez."
VOE_0456,Volotea,Desconocido,Barcelona,Strasbourg,Europe,septiembre de 2025,5,"La primera vez que volaba con Volotea y repetiré. Muy buena experiència, tripulacion muy amable y atentos. Totalmente recomendable"
VOE_0457,Volotea,Desconocido,Heraklion,Marseille,Europe,septiembre de 2025,1,"Tuvimos una experiencia pésima con Volotea en el vuelo de Heraklion (Creta) a Marsella. Habíamos pagado previamente dos maletas extra de 10 kg cada una y, aun así, en el mostrador nos obligaron a pagarlas de nuevo y además a una tarifa más alta. También nos cobraron una mochila que, según ellos, excedía las medidas, cuando hemos viajado con la misma en Vueling, Ryanair y otras compañías sin ningún problema. Para colmo, vimos cómo dejaban pasar a muchas personas con mochilas del mismo tamaño. Pedimos tan solo cinco minutos para mover algo de ropa a las maletas y evitar el cargo, pero nos respondieron que si lo hacíamos nos cerrarían el vuelo. Al final, nos vimos obligados a pagar 200 € extra para poder volar con nuestras cosas. El avión, además, era viejo y estaba visiblemente desgastado por dentro. Conclusión: no recomendaría a nadie volar con Volotea. Ha sido nuestra primera y última vez con esta compañía."
VOE_0458,Volotea,Desconocido,Tenerife,Bilbao,Domestic,septiembre de 2025,5,"Todo muy bien el checkin en el aeropuerto las chicas muy amables y eficientes, avion puntial, crew profesional. Soy megavolotea y viajo a menudo con ellos"
VOE_0459,Volotea,Desconocido,Castellón de la Plana,Oviedo,Domestic,agosto de 2025,5,"Muy buen servicio calidad-precio. El viaje estupendo, tanto el de ida como el de vuelta. Felicitar a toda la tripulación. Tanto el despegue como el aterrizaje muy suaves (cosa que es de agradecer, ya que en muchos vuelos se olvidan que llevan pasajeros detrás). Un 10 para el comandante de la nave. También para el resto de la tripulación (una atención de 10). Y algo muy importante es la gran puntualidad tanto en la salida como en la llegada. He viajado con otras compañías y desde luego en VOLOTEA me he sentido muy bien atendido. Para mi una de las mejores compañías en el panorama actual."
VOE_0460,Volotea,Desconocido,Murcia,Bilbao,Domestic,agosto de 2025,5,"Muy puntual y rápido abordaje, desembarco y equipaje en banda a tiempo .... ....... ............ ...... esto de que a fuerzas sean 100 caracteres, se pasaron, nefastos"
VOE_0461,Volotea,Desconocido,Seville,Oviedo,Domestic,agosto de 2025,4,"El vuelo fue perfecto, en hora y un aterrizaje de 10. Lo único malo la atención en el aeropuerto de Sevilla, mas de 1 h.30m para facturar una maleta, cada bascula pesaba algo diferente. Por un kilo de mas querían que pagaremos 12,50 €. Pesabas la maleta en la cinta de al lado y pesaba menos, un desastre. Lento, muy lento."
VOE_0462,Volotea,Desconocido,Alicante,Bilbao,Domestic,septiembre de 2025,5,"Todo bien, el avión llegó un cuarto de hora antes (aunque no creo que fue por el piloto que metió el turbo sino porque tendríamos el viento a nuestro favor). El personal muy amable. Y la maleta no llegó rota, que es de agradecer porque despúes de lo que se ve por ahí."
VOE_0463,Volotea,Desconocido,Palma de Mallorca,Donostia - San Sebastian,Domestic,septiembre de 2025,5,"Viajamos en miércoles 3 y regresamos el sábado 6. Los vuelos, tanto de ida como de vuelta, fueron muy agradables, despegaron en tiempo, fuimos informados durante todo el viaje y el trato del personal muy profesional y amable."
VOE_0464,Volotea,Desconocido,Donostia,San Sebastian - Menorca,Domestic,agosto de 2025,5,Excelente por puntualidad y comodidad de los asientos. Permite comunicar ciudades peuqeñas La atencion a bordo es buena
VOE_0465,Volotea,Desconocido,Naples,Bilbao,Europe,septiembre de 2025,5,Muy puntuales y correcto. Agradecería si durante el vuelo nos explicaran por donde vamos geográficamente. La fila de Priority debería estar más marcada y tener algún privilegio extra
VOE_0466,Volotea,Desconocido,Palma de Mallorca,Salamanca,Domestic,agosto de 2025,4,Todo bien. Ma tripulación suele ser bastante simpática. El ultimo vuelo salamanca - palma fue con bastante retraso y luego al llegar a destino no podíamos bajar del avión por un fallo eléctrico en el aeropuerto. La titulación se portó muy bien y nos ofrecieron agua.
VOE_0467,Volotea,Desconocido,Rome,Olbia,Domestic,junio de 2025,4,Buen servicio de Volotea pero casi todos nuestros vuelos se atrasaron. Es genial que se pueda pagar una membresía para viajes.
VOE_0468,Volotea,Desconocido,Fuerteventura,Oviedo,Domestic,agosto de 2025,5,"Puntualidad y atención perfecta, todo muy bien organizado, el vuelo llegó casi media hora antes tanto a la ida como a la vuelta."
VOE_0469,Volotea,Desconocido,Bilbao,Murcia,Domestic,agosto de 2025,5,"Genial en todos los sentidos, gracias!!!Muy bien el servicio, el equipo, el avión!!!!! Impecable todo, muchas gracias!!!!!!"
VOE_0470,Volotea,Desconocido,Bilbao,Olbia,Europe,agosto de 2025,5,"Salió con retraso a la ida. Sin embargo la vuelta muy bien, llegamos antes de lo previsto, 20 minutos. Vuelo tranquilo....."
VOE_0471,Volotea,Desconocido,Oviedo,Alicante,Domestic,agosto de 2025,5,"Bien organizado tanto en el embarque como a la llegada y tranquilidad en el vuelo, asientos no muy grandes pero bien. Servicio a bordo correcto"
VOE_0472,Volotea,Desconocido,Menorca,Bilbao,Domestic,septiembre de 2025,5,Una maravilla como han atendido a mis padres poniéndoles una persona de apoyo y dejándoles facturar incluso los bolsos de mano ya que tenían dificultades para llevar peso encima por dificultad de la marcha. Muchas gracias Volotea! Buenísima gestión!
VOE_0473,Volotea,Desconocido,Salamanca,Palma de Mallorca,Domestic,agosto de 2025,5,"La experiencia excelente con Volotea, buena relación calidad-precio. La plantilla es amable y atenta. En rutas de Salamanca/PMI a veces apenas hablan español.,pero intentan entenderse con los pasajeros. Cabina limpia y cómoda. Suelen ser puntuales casi siempre. Podrían mantener la ruta Salamanca/ Palma durante más meses."
VOE_0474,Volotea,Desconocido,Las Palmas de Gran Canaria,Oviedo,Domestic,agosto de 2025,4,Buen servicio y puntualidad. Aviones cómodos por su amplitud en los asientos al ser airbus de algunos años. Facilidad de la web para tramitar compra y tarjetas de embarque.
VOE_0475,Volotea,Desconocido,Brest,Malaga,Europe,agosto de 2025,3,"En general no esta mal, pero esos ruidos antes de volar que parece que se va romper el avion dan miedo, espero que el avion tenga un buen mantenimiento, tanto en la ida como en la vuelta fuertes ruidos y diferentes en cada avion."
VOE_0476,Volotea,Desconocido,Oviedo,Murcia,Domestic,agosto de 2025,4,"Vuelo doméstico muy cómodo a pesar del horario, es muy pronto por la mañana. Luego aprovechas todo el día pero despertarse a las 5 de la mañana …"
VOE_0477,Volotea,Desconocido,Seville,Donostia - San Sebastian,Domestic,agosto de 2025,5,Fácil y rápido sin problemas la tripulación excelente la experiencia fue realmente agradable y la gestión fácil y comprensible
VOE_0478,Volotea,Desconocido,Oviedo,Castellón de la Plana,Domestic,agosto de 2025,5,"Super puntual, de hecho a la vuelta llegó unos minutos antes de la hora prevista. El equipaje llegó perfecto tanto a la ida como a la vuelta."
VOE_0479,Volotea,Desconocido,Oviedo,Seville,Domestic,agosto de 2025,5,"Muy amables con los pasajeros, incluso recordando los nombres nuestros, con una sonrisa siempre, puntuales tanto a la ida cómo a la vuelta."
VOE_0480,Volotea,Desconocido,Madrid,Olbia,Europe,agosto de 2025,5,"Todo fue como se espera, el embarque, puntualidad y tratamiento de la tripulación de cabina. El eslpacio entre asientos era aceptable"
VOE_0481,Volotea,Desconocido,Bilbao,Florence,Europe,agosto de 2025,4,"El vuelo de ida bastante bien, salió y llego a tiempo. El personal del aeropuerto un poco borde, pero las y los de cabina muy amables y atentos. El regreso salió demorado 20 minutos por temas de trafico en otro aeropuerto, pero de resto muy bien."
VOE_0482,Volotea,Desconocido,Madrid,Paris,Europe,agosto de 2025,5,"Personal de vuelo espectacular,aviones cómodos y puntualidad. Si te haces miembro de Volotea puedes llevar una maleta en cabina y una mochila"
VOE_0483,Volotea,Desconocido,Bilbao,Menorca,Domestic,septiembre de 2025,1,Sois unos rateros que no valeis para otra cosa que para llevar pendientes Coger un metro para medir las mochilas asique darles clases de uso
VOE_0484,Volotea,Desconocido,Malaga,Oviedo,Domestic,agosto de 2025,5,"Vuelo muy bien, la app no sirve para dar información, hay que escribir siempre la reserva y no te avisa de posibles retrasos ni puerta de embarque"
VOE_0485,Volotea,Desconocido,Lanzarote,Oviedo,Domestic,agosto de 2025,4,"Muy buena experiencia : Puntualidad, comodidad, amabilidad en embarque, facturación y atención telefónica. El vuelo muy tranquilo, rápido y sin incidencias. A mejorar según mi criterio: el horario (demasiado pronto y sin bus) y la frecuencia (un único vuelo semanal)"
VOE_0486,Volotea,Desconocido,Bordeaux,Alicante,Europe,agosto de 2025,1,Vuelo con mi hijo y marido y sólo a él no lo dejan reservar asiento en el checkin. Cuando vamos al aeropuerto nos confirman que hay overbooking de 3 personas. Frustrante y terrible experiencia. Peor aerolínea con la que he volado.
VOE_0487,Volotea,Desconocido,Bilbao,Malaga,Domestic,agosto de 2025,1,Que por cambiar el nombre en el billete por poner un diminutivo y no el nombre que aparece en el DNI te cobren 248€ me parece un robo. Nombre que se cambió en un minuto en el ordenador. Compañía de ladrones nada recomendable.
VOE_0488,Volotea,Desconocido,Valencia,Oviedo,Domestic,agosto de 2025,5,"Todo perfecto, volveré a volar con volotea ha sido todo genial, puntualidad, facturación, un diez, facilidades de embarque ."
VOE_0489,Volotea,Desconocido,Barcelona,Oviedo,Domestic,agosto de 2025,1,"Esta aerolínea tiene un trato ABUSIVO E INDIGNANTE con sus pasajeros. Para empezar, al comprar el billete me colaron, sin dejarlo claramente expreso, una suscripción de Megavolotea de 140€ a la que yo no accedí de forma consciente. Es más, no me la cobraron directamente con el importe del billete de avión, sino pasado un mes del primer cobro. Incluso pensé que alguien me había robado los datos, tuve que cancelar la tarjeta y pedir una nueva... Después, atando cabos buscando estafas de Volotea en Google vi que a mucha gente la compañía le había cobrado esa misma suscripción de una manera muy poco transparente y completamente inmoral. Pasado este primer mal trago y habiendo conseguido que me devolvieran el dinero (porque pude darme cuenta a tiempo y cancelar la suscripción por teléfono antes de que pasara el plazo de cancelación), cuando fui a viajar me dijeron en la puerta de embarque que tenía que pagar 65€ por llevar una mochila que cabía perfectamente debajo del asiento y una pequeña bolsa de tela donde solamente llevaba: una botella de agua, una sudadera, un libro y mi cartera. Ni siquiera me dieron tiempo de sacar cosas de la mochila para ponérmelas, me metieron mucha prisa diciendo que tenían que cerrar la puerta de embarque y me hicieron pagar y entrar con las cosas en la mano y sin recolocar. Todo eso para luego tener que esperar diez metros más alante, antes de entrar en el avión... A la vuelta, para evitar que me volvieran a clavar otros 65€ por, repito, una mochila y una bolsa de tela que cabían sin ningún problema debajo del asiento, pagué por la web los 23€ que pedían para poder llevar maleta y mochila (sin ni siquiera llevar una maleta de ruedas). Cuando entré a ese segundo avión, coloqué mi mochila en el compartimento superior, al rato preguntaron de quién era la mochila, respondí que era mía y me dijeron que la tenía que meter debajo del asiento. Después de haber pagado casi 90€, resulta que LA MISMA MOCHILA QUE SEGÚN SUS MEDIDORES NO CABÍA DEBAJO DEL ASIENTO, AHORA NO PODÍA IR EN EL COMPARTIMENTO SUPERIOR. Para lo que les interesa es una maleta, y para lo que no, una mochila. Me dijeron que no llevaba etiqueta y que por eso no podía ir arriba, cuando en ningún momento en el embarque se acercó nadie a colocarme ninguna etiqueta. No viajéis con Volotea, se aprovechan de los despistes y la desesperación de la gente, intentan encontrar cualquier resquicio que les permita ejercer prácticas abusivas y engañosas con sus pasajeros y para colmo se jactan de ser una de las mejores aerolíneas de Europa. Si ser la mejor compañía low cost significa cobrarte hasta por respirar, sin duda son los mejores. Viajo en avión todos los meses con el mismo equipaje y con ninguna otra aerolínea he vivido este pésimo trato, ni siquiera con Ryanair, que ya es decir... SINVERGÜENZAS."
VOE_0490,Volotea,Desconocido,Bilbao,Alicante,Domestic,agosto de 2025,5,Embarque ordenado y amable Vuelo puntual en salida llegando antes a destino Salida del avion ordenado sin pasajeros haciendo en cafre intentando colarse Repetire’
VOE_0491,Volotea,Desconocido,Las Palmas de Gran Canaria,Oviedo,Domestic,agosto de 2025,1,"Estafa tras estafa: jamás volveré a volar con Volotea Viajo con mucha frecuencia y puedo decir que esta ha sido, de lejos, la peor experiencia de mi vida viajando. Días antes intentamos hacer el check-in desde el móvil, como siempre, pero la página no funcionaba. La propia web nos indicó que debíamos hacerlo en el mostrador. ¿La sorpresa? 60 € de recargo por sacar las tarjetas de embarque en el mostrador. Incluso mostramos un pantallazo del error que daba la aplicación, pero la respuesta del personal –incluida la supervisora– fue: “Paguen ahora y reclamen después.” Un abuso en toda regla. El calvario no terminó ahí. En el embarque nos informan de que la “maleta incluida” en cabina no es una maleta pequeña, sino únicamente una mochila. Resultado: otros 130 € de recargo. Y lo peor: después de pagar todos esos cargos, nos negaron subir nuestras maletas a cabina alegando que no habíamos comprado un billete con ese derecho, obligándonos a enviarlas a bodega, a pesar de que entramos los últimos por todos los incidentes y había espacio de sobra en los compartimentos superiores. La mala educación de los tripulantes fue asombrosa. Se atrevieron a gritarnos delante de otros pasajeros y a advertirnos en alto que lo que debíamos hacer era “leer las condiciones de los billetes”. Una humillación totalmente innecesaria. Por si fuera poco, durante el vuelo bloquearon uno de los dos baños (el delantero) para uso exclusivo de la tripulación, obligando a todo el pasaje a hacer cola en la parte trasera. En definitiva: una aerolínea del tercer mundo, basada en engaños, cargos ocultos y en exprimir al pasajero en cada paso del viaje. Se suele hablar mal de Ryanair, pero he volado muchas veces con ellos y nunca tuve un problema. Lo de Volotea ha sido una estafa con todas las letras. Jamás volveré a volar con Volotea y recomiendo a cualquiera evitar esta aerolínea si no quiere pasar por lo mismo."
VOE_0492,Volotea,Desconocido,Donostia,San Sebastian - Menorca,Domestic,agosto de 2025,5,"Viaje tal como se promete, a la hora prevista y los imprevistos (mal tiempo, algo inevitable) bien gestionado. Recomendable."
VOE_0493,Volotea,Desconocido,Alicante,Oviedo,Domestic,agosto de 2025,4,"Creo que pagando por el plus de Megavolotea podría tener opción a embarcar con prioridad, elegir asientos sin coste, acceso a alguna sala VIP…."
VOE_0494,Volotea,Desconocido,Valencia,Oviedo,International,agosto de 2025,1,"Una pura meerda la web de esta compañía. O no se puede conectar, o cuando se puede no reconoce mi código de reserva. Pues hacer la cola al check in yo sin equipaje. Y perder mi vuelo de retorno por tener soló 1h30 de conexión ! Primera y última vez con Volotea. No aconsejo para nada 🤬."
VOE_0495,Volotea,Desconocido,Oviedo,Lisbon,Europe,agosto de 2025,5,"Como siempre, Volotea es acierto seguro. Me gusta la información que dan sobre el tiempo de vuelo, las condiciones aéreas y el saludo del piloto, tranquiliza mi experiencia. Cumplen horarios y los despegues y aterrizajes son buenos. Me hace perder el miedo a volar."
VOE_0496,Volotea,Desconocido,Castellón de la Plana,Oviedo,Domestic,agosto de 2025,5,Puntualidad al salir y al llegar. Amabilidad del personal y precios eur competitivos. Volveré a volar con con Volotea.
VOE_0497,Volotea,Desconocido,Valencia,Oviedo,Domestic,agosto de 2025,4,"Lo mejor la comodidad de que en poco más de 1 hora viajas de València a Asturias..La calidad -precio merece la pena..aunque mi queja es que siendo MEGAVOLOTEA PLUS, los vuelos podrían ser un poco más baratos y la renovación de la subscripción anual ha subido muchísimo."
VOE_0498,Volotea,Desconocido,Alicante,Oviedo,Domestic,agosto de 2025,5,"Una gran experiancia haber podido volar y utilizar los servicios de Volotea, tanto en la ida que fue a Asturias como la vuelta que fue a Alicante. Recomendable 100%."
VOE_0499,Volotea,Desconocido,Oviedo,Venice,Europe,agosto de 2025,5,"Rapidez embarque,personal super amable. Temperatura en el vuelo fantástica, Menú de abordo estaba fantástico. Muy buena comunicación"
VOE_0500,Volotea,Desconocido,Valencia,Oviedo,Domestic,agosto de 2025,1,"En Nuestro caso éramos 3 pasajeros 2 con dni y 1 con con pasaporte extranjero. Cuando fuimos hacer el check-in online solo me dejó hacer a 2 pasajeros y el de pasaporte extranjero me dice que el check-in lo tengo que hacer en el aeropuerto. Al llegar al aeropuerto cobraron. 30 euros por no a ver hecho el check-in online . Le explico que fue que vía online no me dejó, entonces su respuesta fue que le reclamara a la compañía. Cuando le reclamo a la compañía me dice que yo hice la reserva por una app que me reclame a ellos , es cierto que hice la reserva por ahí pero el check-in lo hice por la web de volotea Sin palabras 😡"
VOE_0501,Volotea,Desconocido,Malaga,Bilbao,Domestic,agosto de 2025,4,Estuve con la familia...realizo este trayecto cada 10 días .......viajo siempre con Volotea es puntual aunque ahora está aumentando mucho los precios de los vuelos eso no me gusta.
VOE_0502,Volotea,Desconocido,Santa Cruz de la Palma,Bilbao,Domestic,agosto de 2025,4,"El servicio ofrecido fue en general excelente y satisfactorio. Sin embargo, existió un inconveniente con la asignación de asientos durante el vuelo. A pesar de tener embarque prioritario, me ubicaron en la fila número once."
VOE_0503,Volotea,Desconocido,Oviedo,Barcelona,Domestic,agosto de 2025,2,"30€ por no hacer check in online!!!!! Abusivo, además no está bien comunicado( si es que lo está...) Suelen tener precios baratos, pero con costes ocultos que ni te informan."
VOE_0504,Volotea,Desconocido,Toulouse,Split,Europe,agosto de 2025,5,"Me encanta viajar en Volotea, me parece una empresa muy seria, que mira por el cliente. Los precios son bastante competitivos y el servicio Megavolotea, me parece fabuloso que pueda beneficiar hasta 4 personas. A día de hoy, poder llevar maleta de cabina casi es un lujo y más para 4 personas, lo que hace que este servicio sea muy interesante y a buen precio Como he tenido muy buenas experiencias con Volotea, es la compañía que siempre he recomendado a mis allegados Ojalá que continúen por esta dirección, gracias"
VOE_0505,Volotea,Desconocido,La Coruna,Valencia,International,agosto de 2025,1,"Viajamos a vacaciones con mi nieto, los dos venimos con servio especial por lo que nuestro equipaje de cabina fue enviado a bodega y hasta el momento llevamos 4 días sin saber nada de nuestro equipaje, con mucho estrés y angustia xq mi nieto requiere de sus medicamentos que venían allí y la aerolínea VOLOTEA, contesta con cero empatía y cero humanidad que ellos tienen 7 días para responder por el equipaje, es eso lo que una persona espera al llegar a su destino? Encontrarse que no tiene ni ropa, ni calzado, ni medicamentos, útiles de aseo, los regalos que lleva a sus seres queridos? En fin, UNA VERGÜENZA esta aerolínea y el manejo que le dan al equipaje y a las personas afectadas por sus malos procesos e irresponsabilidades"
VOE_0506,Volotea,Desconocido,Bilbao,Venice,Europe,agosto de 2025,5,"Una vez más, satisfecha con la puntualidad, el servicio, la atención. Volveré sin duda a volar con Volotea. Merece la pena hacerse de Megavolotea si quieres incluir una maleta de 10 kgs."
VOE_0507,Volotea,Desconocido,Zaragoza,Menorca,Domestic,agosto de 2025,5,"Esta aerolínea de bajo coste, además de sus precios competitivos, es una garantía de seguridad en comparación con otras aerolíneas de la misma categoría en el sector: puntualidad, amabilidad, flexibilidad, buen servicio, tanto en tierra como a bordo, etc. Siempre que he viajado con Volotea, la experiencia ha sido fabulosa, por lo que seguiré haciendo uso de sus servicios cuando viaje a destinos con los que opere esta compañía."
VOE_0508,Volotea,Desconocido,Oviedo,Ibiza,Domestic,agosto de 2025,5,"Puntualidad salió de Asturias a su hora y llegó a la hora fijada, lo mismo en el viaje de vuelta de Ibiza a Asturias Trato exquisito"
VOE_0509,Volotea,Desconocido,Castellón de la Plana,Bilbao,Domestic,agosto de 2025,5,"Todo muy bien, la verdad, no hay quejas, buena atención, vuelo puntual, muy cómodo, era la primera vez que volvamos con Volotea y desde el aeropuerto de Castellón y quedamos muy contentos.."
VOE_0510,Volotea,Desconocido,Murcia,Bilbao,Domestic,agosto de 2025,5,"Estimado equipo de Servicio al cliente, Volotea.: Quiero expresar mi más sincero agradecimiento por la pronta y eficaz solución que brindaron a mi problema. Su atención al cliente y profesionalismo fueron excepcionales, y estoy muy impresionado con la rapidez con la que gestionaron mi solicitud. Es un placer tratar con una empresa que valora a sus clientes y se esfuerza por ofrecer un servicio de calidad. ¡Felicitaciones por su eficacia! Atentamente, porcincompras@"
VOE_0511,Volotea,Desconocido,Valencia,Oviedo,Domestic,agosto de 2025,3,"Me gusta mucho a nivel de asistencia de tripulación, tarifas y frecuencia de vuelos. Pero funciona muy muy mal la web, la app, y fallan muy a menudo con el sistema de los pagos y la suscripción de Megavolotea. Me cobraron un vuelo por un pago erróneo por fallo de la web, me dijeron que me lo devolverían en 10 días desde el 4 de agosto y aún sigo esperando a día 22."
VOE_0512,Volotea,Desconocido,Olbia,Madrid,Europe,agosto de 2025,5,"Precios competitivos, muy buena experiencia de vuelo. Puntualidad, buen servicio, excelente aterrizaje. Repetiré."
VOE_0513,Volotea,Desconocido,Murcia,Oviedo,Domestic,agosto de 2025,5,"Volotea pone a hora y media de vuelo desde Murcia, Asturias y el norte de España a nuestro alcance, y. por un precio apto para los bolsillos de los españolitos medios."
VOE_0514,Volotea,Desconocido,Athens,Santorini,Domestic,agosto de 2025,1,"Tengo cuenta en Volotea. Tenía metidos los datos de otros pasajeros de un viaje previo. Al contratar el nuevo vuelo y seleccionar los pasajeros me equivoqué y seleccioné a una persona equivocada, con el mismo nombre (Pilar). Nos dimos cuenta del error el día anterior al vuelo. Llamamos a ""atención al cliente"" y lo solucionaron (un 10 para la persona que me atendió). Pero solucionar el error me costó mas más del doble que el propio billete. En concreto, el billete me había costado 107 euros y cambiar los APELLIDOS de una de las pasajeras me costó otros 240 euros."
VOE_0515,Volotea,Desconocido,Bilbao,Alicante,Domestic,agosto de 2025,5,Calidad-precio Amabilidad personal Puntualidad Sin duda repetiría con Volotea por todo lo anteriormente mencionado
VOE_0516,Volotea,Desconocido,Seville,Donostia - San Sebastian,Domestic,agosto de 2025,1,"Vuelo Sevilla a san Sebastián, nos desvían a Bilbao sin darnos prácticamente ninguna razón, al llegar a Bilbao, ni nos dejan ir al baño, y la salida del avión se hace a toda prisa, imagino que para no superar las tres horas, la velocidad del autobús me pareció excesiva. De nuevo entiendo que para cumplir un retraso de menos de tres horas. Era mi primer vuelo y último con esta compañía, eso sí está mañana he recibido un bono para un descuento de 20 euros para un próximo vuelo, que no utilizaré claro."
VOE_0517,Volotea,Desconocido,Malaga,Nantes,Europe,agosto de 2025,1,"personas con nuestro hijo. Mega Volotea todos claro. A priori tenemos todos equipaje de 10 kg. Como viajamos con nuestro hijo y llevamos muchas cosas decidimos añadir maleta de 20kg. Finalmente llevamos esta ultima maleta + una de 10 kg. Al pesarse ambas exceden un poco los kg. Normalmente las compañías serias lo compensan con las otras dos que no hemos llevado y teníamos incluidas, en esta hacen la del trilero y dicen esa es su política y que has de pagar. En fin... Sin sentido..."
VOE_0518,Volotea,Desconocido,Murcia,Barcelona,Domestic,agosto de 2025,5,"FANTÁSTICO VIAJAR CON VOLOTEA, rápido, cómodo, económico, confiable. Lástima que quitasen el trayecto Barcelona y Murcia destino Madrid. Ninguna otra compañía de vuelo me convence, así que al BLA BLA CAR cuando viajo a Madrid."
VOE_0519,Volotea,Desconocido,Barcelona,Olbia,Europe,agosto de 2025,5,"Puntualidad tanto a la ida como en la vuelta, aviones nuevos y azafatas y servicio muy amables Además con megavolotea plus incluye maleta 10kg y embarque prioritario entre otras ventajas."
VOE_0520,Volotea,Desconocido,Valencia,Oviedo,International,agosto de 2025,3,"Timo con el precio del equipaje,primero es un precio y cuando haces el check -in,te clavan 90€!!!! Muy amablemente te dicen: o lo tomas o lo dejas"
VOE_0521,Volotea,Desconocido,Alicante,Oviedo,Domestic,agosto de 2025,5,"El vuelo muy puntual en la salida, llegamos quince minutos antes de lo previsto. El personal muy agradable y atento. Todo genial."
VOE_0522,Volotea,Desconocido,Bilbao,Tenerife,Domestic,julio de 2025,5,El vuelo fue muy puntual y es un aspecto que me gusta mucho de Volotea. A la vuelta de Tenerife a Bilbao también salimos en hora y llegamos muy bien.
VOE_0523,Volotea,Desconocido,Bilbao,Murcia,Domestic,agosto de 2025,5,El vuelo fue genial y con un precio insuperable. La puntualidad fue buena y el personal del vuelo muy amable. Llegamos a la hora prevista sin esperas.
VOE_0524,Volotea,Desconocido,Malaga,Lille,Europe,agosto de 2025,4,"Primera vez que viajo con esta compañía, muy buena la experiencia. El personal amable y ayudando en todo lo necesario, está actitud se agradece."
VOE_0525,Volotea,Desconocido,Oviedo,Ibiza,Domestic,agosto de 2025,1,"Tuve una experiencia muy desagradable con Volotea. Tenía mi billete confirmado, y fui a hacer el check-in online dentro del plazo permitido, pero el sistema no me lo permitió. Al llegar al aeropuerto con más de 2 horas de antelación, me informaron —sin previo aviso y malas formas- de que había overbooking y que no tenía plaza asegurada, a pesar de haber hecho todo correctamente. Hasta el último minuto estuve esperando sin saber si iba a poder volar. La sensación de incertidumbre, estrés y desinformación total fue inaceptable. Nadie me avisó con antelación ni ofrecieron soluciones claras. Muy mala gestión, poca transparencia y nulo respeto al pasajero. No volveré a volar con Volotea si tengo alternativa."
VOE_0526,Volotea,Desconocido,Castellón de la Plana,Bilbao,Domestic,agosto de 2025,5,Bien en general en todos los sentidos Vuelo muy cómodo estando todo muy bien organizado Aconsejable a todos y todas las edades
VOE_0527,Volotea,Desconocido,Oviedo,Menorca,Domestic,agosto de 2025,5,"HE DESCUBIERTO ESTA COMPAÑIA HACE POCO Y HA SIDO UNA SORPRESA MUY GRATA, LA RECOMIENDO AL 100% ES ESPECTACULAR EN TODOS LOS ASPECTOS DE UNA AEROLINEA"
VOE_0528,Volotea,Desconocido,Madrid,Olbia,Europe,agosto de 2025,4,"Puntualidad, facilidad en el check-in y buena atención del personal tanto en los mostradores de facturación como en el embarque."
VOE_0529,Volotea,Desconocido,Murcia,Oviedo,Domestic,agosto de 2025,5,"Fue el primer viaje que realizaba en mi vida y creía que iba a tener muchas dificultades y todo lo contrario, Volotea me lo facilito todo, una experiencia de 10, gracias de corazón."
VOE_0530,Volotea,Desconocido,Donostia,San Sebastian - Menorca,Domestic,julio de 2025,5,"He viajado varias veces, son súper puntuales. El vuelo muy confortable, lo que menos me gustó fueron las de facturación, ponían pegas hasta por medio kilo"
VOE_0531,Volotea,Desconocido,Valencia,Oviedo,Domestic,agosto de 2025,1,"Tuve que posponer 24h. mi vuelo original. Sin reembolso por hacer el cambio. El coste de la penalización era superior a un billete nuevo. Ya regresando a Asturias en el chek-in me informan que mi plaza está sobrevendida y que muy probablemente no podría viajar, teniéndome en vilo hasta que embarcó todo el pasaje. Es legal y las compañías lo hacen para compensar posibles pérdidas económicas pero no saben el daño que hacen a los pasajeros que les sostienen el negocio. Muchas medallas con los premios que les dan y con lo de llegar 5 o 10 minutos antes y cuando lo haces, al final el autobús que te va a llevar a casa no saldrá antes.. así que muy descontento con Volotea, empatía cero no habéis dado la talla, lo siento mucho."
VOE_0532,Volotea,Desconocido,Bilbao,Menorca,Domestic,agosto de 2025,4,"Puntualidad. El desembarque debería ser ordenado por filas, para evitar aglomeraciones en el pasillo. Mas frecuencia en los vuelos. Maleta de cabina debería ser gratis, ya que es lo necesario para viajar"
VOE_0533,Volotea,Desconocido,Barcelona,Oviedo,Domestic,agosto de 2025,1,"Llevé una mochila conmigo ( de estas virales de temu, que tienen medidas para los vuelos) , mochila que desde hace 2 años no he tenido problema nunca al coger un vuelo. Hoy , después de tenerme media hora moviendo cosas, y obviamente cuando he podido demostrar que la mochila cabía en las medidas que ellos me decían que no, me han hecho pagar igualmente porque decían que ""sobresalia"". Me ha parecido muy abusivo y fuera de lugar, me he sentido muy mal y no creo que haya sido justo."
VOE_0534,Volotea,Desconocido,Malaga,Bilbao,Domestic,agosto de 2025,1,"Vuelo de vuelta de vacaciones,pago maleta una semana antes del vuelo,llegó al embarque y a parte de lo que pagué ,me hacen pagar 65€ más pq la maleta no cabe en su hueco por llamarle hueco... Ya a punto de entrar al avión ,viene un señor y sin avisar me quita la maleta de la mano y me dice que se la lleva a bodegas... Super encantador (ironía ...) Me siento en el vuelo y en el asiento delantero un chicle pegado. Se lo comunico a una de las azafatas y pasa de mi y cuando bajo de la nave le recuerdo que el chicle sigue ahí y me contesta con ironía un ""gracias "" No me ven el pelo nunca más ,evitarla porfavor!!! Pd: adjunto foto de la marranada del chicle"
VOE_0535,Volotea,Desconocido,Malaga,Bilbao,Domestic,agosto de 2025,1,"Ladrones, descarados, mal encarados, y alguna barbaridad escribiría por la desfacachatez con la que te cobran en la puerta, luego de haber contratado una maleta. No me parece ni medio normal.. Que después de contratar maleta de 10 kg....tenga que pagar 65€ más en la puerta, la chica más borde imposible... A quien le reclamo el dinero que perdí?????. Les pega tanto la frase de que lo BARATO SALE CARO..."
VOE_0536,Volotea,Desconocido,Donostia,San Sebastian - Malaga,Domestic,agosto de 2025,4,"Uso Volotea con Megavolotea y estoy encantada de poder subir o facturar una maleta de 10kilos, como he hecho esta ultima vez."
VOE_0537,Volotea,Desconocido,Oviedo,Valencia,Domestic,julio de 2025,5,Buen viaje. Facilidad y rapidez en el embarque. Es un viaje corto y aunque hacía viento moderado a la llegada del aeropuerto en Valencia el aterrizaje fue tranquilo
VOE_0538,Volotea,Desconocido,Salamanca,Palma de Mallorca,Domestic,septiembre de 2024,1,"LO BARATO SALE CARO = COMPAÑÍA QUE ENGAÑA EN LA FACTURACIÓN DEL EQUIPAJE Y LOS SERVICIOS, MEGAVOLOTEA ES UNA ESTAFA PRESENTADA DE SUSCRIPCIÓN. MÁS COMPAÑIAS NACIONALES DE CALIDAD QUE OFREZCAN UN TRATO RESPETUOSO AL PASAJERO, Y NO COMO GANADO AL QUE ENGAÑARLE PARA COBRAR COMO SI FUERA UNA BUENA COMPAÑÍA AEREA."
VOE_0539,Volotea,Desconocido,Malaga,Bilbao,Domestic,agosto de 2025,1,"En primer lugar, quise hacer el check in online, pero no me dejaba hacerlo salvo q pagara por elegir asiento a pesar de que te aseguran que en los 4 días previos al vuelo puedes adquirir tu tarjeta de embarque sin coste alguno y se te asignará un asiento aleatorio. Lo intente varios días, todos cercanos a la fecha del vuelo (incluso ese día mismo) y nada. Tengo pruebas de ello ya que hice un vídeo. Dado que no me dejaba hacerlo decidí hacerlo en el stand de facturación de volotea donde me obligaron a pagar 30 euros por hacer el check in en el aeropuerto diciéndome que me los devolverían si presentaba el recibo en el stand de volotea del aeropuerto de destino. En este aeropuerto me dijeron que eso que me habían dicho en el aeropuerto de origen no era así y que ellos no devolvían el dinero. Me dieron entonces un número al que tenía que llamar, al que por sorpresa para nadie, no contestaban y te ponen pegas para todo. Además de eso, en el vuelo de ida contrate el servicio priority y me dijeron que aún así era candidata an overbooking de modo que debía esperar a que todo el mundo embarcara para ver si quedaba sitio para mi. Menos mal que acabe embarcando pero claro el dinero que me costó el priority nadie me lo devolvió. Además de esto, el servicio es pésimo, te timan en la cara y encima se permiten el lujo de ser unos bordes. Todos se desentienden del problema, y solo te ponen trabas para que un día te canses de reclamar y se queden con tu dinero. Sin duda no repetiré nunca más, otras aerolíneas low cost no dan tantos problemas como esta."
VOE_0540,Volotea,Desconocido,Oviedo,Palma de Mallorca,Domestic,julio de 2025,1,"Mi experiencia con esta compañía ha sido nefasta. Tuve un problema para sacar la tarjeta de embarque de mi vuelo según pude comprobar en el aeropuerto, se debe a una práctica habitual y abusiva por parte de VOLOTEA. Al tratar de interponer una reclamación tampoco tienen vías para hacerlo, dejando a los pasajeros totalmente sin ningún tipo de amparo. Como práctica habitual pude ver que intentar sacar dinero en el aeropuerto a los pasajeros por motivos varios y sobre todo por tema de equipajes."
VOE_0541,Volotea,Desconocido,Seville,Oviedo,Domestic,junio de 2025,5,"Como rectificar es de sabios, RECTIFICO: Después de unas cuantas reseñas nefastas he de decir y DIGO: Vuelo V73830 Sevilla-Oviedo día 14/06/25, no salió por causas técnicas. Todo el día en sala embarque aeropuerto, mi marido dependiente, lavándolo y cambiando pañales en baño aeropuerto hasta las 22:30H que dijeron nos llevaban hotel y salíamos día 15/06/25 a las 9H. venían a recogernos hotel a las 7 mañana. Fué bastante traumático para mi pobre marido y para mí. Hice todas las reclamaciones que pude (bastantes), puse a Volotea a caer de un burro. Soy asturiana y ya sabéis de tierra no conquistada. He de decir que paciencia, tengo poca, ya soy mayor y siempre pienso mal de todo el mundo y desconfío. Bueno, pues han pasado ni dos meses y: VOLOTEA ME HA INGRESADO AYER Y HOY 250E POR CADA PASAJE, TOTAL 500E., había dicho que cuando viera el dinero en mi cuenta rectificaría, Y ÉSO ES LO QUE ESTOY HACIENDO. No es por el dinero en sí, sino por esa experiencia tan nefasta para 2 personas mayores y 1 dependiente. GRACIAS, VOLOTEA, HE PODIDO COMPROBAR POR MÍ MISMA QUE HABÉIS CUMPLIDO. DE NUEVO PONDRÉ MI CONFIANZA EN VOLOTEA."
VOE_0542,Volotea,Desconocido,Ancona,Barcelona,Europe,agosto de 2025,1,"Ojo al reservar!!!!! La página te hace comprar un megavolotea plus de forma muy engañosa, es una estafa de 139.99 euros que no te los cargan al momento si no, una semana después de viajar."
VOE_0543,Volotea,Desconocido,Seville,Santander,Domestic,julio de 2025,5,Siempre confío en Volotea por su puntualidad como su atención tanto en aeropuerto como en cabina. Me gustaría q tuviera más destinos desde Sevilla
VOE_0544,Volotea,Desconocido,Oviedo,Castellón de la Plana,Domestic,julio de 2025,5,"Muy buen viaje. Viaje desde Asturias a Castellón por vacaciones , buenos horarios y precios . Tripulación muy agradable"
VOE_0545,Volotea,Desconocido,Seville,Donostia - San Sebastian,Domestic,agosto de 2025,5,Puntualidad Detalle por ser megavolotea plus Gran tranquilidad el poder llevar contigo el equipaje de mano Para mi sorpresa llegamos con media hora de adelanto sobre el horario previsto siendo 1 de Agosto
VOE_0546,Volotea,Desconocido,Oviedo,Venice,Europe,julio de 2025,5,Proceso de embarque correcto. Personal de cabina muy educado y bastante displicente en ayudarte. El avión muy cómodo (iba en salida de emergencia) y sin retrasos. Es una suerte tener esta compañía en Asturias. La mejor que hay.
VOE_0547,Volotea,Desconocido,La Coruna,Malaga,Domestic,julio de 2025,5,"El vuelo fue estupendo, ya que primero ha sido súper puntual y con toda la información necesaria. Viajamos con las maletas en cabina y sin ningún problema."
VOE_0548,Volotea,Desconocido,Castellón de la Plana,Oviedo,Domestic,julio de 2025,5,"Con Volotea,es la primera vez que viajo y a sido todo un acierto, un trato exquisito por parte de la tripulación. 100% recomendable."
VOE_0549,Volotea,Desconocido,Valencia,Oviedo,International,julio de 2025,5,"varias veces he volado con Volotea a Asturias, me encanta la atención de tripulación, buen servicio a bordo y espectaculares vistas."
VOE_0550,Volotea,Desconocido,Malaga,Oviedo,Domestic,agosto de 2025,1,"Sacamos tres vuelos (mi mujer mi hijo y yo) a mi mujer no la pusieron en la misma reserva, y la metieron en overbooking sin dejarla volar, dado que el niño sigue con el pecho era inviable volar yo con el, así que yo tmpoco volé, pero solo puedo reclamar por ella porque encima teoria el niño y yo hemos renunciado al vuelo………surrralista"
VOE_0551,Volotea,Desconocido,Malaga,Oviedo,Domestic,julio de 2025,1,"NINGÚN AVIÓN CON WIFI (incluso teniendolo anunciado). Supuestamente estaba averiado, tanto a la ida colo a la vuelta, pese a ser diferentes aviones. Contaba con poder trabajar durante el trayecto, pero me fastidiaron la organización de mi día."
VOE_0552,Volotea,Desconocido,Oviedo,Palma de Mallorca,Domestic,julio de 2025,5,"La opinión es buena hacía tiempo que no viajaba y en el vuelo fue todo muy correcto, los azafatas y azafato muy agradables."
VOE_0553,Volotea,Desconocido,Bilbao,Ibiza,Domestic,julio de 2025,4,La verdad es q la ida fue Bastante difícil porque había tormenta en la isla y demasiadas turbulencias... Llegamos bien gracias a la pericia de la tripulación creo q fue el vuelo más accidentado q he tenido ha la fecha
VOE_0554,Volotea,Desconocido,Bilbao,Malaga,Domestic,julio de 2025,5,"La tripulación en general son agradables,aunque en varias ocasiones he tenido que explicar lo que es una CEPAP y agradecería que formasen mejor a sus empleados para evitar inconvenientes a la hora del embarque. Gracias."
VOE_0555,Volotea,Desconocido,Donostia,San Sebastian - Menorca,Domestic,julio de 2025,5,"Personal amable, puntualidad tanto al inicio como al regreso del viaje, en los dos vuelos llegamos antes de lo previsto . Muy bien la limpieza."
VOE_0556,Volotea,Desconocido,Oviedo,Palma de Mallorca,Domestic,julio de 2025,5,"Todo puntual, salio en hora , bien indicado todo el proceso, la tripulación amable profesional, atentan ............."
VOE_0557,Volotea,Desconocido,Bilbao,Malaga,Domestic,julio de 2025,3,"Cada día los billetes en esta compañía son más caros, aún siendo megavoloteaplus. Ahora vuelo más con Vueling porque no me compensa pagar de más"
VOE_0558,Volotea,Desconocido,Bilbao,Menorca,Domestic,julio de 2025,5,Cercanía y profesionalidad de la tripulación Cumplimiento de horarios de salida y llegamos antes. Combinación de ida y vuelta sin competencia.
VOE_0559,Volotea,Desconocido,Malaga,Oviedo,Domestic,agosto de 2025,1,Me han echo pagar una maleta cuando la persona que me acompañaba tenia opción de maleta y no la llevaba haciéndose cargo de ella! El impresentable por llamarlo de alguna manera del check in despues de dejarnos pasar fue a buscarnos diciéndome que nos estábamos riendo de él y ahora por sus narices la íbamos a pagar ...quedándonos perplejos! A todo esto faltandonos el respeto a mi y a unos cuantos pasajeros más! No entiendo como pueden tener personas sin ningún tipo de educación trabajando ahí...tampoco se quiso identificar volviendo la acreditación para que no la viéramos...vamos de pelicula ! Una experiencia lamentable.
VOE_0560,Volotea,Desconocido,Seville,Donostia - San Sebastian,Domestic,julio de 2025,3,"La ubicación destinada a PMR no es la adecuada, es tortuosa para acceder a la misma por una persona tetrapléjica como es mi caso"
VOE_0561,Volotea,Desconocido,Malaga,Nantes,Europe,julio de 2025,4,Una experiencia positiva en general. Como algo negativo: que las auxiliares de vuelo no se comunicara con los pasajeros en Español a pesar de tener el vuelo origen en España. El español un idioma que habla 700.000.000 de personas en el mundo.
VOE_0562,Volotea,Desconocido,Bilbao,Santa Cruz de la Palma,Domestic,julio de 2025,1,"No me dejaron pasar con una pequeña bolsa que apenas ocupaba, cuando en otras compañias no ha habido problema, no recomendable"
VOE_0563,Volotea,Desconocido,Barcelona,Oviedo,Domestic,julio de 2025,1,"Estoy completamente indignado con Volotea. El día de mi vuelo intenté durante horas hacer el check-in online, pero su página daba error constantemente al introducir mi correo y número de reserva. No era un problema puntual: otra pasajera del mismo vuelo tuvo exactamente el mismo fallo. A pesar de ser claramente un error de la compañía, en el aeropuerto me obligaron a pagar 30€ para obtener la tarjeta de embarque. Lo peor es que nadie me ofreció ayuda ni soluciones. El personal simplemente se limitó a cobrarme y advertirme de que incluso podía haber overbooking. Una situación totalmente injusta y estresante causada únicamente por un fallo técnico que Volotea ni reconoce ni compensa. He intentado contactar con atención al cliente, y como era de esperar, la compañía no ha asumido ninguna responsabilidad. Esta es solo una muestra más de cómo algunas aerolíneas low cost se aprovechan de los consumidores, ocultando costes hasta el último momento y dejando tirados a los pasajeros sin ningún tipo de amparo. Pido por favor que nadie vuele con Volotea. La única forma de que estas prácticas abusivas terminen es que dejemos de normalizarlas y sigamos denunciándolas públicamente."
VOE_0564,Volotea,Desconocido,Bilbao,Alicante,Domestic,julio de 2025,4,"El embarque fue rápido y dinámico sin ningún problema, el viaje bastante rápido y aterrizaje sin problema. Todo en orden"
VOE_0565,Volotea,Desconocido,Bilbao,Castellón de la Plana,Domestic,julio de 2025,5,"Muy bien , amables en todo momento tanbien.otra vez repetiria con volotea q salio todo perfecto y me dieron cafe de clienta vip"
VOE_0566,Volotea,Desconocido,Salamanca,Palma de Mallorca,Domestic,julio de 2025,2,"Muy malo, desde la reserva hay problemas. Vuelo más de 20 veces al año y más de la mitad me dan fallo al hacer la reserva, tanto en la web, como en la app. Me han comentado que es por que mi apellido tiene ñ, pero no lo solucionan. Termino debiendo llamar para hacer reservas. Este error se traslada a la hora de hacer check in, falla de la misma manera. Por otro lado, la puntualidad brilla por su ausencia, en este vuelo han sido 1 hora y 55 minutos... el anterior fueron 4 horas y nos dieron un bono de 10 euros. Por ultimo, de la tripulación nadie hablaba castellano, tuvieron que pedir a las personas que estaban en las salidas de emergencia que se retiraran y preguntaron quien hablaba ingles y nos pusieron en esos asientos. Vuelo con ellos por que son los únicos que van a Salamanca, por nada más."
VOE_0567,Volotea,Desconocido,Seville,Bilbao,Domestic,julio de 2025,5,Muy bien puntualidad y la amabilidad del personal tanto de tierra como en el avion solucionando todas mis dudas con rapidez y simpatía
VOE_0568,Volotea,Desconocido,Oviedo,Granada,Domestic,julio de 2025,5,"Todo fue bien desde el embarque, el despegue y el aterrizaje sin ningún retraso e incluso llegamos con un poco de adelanto. Quedé muy satisfecho. Mi única queja es el precio que se paga por la maleta de mano"
VOE_0569,Volotea,Desconocido,Oviedo,Valencia,Domestic,julio de 2025,5,"De Volotea,me gusta todo. Los precios económicos, la puntualidad en los trayectos, los múltiples destinos desde mi aeropuerto. No tengo nada malo que decir."
VOE_0570,Volotea,Desconocido,Oviedo,Alicante,Domestic,julio de 2025,5,Vuelo con salida a su hora y llegada con 20 minutos de antelación. Por ser megavolotea plus te ofrecen un café o te. Viaje muy cómodo.
VOE_0571,Volotea,Desconocido,Oviedo,Fuerteventura,Domestic,julio de 2025,5,"Puntualidad absoluta, tanto en ida como en regreso, media hora de adelanto en la llegada a destino, al igual que hace un mes, personal muy amable y profesional."
VOE_0572,Volotea,Desconocido,Fuerteventura,Oviedo,Domestic,julio de 2025,5,"Asientos mas cómodos que en otras aerolíneas de bajo coste, muy buena puntualidad llegando el vuelo a destino incluso antes de tiempo, y muy buenas ventajas con el equipaje de mano y facturado gracias al programa megavolotea"
VOE_0573,Volotea,Desconocido,Donostia,San Sebastian - Seville,Domestic,julio de 2025,5,"La web de Volotea es fácil de manejar, en el aeropuerto el embarque es muy ágil, el viaje muy puntual. Buena relación calidad precio"
VOE_0574,Volotea,Desconocido,Alicante,Lyon,Europe,julio de 2025,5,"Una experiencia muy agradable ya que fue un vuelo rápido y bueno. El personal atento y por fin lo encontré que hablara español, porque en otros vuelos a pesar de ser compañía española solo hablaban en inglés o francés."
VOE_0575,Volotea,Desconocido,Oviedo,Seville,Domestic,julio de 2025,1,"Cogí el vuelo para venir de Sevilla y me seleccionaron como pasajero de over booking y a la vuelta igual, no conocía semejante estafa de compañía pero no repetiré con ella sin duda. No la recomiendo, mucho mejor otras compañías sin duda alguna, aviones chicos y empresa chapucera."
VOE_0576,Volotea,Desconocido,Asheville,Venice,International,julio de 2025,5,"Ambos aeropuertos son pequeños por lo que es fácil encontrar los vuelos. Puntualidad en los embarques y , aunque el de vuelta hubo un pequeño retraso debido a la climatología, el de ida llegamos con 15 minutos de adelanto."
VOE_0577,Volotea,Desconocido,Menorca,Oviedo,Domestic,julio de 2025,4,Vuelo de Menorca a Asturias el 15 de julio de 2025. Vuelo en hora y bastante bien todo. Lo único a destacar en lo que habría margen de mejora es en la gestión de los compartimentos superiores a la hora del embarque. En este caso obligaban a todo el mundo a llevar sus artículos personales (mochilas y demás bártulos pequeños) debajo del asiento delantero a pesar de que sobraba mucho espacio arriba.
VOE_0578,Volotea,Desconocido,Faro,Nantes,Europe,julio de 2025,5,"Hicimos un viaje familiar de ida y vuelta de Faro a Nantes con la compañía Volotea y la experiencia fue muy buena. El vuelo fue cómodo, con espacio suficiente para las piernas y sin problema para llevar el equipaje de 10 kg en cabina. Nos sorprendió gratamente el entretenimiento gratuito a bordo, algo poco habitual en vuelos de este tipo. La puntualidad fue perfecta a la ida, aunque a la vuelta tuvimos un pequeño retraso de media hora. En general, quedamos muy satisfechos. Totalmente recomendable para quienes viajan en familia. Sin duda, repetiremos en futuros vuelos con Volotea."
VOE_0579,Volotea,Desconocido,Oviedo,Lanzarote,Domestic,julio de 2025,2,"He volado un monton con volotea y nunca habia tenido ningun problema, de hecho siempre me facilitaron el viaje ya que suelo volar sola con perro. Pero esta vez me ha ocurrido una cosa que bajo mi punto de vista y aunque entiendo las normas me parece de una moral muy bajuna. Estoy embarazada de 31 semanas, volaba sola y llevaba una mochila y aparte un bolso con mi cartera llaves y telefono movil. Esperé a ser la ultima por no estar de pie ya que se me hinchan un monton las piernas, vi pasar por delante de mi un monton de gente que llevaba lo mismo que yo, mochila y bolso. Pues una señora muy desagradable de la que fui a pasar me dice que o meto el bolso en la mochila o me cobran 65€ ya que solo se puede un bulto, le digo que en el bolsito solo llevo el movil, las llaves, la cartera y un ebook pequeño, para tenerlo a mano, ya que para mi luego en el avion con la barriga se me complica muchisimo agacharme, me dice que no es su problema, que solo se permite un bulto y que yo llevo dos, que o meto todo en la mochila y me cobra los 65€, total que tuve que ponerme ahi en el suelo en medio, sentarme en el suelo para poder meterlo todo, sacar cosas de la mochila para poder encajarlo todo, sinceramente y en mi estado me parece vergonzoso, sobre todo porque a nadie le dijeron nada salvo a mi. Muy poca empatía"
VOE_0580,Volotea,Desconocido,Oviedo,Lanzarote,Domestic,julio de 2025,5,"Todo correcto, sin retrasos y sin esperas en el embarque. El personal de vuelo muy amable y la llegada antes del tiempo previsto."
VOE_0581,Volotea,Desconocido,Barcelona,Murcia,Domestic,julio de 2025,5,"Impecable puntualidad, trato, facilidad para adquirir tickets, muy buen programa de fidelizacion. Pagas una pequeña cantidad por año y puedes subir tu maleta de cabina en cada viaje vueles donde vueles!"
VOE_0582,Volotea,Desconocido,Murcia,Marseille,Europe,julio de 2025,5,"Hay mas espacio que en otras compañias, los vuelos no están masificados pero lo mejor es que dejan viajar con mascotas. Gracias!"
VOE_0583,Volotea,Desconocido,Murcia,Bilbao,Domestic,julio de 2025,4,"Barato y eficiente. Acceso y salida por delante y por cola en Murcia, ya que fue a pie de pista, pero en Bilbao solo por delante (túnel), lo que lo hizo más lento. Muchas turbulencias a la vuelta, pero eso no es culpa de nadie."
VOE_0584,Volotea,Desconocido,Bilbao,Malaga,Domestic,julio de 2025,5,"Un viaje muy agradable y muy,muy puntual. El personal a cargo del avión era muy servicial. Recomendable 100 % . Muchas gracias."
VOE_0585,Volotea,Desconocido,Lanzarote,Oviedo,Domestic,julio de 2025,4,"Teníamos billetes comprados desde diciembre,con asientos y en uno de ellos se sentó otra persona ,que no se quiso levantar y la tripulación,no hizo nada al respecto,para qué cobran por asientos,sí luego no puedes sentarte donde elegiste y pagaste,muy caro ,por cierto"
VOE_0586,Volotea,Desconocido,Oviedo,Lisbon,Europe,julio de 2025,5,Super puntuales y muy amables el vuelo salió en hora incluso llegamos veinte minutos antes al destino. El personal del vuelo superamable.
VOE_0587,Volotea,Desconocido,Castellón de la Plana,Oviedo,Domestic,julio de 2025,5,Increíble atención y vuelo el comandante dándonos detalles del tiempo ya que había lluvias por Castellón Invreible vuelo
VOE_0588,Volotea,Desconocido,Murcia,Bilbao,Domestic,julio de 2025,5,Tripulación amable y con deseo de facilitar el confort posible . Avión en buen estado trayecto corto y con cumplimiento de los tiempos previstos
VOE_0589,Volotea,Desconocido,Strasbourg,Nice,Domestic,julio de 2025,1,"No pude hacer el check in online, cuando llegue al aeropuerto me informaron que era porque el vuelo estaba sobre vendido y que estaba en lista de espera. Por suerte llegue temprano y estaba 1ero, habia ocho personas en mi situacion y fui la unica que pudo embarcar. Mas alla de eso el vuelo se atraso dos horas. Recomiendo encarecidamente NO VOLAR CON VOLOTEA, el diferencial de precio no lo vale"
VOE_0590,Volotea,Desconocido,Alicante,Bilbao,Domestic,julio de 2025,5,"En ningún momento nos sentimos incómodos con la aerolínea. Desde el minuto 1 de checking hasta la salida de recogida de equipaje todo fue estupendo. Sin esperas, sin retrasos, con rápida recogida de equipaje..."
VOE_0591,Volotea,Desconocido,Malaga,Bilbao,Domestic,julio de 2025,5,"Un viaje y aterrizaje, GENIAL. Llegamos antes de lo previsto y las maletas llegaron prácticamente cuando llegamos nosotros."
VOE_0592,Volotea,Desconocido,La Coruna,Valencia,Domestic,julio de 2025,1,"ESCRIBO POR AQUI PORQUE VOLOTEA NO SE HACE CARGO DE MÍ SITUACIÓN. ME HAN ESTAFADO, CUANDO PAGUE EL VUELO NE AGREGARON UN CARGO DE 150 EUROS POR HABERME SUSCRIPTO A ""MEGAVOLOTEA PLUS"", COSA QUE NUNCA HICE NI HUBIESE ACEPTADO DE NINGUNA MANERA PAGAR ESE MONTO. NADIE SE HACE CARGO, NO RESPONDEN LOS Correos, NO ATIENDEN LOS TELEFONOS Y NO HAY NINGUNA RESPUESTA A LOS RECLAMOS. AL MENOS QUE LA GENTE SEPA QUE VOLOTEA SON ESTAFADORES, NO COMPREN CON ESTA AEROLINEA. UNA VEZ QUE COMPRAN, NO HAY NINGUN TIPO DE ATENCION NI AYUDA AL CLIENTE."
VOE_0593,Volotea,Desconocido,Zaragoza,Menorca,Domestic,julio de 2025,1,"Pésima atención, me siento totalmente engañada te hacen registrarte en su programa para darte embarque prioritario y una maleta gratis pero sorpre déjeme te solo te dura en los primero 15 días, si no vuelas en esos 15 días te quitan las ventajas. En ni gana compañía de vuelo es así. Si coges los mismos servicios custa 35 euros por trayecto y por persona osea la friolera de 140€, siendo que supuestamente lo tenías gratis. Sin embargo en el correo lo pone, pero luego wn el check in nada de nada. Además cuando llamas por teléfono te dice que gratuitamente puedes llevar una de 10 kg mas el bolso de mano, algo que no es cierto otra vez. TIMADORES EN TODA REGLA!!!!"
VOE_0594,Volotea,Desconocido,Milan,Bilbao,Europe,julio de 2025,5,"Genial, los asientos asignados fueron inmejorables ya q atrás no iba nadie y mi acompañante pudo ir a sus anchas. En un principio dudamos de la amplitud del espacio ya q nos tocó altas del todo, la suerte hizo q el asiento de detrás fuera totalmente vacío. Mi acompañante con piernas muy largas pudo ir cómodamente en los asientos de atrás gracias a que estaban vacíos con lo cual la comodidad fue extraordinaria. El azafato de vuelo amable y muy atento."
VOE_0595,Volotea,Desconocido,Jerez De La Frontera,Oviedo,Domestic,julio de 2025,4,"Un poco de retraso, pero por lo demás perfecto. Desde y hacia Asturias una gran suerte tener Volotea, muchos destinos a buen precio"
VOE_0596,Volotea,Desconocido,Tenerife,Oviedo,Domestic,julio de 2025,5,"Aparte de la amabilidad y profesionalidad del personal de vuelo, lo que más me gusta de VOLOTEA es su estricta puntualidad en los vuelos tanto de llegada como de salida, sin duda es excelente, viajo a menudo con dicha compañía aérea y hasta el día de hoy siempre cumplen el horario con exactitud"
VOE_0597,Volotea,Desconocido,Murcia,Barcelona,Domestic,junio de 2025,5,"Como siempre, fantástico, tranquilo y rápido. Lástima no haya más días de servicio de vuelos de RMU/BCN y viceversa. Las ofertas están muy acertadas y los cambios de vuelos suelen ser efectivos si hay emergencia de última hora"
VOE_0598,Volotea,Desconocido,Donostia,San Sebastian - Seville,Domestic,julio de 2025,4,"Pagué el servicio Flex para poder cambiar el vuelo, un asesor de VOLOTEA me dijo que si sin problema y cuando fui a hacerlo no me dejaron. Así que pague el servicio Flex para nada. Encima tuvimos un retraso de una hora y no se dieron ningún tipo de explicaciones"
VOE_0599,Volotea,Desconocido,Bilbao,Malaga,Domestic,julio de 2025,5,"Llegamos antes de la hora prevista y como no había sitio para maleta de cabina, nos facturaron el equipaje sin coste alguno y cuando llegamos a recogerlo ya estaba en la cinta por lo que no nos retrasó nada."
VOE_0600,Volotea,Desconocido,Palma de Mallorca,Donostia - San Sebastian,Domestic,julio de 2025,1,"Después de que el vuelo salga con más de dos horas y media de retraso, nos dicen, ya casi al llegar, q aterrizan en el aeropuerto más cercano y no en el contratado. Nos trasladan en autobuses de pacotilla al q si teníamos q haber ido, llegando a nuestra ciudad a altas horas de la noche. Fatal"
VOE_0601,Volotea,Desconocido,Seville,Oviedo,Domestic,junio de 2025,1,"VUELO CANCELADO SALÍAMOS SEVILLA-OVIEDO A LAS 4 TARDE, 2 HORAS METIDOS AVIÓN, A LAS 6 TARDE NOS SACAN AVION A SALA EMBARQUE HASTA LAS 10 NOCHE. NOS DAN 25E PARA BOCADILLO Y BEBIDA.NO SABÍAMOS QUÉ PASABA, MI MARIDO DEPENDIENTE, CAMBIANDOLE PAÑALES EN BAÑO. NOS DICEN VAN A BUSCAR SOLUCCIÓN . A LAS 22,30 NOCHE DICEN NOS MANDAN AUTOBÚS PARA LLEVARNOS HOTEL. A LAS 11 NOCHE LLEGAMOS HOTEL Y RECIBO UN CORREO QUE SALIMOS AL OTRO DÍA A LAS 9 MAÑANA Y NOS RECOGERÍAN HOTEL A LAS 7 DE LA MAÑANA, MI MARIDO EL POBRE VOMITANDO TODA LA NOCHE. SALIMOS SEVILLA-OVIEDO A LAS 9 MAÑANA EN EL VUELO V73830 DE 15/06/25 TODA UNA ODISEA, HABÍAMOS PAGADO PRIORITY Y NOS SIENTAN EN FILA 13 E y F. HAGO RECLAMACIÓN POR LA HOJA QUE TIENEN EN SU WEB, ME LLEGA CORREO LA HAN RECIBIDO Y AL OTRO DÍA ME LLEGA OTRO CORREO QUE ME HAN BLOQUEADO. ÉSTO LO HICIERON A 2 PERSONAS DE 74 AÑOS Y UNA DE ELLAS DEPENDIENTE. TODA LA GENTE QUE TENÍA QUE COGER EL VUELO V73830 DEL 14/06/25 DE LAS 4 TARDE ESTÁ DE TESTIGO. AHORA RECLAMARÉ A TRAVÉS DE ABOGADO."
VOE_0602,Volotea,Desconocido,Bilbao,Castellón de la Plana,Domestic,julio de 2025,5,"Vuelo rápido y muy cómodo , trato estupendo Solo cambiar ya la hora de salida en mi opinión un poco temprana……. Personal correcto"
VOE_0603,Volotea,Desconocido,Ancona,Paris,Europe,julio de 2025,5,"´Sin demoras, todo muy bien. toda la tripulación muy amable. No es la pimea vez que vuelo en Volotea, siempre los vuelos salen a horario sin demoras; no como otras Low cost (ya se imaginaran cual es) que he tenido bastantes problemas."
VOE_0604,Volotea,Desconocido,Bilbao,Castellón de la Plana,Domestic,julio de 2025,4,"Realice un viaje ida y vuelta, todo fue bien, puntual. Lo único que me sigue pareciendo mal que haya que pagar por elegir el tipo de asiento."
VOE_0605,Volotea,Desconocido,Zaragoza,Menorca,Domestic,julio de 2025,5,"Un vuelo muy agradable, con asientos confortables. Y espacio suficiente, tripulación amable y educada. Todo perfecto."
VOE_0606,Volotea,Desconocido,Oviedo,Jerez De La Frontera,Domestic,julio de 2025,5,"Muy buena experiencia. Vuelo puntual y personal amable. El interior del avión estaba en muy buen estado y muy limpio. Y el piloto muy bien, apenas nos enteramos ni de las nubes ni del aterrizaje."
VOE_0607,Volotea,Desconocido,Menorca,Bilbao,Domestic,julio de 2025,5,De todas las compañias lowcost Volotea es la que más me gusta. Siempre puntuales y con un personal muy amable y profesional
VOE_0608,Volotea,Desconocido,Valencia,Bilbao,Domestic,junio de 2025,5,"Todo correcto, tanto en tierra como en el vuelo. Es la segunda vez y muy bien.Tripulacion del avión muy correctos.¿ Podría ser vuelo directo Tánger Bilbao?"
VOE_0609,Volotea,Desconocido,Zaragoza,Menorca,Domestic,julio de 2025,5,"Asientos cómodos, sin demasiada restricciones de equipaje de mano. Muy puntuales , tripulación amable y educada , encantada de viajar con volotea.."
VOE_0610,Volotea,Desconocido,Valencia,Oviedo,Domestic,junio de 2025,5,Máxima puntualidad tanto en el viaje de ida como en el de vuelta. Mayor comodidad en el avión que otras compañías similares. Excelente servicio y amabilidad.
VOE_0611,Volotea,Desconocido,Barcelona,Oviedo,Domestic,junio de 2025,5,Todo perfecto. Pedimos asistencia para una persona mayor y muy satisfechos tanto en Barcelona como a la llegada a Oviedo
VOE_0612,Volotea,Desconocido,Oviedo,Castellón de la Plana,Domestic,julio de 2025,5,"Siempre vuelo con Volotea desde Asturias porque el servicio, la puntualidad y la amabilidad del personal es muy de agradecer. En este vuelo en concreto todo fue exquisitamente en hora. Teníamos embarque preferente al ser usuaria de megavolotea plus y estupendo. Sin duda totalmente recomendable. Suelo usarla para volar a Barcelona más continuamente y pocas veces he tenido problemas. Solo como recomendación que no sé si depende de la compañía y creo que no. Estaría genial que pusieran algún tipo de asientos para personas mayores o enfermas mientra se espera el embarque en la terminal de Castellón. Gracias,"
VOE_0613,Volotea,Desconocido,Oviedo,Lisbon,Europe,junio de 2025,5,"Tenía malos recuerdos de los últimos vuelos que hice hace unos años Perdí ese miedo. Vuelo súper tranquilo , apenas noté ese ascenso y descenso Muy buen avión y tripulación Me alegro mucho Pronto programaré otro viaje con avión 🤩"
VOE_0614,Volotea,Desconocido,Oviedo,Tenerife,Domestic,julio de 2025,1,Estoy en el aeropuerto llega la hora de facturar y me dice una de las chicas que que me atendió . La maleta de bodega solo puede pasar 20 kilos y tú te excedes en 5 de más . Y voy le digo la maleta yo pagué por ella 25 kilos . Lo dice el papel en el que está mi vuelo . Y además está bien especificado . Además pagado x adelantado . Por qué todo lo cobráis y no regaláis nada . Se pone a mirarlo por qué la verdad parece que no quieres trabajar . Sería sin gracia . Me dice que si que así pero que el personal de maletas solo puede cargar un mínimo de 22 kilos . Y me dice así! O lo tiras o pagas 65 € . Le digo no tengo nada que pagar . Al final no me dieron ninguna solución y tuve que ir a una tienda que allí no son nada baratas todo lo que tienen por qué abusan de los precios . Por qué aunque lo tenía pagado me lo hizo sacar de la maleta Es así como funciona Volotea y sus azafatas de tierra . Sinceramente me siento muy decepcionado . Que pagué casi 250 € por un billete de avión con 25 k de maleta y 10 de mano que al final no me dejaron facturar . Por tonterías y rollos de ellas . Pase un momento muy desagradable por qué si uno lo tiene todo en regla no tienen por qué ponerse así . Me gustaría destacar algo de Volotea y es lo siguiente . Según ellos si personal no puede cargar más de 22 k en el aeropuerto pero te cobran los 25 .que es una estafa eso . Pero ellos a ti no ge perdonan nada . Pero si lo pagas a 65€ su personal si puede cargar la maleta . Después me gustaría destacar algo que vi ese mismo día . Y es que si eres amistad de las azafatas de tierra hacen la vista gorda y lo dejan pasar y no les cobran nada . Creo que esto debería ser para todos por igual . Pero así funciona todo no me parece justo . Les doy un cero y si hubieriera una puntuación más baja del cero les daría un menos 10 .
VOE_0615,Volotea,Desconocido,Ancona,Barcelona,Europe,julio de 2025,1,"No recomendable!!! Me han cancelado mi vuelo Ancona-Barcelona programado para el 4 de julio con una antelación de 24 horas, con el argumento de la Huelga en Francia. Sin embargo, Volotea ha continuado operando tanto el 3 de julio como el 4 (fecha de mi vuelo). Telefónicamente, me han faltado el respeto sistemáticamente cortando la llamada y negándose a comunicarme con un supervisor cuando admitían no poder darme ciertas informaciones respecto al reembolso. Por email, me han notificado que la aerolínea no reembolsará los gastos generados por el inconveniente. Según el reglamento Europeo, la aerolínea está obligada a indemnizarme/cubrir los gastos ocasionados en el traslado alternativo, además del importe de mi reserva cancelada. Debía volver a Barcelona a trabajar sì o si, he debido coger dos trenes y un vuelo comprado a último momento, con un gasto (solo de transporte alternativo) 5 veces mayor al gasto de mi reserva original en volotea. La empresa se ha negado vía email y telefónicamente a hacerse cargo de esta falla, el daño moral y el perjuicio económico que involucra su decision como aerolínea. La cancelación no se debió a fuerza mayor, considerando que ha seguido operando otros vuelos en varios aeropuertos. Volotea: deplorable atención al cliente y una gestión abusiva."
VOE_0616,Volotea,Desconocido,Seville,Donostia - San Sebastian,Domestic,julio de 2023,4,rapidez en compra billete. avion comodo y horarios exactos. facilidad en facturacion y personal de facturacion y cabina con trato muy cordial
VOE_0617,Volotea,Desconocido,Strasbourg,Malaga,Europe,julio de 2025,1,"La peor compañía del mundo, nos hacen pasar el control, nos llevan a la sala de embarque y media hora entes d embarcar cancelan vuelo. Cuando intentamos reubicación nos da una tarjeta d e20 euros por persona para comer y que nos busquemos la vida literalmente, no se responsabilizan de nada, tendremos que demandar para que asuman los gastos y su responsabilidad."
VOE_0618,Volotea,Desconocido,Lyon,Porto,Europe,julio de 2025,1,"Una verguenza. Dos días tirados en el aeropuerto, cancelando todos los vuelos programados y sin darnos una solución. Un asco de compañía"
VOE_0619,Volotea,Desconocido,Oviedo,Ibiza,Domestic,junio de 2025,4,"He cogido varios vuelos con ellos y a día de hoy todo ok (puntualidad, trato, resolución de dudas,…)Lo único el no incluyan maletas facturadas en la tarifa de Megavolotea a coste 0."
VOE_0620,Volotea,Desconocido,Malaga,Bilbao,Domestic,junio de 2025,5,"Ha sido mi primer vuelo con esta compañía y la experiencia ha sido muy positiva. Muy recomendable. viajamos 4 personas y contraté como servicio opcional Megavolotea Plus, algo que también recomiendo, especialmente si se viaja en grupo: acceso preferente, descuentos adicionales, maleta en cabina,..."
VOE_0621,Volotea,Desconocido,Bilbao,Palermo,Europe,junio de 2025,4,Todo muy bien excepto un retraso de casi 2 horas en el viaje de ida. Sin problemas con el equipaje. Muy buena opción la nueva ruta
VOE_0622,Volotea,Desconocido,Venice,Oviedo,Europe,junio de 2025,1,"Lamentable, 2 cambios de horios antes de viajar con los consucuentes cambios para buscar quien te busque en el aeropueto, taxis, etc etc ... UNICO VUELO en Venezia que no se veía ni cambios ni cuando te iban a decir la puerta, mas de 2 horas de retraso y sin información de ningun tipo de la compañia, bueno si, me mandarón un SMS cuando ya estaba embarcando. Tuvimos que esperar en la puerta del avion el desalojo del anterior vuelo antes de subir nosotros y cundo llegamos a Asturias ... HALA BAJAR RAPIDITO QUE QUEDA MAS GANADO POR SUBIR ... para mi una imagen alucinante en medio de la pista de aterrizaje al menos mi rebaño estaba metido en el autobus ... Llevo 4 viajes con voloteas, acumulo mas horas de aeropuerto y retrasos que volando con ellos, media de 2 horas"
VOE_0623,Volotea,Desconocido,La Coruna,Valencia,International,junio de 2025,5,La compañia responde a mis expectativas con puntualidad y un trato correcto. En los casos de impedimento por causas ajenas a la compañia sigue respondiendo e indemniza a los usuarios aún cuando no esta obligada a ello.
VOE_0624,Volotea,Desconocido,Malaga,Bilbao,Domestic,junio de 2025,1,"He tenido que denunciar por el trato recibido por parte de los trabajadores del aeropuerto de Málaga, ya que una trabajadora consideró, arbitrariamente, que mi bolsa no cumplía con las medidas cuando la demostré que no era así, cumpliendo con el medidor. Y dejó acceder a otros pasajeros con equipajes mayores. También tuve que oír frases como “tengo un par de ovarios” y comentarios similares. Estos hechos son como poco, inadmisibles."
VOE_0625,Volotea,Desconocido,Jerez De La Frontera,Oviedo,Domestic,junio de 2025,3,Todo correcto y sin problemas. Viaje jerez-Asturias sin mayor problema. La entrada al avión por escaleras a las 13:00 con 35º se hizo dura.
VOE_0626,Volotea,Desconocido,Malaga,Oviedo,Domestic,junio de 2025,4,"Todo perfecto El avion limpio, en hora. El viaje sin mucho ruido, sin demasiado aire acondicionado, los azafatos muy amables... no se puede pedir mas. Repetiré"
VOE_0627,Volotea,Desconocido,Madrid,Olbia,Europe,junio de 2025,5,"Low cost no tiene que ser sinónimo de maltrato , abusos o incomodidades. Volotea cumple con unos estándares más que aceptables de calidad de servicio y transparencia, aviones nuevos, cómodos y puntuales a precios muy buenos."
VOE_0628,Volotea,Desconocido,Bilbao,Porto,Europe,junio de 2025,5,"Tanto el vuelo de ida como el de vuelta fueron casi perfectos. Embarque ,salida y llegada en hora, y al ser miembro de Megavolotea se nos permitía llevar, además del bolso o mochila de mano, una maleta en cabina de hasta 10 kgs., que la azafata me ayudó amablemente a subir al compartimento. Experiencia positiva en este viaje con Volotea."
VOE_0629,Volotea,Desconocido,Santander,Seville,Domestic,junio de 2025,1,"Compre los vuelos con mucha antelación, meses antes. Me llamo la atención el precio, bastante altos, para ser una low-cost, pero bueno, quise dar la oportunidad y seguí hacia delante. No llevábamos maletas facturadas ni ningún servicio adicional, aun así, no fueron especialmente baratos los billetes. El viaje de ida era el 18 de junio, pues el 4 de junio me dispuse ya a comprar los asientos, para tenerlos reservados. Con mucha antelación, quizás demasiada visto lo visto lo que nos paso después. De nuevo, otra clavada en el precio, porque a pesar de haber pagado ya bastante por los vuelos, me cobra la compañía por escoger asientos, y aun cogiendo los baratos, desembolso casi 300 € más (viajamos 10 familiares juntos). Me llama la atención de que el hecho de que viajes con 3 niños pequeños, no tienen ninguna consideración en ello la compañía, y te clava ese precio por los asientos, para ir todos juntos, es decir, te PENALIZA el hecho de viajar con niños pequeños, y querer que todos los familiares vayan juntos, tendría que ser al revés, intentar ayudar a las familia que viajan con niños, y NO COBRARLES por sentar a todos los familiares juntos. Que yo viaje solo con mi pareja, y me cobran por querer ir juntos, bueno, es cuestionable pero lo puedo llegar a tolerar. Lo que no comprendo es que te cobran esa misma jugada en el caso de niños menores y otros familiares, padres, abuelos, etc... Pero lo peor vino después, siendo el vuelo el 18 de junio, el día 4 ya los tengo comprados los asientos y por tanto ya tengo el cheking hecho. Pues desde el primer momento la web da un error a la hora de descargar las tarjetas de embarque. NO DISPONGO DE ELLAS, NI LOGRO CONSEGUIRLAS A PESAR DE HABER LLAMADO A LA ATENCION AL CLIENTE, ENVIAR EMAIL Y DEMAS INTENTOS FALLIDOS. Llega el día 18, viaje de ida, y NO TENEMOS TARJETAS DE EMBARQUE con el PROBLEMON que ello implica. En atención al cliente DE VOLOTEA por teléfono, me dicen que no me preocupe que en el aeropuerto me las dan sin coste, que YA ESTAN AVISADOS de tal circunstancia. Llego al aeropuerto, y NO ESTAN AVISADOS, y de milagro y por deferencia del empleado de allí, no nos cobran la impresión de las tarjetas de embarque, que hubiera supuesto OTRA CLAVADA MAS, sumada a las anteriores. El problema persiste, y me temo lo peor para el VUELO DE VUELTA, que era el 25 de junio, además a una hora muy mala (09.00h), porque era muy pronto por la mañana y viajábamos con los 3 niños pequeños. TRAS OTRA LLAMADA A ATENCION AL CLIENTE, esta vez si, un chico me jura y me perjura que voy a tener las tarjetas de embarque el día de vuelta, en el aeropuerto preparadas, que están avisados de la incidencia. Confío en el y me despreocupo. A lo largo de todas las vacaciones, voy probando de vez en cuando intentar descargar las tarjetas de embarque, pero nada, sigue dando un error la web justo en el momento de descargar el PDF. Llega el día de vuelta, y gracias a Dios, al fin, se arregló el problema con la web, y pude descargar las tarjetas de embarque apenas 2 horas antes del vuelo, ya estando en el aeropuerto de Sevilla, en la cola de facturación, esperando mi turno para intentar lidiar con la que se nos venia... No pude comprobar finalmente si el chico de atención al cliente hizo su trabajo bien, ni ganas que me quedaban, pero al menos pudimos llegar bien al embarque, sin disputa alguna con gente del aeropuerto, y todo ello gracias a que ya se podía descargar el PDF de las tarjetas de embarque un 25 de junio, habiéndolas comprado un 4 de junio. Unos 20 días antes. Horrible experiencia, escribo la opinión nada mas y nada menos que con el fin de que se subsane este tipo de errores, y no le ocurra a nadie más. Mala la gestión por parte de la compañía de no dar respuesta RAPIDA a este tipo de incidencias, en el teléfono de atención al cliente debería haber alguien que solucionase este error de INMEDIATO, y no un simple aviso al aeropuerto. Debería el empleado que te atiende por teléfono o bien tener la capacidad de poder descargar esas tarjetas de embarque y mandártelas al e-mail, o que te derivara la llamada a un departamento informático o técnico, ya mas personalizado, para que te solucione la incidencia."
VOE_0630,Volotea,Desconocido,Bilbao,Tenerife,Domestic,junio de 2025,5,"El embarque, la puntualidad, el servicio y vuelo fueron estupendos, tanto la ida como la vuelta. Si tengo que poner un pero.....seria el sistema de gomas para dejar algo en el asiento delantero que no es muy practico."
VOE_0631,Volotea,Desconocido,Nantes,Madrid,Europe,junio de 2025,1,"1. En principio, la página se ve amigable con el usuario pero falla bastante, con un poco de paciencia, todo al final se resolvió pero deberían invertir recursos en mejorarla. 2. Me suscribí a la prueba de ""megavolotea"" que te da descuentos en equipaje, sillas, etc. Quería probar en un vuelo de ida y regreso para ver si quería quedarme con la suscripción o no, ya que tengo varios vuelos delante por comprar. Un día antes de mi vuelo de vuelta, se venció la suscripción y quería esperar para renovarla al volver a casa para dedicar tiempo a leer lo que incluía, qué podía hacer y demás. Cuando llegué al aeropuerto me cobraron las 2 maletas de cabina (80 euros) ya que al vencerse la suscripción TE QUITAN TODO LO QUE INCLUÍA, aunque hayas comprado el vuelo mucho antes y hayas pagado lo que hayas pagado (casi 200 euros por un trayecto en mi caso). Esto, me desconcertó y es súper molesto porque EN NINGÚN LADO TE DICEN QUE SI SE TE VENCE, TE QUITAN LOS BENEFICIOS QUE YA TENÍAS POR ESTAR SUSCRITO, no hay notificación escrita, alertas, NADA. Dejan que vayas al mostrador y te cobren. Tuve en principio una opinión buena pero luego de esto, son una aerolínea lowcost más a la que solo le importa cobrarle a los usuarios finales precios altísimos y aprovecharse de esto."
VOE_0632,Volotea,Desconocido,Murcia,Oviedo,Domestic,junio de 2025,5,"Lo mejor es que el trayecto sea directo. El avión limpio, la tripulación agradable. El complemento los autobuses adaptados a los vuelos en el Aeropuerto. Sólo en Asturias. Falta en Murcia."
VOE_0633,Volotea,Desconocido,Rome,Bilbao,Europe,junio de 2025,1,"1 hora y 30 minutos de retraso, todos arriba del avión. Al llegar habían perdido mí maleta y aún no la recupero. No me dan respuesta y ya me tengo que volver"
VOE_0634,Volotea,Desconocido,Verona,Palermo,Domestic,junio de 2025,1,"Volotea se apoya en prácticas de venta poco éticas, diseñadas para aprovecharse de descuidos muy probables del cliente y convertirlos en ingresos extra. Compré un vuelo ida y vuelta (Italia - Palermo) que incluía equipaje de cabina de 10 kg + mochila. Sin embargo, me cobraron 35 € adicionales en el aeropuerto porque ese equipaje debía “activarse” dentro de los 15 días posteriores a la compra mediante un pop-up en su web. Esa opción nunca apareció y simplemente desapareció de mi reserva sin aviso. Además, intentaron cobrarme 30 € por no haber hecho el check-in online. Pero no fue un error mío: su propia página web no me permitió hacerlo. A pesar de mostrar pruebas, el personal de tierra insistió en el cobro. Solo tras discutir durante un rato me permitieron embarcar sin pagar. He visto que no soy el único afectado por estas políticas confusas, poco transparentes o directamente tramposas. Volotea debería dejar de ofrecer “servicios incluidos” que caducan sin notificación clara y facilitar realmente el check-in si luego penalizan por no hacerlo. No volveré a volar con ellos. Recomiendo extremar la precaución a cualquiera que esté considerando esta aerolínea."
VOE_0635,Volotea,Desconocido,Alicante,Oviedo,Domestic,junio de 2025,5,"Excelente experiencia de vuelo con Volotea, era la primera vez que utilizaba esta compañía y sin duda repetiré, la tripulación muy atenta y eficaz, el embarque rápido y puntual, me ha gustado mucho esta compañía y la recomiendo mucho."
VOE_0636,Volotea,Desconocido,Lisbon,Oviedo,Europe,junio de 2025,1,"Pusieron el himno del Oviedo en el avión, con toda su cara, como si nos importase a todo el mundo, volveremos y ese rollo..."
VOE_0637,Volotea,Desconocido,Oviedo,Lisbon,Europe,junio de 2025,5,La forma de realizar una reserva es muy sencilla. Los precios son bastante económicos. El personal de tierra muy agradable. Y la tripulación muy eficiente. Pocos peros que poner. Los horarios suelen estar ajustados y sin muchas demoras.
VOE_0638,Volotea,Desconocido,Oviedo,Seville,Domestic,junio de 2025,3,"El fallo de su App al generar las tarjetas de embarque me trajo problemas que no debía haber tenido, por su culpa. Cogió mal el apellido porque en Magavolotea soy español pero resido en Portugal"
VOE_0639,Volotea,Desconocido,Bilbao,Tenerife,Domestic,junio de 2025,4,Muy puntuales y te mantienen informados antes de cada vuelo. Los precios fuera de temporada están bastante bién. Recomendable
VOE_0640,Volotea,Desconocido,Bilbao,Palma de Mallorca,Domestic,junio de 2025,1,Si haces la reserva en un sitio que no es volotea no te mandan el codigo para hacer el checkin.Y no es posible conseguirlo ni llamando a volotea.Al final tienes que hacerlo En el mostrador de volotea y te cobran 30 euros por no haber hecho el checkin.Aperte habiamos hecho las reservas en fly go y teniamos contratadas dos maletas de10kg y pagadas pues esto no aparecia en la targeta de embarque de volotea y nos las volvieron a cobrar estando pagafas con anterioridad 60 €. Muy mal !bajo coste nada!
VOE_0641,Volotea,Desconocido,La Coruna,Valencia,Domestic,junio de 2025,5,"Dia 19 de junio. Empezamos con una incidencia debida a niebla alta en Coruña que impidió tomar tierra al avión procedente de Valencia...y vuelta. El personal de tierra de la compañía Volotea lo gestionó ""Magníficamente""... se nos informó precisa y puntualmente. Con un desvío a Asturias (del vuelo de ida)...y tras mejora de condiciones, el vuelo original ""sólo"" sufrió un retraso... de unas 2 horas, tras espera en Asturias. Embarcamos a las 12:06, en lugar de las 10:10 Cuando te tratan como ""personas"" ..."" viajeros"" ...y no como ""ganado"" (como alguna compañía Lowcost no española suele hacer)... comprendes y aceptas de buen grado los inconvenientes. Tanto en tierra como a bordo el trato exquisito!! Gracias a todo el personal. Un vuelo seguro, cómodo... y corto (vuelo mucho más corto... para compensar retraso). Volotea... Mi Compañía de Referencia!!"
VOE_0642,Volotea,Desconocido,Alicante,Oviedo,Domestic,junio de 2025,3,Mejorar la atención del personal de cabina. Deberían estar más pendientes del pasaje y a pesar de que denotan cansancio la amabilidad no debería de faltar.
VOE_0643,Volotea,Desconocido,Bilbao,Tenerife,Domestic,junio de 2025,1,"Nos han hecho pagar 65€ por una maleta que YA ha volado en su compañía antes sin problema, debajo de los pies. Pero hay dos trabajadores que parece que cobra comisión por cada mochila que facturan, y aún entrando en las medidas nos han hecho pagar. Una decepción de compañía una vez más."
VOE_0644,Volotea,Desconocido,Oviedo,Seville,Domestic,octubre de 2024,1,"Nuestra experiencia con Volotea fue lamentable debido al comportamiento de la supervisora Eva González en el aeropuerto de Asturias. Sin criterio aparente, y con una actitud claramente hostil, impidió el embarque a varios pasajeros, entre ellos a nosotros, dejándonos literalmente en tierra sin justificación clara. Su forma de tratar a los clientes roza el abuso: autoritaria, poco profesional y con cero empatía. Incluso agentes de la Guardia Civil presentes en el aeropuerto nos confirmaron que reciben quejas frecuentes sobre su comportamiento, lo cual evidencia que no se trata de un caso aislado. Volotea debería revisar urgentemente la idoneidad de este tipo de personal en contacto directo con los pasajeros. Desaconsejamos totalmente volar con esta aerolínea desde el aeropuerto de Asturias si existe la posibilidad de cruzarse con esta supervisora."
VOE_0645,Volotea,Desconocido,Verona,Barcelona,Europe,junio de 2025,1,"ME COBRARON EL PASAJE CORRECTAMENTE, Y A LOS 15 DIAS ME ENTRÓ UN CARGO DE 139,99 € A MI CUENTA POR UNA RENOVACIÓN AUTOMATICA QUE ME INSCRIBIERON CUANDO COMPREÉ EL PASAJE, ESTAFADORES, LO HACEN A PROPOSITO PARA QUE LA GENTE NO SE DE CUENTA, EN NINGUN MOMENTO ME QUISE INSCRIBIR COMO MIEMBRO DE MEGAVOLOTEA, Y PAGAR 140€ ES UNA LOCURA!!! MUCHO CUIDADO CUANDO COMPRAS TU PASAJE PORQUE TE INSCRIBEN A UNA SUSCRIPCION SIN QUE TE DES CUENTA. EXIJO MI REEMBOLSO. ELLOS MISMOS LO TIENEN EN SU PAGINA DE RECLAMO, PORQUE EVIDENTEMENTE MUCHA GENTE COMO YO DEBE CAER EN SU SUSCRIPCION DE MEGAVOLOTEA SIN QUERER HACERLO. QUIEN EN SU SANO JUICIO VA A QUERER INSCRIBIRSE A UNA EMPRESA TAN MEDIOCRE COMO MIEMBRO PLUS QUE CUESTA 140€???? ESTAFADORES"
VOE_0646,Volotea,Desconocido,Fuerteventura,Oviedo,Domestic,junio de 2025,4,"Puntualidad excepcional, tanto en la ida como en la vuelta. Pero deberían de mejorar la comodidad de los respaldos de los asientos"
VOE_0647,Volotea,Desconocido,Oviedo,Malaga,Domestic,junio de 2025,3,Puntualidad. Servicios de Megavolotea plus como siempre de 10. Uno de los detalles que más me gustan es el café de cortesía en vuelo que ofrecen. Tengo status plata en OneWorld y el trato salvo por las salas VIP de las aerolíneas en vuelo no es el mismo…que teniendo PP no hace falta esa cortesía que te hacen. Me encanta Volotea
VOE_0648,Volotea,Desconocido,Bilbao,Castellón de la Plana,Domestic,junio de 2025,5,"Segunda vez que vuelo con ellos y muy bien. Fácil reserva, buen precio, salidas puntual y llegada en hora. Seguiré contando con ellos en futuros viajes. Gracias Volotea por un gran servicio!"
VOE_0649,Volotea,Desconocido,Barcelona,Murcia,Domestic,junio de 2025,3,"En general la experiencia ha sido buena en su conjunto pero hay algo que lo ha empañado. Al comprar mi billete, parece ser que seleccioné sin darme cuenta unirme al club MEGAVOLOTEA PLUS. Los primeros 15 días fueron gratuitos y luego me cobraron un cargo de casi 140€. Por eso tuve prioridad al embarcar y me ofrecieron una bebida caliente gratuita en el avión sin yo entenderlo. Afortunadamente me han devuelto el dinero pero el pasar tal experiencia no me ha gustado y me gustaría que Volotea haga lo posible para que no vuelva a suceder. Además, ningún empleado de Volotea que hablé/pregunté supo informarme que era miembro de tal club y porque lo había sido."
VOE_0650,Volotea,Desconocido,Barcelona,Murcia,Domestic,junio de 2025,2,"Volé con Volotea porque era la única opción de Barcelona a Murcia. Si no, jamás se me hubiera ocurrido. El vuelo salió con retraso. El check in solamente se puede hacer dos horas antes. No vale lo que cuesta."
VOE_0651,Volotea,Desconocido,Oviedo,Jerez De La Frontera,Domestic,junio de 2025,4,El horario se cumplió. Pero lío en el embarque. No respetando los billetes Preferente porque la gente se colaba y no dejaban pasar
VOE_0652,Volotea,Desconocido,Bilbao,Tenerife,Domestic,mayo de 2025,5,"Ultimamente viajo con bastante frecuencia en esta ruta, en ambos sentidos, y lo hago von Volotea porque, ademas de conseguir muy buen precio los vuelos, como tambien en este caso, salen puntualmente y llegan a destino puntualmente. esta vez con 20 minutos de antelacion. No se si es que tengo suerte pero el personal, incluso los pilotos, que nos ha atendido siempre ha sido amable, respetuoso y dispuesto para ayudar en lo que pueda necesitarse. Han tenido el detalle tambien de dirigirse a los viajeros en euskera lo que me ha parecido de gran sensibilidad, todo un detalle, cuando hay compañias que ni siquiera hablan en castellano, teniendo salidas y llegsdas de seripiertos españoles. Me resultan vielos agradables, seguire viajando con ellos."
VOE_0653,Volotea,Desconocido,Oviedo,Seville,Domestic,mayo de 2025,5,"Una de las mejores compañías de low cost que hay. Personal muy amable, aviones limpios y muy cuidados. Siempre embarque y desembarque por túnel sin tener que subir y bajar escaleras del avión. Buenos precios sobre todo si te registras en Megavolotea Plus"
VOE_0654,Volotea,Desconocido,Strasbourg,Barcelona,Europe,junio de 2025,1,Lo barato sale caro. Es la peor experiencia que he tenido. Me han cobrado hasta la mochila de debajo del asiento. Una organización horrible y el personal desagradable. Lo peor es que cuando hago la reclamación no me a mis preguntas siendo las respuestas informativas. Tanto por correo como por teléfono. A decir verdad creo que ni siquiera lo lee una persona. He pagado 130 € en mi viaje y otros 130 por la cara. No lo recomiendo.
VOE_0655,Volotea,Desconocido,Bilbao,Seville,Domestic,mayo de 2025,4,"Viaje cómodo. Muy buena atención por parte de la tripulación. Aunque el vuelo era corto, la oferta de entretenimiento que tienen es enorme. A la vuelta hubo tormenta y la comandante nos explicó la situación y aterrizamos más tarde de lo previsto pero sin ningún problema."
VOE_0656,Volotea,Desconocido,Bilbao,Ibiza,Domestic,junio de 2025,1,"Una verguenza! He viajado muchisimo a lo largo de toda mi vida en numerosas compañias y jamas me habia ocurrido algo asi... No me dejaba hacer el check in online y me pedia que fuera al mostrador. No facturo maleta, asi que me parece raro.... Voy antes al aeropuerto y en el mostrador me dicen que hay overbooking. Les digo que sin problema, que solo llevo una mochila que entra debajo del asiento. No me mencionan nada mas. Me dan el billete sin número de asiento y me comunica una de ellas que tengo que esperar a que todos embarquen para saber si me quedará asiento o no. Estoy alucinando. Pido explicaciones y me dicen que entra dentro de la legalidad, que la compañia puede vender 10%. Muestro mi enfado, me comunica que la compañia me reubica en el proximo vuelo siendo hoy o mañana. Continuo mostrando mi disconformidad ante lo ocurrido alegando lo que supone esto para mi y me dice que si sigo asi directamente no entro en el avion... Seguido me presento en la oficina de quejas y cuento lo ocurrido a la chica que se muestra muy comprensiva ante mi condicion como enferma cronica con diabetes. Solo puedo decir que no volvere a viajar con esta compañia en la VIDA."
VOE_0657,Volotea,Desconocido,Bilbao,Malaga,Domestic,mayo de 2025,5,Todo muy bien y mucha puntualidad . Rápido embarque y facturación. Amabilidad de la tripulación. Los precios son buenos.
VOE_0658,Volotea,Desconocido,Barcelona,Murcia,Domestic,junio de 2025,1,"Llevo un año viajando con esta compañía. Empezaron muy bien, pero ahora ya son la misma calaña que otras: precios al alza, mal trato, y overbooking."
VOE_0659,Volotea,Desconocido,Menorca,Athens,Europe,mayo de 2025,1,"Viajamos de Menorca a Atenas con escala en Lyon. Y nos perdieron las maletas, ademas, como te obligan a facturar el equipaje de mano, comenzamos la luna de mien en Atenas sin nada de equipaje, te dicen que escribas a atencion al cliente, o que abras una reclamacion para que te ayuden, y te contestan diciendo que en 3 dias te diran algo, tu sin nada de equipaje por la obligacion de facturar el equipaje de mano y te dicen que en tres dias te contestan. Para colmo, al ser una compañia de bajo coste, nos dicen en el aeropuerto que tenemos que acercarnos a por nuestras maletas, por que Volotea no las envia al hotel. Llamamos al telefono de pago que tienen, te contestan y no te dan ninguna información, solo largas, echan la culpa a la gente del aeropuerto, pero bien que te cobran la facturacion de todos los bultos. A los 6 dias de escribirles nos contestan que ya estan nuestras maletas entregadas, que a nosotros nos pillo fuera de Atenas y no volviamos hasta dos dias mas tarde. En fin, adjunto una foto de nuestra lavanderia favorita, ya que quien no desea pasarse una luna de miel en Atenas y alrededores comprando ropa y lavando en lugar de ver monumento u conocer la ciudad. En fin, no recomendaria Volotea ni a mi mayor enemigo. Un saludo"
VOE_0660,Volotea,Desconocido,Oviedo,Seville,Domestic,junio de 2025,1,"Después de meses volando con la misma maleta de mano sin ningún problema, en mi último vuelo el personal me obligó a pagar por ella de forma totalmente arbitraria. Lo peor fue la actitud del staff: groseros, maleducados y con cero empatía. El trato al cliente deja mucho que desear, y las normas parecen aplicarse según les conviene. Muy mal servicio, cero consistencia, y una experiencia pésima en general. No volveré a volar con Volotea si puedo evitarlo."
VOE_0661,Volotea,Desconocido,Oviedo,Alicante,Domestic,abril de 2025,4,"Muchas puntualidad .Aviones cómodos,ágiles en el embarque.El desembarque es muy lento .El único problema que encuentro.Tanto el personal de tierra como de vuelo muy amables y dispuestos a ayudar.Volvere a volar con Volotea, que llevo haciendo muchos años,para mis próximos desplazamientos.Gracias"
VOE_0662,Volotea,Desconocido,Palermo,Bilbao,Europe,mayo de 2025,5,"Embarque rápido, buena atención personal de tierra y de vuelo. Precio ajustado. Pagina web funciona bien. Ampliaria oferta de destinos desde bilbao y meses que se ofertan ya que algunos destinos solo hay en verano"
VOE_0663,Volotea,Desconocido,Bilbao,Malaga,Domestic,mayo de 2025,1,"Pago de 60€ por no realizar el cheking online antes de 2 horas,30€ por pasajero. Ha sido un abuso, toda la información que mandan está en italiano con lo cuál da lugar a que no se entienda todo. Son unos miserables."
VOE_0664,Volotea,Desconocido,Oviedo,Venice,Europe,mayo de 2025,4,"Vuelo puntual, avión en buenas condiciones, embarque sencillo. Facilidad para facturar el equipaje sin coste adicional."
VOE_0665,Volotea,Desconocido,Bilbao,Seville,Domestic,mayo de 2025,1,"Hice la reserva, pagué todo incluido asientos y saque las tarjetas de embarque. Alli aparecia lo que habia contratado: mi maleta de 10Kg, nº de asientos, hasta ahi todo correcto. A los dias me envian un correo que se me cargaba 139 euros por ser miembro suscrito de volotea Plus. Me puse en contacto con ellos y me dicen que en algún momento de la página pone que eres miembro de volotea, lo que a simple vista parece que te estas simplemente registrando, pues no!! te están suscribiendo. Pude cancelarlo pero me querian cobran 35 euros por trayecto de la maleta de 10 Kg o sino pagar 70 euros mas y nos incluian a los dos pasarejos. Y claro la explicación fue que habia que abrir las condiciones y leer todo. Todo un timo y os recomiendo que leais hasta la última coma"
VOE_0666,Volotea,Desconocido,Oviedo,Seville,Domestic,mayo de 2025,4,"Vuelo puntual y personal muy amable, me gustaría que no nos cobraran por todo ya que el equipaje es necesario una maleta de cabina de 10kg.( no mochila)"
VOE_0667,Volotea,Desconocido,Santander,Seville,Domestic,mayo de 2025,4,Puntualidad total. Pocas esperas. Buen servicio. Servicio facturación correcto. Recomendable para trayectos cortos.
VOE_0668,Volotea,Desconocido,Rome,Bilbao,Europe,mayo de 2025,5,"Hace una semana viajé a Roma y volé por primera vez con Volotea. Me encantó la compañía, su personal y amabilidad. Viajo mucho por trabajo y vacaciones, y no dudo que esta compañía ya está en mis favoritas. Puntual, servicial y profesional. Enhorabuena por su reconocimiento de ser la mejor compañía aérea low- cost en Europa, se lo merecen."
VOE_0669,Volotea,Desconocido,Malaga,Oviedo,Domestic,mayo de 2025,5,"He viajado varias veces con Volotea y sin duda repetiremos. El personal es atento y sonriente (para mí una buena cara, dice más que mil palabras), la puntualidad es máxima y el servicio a bordo está bastante bien."
VOE_0670,Volotea,Desconocido,Madrid,Verona,Europe,mayo de 2025,4,Casi igual que con otras compañías no low cost salvo que el embarque fue en autobus en vez del finger. Valoro también que el avión fuese un A320 que siempre inspira más confianza que un Boeing dado su reciente historial.
VOE_0671,Volotea,Desconocido,Barcelona,Murcia,Domestic,mayo de 2025,5,"Trato excelente y horarios cumplidos, tanto a la ida como a la vuelta. Servicio abordo muy cordial y atento con todos los clientes, y en especial con las personas de movilidad reducida."
VOE_0672,Volotea,Desconocido,Oviedo,Milan,Europe,mayo de 2025,5,"Vuelo con una buena atención por parte de l@s azafat@s ,información por parte del piloto de movimientos obligatorios por mal tiempo,limpieza ,educación y empatía por parte de todo el personal"
VOE_0673,Volotea,Desconocido,Bilbao,Athens,Europe,mayo de 2025,5,"Viaje y asistencia por movilidad reducida , muy amables todos. En tierra y a bordo.la tripulación muy empatica. El vuelo salió con retraso, estuvimos con la puerta cerrada por varios minutos pero según nos informaron el problema era por saturación en aeropuerto de Atenas. Luego todo fue perfecto, vuelo y llegada. En mi caso con movilidad reducida la tripulación fue muy amable y solicita."
VOE_0674,Volotea,Desconocido,Valencia,La Coruna,Domestic,mayo de 2025,4,Vuelo puntual y sin ningún problema. Volveré a viajar. Buenas relación calidad/precio además de servicios extras que tienen un coste
VOE_0675,Volotea,Desconocido,Jerez De La Frontera,Oviedo,Domestic,mayo de 2025,5,Valió la.pena la espera. Excelente línea entre Cadiz y Asturias. Precios muy buenos. Trato muy agradable tanto de la tripulación como del.personal de abordo. El vuelo rápido y tranquilo
VOE_0676,Volotea,Desconocido,Bilbao,Athens,Europe,mayo de 2025,4,Vuelo agradable y comodo con prioridad de embarque y maleta en cabina con super megavolotea recomendable.Asiento algo justo pero con opciones mejores de pago.
VOE_0677,Volotea,Desconocido,Valencia,Bilbao,Domestic,mayo de 2025,5,"Fantástico como siempre!!!! la mejor compañía en la que he viajado, la tripulación súper atenta , los asientos cómodos , todo muy limpio, vuelos puntuales y los precios muy asequibles"
VOE_0678,Volotea,Desconocido,Murcia,Barcelona,Domestic,mayo de 2025,5,"Nuevamente estoy aquí y con buena energía. Contenta otra vez con mi vuelo de regreso. Le cogido el caire y me encanta volar con Volotea, por su rapidez, atención y servicio. Ya tento dos reservas más a precio estupendo."
VOE_0679,Volotea,Desconocido,Valencia,Oviedo,Domestic,mayo de 2025,4,Vuelos directos a precios competitivos con frecuencias diarias Fácil embarque y puntualidad en la salida y llegada Trato amable en la facturación y embarque
VOE_0680,Volotea,Desconocido,Bilbao,Alicante,Domestic,abril de 2025,1,"Nos cobraron un sobrecargo de 65 euros, porque la maleta de mano entraña justo en la plantilla. Trato desagradable y prepotente del personal de embarque. Es la primera y la última vez que viajo con ellos"
VOE_0681,Volotea,Desconocido,Oviedo,Alicante,Domestic,mayo de 2025,1,"Cuidado! Te cobran una suscripción de 69,99 euros a los 15 días de la compra de billete. De forma totalmente engañosa te sale seleccionado un precio que implica la suscripción a Megavolotea. Me siento totalmente estafada"
VOE_0682,Volotea,Desconocido,Rome,Bilbao,Europe,mayo de 2025,4,Me ha sorprendido el servicios la calidad dado que hablamos de una compañía de lowcost. Ha sido puntual en el comienzo como en la llegada a destino
VOE_0683,Volotea,Desconocido,Malaga,Toulouse,Europe,mayo de 2025,5,"Con Megavolotea tienes descuentos en los billetes, y lo mejor hoy en día, maleta de mano incluida en cabina. Los destinos desde Málaga salen a buen precio, y con horarios razonables. El horario de ida y vuelta a Toulouse nos permitió disfrutar por tres noches de 4 días completos en la ciudad. La organización del embarque fue bastante buena y la atención durante el vuelo también."
VOE_0684,Volotea,Desconocido,Palma de Mallorca,Donostia - San Sebastian,Domestic,mayo de 2025,2,"He intentado en varias ocasiones reservar un vuelo y siempre aparece que el NIE es incorrecto, cuando he seleccionado DNI, y no hay forma de cambiarlo, aunque seleccione DNI y aparezca en la página, al final siempre sale el mensaje de NIE incorrecto..... 😵‍💫"
VOE_0685,Volotea,Desconocido,Granada,Oviedo,Domestic,mayo de 2025,5,"Siempre que tengo que realizar algún vuelo Volotea es mi compañía. Buenos precios, buen servicio, puntualidad, rapidez y eficiencia... Una compañía aérea que lo tiene todo y que te permite poder viajar a precios asequibles. 100% recomendable!!!"
VOE_0686,Volotea,Desconocido,Oviedo,Valencia,International,mayo de 2025,4,"Compañía que dista mucho del resto de low cost por sus prestaciones y trato con el cliente. Relación calidad precio y, su cada vez más amplia oferta de destinos, la hace, bajo mi punto de vista, la mejor low cost que al menos opera en España."
VOE_0687,Volotea,Desconocido,Bilbao,Tenerife,Domestic,enero de 2025,4,"Buenas noches, mi experiencia sobre los vuelos es buena, aunque creo que ha dejado de ser una compañía low cost, he mirado varias veces para reservar vuelo para Tenerife en octubre, que tampoco es una época alta, y cuál es mi sorpresa que aún siendo de megavolotea,cuesta ida y vuelta dos personas más de 400€, estando incluido en megavolotea,que para eso se paga,la maleta de cabina y una pequeña rebaja,es por lo que dudo de que se low cost al subir mucho el precio de los vuelos.Eskerri asko"
VOE_0688,Volotea,Desconocido,Malaga,Bilbao,Domestic,mayo de 2025,4,"Un low-cost con servicio muy amabile y precios muy buenos, vale tambien la pena de estar socio porque ofrecen buenas condiciones como embarque prioritario, asientos sin pagar extra"
VOE_0689,Volotea,Desconocido,Athens,Bilbao,Europe,mayo de 2025,5,"Todo bien, llego con algo de retraso pero recupero bastante en vuelo. Es muy cómodo tener vuelos directos con buenos precios cogiendo con anticipación. Estaba totalmente lleno ya q a la gente le gusta"
VOE_0690,Volotea,Desconocido,Bilbao,Tenerife,Domestic,mayo de 2025,5,"Buena experiencia, personal encantador. Todo en horario, todo facilidades, vi perros en cabina con sus dueños, que aunque yo no tengo creo que es importante para el animal y sus dueños."
VOE_0691,Volotea,Desconocido,Oviedo,Seville,Domestic,mayo de 2025,4,"Todo bien aunque hemos volado con otras compañías y creemos que el desembarque se podría mejorar, ya que la gente se baja sin ningún orden"
VOE_0692,Volotea,Desconocido,Naples,Bilbao,Europe,mayo de 2025,5,"Embarque muy ágil (asimismo soy Megavolotea Plus) con lo que pudimos subir al avión 40 minutos antes del despegue. Avión muy limpio, viaje ameno con un detallado mensaje del comandante indicando la secuencia del trayecto y llegada a Bilbao 15 minutos antes de la hora prevista."
VOE_0693,Volotea,Desconocido,Barcelona,Murcia,Domestic,mayo de 2025,5,"Me considero una afortunada: Un vuelo fantástico. Salimos antes y llegamos antes. Todo estupendo. Me encanta, calidad precio no se puede uno quejar. Como todo en la vida, hay atajos para evitar malas experiencias y con positividad casi todo sale rodado."
VOE_0694,Volotea,Desconocido,Bilbao,Palermo,Europe,mayo de 2025,4,Relación calidad precio del servicio bastante aceptable. Volvería a volar con esta compañía y espero amplíe destinos.
VOE_0695,Volotea,Desconocido,Bilbao,Palermo,Europe,mayo de 2025,1,"El martes 13 de mayo nos disponíamos a volar 4 adultos y 2 bebés lactantes. Un mes antes del vuelo, escribimos a la compañía preguntando por la documentación necesaria para los dos bebés lactantes y su respuesta es clara. No necesitan DNI, con el certificado de nacimiento es suficiente. Cuál es nuestra sorpresa que al llegar no nos dejan volar porque los bebés no disponen de DNI. Les mostramos el mail de su propia empresa en el que especifican la documentación que necesaria y su respuesta es que la información que nos han dado es errónea y no podemos volar. 6 de la mañana tiramos en el aeropuerto con dos bebés. La compañía admite que es su error y que pongamos una reclamación. A día de hoy 0 respuestas a las múltiples reclamaciones y llamadas que realizamos. Son unos sinvergüenzas"
VOE_0696,Volotea,Desconocido,Oviedo,Seville,Domestic,mayo de 2025,2,Ya había volado fuera de España con ellos y no hubo mayor problema. Parece que en los vuelos nacionales no he tenido la misma suerte. Una hora de retraso en la Ida quite supuso que me quedara sin el último tren mi destino y tuviera que hacer noche en Sevilla y otro tren al día siguiente. Y algo más de 3 horas en la vuelta. Es una pena la verdad. Tal vez el problema lo tengan solo en los nacionales.
VOE_0697,Volotea,Desconocido,Oviedo,Alicante,Domestic,mayo de 2025,3,"Embarque prioritario. Facturamos equipaje en mostrador aeropuerto. En la puerta de embarque la empleada nos informa que la mochila que llevamos tiene que ir debajo del asiento delantero. Consulto que de mano caso de que el compartimento superior vaya vacío si se podría poner la mochila en él. Me contesta que no, que es de obligado cumplimiento. *Es totalmente absurdo*. Quizá quiera conseguir el título de empleada del mes. Recomiendo a la empresa que al personal de tierra del aeropuerto de Asturias les den un curso de amabilidad ya que en general su actitud difiere bastante al del personal de otras compañías. En el avión, entrando de los primeros, nos vuelven a requerir que pongamos la mochila debajo del asiento. No llevamos más equipaje en cabina. Pero observamos que a medida que entran los pasajeros sin prioridad éstos van colocando mochilas en el compartimento superior...no entendemos. Embarque realizado, vuelo no va completo (lo cual debe de ser conocido de antemano por el personal), espacio suficiente en compartimento superior, aceptan colocarnos las mochilas en ellos. Al menos los auxiliares de vuelo tienen más sentido común que la empleada de tierra."
VOE_0698,Volotea,Desconocido,Bilbao,Las Palmas de Gran Canaria,Domestic,abril de 2025,2,"Volotea por ahora la peor compañia en la que he volado. Las demas compañias te dan solucion menos VOLOTEA. Explico mi caso. Este abril volamos de Bilbao a Gran Canarias y nada mas llegar a Canarias PRIMERA SORPRESA!!!! MALETA ROTA, SIN RUEDA Y ABOLLADA POR DIFERENTES SITIOS. Despues de una hora me realizaron el PIR y luego a rellenar el formulario online de reclamaciones de equipaje con todas las fotos solicitadas. A dias.... SEGUNDA SORPRESA!!! RESPUESTA DE QUE NO SE HACEN CARGO. Escribo su texto "" le informamos que Volotea no ofrece ninguna indemnización por rasguños, manchas, abolladuras y asas o ruedas rotas de tu equipaje, ni por los daños que resulten de la fragilidad de los objetos facturados o un embalaje deficiente."" Esto te hace pensar.... por que al reservar con ellos no te advierten de que si pasa algo no se van hacer responsables?? por que OTRAS COMPAÑIAS SE HACEN CARGO. A parte, si ellos dicen que nunca se hacen responsables por que en el aeropuerto te dicen que rellenes el papel y ellos te hacen rellenar online el formulario??? Si alguien de VOLOTEA me puede contestar estas preguntas.... Bonita forma de tratar a la clientela para volar con ellos!!!!! Con sus respuestas lo unico que consiguen es cabrear a la gente y no recomendar esta compañia."
VOE_0699,Volotea,Desconocido,Bilbao,Palermo,Europe,mayo de 2025,3,"El vuelo de ida a Palermo, sin incidencias. Perfecto. El de vuelta, ya fué otra historia... Si bien es cierto, que hubo problemas técnicos que supusieron un cierto caos para embarcar, lo solucionaron con cierta agilidad, y eficacia."
VOE_0700,Volotea,Desconocido,Seville,Bilbao,Domestic,mayo de 2025,1,Vergonzoso. El viejo truco del equipaje de mano: 40×30x20. Esto ha sido un robo. Me hacen pagar un suplemento de 60€ porque mi equipaje no entraba en una especie de horma que era más estrecha que las medidas exigidas. Pena no haber llevado un metro. Seguro que el empleado (absolutamente impresentable) lleva comisión. Nunca mais.
VOE_0701,Volotea,Desconocido,Malaga,Oviedo,Domestic,mayo de 2025,5,Es una línea aérea de low cost que casi siempre ha cumplido los horarios e incluso comienzan antes el embarque para poder llegar a destino antes de la hora fijada por lo que te recomiendo ser puntual cuando abren la puerta de embarque. Yo estoy adscrito al programa Megavolotea Plus que si viajas asiduamente como es mi caso al final lo rentabilizas tú y tus acompañantes y casi siempre durante el vuelo la tripulación tiene algún detalle mientras está el servicio de bar abierto.
VOE_0702,Volotea,Desconocido,Jerez De La Frontera,Oviedo,Domestic,abril de 2025,1,"Horrible es poco. Es la primera vez que vuelo con ellos y la última. En el viaje de ida no tuve problema, pero en el viaje de vuelta, dos días antes intenté hacer check-in online y no me permitía hacerlo. Me daba opción de comprar asiento para hacer check-in, así que lo intenté de esa manera, pero al llegar al último proceso de compra, me daba error y tampoco podía escoger asiento. No tenía forma de hacer check-in y obtener mi tarjeta de embarque. Contacto con atención al cliente (un buzón de email, ya que por teléfono no me daban opción a hablar con ningún agente) y no recibo respuesta durante el día. Espero otro día más, a ver si recibo contestación (mi vuelo salía al día siguiente) y no tengo noticias y sigo sin poder hacer el check-in, por lo que acudo al aeropuerto a ver si consigo encontrar el mostrador de Volotea abierto y alguna persona puede ayudarme. Al acudir al aerpuerto de Asturias, me atiende una chica muy desagradable, y me dice que no puede ayudarme, que puede que se hayan bloqueado los asientos y que acuda a las 6.00AM a ver si tengo suerte de conseguir uno asiento. ¿Cómo que ""a ver si tengo suerte""? he pagado una reserva desde hace 2 meses y no me dejan hacer check-in! dejándome con la ansiedad de no saber si podré coger el vuelo y llegar a mi ciudad... Señora que estoy a 850km de mi casa! Al final opté por comprar billetes de tren y asegurarme poder volver a mi casa. Lo más terrible de todo esto es que llegó el día del vuelo (25 de abril a las 10.30h estaba estimada la salida del avión) y a las 8.00AM recibo un email de Atención al Cliente de Volotea respondiendo a mi mensaje de hace 2 días pidiendo ayuda para el check-in. Me dicen que por problemas no podía realizar el check-in online y que me habían habilitado de forma gratuita el check-in en el aerpuerto. Obviamente ese mensaje llegó tardísimo, puesto que, ante la inminente situación de quedarme tirada sin poder volver, compré billetes de tren y a esa hora estaba ya de regreso a mi ciudad. Así que perdí el dinero del vuelo de regreso y encima tuve que gastarme 200 euros más en comprar billetes de tren de última hora para poder llegar a mi casa. Una auténtica vergüenza de aerolínea. JAMÁS viajaré con Volotea de nuevo."
VOE_0703,Volotea,Desconocido,Oviedo,Malaga,Domestic,mayo de 2025,5,"Fue mi primer vuelo y estaba muy asustada. Pero ha sido buenísimo, muy tranquilo, no daba la sensación de estar volando. Te ponen un QR donde puedes ver el vuelo en tiempo real y entretenerte con varios juegos"
VOE_0704,Volotea,Desconocido,Bilbao,Malaga,Domestic,mayo de 2025,1,"Horrible servicio, es la primera vez que realizo un vuelo, en primer lugar, aún presentándome para el chek-in dos horas y media antes, me cobraron 30 euros del chek-in, nadie me había informado que había que sacarlo online dos horas y media antes, no me aparecía esta información en el correo. Intenté hacer el chek-in dos horas y media antes y solamente me respondieron que tenía que esperar, que no podía realizar el chek-in tan pronto, sin embargo, cuando volví a la media hora, me comentaba que sino había hecho el chek-in online, debía pagar 30 euros. ¿Porqué no me informa de esto la señorita la primera vez que me presento con bastante tiempo para hacer el chek-in?, ¿Incoherencia o van claramente a sacarte el dinero?. Lo peor de todo es que yo y dos personas más perdimos el vuelo. lo perdimos 3 personas. Es mi primera vez en el aeropuerto de Bilbao y perdí mi vuelo porque no había ninguna persona física en el stand para informar a los pasajeros de que el embarque se realiza en la planta de abajo, ví en la pantalla un mensaje que decía esperé y por tanto, comencé a cargar mi teléfono y seguí esperando, tampoco se señalizó por megafonía nada al respecto. No había ninguna azafata para dar información a los pasajeros. En la pantalla no se señalizó el embarque y La azafata apareció 10 minutos antes de que el vuelo saliera y solo para decir que ya estaba cerrado el embarque, fuimos tres personas las que nos quedamos fuera del vuelo, y además el vuelo salió cinco minutos antes de la hora prevista, sin corresponder los horarios de la pantalla con los horarios de la tarjeta de embarque. Los agentes de pista nos vieron a los tres pasajeros, y aún quedando cinco minutos no dejaron que subiésemos, perdimos el vuelo y tuvimos que sacar uno nuevo. La misma azafata alta y morena, que fue la que me atendió, después, cuando me quejé sobre esto, nos atendió con poca educación y alzando el tono de voz de muy malas maneras, no nos dejó ni hablar. Ella decía que hemos llegado tarde al vuelo y que sí avisó por megafonía, cosa que no era verdad. Nadie dio aviso por megafonía. Quería hacer saber aquí que las personas que perdimos el vuelo fuimos tres, cada una de diferentes familias, perdimos el vuelo porque no hubo servicio de atención al cliente. Me presenté para hacer el chek-in dos horas y media antes, con bastante tiempo de antelación, y estaba cerca de mi pantalla de información, mirando a cada minuto, mientras cargaba el teléfono. 1º las azafatas no están en su stand para informar del embarque. Fue la misma azafata la que me atendió antes de hacer el chek-in y la que apareció 10 minutos antes del vuelo para decir que ya estaba cerrado. 2º no se da aviso por megafonía. 3º no hay buena señalización para indicar que el embarque se realiza abajo. 4º el pago del chek-in en metálico con un coste de 30 euros si no lo realizas online dos horas y media antes no es una información que se te indique en el correo de reserva. Además tampoco te lo comunican las azafatas de información cuando llegfas dos horas y media antes a hacer el chek-in. Posdata: ¿Consideras que si una persona no está familiarizada con un aeropuerto tiene la señalización adecuada para comprender cómo se realiza el procedimiento?... El aeropuerto del Bilbao dejó mucho que desear."
VOE_0705,Volotea,Desconocido,Alicante,Oviedo,Domestic,mayo de 2025,1,"Viaje con Volotea y una maleta que tenía en buen estado me la dejaron toda pelada y abollada la respuesta que me han dado es que no se hacen responsables porque es debido al uso de la maleta cuando los abollados y pelados que tiene es debido al mal uso que le han dado ellos la maleta no tenía nada de eso antes de volar, última vez que vuelo con esta compañía iresponsables buena manera de quitarse responsabilidades"
VOE_0706,Volotea,Desconocido,Bilbao,Malaga,Domestic,mayo de 2025,1,"Malos modales de todas las azafatas de la compañía y 0 comprensivos. No intentaron ayudar en ningún momento ni dar ninguna solución, nos hizo perder el vuelo cuando llevábamos en la puerta de embarque 20 minutos. Gritándonos en la cara y sin dejarnos hablar . En resumen, si podéis ahorraros el viajar con esta compañía hacedlo , primera y última vez que lo hago yo"
VOE_0707,Volotea,Desconocido,Valencia,Bilbao,International,mayo de 2025,1,I don't recommend using this company... they made me pay for my suitcase on the return flight when I bought flights with suitcase included! Don't use Volotea! ... No aconsejo utilizar esta compañía... me hicieron pagar la maleta en el vuelo de vuelta.. cuando compré los vuelos con maleta incluída !!! No utilicéis volotea !!!
VOE_0708,Volotea,Desconocido,Bilbao,Valencia,Domestic,mayo de 2025,3,"Vuelos muy bien, puntuales y rápidos, llegamos antes de lo previsto en los dos. Me suscribí al programa mega volotea. Quiero coger otros vuelos y la página de reservas no es ágil ni fácil de utilizar. Tampoco hay muchas opciones de vuelos fuera de España. No sé si me compensará el precio excesivo que pagué por hacerme mega..."
VOE_0709,Volotea,Desconocido,Oviedo,Milan,Europe,mayo de 2025,5,"Me encanta Volotea, siempre cumplen con los horarios establecidos, tienen precios económicos y los vuelos siempre son agradables. Es mi compañía preferida para volar hasta el momento. Creo que compensa ser Megavolotea por incluir la maleta de 10kg y otras ventajas que tiene."
VOE_0710,Volotea,Desconocido,Las Palmas de Gran Canaria,Madrid,Domestic,mayo de 2025,5,"Precio muy económico, lo tuve que comprar de un día para otro , puntualidad y amabilidad. El vuelo fantástico , tanto despegue como aterrizaje perfectos . Sin duda repetiría con ellos ."
VOE_0711,Volotea,Desconocido,Malaga,Oviedo,Domestic,abril de 2025,1,"Me metieron en overbooking. Cuando llegó a facturar me dicen que hay 4 asientos libres pero que los van a intentar vovler a vender y de ser así yo no volaría. Esta es una práctica habitual en esta compañía. Legal pero que te puede dejar en tierra y estropear tus planes. So podéis evitarla, hacedlo. Os puede causar un disgusto y no es algo aislado. Un chico que viajaba en el mismo vuelo era la segunda vez q le pasaba."
VOE_0712,Volotea,Desconocido,Bilbao,Florence,Europe,abril de 2025,1,Utilizan información confidencial de tus cuentas bancarias para cobrar tarifas abusivas sin ningún tipo de justificación un mes después de haber comprado los billetes.
VOE_0713,Volotea,Desconocido,Bilbao,Valencia,Domestic,mayo de 2025,5,"Todo perfecto. Salieron a la hora y llegamos antes de tiempo( recortaron tiempo durante el vuelo) tanto a la ida como a la vuelta, las azafatas fueron muy amables. Tienen servicio de snacks y bebidas."
VOE_0714,Volotea,Desconocido,Oviedo,Grand Turk,International,mayo de 2025,5,"Vuelo a horas intempestivas de la madrugada (6.40), pero que te permite aprovechar el dia en la ciudad de destino. Siempre que he volado con Volotea han sido puntuales, serios, rigurosos y sin ninguna incidencia negativa."
VOE_0715,Volotea,Desconocido,Zaragoza,Menorca,Domestic,mayo de 2025,4,Personal de vuelo muy amable. Estoy muy agradecido por su atención. Por desgracia tuvieron problemas con las bebidas frías y no se sirvieron.
VOE_0716,Volotea,Desconocido,Oviedo,Tenerife,Domestic,abril de 2025,1,"Trato pésimo hacia los pasajeros de la señorita que estaba facturando el vuelo desde Oviedo a Tenerife Sur el día 26 de abril. Una falta de profesionalidad y nada empática con los pasajeros. Flaco favor le está haciendo a la compañía dicha persona. Hay que mimar a los pasajeros para que éstos a su vez entren en el programa de fidelización de la compañía. No fui la única persona en la cola, mal tratada y humillada, hubo más pasajeros igual. Ya dentro del avión era el comentario entre muchos pasajeros. Jamás volveré a volar en esta compañía. Y qué pena que a los jefes no les llegue todo esto. Porque todos esos detalles hacen mucho daño a la imagen de la compañía. Hay compañías más pequeñas que para el mismo trayecto el servicio a bordo y en el check in es exquisito. La pena es que ya no había plaz as cuando compré el billete en la otra compañía. Con este tipo de personal, la empresa no llegará lejos."
VOE_0717,Volotea,Desconocido,Seville,Oviedo,Domestic,mayo de 2025,5,"De todas las compañías lowcost me quedo con Volotea. Primero para mi por el espacio en las piernas, soy alto y en otros vuelos voy apretadísimo. Segundo, los precios no los manipulan. Son bastante puntuales y desde que uso la afiliación, los descuentos, ahorros y tickets regalo de cumpleaños, más facturación gratis de maleta grande, pufff me ahorra tiempo y dinero!!! La mejor sin duda. Recomendable!!"
VOE_0718,Volotea,Desconocido,Malaga,Nantes,Europe,abril de 2025,5,"Viaje agradable , azafatas que atienden bien a las personas con discapacidad. La unica cosa es que no se entiende porque las personas que no pueden andar tienen que estar del lado de la ventanilla que no es comodo para llegar hasta ahi."
VOE_0719,Volotea,Desconocido,Barcelona,Verona,Europe,mayo de 2025,2,"Si tienes que viajar con tu perrito o gatito no son nada nada flexibles, viaje con mi perrita dentro de su transportín ,atadita, pero si la tengo que cerrar del todo se pone muy nerviosa(ya la sedo antes con sisleo), en Vueling por el momento no me ha pasado y va en el suelo con la cabecita fuera.Aqui la perrita se puso nerviosa al ver que le empujamos para encerrarla , les pedí que solo fuera con la cabecita fuera, imposible,que me cancelaban el vuelo decía una asistenta.pase un momento horrible y mi perrita peor aún.en Vueling por suerte de momento no ha pasado.Lo que tienen mascotas sabrán que se pasa un momento muy muy malo que te puede estropear el viaje.no volveré con Volotea con mi perrita."
VOE_0720,Volotea,Desconocido,Oviedo,Venice,Europe,mayo de 2025,5,"Puntual y sin problemas. Hay algo más de espacio para las piernas que Ryanair. Ofrecen ocio en el avion mediante un WiFi y tu propio móvil, en mi caso funciono regular a la ida y muy a la vuelta. Vuelan Airbus."
VOE_0721,Volotea,Desconocido,Bilbao,Valencia,International,abril de 2025,5,"Es la segunda vez que vuelo en Volotea, el servicio me pareció muy puntual, cómodo y el vuelo me pareció muy corto. El personal tanto de mostrador, de abordaje y en vuelo me pareció muy amable. Mi única sugerencia es aumentar frecuencias de vuelo y llegar a más destinos. Todo genial!"
VOE_0722,Volotea,Desconocido,Bilbao,Valencia,Domestic,abril de 2025,4,El vuelo fue rapido y comodo. el embarque y desembarque fue rapudo y el vuelo tranquilo llegando un poquito antes por viento a favor.
VOE_0723,Volotea,Desconocido,Venice,Bilbao,Europe,abril de 2025,4,"Buena experiencia. Facilidad para comprar billetes, hacer el checkin y embarque. Puntualidad en los vuelos. Es una pena que en el aeropuerto de Venecia no se empleen los fingers para acceder al avión al igual que ocurre en el aeropuerto de Bilbao"
VOE_0724,Volotea,Desconocido,Alicante,Oviedo,Domestic,abril de 2025,5,"Muy bien el vuelo, calidad precio, optima. Lo unica peca de esta compañia es el servicio al cliente,cuando mandas un correo electronico, te contestan con poco afan de resolver el problema!"
VOE_0725,Volotea,Desconocido,Bilbao,Alicante,Domestic,mayo de 2025,1,"Low cost que intenta cobrar por cualquier cosa. Me han obligado a facturar, y pagar, por una mochila incluso siendo Megavolotea."
VOE_0726,Volotea,Desconocido,Madrid,Ancona,Europe,abril de 2025,1,"Para un vuelo simple de $80 te cobran una suscripcion de mas de $165 que no te piden. Hice el reclamo y me dicen que perderé beneficios, no se cuales son esos beneficios, al final es un perjuicio para un vuelo sencillo, en pocos dias es mi vuelo y no se que hacer, si desiscribirme o no hacerlo, su sistema de chat no funciona y las respuestas en los formularios demoran."
VOE_0727,Volotea,Desconocido,Malaga,Donostia - San Sebastian,Domestic,abril de 2025,4,Buena experiencia en general con la única queja de la falta de higiene de los compartimentos superiores para guardar maletas en cabina
VOE_0728,Volotea,Desconocido,Donostia,San Sebastian - Seville,Domestic,abril de 2025,4,El avión salió puntual del aeropuerto de salida y llegó antes de la hora prevista al aeropuerto de llegada. Fue todo perfecto.
VOE_0729,Volotea,Desconocido,Nantes,Palma de Mallorca,Europe,abril de 2025,1,"Nos han dado la maleta destrozada, con las ruedas desprendidas y golpes por todas psrtes. Un servicio nefasto y encima no puedes reclamar nada. Compañía nada recomendable."
VOE_0730,Volotea,Desconocido,Malaga,Strasbourg,Europe,abril de 2025,1,Cuidado con esta compañía. Una vez que tienen tu tarjeta de crédito la utilizan para darte de alta en suscripciones sin tu consentimiento (70€ me han cargado en la tarjeta)
VOE_0731,Volotea,Desconocido,Palermo,Verona,Domestic,abril de 2025,5,"Todo muy bien, estaría mejor que la gente al arribar y al descender sea más ordenada o mejor dicho mas rápida y no tan impaciente parándose antes de que le toque bajarse del avión, pero con respecto a la aerolínea, todo muy bien"
VOE_0732,Volotea,Desconocido,Oviedo,Valencia,Domestic,marzo de 2025,5,"Compañia muy fiable. lo que mas me gusta es que siempre cumple en los horarios, siempre que volé con ellos nunca tuve problemas de retraso. tambien que con megavolotea plus al que estos suscrito, noto que hay muchas ventajas, como poder llevar mi maleta comigo, embarque prioritario y normalmente me ofrecen un cafe o te a bordo gratuitamente, ademas de otra clase de descuentos. Por lo que yo la recomiendo y la seguire usando como mi compañia favorita, siempre y cuando pueda viajar a los destinos que ellos tienen vuelos."
VOE_0733,Volotea,Desconocido,Oviedo,Tenerife,Domestic,abril de 2025,1,"Vuelo a menudo, más de 5 vuelos mensuales y fue el peor vuelo de mi vida. Durante el despegue en la pista el avión se tambaleaba y al despegar seguía igual, la gente rezando, asustada… la peor experiencia de mi vida. Luego, durante el vuelo había veces que había ruidos raros y en una zona de turbulencias había una inestabilidad que parecía que se iba a caer el avión, y la gente asustadisima recordando lo que habíamos vivido en el despegue. Por supuesto, el aterrizaje no fue diferente, aproximando a pista otra vez inestabilidades con poco viento y a baja altura, al menos al tocar pista el avión estaba más estable que en el despegue. Es la primera vez que he sentido pánico en un avión."
VOE_0734,Volotea,Desconocido,Oviedo,Malaga,Domestic,abril de 2025,1,"Personal de tierra desagradable, proceso de embarque y desembarque penoso. Cobraron 65€ en la puerta de embarque sin comprobar que la maleta pesaba menos de 10 kg a pesar de tener megavolotea. Tampoco dieron la opción a facturarlos en bodega, cosa que si hacen cuando son ellos los que generan el problemas por vender las maletas de cabina de las que caben en el avión. Servicio de atención al cliente nefasto."
VOE_0735,Volotea,Desconocido,Valencia,Donostia - San Sebastian,International,diciembre de 2024,1,Aún estoy esperando una indemnización por retraso del vuelo que ha sido indemnizado a otros pasajeros del mismo vuelo.
VOE_0736,Volotea,Desconocido,Barcelona,Murcia,Domestic,abril de 2025,5,"Como de costumbre el vuelo estupendo. Esta vez solo dos incisos: 1º-Perdí el autobús porque el vuelo salió con retraso, pero un alma caritativa (mil gracias!!!!) me llevo del aeropuerto a mi destino final. 2º-La página web y app de Volotea falla muchísimo, me las veo y me las deseo para cambiar la fecha de vuelo. Pero en resumen BIEN."
VOE_0737,Volotea,Desconocido,Madrid,Lyon,Europe,abril de 2025,1,"Intenté hacer mil veces el check in, con número de reserva con número de vuelo y no me permitía. Lo intente varias veces desde el día anterior al vuelo. Llegó al aeropuerto con mucha antelación para preguntarle directamente a las personas de la aerolínea. Y me dicen que tengo que pagar 60 euros que da igual que lo aya intentado mil veces que si no funcionó que lo debo pagar para poder viajar. Primero que todo me parecen unos incompetentes por qué si estoy llendo con anticipación es para que me ayuden a solucionar el problema, imaginate si siendo joven conociendo los dispositivos electrónicos y no pude hacer, ahora dime las personas mayores que hacen ? Seguro les cobran a todos. Tristemente vergonzoso. Segundo que te cobren 10 euros o hasta 20 €vale peros 60 €es un verdadero robo. Espérate que cuando estaba haciendo la cola escuchaba a otra señora pagando también a mayores con el mismo problema. Enfin que se hacen pasar por low-cost y ala final pagas lo mismo o incluso más que en otras aerolíneas. Tercero intento después de que pague los 60 € par aver si la aplicación seguía sin funcionar y adivina que funcionó por arte de magia mostrando en la pantalla las tarjetas de embarque digitales 🤦🏽‍♀️🤦🏽‍♀️🤦🏽‍♀️esto es de locos. Fatal......"
VOE_0738,Volotea,Desconocido,Fuerteventura,Oviedo,Domestic,abril de 2025,4,"Por ser megavolotea plus me ofrecieron una bebida (té o café) pero sólo a mi. A mi acompañante se lo negaron. Me parece de bastante mal gusto. Cuánto se ahorraron? 0,25 eur por una bolsita de té? Me quedo sin palabras para calificarlo. Por otra parte el vuelo iba lleno y sólo estaba disponible un baño en la parte trasera del avión para todo el pasaje porque la tripulación bloqueó el baño delantero para su uso exclusivo."
VOE_0739,Volotea,Desconocido,Oviedo,Malaga,Domestic,abril de 2025,5,"Puntualidad calidad servicio y precios, el servicio es inmejorable la oferta la amplitud del espacio por ahora no lo supera ninguna empresa de vuelo de bajo coste es un modelo a seguir y no debe de cambiar"
VOE_0740,Volotea,Desconocido,Murcia,Barcelona,Domestic,abril de 2025,5,"Es genial que tengáis vuelos desde Murcia a Barcelona. Te vas un viernes y vuelves el lunes, pudiendo disfrutar de Barcelona y tardando apenas una hora. Aviones nuevos, puntuales y personal amable"
VOE_0741,Volotea,Desconocido,Bilbao,Athens,Europe,abril de 2025,1,"Retraso de 2 horas en la ida y media hora en la vuelta. Desastre de organización en las notificaciones y en las filas de embarque prioritario tanto a la ida como a la vuelta. Habíamos pagado por la maleta de cabina y no había sitio, ocupados por los bultos de viaje que tienen que ir debajo del asiento."
VOE_0742,Volotea,Desconocido,La Coruna,Malaga,Domestic,abril de 2025,1,"Solo están preocupados por sacarte 15 o 30€ de complementos y cualquier excusa vale. Incluso la de hacer el checkin sin el móvil. Es una compañía que se aprovecha en general de la gente mayor, y de los que no viajan a menudo para sacar algo más de dinero. Un lowcost caro y siempre con alguna sorpresa. Su programa supervolotea es ridículo, siempre hay más cola para entrar en priority que en normal…. Y si vas en fila 1 con todos los extras, ni un vaso de agua. Simplemente cutre. Un modelo de negocio que dará dinero, pero que sin duda no es para estar orgulloso."
VOE_0743,Volotea,Desconocido,La Coruna,Valencia,Domestic,abril de 2025,1,"Ya en la puerta de embarque nos cancelaron el vuelo alegando causas meteorológicas mientras presenciábamos cómo otras compañías aéreas despegaban y aterrizaban. No nos ofrecieron ningún tipo de alternativa más que reclamar el importe del vuelo, y como atención al cliente estaba cerrado desde las 7 de la tarde tuvimos que regresar a nuestros domicilios buscándonos la vida renunciando a las tan deseadas vacaciones."
VOE_0744,Volotea,Desconocido,La Coruna,Valencia,Domestic,abril de 2025,1,"Una verdadera vergüenza la situación...no pude hacer el check in online por lo que tuve que llegar mucho más pronto de lo esperado al aeropuerto, llegó al mostrador le comento a la persona que estaba (fue muy maja la verdad) y me dice que hay overbooking en el vuelo, que debo de esperar por si puedo o no volar."
VOE_0745,Volotea,Desconocido,Seville,Santander,Domestic,abril de 2025,5,"Fue una experiencia bastante buena. Mi hijo volaba por primera vez y todo fue estupendamente. El único inconveniente es que hubo un pequeño retraso, pero aún así volvería a repetir con Volotea"
VOE_0746,Volotea,Desconocido,Malaga,Bilbao,Domestic,abril de 2025,1,"¿Era un vuelo o un experimento psicológico? Volotea. O mejor dicho Vol-NO-tea, porque no te-avisa, no te-apoya y no te-ayuda. Hacer check-in con esta aerolínea es como participar en una gincana infernal sin instrucciones, sin mapa y con el reloj corriendo en tu contra. Cero señalización, cero personal útil, y cero ganas de facilitarte la vida. Preguntas algo y te miran como si les hubieras pedido la fórmula de la Coca-Cola."
VOE_0747,Volotea,Desconocido,Oviedo,Barcelona,Domestic,abril de 2025,1,"Desde la fscturacion hasta la entrada al avion han sido unos maleducada. Al acceder al avion con priority boarding la controladora con chaleco amarillo apretandonpara entrar rapido cuando iba con un bebé, cuando le dije que si no veia que iba con el bebé me dijo que era un maleducada. Despues en la tipulación un tal miguel siguió siendo un maleducada y haciendonos las cosas dificil hasta el final. Me dijo que ya habia visto que habia dado por saco en la subida al avión. Este tipo de personal no debería de trabajar con público y debería ser despedido de la aerolínia. Por supuesto nunca mas volaré con este intento de aerolínia"
VOE_0748,Volotea,Desconocido,Bilbao,Seville,Domestic,marzo de 2025,5,"Es un vuelo directo, rápido y cómodo. En menos de hora y media estoy en mi destino. Lo que en coche supone un día entero de conducción, con este vuelo llego a mi destino en menos de hora y media. Supone poder disfrutar de"
VOE_0749,Volotea,Desconocido,Bilbao,Seville,Domestic,marzo de 2025,5,"La verdad que tanto mi amiga que viajó conmigo, como yo, tuvimos un vuelo excelente. La tripulación de a bordo y de cabina muy serviciales y atentos. Volveré a volar con Volotea, de hecho soy miembro reciente de megavolotea, ya que así he obtenido importantes descuentos y he podido llevar mi maleta de cabina sin ningún coste adicional."
VOE_0750,Volotea,Desconocido,Montpellier,Nantes,Domestic,abril de 2025,3,"Te facturan maleta cuando tenes incluido en tu propuesta comercial. En el aeropuerto nadie de la empresa Voltea para chekear. Tuvé que pagar para que me lleven mi maleta. Ahora nadié para contestarme. Tengo que llamar y pagar la llamada 0,80€ por minuto.... inaceptable. En la valoracion Trustpilot te dicen ponerse en contacto contigo, pero NADA."
VOE_0751,Volotea,Desconocido,Alicante,Bilbao,Domestic,abril de 2025,4,"El vuelo todo bien, salimos con un poco de retraso por el aire que hacía y hubo turbulencias, pero eso no es culpa de la aerolínea. El avión hace mucho ruido al despegar y aterrizar y el sitio entre las filas de asientos es bastante estrecho pero todo lo demás perfecto. El personal muy bien, muy atento. Repetiré sin duda."
VOE_0752,Volotea,Desconocido,Barcelona,Verona,Europe,abril de 2025,1,"Atencion al cliente nefasta politicas de viaje tan malas que ryanair de hace 20 años parece Singapore Airlines en comparacion ademas de que la gente de atencion al cliente es muy borde en la manera de contestar. puedes contratar todos los servicios plus con la prueba de megavolotea pero te los quitan (aunque esten contratados) cuando el periodo de prueba se acaba el coste de añadir 1 maleta en 1 solo viaje es mas caro que el viaje entero y que añadir 1 maleta por cada viaje, absurdo"
VOE_0753,Volotea,Desconocido,Oviedo,Valencia,International,abril de 2025,1,"Tuve que ir al aeropuerto dos horas antes para hacer el check in porque online no me dejaba. Una vez en el mostrador, tuve que esperar 25 minutos por mis trajetas de embarque, con un bebe de dos meses llorando porque tenia que comer, porque la señorita de volotea estaba enseñando a otras 5 personas el proceso de check in. Sin embargo, mi maleta se pasaba 500gramos de peso y tuve que abrir y sacar solamente un abrigo para que me dejaran facturar. Entiendo la politica, pero no puedes tener a una mama sola con un bebe de dos meses en un mostrador viendo como se hace un training, yo sin quejarme, pero ponerse totalmente inflexible por 500gramos de peso. Por supuesto nadie se disculpo conmigo y cuando me iba la chica del mostrador se dedicó a comentar la situacion con sus compañeras, cosa que dista mucho no solo de la buenq educacion sino de un buen trato al cliente"
VOE_0754,Volotea,Desconocido,Oviedo,Alicante,Domestic,abril de 2025,5,"Tuve un pequeño mareo en el aeropuerto y el personal de Volotea me trató maravillosamente haciendo mi vuelo mucho más tranquilo, se preocuparon en todo momento por mi salud, ha sido un placer cruzarme con gente tan agradable en este momento de mi vida, muchas gracias"
VOE_0755,Volotea,Desconocido,Barcelona,Ancona,Europe,marzo de 2025,4,"Todo correcto, fácil de coger los vuelos y precios muy económicos con Megavoloteaplus. Los dos vuelos fueron muy bien y por ser Megavoloteaplus, me ofrecieron una bebida gratis Pepi,"
VOE_0756,Volotea,Desconocido,Las Palmas de Gran Canaria,Oviedo,Domestic,marzo de 2025,5,"LLEGADA A ASTURIAS CON RETRASO CAUSAS METEOROLÓGICAS LA TRIPULACIÓN MUY AMABLES, EL RESTO EXCELENTE. HEMOS HECHO DE MOMENTO VARIOS VUELOS DE MOMENTO TENEMOS DOS PENDIENTES CON VOLOTEA UNO EL DIA 8 DE ESTE MES Y PENDIENTE OTRO PARA MAYO, ESPERAMOS QUE SALGA BIEN. UN SALUDO CORDIAL. M. MENÉNDEZ."
VOE_0757,Volotea,Desconocido,Alicante,Oviedo,Domestic,marzo de 2025,5,"Vuelo agradable y puntual, como en anteriores ocasiones. Quizás se podría agilizar el embarque, aunque esto depende también de los pasajeros. Excelente relación calidad precio en este caso."
VOE_0758,Volotea,Desconocido,Oviedo,Malaga,Domestic,marzo de 2025,5,Ya hice muchos vuelos con Volotea y nunca tuve ningún problema. El personal muy amables y dispuestos a ayudar en lo que se necesite. Los vuelos muy tranquilos. Unas pocas veces salio con un poco de retraso pero a destino llegamos a la hora Yo soy Megavolotea y estoy muy contenta porque puedo llevar 1 maleta de cabina y una mochila bajo el asiento. Y aparte los descuentos Lo recomiendo 100×100
VOE_0759,Volotea,Desconocido,Oviedo,Valencia,Domestic,marzo de 2025,5,"... pero no puedo poner nada negativo acerca del vuelo Valencia-Asturias del día 31 de marzo. Avión con suficiente distancia entre asientos, personal correctísimo, embarque ordenado y veinticinco minutos de adelanto con respecto a la hora programada de llegada."
VOE_0760,Volotea,Desconocido,Paris,Bilbao,Europe,marzo de 2025,5,"Viajé por ocio a Paris, y la vuelta la cogí con Volotea ya que me habían hablado bien de esta aerolínea y además la calidad precio era muy buena. Fue un vuelo rápido, el personal muy agradable y a pesar del viento que hacia, buen aterrizaje."
VOE_0761,Volotea,Desconocido,Seville,Santander,Domestic,mayo de 2024,1,"TU RECLAMACIÓN FRANCISCO JAVIER DIAZ-CRESPO DEL HOYO A: VOLOTEA Número de reclamación - 12249596 07/03/2025 francisco javier diaz-crespo del hoyo 7 mar 2025, 12:36 CET El 28/12/2023 realize una reserva para 2 personas para un vuelo ida y vuelta Sevilla-Santander con fechas 1 y 6 de Mayo de 2024, con la posibilidad de cancelación y sustitución por otros vuelos en otras fechas que yo eligiera a través del pago de la denominada tarifa flex, ofrecida durante el proceso de reserva, con cambios ilimitados , sin fecha límite de realización. El 17 de Enero de 2024 realice la cancelación de mi reserva, siendo informado que se me reembolsaba con el denominado Crédito Volotea, lo que suponía más de un 25% menos de lo abonado, sin que se me advirtiera de que tenía caducidad de uso. Supongo que mis plazas serían utilizadas por otros clientes, dado que la cancelación la realicé con casi 4 meses de adelanto, por lo que la compañía ya había obtenido un beneficio a mi costa, Al ir a reservar actualmente un vuelo este presente año descubro que me han anulado la devolución en formato de crédito de la cancelación que realice, por la supuesta caducidad inadvertida. He solicitado la reintegración del crédito Volotea que me corresponde, con resultado negativo,. Posteriormente he reclamado las tasas aeroportuarias abonadas e inutilizadas por mi parte, denegándose por supuestamente estar incluidas en el crédito, a pesar del descuento previo del 25%. Por último he solicitado, al menos , un bono descuento, sin obtener respuesta, por lo que aconsejo desconfiar de los servicios de esta aerolínea. Localizador: KBBIWD"
VOE_0762,Volotea,Desconocido,Bilbao,Rome,Europe,mayo de 2024,1,"Nos acaban de quitar 70 pavos por una ""suscripción a Megavolotea"" DEJO CLARO QUE NO NOS HEMOS SUSCRITO Y NOS HAN QUITADO PASTA DE LA NADA. UN TIMO UNA ESTAFA Y PIENSO TOMAR MEDIDAS LEGALES. No os recomiendo viajar con esta aerolínea . Un verdadero timo. Leed bien cuando compréis los voletos la letra pequeña porque igual os engatusan con un precio barato y luego acabáis pagando una suscripción de 70 pavos como nos ha pasado."
VOE_0763,Volotea,Desconocido,Ancona,Barcelona,Europe,marzo de 2025,4,"Avión cómodo, embarque rápido, personal de tierra muy eficiente. Retraso en hora de salida, lo típico de todas las supuestas Low Cost."
VOE_0764,Volotea,Desconocido,Donostia,San Sebastian - Seville,Domestic,marzo de 2025,5,Puntualidad y amabilidad total. Viajes de Ida y Vuelta del 17 y 21 de marzo del 2025. Volveremos a viajar con Volotea sin duda.
VOE_0765,Volotea,Desconocido,Seville,Santander,Domestic,marzo de 2025,5,"Excelente puntualidad, facilidad y rapidez en embarque. Asientos cómodos. Buena disposición y amabilidad del personal. Avión limpio"
VOE_0766,Volotea,Desconocido,Oviedo,Valencia,Domestic,marzo de 2025,2,"Compré dos maletas de 10 kgs para llegará bordo y tenía mis 2 carry on comprados con las medidas oficiales de equipaje a bordo que he usado en todos mis vuelos. Al llegar al mostrador te mandan a colocar en un hueco que definitivamente no tiene la medida oficial y te dicen que debes pagar la maleta, 65 euros te cobran por cada una. Realmente es una burla ya que todos los carry on de los pasajeros eran iguales o mayores a los míos, ninguno entra, es la lotería de si te van a escoger medir para cobrarte, oh casualidad todos los que pidieron medir a todos nos tocó pagar. Realmente estafoso el proceso, que experiencia tan desagradable."
VOE_0767,Volotea,Desconocido,Madrid,Bordeaux,Europe,marzo de 2025,5,"El vuelo fue bien, sin ninguna incidencia. Tanto al principio como al final. El personal agradable y accesible. Una experiencia para repetir."
VOE_0768,Volotea,Desconocido,Oviedo,Alicante,Domestic,marzo de 2025,5,Hemos viajado varias veces con Volotea y nunca hemos tenido ningún problema siempre puntuales y personal muy amable a un buen precio
VOE_0769,Volotea,Desconocido,Donostia,San Sebastian - Valencia,Domestic,marzo de 2025,4,Comodo y rápido. Lo aconsejo. Los vuelos fueron bien tanto la ida como la vuelta. Yo sufro de claustrofobia y la verdad es que mejor de lo que esperaba.
VOE_0770,Volotea,Desconocido,Marrakech,Bilbao,International,marzo de 2025,5,"Me encantaría poder viajar a Marrakech durante todo el año, pero lamentablemente, no hay vuelos disponibles todo el año y no se entiende bien por qué. Espero que las aerolíneas estudien la ruta Bilbao-Fez, ya que creo que podría tener un gran éxito. Esta ruta podría ofrecer más opciones para los viajeros y aprovechar la demanda existente."
VOE_0771,Volotea,Desconocido,Seville,Oviedo,Domestic,marzo de 2025,5,"En mi opinión, muy recomendable tanto por la amabilidad de azafatas, limpieza del espacio y puntualidad. La mejor experiencia en lo que respecta aerolíneas de corta distancia en Europa."
VOE_0772,Volotea,Desconocido,Bilbao,Venice,Europe,marzo de 2025,3,"El problema de estos vuelos es que limitan la maleta de cabina, cobran por todo, por elegir asiento, por realizar el Check In, por equipaje, casi por respirar. están todo el vuelo intentando vender algo, cobrar y cobrar. Una pena porque el servicio en el vuelo y aeropuertos fue perfecta."
VOE_0773,Volotea,Desconocido,Oviedo,Lisbon,Europe,marzo de 2025,1,"En realidad, el vuelo no sabemos si será o no... estábamos haciendo una reserva de tres billetes a Lisboa, para ir a un congreso. Decidimos pagar por Bizum, nos llega la petición, pagamos y... no hay confirmación del vuelo, ni de reserva, ni rastro del email... No hemos podido revertir el pago por Bizum, no tenemos los billetes y... minutos después los vuelos han subido de precio. Ahora estamos esperando a que alguien nos conteste... imagino que nos devolverán el dinero, pero que los billetes deberemos pagarlos a un precio mayor que el que habíamos pagado inicialmente. Seguramente alguien contestará que estarán encantados de atender nuestra reclamación y blablabla... pero eso nos sirve de poquito y suena vacío, como el estado de la cuenta sin los 170€ del Bizum que hemos enviado."
VOE_0774,Volotea,Desconocido,Malaga,La Coruna,Domestic,febrero de 2025,1,A los 15 días me han cobrado una suscripción de 139.90 euros. Espero que me hagan el reembolso pq yo no he aceptado nada . Menudos piratas
VOE_0775,Volotea,Desconocido,La Coruna,Malaga,Domestic,marzo de 2025,5,"Muy buena relación calidad-precio. El vuelo salió y llegó en hora. El personal fue amable y el proceso de facturación fue adecuado. Además, el hecho de volar desde A Coruña es un plus añadido, al no tener que desplazarse a Santiago, ahorrando tiempo y dinero. Volveré a volar con Volotea desde A Coruña."
VOE_0776,Volotea,Desconocido,Malaga,Bilbao,Domestic,marzo de 2025,4,"Una compañía low cost que no había viajado nunca y la verdad que lo que me llamo la atención fue que contaba con personal propio en los aeropuertos de Málaga y Bilbao, así que por ese lado genial, porque si que se puede ser de bajo coste y tener personal propio y no sub contratado en condiciones precarias. Embarcamos y desembarcados con finger algo inmediato, puesto que otras aerolíneas usan jardinera para moverse o directamente a pie. Avión limpio y tripulación agradable aunque se respiraba tensión entre algunos de los compañeros. Como negativo pero que puede ser subjetivo, el excesivo calor que hacía dentro del avión y los precios altos de la comida, pero eso es algo la verdad que muy normal en los aviones y aeropuertos."
VOE_0777,Volotea,Desconocido,Bilbao,Porto,Europe,marzo de 2025,4,"Puntualidad. El arerrizaje en Bilbao, con viento y de noche, muy bueno. Poner mas vuelos, con mas frecuencia, a ciertos destinos, que en invierno desaparecen."
VOE_0778,Volotea,Desconocido,Bilbao,Seville,Domestic,febrero de 2025,5,Me gustó mucho viajar con ustedes siempre lo hago encantado. Mi hijo está estudiando ahora para azafato de vuelo y nada me gustaría más que fuera contratado por vosotros. Un fuerte abrazo
VOE_0779,Volotea,Desconocido,Oviedo,Las Palmas de Gran Canaria,Domestic,marzo de 2025,1,"Viajo cada dos semanas a gran canaria, a veces con esta compañía y a veces con otra. Para ser la mejor compañía low cost, deja mucho que desear. El servicio de menú nunca está completo,incluso a veces no tienen hielo durante el vuelo. Si no imprimes el billete, vas a la ventanilla de facturación a por el y te cobran 30 euros por un billete que ya está pagado y por un trabajo que es el suyo. Al volar tantas veces pagué el servicio de megavolotea y no sirve para nada. Es una vergüenza. Dejaré de volar con esta compañía."
VOE_0780,Volotea,Desconocido,Milan,Oviedo,Europe,marzo de 2025,5,"Muy buena experiencia durante todo el vuelo, con descripción en todo Momento de las condiciones meteorológicas y demás vuelo. Buena atención de la tripulación y buen espacio entre los asientos"
VOE_0781,Volotea,Desconocido,Jerez De La Frontera,Oviedo,Domestic,marzo de 2025,5,El vuelo salió algo retrasado porque era el último trayecto del día pero la información estuvo disponible en todo momento y el personal se afanó para llegar lo antes posible a destino
VOE_0782,Volotea,Desconocido,Oviedo,Milan,Europe,marzo de 2025,5,Magnifico trato del personal y puntualidad exquisita. Muy buena opcion para volar por Europa. Recomendable al 100% desde todos los puntos de vista
VOE_0783,Volotea,Desconocido,Florence,Madrid,Europe,marzo de 2025,4,"Un vuelo sin incidencias, rápido, cómodo y llegamos antes de tiempo ,sin duda lo recomendaría a todos mis familiares y amigos"
VOE_0784,Volotea,Desconocido,Valencia,Bilbao,Domestic,febrero de 2025,4,"COMPAÑIA ECONOMICA Y PUNTUAL, LA TRIPULACION MUY ATENTA A TODO Y MUY EDUCADOS. MUY LIMPIO Y SIN MALOS OLORES COMO EN OTRAS COMPAÑIAS"
VOE_0785,Volotea,Desconocido,Oviedo,Alicante,Domestic,febrero de 2025,5,"Buen viaje, tanto en la ida como en la vuelta se cumplieron los horarios. Como sugerencia de mejora, creo que seria mas efectivo un embarque por filas (en esta ocasión había bastante gente con embarque prioritario)"
VOE_0786,Volotea,Desconocido,Oviedo,Barcelona,Domestic,marzo de 2025,1,"Es una compañía que no es buena si tienes un instrumento musical, no aceptan llevar un violin teniendo el Megavolotea Plus y te dicen que pagues 300 euros si no quieres llevarlo junto con las maletas, lo cuál destrozaría un instrumento tan delicado como un violin, para los músicos no es nada recomendable. Además el trato recibido por los ""profesionales"" que trabajan en la compañía es nefasto. Terrible atención al cliente."
VOE_0787,Volotea,Desconocido,Las Palmas de Gran Canaria,Bilbao,Domestic,marzo de 2025,1,"Cobrar 30 euros por hacer el check-in en el aeropuerto es un abuso, más aún si no hay una advertencia clara del atraco que te van a hacer si no haces el check-in online. A esto se añade que debía también acreditar mi residencia en canarias, con lo cual el check-in en la web se hacía bastante engorroso. Repito, un atraco en toda regla."
VOE_0788,Volotea,Desconocido,Seville,Oviedo,Domestic,febrero de 2025,5,"Muy buena compañía que une capitales de provincia en España. La tripulación siempre amable e intentando ayudar. Los precios antes eran un poco mas baratos, pero con programa Megavolotea se puede rebajar un poco el precio. No obstante, antes era mas barato volar con ellos, pero en general buena compañía."
VOE_0789,Volotea,Desconocido,Oviedo,Valencia,Domestic,febrero de 2025,5,Siempre que tengo un destino desde Asturias vuelo con Volotea ya que es un valor seguro por puntualidad y por eficiencia de su personal
VOE_0790,Volotea,Desconocido,Bilbao,Seville,Domestic,febrero de 2025,5,"Todo bien , Sevilla tiene un buen aeropuerto , el vuelo si gran retraso y vuelo sin sobresaltos . Comodidad y buen servicio"
VOE_0791,Volotea,Desconocido,Rome,Bilbao,Europe,febrero de 2025,2,"Me gustaría darles mi opinión personal sobre el vuelo que realicé ayer, 24 febrero de Roma a Bilbao con Volotea. Soy una persona que viaja bastante y podría decir que he volado con muchísimas compañías, pero francamente, lo que viví ayer con las “3 azafatas y 1 azafato” de volotea, tengo que decir que fue una experiencia nueva e inolvidable, pensé que había una cámara oculta y eso mismo, me comentó mi marido. Desde que entramos al avión la simpatía de la azafata brilló por su ausencia o eso me lo pareció a mí, pero bueno, un mal día podemos tener todos. Es cierto, que normalmente tendemos a comparar y cuando vuelas con; Emirates, Thai, Vietnam Airlines etc. la dulzura y la cara amigable de la tripulación es suprema. Durante todo el viaje (las 2 horas de vuelta, menos cuando dieron las explicaciones iniciales y ofrecieron los refrescos al pasaje) los 4 tripulantes, 2 azafatas sentadas en los asientos de la tripulación y los otros 2 , de pie en la parte dónde se colocan las bebidas. Los 4, no pararon de hablar, de reír, de gesticular y 2 azafatas de jugar, una con el pelo de la otra durante una gran parte del trayecto. Lo que a mí me trasmitieron fue total indiferencia por su trabajo, estaban de chascarrillo, más bien, parecía que estaban en la barra de un bar, en vez de trabajando. Nunca he escrito un comentario de esta índole, pero me pareció una situación incómoda tanto para mí como para los pasajeros que estábamos en la primera fila. Como Uds. bien saben, dónde está la tripulación es un sitio, reducido y muy indiscreto, sin cortina, pero los 4 estaban tan enfrascados en sus varias conversaciones que ignoraron por completo nuestra presencia, parecían estar en un “patio de colegio”, nada profesional. No obstante me gustaría remarcar que a pesar de que el vuelo salió con retraso de Roma, llegamos incluso 5 minutos antes de lo previsto a Bilbao. Mi felicitación al comandante porque el vuelo fue de lujo. Muchas gracias para él y el piloto."
VOE_0792,Volotea,Desconocido,Oviedo,Milan,Europe,octubre de 2024,4,"Buen servicio y atencion, limpieza, espacio para las piernas lo unico flojo es el servicio de entretenimiento a bordo."
VOE_0793,Volotea,Desconocido,Oviedo,Tenerife,Domestic,febrero de 2025,5,"La mejor low cost de Europa. Vuelo cómodo, tripulación amable, precio competitivo. Confiamos mucho en Volotea para las vacaciones o para alguna escapada. Mucha variedad de rutas y cada vez abriendo más destinos!"
VOE_0794,Volotea,Desconocido,Venice,Bilbao,Europe,febrero de 2025,5,"El vuelo fue perfecto a pesar de qué hubo un percance a bordo, una urgencia médica qué nos obligó a desviarnos de nuestra ruta, aterrizando en Toulouse. Me alegró ver qué se priorizó la salud de un pasajero ante todo. Porque supongo qué ese desvío generó gastos a la empresa tanto a nivel de combustible como de indemnizaciones y compensaciones. Bravo Volotea!!"
VOE_0795,Volotea,Desconocido,Bilbao,Seville,Domestic,febrero de 2025,1,"Una compañía pésima, no la volveré a coger jamás. Compañía como estas son las que no deberían existir. El servicio pésimo de queda corto."
VOE_0796,Volotea,Desconocido,Valencia,Lyon,Europe,febrero de 2025,5,"Muy aconsejable la experiencia. Me encanta volar con esta compañía y tienen muchas ventajas por ser MegaVolotea, por ejemplo, la maleta gratuita, ofertas en los vueltos, etc. He ahorrado mucho dinero con este programa."
VOE_0797,Volotea,Desconocido,Barcelona,Bordeaux,Europe,febrero de 2025,1,"Te proponen un periodo de prueba de 15 dias donde, wow, tienes una maleta pequeña incluida gratis, pero lo que no te dicen en el momento de registrarte es que si tu vuelo es despues de esos 15 dias, pierdes esos 'beneficios'. Vamos que yo compré el vuelo con Volotea por esa oferta que me daban, pero resulta que es engañosa. Lo peor no es eso, es que cuando contactas al soporte para que te den una solucion, cuando no tienen ninguna, te dejan de responder y te cierran el chat. No me hubiese importado tanto si me hubieran dado solamente dos dias mas para probar al menos la 'oferta'"
VOE_0798,Volotea,Desconocido,Oviedo,Seville,Domestic,febrero de 2025,5,"Como siempre con Volotea, puntualidad, comodidad, profesionalidad y un auténtico paseo por las nubes, como bien dice la compañía."
VOE_0799,Volotea,Desconocido,Bilbao,Malaga,Domestic,febrero de 2025,5,"Realmente, a veces, no sé donde está la diferencia entre las aerolíneas como Volotea (low cost) y el resto (podríamos decir más top). Este viaje se realizó con puntualidad extrema, un avión con los asientos justo delanteros a distancia (caben bien las piernas para una persona de 1,81m), muy buena atención por parte de la tripulación, y ninguna incidencia. Me podría alguien explicar cual es la diferencia con compañías top (no quiero decir nombres) que si son impuntuales, o te cobran 4 veces más por el mismo trayecto, no pasa nada?. Enhorabuena a Volotea, a seguir así."
VOE_0800,Volotea,Desconocido,Oviedo,Valencia,Domestic,enero de 2025,5,"Para viajar de Asturias a Valencia, o viceversa,la mejor opción que puedes encontrar es volar con Volotea. Siempre todo correcto"
VOE_0801,Volotea,Desconocido,Oviedo,Alicante,Domestic,febrero de 2025,5,Llevo hace tiempo usando la compañía Volotea para mis viajes Asturias a visitar mi familia. Estoy muy contento por el buen servicio de abordo que ofrecen el personal muy atento en cada momento. Están siempre pendientes para salir puntual y los Pilotos siempre intentan anticipar la llegada en lo posible.
VOE_0802,Volotea,Desconocido,Bilbao,Rome,Europe,febrero de 2025,4,Vuelo sin problemas y bastante ajustado a las horas indicadas. Lo único incómodo es que no había finger si no que el acceso era en bus.
VOE_0803,Volotea,Desconocido,Oviedo,Alicante,Domestic,enero de 2025,5,"He viajado por primera vez con mi bebé, y tanto en facturación como en el vuelo, el personal de Volotea ha sido muy amable, explicándonos todo lo que necesitábamos saber para viajar con el peque, y facilitándonos todo lo máximo posible."
VOE_0804,Volotea,Desconocido,Oviedo,Seville,Domestic,febrero de 2025,4,Relación calidad precio sin igual ! Suelo viajar por trabajo y ocio y los precios y el servicio es correcto 👌 a veces la puntualidad falla pero no en exceso.
VOE_0805,Volotea,Desconocido,Malaga,La Coruna,Domestic,febrero de 2025,2,"El vuelo en sí bien, pero me sentí estafado cuando descubro que por lo visto al registrarme durante el proceso de compra del billete me suscribieron sin darme cuenta a ""Megavolotea"" con lo que me encontré con una factura extra a los pocos dias de 60€ la cual encima se renovaba mensualmente. Suscripción que no solo es cara de por si sino que las ventajas que te da encima son ridiculas. Tened mucho cuidado y leed bien cuando compreis billetes para no caer en esta trampa como caí yo."
VOE_0806,Volotea,Desconocido,Bilbao,Seville,Domestic,enero de 2025,3,"Hice ida y vuelta Bilbao - Sevilla. Lo que es el vuelo genial, y la vuelta sin problema. Eso sí, la ida desde Bilbao mal. He cogido muchísimos vuelos y nunca me habían tratado así. En la puerta de embarque había 2 personas de Volotea. Una de ellas, no pudo ser más prepotente,con mala educación y faltando el respeto. Se me olvidó meter la riñonera en la mochila, y ya estaba sacando el datáfono para cobrarme los 65€. Mi mochila entraba en el medidor de maletas, sin sobrar nada y se empeñó en que tenía que dejar cosas. Tras ponerme una prenda y ver qué seguía entrando mi mochila, me dejó pasar pero sin antes tratarme como si hubiera matado a alguien, con mala cara, con despropósitos y mala educacion. Pareció que me estaba perdonando la vida. Entiendo perfectamente que si tengo que pagar 65€ por qué la mochila NO entra, lo pago sin rechistar, pero las cosas se dicen con educación. Una pena, porque parece ser que Bilbao en Volotea tiene mala fama. Por lo demás, un 10. Y desde Sevilla una maravilla las chicas."
VOE_0807,Volotea,Desconocido,Brest,Barcelona,Europe,febrero de 2025,2,"Cambio de vuelos. Tenía,q viajar a finales de febrero pero no puedo, tengo megavolotea plus y en la web dice q se puede cambiar de nombre pagando 40€ por trayecto. El cambio de nombre era para mi madre que también es megavolotea plus . contacto por el chat para cambiar el nombre y me dicen que NO y me sacan de no sé donde de la web q los de megavolotea no podemos cambiar de nombre el billete incluso a otra persona q sea megavolotea +. pido un mail para,reclamar y aún espero respuesta desde el 30 de enero."
VOE_0808,Volotea,Desconocido,Bilbao,Las Palmas de Gran Canaria,Domestic,enero de 2025,2,Al ser megavolotea tenemos las maletas de cabina gratis y el vuelo fue muy bien. Facturamos las maletas para mayor comodidad y cuando aterrizamos en El Aeropuerto de Gran Canaria una maleta tenía un golpe y fuimos al mostrador para reclamar y nos dijeron que las abolladuras no entran en el seguro. Y aunque hicimos la reclamación nos contestaron que no hay ningún tipo de indemnización por ese motivo. Nos pareció que aunque la maleta no está inservible nos podían haber inmenizado para poder arreglar la abolladura de la maleta.
VOE_0809,Volotea,Desconocido,Malaga,Oviedo,Domestic,febrero de 2025,5,"Embarque rápido, vuelo puntual y excelente servicio. Buena organización en el embarque y el personal ayudando a las personas que lo solicitaron en el avión por ejemplo para subir la maleta."
VOE_0810,Volotea,Desconocido,Bilbao,Tenerife,Domestic,enero de 2025,5,"Todo perfecto. Puntualidad tanto a la ida, como a la vuelta, llegando en las dos ocasiones ante de lo previsto a destino. En todo momento buena información. Muy agradable la atención en tierra y en durante el vuelo."
VOE_0811,Volotea,Desconocido,Oviedo,Barcelona,Domestic,febrero de 2025,5,Se trata de una compañía joven con precios muy económicos y un gran espíritu de servicio. He volado una docena de veces a casi toda España en los últimos años a costes muy razonables con gran calidad.
VOE_0812,Volotea,Desconocido,Oviedo,Barcelona,Domestic,enero de 2025,5,"Mi experiencia en este vuelo fue excelente. El embarque, puntual y organizado. El personal mostró un trato amable y profesional.El desembarque fue igual de eficiente: rápido, ordenado y sin complicaciones.¡Para mi sorpresa, el avión llegó incluso unos minutos antes de la hora prevista Sin duda lo recomendaría y repetiría la experiencia!"
VOE_0813,Volotea,Desconocido,Oviedo,Malaga,Domestic,enero de 2025,5,"Todos los servicios contratatados han estado al más alto nivel, tanto en calidad/precio como en confort, amabilidad, puntualidad y comodidad."
VOE_0814,Volotea,Desconocido,Menorca,Oviedo,Domestic,agosto de 2024,1,"No vuelvo a volar con volotea, ni se lo recomiendo a nadie,de hecho contaré mi pésima experiencia a todos mis conocidos. En el viaje de vuelta de nuestras vacaciones, cancelaron el vuelo y sin asistencia ,ni solución de ningún tipo,te dicen que te busques la vida,sin tener forma de volver a casa,ni lugar donde quedarte. Mi hija y yo sentimos mucha angustia y desamparo. Y para colmo, mediante la agencia de viajes, nos prometen devolvernos los gastos de los vuelos que tuvimos que coger en otra compañía, en un plazo de 6 semanas, que venció hace meses y 6 meses después no se nada ni del dinero que nos deben, ni siquiera se han puesto en contacto con nosotros, y además tenemos que estar pasando esta situación de estrés. Unas vacaciones que fueron un sueño, han sido empañadas por culpa de la incompetencia de volotea. Tenemos organizados varios viajes para este año,por supuesto ninguno será con Volotea."
VOE_0815,Volotea,Desconocido,Oviedo,Milan,Europe,enero de 2025,5,"Nuestra experiencia es de solo 2 viajes pero en ambos quedamos absolutamente CONFORMES. Destacamos la profesionalidad de los pilotos de vuelo de ida, el 28 de Enero en plena borrasca para que los pasajeros solo sepamos de la tormenta mirándola por la ventanilla. En ambos servicios, el vuelo llegó con antelación y toda la tramitación de compra-check in y embarque se realizó sin inconvenientes."
VOE_0816,Volotea,Desconocido,Seville,Oviedo,Domestic,enero de 2025,4,Amabilidad del personal superior a otras compañías low cost y no te genera la tensión de si estás cumpliendo exactamente las medidas del equipaje. Puntual. Una pena que tenga pocas rutas desde Sevilla
VOE_0817,Volotea,Desconocido,Oviedo,Milan,Europe,enero de 2025,5,"Viaje perfecto con Volotea a Bérgamo. Puntualidad, incluso llegó antes de la hora prevista al destivo. Amabilidad de la tripulación y comodidad en el avión. No tengo más que buenas palabras para este vuelo y esta compañía."
VOE_0818,Volotea,Desconocido,Murcia,Madrid,Domestic,enero de 2025,5,"un viaje tranquilo y agradable, a los miembros de megavolotea también le ofrecían un pequeño café, el abordaje fue tranquilo también"
VOE_0819,Volotea,Desconocido,Palma de Mallorca,Bilbao,Domestic,septiembre de 2024,1,Unos auténticos ladrones. Te cobran por la tarjeta de embarque aunque cuando saben que hay sentencias indicando que es algo ilegal. Avión sucio y mal servicio en general.
VOE_0820,Volotea,Desconocido,La Coruna,Malaga,Domestic,enero de 2025,5,"Todo correcto. A pesar de que hubo un retraso, el vuelo llegó a la hora prevista. Buena y atenta la tripulación de cabina de este vuelo"
VOE_0821,Volotea,Desconocido,Bordeaux,Florence,Europe,enero de 2025,5,"Todo perfecto!!! Embarque, vuelo y horarios. Llegamos a Florencia antes de la hora prevista!!! un lujo!!! Recomiendo MEGAVOLOTEA para ahorrar tanto en el billete como en el resto de servicios incluidos en el paquete (maleta de 10kg + bolso)"
VOE_0822,Volotea,Desconocido,Alicante,Oviedo,Domestic,enero de 2025,3,No me gustan los cambios horarios de vuelos programados anteriormente. Y además había que dejar más claro el objeto del cambio entre los muchos emails que me envía Volotea
VOE_0823,Volotea,Desconocido,Malaga,Bilbao,Domestic,enero de 2025,5,"Ambos vuelos llegaron antes del tiempo, todo fue fácil, rápido y cómodo . es la primera vez que uso volotea pero no será el último. Ya lo recomendé á mis amigos para que hacen el viaje inverso a visitarme en febrero"
VOE_0824,Volotea,Desconocido,Oviedo,Malaga,Domestic,enero de 2025,5,"Excelente no tengo quejas, segunda vez que lo uso y excelente puntual la salida buena atención lo recomiendo 🙂🙂🙂 buen precio relación calidad"
VOE_0825,Volotea,Desconocido,Oviedo,Milan,Europe,enero de 2025,5,Excelente vuelo con espacio entre las piernas y el piloto muy bueno es un placer de compañía. Necesitarás más escalas y seguir sumando. Gracias
VOE_0826,Volotea,Desconocido,Valencia,Lyon,Europe,febrero de 2024,5,"Quiero compartir mi opinión sobre esta empresa. Volotea fue mi aerolínea must durante mi estancia de Erasmus el año pasado, la usé muchas veces, incluso para un par de viajes a otras ciudades, me daba la posibilidad ir a visitar mi familia en Valencia desde mi ciudad de estancia en 1 hora, directamente, sin necesidad de hacer escalas o transbordos. Siempre vuelos por precios atractivos, todo honesto y sin trampas de tasas ""ocultas"". Me gustaba el interior del avión, sillas bastante cómodas al ser aerolínea low-cost, el personal siempre fue muy amable tanto para entrar a la cabina, como durante el mismo vuelo. Para hacer check-in todo muy claro y sencillo en la misma web de la empresa y te mandan recordatorios de realizarlo mediante el correo electrónico, por lo que es muy cómodo y no te olvidas de nada para no enfrentarse a las sorpresas en el aeropuerto. También me gustó mucho el diseño del avión, muy creativo. En resumen, totalmente recomendaría esta empresa para realizar sus viajes, muchas gracias Volotea por hacer mi estancia Erasmus inolvidable y agradable, sin duda utilizaré vuestra aerolínea más veces para viajar por España u otras ciudades extranjeras cercanas!"
VOE_0827,Volotea,Desconocido,Valencia,Bilbao,Domestic,enero de 2025,1,"Viajamos 9 integrantes de un equipo. El día anterior volamos con la misma compañía y mismo equipaje. En este segundo vuelo, deciden tres trabajadoras (bastante limitadas intelectualmente hablando) pararnos a dos de nosotros. Que la mochila que llevamos es demasiado grande: misma mochila que el día anterior y resto de compañeros. Somos de los últimos pasajeros en entrar al avión y es momento de facturar (para eso no son tan retrasadas). 65€ la broma de la mochilita, y para sorpresa de nadie, en los compartimentos de arriba sitio de sobra. Un escupitajo en la cara es lo que se merecían esas trabajadoras. Para el colmo, imposible hablar con nadie para pedir una simple hoja de reclamaciones. VOLOTEA = PIRATAS MODERNOS DEL S. XXI. Aconsejo no volar con esta compañía ni bajo coacción de arma de fuego. (Las trabajadoras eran panchitas y rusa. Igual de limitadas, en cualquier caso)"
VOE_0828,Volotea,Desconocido,Valencia,Oviedo,Domestic,enero de 2025,5,"Mi experiencia en volar con Volotea, fui muy agradable, puntualidad, precio, espacio de las butacas! Aeronaves nuevas"
VOE_0829,Volotea,Desconocido,Oviedo,Tenerife,Domestic,enero de 2025,5,"TODO MUY BIEN. VOLOTEA PRESTA UN GRAN SERVICIO FAVORECIENDO LOS DESPLAZAMIENTOS AEREOS A UNOS PRECIOS MUY BUENOS, MANTENIENDO LA CALIDAS EN EL SERVICII Y UN TRATO CORDIAL Y AGRADABLE"
VOE_0830,Volotea,Desconocido,Oviedo,Seville,Domestic,enero de 2025,5,Destacar la puntualidad del vuelo y el buen precio del billete adquiriéndolo con suficiente antelación. Personal muy amable tanto en tierra como en cabina. Experiencia recomendable volar con Volotea.
VOE_0831,Volotea,Desconocido,Seville,Bilbao,Domestic,enero de 2025,4,Compañía que cumple en cuanto a los horarios. Precios interesantes si se cogen a tiempo. Los trabajadores muy atentos y serviciales. El vuelo fue muy bien y no tuvo retraso.
VOE_0832,Volotea,Desconocido,Lisbon,Oviedo,Europe,enero de 2025,5,"Un viaje perfecto en todos los sentidos: puntualidad, atención en la facturación y durante el vuelo, en la recogida de maletas,..."
VOE_0833,Volotea,Desconocido,Madrid,Nantes,Europe,enero de 2025,5,Muy buena experiencia desde la reserva y consultas a atención al cliente hasta el vuelo y servicios de tierra. Todo el personal muy atento.
VOE_0834,Volotea,Desconocido,Las Palmas de Gran Canaria,Oviedo,Domestic,enero de 2025,1,"Como he leído no soy el único estafado. Esta compañía gana dinero estafando en el registro de la página web para comprarte tu primer billete. Te ofrecen vuelos a buenos precios que luego, de sorpresa, se aumenta a los 15 días que acaba una suscripción que no te informan adecuadamente (debe estar bastante escondida esta información porque yo no la vi en ningún momento de la compra). Puedes llamar y pedir que te devuelvan el dinero pero entonces vas a tener que pagar prácticamente la misma cantidad que te acaban de robar porque tu vuelo no es megavolotea. En fin, una compañía que gana dinero mintiendo. No merece ni una compra más por mi parte."
VOE_0835,Volotea,Desconocido,Barcelona,Ancona,Europe,enero de 2025,1,"Estoy realmente decepcionada con el servicio al cliente y el servicio en sí. Encontré el sitio web de Volotea engañoso al momento de comprar los boletos de avión, ya que es fácil que, por error, una persona (si no lee con extrema atención) se registre en la prueba gratuita para convertirse en miembro de Volotea Mega Plus. Dejando de lado esta táctica de marketing engañosa, se me confirmó por correo electrónico que el precio a pagar después de la prueba gratuita sería de 99,99 euros, pero el cargo realizado fue de 139,99 euros. Esto no es justificable; los clientes deben ser informados de cualquier cambio en el precio. Al llamar al servicio al cliente, no recibí el apoyo que esperaba. Recomiendo a otros usuarios que presten mucha atención durante la compra y verifiquen cuidadosamente cada cargo."
VOE_0836,Volotea,Desconocido,Oviedo,Milan,Europe,enero de 2025,4,"Vuelo puntual, rápido y cómodo.El embarque fue eficaz y la tripulación correcta. Quizás se debería poner cierto orden en el desembarco."
VOE_0837,Volotea,Desconocido,Oviedo,Lisbon,Europe,enero de 2025,5,"Volotea casi nunca falla, aunque en este vuelo hubo algo de retraso en la salida. Comodidad de asientos, priority pass, faltó el cafetito que ponen siempre a los Volotea Plus. Pero siempre es un placer viajar con esta compañía."
VOE_0838,Volotea,Desconocido,Oviedo,Lisbon,Europe,enero de 2025,3,"El precio no esta mal de salida, pero lugo todo va sumando, hay que tenerlo en cuenta. Fueron bastante puntuales, y cuando no recuperaron el tiempo perdido. El personal del avion fue agradable y profesional. El sistema de ocio a bordo no estuvo disponible ni en el trayecto de ida ni en el de vuelta. Si eres una persona alta, como yo, tienes que optar por asientos en las salidas de emergencia, por que si no se te va a hacer muy largo el vuelo, es espacio entre filas es muy reducido."
VOE_0839,Volotea,Desconocido,Malaga,Bilbao,Domestic,enero de 2025,5,"Recomendable. Vuelos muy puntuales tanto a la ida como a la vuelta. Embarque bastante rápido. Vuelo tranquilo, sin que anden molestando constantemente hablando por megafonía."
VOE_0840,Volotea,Desconocido,Bilbao,Rome,Europe,enero de 2025,4,"Buen vuelo aunque tanto a la ida como a la vuelta llegamos con media hora de adelanto. El tema horarios no lo llevan bien. Por todo lo demás, muy buen vuelo."
VOE_0841,Volotea,Desconocido,Malaga,Oviedo,Domestic,enero de 2025,1,"Como bien leí en una reseña de alguien que ha tenido la misma experiencia que yo, se nota que están a la caza de pagos extra cuando estás en el embarque, no sé si porque el personal de tierra tiene incentivos de paga extra o qué. Es de vergüenza el momento tan malo y de tanto estrés que te hacen pasar por una tontería como que tu mochila abulte un centímetro más de lo que debería (que al final termina resolviéndose sacando ropa y poniéndotela pero vamos sigue siendo una gilipollez) y por el que pueden llegar a cobrarte hasta 65 euros. El resumen es: cumplid las normativas europeas, gracias."
VOE_0842,Volotea,Desconocido,Seville,Oviedo,Domestic,enero de 2025,4,"Todo genial, a excepción de no poder contar con café descafeinado a bordo... Para una vez que me invitan a café en un avión."
VOE_0843,Volotea,Desconocido,Seville,Oviedo,Domestic,enero de 2025,5,"Totalmente recomendable, vuelo sin apenas turbulencias y muy tranquilo y las azafatas mejor trato imposible, el piloto muy simpático y nos explicó todo el vuelo y la ruta que siguió el avión"
VOE_0844,Volotea,Desconocido,Valencia,Oviedo,Domestic,enero de 2025,1,Políticas de maleta ilegales contra las directivas europeas. Están a la caza de pagos extra cuando estás en el embarque. Personal de tierra con incentivos por conseguir pagos extra.
VOE_0845,Volotea,Desconocido,Nantes,Las Palmas de Gran Canaria,Europe,diciembre de 2024,5,Viajo a menudo con volotea y todo ha ido bien. En la ida llegamos con adelante y si sufrimos retraso a la vuelta fue a consecuencia de incidencias con el equipaje en el aeropuerto ajeno a esta compañía. Lo que sí noto es que los billetes se han enrarecido últimamente.
VOE_0846,Volotea,Desconocido,Bilbao,Seville,Domestic,enero de 2025,1,"Pésimo. El vuelo salió con retraso pero sin duda lo peor de todo es el personal. Las mujeres del embarque fueron súper maleducadas y muy poco profesionales, insultando a los pasajeros, amenazando con que si ellas no querían no íbamos a embarcar y cobrando por maletas que si tenían el tamaño adecuado. Experiencia pésima 100%. La peor trabajadora de todas, una mujer con coleta rizada y rubia, no había encontrado nunca tanta poca profesionalidad en un aeropuerto. Para colmo, cuando le pedí que se identificara para poder poner una reclamación, tanto ella como su compañera se negaron a identificarse. No volveremos a usar esta aerolínea."
VOE_0847,Volotea,Desconocido,Oviedo,Seville,Domestic,enero de 2025,3,"Compañía que une Asturias y Sevilla, con muy buena puntualidad, buena oferta de vuelos semanales, buena atencion de la tripulación de cabina, amabilidad y rapidez. No obstante, los vuelos se han encarecido desde hace dos años, así que antes era líder en precio pero últimamente no destacan tanto en este campo, con lo que si sigue esta política habrá que empezar a valorar otras compañías."
VOE_0848,Volotea,Desconocido,Madrid,Nantes,Europe,enero de 2025,3,Siempre bien organizados para el embarque y muy amables los equipos de cabina. Espero volar de nuevo muy pronto. Saludos a todos y feliz año.
VOE_0849,Volotea,Desconocido,Palma de Mallorca,Oviedo,Domestic,diciembre de 2024,1,"No sé fíen de Volotea, te pueden dejar tirado, la web está diseñada para engañar cliente. Una mala experiencia en general,ñ."
VOE_0850,Volotea,Desconocido,Seville,Bilbao,Domestic,enero de 2025,1,"La peor compañia de vuelos española que existe, cada viaje es una experiencia horrorosa, viajar con bebés con ellos es una tortura, nunca más lo haré con esta compañía"
VOE_0851,Volotea,Desconocido,Lanzarote,Oviedo,Domestic,diciembre de 2024,1,"Mi consejo no volar con esta compañía ya que son unos estafadores, te cobran por todo y encima les pones no una sino dos reclaciones y les da igual, les voy a contar mi caso son residente de las islas ya que por motivos de trabajo vivo en Lanzarote, en diciembre compré un billete de ida y vuelta a Asturias , como siempre hago intenté hacer el checkin on line en varias ocasiones y me daba un error porque no reconocía el certificado de residencia por lo que me presenté en el aeropuerto dos horas y media antes tanto en el aeropuerto de Lanzarote como en el de Asturias para la vuelta y mí sorpresa es que me cobran 30 euros por cada viaje total 60 euros por sacar las tarjetas de embarque en el aeropuerto cuando no fue mi culpa el que no me dejara hacerlo on line la propia compañía. Esto se considera una práctica abusiva (La aplicación de esta cláusula abusiva se suele dar en las compañías aéreas que permiten emitir su tarjeta de embarque a través de Internet y que convierten lo que debe ser una opción para los pasajeros, en una obligación. La Dirección General de Consumo recuerda además a los usuarios que no sólo no pueden cobrarles por la tarjeta de embarque sino que las aerolíneas no pueden denegarles tampoco el acceso al avión tras negarse a emitir el billete de manera gratuita. Esto es sancionable como falta grave y la multa puede oscilar entre los 5.001 y los 30.000 euros.)No sé si servirá de algo pero voy a poner una reclamación en Aesa y en la oficina municipal al consumidor. Mi consejo después de esta experiencia NO VOLÉIS CON ESTA COMPAÑÍA POR QUÉ SON UNOS ESTAFADORES Y AL FINAL VAS A PAGAR MÁS POR LAS PRÁCTICAS ABUSIVAS QUE TIENEN Desde ahora no recomendaré a nadie que viaje en VOLOTEA tanto por qué considero que son unos estafadores como por la att al cliente que tienen ya que deja mucho que desear y espero que su respuesta no me remita a ponerme en contacto con ustedes para solucionarlo ya que lo hice en dos ocasiones y pasan totalmente del cliente"
VOE_0852,Volotea,Desconocido,Seville,Donostia - San Sebastian,Domestic,enero de 2025,5,Ofrecen un valor superior al precio que cobran. Especialmente agradecí no chocar mis rodillas con el asiento de delante. Es uno de los “pagos” que haces en otras aerolíneas por pagar menos. Además llegamos con antelación. Al destino.
VOE_0853,Volotea,Desconocido,Lille,Barcelona,Europe,diciembre de 2024,1,"Atención con el cobro del check-in en el mostrador del aeropuerto. He debido pagar 120€ por realizar el check-in en el aeropuerto(30€ x persona)cuando volotea nos recomendó facturar las maletas de mano sin coste ya que tenían problemas de espacio porque el vuelo iba lleno.. No entiendo por qué ya estando en el mostrador por la facturación de las maletas ,al mismo tiempo no se pueda hacer el check-in de manera gratuita, siendo miembro de megavolotea. Veo que el abono anual, a parte de descuentos, no tiene ningún otro tipo de ventajas. Ni en las condiciones de transporte ni en las disposiciones generales se especifica el hecho de tener que pagar por hacer el check-in en el aeropuerto, no es bueno eludir este tipo de información. Realizas la reclamación a través de su formulario y te responden con información que no tiene nada que ver con tu reclamación, muy poco profesional la verdad. Tampoco nos ofrecieron la opción de hacer el check-in por teléfono desde el aeropuerto y nos hubiésemos ahorrado 80€, otra información eludida. Gracias volotea por tratar a vuestros clientes como se merecen."
VOE_0854,Volotea,Desconocido,Catania,Verona,Domestic,diciembre de 2024,1,"Reclamo por suscripción no autorizada a Megaplus Hace 15 días compré un pasaje y hoy me han debitado 99 euros por una suscripción que nunca acepté conscientemente. La aerolínea utiliza una estrategia engañosa para hacerte suscriptor de Megaplus: parece que estás comprando un pasaje en oferta, pero en realidad te están inscribiendo en la suscripción. Esto es una práctica deshonesta hacia los consumidores, claramente diseñada para que las personas caigan en la trampa sin darse cuenta. Solicito que alguien se comunique conmigo para cancelar esta suscripción inmediatamente y que se devuelva el dinero debitado."
VOE_0855,Volotea,Desconocido,Bilbao,Valencia,International,diciembre de 2024,1,"Después de tenernos 2 horas retrasando el vuelo una y otra vez y que todos los vuelos de otras aerolíneas se iban cancelando por problemas con el viento, deciden cancelarlo. Cuando vamos todos al mostrador a ver que opción nos Dan, cual es mi sorpresa que nos Dan un papel y nos dicen que nos busquemos la vida para llegar a Valencia y que ya reclamamos los gastos a ver si nos los dan. A todo esto 22 horas del día 05 de enero y todo cerrado. Lo mejor es que ya rstaban cancelando el vuelo del dia 6 de enero por la mañana y en su pagina web sigue poniendo que va en hora, nefasta la atención y gestión recibida por esta compañía"
VOE_0856,Volotea,Desconocido,Bilbao,Alicante,Domestic,enero de 2025,1,"Te retrasan el vuelo constantemente, te lo cambian y no te dan ninguna solución para ello. Encima te cobran 65€ por una pequeña bolsa."
VOE_0857,Volotea,Desconocido,Valencia,Bilbao,Domestic,enero de 2025,1,"Un retraso y no se ve una buena atención por parte de los funcionarios, hacen sentir que no les importa lo que pasa , seguramente cuando vaya a reclamar por los gastos ocasionados no habrá una solución"
VOE_0858,Volotea,Desconocido,Barcelona,Oviedo,Domestic,diciembre de 2024,4,"Muy cordiales y atentos fue la atención de los tripulantes, el vuelo tranquilo, sin demoras. Indicaciones correctas. Compañía recomendable para vuelos cortos."
VOE_0859,Volotea,Desconocido,Toulouse,Madrid,Europe,enero de 2025,1,"Lamentable lo vivido hoy, mientras que absolutamente todo el avión llevaba un equipaje de mano y yo lo mismo, han decidido cobrarme 65 euros porque si, sin saber dar una explicación a porque a mi sí y al resto no. Es más han sido bastante desagradables en el trato, donde la respuesta era: “o pagas o no vuelas”. Finalmente han dicho que era por problema de espacio y que mi maleta era demasiado rígida, estando las cabinas del avión vacías y la gente que llevaba mochilas sobresalían muchísimo más de lo que lo haría la mia."
VOE_0860,Volotea,Desconocido,Lyon,Madrid,Europe,diciembre de 2024,1,"No es tan económico como lo pintan, porque tienes que pagar extra por todo, así que para conseguir las mismas características que con Iberia (por ejemplo) te tienes que gastar casi el mismo dinero. Los tiempos de espera tanto en el aeropuerto para embarcar, como esperar dentro del avión al despegar son excesivos y horrorosos (nada recomendable si viajas con niños pequeños). Ellos se excusaran con que no es ellos, que es el aeropuerto, pero porque con aerolíneas de primer nivel no sucede retrasos constantes en sus vuelos? Si estás dispuesto a viajar con más de 1 hora de retraso, has dado con tu aerolínea."
VOE_0861,Volotea,Desconocido,Tenerife,Bilbao,Domestic,diciembre de 2024,3,"Salida y llegada muy puntuales,pagando puerta de emergencia vas comodo,los asientos normales son estrechisimos…lo que dije la última vez,te cobran por la maleta,por el asiento….."
VOE_0862,Volotea,Desconocido,Oviedo,Sendai,International,noviembre de 2024,1,"El pasado 18 de noviembre hice tomé un vuelo a Sevilla desde Asturias con volotea. Además había reservado un coche a través de su web (volotea cars). Al llegar a Sevilla, no llevaba la tarjeta de crédito y no fue posible que mi acompañante usase la suya para activar la reserva porque en el mostrador de Europcar nos dijeron que esas reservas se hacían a través de un intermediario. En ese momento abrí una reclamación, me salía en inglés y reservamos otro coche con la tarjeta de crédito de mi compañero. La reclamación aparece resuelta tiene el número 02712861, en ella pedimos la cancelación pero el pago no se ha anulado. La reserva tenía el código Reserva ES213546710. He intentado solucionar éste tema a traves de su canal de comunicación en FACEBOOK y me han dado éste enlace para poner la reclamación. He puesto una reclamación en su web y me contestan con dos correos, en el primero (18 de diciembre de 2024) me dicen que me contestarán en un plazo de tres días, en el segundo que ponga de nuevo mi queja en la web en la que ya la puse. Lo que demuestra a todas luces que el servicio de atención al cliente, mas que dar una solución clara y directa a una reclamación evaden toda responsabilidad a la espera de que el cliente por agotamiento renuncie a sus derechos Éste es ya mi último recurso para que me hagan caso y otros tengan cuidado con esta compañía."
VOE_0863,Volotea,Desconocido,Tenerife,Bilbao,Domestic,diciembre de 2024,1,"Residentes, viajando dos personas, una de las residencias no te la valida, te dice que no puedes hacer el checking, que pases por mostrador, y cuando llegas al mostrador, sorpresa: el residente validado sin tarjeta de embarque 40 euros, feliz navidaddddddd"
VOE_0864,Volotea,Desconocido,Lanzarote,Oviedo,Domestic,diciembre de 2024,1,"Muy mala experiencia, hicieron tarde el embarque y completamente desordenado, no comprueban dni, cambiaron de puerta en el último minuto, personal muy antipático, lo del embarque priority no existe no lo pagues, eso si ojo con las maletas. En total una hora de retraso, nunca más."
VOE_0865,Volotea,Desconocido,Malaga,San Andres Island,International,diciembre de 2024,1,Personal en puerta de embarque que no comprueba el dni pero sí comprueba si has pagado por tu mochila en cabina. Dan pena.
VOE_0866,Volotea,Desconocido,Seville,Oviedo,Domestic,diciembre de 2024,5,"Experiencia muy satisfactoria, personal amable, atento y profesional. El vuelo fue en hora, incluso llegando 10 minutos antes y sin incidencias"
VOE_0867,Volotea,Desconocido,Bilbao,Alicante,Domestic,diciembre de 2024,1,"El lunes 23 tuve una muy desagradable experiencia al hacer el check-in en el aeropuerto de Bilbao para mi vuelo a Alicante. Tenía contratado el embarque prioritario y dos maletas de diez kilos una maleta era bastante más pequeña y la otra pesaba trece kilos. El tema no está en que, aparte de los extras que ya tuve que pagar en su momento, tuviera que pagar 65 euros por esos tres kilos de más a pesar de que la otra maleta era más pequeña y no pesaba ni seis kilos. Ese no es el problema sino la atención poco educada, cero profesional y nada comprensiva por parte del Señor del mostrador del check-in, que me dijo cosas como que si yo no sabía comprar un vuelo o si no sabía leer que pagara sesenta y cinco euros o no volaba a Alicante. Al decirle que no entendía bien este tema me llegó a decir ¡que me comprara dos maletas y que pusieran cada una 10 kilos! y según yo susceptibilidades aparte, lo dijo muy malcarado y con una pésima educación, que mi opinión eso sí que demuestra el low cost de esta compañía. Tenía a su lado dos compañeras que se desentendieron del tema y que me dijeron que había mucha cola y qué pagara los sesenta y cinco euros o que me fuera, porque por cierto estaba muy mal organizado dicho check-in y que o pagaba o que no volaría . Yo nunca dije siquiera de no pagar sino de que me explicaran de que si no llevaba ni veinte kilos porque una maleta pasara de tres kilos tenía que pagar eso de 65 euros lo cual me parece injusto aunque pudiera ser legal. Cuando fui a protestar o mejor dicho a hacer una reclamación y pedir el número de la persona que me atendió, un señor con un chaleco amarillo detrás del mostrador y con cara de pocos amigos, me dijo que él era su superior y me dio su número. NO ME QUISO DAR EL IDENTIFICADOR DEL DESAFORTUNADO HOMBRE DEL CHECKING. Cuando la EXPLIQUÉ el caso me dijo que presentara online una reclamación. Pero en mi opinión lo más fuerte y vejatorio no viene ahí sino cuando con el embarque prioritario y llevando un ordenador una MOCHILA, ropa de abrigo y una maleta más pequeña le pedí por favor y consuma educación A la azafata, que estaba agobiada, subir esa maleta más pequeña al compartimento porque los asientos son muy estrechos y literalmente los bultos me ocupaban desde las rodilla hasta la nariz. Enfadada la azafata, a la cual yo le hablé siempre con total respeto la maleta más pequeña finalmente sí la subió al compartimento superior.Con mala cara pero Mi sorpresa fue cuando antes de despegar vino dicho encargado. El del chaleco verdoso o amarillo. El superior del que ha hablado antes, para decirme que debería de pedirle disculpas a la azafata, a la cual yo no le había faltado ningún respeto y son testigos todo los pasajeros del avión, que alguno tomó partido por este asunto tan surrealista. Dicho superior me acusó delante de todo el mundo de que cuando me iba con mi mujer a la oficina para poner la reclamación yo había dedicado un insulto a la persona que con tal altivez con cero empatía y con dudosa educación me hizo ese check-in por el que me cobró 65 euros.Debe este superior de tener telepatía o a lo mejor se metió en una conversación privada a la que no tiene derecho. Además de no enterarse de nada en este caso al menos. Ya no son los euros lo que me preocupa, si no que siento mi derecho al honor y a la dignidad pisoteado porque el tal encargado y parte del personal, actuó en mi opinión y en el de la gente que tenía a mi alrededor, con cero discreción, levantado la voz y diciéndome que podría dejarnos en tierra mi mujer y a mí por acusaciones que eran absolutamente falsas y por las que una vez hable con mi abogado estoy dispuesto a llevar al juzgado si ello procede a quien haga falta . Incluso haciéndote tripas corazón le dije que mirara al móvil a ver si yo había grabado algo(a pesar de que por la protección de datos ello sería ilegal) y esto ya me aparece más surrealista aún porque yo no había grabado nada y sé que por la ley de protección de datos no lo hubiera podido hacer como él tampoco tendría que haber hecho y hablado delante de todos los pasajeros alrededor como HIZO.Y que me perdonen la expresión pero este señor demostró ciertos aires de matonismo. Le dije al respecto de lo del check-in y la maleta por la que me hicieron pagar 65 euros aparte que tengo una edad y soy una persona mayor y con limitaciones físicas y él me dijo que él tenía 60 años y que yo había dicho y hecho cosas que son absolutamente falsas algo que me parece impropio de una persona responsable de un vuelo, no sé si responsable o qué es, porque no estoy hablando del comandante ni del sobrecargo que eran muy amables. Al final pudimos volar porque delante de todo el mundo me dijo, en mi opinión insisto, de manera presuntamente vejatoria""perdonandonos la vida ""y con tono chulesco y denigrante e incluso haciendo burla de mi edad me dijo que por las fechas que eran, que por eso no nos echaba del avión.En ningún momento contesté a todo esto que ya me parecía una provocación continuada. Soy una persona educada que en sesenta años no ha tenido ningún problema ni parecido, que en la semana que he estado en Bilbao he cogido más de once taxis etcétera etcétera y luego insistir en que esta situación es en mi opinión y en la de otros de suma vergüenza e INJUSTA.NUNCA ME HABÍA PASADO NADA ASÍ. Ya como anécdota del final, el pasajero que iba a mi derecha me señaló el brazo, porque una de las chaquetas o bultos de la parte de arriba de los compartimentos, que la azafata sí había accedido a subir a dicho compartimento de arriba, estaba tirando agua y prácticamente de los hombros a la cintura tuve una ducha por gentileza de Volotea y en este caso no me lo cobraron. Menos mal. Tampoco pidieron disculpas ni a mí ni a la gente a la que se le había manchado sus abrigos o a la que había duchado el agua que se había derramado. Quiero dejar constancia de esto y ojalá que otras personas no les pase tan desagradables situación que insisto que más que en lo de la maleta que puede ser que el fallo sea mío y la letra pequeña siempre gana la banca, el trato fue una auténtica vergüenza.La realidad supera la ficción Especialmente la película que montó ese ""superior"" que menos mal que por ser el día que era, según él, me permitió volar y no llamó a los geos por ejemplo🫣. Insisto en que hablaré con mi abogado y presentaré una queja formal a Volotea o a la compañía de aviación o como se diga lo de la plataforma de aviación española. Esta y este es un resumen de mi verdad y del trato vejatorio en el que incluso el superior de sesenta años(eso me dijo él orgulloso de su porte) se rió de que yo tuviera 64 años y tuviera algo de limitaciones físicas, para llevar sobre mis rodillas todo lo que llevaba que parecía de un programa de José Mota. Encima acusándome delante de los otros pasajeros de haber insultado que según él lo escuchó porque ha de tener telepatía, un insulto por mi parte INEXISTENTE y que según él había grabado en vídeo a la azafata cuando recibí el desafortunado trato por parte de ella y que insisto que lo único que le pedí es que por favor pudiera subir al comportamiento superior la maleta más pequeña una maleta por la que había pagado porque por la otra había pagado pero al pesar tres kilos de más tuve que pagar sesenta y cinco euros y facturar. Esto no me ha pasado con ninguna compañía ni de alto ni de low cost esto me ha pasado en el vuelo de las 11 30 del lunes de Bilbao a Alicante. Lo de la azafata enfadada podría entenderlo. Lo del ""superior"" sí que es de película. Saludos espero que alguien realmente responsable y educado de Volotea, que seguro que hay muchísima gente, que lo es y profesional, se haga eco de esto que les aseguro que no me voy a quedar con los brazos cruzados sobre todo por el trato que como ser humano mi Señora y yo hemos tenido y a los que se nos ha acusado de algo que no existen pruebas porque no existen los hechos.Feliz Navidad"
VOE_0868,Volotea,Desconocido,Rome,Bilbao,Europe,diciembre de 2024,5,"Volotea. Vuelo desde Roma a Bilbao el 18 de diciembre, a las 18:00 horas. Así sí. Auxiliares de vuelo encantadores. Ya era hora!!! Turbulencias en el aterrizaje por viento sur en Bilbo. Muchos nervios, pero, aterrizamos sanos y salvos gracias al comandante y copiloto. Millones de gracias por ser unas máquinas!"
VOE_0869,Volotea,Desconocido,Valencia,Bilbao,Domestic,diciembre de 2024,1,"Ojo, no te avisan claramente, pero si antes de DOS HORAS Y MEDIA de la salida no has sacado la tarjeta de embarque online, la aplicación te impide sacarla y obligatoriamente la deberás sacar en el aeropuerto y te clavarán 30 euros. Viajo todos los meses a Bilbao. No me volverán a ver en Volotea"
VOE_0870,Volotea,Desconocido,Bilbao,Tenerife,Domestic,diciembre de 2024,3,"El vuelo de ida muy puntual,hemos llegado media hora antes….pero a pesar de las sanciones que les meten a las low cost,te siguen cobrando hasta por respirar….maleta,asiento etc …menos mal que hemos cogido puerta de emergencia (previo pago de 40 euros por los 2 sitios de ida y vuelta)porque los asientos normales son estrechisimos….es lo que hay …."
VOE_0871,Volotea,Desconocido,Malaga,Oviedo,Domestic,diciembre de 2024,1,"Me han hecho pagar por una mochila que cabía perfectamente en su stand medidor. Me dijeron cuando les pregunté porque mirarme la mochila ahora si había ido el viaje de ida con la misma y no dijeron nada. Me dijeron: señora aquí hacemos controles aleatorios como los de la alcoholemia y le ha tocado a usted y a mí me parece que su mochila no estará totalmente así que tiene que pagar 65 euros y sino le cierro la puerta. Seguí quejándome porque la mochila entraba y me cerró la puerta de embarque. Cuando no tuve más remedio que pagar, no me quería dar el terminal para pagar para asustarme. Mi hija de 13 años estaba delante y aún así me dijeron que era muy mayor para cabrearme (tengo 48 años) y que era lo que había. Nunca me he sentido tan agredida en una puerta de embarque. Fue vejatorio y vergonzoso. Llevo 18 años volando por trabajo y por ver a la familia y nunca me había pasado esto."
VOE_0872,Volotea,Desconocido,Barcelona,Ancona,Europe,diciembre de 2024,5,"Ambos vuelos directos llegaron en perfecto horario incluso antes,el servicio excelente, el personal de vuelo muy amable,el precio de ambos vuelos genial. Muchas gracias Volotea."
VOE_0873,Volotea,Desconocido,Bilbao,Valencia,Domestic,diciembre de 2024,5,"Vuelo puntual, tripulación de tierra y aire agradable. Piloto comunicativo… se le entendía bien! Precio billetes correcto. Repetiría sin dudar"
VOE_0874,Volotea,Desconocido,Oviedo,Tenerife,Domestic,diciembre de 2024,4,Sin problemas en la facturación y con total puntualidad. Viaje tranquilo y sin sobresaltos. Facilidad para conseguir transporte para desplazarse a destino.
VOE_0875,Volotea,Desconocido,Bilbao,Las Palmas de Gran Canaria,Domestic,diciembre de 2024,4,Todo correcto sobre el vuelo. Pero en la vuelta la maleta dañada y nos dimos cuenta en casa. Reclame y me dijeron que ya había salido del aeropuerto y no se podía hacer nada
VOE_0876,Volotea,Desconocido,Barcelona,Murcia,Domestic,diciembre de 2024,5,Mi agradecimiento para el personal de abordo por la amabilidad y preocupación por nuestro bienestar en todo momento. Una de mis hijas requiere asistencia en los vuelos y se agradecen detalles como éstos.
VOE_0877,Volotea,Desconocido,Oviedo,Milan,Europe,diciembre de 2024,5,Fue todo genial. Los vuelos llegaron incluso antes de las horas a su destino . El personal muy amable. Siempre que he volado con Volotea nunca he tenido ningún problema
VOE_0878,Volotea,Desconocido,Toulouse,Tenerife,Europe,diciembre de 2024,5,"Ha sido mi primer vuelo con Volotea y me ha sorprendido la comodidad de sus asientos en cuanto a su amplitud. En cuanto al resto, no he tenido problemas al realizar el check-in, en el embarque, viajaba con una mochila que perfectamente pude guardar en el asiento delantero, aunque también se podía guardar sin problemas en los compartimentos superiores. El personal muy atento, así que puedo decir que ha sido una experiencia satisfactoria."
VOE_0879,Volotea,Desconocido,Bilbao,Seville,Domestic,diciembre de 2024,4,Un vuelo sin novedad. Los profesionales bien. Se agradecería que se dieran una vuelta por el avión. Para controlar las temperaturas...(Aire acondicionado).
VOE_0880,Volotea,Desconocido,Toulouse,Tenerife,Europe,diciembre de 2024,5,"Un vuelo perfecto sin retrasos ,la tripulación genial y el avión estaba limpio y cómodo . No tuvimos problemas en el embarque y el. servicio a bordo fue bueno también"
VOE_0881,Volotea,Desconocido,Oviedo,Alicante,Domestic,diciembre de 2024,2,"Llevo casi un año viajando con Volotea una vez al mes desde Alicanye a Asturias, ida y vuelta, por razones de trabajo. En todos mis vuelos he utilizado la misma maleta de cabina. Ya he visto en otras oportunidades, a las señoritas, que son personal de tierra, cobrar equipaje de mano a pasajeros que ivan en mi mismo vuelo. Hoy me ha tocado a mi. La molestia principal, no es por el cobro, que si me parece fuera de lugar, ya que repito, he usado en los 14 vuelos, tanto de ida como de vuelta la misma maleta. Lo que más me ha molestado de todo, es el trato recibido por estas dos personas, que desde que me indican que tengo que medir mi maleta, es de malas maneras, delante del resto de pasajeros, de una forma tan despectiva, como si fueran dueñas de la línea aérea. Otros pasajero ivan con maletas o mochilas del tamaño de la mía, a estas no les dijeron nada. El vuelo iva con una ocupación de 3/4 por lo tanto las cabinas no estaban llenas. Esto ha sido desmesurado, tanto en trato como en el importe de 65€ por una maleta de cabina. No he podido poner una reclamación en la página, ya que no esta este tema, dentro de los motivos de queja.En cuanto a puntualidad y trato en el avión es todo perfecto. Una lástima que dos personas arruinen la buena impresión que tengo de la línea aérea y que hayan hecho que mi regreso a casa fuese nefasto."
VOE_0882,Volotea,Desconocido,Bilbao,Rome,Europe,diciembre de 2024,3,La chulería y prepotencia de la mayoría de las auxiliares de vuelo parece que es común a todas las compañías aéreas. Triste y lamentable. Son desagradables desde el mostrador de facturación hasta el final del vuelo. Menos mal que los pilotos hacen bien su trabajo y nos llevan sanos y salvos de un lado para otro.
VOE_0883,Volotea,Desconocido,Oviedo,Milan,Europe,diciembre de 2024,5,"Todo fenomenal. Puntualidad absoluta, amabilidad y seriedad. Y la comodidad del aeropuerto junto con la facilidad para dejar el coche"
VOE_0884,Volotea,Desconocido,Madrid,Toulouse,Europe,diciembre de 2024,4,Parece que solo atendieron con los aperitivos y bebidas a quienes lo compraron previamente. Y hubo retraso en la salida.
VOE_0885,Volotea,Desconocido,Donostia,San Sebastian - Seville,Domestic,diciembre de 2024,1,Tanto la ida como la vuelta fueron un desastre. Aterrizamos en Bilbao nadie dijo nada y por nuestra cuenta tuvimos que buscar un autobús a San Sebastián no han devuelto el dinero.
VOE_0886,Volotea,Desconocido,Malaga,Oviedo,Domestic,diciembre de 2024,5,Una atención impecable y vuelo muy agradable. Sin duda volveré a usar esta aerolínea ya se lo estoy recomendando a todas mis amistades. Precios económicos y la atención tanto en tierra como aire impecable Gracias volotes
VOE_0887,Volotea,Desconocido,Oviedo,Tenerife,Domestic,noviembre de 2024,5,Muy buen trato del personal tanto de tierra como de vuelo muy puntuales los vuelos legando con algo de adelanto todo perfecto
VOE_0888,Volotea,Desconocido,Bilbao,Las Palmas de Gran Canaria,Domestic,diciembre de 2024,3,Te meten costes extra por donde pueden con técnicas de marketing engañosas. Te venden el vuelo y cuando llegas a facturación te cobran por el billete.
VOE_0889,Volotea,Desconocido,Bilbao,Las Palmas de Gran Canaria,Domestic,noviembre de 2024,5,El espacio en el avión correcto. Personal amable. Vuelo puntual. Muy buen precio. Es una compañía que me gusta mucho. Repetiré seguro.
VOE_0890,Volotea,Desconocido,Bilbao,Marrakech,International,diciembre de 2024,5,"Buena experiencia en todos los sentidos, puntualidad y profesionalidad por parte de la tripulación. Facilidad para el check in on line."
VOE_0891,Volotea,Desconocido,Malaga,Oviedo,Domestic,noviembre de 2024,4,"No doy más por el retraso de 40 min en la salida, por lo demás, servicio, precio y atención recibida valoro mucho el trabajo de la tripulación"
VOE_0892,Volotea,Desconocido,Madrid,Lyon,Europe,noviembre de 2024,2,"El vuelo salió 1:30 tarde respecto de la hora en la que lo compré. Me retrasaron 50 minutos días antes, y en el aeropuerto otro tanto. El espacio para las piernas es bueno, pero perdí la poca tarde que me quedaba en mi destino."
VOE_0893,Volotea,Desconocido,Valencia,Lyon,Europe,diciembre de 2024,1,"Día 6 de diciembre vuelo de las 10:40 desde Valencia hasta Lyon, he obtenido mal trato por parte de una azafata ubicada aún dentro del aeropuerto, chica rubia jóven muy desagradable que hablaba español y se ha dirigido a mí para decirme que midiera mi maleta aún habiendo pagado maleta de cabina de 10 kilos. Mientras otros pasajeros llevaban maletas mucho más grandes que la mía y ninguno ha tenido que parar a medirla. Yo le he preguntado con respeto porque no había parado a nadie más para que midieran las maletas. Me ha hablado altiva y maleducadamente refiriéndose a ‘llevo años trabajando aquí, yo sabré que maletas caben y cuales no.’ Seguidamente me ha sacado el datáfono de una manera chulesca y me ha hecho pagar 65€. He subido al avión muy disgustada por este encuentro, gracias por amargarme el viaje. Primera y última vez que viajo con esta aerolínea."
VOE_0894,Volotea,Desconocido,Oviedo,Malaga,Domestic,noviembre de 2024,5,"Putual y tranquilo, ....trato correcto y profesional del personal de cabina....no se puede pedir más. Conclusión Genial"
VOE_0895,Volotea,Desconocido,Barcelona,Murcia,Domestic,diciembre de 2024,4,"Puntual, avión confortable, buen embarque y desembarque, correctos dando información , la pega, los precios Y la escasa frecuencia de vuelos Barcelona-Murcia Mucho mejor que Vueling"
VOE_0896,Volotea,Desconocido,Donostia,San Sebastian - Seville,Domestic,noviembre de 2024,4,Embarcamos con retraso Luego parece que tenía algún fallo el avión hasta qué se solucionó pasamos cerca de una hora en el avión por lo que ha Sevilla llegamos una hora más tarde v
VOE_0897,Volotea,Desconocido,Malaga,Bilbao,Domestic,noviembre de 2024,5,Puntualidad y comodidad. El avión estaba limpio y ordenado. El personal muy amable y atento a las necesidades de los pasajeros.
VOE_0898,Volotea,Desconocido,Oviedo,Malaga,Domestic,noviembre de 2024,5,"Es un placer volar con VOLOTEA, todo perfecto y ya son unos cuantos años. Puntualidad y la amabilidad de su personal es a destacar."
VOE_0899,Volotea,Desconocido,Bilbao,Rome,Europe,noviembre de 2024,5,Es la primeta vez que vuelo con Volotea. Conseguí vyelos baratos de ida y vuelta. Fue todo perfecto y los vuelos puntuales.
VOE_0900,Volotea,Desconocido,Bilbao,Florence,Europe,diciembre de 2024,5,"Vuelo muy cómodo,saliendo con adelanto,y llegando con + 35m de adelanto en aeropuerto de llegada ,tanto a la ida como a la vuelta"
VOE_0901,Volotea,Desconocido,Oviedo,Granada,Domestic,noviembre de 2024,5,"Viajo muy frecuentemente entre los aeropuertos de origen Asturias con los de Malaga y Granada. Mi experiencia hasta la fecha es totalmente satisfecho Compañía seria,puntual y precios en determinadas fechas muy buenos, servicio de personal tanto en espera como a bordo es de amabilidad y buen trato."
VOE_0902,Volotea,Desconocido,Barcelona,Strasbourg,Europe,noviembre de 2024,5,"Puntualidad, buen servicio, tanto en tierra como en vuelo, y calidad de los aviones. Todo transcurrió como habíamos previsto"
VOE_0903,Volotea,Desconocido,Las Palmas de Gran Canaria,Bilbao,Domestic,diciembre de 2024,5,"La tripulación super amable y atenta, los asientos cómodos, había asientos libres en las salidas de emergencia, y dieron opción a sentarse a gente que venía en filas con menos espacio. Todo muy correcto"
VOE_0904,Volotea,Desconocido,Barcelona,Strasbourg,Europe,diciembre de 2024,1,"Día 3 de diciembre vuelo de las 8:40 mal trato por parte de las azafatas sobre todo una chica rubia con gafas jovencita muy desagradable que hablaba español y únicamente se ha dirigido a mí en francés para decirme que bajara mi maleta de gran tamaño aún habiendo pagado maleta de cabina de 10 kilos, mientras otros pasajeros sí que lo hacían y no han pagado maleta de viaje . Primera y última vez que viajo con esta pésima aerolínea."
VOE_0905,Volotea,Desconocido,Bilbao,Seville,Domestic,diciembre de 2024,1,"He tenido un accidente, estoy imposibilitado para viajar. Llevo más de 20 correos con la atención al cliente de la aerolínea. Te marean para no crear crédito de vuelo cuando esté recuperado y pueda volar. Se ríen del cliente y te responden en bucle dejando desamparado al cliente. Absténganse de comprar títulos de transporte con ellos, es la aerolínea que más problemas da al pasajero."
VOE_0906,Volotea,Desconocido,Lyon,Malaga,Europe,diciembre de 2024,1,"Hoy me ha sido denegado el embarque a mi y mi familia por 4min de retraso. Un retraso debido a la huelga de taxista en Lyon. Llegamos corriendo a la puerta de embarque y me dijeron que no admitían ningún retraso, solo habían pasado 4 min, el avión estaba en la puerta. El personal fue extremadamente desagradable y se rieron en nuestra cara. Me parece increíble que por 4min nos hayan denegado el embarque, más sabiendo que el retraso era justificado. No solo no podíamos embarcar si no que tampoco podíamos salir de la terminal para acudir a un mostrador e intentar comprar otro vuelo. Entiendo las normas de seguridad pero viajo mucho y es la primera vez que me pasa un caso así. Nos dejaron totalmente desamparados y gracias a la ayuda del personal de seguridad pudimos salir. Me parece una falta de empatía total, me siento defraudada por la compañía y no volveré a viajar con volotea bajo ningún concepto, así lo haré saber a mi entorno. Que les vaya muy bien"
VOE_0907,Volotea,Desconocido,Bilbao,Seville,Domestic,noviembre de 2024,5,"Es la compañía con la que vuelo más cómodo, más puntual, más limpia y más ECONÓMICA. Si no hay vuelo de Volotea y he de buscar otro, ya hay problemas, impuntualidad, espacio pequeño entre asientos, malestar en general! Espero vayan aumentando sus destinos, que ya son bastantes, y seguir disfrutando de sus descuentos y bienestar en general! RECOMENDADO 100%"
VOE_0908,Volotea,Desconocido,Lisbon,Oviedo,Europe,noviembre de 2024,5,"Hace poco volé con Volotea y tuve una excelente experiencia de principio a fin. El proceso de reserva fue suave y fácil de usar, con información clara sobre los detalles de mi vuelo. Los precios eran muy razonables para el nivel de servicio prestado, y sentí que conseguí una gran relación calidad-precio. En general, recomiendo Volotea para cualquiera que busque una aerolínea confiable y eficiente con un excelente servicio al cliente. Definitivamente volveré a volar con ellos en el futuro."
VOE_0909,Volotea,Desconocido,Athens,Heraklion,Domestic,noviembre de 2024,5,Dentro de las horas de salida y llegada. Personal amable con una sonrisa y la intención. Preferiría viajar con esta aerolínea en particular de nuevo.
VOE_0910,Volotea,Desconocido,Bilbao,Tenerife,Domestic,noviembre de 2024,5,"Avión limpio, espacioso. Tripulación muy agradable y puntualidad y rapidez para entrar al avion. Repetiría sin dudarlo"
VOE_0911,Volotea,Desconocido,Oviedo,Barcelona,Domestic,noviembre de 2024,5,Solo una pega. Las azafatas de Tierra son mal educadas y no ayudan en nada. No puse hoja de reclamación por no perder el tiempo. Tuve que volar con Vueling con billete Volotea. Pague dos billetes.
VOE_0912,Volotea,Desconocido,Seville,Oviedo,Domestic,noviembre de 2024,1,"Atención al cliente NEFASTA, especialmente la chica trabajadora que atendía a los checking la mañana del 30/11. Mal educada, poco flexible, sin información de la propia compañía en la que trabaja."
VOE_0913,Volotea,Desconocido,Oviedo,Las Palmas de Gran Canaria,Domestic,noviembre de 2024,5,Todo perfecto salvo los problemas de los atrasos por la diversidad de vuelos aéreos en Canarias ajenos a las compañías de vuelos
VOE_0914,Volotea,Desconocido,Oviedo,Seville,Domestic,noviembre de 2024,5,"Excelente experiencia! Asientos amplios, muy bien organizado. Estaba suscrito a Mega Volotea Plus y la verdad vale la pena! Precios de los vuelos mas económicos, te incluyen una maleta en cabina gratis, ademas de un Cafe de cortesía en el vuelo entre otros beneficios como el acceso prioritario y más! No dudo el volver a usar su servicio, un 10/10 de experiencia!"
VOE_0915,Volotea,Desconocido,Granada,Oviedo,Domestic,noviembre de 2024,5,Viaje cómodo y corto. Super puntual Los aeropuertos de estas dos ciudades son pequeños por lo que todo se hace rápido y sin colas La tripulación muy amable Viaje super recomendable
VOE_0916,Volotea,Desconocido,Lyon,Athens,Europe,noviembre de 2024,1,"VOLOTEA Volotea Lyon Atenas 29 / 11 / 24 fl. 2018 . El retraso de la salida hasta esta hora ( 20 : 21 h) es 2 h 45 minutos! ! SIN PREVIO AVISO A NUESTRO CORREO ELECTRÓNICO O TEL. Una humillante larga cola de espera para darnos un cupón de 5 € para el almuerzo ! ! ! La comida disponible en la única barra libre « 221 . bar », son patatas fritas, magdalenas, galletas, café, etc. No hay bocadillos ni ningún otro bocadillo. El epítome del desprecio de Volotea por sus pasajeros. Los servicios y la atención de Volotea a sus pasajeros está discutiendo."
VOE_0917,Volotea,Desconocido,Bilbao,Paris,Europe,noviembre de 2024,5,Tuve q hacer un viaje exprés. Ya es la segunda vez q viajo con Volotea. Me parece muy buena compañía. Cómoda. Trato del personal muy correcto. Si operara en Santander sería 100% perfecta.
VOE_0918,Volotea,Desconocido,Madrid,Nantes,Europe,noviembre de 2024,1,"Pésimo servicio de los trabajadores, estaban gritando a un chico por llevar una bolsa del duty free y tiraron mi mochila solo porque puse en la parte arriba, habiendo tanto espacio, solo bastaba decirlo y no ser así de agresivos. No recomiendo para nada esta compañía, sobretodo con esos trabajadores tan prepotentes"
VOE_0919,Volotea,Desconocido,Oviedo,Alicante,Domestic,noviembre de 2024,5,Los vuelos salieron y llegaron a la hora prevista . El personal muy amable y servicial Me hice Megavolotea y ya ahorré lo invertido . Así que les doy un 10 y seguiré volando con ellos
VOE_0920,Volotea,Desconocido,Oviedo,Seville,Domestic,noviembre de 2024,5,"The BEST , maravilloso, puntuales, amables, aviones amplios , todo perfecto.lo recomiendo a todo el mundo por encima de. Ryanair con una diferencia abismal"
VOE_0921,Volotea,Desconocido,Alicante,Oviedo,Domestic,noviembre de 2024,4,"Lo mejor de volotea la puntualidad en los vuelos y lo peor que te cobran por todo: maleta en cabina, embarque prioritario....por otra parte como en todas las compañías..."
VOE_0922,Volotea,Desconocido,Oviedo,Seville,Domestic,noviembre de 2024,5,"No es la primera vez que viajo con ellos y sin duda nunca me defrauda. Puntualidad, atención trato amable por parte de los miembros de la tripulación."
VOE_0923,Volotea,Desconocido,Lisbon,Oviedo,Europe,noviembre de 2024,5,"Fue todo magnífico. Incluso llegamos antes de lo previsto. La tripulación, muy simpática y atenta. Vuelo muy tranquilo."
VOE_0924,Volotea,Desconocido,Alicante,Oviedo,Domestic,noviembre de 2024,5,"Puntualidad excelente y atención del personal de cabina de diez. El vuelo fenomenal, solo que los asientos podían ser algo más anchos."
VOE_0925,Volotea,Desconocido,Alicante,Oviedo,Domestic,noviembre de 2024,5,"Viaje muy agradable, puntualidad, excelente trato recibido, asientos cómodos y un buen espacio. Todo el proceso de reserva hasta la llegada a destino muy correcto y claro (reserve desde la app de la aerolínea) Los precios-descuentos por ser MegaVolotea muy bien."
VOE_0926,Volotea,Desconocido,Barcelona,Oviedo,Domestic,noviembre de 2024,1,"Volotes es sin duda una de las peores experiencias que he tenido. En Barcelona todo fue bastante bien, íbamos con una bebé que lleva un cochecito plega ale de la marca becool cabin, que cumple con las medidas para subir, cuando nos vieron nos hicieron pasar primeros por el hecho de ir con una bebé, nos preguntaron si el cochecito era como el de la marca yoyo le dijimos que si, y no hubo problema en subirlo. Nuestra sorpresa fue en Oviedo, que las chicas fueron súper desagradables, nos dijeron que como no era yoyo no nos lo dejaban subir, hicieron pasar a la gente mientras teníamos que poner el cochecito donde pasan las maletas por medida. Luego de todo eso, nos pusieron por allí en medio de la cola, todo esto con una bebé y con una falta de educación increíble. No solo todo esto que ni siquiera nos avisaron que nuestro cochecito podría salir por una cinta diferente, suerte que cuando llegamos a Barcelona nos avisaron y fueron muy amables. Sin duda no remocmiendo Volotea, espero que esto sirva para que tengáis más educación y conciencia con la gente que viaja con bebés. Y con la gente que se compra un cochecito de bebé con las medidas aptas aunque no sea yoyó, y si solo sirve esa marca, avisadlo quizá la gente que viaja con bebés debería tener esa información y así poder mirar otras compañías!"
VOE_0927,Volotea,Desconocido,Valencia,Oviedo,Domestic,noviembre de 2024,5,He volado varias veces con Volotea. Es una compañía seria con personal cualificado. Te informan de todo mediante mail y el trato es adecuado.Volvería a repetir sin duda.
VOE_0928,Volotea,Desconocido,Bilbao,Venice,Europe,noviembre de 2024,5,"Como viene siendo habitual con Volotea, el vuelo salió en hora, super puntual y llegamos a Venecia antes de lo programado. El personal de vuelo atento y amable. En mi caso (Megavolotea Plus), es cómodo el embarque prioritario y llevar mi maleta en cabina para las escapadas en ciudades. También se agradece el café de cortesia. En resumen, si sigue en esta tónica, seguirá siendo mi aerolínea de cabecera para próximos viajes."
VOE_0929,Volotea,Desconocido,Oviedo,Las Palmas de Gran Canaria,Domestic,octubre de 2024,1,"No hay opción para sacar el billete con descuento residente, dónde tendría que aparecer la opción a la hora de pagar no hay opción."
VOE_0930,Volotea,Desconocido,Bordeaux,Malaga,Europe,noviembre de 2024,5,"Sin lujos, sin aerolíneas. Más importante, a tiempo Me uní a Megavolotea, que me permite llevar equipaje adicional, sin los precios sobreinflados de otras aerolíneas. App fácil de usar"
VOE_0931,Volotea,Desconocido,Bilbao,Florence,Europe,noviembre de 2024,5,"Regularmente tomo vuelos ofrecidos por la compañía Volotea, y siempre llegan a tiempo o incluso un poco antes. La tripulación del crucero es acogedor y amable, especialmente con los niños."
VOE_0932,Volotea,Desconocido,Paris,Bilbao,Europe,octubre de 2024,1,"El personal me cambió la maleta de sitio sin pedir permiso, dejándola mucho más atrás, sin tener visión de la misma. Fueron desagradables y con malos modales."
VOE_0933,Volotea,Desconocido,Seville,Oviedo,Domestic,noviembre de 2024,4,"Muy mal la entrega de maletas, osea facturacion. mas de media hora de retraso en abrirla. todos de pie para no perder cola. luego una velocidad tremenda para embarque, llegamos con el tiempo justo sin poder ni ir aLservicio."
VOE_0934,Volotea,Desconocido,Florence,Bilbao,Europe,octubre de 2024,5,Muy bien todo...sobre todo la amabilidad de una Tcp en Florencia...una chica española de nombre Angela...es buenisima!!! Volveremos si esta ella
VOE_0935,Volotea,Desconocido,La Coruna,Valencia,Domestic,noviembre de 2024,4,"BUENA PUNTUALIDAD Y MUY BUENA ATENCIÓN PERSONAL ABORDO MEJORAR PROCEDIMIENTO EMBARQUE (FILAS,NO SE ESCUCHA BIEN TELEFONIA)"
VOE_0936,Volotea,Desconocido,Madrid,Murcia,Domestic,noviembre de 2024,4,Encuentro muy favorable el servicio que me da Volotea. La relación calidad precio es estupenda. Me puedo permitir irme a Murcia a ver a mi familia si todos los fines de semana. El único problema son los plantones en el aeropuerto pero no depende de ellos
VOE_0937,Volotea,Desconocido,Oviedo,Seville,Domestic,noviembre de 2024,5,"Todo perfecto, sin problemas, sin retrasos, todo estupendo, me encanta viajar con volotea, y lo hago siempre que puedo."
VOE_0938,Volotea,Desconocido,Oviedo,Lisbon,Europe,noviembre de 2024,5,"El viaje fue según lo previsto, y pudimos disfrutar de un buen descuento gracias a su programa de fidelización. El personal, muy amable y atento."
VOE_0939,Volotea,Desconocido,Nantes,Prague,Europe,noviembre de 2024,5,"Muy satisfecho con el servicio El servicio fue bueno, el avión aterrizó muy cómodamente y tuvo un viaje agradable y placentero"
VOE_0940,Volotea,Desconocido,Bilbao,Marrakech,International,noviembre de 2024,5,"De Euskadi a Marocco en dos horas escasas con precio ajustado y puntualidad, ¿qué más quieres? Me parece que Volotea ofrece destinos interesantes"
VOE_0941,Volotea,Desconocido,Verona,Catania,Domestic,noviembre de 2024,1,"Reservé un vuelo de Verona a Catania el 21 / 11 / 25 con salida a las 18 : 45 para mí y mi papá. Traté de hacer la comprobación en línea - todos los días durante 3 días antes de mi vuelo, pero siempre recibí un mensaje de error. Busqué en el sitio web de la empresa sobre qué hacer en este caso, y encontré en el artículo diciendo que vaya al control del aeropuerto - en el área y el servicio de atención al cliente de Volotea ayudará a proporcionarme el control - sin ningún costo adicional. Fui al control - en el área del aeropuerto de Verona el 21 / 11 / 25 y le expliqué mi situación al empleado que trabaja en el mostrador. Le mostré una captura de pantalla del error cuando intenté hacer la comprobación en línea - en, también le mostré el enlace del sitio web sobre hacer la comprobación - en el aeropuerto, pero ella dijo ''ese enlace no es válido''. Tuve que pagar 60 euros para conseguir mi cheque. Al día siguiente envié un correo electrónico a Volotea y adjunté la captura de pantalla de la comprobación - por error, y el artículo de la página web diciendo que podía hacer la comprobación - en el aeropuerto en caso de error durante el proceso. Respondieron que debería haber enviado un correo electrónico a la compañía antes del vuelo, y que no podían reembolsar los 60 euros. No confiaré en esta compañía en el futuro, ya que tuve que lidiar con un empleado indiferente en el aeropuerto, y el correo electrónico que recibí de Volotea ignoró mi solicitud a pesar de su información engañosa."
VOE_0942,Volotea,Desconocido,Madrid,Murcia,Domestic,noviembre de 2024,5,"La aerolínea también fue excelente desde la reserva, para registrarse en el vuelo. Fue a tiempo, cómodo y a muy buen precio. Volveré a usar"
VOE_0943,Volotea,Desconocido,Bilbao,Las Palmas de Gran Canaria,Domestic,noviembre de 2024,5,"Llevo ya varios vuelos con ellos y la experiencia siempre ha sido positiva. A destacar la amabilidad y el buen hacer de la persona que me atendió en el mostrador en BIO, en este viaje reciente; facturaba por primera vez con ellos y su atención fue de 10. Soy miembro Megavolotea desde hace varios años y lo recomiendo. Aunque ya hay bastantes vuelos desde BIO sería genial que también ampliaran destinos desde el aeropuerto de EAS :)"
VOE_0944,Volotea,Desconocido,Murcia,Barcelona,Domestic,noviembre de 2024,5,"Vuelo puntual y personal muy agradable, incluso se llega antes de tiempo la mayoría de veces. Lo recomendaría sin duda."
VOE_0945,Volotea,Desconocido,La Coruna,Malaga,Domestic,octubre de 2024,5,"Web muy amigable, avisan de los retrasos, tripulación volcada en el cliente, comodidad en el vuelo. Relación calidad precio fantástica."
VOE_0946,Volotea,Desconocido,Heraklion,Athens,Domestic,noviembre de 2024,4,"Embarque puntual, salida y llegada. Tripulación de cabina amable y servicial. A buen precio. En general, muy buena experiencia."
VOE_0947,Volotea,Desconocido,Bilbao,Porto,Europe,noviembre de 2024,1,"Terrible exepiriencia volando con Volotea. El peor servicio aburrido de la historia, los asistentes están entrenados para robar a los pasajeros con el argumento de las bolsas. Ni siquiera probar que la bolsa encaja en el verificador de tamaño es suficiente para evitar el robo. Cuídate con esta compañía, claramente la peor voladora de Europa (viajo mucho)"
VOE_0948,Volotea,Desconocido,Venice,Athens,Europe,noviembre de 2024,5,"Muy buena experiencia de viaje con Volotea! Personal muy amable, muy buen vuelo! ¡Seguro que la aerolínea low cost favorita!"
VOE_0949,Volotea,Desconocido,London,Strasbourg,Europe,noviembre de 2024,5,"Todo estaba bien. Registro rápido, buena marca, sin demoras y bajo costo. Sin duda volvería a viajar y me encantaría ver más destinos."
VOE_0950,Volotea,Desconocido,Oviedo,Milan,Europe,noviembre de 2024,5,"muy buena compañía , puntualidad, profesionalidad, todo perfecto , se agradece que compañías como Volotea se acuerden de las pequeñas ciudades, donde dan un servicio importantísimo para la gente de poblaciones más pequeñas y alejadas, un placer"
VOE_0951,Volotea,Desconocido,Bilbao,Florence,Europe,noviembre de 2024,4,"Hubo un retraso de una hora, la única pega. Atención a megavolotea un plus. Sobrecargos muy atentos. Los recomiendo al 100 %"
VOE_0952,Volotea,Desconocido,Brest,London,Europe,noviembre de 2024,5,"Opción de viaje muy conveniente desde Bretaña al Reino Unido. Brest es un gran aeropuerto, Volotea una gran aerolínea. Excelente relación calidad-precio."
VOE_0953,Volotea,Desconocido,Florence,Bilbao,Europe,noviembre de 2024,1,"Hola, quiero compartir mi experiencia para que a nadie más le pille por sorpresa. Ayer, 20 horas antes de mi vuelo, intento hacer el cheking on line, y no me lo permite con la excusa de que sólo quedan 4 asientos en las filas de emergencia y que por política de empresa lo tengo que hacer en el aeropuerto. A menos que comprará el asiento...35€!!! Si pago si lo puedo hacer... Llegó al aeropuerto para intentar solucionarlo y poder disfrutar de la mñn en Florencia, pero no hay máquina, tengo que esperar hasta que queden 2'5 horas de mi salida...con lo cual...la mñn perdida en el aeropuerto. Una azafata de información del aeropuerto me dice que las compañías low cost como está...hacen estas cosas para que evites la incertidumbre de estar sin billete, x si te venden tu asiento, o luego cobrarte x hacértelo a última hora....Mi enfado sigue creciendo y llamo a atención al cliente, consigo hablar con un chico que me confirma k es gratuito y que me sea leve la espera...ya no me iba a marchar. Cuando abren el mostrador de facturación...el azafato viendo mi estado molesto...y no hablaba español, me ofrece varios asientos....con lo cual eso k muestra la página de que quedarán sólo 4 asientos disponibles,es un engaño, lo hacen para k te pongas nervioso, pagues x tu asiento. Evitaré de todas las maneras volver a volar con esta compañía. Ni con Ryanair me había pasado algo similar. Fatal!! Y mi asiento ni si quiera es en emergencia...Estafadores!!!!"
VOE_0954,Volotea,Desconocido,Oviedo,Seville,Domestic,noviembre de 2024,5,"Genial , repetiré seguro 👍 , azafatas amables , personal genial . Avion cuidado y personal atento ! Un vuelo genial y muy cómodo."
VOE_0955,Volotea,Desconocido,Oviedo,Milan,Europe,noviembre de 2024,4,"Buena valoración, incluido el retraso en la salida de Asturias, puntualid es salida de Bergamo y en general bien no hay queja"
VOE_0956,Volotea,Desconocido,Bilbao,Malaga,Domestic,noviembre de 2024,5,Mi primera vez con Volotea y puedo decir que a pesar de salir con un poco de retraso recuperamos y llegamos a la hora prevista.. Personal del avión muy amables. La vuelta de Malaga a Bilbao llegamos con antelación.
VOE_0957,Volotea,Desconocido,Toulouse,Madrid,Europe,noviembre de 2024,5,Nuestra primera vez en un vuelo de Volotea. Una excelente experiencia. Servicio al cliente profesional. Si necesitas espacio para las piernas esta es la aerolínea para ti. Pronto volveremos a reservar vuelos con ellos.
VOE_0958,Volotea,Desconocido,Bilbao,Paris,Europe,noviembre de 2024,5,Una aerolínea low cost bastante buena la calidad del servicio excelente muy puntuales y el personal de la tripulación muy amables
VOE_0959,Volotea,Desconocido,Bilbao,Tenerife,Domestic,noviembre de 2024,1,"Mi experiencia con Volotea ha sido frustrante e injusta, y quiero compartirla para que otros pasajeros sean advertidos. El 17 de noviembre de 2024, compré pasajes para mi familia (7 personas) y, dentro del plazo establecido, intenté realizar el check-in online. Logré completarlo para tres pasajeros, pero el sistema de Volotea online presentó un fallo que no me permitió hacer el check-in para los otros cuatro pasajeros. A pesar de mis intentos, no hubo forma de resolver el problema a través de la plataforma online. Pensando que recibiría ayuda en el aeropuerto, acudí a la zona de check-in el día del vuelo. Para mi sorpresa, el personal del aeropuerto, una chica joven me indico que aveces suele suceder que el check-in online falle sin embargo no tenia mucha experiencia y le pregunto a su compañera una señora de cabello encrespado castaño claro y la señora le dice es muy temprano para llamar a las oficinas lejos de ofrecerme una solución, fue grosera y poco profesional, insinuando que la culpa era mía. Además, me cobraron 120 euros (30 euros por pasajero) por realizar el check-in, si no los pagaba no podía abordar y devolverme a mi destino algo que considero completamente injustificado, ya que el problema fue ocasionado por el sistema de Volotea y no por mí. Cuando contacté al servicio de atención al cliente para solicitar el reembolso como me lo aconsejo la chica joven que me atendió en Bilbao me dijo no te preocupes es algo que pasa a menudo y volotea te realizara el importe con el recibo que te voy a dar con este cobro indebido, y me dijo puedo ver en el sistema que volotea te dejo realizar el check-in de soló 3 pasajeros así que es lógico que es un fallo del sistema, y ahora después de pedir la devolución de mi dinero simplemente rechace mi petición, alegando que debería haberme puesto en contacto antes del vuelo. Esto es ilógico, ya que no siempre es posible contactar con atención al cliente de manera inmediata, especialmente cuando uno ya está en el proceso de viajar. mi viaje fue el domingo 17 y desde el sábado 16 estoy intentando que volotea me de las tarjetas de embarque Me parece que este problema con el check-in online no es un incidente aislado, sino más bien un posible modelo de negocio para cobrar a los pasajeros tarifas adicionales en el aeropuerto. Esto resulta en una experiencia innecesariamente incómoda y costosa para los clientes. Como cliente que pagó por un servicio completo, me siento defraudado/a por la falta de responsabilidad de Volotea y el trato recibido. Les recomendaría a otros viajeros que tomen en cuenta estas prácticas antes de elegir volar con este avión. No estoy buscando solo mi reembolso, sino también generar conciencia sobre esta situación. Volotea debería revisar sus procedimientos y sistemas para evitar que otros pasajeros tengan que pasar por lo mismo."
VOE_0960,Volotea,Desconocido,Marseille,Fuerteventura,Europe,noviembre de 2024,5,Excelente experiencia de vuelo con Volotea con buena calidad de servicio y relación calidad-precio. La única parte complicada era asegurarse de que el equipaje estaba incluido en el billete para la celebración de la cabina o no. . . y no era
VOE_0961,Volotea,Desconocido,Barcelona,Oviedo,Domestic,noviembre de 2024,5,"Todo salio perfecto y a la hora indicada, Es lo que necesitaba para hacer viajes constantes de oviedo barcelona y viceversa"
VOE_0962,Volotea,Desconocido,Paris,Lourdes,Domestic,noviembre de 2024,5,"Me encanta esta aerolínea, sin duda la recomiendo, lastima que los destinos desde paris hacia España sean tan limitados. De resto todo bien, su personal y los aviones son top!"
VOE_0963,Volotea,Desconocido,Bilbao,Tenerife,Domestic,junio de 2024,1,"En este caso no valoro ni el personal de vuelo ni el del aeropuerto. Se trata del servicio de reservas y de Megavolotea. Al contratar una reserva por error al rellenar unos datos por un problema que tenia con la aplicacion duplique erroneamente la suscriocion. Como me di cuenta me puse en contacto de inmediato con reservas para exponer el problema y rogar anularan la nueva suscripcion erroneA. Al pasar los meses y volver a tener problemas con la aplicacion y la direccion de correo electronico, escribi a atencion al cliente, se me confirma que tengo dos suscripciones con el mismo nombre y diferente correo electronico. Tambien se me han efectuado los dos cobros sin atender a mis llamadas. La respueSta que recibo, depues de darme largas, es que lo unico que puedo hacer es no renovar la suscripcion!!!! No me dicen nada de la devolucion del importe de la suscripcion duplicads. Es incomprensible que detecten cuando hay dos direcciones de correo iguales y no permitan duplicar la suscripcion, pero en cambio la dupliquen sin problemas con el mismo nombre de solicitante!! Fatal la atencion del servicio al cliente y la solucion a los problemas, mucho cuidado con Megavolotea y sus suscripciones no te equivoques que no hay solucion pagas, si o si, dos veces o las que te equivoques. Siento que el vuen hacer del personal de vuelo y de tierra se ve empañado con la pesima actuacion de los servicios de reserva y se atencion al cliente. Lamentable!!!"
VOE_0964,Volotea,Desconocido,Oviedo,Malaga,Domestic,noviembre de 2024,1,"Te cobran a posteriori una suscripción de 59 euros anual que no autorizas , no puedes anular la suscripción , te engañan con precios que son falsos ."
VOE_0965,Volotea,Desconocido,Verona,Prague,Europe,noviembre de 2024,4,+ Buena relación calidad-precio + Precio del billete + Comodidad + Rendimiento a tiempo - Falta de variedad en el menú de a bordo - Los precios en el menú on-board podrían ser más bajos
VOE_0966,Volotea,Desconocido,Barcelona,Oviedo,Domestic,noviembre de 2024,4,"En líneas generales bien. A destacar el embarque prioritario, la puntualidad y el personal muy pendiente de las necesidades de los pasajeros."
VOE_0967,Volotea,Desconocido,Oviedo,Alicante,Domestic,noviembre de 2024,1,Engaño con la oferta de megavolotea no la hagan después de indicar en mi reserva que incluía msleta dec10 kgs y embarque prioritario doli me dieron rn ka ida y rn ka vuelta me hicieron pagar 70 € por las maletas y además muy desagradable el personal. No volveré a viajar con ellos Bendito Rayanair tanto como lo critican.
VOE_0968,Volotea,Desconocido,Oviedo,Seville,Domestic,noviembre de 2024,3,"Un vuelo estupendo y tranquilo, desde el despegue al aterrizaje , disfrutando de un paseo por las nubes en un precioso día."
VOE_0969,Volotea,Desconocido,Oviedo,Seville,Domestic,noviembre de 2024,5,"Puntualidad, calidad en el servicio y buen precio. Agradecer al personal de Volotea la buena atención recibida. Volveré a viajar con ellos sin duda."
VOE_0970,Volotea,Desconocido,Heraklion,Athens,Domestic,noviembre de 2024,4,"Si entiendes el papel y el modelo de negocio de las aerolíneas low cost, Volotea es una de las mejores en su tipo. Tarifas cómodas, operación de tiempo io, herramientas inteligentes y altas tarifas para los primeros viajeros en el tiempo. Ojalá pudieran evitar lo último."
VOE_0971,Volotea,Desconocido,Bilbao,Alicante,Domestic,noviembre de 2024,1,"después de dejar a mi madre una semana sin maleta durante las vacaciones, ni medicamentos, ni ropa ni cargadores..... NADA tienen la cara de no devolvérsela a la vuelta tampoco 12 días la maleta en el aeropuerto de Bilbao por un error de ellos a la hora de facturarla colocando la etiketa de otra pasajera la cual ni volaba, se la bajan del avión sin ningún tipo de explicación y a fastidiarse. Casi me toca ir con los GEOS x no reconocer un error, que somos humanos pero estos.... no, pisan a quien sea. Una señora de 65 años. Esos aparte de destrozar la maleta de bollos y rallones. Sinvergüenzas, incompetentes e ineptos"
VOE_0972,Volotea,Desconocido,Valencia,La Coruna,Domestic,octubre de 2024,5,"Cumpliendo horarios, incluso llegadas antes de lo previsto. Embarque MUY ORDENADO... tripulación profesional. Excelente!"
VOE_0973,Volotea,Desconocido,Oviedo,Barcelona,Domestic,noviembre de 2024,1,"Publicidad y ofertas engañosas, con el tema del equipaje Te sugieren contratar megavolotea y aunque te avisan de que caduca en 15 días , no sirve ni para la reserva en curso en el momento de contratar , vaya un lio para después tratarte como un moroso y cobrarte 65€ Por lo menos vueling te cobra pero te lo dice claro."
VOE_0974,Volotea,Desconocido,Athens,Heraklion,Domestic,noviembre de 2024,1,Inicialmente barato pero te golpean con tarifas donde se vuelve más caro que cualquier otra aerolínea. Primera y última vez volando con ellos. Me siento estafado.
VOE_0975,Volotea,Desconocido,Prague,Zurich,Europe,diciembre de 2023,1,Muy decepcionado con el enfoque de la aerolínea. Me cobraron automáticamente 2 x 60 euros por una membresía que nunca pedí ni acepté activar.
VOE_0976,Volotea,Desconocido,London,Strasbourg,Europe,octubre de 2024,5,"El único problema que tuvimos fue la eliminación del check-in en línea en el último minuto, así que tuvimos que esperar al mostrador de facturación humana hasta 2 horas antes del vuelo. De lo contrario, todo lo demás funcionó sin problemas e incluso dejamos LGW temprano!"
VOE_0977,Volotea,Desconocido,Oviedo,Barcelona,Domestic,septiembre de 2024,5,"Tanto en el viaje de ida en el aeropuerto de Asturias como.en la vuelta el vuelo, atención y puntualidad fueron perfectos!! Embarque ágil y organizado. Atención del personal inmejorable"
VOE_0978,Volotea,Desconocido,Olbia,Milan,Domestic,noviembre de 2024,5,Super viaje con Volotea. Cean y muy buena mosca atiende a bordo. Fly llegó a tiempo y no hay problema cuando tale off y aterrizaje. Recomiendo.
VOE_0979,Volotea,Desconocido,Strasbourg,London,Europe,noviembre de 2024,4,"El avión despegó justo a tiempo Estaba impecablemente limpio, elegante y cómodo. Barato y de alta calidad. 12345678999866"
VOE_0980,Volotea,Desconocido,Bilbao,Porto,Europe,noviembre de 2024,5,"Sin contratiempos. Muy puntuales, de hecho, llegamos con 20 minutos de adelanto a Oporto. Trato del personal correcto. Aunque el vuelo de vuelta se retrasó en origen, llegamos en hora prevista a Bilbao."
VOE_0981,Volotea,Desconocido,Nice,Bordeaux,Domestic,noviembre de 2024,1,"No hay nada especial que presumir con esta aerolínea. Pero si reservaste para llevar a bordo a tu pequeña mascota , que me había costado 78 euros, asegúrate de que no necesitarás cancelar , pues NO te deVOLVIERON 78 euros . ¡Así que un verdadero ROBO!"
VOE_0982,Volotea,Desconocido,Oviedo,Fuerteventura,Domestic,noviembre de 2024,3,"El vuelo dentro de lo normal(vuelo frecuentado varias veces al año) ,SALVO ,el auxial de vuelo de turno ,antipático con las mascotas ,contradiciendo a sus propios compañeros mas amables y cumpliendo normas. Este tipo de personas enturbian el ambiente esten donde esten. La compañía debería actuar.Por supuesto no digo nombre por proteccion datos ,aunque sí esta apuntado en reclamaciones , ya es la segunda vez con el mismo y lo mismo."
VOE_0983,Volotea,Desconocido,Rome,Bilbao,Europe,noviembre de 2024,4,"Buen trato del personal de la compañía, muy puntual. Quizá, un poco caro aunque todos los vuelos se han encarecido en la actualidad."
VOE_0984,Volotea,Desconocido,Athens,Lyon,Europe,octubre de 2024,1,"¡Nunca compres boleto de Volotea, tu LUGAR en el avión NO está garantizado! Usted está comprando boleto de lotería no un asiento. Tenga cuidado con sus reservas de Volotea. A pesar de que pagué el precio completo del billete meses antes no pude hacer un check-in en línea. Recibí un mensaje para llegar al aeropuerto con antelación para hacerlo. -Sí. Estaba en el aeropuerto 5 h de antelación, hice la fila y el registro - en y me dieron 'stand by' billete de pasajero! ¡Me dijeron que quizá no haya lugar para mí en el avión! ¿Pero soy el segundo en la lista? Tuve que pasar por el control, esperar en la fila hasta el final del embarque y luego preguntar si queda algún lugar para mí! ¿También la señora me dijo que es una práctica normal para esta empresa y que normalmente alguien no aparece para que tenga una oportunidad? Su absurdo, overbooking es una práctica ilegal. Es una estafa."
VOE_0985,Volotea,Desconocido,Prague,Lanzarote,Europe,diciembre de 2023,1,"Ten cuidado, Volotea trata de obligarte a participar en su programa de membresía anual de 60 EUR PAGADOS. Es probable que tengas que desmarcar la opción predeterminada o rechazarla por correo que no está en inglés. No recuerdo cómo lo hicieron. Nunca antes había experimentado un movimiento tan estúpido. Basura increíble de una aerolínea."
VOE_0986,Volotea,Desconocido,Malaga,Bilbao,Domestic,noviembre de 2024,5,"Gran primera experiencia! Todo era perfecto! Puntual, amable y buena comunicación. Definitivamente usaré Volotea de nuevo!"
VOE_0987,Volotea,Desconocido,Bilbao,Alicante,Domestic,noviembre de 2024,5,"Vuelo cómodo, agradable y tranquilo. Razonable calidad/precio. Ojalá tuviera más frecuencia de vuelos a otras horas como viernes por la tarde"
VOE_0988,Volotea,Desconocido,Marseille,Barcelona,Europe,noviembre de 2024,1,"Cancelación de vuelo, sin ofrecer ninguna alternativa , gastos de hotel, traslados ni posibilidad de viajar y sin devolución de gastos"
VOE_0989,Volotea,Desconocido,Athens,Bilbao,Europe,octubre de 2024,5,Viajé a Bilbao para visitar a mi hijo que trabaja en España. Además con Bilbao visité San Sebastián y Santander. Generalmente fue un muy buen viaje.
VOE_0990,Volotea,Desconocido,Kalamata,Lille,Europe,octubre de 2024,4,"Tripulación educada, información sobre el viaje por correo electrónico todo el camino antes del viaje, ofrece, a tiempo, nuevos aviones, buenos servicios"
VOE_0991,Volotea,Desconocido,Donostia,San Sebastian - Malaga,Domestic,noviembre de 2024,5,"Puntualidad, comodidad y buen precio que se agradecen desde un aeropuerto pequeño. Rápido desembarque llegando unos minutos antes de la hora prevista"
VOE_0992,Volotea,Desconocido,Lille,Kalamata,Europe,octubre de 2024,5,"Vuelo oportuno. Servicio amable y personal. Muy tranquilo, solo 8 pasajeros así que asientos libres. Tengo 20 € de descuento como regalo de cumpleaños."
VOE_0993,Volotea,Desconocido,Oviedo,Alicante,Domestic,octubre de 2024,5,"hola, llevo años volando desde oviedo a varios destinos con volotea y la verdad que me encuentro muy bien con esta aerolinea. El tema de puntualidad que a mi personalmente me importa, cumplen muy bien. La amabilidad de su personal asi como la comodidad de sus aviones tambien puedo decir que es buena y por ultimo yo soy megavolotea plus y tengo muchos beneficios. Por lo tanto recomiendo esta compañia."
VOE_0994,Volotea,Desconocido,Strasbourg,Berlin,Europe,octubre de 2024,4,"Compañia ideal para familias, puedes apadrinar hasta 4 miembros de una familia con una sola suscripción de Megavolotea y por tanto embarcar con maleta de 10kg cada uno de los miembros. Es recomendable facturar la maleta aunque sea gratuita puesto que casi todo el mundo embarca con maleta y no hay demasiado espacio libre en el compartimento superior. Si no tienes prisa, mejor facturarla."
VOE_0995,Volotea,Desconocido,Bilbao,Las Palmas de Gran Canaria,Domestic,octubre de 2024,4,"Es una compañía seria y satisfactoria, a mí juicio, salvo en un aspecto, la opción de menús en Megavolotea, donde nos toman por tontos."
VOE_0996,Volotea,Desconocido,Malaga,Bilbao,Domestic,octubre de 2024,5,"A pesar del retraso x niebla en el aeropuerto de destino fue un viaje rápido, tranquilo y ameno. Sería conveniente volver a realizar el desembarco como en pandemia, mucho más ordenado xq menudos jaleos se montan en el pasillo. El check-in on line siempre es costoso de obtener pero tras varias insistencias se descarga bien."
VOE_0997,Volotea,Desconocido,Alicante,Oviedo,Domestic,septiembre de 2024,5,"Todo muy bien siempre , añadiría a super megavolotea, desembarque con prioridad , nombrando por asiento a quienes le pertenezca. Ayudaría a que nadie se levantará a los pasillos a no ser que fuera nombrado . También sugiero que la ubicación del aeropuerto de Asturias no se refleje como OVD ya que no se encuentra en esa localidad ."
VOE_0998,Volotea,Desconocido,Split,Toulouse,Europe,octubre de 2024,5,"Gran aerolínea, un montón de espacio para las piernas, tripulación amable, limpio y puntual. Me he unido a la mega volotea para conseguir mejores ofertas, ya que esta es ahora mi línea aérea para vuelos europeos"
VOE_0999,Volotea,Desconocido,Athens,Santorini,Domestic,octubre de 2024,5,"Excelente servicio al cliente y precios asequibles. Fue un minuto - larga reserva, que fue genial para nosotros. Por un costo adicional, tenemos agua a bordo y chips."
VOE_1000,Volotea,Desconocido,Oviedo,Alicante,Domestic,octubre de 2024,5,Como siempre un viaje perfecto tanto en este vuelo como en el anterior de ida. El equipo a bordo muy educado y amable. El despegue y aterrizaje impecable.
VOE_1001,Volotea,Desconocido,Faro,Lille,Europe,octubre de 2024,5,"Esta fue la primera vez que volamos con Volotea y fue genial! A tiempo, y la tripulación es muy amable. Lástima que no vuelen durante los meses de invierno."
VOE_1002,Volotea,Desconocido,Lyon,Bilbao,Europe,noviembre de 2024,5,"De todas las aerolíneas (y no sólo de bajo coste), mi experiencia con Volotea está siendo súper positiva. Puntualidad excelente, súper eficaces en el embarque tanto en la puerta como en el avión, precios muy competitivos... y te dejan subir maleta en cabina gratis. Hoy hemos llegado 25 minutos antes de la hora... El otro día hubo niebla y no se podía aterrizar en Bilbao. Nos desviamos a Santander, pero nos tuvieron informados en todo momento, en primera persona por parte del comandante. Tras solucionarlo, y pese a ser emergencia meteorológica, nos compensaron con 30 euros en bonos de descuento. Lo recomiendo sin dudar. Lástima que la conexión Bilbao - Lyon no dure todo el año!"
VOE_1003,Volotea,Desconocido,Athens,Bilbao,Europe,octubre de 2024,1,"Me perdieron la silla de la niña y al aparecer me indican que tengo que ir a Bilbao a vuscarla, les pido por favor que me la envíen al aeropuerto de Santander, puesto que somos de Cantabria, y me sugieren que contrate a mi cargo un servicio de entrega. ¿Por qué tengo que pagar yo por sus errores? Una vergüenza y una desfachatez."
VOE_1004,Volotea,Desconocido,Oviedo,Alicante,Domestic,octubre de 2024,5,"Todo muy bien en general, puntual. Lo único que encontré un poco lento fué la facturaciónde la maleta y luego que la zona de embarque en el aeropuerto de Asturias es demasiado pequeña y da un poco de agobio."
VOE_1005,Volotea,Desconocido,Barcelona,Oviedo,Domestic,octubre de 2024,4,El personal muy amable. Fueron puntuales. Llegamos minutos antes de lo previsto. Muy buena atención a bordo. Buena compañía. Deberian incrementar las rutas dentro de España.
VOE_1006,Volotea,Desconocido,Toulouse,Split,Europe,octubre de 2024,5,El proceso de embarque fue sencillo en ambos sentidos. No conseguimos comida así que no puedo calificar eso. Los asientos eran cómodos. No sturm und drang.
VOE_1007,Volotea,Desconocido,Barcelona,Oviedo,Domestic,noviembre de 2024,1,"Lamentable, estoy a menos de 3 horas de que salga el vuelo y no me dejan hacer check-in gratuito, me obligan a pagar al menos 26 euros por un asiento...una pena y estafa"
VOE_1008,Volotea,Desconocido,London,Strasbourg,Europe,octubre de 2024,5,Muy buen viaje con Volotae. Aviones a tiempo hacia el exterior y regreso. Personal amable y servicial. El check-in en el aeropuerto era lo único que cambiaría - mucho más rápido en línea.
VOE_1009,Volotea,Desconocido,Bilbao,Seville,Domestic,noviembre de 2024,1,"Fatal. Ahora nueva tecnica para sacar mas dinero. Si no quieres pagar por el asiento porque prefieres la asignación Aleatoria, tienes que ir al mostrador. No se puede obtener 24 horas antes el checkin. A las 5.30 de la mañana, el aeropuerto de Bilbao no esta abierto, luego a esperar..... o pagar. Luego, con la hoja de reclamaciones en la mano, vendrán pidiendo disculpas... y dicen ser una aerolínea de bajo coste premiada!!!"
VOE_1010,Volotea,Desconocido,Athens,Mykonos,Domestic,octubre de 2024,5,"Fue un vuelo muy agradable, sin duda volvería a volar con Volotea. Los Asientos son muy cómodos al menos en clase Económica respecto a , y el Proceso de Embarque fue muy organizado"
VOE_1011,Volotea,Desconocido,Oviedo,Malaga,Domestic,noviembre de 2024,1,Personal de acceso al avión sin sensibilidad a personas con movilidad reducida. Trato absolutamente inapropiado para una persona con 78% de discapacidad y para el resto de pasajeros.
VOE_1012,Volotea,Desconocido,Bilbao,Seville,Domestic,noviembre de 2024,1,Nos retrasaron el horario del vuelo 8 horas. El avión es claustrofóbico. Además realicé una reserva de coche a través de la página de VOLOTEA y cuando llegué a destino me encontré que no había ninguna reserva.
VOE_1013,Volotea,Desconocido,Heraklion,Lyon,Europe,noviembre de 2024,1,Tuvimos que hacer el check-in en la recepción por 60 € a pesar de que ya nos habíamos registrado en Internet y recibido nuestra tarjeta de embarque.
VOE_1014,Volotea,Desconocido,Malaga,La Coruna,Domestic,noviembre de 2024,4,"Todo correcto, el personal muy atento, fue todo puntual, embarque rápido. Lo único el asiento que me tocó un poco justo para mi altura."
VOE_1015,Volotea,Desconocido,Verona,Madrid,Europe,noviembre de 2024,1,"Horrible compañía. Al reservar un vuelo con ellos te cobran 60 euros de suscripción a los 15 días de haber adquirido el vuelo y lo peor de todo, sin tu consentimiento."
VOE_1016,Volotea,Desconocido,Lille,Lanzarote,Europe,octubre de 2024,5,"Tuve un viaje perfecto de Lille a Lanzarote. El personal era amable y manejado muy bien. Entretenimiento a bordo disponible en su dispositivo electrónico, mucha elección en varios idiomas."
